Titre,Prix,Lien,Image,DerniereVue,Description
Appartement 88 m2 Lyon 1,1 072 € CC*,https://www.paruvendu.fr/immobilier/location/appartement/1288273561A1KILHAP000,,2026-09-24,
Appartement 53 m2 Lyon 6,1 216 € CC*,https://www.paruvendu.fr/immobilier/location/appartement/1288503858A1KILHAP000,,2026-09-24,
Appartement 92 m2 Lyon 1,2 100 € CC*,https://www.paruvendu.fr/immobilier/location/appartement/1287399659A1KILHAP000,,2026-09-24,
Appartement 61 m2 Lyon 3,1 556 € CC*,https://www.paruvendu.fr/immobilier/location/appartement/1287750326A1KILHAP000,,2026-09-24,
Appartement 214 m2 Lyon 9,2 995 € CC*,https://www.paruvendu.fr/immobilier/location/appartement/1287526181A1KILHAP000,,2026-09-24,"Découvrez cet appartement spacieux de 213,95 m², rénové en 2025. Avec 5 chambres, 2 salles de bains et une terrasse de 23 m², il offre luxe et confort pour les familles et les amateurs de belles réceptions, tout en étant proche des commodités. Appartement de Grand Standing - 213,95 m² - 5 Chambres - Terrasse de 23 m² Découvrez cet appartement de grand standing, récemment rénové en 2025, offrant un espace de vie spacieux et lumineux de 213,95 m². Situé au calme cet appartement allie luxe et confort pour une vie élégante et sereine. Avec ses 5 chambres, 2 salles de bains et 1 salle d'eau, cet appartement est parfait pour les familles ou ceux qui aiment recevoir. La terrasse de 23 m² est un véritable havre de paix. L'appartement est en excellent état, avec des parties communes bien entretenues. Il est non meublé, vous permettant de personnaliser chaque espace selon vos goûts et vos besoins. Cet appartement est situé à proximité de toutes les commodités. Vous trouverez des écoles, des restaurants, des parcs et des transports en commun à quelques minutes de marche. Les stations de bus sont à 5 minutes à pied, les stations de métro à 15 minutes à pied, et les stations de tramway à 10 minutes en voiture. En complément vous trouverez un garage de 44 m². Charges comprenant l'entretien des parties communes, la fibre, l'entretien de la chaudière et la TEOM. Accès facile à l'autoroute. Disponible dès aujourd'hui. Dépôt de garantie 1 mois de Loyer HC. Loyer de référence majoré: 2567.40€ - Complément de loyer: 282.6 € comprenant le garage et le patio extérieur. Honoraires agence 2 850€ TTC OU 1 mois de loyer HC en cas de bail de droit commun (Visites, étude de dossiers, rédaction du bail + État des lieux d'entrée). DPE : D ET C.. Veuillez me contacter au 06 X 79 X 06 X 03 X 83. . Honoraires de 2 567,40 € TTC à la charge du locataire comprenant 427,90 € TTC pour l'état des lieux. Zone soumise à encadrement des loyers. Loyer de référence majoré (loyer de base à ne pas dépasser) 2567.40 €/mois. Loyer de base 2567.40 €/mois. Provision sur charges 134,36 €/mois, régularisation annuelle. Complément de loyer 282,60 €/mois. Dépôt de garantie 2 850 €. Classe énergie D, Classe climat C Montant estimé des dépenses annuelles d'énergie pour un usage standard : entre 3160.00 € et 4350.00 € sur les années 2021, 2022 et 2023 (abonnements compris). Les informations sur les risques auxquels ce bien est exposé sont disponibles sur le site Géorisques : georisques.gouv.fr. CC TTC Rente mensuelle : 0.00 euros. Numéro de mandat : 6573 Lieu : Rhône (69)"
Appartement 50 m2 Lyon 6,1 170 € CC*,https://www.paruvendu.fr/immobilier/location/appartement/1274674751A1KILHAP000,,2026-09-24,"Cet appartement meublé de charme de 50 m² à Lyon 6e offre un confort inégalé avec sa mezzanine, son salon lumineux et son charme ancien. Parfait pour ceux en mobilité professionnelle ou étudiant, il est à deux pas du métro Masséna. Appartement meublé de charme - Lyon 6e - Métro Masséna Bel appartement meublé de 50 m² avec mezzanine de 15 m², situé au 4e étage avec ascenseur, à seulement 5 minutes à pied du métro Masséna dans le très recherché 6e arrondissement de Lyon. Ses atouts : * Très calme et lumineux * Aucun vis-à-vis * Charme de l'ancien avec plafond à la française * Porte blindée et interphone Pièce de vie : * Salon confortable avec canapé convertible équipé d'un matelas de 17 cm * Table et chaises * Téléviseur Smart TV LED Hitachi 43 pouces Espace nuit : * Chambre en mezzanine * Grand lit avec matelas Bultex haut de gamme, particulièrement confortable Cuisine entièrement équipée : * Électroménager récent * Machine à café Nespresso Vertuo * Nombreux rangements Salle de bain : * Douche et baignoire * WC Confort : * Double vitrage * Chauffage électrique Informations complémentaires : * Eau, électricité et internet non compris * Locations de courte durée possibles Idéal pour étudiant, jeune actif ou personne en mobilité professionnelle recherchant un logement confortable dans un quartier prisé de Lyon. Lieu : Rhône (69)"
Appartement 31 m2 Lyon 3,580 € CC*,https://www.paruvendu.fr/immobilier/location/appartement/1287757139A1KILHAP000,,2026-09-24,"LYON 3 e métro Sans Souci, rue Paul Sysley, beau T1 de 31 m2 premier étage ascenseur composé de entrée avec placard, un séjour coin cuisine, une salle de bain avec WC, le chauffage est assuré par convecteurs et l'eau chaude par cumulus. libre de suite, Loyer 540 € + Charges 40 € honoraires 403 € AFTIL LYON PHOTOS EN COURS Disponible immédiatement Adresse : rue Paul Sysley, Lyon, Rhône (69)"
Appartement 31 m2 Lyon 3,500 € CC*,https://www.paruvendu.fr/immobilier/location/appartement/1295641036A1KILHAP000,https://img.paruvendu.fr/_static_/2026092408/communfo/img/sitemobile/transparent_1x1.png,2026-09-24,
Appartement 135 m2 Lyon 9,1 900 € CC*,https://www.paruvendu.fr/immobilier/location/appartement/1295221959A1KILHAP000,https://img.paruvendu.fr/media_ext/box.ics.fr/27/4d/L2NpdF9DSVRZQV9CQVJJT1pfdGljL2xvY2F0aW9uL3Bob3RvL2ZpbGlncmFuZS00Nl9RdWFpX0pheXJfNjkwMDlfMS0zNDEwMzc5MTAzMDk0NjExMDI4LmpwZz8yMDI2MDkxODExNTMyNA_rct?func=crop&w=320&gravity=auto,2026-09-24,
Appartement 47 m2 Lyon 1,1 219 € CC*,https://www.paruvendu.fr/immobilier/location/appartement/1293689269A1KILHAP000,https://img.paruvendu.fr/media_ext/box.ics.fr/bb/2a/L2NpdF9DSVRZQV9CQVJJT1pfdGljL2xvY2F0aW9uL3Bob3RvL2ZpbGlncmFuZS1JTUdfODQxMS0xMzY5OTE3NzY4MTYwMzUzOTYwMS5qcGc_MjAyNjA5MDExMTUxMjg_rct?func=crop&w=320&gravity=auto,2026-09-24,
Appartement 72 m2 Lyon 3,969 € CC*,https://www.paruvendu.fr/immobilier/location/appartement/1294957698A1KILHAP000,https://img.paruvendu.fr/media_ext/box.ics.fr/bd/44/L2NpdF9DSVRZQV9CQVJJT1pfdGljL2xvY2F0aW9uL3Bob3RvL2ZpbGlncmFuZS1DYXB0dXJlX2RfY3Jhbl8yMDI2LTA5LTAxXzA5MTcxNS01NjExMDQxMjY1MTk1NTc4NTcwLmpwZz8yMDI2MDkwMzIwMTY0OA_rct?func=crop&w=320&gravity=auto,2026-09-24,
Appartement 40 m2 Lyon 1,767 € CC*,https://www.paruvendu.fr/immobilier/location/appartement/1294957697A1KILHAP000,https://img.paruvendu.fr/media_ext/box.ics.fr/7d/5c/L2NpdF9DSVRZQV9CQVJJT1pfdGljL2xvY2F0aW9uL3Bob3RvL2ZpbGlncmFuZS1jYW1pZnJhLXRyY2F1eF8wMDAwOS0xMDQzMDQ4NzU5MjYzNDc3NzgxLmpwZz8yMDI2MDkwMzIwMTY0OA_rct?func=crop&w=320&gravity=auto,2026-09-24,
Appartement 23 m2 Lyon 6,640 € CC*,https://www.paruvendu.fr/immobilier/location/appartement/1295648355A1KILHAP000,https://img.paruvendu.fr/media_ext/_https_/www.allyoucanpost.com/5d/68/L2FkLXBpY3R1cmUvNmFiNTBhYWM2NmMyODc3ODMzMDRhYTE2L3BpY3R1cmUtMC5qcGc_dHM9MTc5MDI0OTY0NCYyMDI2MDkyNDIwMTc0OQ_rct?func=crop&w=320&gravity=auto,2026-09-24,
Appartement 12 m2 Lyon 5,600 € CC*,https://www.paruvendu.fr/immobilier/location/appartement/1295648357A1KILHAP000,https://img.paruvendu.fr/media_ext/_https_/www.allyoucanpost.com/13/72/L2FkLXBpY3R1cmUvNmFiNTBhYWU2NmMyODc3ODMzMDRhYTFiL3BpY3R1cmUtMC5qcGc_dHM9MTc5MDI0OTY0NiYyMDI2MDkyNDIwMTc0OQ_rct?func=crop&w=320&gravity=auto,2026-09-24,
Appartement 40 m2 Lyon 1,947 € CC*,https://www.paruvendu.fr/immobilier/location/appartement/1295648169A1KILHAP000,https://img.paruvendu.fr/media_ext/_https_/www.allyoucanpost.com/51/70/L2FkLXBpY3R1cmUvNmFiNTBhMGU0NmExZjM2YTYxMDAxNGIzL3BpY3R1cmUtMC5qcGc_dHM9MTc5MDI0OTQ4NiYyMDI2MDkyNDIwMTc0Nw_rct?func=crop&w=320&gravity=auto,2026-09-24,
Appartement 23 m2 Lyon 3,696 € CC*,https://www.paruvendu.fr/immobilier/location/appartement/1295642027A1KILHAP000,https://img.paruvendu.fr/media_ext/_https_/photos.ubiflow.net/9b/65/LzY5MTQ5MS80MzAxMzc4NjMvcGhvdG9zLzEuanBnPzIwMjYwOTI0MjAxNjQy_rct?func=crop&w=320&gravity=auto,2026-09-24,
Appartement 40 m2 Lyon 8,822 € CC*,https://www.paruvendu.fr/immobilier/location/appartement/1295642026A1KILHAP000,https://img.paruvendu.fr/media_ext/_https_/photos.ubiflow.net/e6/7e/LzY5MTQ5MS80NjkxNzY3NTUvcGhvdG9zLzEuanBnPzIwMjYwOTI0MjAxNjQy_rct?func=crop&w=320&gravity=auto,2026-09-24,
Appartement 78 m2 Lyon 7,1 000 € CC*,https://www.paruvendu.fr/immobilier/location/appartement/1295397617A1KILHAP000,https://img.paruvendu.fr/media_ext/box.ics.fr/0f/ff/L2NpdF9DSVRZQV9WRU5ET01FTFVNSUVSRV90aWMvbG9jYXRpb24vcGhvdG8vZmlsaWdyYW5lLTQtLTE2MjY5NDI2Mjk3NDA0NzUzMzY0LmpwZz8yMDI2MDkyNDExNTEyNA_rct?func=crop&w=320&gravity=auto,2026-09-24,
Appartement 43 m2 Lyon 6,914 € CC*,https://www.paruvendu.fr/immobilier/location/appartement/1295640751A1KILHAP000,https://img.paruvendu.fr/media_ext/box.ics.fr/7c/0b/L2NpdF9DSVRZQV9CT1VSR1VJR05PTl90aWMvbG9jYXRpb24vcGhvdG8vZmlsaWdyYW5lLVNhbG9uLTgwNjU4NjAzNjk0ODMxODAzNjYuanBnPzIwMjYwOTI0MjAxNjM3_rct?func=crop&w=320&gravity=auto,2026-09-24,
Appartement 35 m2 Lyon 7,672 € CC*,https://www.paruvendu.fr/immobilier/location/appartement/1295640750A1KILHAP000,https://img.paruvendu.fr/media_ext/box.ics.fr/b8/a5/L2NpdF9DSVRZQV9WRU5ET01FTFVNSUVSRV90aWMvbG9jYXRpb24vcGhvdG8vZmlsaWdyYW5lLWR0aGZkLTY2MDcyMDM1MjI3MzA1NjU2ODIuanBnPzIwMjYwOTI0MjAxNjM3_rct?func=crop&w=320&gravity=auto,2026-09-24,
Appartement 48 m2 Lyon 8,700 € CC*,https://www.paruvendu.fr/immobilier/location/appartement/1295640747A1KILHAP000,https://img.paruvendu.fr/media_ext/box.ics.fr/d8/14/L2NpdF9DSVRZQV9CQVJJT1pfdGljL2xvY2F0aW9uL3Bob3RvL2ZpbGlncmFuZS1waV9jZV9kZV92aWUtMTYxMjA4NjE2NzA4NTE0ODgxNi5qcGc_MjAyNjA5MjQyMDE2Mzc_rct?func=crop&w=320&gravity=auto,2026-09-24,
Appartement 78 m2 Lyon 6,1 305 € CC*,https://www.paruvendu.fr/immobilier/location/appartement/1295640749A1KILHAP000,https://img.paruvendu.fr/media_ext/box.ics.fr/dc/89/L2NpdF9DSVRZQV9CQVJJT1pfdGljL2xvY2F0aW9uL3Bob3RvL2ZpbGlncmFuZS1pbWFnZTAwMDExLTcxNjczMDk1OTM1NTUxMDcwMjIuanBnPzIwMjYwOTI0MjAxNjM3_rct?func=crop&w=320&gravity=auto,2026-09-24,
Appartement 32 m2 Lyon 3,569 € CC*,https://www.paruvendu.fr/immobilier/location/appartement/1295640746A1KILHAP000,https://img.paruvendu.fr/media_ext/box.ics.fr/89/a4/L2NpdF9DSVRZQV9CQVJJT1pfdGljL2xvY2F0aW9uL3Bob3RvL2ZpbGlncmFuZS1DYXB0dXJlX2RfY3Jhbl8yMDI2LTA5LTIzXzE1MjQ0NS04MDg3MzQxMjMwNzc4OTQxMzYuanBnPzIwMjYwOTI0MjAxNjM3_rct?func=crop&w=320&gravity=auto,2026-09-24,
Appartement 32 m2 Lyon 8,630 € CC*,https://www.paruvendu.fr/immobilier/location/appartement/1295640748A1KILHAP000,https://img.paruvendu.fr/media_ext/box.ics.fr/06/a8/L2NpdF9DSVRZQV9CQVJJT1pfdGljL2xvY2F0aW9uL3Bob3RvL2ZpbGlncmFuZS1DYXB0dXJlX2RfY3Jhbl8yMDI2LTA5LTIzXzE1MDAwMy05NDY2OTIwNjA5NjI3NTc1NDUxLmpwZz8yMDI2MDkyNDIwMTYzNw_rct?func=crop&w=320&gravity=auto,2026-09-24,
Appartement 37 m2 Lyon 7,1 080 € CC*,https://www.paruvendu.fr/immobilier/location/appartement/1289248868A1KILHAP000,https://img.paruvendu.fr/media_ext/box.ics.fr/58/58/L2NpdF9DSVRZQV9CQVJJT1pfdGljL2xvY2F0aW9uL3Bob3RvL2ZpbGlncmFuZS02OTAwN18wMDAwOS0xNTU5MDM2ODgxNDQ0OTA2NzIyOS5qcGc_MjAyNjA5MTIwNTE1MDQ_rct?func=crop&w=320&gravity=auto,2026-09-24,
Appartement 18 m2 Lyon 7,550 € CC*,https://www.paruvendu.fr/immobilier/location/appartement/1295638086A1KILHAP000,https://img.paruvendu.fr/media_ext/_https_/www.allyoucanpost.com/61/7b/L2FkLXBpY3R1cmUvNmFiNGFmNTFkMThiMTBkNWVmMGI5MWRlL3BpY3R1cmUtMC5qcGc_dHM9MTc5MDIyNjI1NyYyMDI2MDkyNDExMTc0MA_rct?func=crop&w=320&gravity=auto,2026-09-24,
Appartement 32 m2 Lyon 8,630 € CC*,https://www.paruvendu.fr/immobilier/location/appartement/1295638085A1KILHAP000,https://img.paruvendu.fr/media_ext/_https_/www.allyoucanpost.com/87/0b/L2FkLXBpY3R1cmUvNmFiNGFmNTFiNTFiMTc0YmI3MDljODc0L3BpY3R1cmUtMC5qcGc_dHM9MTc5MDIyNjI1NyYyMDI2MDkyNDExMTc0MA_rct?func=crop&w=320&gravity=auto,2026-09-24,
Appartement 18 m2 Lyon 2,655 € CC*,https://www.paruvendu.fr/immobilier/location/appartement/1295638068A1KILHAP000,https://img.paruvendu.fr/media_ext/_https_/www.allyoucanpost.com/8b/1c/L2FkLXBpY3R1cmUvNmFiNGFmNDNiNTFiMTc0YmI3MDljODRjL3BpY3R1cmUtMC5qcGc_dHM9MTc5MDIyNjI0MyYyMDI2MDkyNDExMTc0MA_rct?func=crop&w=320&gravity=auto,2026-09-24,
Appartement 55 m2 Lyon 1,1 120 € CC*,https://www.paruvendu.fr/immobilier/location/appartement/1295638025A1KILHAP000,https://img.paruvendu.fr/media_ext/_https_/www.allyoucanpost.com/97/d1/L2FkLXBpY3R1cmUvNmFiNGFmMjBkMThiMTBkNWVmMGI5MTQ4L3BpY3R1cmUtMC5qcGc_dHM9MTc5MDIyNjIwOCYyMDI2MDkyNDExMTc0MA_rct?func=crop&w=320&gravity=auto,2026-09-24,
Appartement 60 m2 Lyon 8,1 120 € CC*,https://www.paruvendu.fr/immobilier/location/appartement/1295637943A1KILHAP000,https://img.paruvendu.fr/media_ext/_https_/www.allyoucanpost.com/d0/5c/L2FkLXBpY3R1cmUvNmFiNGFlZGJkNDc0YmFmMDA3MDUwNDMwL3BpY3R1cmUtMC5qcGc_dHM9MTc5MDIyNjEzOSYyMDI2MDkyNDExMTczOA_rct?func=crop&w=320&gravity=auto,2026-09-24,
Appartement 12 m2 Lyon 3,495 € CC*,https://www.paruvendu.fr/immobilier/location/appartement/1295637924A1KILHAP000,https://img.paruvendu.fr/media_ext/_https_/www.allyoucanpost.com/5e/16/L2FkLXBpY3R1cmUvNmFiNGFlY2NkNDc0YmFmMDA3MDUwNDAzL3BpY3R1cmUtMC5qcGc_dHM9MTc5MDIyNjEyNCYyMDI2MDkyNDExMTczOA_rct?func=crop&w=320&gravity=auto,2026-09-24,
Appartement 19 m2 Lyon 8,1 200 € CC*,https://www.paruvendu.fr/immobilier/location/appartement/1295637887A1KILHAP000,https://img.paruvendu.fr/media_ext/_https_/www.allyoucanpost.com/4d/9b/L2FkLXBpY3R1cmUvNmFiNGFlYWQ1YzNlMzhlMjhmMDY2ZTFiL3BpY3R1cmUtMC5qcGc_dHM9MTc5MDIyNjA5MyYyMDI2MDkyNDExMTczNw_rct?func=crop&w=320&gravity=auto,2026-09-24,
Appartement 28 m2 Lyon 8,720 € CC*,https://www.paruvendu.fr/immobilier/location/appartement/1295558228A1KILHAP000,https://media.paruvendu.fr/media_ext/_https_/media.paruvendu.fr/45/73/L3ByZXByb2QvV0kxNy83LzkvV0kxNzc5NjE5MDFfMS5qcGVnPzIwMjYwOTI0MDgyMjE2_sizecrop_320x280?20260924082216,2026-09-24,
Appartement 26 m2 Lyon 3,666 € CC*,https://www.paruvendu.fr/immobilier/location/appartement/1289405920A1KILHAP000,https://img.paruvendu.fr/media_ext/box.ics.fr/db/1d/L2NpdF9DSVRZQV9CQVJJT1pfdGljL2xvY2F0aW9uL3Bob3RvL2ZpbGlncmFuZS0yLS0xNjY3NTYxMTQ1MDk0ODY4NzU2LmpwZz8yMDI2MDkxNzA1MTUwNg_rct?func=crop&w=320&gravity=auto,2026-09-24,
Appartement 97 m2 Lyon 3,1 390 € CC*,https://www.paruvendu.fr/immobilier/location/appartement/1291835876A1KILHAP000,https://img.paruvendu.fr/media_ext/box.ics.fr/75/de/L2NpdF9DSVRZQV9CT1VSR1VJR05PTl90aWMvbG9jYXRpb24vcGhvdG8vZmlsaWdyYW5lLTItLTE5ODYxNzA4Mjk0ODEzODYyMzUuanBnPzIwMjYwOTA1MTE0ODA4_rct?func=crop&w=320&gravity=auto,2026-09-24,
Appartement 87 m2 Lyon 9,1 400 € CC*,https://www.paruvendu.fr/immobilier/location/appartement/1295627979A1KILHAP000,https://img.paruvendu.fr/media_ext/rapin-immo.staticlbi.com/03/16/L3dhL2ltYWdlcy9iaWVucy8xLzcwNWRmY2FjZWRhNGFkM2Q1MDBlYzgwYThmZGU2MDczL3Bob3RvXzQ2NTAyMTI3ZTgwYmI5OGJhYWViNzRmZDQ4YWYxMGYwLmpwZz8yMDI2MDkyMzIzMTc0MA_rct?func=crop&w=320&gravity=auto,2026-09-24,
Appartement 115 m2 Lyon 1,1 500 € CC*,https://www.paruvendu.fr/immobilier/location/appartement/1292464228A1KILHAP000,https://img.paruvendu.fr/_static_/2026092408/communfo/img/sitemobile/transparent_1x1.png,2026-09-24,
Appartement 69 m2 Lyon 3,921 € CC*,https://www.paruvendu.fr/immobilier/location/appartement/1294156245A1KILHAP000,https://img.paruvendu.fr/media_ext/box.ics.fr/5b/44/L2NpdF9DSVRZQV9CQVJJT1pfdGljL2xvY2F0aW9uL3Bob3RvL2ZpbGlncmFuZS00LXJ1ZS1zYWludC1tYXhpbWluXzAwMDA4LTEyOTU4NzMxOTEyNjY2MTQwNDM5LmpwZz8yMDI2MDkxMzExNDkyNw_rct?func=crop&w=320&gravity=auto,2026-09-24,
Appartement 110 m2 Lyon 2,1 616 € CC*,https://www.paruvendu.fr/immobilier/location/appartement/1294918184A1KILHAP000,https://img.paruvendu.fr/media_ext/box.ics.fr/62/4b/L2NpdF9DSVRZQV9WRU5ET01FTFVNSUVSRV90aWMvbG9jYXRpb24vcGhvdG8vZmlsaWdyYW5lLWltYWdlMDAwMDEtNjY1OTg0NDcyOTk5MTkyMzc3Mi5qcGc_MjAyNjA5MDQxMTUxMzg_rct?func=crop&w=320&gravity=auto,2026-09-24,
Appartement 116 m2 Lyon 5,1 864 € CC*,https://www.paruvendu.fr/immobilier/location/appartement/1295176873A1KILHAP000,https://img.paruvendu.fr/media_ext/box.ics.fr/62/9d/L2NpdF9DSVRZQV9WRU5ET01FTFVNSUVSRV90aWMvbG9jYXRpb24vcGhvdG8vZmlsaWdyYW5lLUlNR18zNDU1XzEtMjM3NTczMDQwODQxMjE5NjY3NC5qcGc_MjAyNjA5MDkyMDE2Mzc_rct?func=crop&w=320&gravity=auto,2026-09-24,
Appartement 63 m2 Lyon 9,955 € CC*,https://www.paruvendu.fr/immobilier/location/appartement/1292895560A1KILHAP000,https://img.paruvendu.fr/media_ext/box.ics.fr/a7/0c/L2NpdF9DSVRZQV9SRUdJRUNFTEVTVElOUzJfdGljL2xvY2F0aW9uL3Bob3RvL2ZpbGlncmFuZS1JTUdfMzEzMy0xMDAzOTg2NzM5NzMwODc5MzM4My5qcGc_MjAyNjA5MTAxMTQyMzk_rct?func=crop&w=320&gravity=auto,2026-09-24,
Appartement 46 m2 Lyon 8,910 € CC*,https://www.paruvendu.fr/immobilier/location/appartement/1295613372A1KILHAP000,https://img.paruvendu.fr/media_ext/_https_/photos.ubiflow.net/7a/4b/LzY5MTQ5MS80NTA5NzkzODUvcGhvdG9zLzEuanBnPzIwMjYwOTIzMjAxODAw_rct?func=crop&w=320&gravity=auto,2026-09-24,
Appartement 86 m2 Lyon 8,1 350 € CC*,https://www.paruvendu.fr/immobilier/location/appartement/1295613360A1KILHAP000,https://img.paruvendu.fr/media_ext/_https_/img.netty.immo/86/29/L3Byb2R1Y3Rjdy9jb21wYW55MzkxOTN6eHkvMi9MQTc3NDc4LzE3OTAxNTIxNzI1X0xBNzc0NzhfNF9vcmlnaW5hbC5qcGc_MjAyNjA5MjMyMDE4MDA_rct?func=crop&w=320&gravity=auto,2026-09-24,
Appartement 12 m2 Lyon 2,500 € CC*,https://www.paruvendu.fr/immobilier/location/appartement/1295613270A1KILHAP000,https://img.paruvendu.fr/media_ext/_https_/photos.ubiflow.net/85/56/LzU2MjA4Ni81NTA5OTU4NjYvcGhvdG9zLzEuanBnPzIwMjYwOTIzMjAxNzU5_rct?func=crop&w=320&gravity=auto,2026-09-24,
Appartement 132 m2 Lyon 4,1 990 € CC*,https://www.paruvendu.fr/immobilier/location/appartement/1293878778A1KILHAP000,https://img.paruvendu.fr/media_ext/box.ics.fr/d3/62/L2NpdF9DSVRZQV9CT1VSR1VJR05PTl90aWMvbG9jYXRpb24vcGhvdG8vZmlsaWdyYW5lLUlNR18xMTQxLTc5NDU5NzUzNTk3MjEzNzgzMjcuanBnPzIwMjYwOTI0MTE1MTI3_rct?func=crop&w=320&gravity=auto,2026-09-24,
Appartement 60 m2 Lyon 8,964 € CC*,https://www.paruvendu.fr/immobilier/location/appartement/1295397615A1KILHAP000,https://img.paruvendu.fr/media_ext/box.ics.fr/47/be/L2NpdF9DSVRZQV9WRU5ET01FTFVNSUVSRV90aWMvbG9jYXRpb24vcGhvdG8vZmlsaWdyYW5lLTcwRDYyOTZELUJEM0UtNDQ5MS1COTVDLTU3MzA3QjNEM0JEOS05MjEzNzk3NTc1MjcwOTk3MTU5LmpwZz8yMDI2MDkxODExNTMzMA_rct?func=crop&w=320&gravity=auto,2026-09-24,
Appartement 96 m2 Lyon 2,1 686 € CC*,https://www.paruvendu.fr/immobilier/location/appartement/1295397612A1KILHAP000,https://img.paruvendu.fr/media_ext/box.ics.fr/ad/dd/L2NpdF9DSVRZQV9CQVJJT1pfdGljL2xvY2F0aW9uL3Bob3RvL2ZpbGlncmFuZS01MC1icmVzdC1leC1yb2NhcmRfMDAwMDEtOTI3MTYxOTY0OTY2NzY1MTU0OC5qcGc_MjAyNjA5MTgxMTUzMjQ_rct?func=crop&w=320&gravity=auto,2026-09-24,
Appartement 84 m2 Lyon 2,1 825 € CC*,https://www.paruvendu.fr/immobilier/location/appartement/1295397609A1KILHAP000,https://img.paruvendu.fr/media_ext/box.ics.fr/fd/07/L2NpdF9DSVRZQV9CQVJJT1pfdGljL2xvY2F0aW9uL3Bob3RvL2ZpbGlncmFuZS0yNl9xdWFpX1N0X0FudG9pbmVfMTAtNDcyNTM2MjczOTU2MTc1MTI3MS5qcGc_MjAyNjA5MTYyMDE3MjU_rct?func=crop&w=320&gravity=auto,2026-09-24,
Appartement 19 m2 Lyon 6,396 € CC*,https://www.paruvendu.fr/immobilier/location/appartement/1295613010A1KILHAP000,https://img.paruvendu.fr/media_ext/_https_/media.paruvendu.fr/5c/8a/L21lZGlhLXBhLzk5MjYvNi81Lzk5MjY2NTc3MTJfMS5KUEc_MjAyNjA5MjMxNDM3MDA_rct?func=crop&w=320&gravity=auto,2026-09-24,
Appartement 66 m2 Lyon 5,985 € CC*,https://www.paruvendu.fr/immobilier/location/appartement/1292228116A1KILHAP000,https://img.paruvendu.fr/media_ext/box.ics.fr/7b/20/L2NpdF9DSVRZQV9CT1VSR0VOQlJFU1NFX3RpYy9sb2NhdGlvbi9waG90by9maWxpZ3JhbmUtcGhvdG9fc2Vqb3VyLTE3NjM4OTE3MTQzNTUwMjAzNjgwLmpwZz8yMDI2MDkyMzExNDgyNw_rct?func=crop&w=320&gravity=auto,2026-09-24,
Appartement 59 m2 Lyon 3,946 € CC*,https://www.paruvendu.fr/immobilier/location/appartement/1295397611A1KILHAP000,https://img.paruvendu.fr/media_ext/box.ics.fr/74/40/L2NpdF9DSVRZQV9CQVJJT1pfdGljL2xvY2F0aW9uL3Bob3RvL2ZpbGlncmFuZS1JTUdfODQ3OC0xNTc0NTc1NzMyMTg5NDg3MzQ2Ny5qcGc_MjAyNjA5MTgxMTUzMjQ_rct?func=crop&w=320&gravity=auto,2026-09-24,
Appartement 74 m2 Lyon 8,1 060 € CC*,https://www.paruvendu.fr/immobilier/location/appartement/1295397616A1KILHAP000,https://img.paruvendu.fr/media_ext/box.ics.fr/5d/ef/L2NpdF9DSVRZQV9WRU5ET01FTFVNSUVSRV90aWMvbG9jYXRpb24vcGhvdG8vZmlsaWdyYW5lLUU4ODMzODE1LUIzRTktNEJFQy04MUQyLUIxODBFM0Y3OEEyMC00NzY5NTc2NzgzNTEzMjkxNzQ5LmpwZz8yMDI2MDkxNjIwMTcyNQ_rct?func=crop&w=320&gravity=auto,2026-09-24,
Appartement 62 m2 Lyon 8,1 300 € CC*,https://www.paruvendu.fr/immobilier/location/appartement/1293634836A1KILHAP000,https://img.paruvendu.fr/media_ext/box.ics.fr/c2/2c/L2NpdF9DSVRZQV9CT1VSR1VJR05PTl90aWMvbG9jYXRpb24vcGhvdG8vZmlsaWdyYW5lLUlNR18xNjg2LTE2OTUwMjY3NTI1MTQ0OTI3NTY1LmpwZz8yMDI2MDkwMjExNTIyNA_rct?func=crop&w=320&gravity=auto,2026-09-24,
Appartement 20 m2 Lyon 7,567 € CC*,https://www.paruvendu.fr/immobilier/location/appartement/1295611418A1KILHAP000,https://img.paruvendu.fr/media_ext/box.ics.fr/da/ec/L2NpdF9DSVRZQV9CT1VSR1VJR05PTl90aWMvbG9jYXRpb24vcGhvdG8vZmlsaWdyYW5lLWEtLTkxMjU5NTEwMDM5MjY0NDg4MTkuanBnPzIwMjYwOTIzMjAxNzQ5_rct?func=crop&w=320&gravity=auto,2026-09-24,
Appartement 81 m2 Lyon 3,1 450 € CC*,https://www.paruvendu.fr/immobilier/location/appartement/1295611413A1KILHAP000,https://img.paruvendu.fr/media_ext/box.ics.fr/96/15/L2NpdF9DSVRZQV9WRU5ET01FTFVNSUVSRV90aWMvbG9jYXRpb24vcGhvdG8vZmlsaWdyYW5lLTEtLTE0MDUzNDUxNDA3NjY2NDkzMDY1LmpwZz8yMDI2MDkyNDExNTEyNA_rct?func=crop&w=320&gravity=auto,2026-09-24,
Appartement 54 m2 Lyon 7,761 € CC*,https://www.paruvendu.fr/immobilier/location/appartement/1295611412A1KILHAP000,https://img.paruvendu.fr/media_ext/box.ics.fr/fb/f2/L2NpdF9DSVRZQV9WRU5ET01FTFVNSUVSRV90aWMvbG9jYXRpb24vcGhvdG8vZmlsaWdyYW5lLTIyMy0xMjQxOTUzODYwNzkzNTcwNTU4Mi5qcGc_MjAyNjA5MjMyMDE3NDk_rct?func=crop&w=320&gravity=auto,2026-09-24,
Appartement 65 m2 Lyon 7,1 260 € CC*,https://www.paruvendu.fr/immobilier/location/appartement/1295610852A1KILHAP000,https://img.paruvendu.fr/media_ext/_https_/media.studio-net.fr/a0/52/L2JpZW5zLzMzODYyMTYwLzZhYjM5MTBiNzczNTc_MjAyNjA5MjQxMDA0MjI_rct?func=crop&w=320&gravity=auto,2026-09-24,
Appartement 23 m2 Lyon 8,550 € CC*,https://www.paruvendu.fr/immobilier/location/appartement/1295370865A1KILHAP000,https://img.paruvendu.fr/media_ext/_https_/photos.ubiflow.net/48/4f/LzU2MjA4Ni81NDk4MDEzOTUvcGhvdG9zLzEuanBnPzIwMjYwOTE5MTM0MTU3_rct?func=crop&w=320&gravity=auto,2026-09-24,
Appartement 43 m2 Lyon 9,775 € CC*,https://www.paruvendu.fr/immobilier/location/appartement/1295648115A1KILHAP000,https://img.paruvendu.fr/media_ext/_https_/www.allyoucanpost.com/e0/c7/L2FkLXBpY3R1cmUvNmFiNTA5ZTE5ZDFkNzU2NzZjMGEyMzBjL3BpY3R1cmUtMC5qcGc_dHM9MTc5MDI0OTQ0MSYyMDI2MDkyNDIwMTc0Nw_rct?func=crop&w=320&gravity=auto,2026-09-24,
Appartement 31 m2 Lyon 3,835 € CC*,https://www.paruvendu.fr/immobilier/location/appartement/1291790212A1KILHAP000,https://img.paruvendu.fr/media_ext/box.ics.fr/4b/a1/L2NpdF9DSVRZQV9CQVJJT1pfdGljL2xvY2F0aW9uL3Bob3RvL2ZpbGlncmFuZS1jaGFwb25uYXlfMDAwMDctMTExOTUyMTU4NjY5ODc4MzU1My5qcGc_MjAyNjA5MTUxMTUxMDE_rct?func=crop&w=320&gravity=auto,2026-09-24,
Appartement 59 m2 Lyon 2,1 215 € CC*,https://www.paruvendu.fr/immobilier/location/appartement/1289873219A1KILHAP000,https://img.paruvendu.fr/media_ext/box.ics.fr/a2/be/L2NpdF9DSVRZQV9CQVJJT1pfdGljL2xvY2F0aW9uL3Bob3RvL2ZpbGlncmFuZS12YXViZWNvdXJfMDAwMDUtNjI5ODg5ODkwMzEzNzkwODU3NS5qcGc_MjAyNjA5MTUxMTUxMDM_rct?func=crop&w=320&gravity=auto,2026-09-24,
Appartement 48 m2 Lyon 9,755 € CC*,https://www.paruvendu.fr/immobilier/location/appartement/1294126094A1KILHAP000,https://img.paruvendu.fr/media_ext/box.ics.fr/26/24/L2NpdF9DSVRZQV9CQVJJT1pfdGljL2xvY2F0aW9uL3Bob3RvL2ZpbGlncmFuZS1JTUdfODQ4MC0xMDY3MzUyMTY1MjcxNjI4MTYxNi5qcGc_MjAyNjA5MjQxMTUxMjI_rct?func=crop&w=320&gravity=auto,2026-09-24,
Appartement 49 m2 Lyon 1,867 € CC*,https://www.paruvendu.fr/immobilier/location/appartement/1295367570A1KILHAP000,https://img.paruvendu.fr/media_ext/box.ics.fr/3c/91/L2NpdF9DSVRZQV9CQVJJT1pfdGljL2xvY2F0aW9uL3Bob3RvL2ZpbGlncmFuZS1UMl81X3J1ZV9kZV9sYV92aWVpbGxlXzY5MDAxXzAxLTExNzc5Mjg0MDUyNDQxOTc4NDUxLmpwZz8yMDI2MDkxNTIwMTc1Mw_rct?func=crop&w=320&gravity=auto,2026-09-24,
Appartement 61 m2 Lyon 7,965 € CC*,https://www.paruvendu.fr/immobilier/location/appartement/1295367574A1KILHAP000,https://img.paruvendu.fr/media_ext/box.ics.fr/64/8c/L2NpdF9DSVRZQV9CT1VSR1VJR05PTl90aWMvbG9jYXRpb24vcGhvdG8vZmlsaWdyYW5lLUlNR18yODEyXzEtMjk0MjYwMzY4Njk3OTY0OTEwMS5qcGc_MjAyNjA5MTUyMDE3NTM_rct?func=crop&w=320&gravity=auto,2026-09-24,
Appartement 43 m2 Lyon 8,830 € CC*,https://www.paruvendu.fr/immobilier/location/appartement/1295582135A1KILHAP000,https://img.paruvendu.fr/media_ext/_https_/photos.ubiflow.net/58/4a/LzU2MjA4Ni81NTA4NDEyNDYvcGhvdG9zLzEuanBnPzIwMjYwOTIyMjAxNzMz_rct?func=crop&w=320&gravity=auto,2026-09-24,
Appartement 10 m2 Lyon 4,440 € CC*,https://www.paruvendu.fr/immobilier/location/appartement/1295582130A1KILHAP000,https://img.paruvendu.fr/media_ext/_https_/photos.ubiflow.net/10/c1/LzU2MjA4Ni81NTA4NDEyNTgvcGhvdG9zLzEuanBnPzIwMjYwOTI0MTMyNzA0_rct?func=crop&w=320&gravity=auto,2026-09-24,
Appartement 72 m2 Lyon 8,1 250 € CC*,https://www.paruvendu.fr/immobilier/location/appartement/1295582108A1KILHAP000,https://img.paruvendu.fr/_static_/2026092408/communfo/img/sitemobile/transparent_1x1.png,2026-09-24,
Appartement 47 m2 Lyon 5,980 € CC*,https://www.paruvendu.fr/immobilier/location/appartement/1295582105A1KILHAP000,https://img.paruvendu.fr/media_ext/_https_/photos.ubiflow.net/2d/8a/LzU2MjA4Ni81NTA4NDEyNzYvcGhvdG9zLzEuanBnPzIwMjYwOTI0MTMyNzAz_rct?func=crop&w=320&gravity=auto,2026-09-24,
Appartement 20 m2 Lyon 2,500 € CC*,https://www.paruvendu.fr/immobilier/location/appartement/1295582056A1KILHAP000,https://img.paruvendu.fr/media_ext/_https_/photos.ubiflow.net/80/55/LzU2MjA4Ni81NTA4NDExMzIvcGhvdG9zLzEuanBnPzIwMjYwOTIyMjAxNzMy_rct?func=crop&w=320&gravity=auto,2026-09-24,
Appartement 84 m2 Lyon 5,1 120 € CC*,https://www.paruvendu.fr/immobilier/location/appartement/1295367371A1KILHAP000,https://img.paruvendu.fr/media_ext/box.ics.fr/e2/e8/L2NpdF9DSVRZQV9HRVJJTU1PX3RpYy9sb2NhdGlvbi9waG90by9jb3VwY29ldXItZmlsaWdyYW5lLTEtLTEwNTEzOTg1NzI2MTI1Mjg2NDc3LmpwZz8yMDI2MDkyMjExMzY0NA_rct?func=crop&w=320&gravity=auto,2026-09-24,
Appartement 21 m2 Lyon 3,447 € CC*,https://www.paruvendu.fr/immobilier/location/appartement/1295367569A1KILHAP000,https://img.paruvendu.fr/media_ext/box.ics.fr/96/92/L2NpdF9DSVRZQV9CQVJJT1pfdGljL2xvY2F0aW9uL3Bob3RvL2ZpbGlncmFuZS1DYXB0dXJlX2RfY3Jhbl8yMDI2LTA4LTI3XzE2MzI0MS0zNjgzODIxODA0NDkxMDk5MDE3LmpwZz8yMDI2MDkxNTIwMTc1Mw_rct?func=crop&w=320&gravity=auto,2026-09-24,
Appartement 83 m2 Lyon 7,1 600 € CC*,https://www.paruvendu.fr/immobilier/location/appartement/1295367571A1KILHAP000,https://img.paruvendu.fr/media_ext/box.ics.fr/2f/a4/L2NpdF9DSVRZQV9CQVJJT1pfdGljL2xvY2F0aW9uL3Bob3RvL2ZpbGlncmFuZS1zYWludC1sYXphcmVfMDAwMDQtMTEyOTU1MTI0NTk3MDg3MTYxNDkuanBnPzIwMjYwOTE4MTE1MzI1_rct?func=crop&w=320&gravity=auto,2026-09-24,
Appartement 15 m2 Lyon 2,755 € CC*,https://www.paruvendu.fr/immobilier/location/appartement/1294109979A1KILHAP000,https://img.paruvendu.fr/media_ext/_https_/images.lesoft.fr/28/00/L19yb2JvdHMvZXhwb3J0L2ltYWdlcy81LzEwMjYvbG9jYXRpb24vcHJpbmNpcGFsZS8xMTA1MDUuanBnPzE3NzAyODE3OTkmMjAyNjA5MTgxMjE2MTE_rct?func=crop&w=320&gravity=auto,2026-09-24,
Appartement 77 m2 Lyon 7,1 424 € CC*,https://www.paruvendu.fr/immobilier/location/appartement/1294330888A1KILHAP000,https://img.paruvendu.fr/media_ext/box.ics.fr/a4/2a/L2NpdF9DSVRZQV9CT1VSR1VJR05PTl90aWMvbG9jYXRpb24vcGhvdG8vZmlsaWdyYW5lLTItLTcxMjE3MDY3MDc2Njg3OTAzODIuanBnPzIwMjYwOTI0MTE1MTI4_rct?func=crop&w=320&gravity=auto,2026-09-24,
Appartement 57 m2 Lyon 7,995 € CC*,https://www.paruvendu.fr/immobilier/location/appartement/1295579551A1KILHAP000,https://img.paruvendu.fr/media_ext/box.ics.fr/72/c4/L2NpdF9DSVRZQV9WRU5ET01FTFVNSUVSRV90aWMvbG9jYXRpb24vcGhvdG8vZmlsaWdyYW5lLUFMQ09WRS0xNzk2MzI2NDI2OTA0MTc0MzQ3Ny5qcGc_MjAyNjA5MjIyMDE3MjI_rct?func=crop&w=320&gravity=auto,2026-09-24,
Appartement 66 m2 Lyon 3,759 € CC*,https://www.paruvendu.fr/immobilier/location/appartement/1295579549A1KILHAP000,https://img.paruvendu.fr/media_ext/box.ics.fr/3a/87/L2NpdF9DSVRZQV9WRU5ET01FTFVNSUVSRV90aWMvbG9jYXRpb24vcGhvdG8vZmlsaWdyYW5lLUM3OUE3RUYxLUYyQzctNERGQy1BNzMyLTc0OEZGNEE5MUFCNy00OTAwNjg5ODExNzQwMTQ3NTE4LmpwZz8yMDI2MDkyMjIwMTcyMg_rct?func=crop&w=320&gravity=auto,2026-09-24,
Appartement 40 m2 Lyon 3,615 € CC*,https://www.paruvendu.fr/immobilier/location/appartement/1295579545A1KILHAP000,https://img.paruvendu.fr/media_ext/box.ics.fr/d6/50/L2NpdF9DSVRZQV9CQVJJT1pfdGljL2xvY2F0aW9uL3Bob3RvLzkwLWZpbGlncmFuZS1iYWxjb25fMS0xMDU4NzQ1NTAzMDA2NDM2NDIxLmpwZz8yMDI2MDkyMjIwMTcyMg_rct?func=crop&w=320&gravity=auto,2026-09-24,
Appartement 40 m2 Lyon 7,763 € CC*,https://www.paruvendu.fr/immobilier/location/appartement/1295579132A1KILHAP000,https://img.paruvendu.fr/media_ext/box.ics.fr/70/a4/L2NpdF9DSVRZQV9HQUxMSUNIRVRMRU1BSVRSRV90aWMvbG9jYXRpb24vcGhvdG8vZmlsaWdyYW5lLTMtLTMwNDQxMjg2MjIyOTA0NTYyMDguanBnPzIwMjYwOTIyMjAxNzEy_rct?func=crop&w=320&gravity=auto,2026-09-24,
Appartement 96 m2 Lyon 3,1 516 € CC*,https://www.paruvendu.fr/immobilier/location/appartement/1293409136A1KILHAP000,https://img.paruvendu.fr/media_ext/box.ics.fr/a3/1e/L2NpdF9DSVRZQV9WRU5ET01FTFVNSUVSRV90aWMvbG9jYXRpb24vcGhvdG8vZmlsaWdyYW5lLTYtLTEwNDU0NzU2MDIxMDk2NDc2ODYxLmpwZz8yMDI2MDkyMDA1MTUwNg_rct?func=crop&w=320&gravity=auto,2026-09-24,
Appartement 79 m2 Lyon 9,550 € CC*,https://www.paruvendu.fr/immobilier/location/appartement/1295465278A1KILHAP000,https://img.paruvendu.fr/media_ext/_https_/media.immo-facile.com/55/ab/L29mZmljZTEyL2luc3RhbnRpbW1vYmlsaWVyXzI0MDYyMC9jYXRhbG9nL2ltYWdlcy9wcl9wLzQvNC8zLzkvNS80LzcvNC80NDM5NTQ3NGEuanBnP0RBVEVNQUo9MzAvMDQvMjAyNS0wMDoxNDo1OCYyMDI2MDkxODA3MjE1MQ_rct?func=crop&w=320&gravity=auto,2026-09-24,
Appartement 40 m2 Lyon 7,1 030 € CC*,https://www.paruvendu.fr/immobilier/location/appartement/1295576890A1KILHAP000,https://img.paruvendu.fr/media_ext/_https_/media.studio-net.fr/38/ce/L2JpZW5zLzMzODU1MDYyLzZhYjIzNTQ3M2QzZGY_MjAyNjA5MjIxMTIzNTk_rct?func=crop&w=320&gravity=auto,2026-09-24,
Appartement 19 m2 Lyon 8,600 € CC*,https://www.paruvendu.fr/immobilier/location/appartement/1295576787A1KILHAP000,https://img.paruvendu.fr/media_ext/_https_/media.studio-net.fr/bd/6e/L2JpZW5zLzMzODU1MDU0LzZhYjIyZGQzNzUyOTk_MjAyNjA5MjQxMDA0MjM_rct?func=crop&w=320&gravity=auto,2026-09-24,
Appartement 81 m2 Lyon 5,1 137 € CC*,https://www.paruvendu.fr/immobilier/location/appartement/1295575711A1KILHAP000,https://img.paruvendu.fr/media_ext/_https_/media.immo-facile.com/dc/5a/L29mZmljZTExL2d1eWhvcXVldF9seW9uNS9jYXRhbG9nL2ltYWdlcy9wcl93ZWIvNy83LzcvNi84LzQvMC83Nzc2ODQwYS5qcGc_REFURU1BSj0yMS8wOS8yMDI2LTEwOjUxOjQ3JjIwMjYwOTIyMTEyMzUz_rct?func=crop&w=320&gravity=auto,2026-09-24,
Appartement 60 m2 Lyon 5,877 € CC*,https://www.paruvendu.fr/immobilier/location/appartement/1295575710A1KILHAP000,https://img.paruvendu.fr/media_ext/_https_/media.immo-facile.com/96/ed/L29mZmljZTExL2d1eWhvcXVldF9seW9uNS9jYXRhbG9nL2ltYWdlcy9wcl93ZWIvNy83LzcvNi84LzEvNC83Nzc2ODE0YS5qcGc_REFURU1BSj0yMS8wOS8yMDI2LTEwOjIxOjQ3JjIwMjYwOTIyMTEyMzUz_rct?func=crop&w=320&gravity=auto,2026-09-24,
Appartement 52 m2 Lyon 9,821 € CC*,https://www.paruvendu.fr/immobilier/location/appartement/1295564770A1KILHAP000,https://img.paruvendu.fr/media_ext/_https_/img.netty.immo/b1/3c/L3Byb2R1Y3QvY29tcGFueTUzODM2d2JlL0xBMjMzMC8xNzQ5MjI2NTE4X0xBMjMzMF8xX29yaWdpbmFsLmpwZz8yMDI2MDkyMjA3MjI0MQ_rct?func=crop&w=320&gravity=auto,2026-09-24,
Appartement 35 m2 Lyon 1,750 € CC*,https://www.paruvendu.fr/immobilier/location/appartement/1295563347A1KILHAP000,https://img.paruvendu.fr/media_ext/_https_/pentesimmo.staticlbi.com/40/09/L3dhL2ltYWdlcy9iaWVucy8xLzE5NDFmMTFjNDRmOTQwZWM2OGRhMDgzMWIzZGI5ZDE4L3Bob3RvX2Y4OTdmOTk3NTY0ZDJhZThlNTVjOTQwNDUxMmMxZjcxLmpwZz8yMDI2MDkyMTIzMTYxNw_rct?func=crop&w=320&gravity=auto,2026-09-24,
Appartement 44 m2 Lyon 1,920 € CC*,https://www.paruvendu.fr/immobilier/location/appartement/1295563346A1KILHAP000,https://img.paruvendu.fr/media_ext/_https_/pentesimmo.staticlbi.com/fb/0f/L3dhL2ltYWdlcy9iaWVucy8xLzQxMmU3NGUyMjZmOGYyZWYzYzhiYWEwYzMzMzM3Y2ExL3Bob3RvXzNkYzA2ZDM0OTViNTlmZGMwOGYxMjQ2ZTUwZTBlOWUxLmpwZz8yMDI2MDkyMTIzMTYxNg_rct?func=crop&w=320&gravity=auto,2026-09-24,
Appartement 85 m2 Lyon 3,1 500 € CC*,https://www.paruvendu.fr/immobilier/location/appartement/1295029501A1KILHAP000,https://img.paruvendu.fr/media_ext/_https_/media.immo-facile.com/73/f4/L29mZmljZTE1L25lc3Rlbm5icm9uXzIyMDkyMS9jYXRhbG9nL2ltYWdlcy9wcl9wLzMvOS83LzEvNC8yLzAvOS8zOTcxNDIwOWEuanBnP0RBVEVNQUo9MDMvMDkvMjAyNi0xNzoyNTo0OSYyMDI2MDkyNDA3MDAxMA_rct?func=crop&w=320&gravity=auto,2026-09-24,
Appartement 26 m2 Lyon 7,807 € CC*,https://www.paruvendu.fr/immobilier/location/appartement/1295334076A1KILHAP000,https://img.paruvendu.fr/media_ext/_https_/media.paruvendu.fr/d3/ff/L21lZGlhLXBhLzk5MjYvNi81Lzk5MjY2NTY3MTJfMS5qcGc_MjAyNjA5MTQxNTQ5NTU_rct?func=crop&w=320&gravity=auto,2026-09-24,
Appartement 53 m2 Lyon 3,920 € CC*,https://www.paruvendu.fr/immobilier/location/appartement/1289561782A1KILHAP000,https://img.paruvendu.fr/media_ext/_https_/media.paruvendu.fr/86/32/L21lZGlhLXBhL1dJMTcvNy8wL1dJMTc3MDc1NDE5XzEuanBlZz8yMDI2MDkyMTE0NDIxMQ_rct?func=crop&w=320&gravity=auto,2026-09-24,
Appartement 66 m2 Lyon 5,985 € CC*,https://www.paruvendu.fr/immobilier/location/appartement/1292271107A1KILHAP000,https://img.paruvendu.fr/media_ext/box.ics.fr/a7/66/L2NpdF9DSVRZQV9SRUdJRUNFTEVTVElOUzJfdGljL2xvY2F0aW9uL3Bob3RvL2F2aXNpdGVycmFwaWRlbWVudC1maWxpZ3JhbmUtSU1HXzExNjEtMTUyMTc3MjQwMjUzMDczMDE2MjIuanBnPzIwMjYwOTAyMTE0MjU0_rct?func=crop&w=320&gravity=auto,2026-09-24,
Appartement 33 m2 Lyon 6,706 € CC*,https://www.paruvendu.fr/immobilier/location/appartement/1295549781A1KILHAP000,https://img.paruvendu.fr/media_ext/_https_/media.studio-net.fr/3a/f7/L2JpZW5zLzMzODUwNDE3LzZhYjBlOGY1ZWViOWQ_MjAyNjA5MjQxMDA0MjM_rct?func=crop&w=320&gravity=auto,2026-09-24,
Chambre 25 m2 Lyon 6,720 € CC*,https://www.paruvendu.fr/immobilier/location/chambre/1293036357A1KILHCM000,https://img.paruvendu.fr/media_ext/_https_/media.studio-net.fr/86/03/L2JpZW5zLzMzNTQxODI0LzZhNGY1MjlmZTg4ZDE_MjAyNjA5MjQxMDA0MjM_rct?func=crop&w=320&gravity=auto,2026-09-24,
Appartement 54 m2 Lyon 6,889 € CC*,https://www.paruvendu.fr/immobilier/location/appartement/1295397285A1KILHAP000,https://img.paruvendu.fr/media_ext/box.ics.fr/e5/2c/L2NpdF9DSVRZQV9HQUxMSUNIRVRMRU1BSVRSRV90aWMvbG9jYXRpb24vcGhvdG8vYXZpc2l0ZXJyYXBpZGVtZW50LWZpbGlncmFuZS1JTUdfOTEzMC0yOTgyMjYyODc1MTMxNjY5MTc2LmpwZz8yMDI2MDkyMjExMzc1Ng_rct?func=crop&w=320&gravity=auto,2026-09-24,
Appartement 53 m2 Lyon 3,1 012 € CC*,https://www.paruvendu.fr/immobilier/location/appartement/1295367370A1KILHAP000,https://img.paruvendu.fr/media_ext/box.ics.fr/89/9d/L2NpdF9DSVRZQV9HRVJJTU1PX3RpYy9sb2NhdGlvbi9waG90by9jb3VwY29ldXItZmlsaWdyYW5lLTYtLTY3Nzg4MTA2OTgyNTY3Nzg1NDkuanBnPzIwMjYwOTI0MTEzNjQy_rct?func=crop&w=320&gravity=auto,2026-09-24,
Appartement 31 m2 Lyon 5,845 € CC*,https://www.paruvendu.fr/immobilier/location/appartement/1295502146A1KILHAP000,https://img.paruvendu.fr/media_ext/_https_/media.paruvendu.fr/b0/2f/L21lZGlhLXBhL1dJMTcvNy85L1dJMTc3OTUxNzYxXzEuanBlZz8yMDI2MDkyMDE1MzMzOQ_rct?func=crop&w=320&gravity=auto,2026-09-24,
Appartement 84 m2 Lyon 9,1 295 € CC*,https://www.paruvendu.fr/immobilier/location/appartement/1293408957A1KILHAP000,https://img.paruvendu.fr/_static_/2026092408/communfo/img/sitemobile/transparent_1x1.png,2026-09-24,
Appartement 61 m2 Lyon 3,1 345 € CC*,https://www.paruvendu.fr/immobilier/location/appartement/1295528418A1KILHAP000,https://img.paruvendu.fr/media_ext/_https_/photos.ubiflow.net/34/ae/LzU2MjA4Ni81NTA1OTMzODYvcGhvdG9zLzEuanBnPzIwMjYwOTIzMTMzNTUy_rct?func=crop&w=320&gravity=auto,2026-09-24,
Appartement 176 m2 Lyon 2,2 076 € CC*,https://www.paruvendu.fr/immobilier/location/appartement/1293782244A1KILHAP000,https://img.paruvendu.fr/media_ext/box.ics.fr/ee/49/L2NpdF9DSVRZQV9WRU5ET01FTFVNSUVSRV90aWMvbG9jYXRpb24vcGhvdG8vZmlsaWdyYW5lLUlNR18xOTUwLTg5MTk0MDEyMDcwODcxNzYzNTkuanBnPzIwMjYwOTIzMTE1MjEy_rct?func=crop&w=320&gravity=auto,2026-09-24,
Appartement 68 m2 Lyon 9,990 € CC*,https://www.paruvendu.fr/immobilier/location/appartement/1295638028A1KILHAP000,https://img.paruvendu.fr/media_ext/_https_/www.allyoucanpost.com/c2/a8/L2FkLXBpY3R1cmUvNmFiNGFmMjJiNTFiMTc0YmI3MDljN2VkL3BpY3R1cmUtMC5qcGc_dHM9MTc5MDIyNjIxMCYyMDI2MDkyNDExMTc0MA_rct?func=crop&w=320&gravity=auto,2026-09-24,
Maison 88 m2 Lyon 8,1 750 € CC*,https://www.paruvendu.fr/immobilier/location/maison/1295253543A1KILHMN000,https://img.paruvendu.fr/media_ext/_https_/img.netty.immo/c4/2d/L3Byb2R1Y3Rjdy9jb21wYW55MzkxOTN6eHkvMi9MTTE0Mjk0MS8xNzg4NTM5MTgyNV9MTTE0Mjk0MV8xX29yaWdpbmFsLmpwZz8yMDI2MDkyMzAyMDgxMg_rct?func=crop&w=320&gravity=auto,2026-09-24,
Appartement 11 m2 Lyon 7,600 € CC*,https://www.paruvendu.fr/immobilier/location/appartement/1291077337A1KILHAP000,https://img.paruvendu.fr/media_ext/_https_/media.immo-facile.com/73/27/L29mZmljZTIwL2ltbW96b25fMzEwNTIyL2NhdGFsb2cvaW1hZ2VzL3ByX3AvNi8wLzYvOC80LzMvNC8wLzYwNjg0MzQwYS5qcGc_REFURU1BSj0xOC8wOS8yMDI2LTE4OjIwOjI5JjIwMjYwOTIzMDUxNTA3_rct?func=crop&w=320&gravity=auto,2026-09-24,
Appartement 83 m2 Lyon 8,1 444 € CC*,https://www.paruvendu.fr/immobilier/location/appartement/1292863863A1KILHAP000,https://img.paruvendu.fr/media_ext/box.ics.fr/cf/e2/L2NpdF9DSVRZQV9WRU5ET01FTFVNSUVSRV90aWMvbG9jYXRpb24vcGhvdG8vZmlsaWdyYW5lLTItLTMyOTM0OTgwNDAwOTIwOTE5NDMuanBnPzIwMjYwOTAzMDUxNTA5_rct?func=crop&w=320&gravity=auto,2026-09-24,
Appartement 73 m2 Lyon 4,1 305 € CC*,https://www.paruvendu.fr/immobilier/location/appartement/1293634844A1KILHAP000,https://img.paruvendu.fr/media_ext/box.ics.fr/1a/2f/L2NpdF9DSVRZQV9QT05UREVDSEVSVVlfdGljL2xvY2F0aW9uL3Bob3RvL2ZpbGlncmFuZS11LS0zOTkyMDg5MTI2NDU1NDQyNDg4LmpwZz8yMDI2MDkyMzExNTEwMQ_rct?func=crop&w=320&gravity=auto,2026-09-24,
Appartement 33 m2 Lyon 9,621 € CC*,https://www.paruvendu.fr/immobilier/location/appartement/1294709483A1KILHAP000,https://img.paruvendu.fr/media_ext/box.ics.fr/57/85/L2NpdF9DSVRZQV9SRUdJRUNFTEVTVElOUzJfdGljL2xvY2F0aW9uL3Bob3RvL2ZpbGlncmFuZS1MRUZSQU5DT0lTXzMtODQ2OTU3NjU0MzI1Nzk3MTM4Mi5qcGc_MjAyNjA4MjgyMDE2NDY_rct?func=crop&w=320&gravity=auto,2026-09-24,
Appartement 25 m2 Lyon 3,770 € CC*,https://www.paruvendu.fr/immobilier/location/appartement/1289052661A1KILHAP000,https://img.paruvendu.fr/media_ext/_https_/media.paruvendu.fr/ba/d5/L21lZGlhLXBhLzk5MjYvNi8yLzk5MjY2Mjk3NjBfMS5KUEc_MjAyNjA5MDUwNTE1MDM_rct?func=crop&w=320&gravity=auto,2026-09-24,
Appartement 107 m2 Lyon 4,1 743 € CC*,https://www.paruvendu.fr/immobilier/location/appartement/1293634832A1KILHAP000,https://img.paruvendu.fr/media_ext/box.ics.fr/8e/1e/L2NpdF9DSVRZQV9WRU5ET01FTFVNSUVSRV90aWMvbG9jYXRpb24vcGhvdG8vZmlsaWdyYW5lLWVlZWUtMjIwMDcwMTAxNjc2MTQwNDk1OC5qcGc_MjAyNjA4MjkxMTU0NTg_rct?func=crop&w=320&gravity=auto,2026-09-24,
Appartement 48 m2 Lyon 8,821 € CC*,https://www.paruvendu.fr/immobilier/location/appartement/1294250226A1KILHAP000,https://img.paruvendu.fr/media_ext/box.ics.fr/30/5a/L2NpdF9DSVRZQV9CQVJJT1pfdGljL2xvY2F0aW9uL3Bob3RvL2ZpbGlncmFuZS1JTUdfODQ3OS0xMjU3NDUwNTI3ODgxNzI0ODQyNi5qcGc_MjAyNjA5MTYxMTUxMDg_rct?func=crop&w=320&gravity=auto,2026-09-24,
Appartement 106 m2 Lyon 4,1 929 € CC*,https://www.paruvendu.fr/immobilier/location/appartement/1293580070A1KILHAP000,https://img.paruvendu.fr/media_ext/box.ics.fr/cd/b4/L2NpdF9DSVRZQV9CQVJJT1pfdGljL2xvY2F0aW9uL3Bob3RvL2ZpbGlncmFuZS1ydWUtamFjcWFyZF8wMDAxMi0xNzQ3MDQ0MTc0MTk4MDQyOTIxNi5qcGc_MjAyNjA5MDkxMTUxMjM_rct?func=crop&w=320&gravity=auto,2026-09-24,
Appartement 39 m2 Lyon 5,812 € CC*,https://www.paruvendu.fr/immobilier/location/appartement/1295367394A1KILHAP000,https://img.paruvendu.fr/media_ext/box.ics.fr/a2/b9/L2NpdF9DSVRZQV9HQUxMSUNIRVRMRU1BSVRSRV90aWMvbG9jYXRpb24vcGhvdG8vZmlsaWdyYW5lLW8tLTg1MTg2MDAzNTg5NDAyNzMxMzEuanBnPzIwMjYwOTE1MjAxNzUz_rct?func=crop&w=320&gravity=auto,2026-09-24,
Appartement 93 m2 Lyon 3,1 758 € CC*,https://www.paruvendu.fr/immobilier/location/appartement/1294829446A1KILHAP000,https://img.paruvendu.fr/media_ext/_https_/img.netty.immo/3d/e0/L3Byb2R1Y3R3L2NvbXBhbnk1NTAxNmFqbS8yL0xBMTk1Ni8xNzY1MTgyNDA2X0xBMTk1Nl84X29yaWdpbmFsLmpwZz8yMDI2MDkxMTAxNTQyNw_rct?func=crop&w=320&gravity=auto,2026-09-24,
Appartement 64 m2 Lyon 5,1 046 € CC*,https://www.paruvendu.fr/immobilier/location/appartement/1295499219A1KILHAP000,https://img.paruvendu.fr/media_ext/_https_/media.immo-facile.com/85/0d/L29mZmljZTEyL2luc3RhbnRpbW1vYmlsaWVyXzI0MDYyMC9jYXRhbG9nL2ltYWdlcy9wcl9wLzQvMi81LzEvNi81LzEvNi80MjUxNjUxNmEuanBnP0RBVEVNQUo9MTgvMDkvMjAyNi0xMDo0ODowOCYyMDI2MDkyMjA3MDY1MQ_rct?func=crop&w=320&gravity=auto,2026-09-24,
Appartement 56 m2 Lyon 1,990 € CC*,https://www.paruvendu.fr/immobilier/location/appartement/1289818309A1KILHAP000,https://img.paruvendu.fr/media_ext/box.ics.fr/16/90/L2NpdF9DSVRZQV9CQVJJT1pfdGljL2xvY2F0aW9uL3Bob3RvL2ZpbGlncmFuZS1jYW1pbGxlLWpvcmRhbi10My0xZXItZXRhZ2VfMDAwMTAtNzY4NDc1NzI0ODAzMDg0MzM4MC5qcGc_MjAyNjA5MjIxMTUzMjA_rct?func=crop&w=320&gravity=auto,2026-09-24,
Appartement 64 m2 Lyon 1,975 € CC*,https://www.paruvendu.fr/immobilier/location/appartement/1289774005A1KILHAP000,https://img.paruvendu.fr/media_ext/box.ics.fr/95/f1/L2NpdF9DSVRZQV9CQVJJT1pfdGljL2xvY2F0aW9uL3Bob3RvL2ZpbGlncmFuZS1jYW1pZnJhLXQzLWRlcm5pZXItZXRhZ2VfMDAwMDMtMTM4MTMzNTY1MDM3MzUwMzM2MTIuanBnPzIwMjYwOTA0MTE1MTMx_rct?func=crop&w=320&gravity=auto,2026-09-24,
Appartement 125 m2 Lyon 2,2 267 € CC*,https://www.paruvendu.fr/immobilier/location/appartement/1292537696A1KILHAP000,https://img.paruvendu.fr/media_ext/box.ics.fr/5b/68/L2NpdF9DSVRZQV9WRU5ET01FTFVNSUVSRV90aWMvbG9jYXRpb24vcGhvdG8vZmlsaWdyYW5lLVQ1XzFfcnVlX0NoaWxkZWJlcnRfNjkwMDFfMTgtNzMwODQ3MDUzNjYxMTQyOTUxMy5qcGc_MjAyNjA4MjgxMTU1Mjk_rct?func=crop&w=320&gravity=auto,2026-09-24,
Appartement 48 m2 Lyon 7,978 € CC*,https://www.paruvendu.fr/immobilier/location/appartement/1295481555A1KILHAP000,https://img.paruvendu.fr/media_ext/_https_/images.lesoft.fr/96/2c/L19yb2JvdHMvZXhwb3J0L2ltYWdlcy81LzEwMjYvbG9jYXRpb24vcHJpbmNpcGFsZS8xMDI3MjguanBnPzE3NjM5NDI3OTImMjAyNjA5MTgyMDE3MzY_rct?func=crop&w=320&gravity=auto,2026-09-24,
Appartement 34 m2 Lyon 8,623 € CC*,https://www.paruvendu.fr/immobilier/location/appartement/1295470028A1KILHAP000,https://img.paruvendu.fr/media_ext/box.ics.fr/14/b5/L2NpdF9DSVRZQV9WSUxMRUZSQU5DSEVfdGljL2xvY2F0aW9uL3Bob3RvL2ZpbGlncmFuZS0xLS0xMzAxNjU2ODI3OTk3NzMxNjU2OC5qcGc_MjAyNjA5MTgyMDE2MDk_rct?func=crop&w=320&gravity=auto,2026-09-24,
Appartement 43 m2 Lyon 3,785 € CC*,https://www.paruvendu.fr/immobilier/location/appartement/1295252030A1KILHAP000,https://img.paruvendu.fr/media_ext/box.ics.fr/6e/a7/L2NpdF9DSVRZQV9CQVJJT1pfdGljL2xvY2F0aW9uL3Bob3RvL2ZpbGlncmFuZS0yMDIzMDYwMVQxMTU3MjQtNzAzMzExMjgwNTg5OTA1MDA4Mi5qcGc_MjAyNjA5MTgxMTUzMjU_rct?func=crop&w=320&gravity=auto,2026-09-24,
Appartement 65 m2 Lyon 7,1 220 € CC*,https://www.paruvendu.fr/immobilier/location/appartement/1295470312A1KILHAP000,https://img.paruvendu.fr/media_ext/box.ics.fr/62/ee/L2NpdF9DSVRZQV9CT1VSR1VJR05PTl90aWMvbG9jYXRpb24vcGhvdG8vZmlsaWdyYW5lLTEtLTEwNDE0NTM0MTc1NzE1NDEyMzQ1LmpwZz8yMDI2MDkyMzExNTIxOA_rct?func=crop&w=320&gravity=auto,2026-09-24,
Appartement 64 m2 Lyon 3,1 313 € CC*,https://www.paruvendu.fr/immobilier/location/appartement/1295470308A1KILHAP000,https://img.paruvendu.fr/media_ext/box.ics.fr/a2/1e/L2NpdF9DSVRZQV9WRU5ET01FTFVNSUVSRV90aWMvbG9jYXRpb24vcGhvdG8vZmlsaWdyYW5lLTItLTEzODIwOTAzNjEyNjE4NDQ2MDYxLmpwZz8yMDI2MDkyMzExNTIxMw_rct?func=crop&w=320&gravity=auto,2026-09-24,
Appartement 104 m2 Lyon 9,1 201 € CC*,https://www.paruvendu.fr/immobilier/location/appartement/1295470307A1KILHAP000,https://img.paruvendu.fr/media_ext/box.ics.fr/f5/62/L2NpdF9DSVRZQV9WRU5ET01FTFVNSUVSRV90aWMvbG9jYXRpb24vcGhvdG8vZmlsaWdyYW5lLUlNR184Mzg3LTY2NTQ4MDY5NTk3NTA0OTkxMTAuanBnPzIwMjYwOTE4MjAxNjEz_rct?func=crop&w=320&gravity=auto,2026-09-24,
Appartement 84 m2 Lyon 3,1 195 € CC*,https://www.paruvendu.fr/immobilier/location/appartement/1295470304A1KILHAP000,https://img.paruvendu.fr/media_ext/box.ics.fr/7a/91/L2NpdF9DSVRZQV9WRU5ET01FTFVNSUVSRV90aWMvbG9jYXRpb24vcGhvdG8vZmlsaWdyYW5lLUlNR184NjQ4LTU2NTEzNDQ0MzM2ODQxMjk2ODcuanBnPzIwMjYwOTE4MjAxNjEz_rct?func=crop&w=320&gravity=auto,2026-09-24,
Appartement 98 m2 Lyon 2,1 434 € CC*,https://www.paruvendu.fr/immobilier/location/appartement/1295470302A1KILHAP000,https://img.paruvendu.fr/media_ext/box.ics.fr/9d/5b/L2NpdF9DSVRZQV9CQVJJT1pfdGljL2xvY2F0aW9uL3Bob3RvL2ZpbGlncmFuZS01MC1icmVzdC1leC10aGFtaXppYW5fMDAwMDItMTIxMzkzNjM2NTk3NzMzNTc2MTUuanBnPzIwMjYwOTE4MjAxNjEz_rct?func=crop&w=320&gravity=auto,2026-09-24,
Appartement 76 m2 Lyon 5,528 € CC*,https://www.paruvendu.fr/immobilier/location/appartement/1289374573A1KILHAP000,https://img.paruvendu.fr/media_ext/_https_/media.immo-facile.com/a3/16/L29mZmljZTEyL2luc3RhbnRpbW1vYmlsaWVyXzI0MDYyMC9jYXRhbG9nL2ltYWdlcy9wcl9wLzUvMS82LzgvMi8zLzkvNC81MTY4MjM5NGEuanBnP0RBVEVNQUo9MzAvMDQvMjAyNS0wMDo0MTozOCYyMDI2MDkxNzA1MTUwNg_rct?func=crop&w=320&gravity=auto,2026-09-24,
Appartement 80 m2 Lyon 7,535 € CC*,https://www.paruvendu.fr/immobilier/location/appartement/1294736601A1KILHAP000,https://img.paruvendu.fr/_static_/2026092408/communfo/img/sitemobile/transparent_1x1.png,2026-09-24,
Maison 86 m2 Lyon 3,1 200 € CC*,https://www.paruvendu.fr/immobilier/location/maison/1295468737A1KILHMN000,https://img.paruvendu.fr/media_ext/_https_/media.studio-net.fr/49/21/L2JpZW5zLzMzODM5MTI0LzZhYWNlOWY0MmY3OTE_MjAyNjA5MjQxMDA0MjM_rct?func=crop&w=320&gravity=auto,2026-09-24,
Appartement 83 m2 Lyon 6,1 129 € CC*,https://www.paruvendu.fr/immobilier/location/appartement/1294429845A1KILHAP000,https://img.paruvendu.fr/media_ext/_https_/media.immo-facile.com/b7/e6/L29mZmljZS9saW1vdXppL2NhdGFsb2cvaW1hZ2VzL3ByX3AvMS85LzkvNi8xLzkvMC82LzE5OTYxOTA2YS5qcGc_REFURU1BSj0yMC8wOC8yMDI2LTEwOjM3OjEyJjIwMjYwOTIyMDY1MjI2_rct?func=crop&w=320&gravity=auto,2026-09-24,"Réf. : 39GERMAIN Disponible de suite Venez découvrir cet appartement entièrement meublé de type 3 en duplex d'une surface carrez de 78.52M² (89.46 M² habitable) situé en rez-de-chaussée. Ce bien se compose d'une entrée avec placard, d'un salon moderne aménagé avec goût ainsi qu'une grande baie vitrée. Ce salon donne sur une grande cuisine entièrement équipée d'électroménager de qualité. A l'étage, vous disposez d'un coin bureau / dressing, une salle d'eau moderne, une chambre et un WC séparé. Vous profiterez également d'une terrasse de 10 M² au calme donnant sur une seconde chambre. Toutes les pièces sont équipées de prises RJ40 et l'appartement bénéficie d'un double vitrage et d'une isolation phonique et thermique. Les risques auxquels ce bien est exposé sont disponibles sur le site Géorisques : www.georisques.gouv.fr ----------------------- Loyer HC : 1070.96 euros P. sur charges : 59.09 euros Dépôt de garantie : 2 mois de loyer HC Honoraires agence : 1173.71 euros dont 271.06 euros de frais d'état des lieux ------------------------ Loyer de réf. : 1075.72 euros soit 13.70 euros/m² Loyer de réf. majoré : 1287.73 euros soit 16.40 euros/m² ------------------------ POUR PLANIFIER UNE VISITE : envoyez-nous un message depuis l'annonce et vous recevrez un lien pour déposer votre dossier sur la plateforme sécurisée UPLACE. Etat général : Excellent Surface terrasse : 9 Chauffage : Individuel Chauffage (mécanisme) : Radiateur Chauffage (mode) : Gaz Cuisine : AmenageeEquipee Interphone : oui Charges : 59.09 Numéro de mandat : 39GERMAIN Précision localisation : Lyon 6ème Provision sur Charges : 59.09 euros Bareme ALUR : https://media.immo-facile.com/segments/immo/catalog/images/manufacturers_bareme/138198.pdf Honoraires Etat des lieux Locataires : 271.06 Disponible immédiatement Lieu : Rhône (69)"
Appartement 82 m2 Lyon 5,1 137 € CC*,https://www.paruvendu.fr/immobilier/location/appartement/1294336307A1KILHAP000,https://img.paruvendu.fr/media_ext/_https_/media.studio-net.fr/cf/82/L2JpZW5zLzMzNjk5NzAwL3g2YTg0NGNmMzViNWI4PzIwMjYwOTI0MTE1MzEz_rct?func=crop&w=320&gravity=auto,2026-09-24,"Lyon 5 à proximité des transports en commun , à louer appartement T4 lumineux. Il se compose d'une entrée avec grand dressing, d'un salon/séjour lumineux donnant sur balcon, d'une cuisine séparée aménagée et équipée (réfrigérateur , plaques, hotte, lave vaisselle , lave linge) de 3 chambres d'une salle d'eau, d'une buanderie et d'une place de parking. Loyer mensuel :972€, provision pour charges mensuelles 183€, dépôt de garantie 972€, honoraires d'agence 1066€ dont 246€ pour l'état des lieux. Les informations sur les risques auxquels ce bien est exposé sont disponibles sur le site Géorisques : www.georisques.gouv.fr Descriptif : - Surface habitable : 82 - Surface du balcon : 6 - Surface du séjour : 18 - Surface cuisine : 9 - Étage du bien : 5 - Ascenseur - Nbre. de chambres : 3 - Nb. de pièces : 4 - Nb. de salles d'eau : 1 - Nb. de WC : 1 - Balcon - Parking Montant des charges : 165 euros Modalité de règlement des charges : provisionnel euros Honoraires Etat des lieux Locataires : 246 Lieu : Rhône (69)"
Appartement 60 m2 Lyon 5,877 € CC*,https://www.paruvendu.fr/immobilier/location/appartement/1294527383A1KILHAP000,https://img.paruvendu.fr/media_ext/_https_/media.studio-net.fr/8d/6b/L2JpZW5zLzMzNzE4MTcyL3g2YWE0N2NmZDc0ZGY0PzIwMjYwOTE5MDExMzI1_rct?func=crop&w=320&gravity=auto,2026-09-24,"Beau T3 à louer Lyon 5ème arrondissement.dans une résidence très calme avec un grand parc. Il se compose d'un séjour, d'une cuisine équipée et aménagée, de 2 chambres dont une avec dressing, d'une salle de bains, d'un WC, d'un dégagement et d'un balcon . Place de parking , cave et gardien. loyer 722€, charges 155€, honoraires agence 780€ dont 180€ de rais d'état des lieux, dépôt de garantie 722€ Les informations sur les risques auxquels ce bien est exposé sont disponibles sur le site Géorisques : www.georisques.gouv.fr Descriptif : - Surface habitable : 60 - Surface du balcon : 4 - Surface du séjour : 17 - Surface cuisine : 8 - Étage du bien : Rez de Chaussée - Nbre. de chambres : 2 - Nb. de pièces : 3 - Nb. de salles de bain : 1 - Nb. de salles d'eau : 1 - Nb. de WC : 1 - Balcon Montant des charges : 155 euros Honoraires Etat des lieux Locataires : 180 Lieu : Rhône (69)"
Maison 127 m2 Lyon 5,2 000 € CC*,https://www.paruvendu.fr/immobilier/location/maison/1295105846A1KILHMN000,https://img.paruvendu.fr/media_ext/_https_/media.studio-net.fr/2d/b6/L2JpZW5zLzMzNzgyOTI1L3g2YWEwODg3NjAyZGE3PzIwMjYwOTA5MDEyMDUy_rct?func=crop&w=320&gravity=auto,2026-09-24,"A louer à LYON 5e, belle maison de 127m², 5 Chambres, salle de bains et salle de douche. A proximité des commerces et des transports en commun. Elle se compose d'une entrée, d'une belle pièce à vivre avec un poêle donnant sur une terrasse et jardin ensoleillés, d'une cuisine équipée et aménagée, de cinq chambres, d'une salle de bains avec baignoire et douche. Maison avec garage et places de stationnement. Loyer:1980€, provisions charges mensuelles:20 € ,dépôt de garantie :1980€ Honoraires charge locataire :1651€ dont 381€ pour les frais d'état des lieux. Les informations sur les risques auxquels ce bien est exposé sont disponibles sur le site Géorisques : www.georisques.gouv.fr Descriptif : - Surface habitable : 127 - Surface du séjour : 38 - Surface cuisine : 14 - Nbre. de chambres : 5 - Nb. de pièces : 5 - Nb. de WC : 2 - Terrasse - Garage - Parking - Label : MAISON A LOUER Montant des charges : 20 euros Modalité de règlement des charges : provisionnel euros Honoraires Etat des lieux Locataires : 381 Lieu : Rhône (69)"
Appartement 74 m2 Lyon 7,1 202 € CC*,https://www.paruvendu.fr/immobilier/location/appartement/1294435191A1KILHAP000,https://img.paruvendu.fr/media_ext/box.ics.fr/6b/81/L2NpdF9DSVRZQV9HQUxMSUNIRVRMRU1BSVRSRV90aWMvbG9jYXRpb24vcGhvdG8vZmlsaWdyYW5lLTIwMjIwNzI5XzEwMTYxNS0zNzIzNzkyMzAzNjE2NTA0Mzk2LmpwZz8yMDI2MDkxMDExMzY0MQ_rct?func=crop&w=320&gravity=auto,2026-09-24,"À LOUER : Appartement T3 situé dans le 7ème arrondissement de Lyon, dans un quartier dynamique et agréable. Ce bien d'une superficie de 74 m² se trouve au troisième étage d'un immeuble de onze étages, offrant ainsi une belle vue sur les environs. L'immeuble est équipé d'un ascenseur, facilitant l'accès à votre futur chez-vous. L'appartement se compose de trois pièces, dont deux chambres spacieuses, idéales pour accueillir une famille ou des colocataires. La pièce de vie est lumineuse et conviviale, parfaite pour des moments de détente ou de partage. La cuisine est entièrement équipée, vous permettant de préparer vos repas dans un espace fonctionnel et agréable. Vous disposerez également d'une salle d'eau moderne, ainsi que d'un balcon, où vous pourrez profiter de l'extérieur. Pour votre confort, le chauffage est collectif, avec un système au gaz et des radiateurs, garantissant une température agréable tout au long de l'année. L'appartement est situé dans une résidence sécurisée, dotée d'un gardien, ce qui ajoute un niveau de sécurité et de tranquillité. Ce bien est idéalement situé à proximité des transports en commun (métro D et T1) , des commerces et des services, facilitant ainsi votre quotidien. N'attendez plus pour visiter cet appartement qui allie confort et praticité dans un cadre de vie agréable. Le bien est soumis au statut de la copropriété. Loyer de 1 201,50 euros par mois charges comprises dont 130,00 euros par mois de provision pour charges (soumis à la régularisation annuelle). Soit avec Assurance Habitation et Assistance* ( 24.00 euros ) : 1 225,50 euros. Les honoraires charge locataire sont de 976,26 euros ( soit 13,12 euros/m² ) dont 225,46 euros pour état des lieux ( soit 3,03 euros/m² ). Vous pouvez consulter les barèmes d'honoraires à l'adresse suivante : #bareme-location Montant estimé des dépenses annuelles d'énergie pour un usage standard : entre 920 et 1 300 euros. Prix moyens des énergies indexés en 2022. Zone soumise à encadrement des loyers. Le loyer de base du bien proposé est de 1 071,5 euros, le loyer de référence majoré (fixé par arrêté préfectoral) est de 1 071,504 eurosLes informations sur les risques auxquels ce bien est exposé sont disponibles sur le site Géorisques : https://www.georisques.gouv.fr . *Service facultatif. Contribution annuelle ""attentats"" non comprise. Voir conditions en agence. Lieu : Rhône (69)"
Appartement 99 m2 Lyon 6,1 490 € CC*,https://www.paruvendu.fr/immobilier/location/appartement/1295465155A1KILHAP000,https://img.paruvendu.fr/media_ext/_https_/media.immo-facile.com/7c/47/L29mZmljZTgvc3VpdF9ob21lX3BhdHJpbW9pbmUvY2F0YWxvZy9pbWFnZXMvcHJfcC81LzkvMS81LzUvNy85LzYvNTkxNTU3OTZhLmpwZz9EQVRFTUFKPTE0LzEwLzIwMjUtMTQ6MjA6MjkmMjAyNjA5MjMwNzQxMTM_rct?func=crop&w=320&gravity=auto,2026-09-24,"L'agence Suit Home vous propose à la location ce magnifique appartement d'une petite centaine de m², idéalement situé au coeur du 6ème arrondissement de Lyon, dans le prisé quartier Brotteaux. Il se compose d'une spacieuse pièce de vie avec une cheminée qui ajoute du charme, d'une cuisine aménagée, de deux chambres confortables, d'une salle de bain et d'un WC indépendant. Cet appartement T3 - T4 séduit par ses beaux volumes, sa luminosité exceptionnelle et son parfait mélange de charme ancien et de confort moderne. Sa localisation est idéale, à proximité des commerces, écoles et transports. Disponible dès le 30 septembre ! Loyer mensuel : 1 490 euros par mois; charges comprises dont 100 euros de charges récupérables par provisions (entretien des parties communes). Zone soumise à encadrement des loyers Loyer de référence majoré : 1 465.50 euros Loyer de base : 1 217.95 euros Dépôt de garantie : 1 390 euros (soit un mois de loyer) Performance énergétique : DPE : E GES : B Montant estimé des dépenses annuelles d'énergie pour un usage standard : entre 2 230 euros et 3 050 euros (années de référence : 2021, 2022, 2023) Montant total des honoraires pour la visite du logement, les frais de dossier et la rédaction du bail : 1 287.26 euros (13 euros/m2) dont 297.06 euros (3 euros/m2) de frais d'état des lieux. Les informations sur les risques auxquels ce bien est exposé sont disponibles sur le site Géorisques : www.georisques.gouv.fr Mentions légales de l'agence : https://suithome.fr/wp-content/uploads/Mentions-legales-3.pdf Ascenceur : oui Interphone : oui Charges : 100 Précision localisation : Lyon Provision sur Charges : 100 euros Bareme ALUR : https://media.immo-facile.com/segments/immo/catalog/images/manufacturers_bareme/263431.pdf Honoraires Etat des lieux Locataires : 297.06 Bien situé dans une ville soumis à l'encadrement des loyers : Loyer de Référence Majoré : 1525.52 euros Loyer de Base : 1390 euros Disponible immédiatement Lieu : Rhône (69)"
Appartement 36 m2 Lyon 1,870 € CC*,https://www.paruvendu.fr/immobilier/location/appartement/1295437535A1KILHAP000,https://img.paruvendu.fr/media_ext/_https_/media.studio-net.fr/f8/b9/L2JpZW5zLzMzODMzNjIzLzZhYWJiYjcyY2E5ODI_MjAyNjA5MjQxMDA0MjM_rct?func=crop&w=320&gravity=auto,2026-09-24,"870€CC / Mois A SAISIR sur LYON 01 aux PENTES DE LA CROIX ROUSSE Spacieux Loft de 36m² composé d'un séjour, cuisine équipée, grande mezzanine, placards, sdb, wc, double vitrage, dans immeuble avec digicode. Zone soumise à encadrement des loyers. Loyer de base: 830€. Loyer de référence majoré: 759,60€. Majoration de loyer: 70,40€. TOUTES NOS OFFRES DE LOCATION SUR LOCA.FR. Réf: 6936561. Frais de convention: 220€. Cette offre s'inscrit dans le cadre de la fourniture d'un fichier. Descriptif : - Surface habitable : 36 - Nb. de pièces : 1 Montant des charges : 40 euros Disponible immédiatement Lieu : Rhône (69)"
Appartement 20 m2 Lyon 8,600 € CC*,https://www.paruvendu.fr/immobilier/location/appartement/1295435911A1KILHAP000,https://img.paruvendu.fr/media_ext/_https_/media.studio-net.fr/9e/15/L2JpZW5zLzMzODMzNTMzLzZhYWJhM2EzZDIwOTM_MjAyNjA5MjQxMDA0MjM_rct?func=crop&w=320&gravity=auto,2026-09-24,"600€ CC / Mois A SAISIR!! JET D'EAU studio composé d'une entrée, séjour, kitch équipée, placards, sdd, wc, interphone, double vitrage. Zone soumise à encadrement des loyers. Loyer de base: 534€. Loyer de référence majoré: 434€. Majoration de loyer: 100€. TTES NOS OFFRES DE LOCATION SUR LOCA.FR. Frais de convention: 220€. Cette offre s'inscrit dans le cadre de la fourniture d'un fichier. Descriptif : - Surface habitable : 20 - Nb. de pièces : 1 Montant des charges : 66 euros Disponible immédiatement Lieu : Rhône (69)"
Appartement 63 m2 Lyon 3,1 020 € CC*,https://www.paruvendu.fr/immobilier/location/appartement/1295424381A1KILHAP000,https://img.paruvendu.fr/media_ext/_https_/photos.ubiflow.net/cb/69/LzY5NjA5Ny81NTAwNDM3NTMvcGhvdG9zLzEuanBnPzIwMjYwOTE3MDcyMTQ3_rct?func=crop&w=320&gravity=auto,2026-09-24,"EXCLUSIVITE - Rue Antoine Charial - Venez découvrir cet appartement de type 3 de 63,70 m² situé au 1er étage d'une résidence de 2013 avec garage en sous-sol. Il se compose d'un hall d'entrée avec dressing, d'une pièce à vivre avec cuisine ouverte meublée et équipée (plaque de cuisson, hotte, four, lave vaisselle et réfrigérateur), de 2 chambres avec parquet dont une équipée d'un placard, une salle de bains avec sèche serviette et WC séparés. Accès balcon par le séjour et une des 2 chambres. L'appartement est situé à proximité des transports en commun et commerces (à 16 min à pied de la gare de la Part Dieu). Un garage fermé en sous-sol complète ce bien. Le chauffage et l'eau chaude sont individuels électrique. Eau froide individuelle. Disponible le 09 octobre 2026 Honoraires d'état des lieux : 191.1 Bien situé dans une ville soumis à l'encadrement des loyers : Loyer de Référence Majoré : 960 euros Adresse : 136, rue Antoine Charial, Lyon, Rhône (69)"
Appartement 50 m2 Lyon 3,1 059 € CC*,https://www.paruvendu.fr/immobilier/location/appartement/1295424371A1KILHAP000,https://img.paruvendu.fr/media_ext/_https_/photos.ubiflow.net/d6/45/LzY5MTQ5MS80NTA1MTE2NzYvcGhvdG9zLzEuanBnPzIwMjYwOTE3MDcyMTQ3_rct?func=crop&w=320&gravity=auto,2026-09-24,"À louer, appartement de type 2 de 50m² situé au 4ème étage, entièrement meublé. Il comprend un hall, une cuisine équipée, un séjour, une chambre, une salle de bains, des WC séparés et un balcon privatif. L'appartement dispose également d'un garage fermé en sous sol. Disponible le 13 octobre A quelques pas du métro D. Loyer de référence majoré (loyer de base à ne pas dépasser) : 909€ loyer de base : 909€ complément de loyer 118€ Nom du négociateur : BON Fanny Honoraires d'état des lieux : 150.75 Bien situé dans une ville soumis à l'encadrement des loyers : Loyer de Référence Majoré : 909 euros Montant du complément de loyer : 118 euros Adresse : 16, Rue des Tuiliers, Lyon, Rhône (69)"
Appartement 48 m2 Lyon 3,990 € CC*,https://www.paruvendu.fr/immobilier/location/appartement/1295648155A1KILHAP000,https://img.paruvendu.fr/media_ext/_https_/www.allyoucanpost.com/e6/d2/L2FkLXBpY3R1cmUvNmFiNTBhMDM5ZDFkNzU2NzZjMGEyMzZiL3BpY3R1cmUtMC5qcGc_dHM9MTc5MDI0OTQ3NSYyMDI2MDkyNDIwMTc0Nw_rct?func=crop&w=320&gravity=auto,2026-09-24,"Appartement de 48 m2 à louer sur Lyon Particulier loue à Etudiant(e) cet Appartement de 48m2 spacieux et clair Situé dans le quartier calme de Monchat, entièrement rénové, Double vitrage, meublé et décoré. Vous pourrez profiter d'un Rez-de-jardin avec pelouse privative intérieure fermée. - Dans résidence sécurisée – Grande chambre avec dressing, commode et lit - Salon avec canapé, TV large écran plat, Internet wifi (BOX), mini chaine hifi murale, table basse, bureau, table pliante, table de jardin salle de douche avec WC, miroir, ... Cuisine équipée : hotte, plaque induction, lave linge, réfrigérateur/congélateur, four électrique, four micro-onde, bouilloire, grille pain, 4 chaises pliantes. Chauffage individuel électrique économique, interphone. –, table à repasser, ustensiles de cuisine, vaisselle. - à 5mn à pied des Métro, Bus, Tramway toutes directions. A 2 arrêts métro, bus, Tramway de la Gare Part-Dieu, A 900m du périphérique (boulevard de ceinture) Au cœur du 3ème arrondissement, dans le quartier «grange blanche» Proche commerces. Loyer : 990 euros charges comprises Electricité à la charge du locataire. Dossier sérieux demandé. Deux mois de caution et garants exigés. il n'y a pas d'honoraires ou de frais d'agence supplémentaires. Agences s'abstenir SVP Chercher un logement, c'est l'enfer, alors on a créé 123 Loger pour vous simplifier la vie. Combien ça coûte ? Vous réglez le pass de 34 euros (29 euros pour les étudiants). Le pass est mensuel, votre profil reste actif tant que vous restez abonné-e. Sans engagement, vous pouvez vous désabonner très facilement. Nous offrons une garantie satisfait-e ou remboursé-e pendant 1 mois. Comment ça marche ? Sur 123 Loger, ce sont les propriétaires qui contactent les locataires et ça change tout. 1 - Vous définissez vos critères : villes, surface, budget, etc 2 - Vous décrivez votre profil locataire : CDI, étudiant, indépendant, revenus, garant, etc… Une fois pour toute ! 3 - Les propriétaires consultent votre profil et vous contactent directement. À bientôt sur 123 Loger. CC TTC Charges : 40 euros/mois Lieu : Rhône (69)"
Appartement 43 m2 Lyon 3,1 230 € CC*,https://www.paruvendu.fr/immobilier/location/appartement/1295638033A1KILHAP000,https://img.paruvendu.fr/media_ext/_https_/www.allyoucanpost.com/f0/0e/L2FkLXBpY3R1cmUvNmFiNGFmMjdkMThiMTBkNWVmMGI5MTVjL3BpY3R1cmUtMC5qcGc_dHM9MTc5MDIyNjIxNSYyMDI2MDkyNDExMTc0MA_rct?func=crop&w=320&gravity=auto,2026-09-24,"Appartement de 43 m2 à louer sur Lyon Appartement meublé et équipé entièrement refait à neuf. L'appartement se situe dans le secteur résidentiel Montchat près de la place ronde. Il est composé d'une belle pièce à vivre très lumineuse, une cuisine ouverte entièrement équipée, une salle de bain moderne, ainsi qu'une chambre décorée avec soin et son accès direct au balcon. Idéalement situé près de tout commerce et du tram t3. Le loyer inclus les charges qui comprennent l'eau, l'électricité, les charge de copropriété, taxe d'ordure ménagère et la box internet. Loyer avec encadrement des loyers : 721,28€ Complément : 313,72€ Total : 1035€ HC Charges : 195€ Loyer CC : 1230€ 43,7 m2 Carrez 39,2m Pour constituer votre dossier locataire : • Pièce d'identité • Contrat de travail ou justificatif de scolarité (pour les étudiants) • 3 derniers bulletins de salaire • Dernier avis d'imposition Pour le(s) garant(s) : • Nom complet • Pièce d'identité • Contrat de travail • 3 derniers bulletins de salaire • Dernier avis d'imposition Une attestation de l'ancien propriétaire confirmant que les loyers sont à jour, ainsi que ses coordonnées complètes et son numéro de téléphone. Chercher un logement, c'est l'enfer, alors on a créé 123 Loger pour vous simplifier la vie. Combien ça coûte ? Vous réglez le pass de 34 euros (29 euros pour les étudiants). Le pass est mensuel, votre profil reste actif tant que vous restez abonné-e. Sans engagement, vous pouvez vous désabonner très facilement. Nous offrons une garantie satisfait-e ou remboursé-e pendant 1 mois. Comment ça marche ? Sur 123 Loger, ce sont les propriétaires qui contactent les locataires et ça change tout. 1 - Vous définissez vos critères : villes, surface, budget, etc 2 - Vous décrivez votre profil locataire : CDI, étudiant, indépendant, revenus, garant, etc… Une fois pour toute ! 3 - Les propriétaires consultent votre profil et vous contactent directement. À bientôt sur 123 Loger. CC TTC Charges : 195 euros/mois Lieu : Rhône (69)"
Appartement 80 m2 Lyon 8,480 € CC*,https://www.paruvendu.fr/immobilier/location/appartement/1295388800A1KILHAP000,https://img.paruvendu.fr/media_ext/_https_/media.immo-facile.com/42/44/L29mZmljZS9saW1vdXppL2NhdGFsb2cvaW1hZ2VzL3ByX3AvNS84LzgvOC8xLzcvNy8xLzU4ODgxNzcxYS5qcGc_REFURU1BSj0yOS8wNC8yMDI2LTE2OjQxOjM1JjIwMjYwOTE2MDcyNDA1_rct?func=crop&w=320&gravity=auto,2026-09-24,"Réf : 152SANTY 233- CHB1 Immobilière DABRETEAU vous propose à la location, une chambre meublée en colocation dans un appartement de type 5 situé en rez-de-chaussée du 152 avenue Paul Santy à Lyon 8ème. L'appartement de 79.58m² se compose d'une pièce de vie agréable ouverte sur une cuisine équipée et aménagée très conviviale, deux salles de douches ainsi qu'un WC individuel. La chambre privative de 11.8m² est composée d'un lit double, d'un espace de travail avec bureau et chaise ainsi qu'un coin rangement. Le chauffage , l'eau chaude et l'eau froide sont compris dans le forfait de charges. ------------------ Loyer HC : 450 euros/mois Forfait de charges : 30 euros/mois comprenant l'eau chaude, l'eau froide, l'électricité, le chauffage Dépôt de garantie : 2 mois de loyer hors charges Honoraires de location : 276.01 euros TTC comprenant (63.74 euros TTC pour l'état des lieux et 212.27 euros TTC pour la constitution du dossier). ---------------- Loyer de référence : 310.56 euros HC/mois, soit 11.30 euros/m² Loyer majoré : 373.72 euros HC/mois, soit 13.60 euros/m² Complément de loyer : 78.99 euros/mois compte tenu du fait que l'appartement a été entièrement rénové et propose pour plus de confort, des équipements supplémentaires comme une télévision, une machine à laver, magnifique parc arboré dans la copropriété, parking sécurisé, confort énergétique du logement , aucun vis à vis, internet par câble Ethernet et Wifi par la fibre. ---------------- Disponible de suite ! POUR PLANIFIER UNE VISITE : envoyez-nous un message depuis l'annonce et vous recevrez un lien pour déposer votre dossier sur la plateforme sécurisée UPLACE. Etat général : Bon Etat Année de construction : 1958 Chauffage : Individuel Chauffage (mécanisme) : Radiateur Chauffage (mode) : Electrique Cuisine : AmenageeEquipee Ascenceur : oui Charges : 30 Numéro de mandat : 152SANTY233-CHB1 Provision sur Charges : 30 euros Bareme ALUR : https://media.immo-facile.com/segments/immo/catalog/images/manufacturers_bareme/138198.pdf Honoraires Etat des lieux Locataires : 63.74 Bien situé dans une ville soumis à l'encadrement des loyers : Loyer de Référence Majoré : 258.53 euros Loyer de Base : 258.54 euros Complément loyer : 191.46 Disponible immédiatement Lieu : Rhône (69)"
Appartement Lyon 7,700 € CC*,https://www.paruvendu.fr/immobilier/location/appartement/1295382108A1KILHAP000,https://img.paruvendu.fr/media_ext/_https_/pentesimmo.staticlbi.com/d2/14/L3dhL2ltYWdlcy9iaWVucy8xL2ZlYjlhYzk0ZTZlOGI4YjVhZDczZTBhYWZlZjRhY2MwL3Bob3RvXzcyZGU2ZjE5ZTZiNTc4NWJkMWUxZjcxYzdiMjFkYTAwLmpwZz8yMDI2MDkxNTIzMTYyNA_rct?func=crop&w=320&gravity=auto,2026-09-24,"RUE DE MARSEILLE TRAM ST-ANDRE/METRO GUILLOTIERE A louer appartement de type 2 refait à neuf, extrêmement lumineux, au cinquième étage sans ascenseur, d'une surface au sol de 39 m2, et comprenant un séjour donnant sur une cuisine ouverte avec bloc évier, une chambre, salle de bains avec baignoire, salle d'eau avec W.C, espaces de rangement. Autres prestations : chauffage individuel gaz, eau chaude par cumulus électrique. DPE : D Loyer : 647,00 EUR Montant des charges : 53,00 EUR Dépôt de garantie : 647,00 EUR Honoraires à la charge du locataire : 511,68€ TTC comprenant l'état des lieux Loyer de référence : 538,20 EUR HC Loyer de référence majoré : 647,40 EUR HC PREMIER CONTACT PAR MAIL IMPERATIF 2.16.1.2 2.16.1.2 2.16.1.2 Détails : Nombre de chambre(s) : 1 Nombre de pièces : 2 Nb de salle d'eau : 1 Cuisine : Kitchenette Mode de chauffage : CONVECTEUR Type de chauffage : ELECTRIQUE Format de chauffage : INDIVIDUEL Nombre de wc : 1 Part Honoraires Etat des lieux : 115.14 euros Type de charge : forfaitaires mensuelles Charges : 53 euros/mois Lieu : Rhône (69)"
Duplex/triplex 78 m2 Lyon 3,1 140 € CC*,https://www.paruvendu.fr/immobilier/location/duplex-triplex/1295382107A1KILHDU000,https://img.paruvendu.fr/media_ext/_https_/pentesimmo.staticlbi.com/f2/57/L3dhL2ltYWdlcy9iaWVucy8xLzJhMTFhYzIzMTc4ZmU3MzZhYzMwNmQ0YjhhNDg5OGM3L3Bob3RvX2NkYWE0NzcyODE2YTZjZTBlYzczNDhiOTQzYTIzNjIwLmpwZz8yMDI2MDkxNTIzMTYyNA_rct?func=crop&w=320&gravity=auto,2026-09-24,"A louer appartement EN DUPLEX de type T3 d'une surface de 78 m2, 5ème étage sans ascenseur, comprenant au rez-de-chaussée un hall d'entrée, une cuisine avec bloc évier, un séjour avec cheminée de décoration, à l'étage, une chambre avec salle de bain et W.C, une chambre avec salle d'eau, un séjour Autres prestations : L'eau chaude et le chauffage sont distribués par une chaudière, double vitrage. DPE : C Proche tous commerces et transport. Loyer : 1.064,00 EUR Montant des charges : 76,00 EUR Dépôt de garantie : 1.064,00 EUR Honoraires à la charge du locataire : 1.023,36€ TTC comprenant l'état des lieux Loyer de référence : 1.064,80 EUR HC Loyer de référence majoré : 1.276,00 EUR HC PREMIER CONTACT PAR MAIL IMPERATIF 2.16.1.2 2.16.1.2 Détails : Nombre de chambre(s) : 2 Nombre de pièces : 3 Nombre de niveaux : 2 Nb de salle d'eau : 2 Cuisine : Americaine Mode de chauffage : RADIATEUR Type de chauffage : GAZ Format de chauffage : CENTRAL Nombre de wc : 1 Part Honoraires Etat des lieux : 236.34 euros Type de charge : forfaitaires mensuelles Charges : 76 euros/mois Lieu : Rhône (69)"
Appartement 90 m2 Lyon 6,2 100 € CC*,https://www.paruvendu.fr/immobilier/location/appartement/1295357428A1KILHAP000,https://img.paruvendu.fr/media_ext/_https_/media.immo-facile.com/d7/81/L29mZmljZTUvYXZlbmlyaW52ZXN0XzA0MDQyNS9jYXRhbG9nL2ltYWdlcy9wcl9wLzYvMS80LzkvOS8yLzAvNS82MTQ5OTIwNWEuanBnP0RBVEVNQUo9MTQvMDkvMjAyNi0wODoxMzozMiYyMDI2MDkyMDA3NTExNw_rct?func=crop&w=320&gravity=auto,2026-09-24,"Lyon 6ème FOCH à 50m du cours Franklin Roosevelt - Niché au DERNIER étage avec ascenseur d'un immeuble ancien sur son terrain, superbe duplex proposé en location meublée de 90m² au sol (75m² carrez) traversant est/ouest avec une magnifique vue dégagée ! Ce bien de qualité se compose d'une entrée, pièce de vie traversante avec cuisine équipée ouverte sur séjour/salle à manger donnant sur un balcon filant, 2 chambres, salle d'eau et Wc séparé. Vous découvrirez à l'étage le coin parents avec une chambre climatisée, dressing, salle d'eau et Wc séparé. Appartement très lumineux, calme, sans vis-à -vis. Votre conseiller : David Savolle Disponible à compter du 9 Octobre 2026. Loyer mensuel : 2 100 euros dont 66 euros de charges. Dépot de garantie : 4 068 euros (2 mois de loyer HC). Honoraires agences: 966,55 euros (visites, constitution des dossiers, rédaction du bail état des lieux). David SAVOLLE (EI) Agent Commercial - Numéro RSAC : 81319229100025 - Lyon. Année de construction : 1900 Chauffage : Individuel Chauffage (mécanisme) : Radiateur Chauffage (mode) : Electrique Fenêtre : Double Vitrage Ascenceur : oui Charges : 66 Précision localisation : Foch Provision sur Charges : 66 euros Bareme ALUR : https://media.immo-facile.com/segments/immo/catalog/images/manufacturers_bareme/396785.pdf Honoraires Etat des lieux Locataires : 223.05 Complément loyer : 792 Lieu : Rhône (69)"
Appartement 101 m2 Lyon 1,NC,https://www.paruvendu.fr/immobilier/location/appartement/1295356046A1KILHAP000,https://img.paruvendu.fr/media_ext/_https_/media.immo-facile.com/d1/a2/L29mZmljZTUvY29tcGFyZXRfaW1tby9jYXRhbG9nL2ltYWdlcy9wcl9wLzYvMC8xLzIvMS84LzEvMi82MDEyMTgxMmEuanBnP0RBVEVNQUo9MjcvMDIvMjAyNi0xMDo0MjoyNCYyMDI2MDkxNTExMTgxMQ_rct?func=crop&w=320&gravity=auto,2026-09-24,"Venez découvrir ce magnifique appartement de style Canut, meublé avec goût, situé au 1er étage rue des Augustins - Lyon 1er. Au bord des Quais Saint Vincent, ce bien traversant dispose d'une entrée avec bureau donnant sur une grande pièce à vivre de 65 m² avec cuisine ouverte entièrement aménagée et équipée (frigo, four, plaque, hotte, lave vaisselle). Une chambre avec cheminée décorative et dressing de 11 m² ainsi qu'une salle d'eau de 6 m². Une buanderie.. Cet appartement vous offre encore plein de surprises, il est disponible immédiatement et vous aurez seulement à déposer vos valises ! A deux pas de l'hotel de ville et de tous commodités. Métro A, bus C3, C13, C14, C18 Loyer : 1480 euros + 20 euros de charges (TOM + charges d'immeuble) DPE classe NRJ D Disponible fin septembre Pour tous renseignements ou une visite, contactez Mathilde Mathilde Lieuze (EI) Agent Commercial - Numéro RSAC : - . Surface séjour : 64 Année de construction : 1900 Chauffage : Individuel Chauffage (mécanisme) : Radiateur Chauffage (mode) : Electrique Fenêtre : Double Vitrage Cuisine : AmenageeEquipee Interphone : oui Modalité de règlement des charges : Previsionnelles_mensuelles_annuelle euros Honoraires Etat des lieux Locataires : 303 Bien situé dans une ville soumis à l'encadrement des loyers : Disponible immédiatement Lieu : Rhône (69)"
Appartement 58 m2 Lyon 6,839 € CC*,https://www.paruvendu.fr/immobilier/location/appartement/1295314084A1KILHAP000,https://img.paruvendu.fr/media_ext/_https_/media.paruvendu.fr/6d/17/L21lZGlhLXBhL1dJMTcvNy85L1dJMTc3OTMwMzg0XzEuanBlZz8yMDI2MDkxNDE0NTcwNQ_rct?func=crop&w=320&gravity=auto,2026-09-24,"MERCI Presenter candidats et garant demandé signe distance . Sera géré par mandataire sans frais pour vous. 1 mois caution. Appartement Traversant, Très Bien Isolé, pas froid hiver pas chaud été, libre calme Parking s/sol, 2 colocs étudiants ou autre, frontière Lyon 6 et charpennes à 5mn à pied metro Tram Bus campus Doua, 3 pièces en rez-de-jardin traversant avec terrasse privative 20m² sécurisé dans cour privé fermé, équipé grilles de sécurité fenêtres côté rue offrant ainsi une protection supplémentaire. Ce bien comprend deux chambres 12 m², grand placard mural dans couloir. Parking sous sol pour 2 autos enfilade Facultatif avec Petit supplément 45€ Lieu : Rhône (69)"
Appartement 60 m2 Lyon 3,1 000 € CC*,https://www.paruvendu.fr/immobilier/location/appartement/1293871325A1KILHAP000,https://img.paruvendu.fr/media_ext/_https_/media.studio-net.fr/a9/32/L2JpZW5zLzMzNjU2NTE2LzZhNzJmMDg3NTIwMjE_MjAyNjA5MjQxMDA0MjM_rct?func=crop&w=320&gravity=auto,2026-09-24,"1000€ CC / Mois A VOIR!! MONTCHAT f2bis composé d'un séjour, cuisine aménagée, chambre, alcôve, sdb, wc, digicode. Zone soumise à encadrement des loyers. Loyer de base: 960€. Loyer de référence majoré: 996€. TTES NOS OFFRES DE LOCATION SUR LOCA.FR. Réf: 6936494. Frais de convention: 220€. Cette offre s'inscrit dans le cadre de la fourniture d'un fichier. Descriptif : - Surface habitable : 60 - Nb. de pièces : 3 Montant des charges : 40 euros Disponible immédiatement Lieu : Rhône (69)"
Appartement 53 m2 Lyon 8,1 050 € CC*,https://www.paruvendu.fr/immobilier/location/appartement/1295637864A1KILHAP000,https://img.paruvendu.fr/media_ext/_https_/www.allyoucanpost.com/35/04/L2FkLXBpY3R1cmUvNmFiNGFlOTg1YzNlMzhlMjhmMDY2ZGU5L3BpY3R1cmUtMC5qcGc_dHM9MTc5MDIyNjA3MiYyMDI2MDkyNDExMTczNw_rct?func=crop&w=320&gravity=auto,2026-09-24,"Appartement de 53 m2 à louer sur Lyon ? 215 route de Vienne – Lyon 8e Superbe T2 de 53 m² entièrement remis à neuf et proposé en location meublée. Situé au 2ème étage d'une résidence agréable, cet appartement bénéficie d'un environnement particulièrement calme et plaisant à proximité des commerces, du tram, station Vélov. ? Orienté plein Est, l'appartement est lumineux et dispose d'un grand balcon accessible depuis le séjour et la cuisine, avec une vue agréable et dégagée sur le jardin intérieur de la résidence. Appartement confortable et entièrement équipé Il se compose de : ? Un séjour lumineux avec parquet en chêne massif ? Une cuisine équipée ? Une chambre avec grand placard ? Une salle de bains avec baignoire (et lave-linge) ? WC séparés ? Balcon donnant sur le jardin intérieur, accessible depuis la cuisine et le séjour. ? Garage box fermé en sous-sol inclus, idéal pour stationner votre véhicule en toute sécurité. Les +++ ? Appartement refait à neuf ? 53 m² ? Entièrement meublé et équipé ? Balcon sur jardin intérieur ? Parquet en chêne massif ? Lave-vaisselle + lave-linge ? Garage fermé en sous-sol inclus ? Tramway et commerces à proximité Ce logement est idéal pour une personne seule ou un couple sérieux, soigneux et minutieux, souhaitant profiter d'un appartement confortable et parfaitement entretenu. ? Visites sur dossier. Particuliers uniquement. Agences immobilières, merci de vous abstenir. Loyer : 1050 € / mois charges comprises DPE classe D Chercher un logement, c'est l'enfer, alors on a créé 123 Loger pour vous simplifier la vie. Combien ça coûte ? Vous réglez le pass de 34 euros (29 euros pour les étudiants). Le pass est mensuel, votre profil reste actif tant que vous restez abonné-e. Sans engagement, vous pouvez vous désabonner très facilement. Nous offrons une garantie satisfait-e ou remboursé-e pendant 1 mois. Comment ça marche ? Sur 123 Loger, ce sont les propriétaires qui contactent les locataires et ça change tout. 1 - Vous définissez vos critères : villes, surface, budget, etc 2 - Vous décrivez votre profil locataire : CDI, étudiant, indépendant, revenus, garant, etc… Une fois pour toute ! 3 - Les propriétaires consultent votre profil et vous contactent directement. À bientôt sur 123 Loger. CC TTC Charges : 120 euros/mois Lieu : Rhône (69)"
Appartement 52 m2 Lyon 2,1 199 € CC*,https://www.paruvendu.fr/immobilier/location/appartement/1293998591A1KILHAP000,https://img.paruvendu.fr/media_ext/_https_/images.lesoft.fr/85/70/L19yb2JvdHMvZXhwb3J0L2ltYWdlcy81LzEwMjYvbG9jYXRpb24vcHJpbmNpcGFsZS8xMTE2MzAuanBnPzE3ODIyMjY0OTMmMjAyNjA5MjIxODE2MTQ_rct?func=crop&w=320&gravity=auto,2026-09-24,"L'agence LOUIS'APPART vous propose en location, ce superbe T3 de 68 m² habitables dont 52 m² Carrez au 6ème étage situé 36 rue Grenette ans le 2éme arrondissement. Au centre de la Presqu'île, quartier Cordeliers, à proximité immédiate des métros, bus et commerces, ce superbe appartement bénéficie d'un emplacement privilégié. Description : Grand séjour lumineux avec poutres apparentes Sol en carrelage imitation parquet - Cuisine ouverte équipée, moderne et refaite récemment, comprenant : - plaque vitrocéramique 4 feux - évier et robinetterie récents - nombreux rangements - plan de travail style Wood - branchement lave-vaisselle - éclairage LED 2 chambres : - Deux chambres avec parquet clair. une salle d'eau avec douche, lavabo, paroi et sèche serviettes et WC. Chauffage : Pompe à chaleur Air/air Climatisation. Appartement rénové récemment. Zone soumis à l'encadrement des loyers. Surface : 52.00 m² Loyer de base : 502.39 euros/mois Loyer de référence majoré : 601.35euros/mois Complément de loyer : 597.65 euros/mois Loyer : 1149.00 euros Charges : 50.00 euros comprenant les charges de copropriété et l'entretien. Dépôt de garantie : 1149.00 euros Loyer charges comprises: 1199.00 euros Honoraires charges locataires mise en location TTC : 686.12 euros Honoraires charges locataires état des lieux d'entrée TTC : 206.04 euros Pour plus d'informations, je vous invite à me contacter: Jolie chambre meublée avec dressing en colocation entièrement meublée, située au 281 cours Emile Zola 69100 Villeurbanne avec cuisine équipée et meublée (plaques de cuisson, hotte, combiné réfrigérateur congélateur, four encastrable, machine à laver), séjour meublé, balcon sans vis à vis donnant sur terrasse, salle de bains et WC. Parking gratuit et sécurisé dans la résidence. Prestations soignées, rangements. Proche commerces et métro A Disponible de suite. Zone soumis à l'encadrement des loyers Surface totale du bien avec 3 chambres : 75.55m² Surface de la chambre : 10.71 m² Loyer de base : 287.09euros/mois Loyer de référence majoré : 345.01euros/mois Complément de loyer : 154.99euros/mois Loyer : 500euros/mois Charges : 50euros/mois comprenant l'eau froide, l'eau chaude, le chauffage collectif et les charges de copropriété Dépôt de garantie : 900 euros car location meublée. Honoraires charges locataires mise en location TTC : 251.83 euros Honoraires charges locataires état des lieux d'entrée TTC : 75.55 euros Pour plus d'informations nous vous invitons à nous contacter. AGENCE LOUIS'APPART Azedine BENZEMMA CC TTC Adresse : 36 rue Grenette, Lyon 2eme, Rhône (69)"
Appartement 64 m2 Lyon 3,1 030 € CC*,https://www.paruvendu.fr/immobilier/location/appartement/1295027751A1KILHAP000,https://img.paruvendu.fr/media_ext/_https_/media.immo-facile.com/84/19/L29mZmljZTgvc3VpdF9ob21lX3BhdHJpbW9pbmUvY2F0YWxvZy9pbWFnZXMvcHJfcC81LzQvNy80LzgvOC80LzEvNTQ3NDg4NDFhLmpwZz9EQVRFTUFKPTA0LzA5LzIwMjYtMTA6MzU6MjEmMjAyNjA5MTEwNzUzNDg_rct?func=crop&w=320&gravity=auto,2026-09-24,"L'agence SUITHOME vous propose à la location ce beau T2 de 63m2 idéalement situé rue Vendôme dans le centre de Lyon. Il se situe au 1 étage d'une magnifique copropriété de 5 étages et se compose d'une cuisine meublée et équipée, un séjour, une chambre fermée, une salle de bain et un WC. Les proportions idéales des pièces ainsi que le parquet sauront vous séduire à coup sûr. Une cave vient compléter ce bien d'exception. Loyer mensuel : 1 030.15 euros par mois; charges comprises dont 75 euros de charges récupérables par provisions (entretien des parties communes, ascenseur, chauffage). Zone soumise à encadrement des loyers Loyer de référence majoré : 1 081.26 euros Loyer de base : 902.12 euros Dépôt de garantie : 955.15 euros (soit deux mois de loyer) Performance énergétique : DPE : D GES : B Montant estimé des dépenses annuelles d'énergie pour un usage standard : entre 900 euros et 1270 euros (année de référence : 2021) Montant total des honoraires pour la visite du logement, les frais de dossier et la rédaction du bail : 831.74 euros (13 euros/m2) dont 191.94 euros (3 euros/m2) de frais d'état des lieux. Les informations sur les risques auxquels ce bien est exposé sont disponibles sur le site Géorisques : www.georisques.gouv.fr Mentions légales de l'agence : https://suithome.fr/wp-content/uploads/Mentions-legales-3.pdf Copropriété de 22 lots. Chauffage : Collectif Cuisine : AmenageeEquipee Charges : 75 Provision sur Charges : 75 euros Bareme ALUR : https://media.immo-facile.com/segments/immo/catalog/images/manufacturers_bareme/263431.pdf Honoraires Etat des lieux Locataires : 191.94 Bien situé dans une ville soumis à l'encadrement des loyers : Loyer de Référence Majoré : 1010.88 euros Loyer de Base : 955.15 euros Lieu : Rhône (69)"
Appartement 62 m2 Lyon 8,590 € CC*,https://www.paruvendu.fr/immobilier/location/appartement/1293477876A1KILHAP000,https://img.paruvendu.fr/media_ext/_https_/media.immo-facile.com/0e/87/L29mZmljZS9saW1vdXppL2NhdGFsb2cvaW1hZ2VzL3ByX3AvNi8wLzcvMi80LzcvNy83LzYwNzI0Nzc3YS5qcGc_REFURU1BSj0yMy8wNy8yMDI2LTE0OjI1OjEwJjIwMjYwOTA5MDcxNTE0_rct?func=crop&w=320&gravity=auto,2026-09-24,"Réf : 1DARGENT -CHB1 1 CHAMBRE EN COLOCATION DISPONIBLE TOUT DE SUITE ! Immobilière DABRETEAU vous propose à la location, une chambre meublée en colocation dans un appartement de type 3 (2 chambres seulement) situé au 1er étage du 1 Rue Professeur Marcel D'argent à Lyon 8ème. L'appartement de 61.95m² se compose d'une pièce de vie agréable et une cuisine équipée et aménagée très conviviale, 1 salle de douche ainsi qu'un WC individuel. La chambre privative de 11m² est composée d'un lit double, d'un espace de travail avec bureau et chaise ainsi qu'un placard de rangement. Le chauffage , l'eau chaude et l'eau froide sont compris dans le forfait de charges. ------------------ Loyer HC : 450.00 euros/mois Forfait de charges : 150.00 euros/mois comprenant l'eau chaude, l'eau froide, l'électricité, le chauffage Dépôt de garantie : 2 mois de loyer hors charges Honoraires de location : 150 euros TTC comprenant (50 euros TTC pour l'état des lieux et 100 euros TTC pour la constitution du dossier). ---------------- Loyer de référence : 371.97 euros HC/mois, soit 12.20 euros/m² Loyer majoré : 445.15 euros HC/mois, soit euros14.60/m² Complément de loyer : 11.15 euros/mois compte tenu du fait que l'appartement propose une vue dégagée depuis son balcon et sans vis-à-vis. L'appartement a été entièrement rénové et propose pour plus de confort, des équipements supplémentaires comme une télévision, une machine à laver. ---------------- POUR PLANIFIER UNE VISITE : envoyez-nous un message depuis l'annonce et vous recevrez un lien pour déposer votre dossier sur la plateforme sécurisée UPLACE. Etat général : Bon Etat Année de construction : 1958 Chauffage : Individuel Chauffage (mécanisme) : Radiateur Chauffage (mode) : Electrique Cuisine : AmenageeEquipee Ascenceur : oui Charges : 140 Numéro de mandat : 1DARGENT-CHB1 Provision sur Charges : 140 euros Bareme ALUR : https://media.immo-facile.com/segments/immo/catalog/images/manufacturers_bareme/138198.pdf Honoraires Etat des lieux Locataires : 50 Bien situé dans une ville soumis à l'encadrement des loyers : Loyer de Référence Majoré : 258.53 euros Loyer de Base : 258.54 euros Complément loyer : 191.46 Lieu : Rhône (69)"
Appartement 55 m2 Lyon 5,970 € CC*,https://www.paruvendu.fr/immobilier/location/appartement/1295238443A1KILHAP000,https://img.paruvendu.fr/media_ext/_https_/pentesimmo.staticlbi.com/38/98/L3dhL2ltYWdlcy9iaWVucy8xLzA4NmVjOThlNDI0MGQzMzhhMDFiZmM4MTYwOGYwZGY0L3Bob3RvXzUxZDEwYjdiOWUxYWQ0MDA2NDhkNjMzZjlkOTc2NzBlLmpwZz8yMDI2MDkxMDIzMTU0Mg_rct?func=crop&w=320&gravity=auto,2026-09-24,"MAGNIFIQUE T3 BIS MEUBLE A LYON 05 RUE DE TRION A louer magnifique T3 bis, situé à Saint-Just à 3 minutes à pied du funiculaire d'une surface de 55m2, au deuxième étage sans ascenseur, comprenant un séjour avec cuisine ouverte équipée, 2 chambres (3 chambres possible à la place du bureau), un bureau, salle de bain, W.C, espaces de rangement. Chauffage électrique, cumulus. Loyer : 849,00 EUR Montant des charges : 50,00 EUR comprenant l'eau froide Complément de loyer : NEANT Honoraires : 715,00 EUR Dépôt de garantie : Deux mois de loyer hors charges 1er contact par mail Détails : Nombre de chambre(s) : 3 Nombre de pièces : 4 Nombre de niveaux : 1 Nb de salle de bains : 1 Cuisine : Americaine -Equipee Mode de chauffage : CONVECTEUR Type de chauffage : ELECTRIQUE Format de chauffage : INDIVIDUEL Nombre de wc : 1 Part Honoraires Etat des lieux : 166.65 euros Type de charge : forfaitaires mensuelles Charges : 50 euros/mois Lieu : Rhône (69)"
Appartement 71 m2 Lyon 7,415 € CC*,https://www.paruvendu.fr/immobilier/location/appartement/1295648140A1KILHAP000,https://img.paruvendu.fr/media_ext/_https_/www.allyoucanpost.com/01/ed/L2FkLXBpY3R1cmUvNmFiNTA5ZjY0NmExZjM2YTYxMDAxNDY4L3BpY3R1cmUtMC5qcGc_dHM9MTc5MDI0OTQ2MiYyMDI2MDkyNDIwMTc0Nw_rct?func=crop&w=320&gravity=auto,2026-09-24,"Appartement de 71 m2 à louer sur Lyon Merci de bien lire l'annonce, et de me répondre avec le formulaire suivante : Nom et prénom : Age : Situation : étudiant, salarié, étudiant en alternance... Garant : ? #Deux chambres (toutes charges et consommations comprises, sont disponibles à la location, sur 4 chambres #Il s'agît d'une location car baux individuels non solidaires #ouvrant droit aux APL #cœur Lyon Gerland, proche Tram T1 et T6 et Metro B #tous compris : charges d'immeubles, internet, eau, électricité, chauffage ... ************************************** Exceptionnel, à deux minutes du Métro, Rez-de-jardin avec une terrasse jardin de 70m2 à 200m du Métro B Debourg, et des Trams T1 et T6 ainsi que de plusieurs lignes majeures de Bus. Je propose des chambres meublées, toutes charges et consommation comprises. L'appartement est idéal pour la vie étudiante : à deux pas de lENS, de l'ISARA, de l'ECL et de la nouvelle médiathèque de Gerland... avec accès direct par Métro ou par Tram à Lyon 2, à Lyon 3, à l'UCLY, à Science Po et même au Campus de Lyon 1 la Doua. L'appartement donne sur une cour intérieure. Vous allez appréciez le calme absolu et le jardin en plein ville. A proximité du Parc de Gerland, de la gare Jean Macé, des Berges du Rhône et du quartier Confluence. Rénové, l'appartement est meublé et équipé. Il se constitue de : Une entrée eu un couloir distribuant les différentes pièces, Une cuisine pièce de vie de 15 M2 avec Bar/point repas, équipée et disposant d'un réfrigérateur congélateur, d'un hôte, d'un four, d'un micro-onde, d'une machine à laver... La cuisine ouvre sur la terrasse/jardin de 70 m2, la terrasse sécurisée dispose d'un abri de jardin et un coin vélos, Deux salles d'eau avec chacune une cabine de douche. 2 WC Et quatre chambres disposant chacune d'un lit double 140 190, d'une armoire et d'un bureau Chambre disponible : Chambre 4 : (10,5 m2) ==>> Loyer HC 315 euros + 110 euros de forfait charges et consommations Une place de parking privative Chercher un logement, c'est l'enfer, alors on a créé 123 Loger pour vous simplifier la vie. Combien ça coûte ? Vous réglez le pass de 34 euros (29 euros pour les étudiants). Le pass est mensuel, votre profil reste actif tant que vous restez abonné-e. Sans engagement, vous pouvez vous désabonner très facilement. Nous offrons une garantie satisfait-e ou remboursé-e pendant 1 mois. Comment ça marche ? Sur 123 Loger, ce sont les propriétaires qui contactent les locataires et ça change tout. 1 - Vous définissez vos critères : villes, surface, budget, etc 2 - Vous décrivez votre profil locataire : CDI, étudiant, indépendant, revenus, garant, etc… Une fois pour toute ! 3 - Les propriétaires consultent votre profil et vous contactent directement. À bientôt sur 123 Loger. CC TTC Charges : 110 euros/mois Lieu : Rhône (69)"
Appartement 70 m2 Lyon 1,1 300 € CC*,https://www.paruvendu.fr/immobilier/location/appartement/1295204193A1KILHAP000,https://img.paruvendu.fr/media_ext/_https_/photos.ubiflow.net/bb/ea/LzY5NDUzOC81NDg5NjE0MzQvcGhvdG9zLzEuanBnPzIwMjYwOTEwMDcyMTEw_rct?func=crop&w=320&gravity=auto,2026-09-24,"COTE SAONE - Référence de l'annonce 26180 - Située dans le 1er arrondissement de Lyon, cette résidence bénéficie d'un emplacement privilégié, à proximité immédiate des commerces, transports et commodités du quotidien. Le quartier offre un cadre de vie agréable et pratique, permettant de rejoindre facilement le centre-ville. Une localisation idéale pour profiter pleinement de la vie lyonnaise. Découvrez cet appartement T3 de 70,65 m² situé en rez-de-chaussée. Il se compose d'une entrée avec placard, d'un agréable salon ainsi que d'une cuisine disposant d'un évier et de meubles de rangement. L'espace nuit comprend deux chambres avec placards intégrés ainsi qu'une salle de bains équipée d'une baignoire, d'un meuble vasque et d'un miroir. Chauffage individuel au gaz. Un garage en sous-sol est compris dans le prix du bien. (165€ inclus dans le montant du loyer de 1135€ charges comprises). VALORITY ADB Les informations sur les risques auxquels ce bien est exposé sont disponibles sur le site Géorisques : www.georisques.gouv.fr Honoraires d'état des lieux : 211.95 Bien situé dans une ville soumis à l'encadrement des loyers : Adresse : rue Duroc, Lyon, Rhône (69)"
Appartement 50 m2 Lyon 3,830 € CC*,https://www.paruvendu.fr/immobilier/location/appartement/1295197462A1KILHAP000,https://img.paruvendu.fr/media_ext/_https_/media.paruvendu.fr/e5/72/L21lZGlhLXBhL1dJMTcvNy85L1dJMTc3OTE3NDAzXzEuanBlZz8yMDI2MDkxNTE4NTUwOQ_rct?func=crop&w=320&gravity=auto,2026-09-24,"Jolie T2 50m2 rafraîchi, rdc avec jardin privatif arboré interieur sans vis à vis, idéal pour personne possedant un animal. calme. Toute commodités a proximité, proche part dieu. Jolie quartier Lieu : Rhône (69)"
Chambre 150 m2 Lyon 6,720 € CC*,https://www.paruvendu.fr/immobilier/location/chambre/1295183458A1KILHCM000,https://img.paruvendu.fr/_static_/2026092408/communfo/img/sitemobile/transparent_1x1.png,2026-09-24,"Chambre meublée pour Etudiant(e) ou Salarié(e) en colocation 1 rue Bossuet 69006 LYON Libre de suite, Reste une Chambre double meublée de 25 m² pour Etudiant(e) ou salarié(e) toute équipée en Co-Location tout refait à neuf comprenant Lit et literie ? Armoire ? bureau ? Micro-onde ? plus vaisselle dans la chambre ? aspirateur et fer à repasser. En commun : Cuisine entièrement équipée ? Salle de bains WC ? pièce d'accueil pour réception avec terrasse privative et jardin bio (tomates ? courgettes ? choux à entretenir et déguster). Loyer : 590€ plus charges 80€ et bien mobilier 50€ : soit 130€: comprenant Eau ? Electricité - Gaz ? chauffage ? Wifi ? assurance ? charges immeuble ? Taxe ordure ménagère. Garants obligatoires. Dépôt de Garantie : Deux mois avec Constat d'huissier pour état des lieux. Adresse : 1 rue Bossuet 69006 LYON Métro Foch ? Bus ? station Vélov proche Gare Part Dieu à 20 mn à pied ou Perrache Métro Foch ligne directe Bail de 9 mois pour étudiant(e) renouvelable ou un an pour salarié (e). Visites prévues les après-midis de 15h 30 à 18h. Premier contact par mail () avec votre numéro de téléphone : je rappelle Lieu : Rhône (69)"
Appartement 40 m2 Lyon 8,700 € CC*,https://www.paruvendu.fr/immobilier/location/appartement/1295648290A1KILHAP000,https://img.paruvendu.fr/media_ext/_https_/www.allyoucanpost.com/ae/34/L2FkLXBpY3R1cmUvNmFiNTBhNzM2NmMyODc3ODMzMDRhOTcxL3BpY3R1cmUtMC5qcGc_dHM9MTc5MDI0OTU4NyYyMDI2MDkyNDIwMTc0OA_rct?func=crop&w=320&gravity=auto,2026-09-24,"Appartement de 40 m2 à louer sur Lyon T2 Lyon 8 - Jet d'Eau Cuisine équipée avec rangements / cuisinière gaz / plan de travail Chambre avec placard mural Salle de bain avec douche / rangements / miroir Hall d'entrée avec rangements Chercher un logement, c'est l'enfer, alors on a créé 123 Loger pour vous simplifier la vie. Combien ça coûte ? Vous réglez le pass de 34 euros (29 euros pour les étudiants). Le pass est mensuel, votre profil reste actif tant que vous restez abonné-e. Sans engagement, vous pouvez vous désabonner très facilement. Nous offrons une garantie satisfait-e ou remboursé-e pendant 1 mois. Comment ça marche ? Sur 123 Loger, ce sont les propriétaires qui contactent les locataires et ça change tout. 1 - Vous définissez vos critères : villes, surface, budget, etc 2 - Vous décrivez votre profil locataire : CDI, étudiant, indépendant, revenus, garant, etc… Une fois pour toute ! 3 - Les propriétaires consultent votre profil et vous contactent directement. À bientôt sur 123 Loger. CC TTC Charges : 35 euros/mois Lieu : Rhône (69)"
Appartement 19 m2 Lyon 3,620 € CC*,https://www.paruvendu.fr/immobilier/location/appartement/1295143848A1KILHAP000,https://img.paruvendu.fr/media_ext/_https_/media.studio-net.fr/37/d8/L2JpZW5zLzMzNzg4NTM1LzZhYTAwYTQxNGIwZmE_MjAyNjA5MjQxMDA0MjM_rct?func=crop&w=320&gravity=auto,2026-09-24,"620€ CC - A SAISIR DE SUITE à LYON 3ème quartier la Guillotière studio de 19m² + mezzanine de 8m², composé séjour, kitchenette équipée, salle de douche,wc, placards, double vitrage. Zone soumise à encadrement des loyers - Loyer de base: 595€ - Loyer de référence majoré: 392,58€ - Maj.de loyer: 202,42€ - TOUTES NOS OFFRES DE LOCATION SUR LOCA.FR - Réf - 6936158- Frais de convention: 220€ - Cette offre s'inscrit dans le cadre de la fourniture d'un fichier. Descriptif : - Surface habitable : 19 - Nb. de pièces : 1 Montant des charges : 25 euros Disponible immédiatement Lieu : Rhône (69)"
Appartement 32 m2 Lyon 5,700 € CC*,https://www.paruvendu.fr/immobilier/location/appartement/1295134511A1KILHAP000,https://img.paruvendu.fr/media_ext/_https_/media.studio-net.fr/91/23/L2JpZW5zLzMzNzg3NDQ0LzZhOWZjNTZhZTA4MDA_MjAyNjA5MjQxMDA0MjM_rct?func=crop&w=320&gravity=auto,2026-09-24,"700€ CC/ Mois - A SAISIR DE SUITE à SAINT JUSTE à LYON 5ème, studio de 32m² composé d'une entrée, séjour, kitchenette équipée, salle de douche, wc, double vitrage, placards. Zone soumise à encadrement des loyers. Loyer de base: 675€. Loyer de référence majoré: 5675.20€ - TOUTES NOS OFFRES DE LOCATION SUR LOCA.FR. Réf: 6936553. Frais de convention : 220€. Cette offre s'inscrit dans le cadre de la fourniture d'un fichier. Descriptif : - Surface habitable : 32 - Nb. de pièces : 1 Montant des charges : 25 euros Disponible immédiatement Lieu : Rhône (69)"
Appartement 69 m2 Lyon 9,979 € CC*,https://www.paruvendu.fr/immobilier/location/appartement/1295117811A1KILHAP000,https://img.paruvendu.fr/media_ext/_https_/photos.ubiflow.net/51/bf/LzY5NDUzOC81NDg2MjE4MjIvcGhvdG9zLzEuanBnPzIwMjYwOTA4MDcyMzI3_rct?func=crop&w=320&gravity=auto,2026-09-24,"LA ROTONDE – Référence de l'annonce 20502 – Idéalement située au cœur de Vaise, dans le 9ème arrondissement de Lyon, la résidence LA ROTONDE bénéficie d'un emplacement privilégié entre Gorge de Loup et Valmy. Commerces, services et métro D sont facilement accessibles. Découvrez ce bel appartement T3 de 69,25 m². Il se compose d'une entrée avec placard, d'un séjour lumineux avec cuisine ouverte, le tout prolongé par un agréable balcon de 9 m². L'espace nuit comprend deux chambres avec placard, une salle de bains équipée d'une baignoire, d'un meuble vasque et d'un miroir, ainsi que des WC séparés. Chauffage individuel au gaz. Un garage vient compléter ce bien. Un appartement lumineux et fonctionnel, idéalement situé dans un quartier dynamique et bien desservi. VALORITY ADB. Les informations sur les risques auxquels ce bien est exposé sont disponibles sur le site Géorisques : www.georisques.gouv.fr Honoraires d'état des lieux : 207.75 Bien situé dans une ville soumis à l'encadrement des loyers : Adresse : place RHODIACETA, Lyon 9eme, Rhône (69)"
Appartement 113 m2 Lyon 3,1 952 € CC*,https://www.paruvendu.fr/immobilier/location/appartement/1293100021A1KILHAP000,https://img.paruvendu.fr/media_ext/_https_/img.netty.immo/fb/88/L3Byb2R1Y3R3L2NvbXBhbnk1NTAxNmFqbS8yL0xBMTk4Ni8xNzg4MTg1NTY1X0xBMTk4Nl8xN19vcmlnaW5hbC5qcGc_MjAyNjA5MjExMzQ5MjM_rct?func=crop&w=320&gravity=auto,2026-09-24,"RUE ANTOINE CHARIAL, DANS SECTEUR RESIDENTIEL, AU 8ème et DERNIER ETAGE D UNE RESIDENCE CALME, DE BON STANDINGAVEC JARDIN & PISCINE PRIVATIVE, NOUS VOUS PROPOSONS CE TYPE V MEUBLE DE 114M², EN PARFAIT ETAT AVEC TERRASSE ET BALCON, EXPOSE EST/OUEST, VUE DEGAGEE SUR PISCINE ET COLLINE DE LYONSEJOUR SUR TERRASSE, DEGAGEMENT AVEC DE NOMBREUX RANGEMENT MURAUX, 4 CHAMBRES, UNE CUISINE EQUIPPE OUVRANT SUR BALCON/EST, DEUX SALLE D'EAU, TOILETTES.CHAUFFAGE INDIVIDUEL ELECTRIQUE, DOUBLE VITRAGE, GARAGE Les coûts sont estimés en fonction des caractéristiques de votre logement et pour une utilisation standard sur 5 usages (chauffage, eau chaude sanitaire, climatisation,éclairage, auxiliaires) entre 1542€ et 2087€ par an""Les informations sur les risques auxquels ce bien est exposé sont disponibles sur le site Géorisques "".Honoraires d'agence :1.482 euros dont 342 d'état des lieux Carte pro. 693537. ""Les informations sur les risques auxquels ce bien est exposé sont disponibles sur le site Géorisques "". CC TTC Numéro de mandat : 2460193 Plus d'information : - Piscine - Aménagement pour handicapés Lieu : Rhône (69)"
Appartement 77 m2 Lyon 1,700 € CC*,https://www.paruvendu.fr/immobilier/location/appartement/1290542435A1KILHAP000,https://img.paruvendu.fr/media_ext/_https_/pentesimmo.staticlbi.com/31/ee/L3dhL2ltYWdlcy9iaWVucy8xLzkyZGQ5NWUxNWQzZGE0YjE5ZTkyMWMzZmQyMWUyYWFmL3Bob3RvX2E0Y2I1ZDljZDE0YTAyMDc2YTQ3YzM1NmZmMDQ1NGExLmpwZz8yMDI2MDkwODA1MTUwNg_rct?func=crop&w=320&gravity=auto,2026-09-24,"LOCATION A LA CHAMBRE AVEC DOUCHE ET LAVABO PRIVATIVE TOUTES CHARGES COMPRISES (edf, eau, internet) A PROXIMITE IMMEDIATE DE LA PLACE PRADEL Chambre à louer dans une colocation 100% féminine de 4 personnes maximum au sein d'un magnifique appartement en duplex de type T5 d'une surface de 77 m2 à proximité immédiate de la place Pradel. Il comprenant : - au premier niveau : séjour, une chambre, salle d'eau privative, espaces de rangement. - au second niveau : cuisine ouverte avec vaste espace de vie, trois chambres pourvues de douche, W.C Equipement mis à disposition : lave-vaisselle, lave-linge, sèche-linge, DPE D Loyer charges comprises comprenant l'ensemble des abonnements (internet, électricité, eau, entretien chaudière) : 700,00 EUR Dépôt de garantie : 700,00 EUR Honoraires à la charge du locataire : 500 € TTC comprenant l'état des lieux Détails : Nombre de chambre(s) : 4 Nombre de pièces : 5 Nombre de niveaux : 2 Nb de salle d'eau : 4 Cuisine : Americaine -Equipee Nombre de wc : 1 Part Honoraires Etat des lieux : 50 euros Type de charge : forfaitaires mensuelles Charges : 30 euros/mois Lieu : Rhône (69)"
Appartement 107 m2 Lyon 8,1 390 € CC*,https://www.paruvendu.fr/immobilier/location/appartement/1293005315A1KILHAP000,https://img.paruvendu.fr/media_ext/_https_/photos.ubiflow.net/85/29/LzY5MTQ5MS81Mzk3MDY5MzUvcGhvdG9zLzEuanBnPzIwMjYwOTA3MDUxNTA1_rct?func=crop&w=320&gravity=auto,2026-09-24,"Profitez d'une vue dégagée et d'un cadre lumineux dans cet appartement T4 spacieux de 108 m². Deux balcons et garage privatif complètent ce bien idéalement situé avec accès facile aux transports en commun. Situé au 133 rue Challemel-Lacour, au 7? et dernier étage avec ascenseur, ce spacieux appartement T4 de 108 m² offre une vue entièrement dégagée et un cadre de vie lumineux. Il se compose de trois chambres, d'une cuisine, d'une salle de bains, de nombreux rangements ainsi que d'un vaste séjour ouvert sur la salle à manger. Cette configuration offre différentes possibilités d'aménagement et peut notamment convenir à une famille ou à une colocation, (possibilité de créer une 4ème chambre semi-ouverte dans le séjour) Deux balcons permettent de profiter d'un agréable espace extérieur. Un garage privatif en sous-sol complète ce bien. L'appartement bénéficie d'un accès rapide aux lignes de bus et au tramway T6, facilitant les déplacements au quotidien. Disponible immédiatement Loyer de base: 1291€ Loyer de référence majoré: 1291€ Complément de loyer: 0€ Nom du négociateur : BON Fanny Honoraires d'état des lieux : 322.95 Bien situé dans une ville soumis à l'encadrement des loyers : Loyer de Référence Majoré : 1291 euros Adresse : 133, Rue Challemel-Lacour, Lyon, Rhône (69)"
Chambre 12 m2 Lyon 8,550 € CC*,https://www.paruvendu.fr/immobilier/location/chambre/1294954482A1KILHCM000,https://img.paruvendu.fr/media_ext/_https_/media.studio-net.fr/39/4a/L2JpZW5zLzMzNzY0MjY3LzZhOTkzMjEzYzNjODE_MjAyNjA5MjQxMDA0MjM_rct?func=crop&w=320&gravity=auto,2026-09-24,"550€ CC / Mois A SAISIR!! JET D'EAU chambre meublée en colocation, ttes charges comprises ( chauffage, eau et EDF) , placards, balcon, digicode, double vitrage. Zone soumise à encadrement des loyers. Loyer de base: 450€. Loyer de référence majoré: 217,50€. Majoration de loyer: 232,50€. TTES NOS OFFRES DE LOCATION SUR LOCA.FR. Réf: 6936549. Frais de convention: 220€. Cette offre s'inscrit dans le cadre de la fourniture d'un fichier. Descriptif : - Surface habitable : 12 - Meublé - Nb. de pièces : 1 Montant des charges : 100 euros Disponible immédiatement Lieu : Rhône (69)"
Appartement 31 m2 Lyon 3,720 € CC*,https://www.paruvendu.fr/immobilier/location/appartement/1294923744A1KILHAP000,https://img.paruvendu.fr/media_ext/_https_/media.studio-net.fr/25/77/L2JpZW5zLzMzNzU4NTIzLzZhOTgxMjE2OThkNmM_MjAyNjA5MjQxMDA0MjM_rct?func=crop&w=320&gravity=auto,2026-09-24,"720€ CC / Mois A SAISIR!! DAUPHINE LACASSAGNE f1bis meublé composé d'une entrée, séjour, cuisine équipée, alcôve, placards, sdd, wc, digicode, double vitrage, volets roulants. Zone soumise à encadrement des loyers. Loyer de base: 700€. Loyer de référence majoré: 730,80€. TTES NOS OFFRES DE LOCATION SUR LOCA.FR. Réf: 6936548. Frais de convention: 220€. Cette offre s'inscrit dans le cadre de la fourniture d'un fichier. Descriptif : - Surface habitable : 31 - Meublé - Nb. de pièces : 2 Montant des charges : 20 euros Disponible immédiatement Lieu : Rhône (69)"
Appartement 55 m2 Lyon 7,1 050 € CC*,https://www.paruvendu.fr/immobilier/location/appartement/1294913624A1KILHAP000,https://img.paruvendu.fr/media_ext/_https_/media.studio-net.fr/b5/cb/L2JpZW5zLzMzNzU3ODk2LzZhOTkyMzJlMTczMjA_MjAyNjA5MjQxMDA0MjM_rct?func=crop&w=320&gravity=auto,2026-09-24,"1050€ CC / Mois A SAISIR!! JEAN MACE f3 meublé refait à neuf composé d'une entrée, séjour, cuisine équipée, 2 chambres, placards, sdb, wc, interphone, double vitrage. Zone soumise à encadrement des loyers. Loyer de base: 950€. Loyer de référence majoré: 929,50€. Majoration de loyer: 20,50€. TTES NOS OFFRES DE LOCATION SUR LOCA.FR. Réf: 6936547. Frais de convention: 220€. Cette offre s'inscrit dans le cadre de la fourniture d'un fichier. Descriptif : - Surface habitable : 55 - Meublé - Ascenseur - Nbre. de chambres : 2 - Nb. de pièces : 3 - Balcon Montant des charges : 100 euros Disponible immédiatement Lieu : Rhône (69)"
Appartement 55 m2 Lyon 7,840 € CC*,https://www.paruvendu.fr/immobilier/location/appartement/1294907415A1KILHAP000,https://img.paruvendu.fr/media_ext/_https_/media.paruvendu.fr/33/c8/L21lZGlhLXBhL1dJMTcvNy84L1dJMTc3ODg2MzgwXzEuanBlZz8yMDI2MDkxMzE1NTIzNw_rct?func=crop&w=320&gravity=auto,2026-09-24,"Merci FAIRE présentation candidats et Garant demandé chacun signe distance. Sera géré par Mandataire Sans frais pour vous, appartement étage supérieur avec ascenseur, Semi meublé, cuisine équipé nécessaire, Libre, calme. 1 mois caution. Garage individuel s/sol Facultatif avec Supplément 48€, pour 2 colocs avec garant Chacun signe distance. Appartement Très Bien isolé pas froid hiver pas chaud été, Intersection avenue Berthelot / Route de Vienne dans prolongement rue Garibaldi 3 mn à pied Tram T6 et proche tram T2 + Bus C12 devant résidence, étage Supérieur avec ascenseur, côté jardin intérieur résidence. 2 chambres + Séjour, cuisine salle bain , wc Tout Séparé, Lumineux, Vu espace vert, immeuble Récent, proche Facultés, Part dieu + gare Jean Macé + part dieu + Hôpitaux avec Tram T6 Lieu : Rhône (69)"
Appartement 53 m2 Lyon 9,950 € CC*,https://www.paruvendu.fr/immobilier/location/appartement/1295648300A1KILHAP000,https://img.paruvendu.fr/media_ext/_https_/www.allyoucanpost.com/8f/33/L2FkLXBpY3R1cmUvNmFiNTBhN2M4YWYzNDQ1YmUzMGQyZWJhL3BpY3R1cmUtMC5qcGc_dHM9MTc5MDI0OTU5NiYyMDI2MDkyNDIwMTc0OA_rct?func=crop&w=320&gravity=auto,2026-09-24,"Appartement de 53 m2 à louer sur Lyon Bonjour, Disponible immédiatement et prêt à l'utilisation. Je met en location pour 6 mois avec possibilité de reconduction un appartement situé à Lyon 9eme À champvert meublé. Il est composé d'une cuisine équipé une salle de bain avec baignoire une chambre avec rangement salon et toilette séparés ainsi que deux grands balcons. Loyer 950€. Je recherche des personnes propres et assidues dans le paiement du loyer. Animaux non accepté. Je vous remercie et vous souhaite une bonne journée. Chercher un logement, c'est l'enfer, alors on a créé 123 Loger pour vous simplifier la vie. Combien ça coûte ? Vous réglez le pass de 34 euros (29 euros pour les étudiants). Le pass est mensuel, votre profil reste actif tant que vous restez abonné-e. Sans engagement, vous pouvez vous désabonner très facilement. Nous offrons une garantie satisfait-e ou remboursé-e pendant 1 mois. Comment ça marche ? Sur 123 Loger, ce sont les propriétaires qui contactent les locataires et ça change tout. 1 - Vous définissez vos critères : villes, surface, budget, etc 2 - Vous décrivez votre profil locataire : CDI, étudiant, indépendant, revenus, garant, etc… Une fois pour toute ! 3 - Les propriétaires consultent votre profil et vous contactent directement. À bientôt sur 123 Loger. CC TTC Charges : 50 euros/mois Lieu : Rhône (69)"
Appartement 31 m2 Lyon 5,845 € CC*,https://www.paruvendu.fr/immobilier/location/appartement/1294829666A1KILHAP000,https://img.paruvendu.fr/media_ext/_https_/media.studio-net.fr/c7/c4/L2JpZW5zLzMzNzQ1NzAzLzZhYjEzN2U3MWExNmU_MjAyNjA5MjQxMDA0MjM_rct?func=crop&w=320&gravity=auto,2026-09-24,"845€ CC / Mois A VISITER!! SAINT GEORGES spacieux f1 composé d'un séjour, cuisine équipée, placards, sdb, wc, digicode, double vitrage. Zone soumise à encadrement des loyers. Loyer de base: 810€. Loyer de référence majoré: 654,10€. Majoration de loyer : 155,90€. TTES NOS OFFRES DE LOCATION SUR LOCA.FR. Réf: 6936544. Frais de convention: 220€. Cette offre s'inscrit dans le cadre de la fourniture d'un fichier. Descriptif : - Surface habitable : 31 - Nb. de pièces : 1 Montant des charges : 35 euros Disponible immédiatement Lieu : Rhône (69)"
Appartement 32 m2 Lyon 3,623 € CC*,https://www.paruvendu.fr/immobilier/location/appartement/1292863799A1KILHAP000,https://img.paruvendu.fr/media_ext/box.ics.fr/df/60/L2Nvcl9DT1JORUlMTEVfaWtsL2xvY2F0aW9uL3Bob3RvLzkwLUlNR180Mzk1LTYwMDg1Njg1MTU2Mjc0NDg3NzIuanBnPzIwMjYwOTAzMDUxNTA5_rct?func=crop&w=320&gravity=auto,2026-09-24,"Idéalement situé à Lyon 3, cet appartement T1 de 32 m² au 3ème étage offre une belle opportunité. Proche du tramway, il comprend une entrée, une cuisine avec alcôve et une chambre. Loyer mensuel de 623€ charges comprises. LYON 3 - APPARTEMENT T1 DE 32 M2 - LYON 3 - 14 IMPASSE BELLOEUF. Secteur Montchat à proximité du tramway (arrêt Dauphinée Lacassagne), un appartement T1 d'une superficie de 32 m² au 3ème étage sans ascenseur comprenant : une entrée, une cuisine avec alcôve, une chambre, W.C. Salle d'eau. Chauffage électrique. Les charges comprennent l'entretien des parties communes. Bien soumis à l'encadrement de loyer - Loyer de référence majoré (loyer de base à ne pas dépasser) : 20.5 €/m² soit 655.59 € - Loyer de base : 17.10 €/m² soit 546.86 €. Loyer de 623,00 euros par mois charges comprises dont 40,00 euros par mois de provision pour charges (soumis à la régularisation annuelle). Les honoraires charge locataire sont de 417,89 euros ( soit 13,07 euros/m² ) dont 96,90 euros pour état des lieux ( soit 3,03 euros/m² ). Montant estimé des dépenses annuelles d'énergie pour un usage standard : entre 610 et 860 euros. Prix moyens des énergies indexés en 2023. Zone soumise à encadrement des loyers. Le loyer de base du bien proposé est de 583 euros, le loyer de référence majoré (fixé par arrêté préfectoral) est de 655,59 euros Nom négociateur : GATEWAY CORNEILLE null Lieu : Rhône (69)"
Appartement 36 m2 Lyon 1,890 € CC*,https://www.paruvendu.fr/immobilier/location/appartement/1290334100A1KILHAP000,https://img.paruvendu.fr/media_ext/_https_/pentesimmo.staticlbi.com/36/43/L3dhL2ltYWdlcy9iaWVucy8xLzZiN2VhMjI2OGY1MmZmM2Q3NDI3ODA5ZDQ5OWVjZGVmL3Bob3RvX2ZhMjlkYThkNzZkMzk2MzFiOWRjMzVjOTQzM2ZkODczLmpwZz8yMDI2MDkwMzA1MTUwNg_rct?func=crop&w=320&gravity=auto,2026-09-24,"Appartement T1 bis au rez-de-chaussée entièrement meublé et décoré avec goût. Profitez d'un espace confortable avec coin cuisine, buanderie et un loyer de 860€ charges comprises. Atouts : chauffage électrique et double vitrage. T1 BIS SECTEUR CROIX-PAQUET/HOTEL DE VILLE A louer ce bel appartement de type T1 BIS, tout juste décoré avec goût, d'une surface de 36 m2, situé en rez-de-chaussée, MEUBLE et EQUIPE, et comprenant séjour avec coin cuisine, coin nuit avec salle d'eau, W.C séparés, buanderie, espaces de rangement. Autres prestations : chauffage individuel électrique, double vitrage, lave-linge Loyer : 830,00 EUR Loyer de référence : 716,40 EUR Loyer de référence majoré : 860,40 EUR Montant des charges : 60,00 EUR comprenant l'eau Dépôt de garantie : 2 mois de loyer hors charges Honoraires à la charge du locataire : 472,32 € TTC comprenant l'état des lieux DPE D Détails : Nombre de chambre(s) : 1 Nombre de pièces : 1 Nombre de niveaux : 1 Nb de salle d'eau : 1 Cuisine : Kitchenette -Equipee Mode de chauffage : RADIATEUR Type de chauffage : ELECTRIQUE Format de chauffage : INDIVIDUEL Nombre de wc : 1 Part Honoraires Etat des lieux : 109.08 euros Type de charge : forfaitaires mensuelles Charges : 60 euros/mois Lieu : Rhône (69)"
Appartement 11 m2 Lyon 7,600 € CC*,https://www.paruvendu.fr/immobilier/location/appartement/1294870361A1KILHAP000,https://img.paruvendu.fr/media_ext/_https_/media.immo-facile.com/ab/48/L29mZmljZTIwL2ltbW96b25fMzEwNTIyL2NhdGFsb2cvaW1hZ2VzL3ByX3AvNi8xLzQvNC85LzEvMS8wLzYxNDQ5MTEwYS5qcGc_REFURU1BSj0xOC8wOS8yMDI2LTE4OjIxOjM3JjIwMjYwOTE5MDczMDA2_rct?func=crop&w=320&gravity=auto,2026-09-24,"Située dans le dynamique quartier LECLERC - Gerland, cette chambre lumineuse constitue un pied-à-terre pratique proche des services et des transports. La chambre, de 11 m², fait partie d'un appartement partagé, de chauffage collectif. L'appartement totalise salles de bain sur 69 m².Disposition idéale pour une vie partagée entre étudiants et jeunes actifs : 3 pièces et 3 lits, situé au 4éme étage. Idéal pour étudiants ou jeunes professionnels recherchant un logement équipé à Lyon. Charges : 100 Provision sur Charges : 100 euros Bareme ALUR : https://media.immo-facile.com/segments/immo/catalog/images/manufacturers_bareme/257520.pdf Honoraires Etat des lieux Locataires : 70 Lieu : Rhône (69)"
Appartement 82 m2 Lyon 8,1 600 € CC*,https://www.paruvendu.fr/immobilier/location/appartement/1290282404A1KILHAP000,https://img.paruvendu.fr/media_ext/_https_/photos.ubiflow.net/aa/03/LzY5MTQ5MS80NzAzNjUxNTQvcGhvdG9zLzEuanBnPzIwMjYwOTIxMTM1NzA2_rct?func=crop&w=320&gravity=auto,2026-09-24,"IDEAL COLOCATION pour 4 personnes Appartement meublé de type 5 de 85.02m² situé 322 Avenue Berthelot 69008 LYON au 4ème étage avec ascenseur. Il se compose d'un hall d'entrée, de quatre chambres, d'un séjour ouvert sur une cuisine aménagée et équipée, d'une salle d'eau et d'un WC séparé. Chauffage et eau froide inclus dans les charges Disponible immédiatement A proximité immédiate de la ligne de tramway T2 arrêt Bachut - Mairie du 8ème Loyer de référence majoré (loyer de base à ne pas dépasser) : 1172,46€ loyer de base : 1172,46€ complément de loyer: 252,54€ Nom du négociateur : BON Fanny Honoraires d'état des lieux : 246.15 Bien situé dans une ville soumis à l'encadrement des loyers : Loyer de Référence Majoré : 1172.46 euros Montant du complément de loyer : 252.54 euros Adresse : 322, Avenue Berthelot, Lyon, Rhône (69)"
Appartement 69 m2 Lyon 7,1 900 € CC*,https://www.paruvendu.fr/immobilier/location/appartement/1292769010A1KILHAP000,https://img.paruvendu.fr/media_ext/_https_/media.immo-facile.com/e4/b1/L29mZmljZTIwL2ltbW96b25fMzEwNTIyL2NhdGFsb2cvaW1hZ2VzL3ByX3AvNi8wLzkvMS8yLzcvNi83LzYwOTEyNzY3YS5qcGc_REFURU1BSj0wMS8wNy8yMDI2LTA5OjMxOjA0JjIwMjYwOTAxMDUxNTA0_rct?func=crop&w=320&gravity=auto,2026-09-24,"Chambre lumineuse en colocation, idéalement située à Lyon dans le quartier dynamique Leclerc - Gerland. Parfait pour étudiants ou jeunes professionnels, cet appartement de 69 m² offre tout le confort nécessaire avec Wi-Fi et équipements modernes. Située dans le dynamique quartier LECLERC - Gerland, cet appartement en colocation, chambre lumineuse constitue un pied-à-terre pratique proche des services et des transports. La chambre, de 11 m². L'appartement totalise salles de bain sur 69 m².Disposition idéale pour une vie partagée entre étudiants et jeunes actifs : 3 pièces et 3 lits, situé au 1er étage. Idéal pour étudiants ou jeunes professionnels recherchant un logement équipé à Lyon. Charges : 100 Provision sur Charges : 100 euros Bareme ALUR : https://media.immo-facile.com/segments/immo/catalog/images/manufacturers_bareme/257520.pdf Honoraires Etat des lieux Locataires : 70 Lieu : Rhône (69)"
Appartement 28 m2 Lyon 7,650 € CC*,https://www.paruvendu.fr/immobilier/location/appartement/1292741961A1KILHAP000,https://img.paruvendu.fr/media_ext/_https_/media.paruvendu.fr/8a/1b/L21lZGlhLXBhLzk5MjYvNi80Lzk5MjY2NDc4NzJfMS5KUEc_MjAyNjA4MzEwNTE1MDY_rct?func=crop&w=320&gravity=auto,2026-09-24,"Proximité Place Jean Macé, Beau T1 en entresol, de 27 m2 composé d'un séjour avec coin cuisine équipée, une chambre en double vitrage, une douche, et un WC. Le chauffage et l'eau chaude sont assurés par un Cumulus. LIBRE DE SUITE- Loyer 610 € + 40 € de charges. Mail : Disponible immédiatement Adresse : 123 avenue Jean Jaurès, Lyon, Rhône (69)"
Duplex/triplex 101 m2 Lyon 1,1 490 € CC*,https://www.paruvendu.fr/immobilier/location/duplex-triplex/1290237962A1KILHDU000,https://img.paruvendu.fr/media_ext/_https_/pentesimmo.staticlbi.com/f8/0d/L3dhL2ltYWdlcy9iaWVucy8xL2U5N2Y3MWQxNzU5OWVlYWRhNTUzOGFmZWZhNWUzOGU5L3Bob3RvXzE0Y2E3Nzg0OWE3MTk5M2ZlNDQ2MWE5OTBiODhiNTBjLmpwZz8yMDI2MDkwMzIyNTczNQ_rct?func=crop&w=320&gravity=auto,2026-09-24,"Découvrez ce duplex T4 refait à neuf au c?ur de Lyon. Lumineux et spacieux avec ses 101 m2, il dispose de 3 chambres et d'une cuisine ouverte. À seulement 3 minutes du métro, il offre un cadre de vie privilégié en hypercentre. A louer ce magnifique duplex REFAIT A NEUF de type T4, situé en hypercentre à 3 minutes à pied du métro Hôtel de Ville d'une surface de 101 m2, au sixième étage sans ascenseur, comprenant un séjour avec cuisine ouverte, 3 chambres, salle de bain, W.C, espaces de rangement. Chauffage individuel gaz, double vitrage. DPE : D Loyer : 1.400,00 EUR Montant des charges : 90,00 EUR Dépôt de garantie : 1.400,00 EUR Honoraires à la charge du locataire : 1.325,12€ TTC comprenant l'état des lieux Loyer de référence : 1.232,20 EUR HC Loyer de référence majoré : 1.474,60 EUR HC PREMIER CONTACT PAR MAIL IMPERATIF Détails : Nombre de chambre(s) : 3 Nombre de pièces : 4 Nombre de niveaux : 2 Nb de salle de bains : 1 Mode de chauffage : CHAUDIERE Type de chauffage : GAZ Format de chauffage : CENTRAL Nombre de wc : 1 Part Honoraires Etat des lieux : 306.03 euros Type de charge : forfaitaires mensuelles Charges : 90 euros/mois Lieu : Rhône (69)"
Appartement 117 m2 Lyon 1,1 990 € CC*,https://www.paruvendu.fr/immobilier/location/appartement/1294693905A1KILHAP000,https://img.paruvendu.fr/media_ext/_https_/expertimo.staticlbi.com/2f/22/L3dhL2ltYWdlcy9iaWVucy80NjkvYWU2MjBhNGEwZjI3OTM3OTUyZjM4YWQwYjhkYjE1MDMvcGhvdG9fNTc5OWVlYmYyMzFmNzQ3Y2I2NmZkM2UwOTYwNWQwNGMuanBnPzIwMjYwOTI0MDIzOTE2_rct?func=crop&w=320&gravity=auto,2026-09-24,"À LOUER NU 20 RUE DES FLESSELLES, 69001, LYON - Appartement T3 vide de 117m2, dans un immeuble canut au cœur du quartier des Pentes de la Croix-Rousse. Situé au Nord de la Presqu'île, dans un quartier agréable et commerçant, à 15 minutes à pied de l'Hôtel de Ville. Au 6ème et dernier étage avec ascenseur + demi étage à monter, venez découvrir cet appartement entièrement rénové en 2018. Ce bien se compose d'une entrée, d'un vaste séjour avec cuisine ouverte et équipée de 62,20 m2 avec espace de travail, de 2 grandes chambres de 14,25 m2 et 19,95 m2, dont une avec double dressing. Un projet d'aménagement prévu par les propriétaire permet également d'envisager la création d'une troisième chambre d'environ 10 m2, disposant d'une fenêtre. L'appartement comprend également une salle de bains avec baignoire et meuble vasque, ainsi qu'un WC séparé. Charme de l'ancien avec les tomettes au sol, les murs en pierres apparentes et les poutres sous plafond. Transports en commun à proximité (Métro ligne C à 10 minutes, arrêts Croix-Paquet ou Croix-Rousse). Possibilité de stationnement dans la rue. Chauffage individuel au gaz Eau chaude individuelle Contacter O6.48.8O.43.53 de l'agence FLAT FISH IMMO pour visiter cet appartement disponible immédiatement à la location www.flat-fish.fr Chauffage au gaz Loyer C.C. : 1 990€ /mois Honoraire à la charge du locataire : 1535€ dont 354€ pour l'état des lieux Dépôt de garantie 1890€ Disponible à la location immédiatement Détails : Nombre de chambre(s) : 3 Nombre de pièces : 4 Nombre de niveaux : 1 Nb de salle de bains : 1 Cuisine : Americaine -Equipee Mode de chauffage : CONVECTEUR Type de chauffage : GAZ Format de chauffage : INDIVIDUEL Nombre de wc : 1 Cave : 1 Part Honoraires Etat des lieux : 351 euros Type de charge : prévisionnelles mensuelles Charges : 100 euros/moisCharges complémentaires : part des charges de copropriété pour le locataire avec accès local à vélo et cave N°41 Lieu : Rhône (69)"
Appartement 11 m2 Lyon 7,600 € CC*,https://www.paruvendu.fr/immobilier/location/appartement/1294637022A1KILHAP000,https://img.paruvendu.fr/media_ext/_https_/media.immo-facile.com/d8/d4/L29mZmljZTIwL2ltbW96b25fMzEwNTIyL2NhdGFsb2cvaW1hZ2VzL3ByX3AvNi8xLzQvMy8zLzUvNC85LzYxNDMzNTQ5YS5qcGc_REFURU1BSj0xOC8wOS8yMDI2LTE4OjIwOjUzJjIwMjYwOTE5MDczMDA2_rct?func=crop&w=320&gravity=auto,2026-09-24,"Située dans le dynamique quartier LECLERC - Gerland, cette chambre lumineuse constitue un pied-à-terre pratique proche des services et des transports. La chambre, de 11 m², fait partie d'un appartement partagé, de chauffage collectif. L'appartement totalise salles de bain sur 69 m².Disposition idéale pour une vie partagée entre étudiants et jeunes actifs : 3 pièces et 3 lits, situé au 4éme étage. Idéal pour étudiants ou jeunes professionnels recherchant un logement équipé à Lyon. Charges : 100 Provision sur Charges : 100 euros Bareme ALUR : https://media.immo-facile.com/segments/immo/catalog/images/manufacturers_bareme/257520.pdf Honoraires Etat des lieux Locataires : 70 Lieu : Rhône (69)"
Appartement 82 m2 Lyon 4,1 785 € CC*,https://www.paruvendu.fr/immobilier/location/appartement/1292685504A1KILHAP000,https://img.paruvendu.fr/media_ext/_https_/img.netty.immo/cf/75/L3Byb2R1Y3QvY29tcGFueTUzODM2d2JlL0xBNTMzMC8xNzQ5MjM4MDMyX0xBNTMzMF8xX29yaWdpbmFsLmpwZz8yMDI2MDkxNzE0MzgwNA_rct?func=crop&w=320&gravity=auto,2026-09-24,"CROIX ROUSSE. RARE. Rue Bournes. Dans une résidence de standing de 1988, T3 de 82 m² avec terrasse et balcon de 41 m² sans vis à vis, situé au 6ème étage et dernier étage avec ascenseur. Il se compose d'une entrée avec placard, un séjour, une buanderie, une cuisine séparée aménagée, 2 chambres, une salle de douche, WC séparé. Une cave. Charges : 135 euros/mois comprenant eau froide, TOM, entretiens communs, garage. Disponible le 8/07/2026. Dépôt de garantie 1 mois de loyer HC. Honoraires agence 827,38€ TTC ou 1 mois de loyer HC en cas de bail de droit commun. Merci de contacter Claudia Bal . Honoraires de 827,38 € TTC à la charge du locataire. Zone soumise à encadrement des loyers. Loyer de référence majoré (loyer de base à ne pas dépasser) 1180.80 €/mois. Loyer de base 1180.80 €/mois. Provision sur charges 135 €/mois, régularisation annuelle. Complément de loyer 469,20 €/mois. Dépôt de garantie 1 650 €. Classe énergie D, Classe climat B Montant estimé des dépenses annuelles d'énergie pour un usage standard : entre 1570.00 € et 1570.00 € sur les années 2021, 2022 et 2023 (abonnements compris). Les informations sur les risques auxquels ce bien est exposé sont disponibles sur le site Géorisques : georisques.gouv.fr. CC TTC Rente mensuelle : 0.00 euros. Numéro de mandat : 6931 Lieu : Rhône (69)"
Appartement 45 m2 Lyon 3,1 050 € CC*,https://www.paruvendu.fr/immobilier/location/appartement/1294629096A1KILHAP000,https://img.paruvendu.fr/media_ext/_https_/photos.ubiflow.net/3d/4e/LzY5MTQ5MS81NDY2NjU4NzkvcGhvdG9zLzEuanBnPzIwMjYwOTA4MDM0MTQx_rct?func=crop&w=320&gravity=auto,2026-09-24,"Situé cours Richard-Vitton, au cœur du quartier de Montchat, cet appartement meublé de 44,17m² entièrement refait à neuf offre une configuration particulièrement adaptée à une colocation. Au premier étage d'un immeuble sans ascenseur, il se compose d'un séjour avec cuisine entièrement aménagée et équipée, d'une chambre et d'une seconde pièce aménagée en espace nuit, d'une superficie inférieure à 9 m². Le logement comprend également une salle d'eau et des toilettes séparées. Chauffage individuel électrique, une climatisation mobile. À proximité immédiate des commerces de la place Ronde et des lignes de bus C9 et C26. Le tramway T3 est également accessible en quelques minutes. Disponible immédiatement. Loyer de référence majoré (loyer de base à ne pas dépasser) : 725€ loyer de base : 725€ complément de loyer 300€ Nom du négociateur : BON Fanny Honoraires d'état des lieux : 132.51 Bien situé dans une ville soumis à l'encadrement des loyers : Loyer de Référence Majoré : 725 euros Montant du complément de loyer : 300 euros Adresse : 49, Cours Richard Vitton, Lyon, Rhône (69)"
Appartement 68 m2 Lyon 9,1 115 € CC*,https://www.paruvendu.fr/immobilier/location/appartement/1294538875A1KILHAP000,https://img.paruvendu.fr/media_ext/_https_/pentesimmo.staticlbi.com/0c/37/L3dhL2ltYWdlcy9iaWVucy8xL2VhODE0ZjExZGY0YjliY2NmNDExZmEzNTQyMDY3NjM2L3Bob3RvX2IxY2I2MWE3N2YyOGI2ZmQwNWYxYWRmMTY2YzNkMjQyLmpwZz8yMDI2MDgyNDIzMTgyNw_rct?func=crop&w=320&gravity=auto,2026-09-24,"PREMIER CONTACT PAR MAIL IMPERATIF 71 RUE DE L'OBSERVANCE T3 - 68 M2 AVEC BALCON POSSIBILITE DE SE GARER FACILEMENT ET GRATUITEMENT DANS LA RUE COLOCATION POSSIBLE Venez découvrir ce bel appartement de type T3, vue exceptionnelle sur Lyon et Fourvière, d'une surface de 68 m2 et situé au quatrième étage avec ascenseur, et comprenant : séjour, cuisine indépendante, deux chambres dont l'une avec dressing, salle d'eau, W.C indépendant, balcon Prestation complémentaire : lave-vaisselle, machine à laver Arrêt de bus à proximité immédiate Loyer appartement : 1015,00 EUR Loyer de référence : 924,80 EUR Loyer de référence majoré : 1.108,40 EUR Charges : 100,00 EUR comprenant l'eau froide Honoraires comprenant l'état des lieux : 892,16 EUR TTC DPE : E Détails : Nombre de chambre(s) : 2 Nombre de pièces : 3 Nombre de niveaux : 1 Nb de salle d'eau : 1 Cuisine : Separee -Equipee Mode de chauffage : RADIATEUR Type de chauffage : ELECTRIQUE Format de chauffage : INDIVIDUEL Balcon : 1 Nombre de wc : 1 Part Honoraires Etat des lieux : 204 euros Type de charge : forfaitaires mensuelles Charges : 100 euros/mois Lieu : Rhône (69)"
Appartement 60 m2 Lyon 9,1 030 € CC*,https://www.paruvendu.fr/immobilier/location/appartement/1294375659A1KILHAP000,https://img.paruvendu.fr/media_ext/_https_/media.paruvendu.fr/35/57/L21lZGlhLXBhL1dJMTcvNy83L1dJMTc3NzQ4OTkzXzEuanBlZz8yMDI2MDgxOTE4NTIxMA_rct?func=crop&w=320&gravity=auto,2026-09-24,"Appartement meublé de 60 m² au 3e étage sans ascenseur du 36 rue Salengro , métro Gare de Vaise. disponible tout de suite. grande cuisine équipée avec four, hotte, plaque vitro , frigo et nombreux placards. salle de bain avec baignoire , WC séparé. Tres grand séjour avec vue sur la Place de Paris, et 1 chambre avec placards. compteurs eau et EDF individuels. Chauffage gaz.. garant physique français demandé. Bail et état des lieux faits par un professionnel, donc prevoir des honoraires. Lieu : Rhône (69)"
Appartement 111 m2 Lyon 8,550 € CC*,https://www.paruvendu.fr/immobilier/location/appartement/1292846281A1KILHAP000,https://img.paruvendu.fr/media_ext/_https_/photos.ubiflow.net/ef/4b/LzMxMTY1Ni81NDI1MjE3MDAvcGhvdG9zLzEuanBnPzIwMjYwOTAyMDUxNTA3_rct?func=crop&w=320&gravity=auto,2026-09-24,"Grande colocation rénovée de 111 m² – 4 chambres – Lyon 8? 75 rue Philippe Fabia – 69008 Lyon Vous recherchez une colocation spacieuse, moderne et idéalement située pour vos études ou votre vie active ? Découvrez cette superbe colocation de 111 m², entièrement rénovée et pensée pour offrir à chacun confort, intimité et convivialité. Les points forts 4 chambres privatives entièrement meublées. Une grande cuisine entièrement équipée et aménagée. Un vaste espace de vie convivial. 2 salles de bain avec douche. 2 WC pour plus de confort au quotidien. Une table de billard pour partager de bons moments entre colocataires. De nombreux rangements, avec un espace dédié à chacun. Un emplacement idéal La colocation est située au 75 rue Philippe Fabia, dans le quartier des États-Unis (Lyon 8?)**, un secteur calme et parfaitement desservi par les transports. À environ 5 minutes à pied : Tramway T4, permettant de rejoindre rapidement le campus de l'Université Lyon 2 (Porte des Alpes), Jean Jaurès, Charpennes et de nombreuses correspondances. Tramway T6, avec un accès direct à Grange Blanche, Lyon 3? et Villeurbanne. Plusieurs lignes de bus permettent également de rejoindre facilement le campus Lyon 2 de Bron. Grâce à ces nombreuses connexions, les principales écoles et universités de la métropole sont facilement accessibles. Un supermarché se trouve à seulement 2 minutes à pied, au bout de la rue, pour faciliter votre quotidien. Un loyer tout compris Le loyer est charges comprises. Vous profitez d'un forfait unique incluant : - Électricité / Eau froide et eau chaude / Chauffage / Gaz / Internet (fibre) Aucune mauvaise surprise en fin de mois : tout est inclus. Un cadre de vie agréable Cette colocation est idéale pour des étudiants ou jeunes actifs souhaitant vivre dans un appartement spacieux, confortable et bien desservi. Contactez-nous pour obtenir davantage d'informations ou organiser une visite. Cette annonce référence 340875 vous est présentée par votre agent commercial BSK Immobilier UGO SILVY (EI) immatriculé au RSAC de LYON-3E-ARRONDISSEMENT (69003) sous le numéro 98074718200023. Honoraires à la charge du locataire : 180,00 € - 12€ TTC le M2 Zone très tendue : le département de Paris (75) et certaines communes des Yvelines (78), des Hauts-de-Seine (92), de Seine-Saint-Denis (93), du Val de Marne (94) et du Val d'Oise (95) (il s'agit des territoires de la zone A bis, au sens de l'article R. 304-1 du CCH et listés par l'arrêté du 1.8.14 : JO du 6.8.14) - 10€ TTC le M2 Zone tendue : les territoires soumis à l'encadrement des loyers et pour lesquels s'applique la taxe sur les logements vacants, à l'exclusion des communes de la zone très tendue (ces territoires sont listés par le décret n° 2013-392 du 10.5.13) - 8€ TTC le m2 Hors zone tendue : Pour le reste du territoire et les DOM-TOM. Avance sur charges mensuelles incluses : 100,00 € Dépôt de garantie : 900,00 € A propos de la copropriété : Pas de procédure en cours. Nombre de lots : 60 Charges prévisionnelles annuelles : 4 000,00 € A propos des performances énergétiques : Date de réalisation du diagnostic énergétique : 08/01/2024 Score DPE : 259 kWhEP/m²/an Score GES : 57 kgepCO2/m²/an Montant estimé des dépenses annuelles d'énergie pour un usage standard : entre 1550.00 € et 2130.00 € par an. Prix moyens des énergies indexés sur l'année 2021 (abonnements compris). Les informations sur les risques auxquels ce bien est exposé sont disponibles sur le site Géorisques : www.georisques.gouv.fr Nom du négociateur : UGO SILVY Lieu : Rhône (69)"
Appartement 58 m2 Lyon 5,1 134 € CC*,https://www.paruvendu.fr/immobilier/location/appartement/1294340752A1KILHAP000,https://img.paruvendu.fr/media_ext/_https_/media.paruvendu.fr/3d/08/L21lZGlhLXBhL1dJMTcvNy83L1dJMTc3NzQ0MzEyXzEuanBlZz8yMDI2MDgyOTExMzgzNQ_rct?func=crop&w=320&gravity=auto,2026-09-24,"Appartement 2 pièces - 58 m² - Vieux Lyon Vieux Lyon ? Saint-Jean | 58 m² | 2? étage sans ascenseur Au coeur du Vieux Lyon, dans un immeuble ancien typiquement lyonnais, appartement de 58 m² comprenant : -> Entrée -> Séjour avec coin repas et canapé-lit double -> Cuisine ouverte équipée : évier, réfrigérateur, micro-ondes et rangements -> Grande chambre avec rangements -> Salle de bains avec baignoire d'angle -> WC indépendant avec fenêtre -> 2 fenêtres sans vis-à-vis, vue sur verdure et ruelle piétonne pavée -> Emplacement idéal : à 5 min à pied du métro Vieux Lyon, du parking Saint-Georges et des établissements Les Lazaristes et Les Maristes. Convient également à une colocation étudiante. Cadre privilégié, au c?ur du Vieux Lyon, entre Fourvière et la Saône. Lieu : Rhône (69)"
Appartement 95 m2 Lyon 3,1 487 € CC*,https://www.paruvendu.fr/immobilier/location/appartement/1294330891A1KILHAP000,https://img.paruvendu.fr/_static_/2026092408/communfo/img/sitemobile/transparent_1x1.png,2026-09-24,"LYON 3 - PREFECTURE - APPARTEMENT T4 RENOVE - LYON 3 - PREFECTURE - 6 RUE DE SEVIGNE. Dans un bel immeuble ancien, idéalement placé, un appartement rénové de 91 m² situé au4e étage, comprenant une belle entrée, un séjour avec alcôve, cuisine aménagée et équipée (pose début septembre), trois chambres, une salle d'eau et un WC. Chauffage individuel électrique. Les charges comprennent l'entretien des parties communes. Bien soumis à l'encadrement des loyers. - Loyer de référence majoré (loyer de base à ne pas dépasser) : 14.6 €/m² soit 1382.62 € - Loyer de base : 12.2 €/m² soit 1155.34 €. Loyer de 1 487,00 euros par mois charges comprises dont 105,00 euros par mois de provision pour charges (soumis à la régularisation annuelle). Les honoraires charge locataire sont de 700,00 euros ( soit 7,39 euros/m² ) dont 275,73 euros pour état des lieux ( soit 2,91 euros/m² ). Montant estimé des dépenses annuelles d'énergie pour un usage standard : entre 1 100 et 1 520 euros. Prix moyens des énergies indexés en 2023. Zone soumise à encadrement des loyers. Le loyer de base du bien proposé est de 1 382 euros, le loyer de référence majoré (fixé par arrêté préfectoral) est de 1 382,62 euros Nom négociateur : GATEWAY CORNEILLE null Lieu : Rhône (69)"
Appartement 102 m2 Lyon 8,530 € CC*,https://www.paruvendu.fr/immobilier/location/appartement/1294360806A1KILHAP000,https://img.paruvendu.fr/media_ext/_https_/media.immo-facile.com/45/f9/L29mZmljZS9saW1vdXppL2NhdGFsb2cvaW1hZ2VzL3ByX3AvNS84LzgvMC8yLzAvNy80LzU4ODAyMDc0YS5qcGc_REFURU1BSj0yOC8wNy8yMDI2LTE3OjMyOjMwJjIwMjYwOTIyMDY1MjI2_rct?func=crop&w=320&gravity=auto,2026-09-24,"Réf : 257VIENNE -CHB Chambre à louer dans bel appartement standing - Moulin à Vent LE QUARTIER : Moulin à Vent / Lyon 8 - au pied du Tram T6 Moulin à Vent. Nombreux commerces de proximité (boulangerie, restau, coiffeur, pharmacie) et transport (bus, trams, station Vélov). L'APPART : 103m², hyper lumineux, exposé Est avec vue dégagée Dans une résidence sécurisée, standing avec badge vigik, immeuble calme, bel appartement type Haussmannien situé au 4e étage sans ascenseur. Une grande entrée avec grands placards muraux - chacun son placard/penderie Un coin salon / séjour avec canapé, grande TV, table et chaises Cuisine toute équipée et meublée, ouverte sur le salon. 2 salles d'eau 1WC LES CHAMBRES : toutes exposées Ouest - côté cour/route de Vienne Chambre lumineuse, spacieuse 11.40m² toute meublée et équipée : lit double, linge de lit, bureau avec chaise, grande armoire + placards muraux, étagère. Fenêtre double vitrage. Le chauffage est individuel électrique, et l'eau chaude est produite par ballon électrique. L'appartement bénéficie d'un emplacement pratique, à proximité immédiate du quartier Moulin-à-Vent et à moins de 200 mètres du tramway, permettant de rejoindre rapidement Debourg et le centre de Lyon. Éligible aux APL. Les risques auxquels ce bien est exposé sont disponibles sur le site Géorisques : www.georisques.gouv.fr ---------------- Loyer HC : 450 euros/mois Forfait de charges : 80 euros/mois comprenant l'eau chaude produite par ballon électrique , l'eau froide, l'électricité, le chauffage, forfait ménage 1 fois par semaine Dépôt de garantie : 2 mois de loyer hors charges Honoraires de location : 267.65 euros TTC comprenant (61.81 euros TTC pour l'état des lieux et 205.84 euros TTC pour la constitution du dossier). Garants physiques ou morales demandés. --------------------- POUR PLANIFIER UNE VISITE : envoie nous un message depuis l'annonce et tu recevras un lien pour déposer ton dossier sur la plateforme sécurisée UPLACE. Etat général : Bon Etat Année de construction : 1945 Chauffage : Individuel Chauffage (mécanisme) : Radiateur Chauffage (mode) : Electrique Fenêtre : PVC Double Vitrage Cuisine : AmenageeEquipee Ascenceur : oui Interphone : oui Charges : 80 Numéro de mandat : 257VIENNE-APP12-CHB Provision sur Charges : 80 euros Modalité de règlement des charges : Remboursement_annuel_locataire euros Bareme ALUR : https://media.immo-facile.com/segments/immo/catalog/images/manufacturers_bareme/138198.pdf Honoraires Etat des lieux Locataires : 61.81 Lieu : Rhône (69)"
Appartement 93 m2 Lyon 4,4 160 € CC*,https://www.paruvendu.fr/immobilier/location/appartement/1294161955A1KILHAP000,https://img.paruvendu.fr/media_ext/_https_/img.netty.immo/64/88/L3Byb2R1Y3QvY29tcGFueTUzODM2d2JlL0xBMTQ0NzAvMTc4MzUwMzM3N19MQTE0NDcwXzFfb3JpZ2luYWwuanBnPzIwMjYwOTEzMDE0NDQ1_rct?func=crop&w=320&gravity=auto,2026-09-24,"BIEN D'EXCEPTION. TOIT TERRASSE AVEC PISCINE. RARE A LA LOCATION. BAIL DE DROIT COMMUN OBLIGATOIRE (POUR BAIL SOCIÉTÉ OU RÉSIDENCE SECONDAIRE). CROIX ROUSSE. Magnifique T2 de 93 m², situé au 6ème et dernier étage par ascenseur d'un immeuble de 2019. Entièrement meublé et équipé avec prestations de qualité. Pièce de vie/cuisine de 57m² entièremement équipée (lave-vaisselle, frigidaire, plaques gaz, four, micro-ondes, cave à vin...), donnant sur une terrasse de 25m² exposé ouest, 1 chambre spacieuse avec salle d'eau, buanderie/dressing avec lave-linge donnant sur un balcon exposé est, WC séparés. Climatisation reversible. Volets roulants electriques. TOIT TERRASSE DE 120m² avec PISCINE ET BAR. VUE MAGNIFIQUE SUR LYON. Provision de charges comprenant l'entretien des parties communes et des espaces verts privatifs et de la piscine (hivernage). DPE B (réalisé le 10/09/2024). DISPONIBLE DE SUITE. DÉPÔT DE GARANTIE 2 MOIS DE LOYER HC. Honoraires agence 1 mois de loyer (visites, étude de dossier et rédaction de bail, État des lieux entrant). Merci de contacter Amanda COOK au 06x63x53x21x70. . comprenant 279 € TTC pour l'état des lieux. Loyer de base 3800.00 €/mois. Provision sur charges 360 €/mois, régularisation annuelle. Classe énergie B, Classe climat B Montant estimé des dépenses annuelles d'énergie pour un usage standard : entre 680.00 € et 980.00 € sur les années 2021, 2022 et 2023 (abonnements compris). Les informations sur les risques auxquels ce bien est exposé sont disponibles sur le site Géorisques : georisques.gouv.fr. CC TTC Rente mensuelle : 0.00 euros. Numéro de mandat : 2080 Plus d'information : - Piscine Précision localisation : Croix Rousse-Centre Part Honoraires Etat des lieux : 279.00 euros TTC Charges : 360.00 euros/mois prévisionnelles mensuelles avec régularisation annuelle Montant du complément de loyer : 0.00 euros/mois Lieu : Rhône (69)"
Chambre 10 m2 Lyon 5,570 € CC*,https://www.paruvendu.fr/immobilier/location/chambre/1294138360A1KILHCM000,https://img.paruvendu.fr/media_ext/_https_/media.paruvendu.fr/af/92/L21lZGlhLXBhL1dJMTcvNy83L1dJMTc3NzIxMTg1XzEuanBlZz8yMDI2MDgxMjExMjIwOA_rct?func=crop&w=320&gravity=auto,2026-09-24,"Je propose une jolie chambre meublée chez l'habitant, dans un appartement situé au rez-de-chaussée surélevé, au c?ur d'un parc arboré, dans un quartier résidentiel très calme entre le Point du Jour et Tassin. La chambre comprend : Lit double 140 cm avec matelas confortable Bureau et rangements Wi-Fi fibre Linge de lit fourni Vous profitez également des espaces communs : Grand salon cocooning avec télévision Fauteuils de massage Balançoire intérieure pour un moment de détente Cuisine entièrement équipée Lave-linge (selon les modalités de la maison) L'objectif est que chacun se sente chez soi, dans une ambiance respectueuse, paisible et conviviale. Un quartier très agréable Le quartier de Ménival / Point du Jour est apprécié pour son calme, sa sécurité et son ambiance de village, tout en restant très proche du centre de Lyon. Vous trouverez à quelques minutes à pied : boulangeries, supermarchés, pharmacie, banque et commerces de proximité, restaurants, marché et services, nombreux espaces verts pour se promener ou courir. Les transports en commun permettent de rejoindre rapidement Gorge de Loup, le métro D et la gare de Perrache. Selon les correspondances, le centre de Lyon est accessible en une vingtaine de minutes environ. Cette chambre est idéale pour une étudiante recherchant un cadre de vie serein et respectueux. Lieu : Rhône (69)"
Appartement 45 m2 Lyon 4,1 565 € CC*,https://www.paruvendu.fr/immobilier/location/appartement/1291929935A1KILHAP000,https://img.paruvendu.fr/media_ext/_https_/media.paruvendu.fr/48/cc/L21lZGlhLXBhL1dJMTcvNy8zL1dJMTc3Mzg1ODA0XzEuanBlZz8yMDI2MDgyMDA4MjAxOA_rct?func=crop&w=320&gravity=auto,2026-09-24,"Place Bertone dans l'hypercentre de la Croix Rousse et proche de toutes commodités. T2 de 45,05 m2, entièrement refait à neuf, très lumineux et sans vis-à-vis, orientation Sud Est. Quatrième étage sans ascenseur dans une copropriété sécurisée avec digicode et vigik. Cet appartement a été totalement refait à neuf entièrement meublé avec des prestations haut de gamme (internet-fibre,TV Samsung 104 cm avec 13 000 chaines et 15 000 films, lave linge Bosch, lave vaisselle, table induction, hotte, réfrigérateur et congélateur Samsung, four a micro-ondes, machine a café Nespresso, couverts, vaisselle et batterie de cuisine, literie avec couette, fer à repasser, sèche cheveux, canapé convertible, stores électriques, chauffage électrique dirigé par smartphone, etc ....) Vous serez idéalement situé dans l'hypercentre de la Croix Rousse proche du marché, de tous les commerces et des transports en commun. Loyer : 1.500 € tout compris sauf électricité Bail courte durée (bail code civil type résidence secondaire ou logement de fonction). Caution et garant demandés. Pas d'agences SVP !! Disponible en Septembre Lieu : Rhône (69)"
Appartement 55 m2 Lyon 7,858 € CC*,https://www.paruvendu.fr/immobilier/location/appartement/1289691284A1KILHAP000,https://img.paruvendu.fr/media_ext/box.ics.fr/28/1e/L2Nvcl9DT1JORUlMTEVfaWtsL2xvY2F0aW9uL3Bob3RvLzEzLTgxMzY3Nzg4OTM0MzE0OTM0ODguanBnPzIwMjYwOTA3MTE1MTA2_rct?func=crop&w=320&gravity=auto,2026-09-24,"profitez d'un appartement t2 de 55 m² avec ascenseur dans le quartier animé de lyon 7. bien agencé, il dispose d'une cuisine indépendante et d'un séjour agréable. Loyer compétitif de 858?/mois dans un secteur soumis à encadrement des loyers. LYON 7 - APPARTEMENT T2 DE 55 M² - LYON 7 - 7 RUE DE L'UNIVERSITE. Agréable et spacieux T2 de 55 m² environ idéalement situé , au 2ème étage d'un bel immeuble avec ascenseur, comprenant : une entrée, une cuisine indépendante et aménagée, un séjour, une chambre, une salle d'eau et un WC séparé. Chauffage individuel gaz. Bien soumis à l'encadrement des loyers. - Loyer de référence majoré (loyer de base à ne pas dépasser) : 16.9 €/m² soit 933.56 € - Loyer de base : 14.1 €/m² soit 778.88 €. Loyer de 858,00 euros par mois charges comprises dont 48,00 euros par mois de provision pour charges (soumis à la régularisation annuelle). Les honoraires charge locataire sont de 550,00 euros ( soit 9,96 euros/m² ) dont 167,26 euros pour état des lieux ( soit 3,03 euros/m² ). Montant estimé des dépenses annuelles d'énergie pour un usage standard : entre 1 490 et 2 050 euros. Prix moyens des énergies indexés en 2023. Zone soumise à encadrement des loyers. Le loyer de base du bien proposé est de 810 euros, le loyer de référence majoré (fixé par arrêté préfectoral) est de 933,556 euros Nom négociateur : GATEWAY CORNEILLE null Lieu : Rhône (69)"
Appartement 106 m2 Lyon 8,1 790 € CC*,https://www.paruvendu.fr/immobilier/location/appartement/1293828088A1KILHAP000,https://img.paruvendu.fr/media_ext/_https_/photos.ubiflow.net/6a/84/LzY5MTQ5MS81NDM2ODg3NjAvcGhvdG9zLzEuanBnPzIwMjYwOTEwMDMzODE1_rct?func=crop&w=320&gravity=auto,2026-09-24,"Situé au 1er étage d'un immeuble idéalement placé Avenue des Frères Lumière, à proximité de toutes les facultés et du métro D, ce superbe appartement meublé de 107m² allie le charme de l'ancien et de beaux volumes. Il se compose d'une jolie entrée, d'une cuisine aménagée et entièrement équipée, d'un vaste séjour avec le cachet de l'ancien, d'une salle à manger, d'une salle de bains, de WC séparés, d'une première chambre avec dressing, d'une deuxième chambre ainsi que d'une grande troisième chambre. Une cave vient compléter ce bien. Disponible immédiatement Loyer de référence majoré (loyer de base à ne pas dépasser) : 1772€ loyer de base : 1772€ complément de loyer 0€ Nom du négociateur : BON Fanny Honoraires d'état des lieux : 320.31 Bien situé dans une ville soumis à l'encadrement des loyers : Loyer de Référence Majoré : 1772 euros Adresse : 46, Avenue des Frères Lumière, Lyon, Rhône (69)"
Appartement 105 m2 Lyon 1,1 850 € CC*,https://www.paruvendu.fr/immobilier/location/appartement/1293727551A1KILHAP000,https://img.paruvendu.fr/media_ext/_https_/photos.ubiflow.net/1d/bb/LzY5MTQ5MS81NDMyMTI3OTIvcGhvdG9zLzEuanBnPzIwMjYwOTA0MDM0MDE5_rct?func=crop&w=320&gravity=auto,2026-09-24,"Idéalement situé Rue Bouteille à Lyon 1, à deux pas de la Place des Terreaux et de la place Sathonay et du métro A, découvrez ce spacieux appartement meublé de 105 m², situé au 1er étage avec ascenseur d'une résidence sécurisée. L'appartement se compose d'une entrée avec rangements, d'un vaste séjour avec espace salle à manger, d'une cuisine aménagée et entièrement équipée, de trois chambres disposant chacune de rangements, d'une véranda, d'une salle d'eau, de WC séparés ainsi que d'un espace équipé d'un sèche-linge. Un garage complète ce bien. Disponible immédiatement Loyer de référence majoré (loyer de base à ne pas dépasser) : 1733€ loyer de base : 1733€ complément de loyer 22€ Nom du négociateur : BON Fanny Honoraires d'état des lieux : 317.19 Bien situé dans une ville soumis à l'encadrement des loyers : Loyer de Référence Majoré : 1733 euros Montant du complément de loyer : 22 euros Adresse : 22, Rue Bouteille, Lyon, Rhône (69)"
Appartement 70 m2 Lyon 9,1 300 € CC*,https://www.paruvendu.fr/immobilier/location/appartement/1294538944A1KILHAP000,https://img.paruvendu.fr/media_ext/rapin-immo.staticlbi.com/f3/d4/L3dhL2ltYWdlcy9iaWVucy8xL2M5MmIzMDgyNWY1MmNkZWIzYmU3NjU4MzUyZDAzNzBlL3Bob3RvXzBlMDU1NWFiNjQ2MWJiYzYzODFhNzk1ODA0NGQwYTI2LmpwZz8yMDI2MDgyNDIzMTgyOA_rct?func=crop&w=320&gravity=auto,2026-09-24,"Vaise, rue du Béal , dans résidence 'Les Thermes' , beau T3 de 70.11m2, comprenant une cuisine équipée ouverte sur séjour avec accès sur un grand balcon, deux chambres , une salle de bains avec baignoire , toilettes. Un garage double en enfilade. loyer : 1200€ + Charges 100.00€ (communs + eau froide + entretien chaudière) Eau chaude et chauff ind. gaz Disponible DE SUITE Détails : Nombre de chambre(s) : 2 Nombre de pièces : 3 Nombre de niveaux : 1 Mode de chauffage : CHAUDIERE Type de chauffage : GAZ Format de chauffage : INDIVIDUEL Balcon : 1 Nombre de parking : 1 Nombre de garage : 1 Part Honoraires Etat des lieux : 212.43 euros Type de charge : prévisionnelles mensuelles Charges : 100 euros/moisCharges complémentaires : Communs, Eau froide collective, entretien chaudiere Lieu : Rhône (69)"
Appartement 40 m2 Lyon 5,795 € CC*,https://www.paruvendu.fr/immobilier/location/appartement/1294538932A1KILHAP000,https://img.paruvendu.fr/media_ext/rapin-immo.staticlbi.com/cd/09/L3dhL2ltYWdlcy9iaWVucy8xLzJiYTU5NjY0M2NiYmJjMjAzMTgyMjQxODFmYTQ2YjI4L3Bob3RvXzU5NDU4NzUwNWM5MGI5NjUwNGY1MzE3NGZhMmI4MzNmLmpwZz8yMDI2MDkxMTIyNTIzNQ_rct?func=crop&w=320&gravity=auto,2026-09-24,"LYON 5ème /Saint Just centre dans résidence de standing, tres beau T1 Bis de 40m2 rénové comprenant : 1 cuisine laboratoire équipée, 1 vaste pièce à vivre en parquet avec accès grande terrasse vue sur Saint Irénée , 1 grand hall /coin bureau,1 salle de bains, 1 dressing. 1 cave LOYER 705+90€ DE CHARGES (eau chaude , eau froide et chauffage ) Disponible de suite Détails : Nombre de pièces : 1 Nb de salle de bains : 1 Cuisine : Americaine Mode de chauffage : RADIATEUR Type de chauffage : AUTRE Balcon : 1 Nombre de wc : 1 Cave : 1 Nombre de parking : 1 Part Honoraires Etat des lieux : 0 euros Type de charge : forfaitaires mensuelles Charges : 90 euros/moisCharges complémentaires : eau chaude , eau froide et chauffage Lieu : Rhône (69)"
Appartement 44 m2 Lyon 1,950 € CC*,https://www.paruvendu.fr/immobilier/location/appartement/1293440899A1KILHAP000,https://img.paruvendu.fr/media_ext/_https_/media.paruvendu.fr/8f/9e/L21lZGlhLXBhL1dJMTcvNy81L1dJMTc3NTYxMDUzXzEuanBlZz8yMDI2MDcyMjEyMDQyMQ_rct?func=crop&w=320&gravity=auto,2026-09-24,"particulier loue T2 / 44m2 entièrement refait à neuf / entièrement meublé mais bail classique rue Longue 69001 LYON ( proximité Terreaux ) 4ème et dernier étage sans ascenseur, très lumineux et calme séjour sur cuisine ouverte toute équipée à neuf ( lave-vaisselle, plaque, four, hotte, micro-ondes ) de 25m2 , frigo./congélateur , table haute , chaises , lave-linge , canapé 3 places convertible , table basse , sommier avec matelas 140 grande chambre indépendante de 15m2 avec nombreux rangements douche, vasque, sèche-serviette et wc séparé double-vitrages, VMC, chauffage électrique à fluide éclairage LED intégré loyer 915 € + charges 35 € 1er contact uniquement par mail avec références et garants disponible le 15 août 2026 ? Lieu : Rhône (69)"
Appartement 43 m2 Lyon 4,885 € CC*,https://www.paruvendu.fr/immobilier/location/appartement/1293268005A1KILHAP000,https://img.paruvendu.fr/media_ext/_https_/media.paruvendu.fr/39/42/L21lZGlhLXBhL1dJMTcvNy81L1dJMTc3NTM4ODEyXzEuanBlZz8yMDI2MDgyMzEwMTgxMg_rct?func=crop&w=320&gravity=auto,2026-09-24,"Appartement T2 meublé lumineux d'une surface habitable de 43 m², situé sur le plateau de la Croix-Rousse et proche métro C Croix-Rousse/Hénon ? Bus C13/38 Part-Dieu. De nombreux commerces alentours : bars, cafés, boulangeries, restaurants ; proche hôpital Croix-Rousse. Entièrement rénové en Juin 2026 : peintures refaites à neuf, canapé neuf, tabourets de bar neufs, couette & oreillers neufs, rideaux occultants et thermiques neufs, ustensiles de cuisine changés, ajout d'une nouvelle crédence et d'une hotte dans la cuisine, de stores brise-soleil intérieurs sur toutes les fenêtres, nouveau canapé. Situé au 2è étage d'une copropriété, sans ascenseur, il se compose d'une grande pièce à vivre (27m²) avec cuisine ouverte aménagée (lave-linge inclus), d'une salle d'eau avec baignoire et WC, d'une chambre (12m²). (Plan disponible sur demande) Belle hauteur sous-plafond (+3m) appartement Canuts, double-vitrage phonique, parquet. Le logement comprend également un grenier de près de 4m² de surface utile en sus. Chauffage individuel électrique récent (électricité à la charge du preneur). Eau froide comprise dans les charges (chauffe-eau récent). Charges forfaitaires mensuelles. DPE : D ; émission de gaz à effet de serre : B Estimation Electricité: env 800 EUR/an Lieu : Rhône (69)"
Appartement 65 m2 Lyon 3,1 020 € CC*,https://www.paruvendu.fr/immobilier/location/appartement/1293258316A1KILHAP000,https://img.paruvendu.fr/media_ext/_https_/media.paruvendu.fr/53/32/L21lZGlhLXBhL1dJMTcvNy81L1dJMTc3NTM3MzQ4XzEuanBlZz8yMDI2MDcxNjE1MzIwOA_rct?func=crop&w=320&gravity=auto,2026-09-24,"Lyon 3, dans le quartier résidentiel de Montchat, près de la place de la reconnaissance (bus, tram) F3 65 m2 en Rez-de Chaussée sur 3, clair sur rue très calme et très grande cour, soleil expo E/O, belle hauteur sous plafond, très bonne distribution sans perte de place, spacieux. Entrée desservant toutes les pièces, séjour sur rue fraichement repeint, cuisine indépendante partiellement aménagée sur rue, 2 chambres avec vue sur très grande cour arborée en contrebas (équivalent 1er étage), dressing, salle de bains, WC séparé. Sol : parquet dans séjour et chambres, carrelage dans la cuisine et la salle de bain Cheminée décorative, moulures, parquet, Double vitrage, chauffage électrique et pompes à chaleur (dont climatisation), Fibre dans l'appartement Branchement pour machine à laver Loyer : 980 euros + 40 euros de charges (hors eau, élec, chauffage) Pour info: Loyer de réf (hors charges) : 787 euros ; Loyer majoré (hors charges): 945 euros. Le complément de loyer de 35 euros s'explique par la climatisation et le cachet ancien de l'appartement (parquet, moulures, cheminées) Frais de bail et état des lieux : 135 euros, si colocation : 200 euros Lieu : Rhône (69)"
Appartement 72 m2 Lyon 7,485 € CC*,https://www.paruvendu.fr/immobilier/location/appartement/1292947259A1KILHAP000,https://img.paruvendu.fr/media_ext/_https_/media.paruvendu.fr/92/db/L21lZGlhLXBhL1dJMTcvNy80L1dJMTc3NDk5MjE4XzEuanBlZz8yMDI2MDcwNzEwNDQxNg_rct?func=crop&w=320&gravity=auto,2026-09-24,"Idéal pour étudiantes, cette colocation meublée offre trois chambres spacieuses et lumineuses dans un immeuble rénové. Local vélo privatif, proche des transports et des universités, sans frais d'agence. Lyon particulier loue colocation meublee, baux séparés sans engagement financier reciproque, métro Jean Jaures ou Debourg, trois chambres se liberent pour trois filles etudiantes, pas de frais d'agence, immeuble securisé digicode ascenseur, 3 e etage lumineux, calme sans vis a vis, rénové, éligible APl, chambres avec grands lits, grands placards , bureau, cuisine équipée, lave linge , Local vélo privatif, 485 € charges de copropriété, eau chauffage compris , metro , bus 60 et metro , Univ Lyon 2 , Sc Po, EM, ENS a 10 mn univ lyon 3 et Doua a 25 mn, garant demandé. Lieu : Rhône (69)"
Appartement 20 m2 Lyon 3,590 € CC*,https://www.paruvendu.fr/immobilier/location/appartement/1290962672A1KILHAP000,https://img.paruvendu.fr/media_ext/_https_/media.paruvendu.fr/1d/50/L21lZGlhLXBhL1dJMTcvNy8zL1dJMTc3MzAzNTI5XzEuanBlZz8yMDI2MDUyNjA5MTMzNA_rct?func=crop&w=320&gravity=auto,2026-09-24,Particulier loue LYON 3e métro Garibaldi Studio 20 m2 meublé dans résidence étudiante 3e étage ascenseur très bon état libre de suite loyer 550 € + 40 € Lieu : Rhône (69)
Appartement 73 m2 Lyon 7,860 € CC*,https://www.paruvendu.fr/immobilier/location/appartement/1290788562A1KILHAP000,https://img.paruvendu.fr/media_ext/_https_/media.paruvendu.fr/3d/38/L21lZGlhLXBhL1dJMTcvNy8yL1dJMTc3MjgxMTM2XzEuanBlZz8yMDI2MDgyMzIyMjgxOA_rct?func=crop&w=320&gravity=auto,2026-09-24,"A LOUER LYON 7e T3 - 75M2 UTILE - 52M2 CARREZ Métro Jean Macé, Av.Jean Jaures au 6e ét. avec asc., composé d'une entrée, un grand séjour avec coin cuisine et placards, 2 chambres avec placards, une salle de bains spacieuse, un WC. Le chauffage est individuel gaz. Proximite direct EM LYON LIBRE de SUITE Loyer 820€ + 40€ de charges Lieu : Rhône (69)"
Appartement 49 m2 Lyon 7,690 € CC*,https://www.paruvendu.fr/immobilier/location/appartement/1290524642A1KILHAP000,https://img.paruvendu.fr/media_ext/_https_/media.paruvendu.fr/6c/15/L21lZGlhLXBhL1dJMTcvNy8yL1dJMTc3MjU0MTExXzEuanBlZz8yMDI2MDUxNDEzMzIzNg_rct?func=crop&w=320&gravity=auto,2026-09-24,"Proximité Place Jean Macé Lyon 7e Beau T2 de 49 M2 4e étage ascenseur composé une entrée, un séjour avec placard et coin cuisine équipée, une chambre, une salle de bain avec placardet un WC. Le chauffage est assuré par des convecteurs radiants, l'eau chaude par cumulus. LIBRE DE SUITE. LOYER 650 € + 40 € DE CHARGES. Lieu : Rhône (69)"
Appartement 35 m2 Lyon 4,700 € CC*,https://www.paruvendu.fr/immobilier/location/appartement/1289409525A1KILHAP000,https://img.paruvendu.fr/media_ext/_https_/media.paruvendu.fr/e8/33/L21lZGlhLXBhL1dJMTcvNy8wL1dJMTc3MDQxMzgxXzEuanBnPzIwMjYwMzI3MTAwODU1_rct?func=crop&w=320&gravity=auto,2026-09-24,"À louer Grand Studio meublé cosy et fonctionnel à Lyon Situé au c?ur de Lyon, au 6 rue Bony, 69004 Lyon, ce charmant studio meublé de 35 m² au 3e étage avec ascenseur vous offre un cadre de vie idéal, à quelques pas des commerces, bars, restaurants et transports. Points forts : Grand lit confortable, pour des nuits paisibles Cuisine moderne entièrement équipée : réfrigérateur, cuisinière, four, micro-ondes et lave-vaisselle Salle de bain complète avec douche, lave-linge & sèche-linge Espace de rangement privé Wifi et TV par câble inclus pour votre confort connecté Chauffage électrique performant, classé énergie C (103), GES D (23) Loyer mensuel : 660 € + 40 € de charges Garantie locative : 660 € Location directe propriétaire ? sans frais d'agence ! Vous cherchez un logement pratique, cosy et parfaitement situé à Lyon ? Ne tardez pas, cet appartement est idéal pour une personne seule ou un couple à la recherche d'un pied-à-terre fonctionnel et agréable. Lieu : Rhône (69)"
Atelier 23 m2 Lyon 9,650 € CC*,https://www.paruvendu.fr/immobilier/location/atelier/1289012530A1KILHAT000,https://img.paruvendu.fr/media_ext/_https_/media.paruvendu.fr/a2/70/L21lZGlhLXBhL1dJMTcvNi85L1dJMTc2OTQ0OTI1XzEuanBlZz8yMDI2MDgzMTA5NTA0NQ_rct?func=crop&w=320&gravity=auto,2026-09-24,"location bureau 23mcarre, au 1er étage d'un immeuble récent bon standing ! libre de suite, salle d'attente commune, grand sanitaire en commun, en option: une place garage. BUREAU situé en ZFU . Lieu : Rhône (69)"
Appartement 85 m2 Lyon 8,1 250 € CC*,https://www.paruvendu.fr/immobilier/location/appartement/1282289172A1KILHAP000,https://img.paruvendu.fr/media_ext/_https_/media.paruvendu.fr/cc/01/L21lZGlhLXBhL1dJMTcvNS80L1dJMTc1NDAyMTEyXzEuanBlZz8yMDI2MDgwOTIxNTIxMw_rct?func=crop&w=320&gravity=auto,2026-09-24,"Grand appartement meublé traversant N-S dans petite copropriété calme (ni fêtes / ni musique forte). Séjour & terrasse sur grand jardin sud. Deux parkings. À 1,5 km de Debourg - 2 stations par Tram T6 et à 100m de la voie cyclable No 7 - optimal pour 3 étudiants. Cautions (visale ou proches) et bail solidaires. Dépôt de garantie : 2 mois de loyers. Pas de frais d'agence ni état des lieux. Douze mois privilégiés. Gaz-électricité, fibre et assurance à charge des (co-)locataires. Prix charges (dont eau) comprises. Éligible APL. Lieu : Rhône (69)"
Appartement 58 m2 Lyon 5,943 € CC*,https://www.paruvendu.fr/immobilier/location/de-t3-lyon-5eme/particulier/1261856175A1KILHAP000,https://img.paruvendu.fr/media_ext/_https_/media.paruvendu.fr/83/2f/L21lZGlhLXBhL1dJMTYvOS84L1dJMTY5ODExMDY4XzEuanBlZz8yMDI2MDkwMjE3MzY1NQ_rct?func=crop&w=320&gravity=auto,2026-09-24,"? Renové ? Terrasse/Balcon : Balcon ? Etage du bien : 3e ? Nombre de salle d'eau : 1 Salle d'eau Bien en exclusivité Lyon 5ème Arr. secteur Château de Menival, à proximité de toutes les commodités (commerces, Bus, autoroute) , bel appartement encours de rénovation de 58 m2 au troisième étage sans ascenseur, comprenant: une entrée spacieuse, séjour donnant accès à un Balcon de 3,5 m2, cuisine séparée / aménagée, 2 chambres avec placard, une salle de douche et WC. Accès immeuble sécurisé. local vélo et local poussette. Stationnement Chauffage collectif par le sol. Loyer: 700,52 Euros + complément de loyer 153,05 euros et 90 euros de charges (chauffage, eau froide, parties communes) Dépôt de garantie: 853,57 Euros .Période de construction 1946-1970 Loyer de référence au m² 10,20 Loyer minoré au m² 7,10. Loyer majoré au m² 12,20 Loyer mensuel charges comprises. Lieu : Rhône (69)"
Appartement 53 m2 Lyon 8,965 € CC*,https://www.paruvendu.fr/immobilier/location/appartement/1293987898A1KILHAP000,https://img.paruvendu.fr/_static_/2026092408/communfo/img/sitemobile/novisu-320x200.jpg,2026-09-24,"EXCLUSIVITÉ 69008 - 2 PIECES Votre Cabinet Citya Barioz vous propose à la location sur A LYON 08, idéalement placé, quartier Monplaisir, 138 avenue des frères Lumière ,proche des commerces et transports, en location un 2 pièces de 53 m² en étage comprenant une entrée carrelée, une cuisine carrelée, un séjour parquet avec balcon, une chambre avec placard, une salle de bains, un wc, une cave ,un garage. Chauffage et eau chaude individuels gaz. Zone soumis à l'encadrement des loyer: Loyer de référence : 736.70 euros Loyer de référence majoré : 885.10 euros Le bien est situé non loin des commerces. Des établissements scolaires de tous types sont implantés à moins de 10 minutes. Niveau transports en commun, on trouve 11 lignes de bus, trois lignes de tramway (T2, T5 et T4) ainsi que les stations de métro Monplaisir Lumière (ligne D), Grange Blanche (ligne D) et Sans Souci (ligne D) à quelques pas de l'appartement. . Il y a tout un panel de restaurants, trois bureaux de poste et un institut universitaire à quelques minutes. Prenez contact avec votre agence Citya Barioz Immobilier pour une première visite de cet appartement en location. Loyer de 965,47 euros par mois charges comprises dont 103,00 euros par mois de provision pour charges (soumis à la régularisation annuelle). Soit avec Assurance Habitation et Assistance* ( 21.00 euros ) : 986,47 euros. Les honoraires charge locataire sont de 689,00 euros ( soit 13,00 euros/m² ) dont 160,59 euros pour état des lieux ( soit 3,03 euros/m² ). Vous pouvez consulter les barèmes d'honoraires à l'adresse suivante : #bareme-location Montant estimé des dépenses annuelles d'énergie pour un usage standard : entre 790 et 1 130 euros. Prix moyens des énergies indexés en 2023. Les informations sur les risques auxquels ce bien est exposé sont disponibles sur le site Géorisques : https://www.georisques.gouv.fr . *Service facultatif. Contribution annuelle ""attentats"" non comprise. Voir conditions en agence. Lieu : Rhône (69)"
Appartement 53 m2 Lyon 8,806 € CC*,https://www.paruvendu.fr/immobilier/location/appartement/1295579542A1KILHAP000,https://img.paruvendu.fr/_static_/2026092408/communfo/img/sitemobile/novisu-320x200.jpg,2026-09-24,"EXCLUSIVITÉ - APPARTEMENT T3 - LYON 8 Votre Cabinet Citya Barioz vous propose à la location sur LYON 08, idéalement placé au 41 avenue de Pressensé, proche des commerces et transports, en location un 3 pièces de 53.01 m² au 3e étage comprenant une entrée, un séjour avec accès balcon, une cuisine équipée, de deux chambres, d'une salle de bains avec baignoire, un WC. Un parking agrémente ce bien. Chauffage et eau chaude individuels électrique. Zone soumis à l'encadrement des loyer: Loyer de référence : 572,51 euros Loyer de référence majoré : 689,13 euros Prenez contact avec votre agence Citya Barioz Immobilier pour une première visite de cet appartement en location. Loyer de 805,76 euros par mois charges comprises dont 70,00 euros par mois de provision pour charges (soumis à la régularisation annuelle). Soit avec Assurance Habitation et Assistance* ( 24.00 euros ) : 829,76 euros. Les honoraires charge locataire sont de 649,91 euros ( soit 12,26 euros/m² ) dont 159,03 euros pour état des lieux ( soit 3,00 euros/m² ). Vous pouvez consulter les barèmes d'honoraires à l'adresse suivante : #bareme-location Montant estimé des dépenses annuelles d'énergie pour un usage standard : entre 580 et 830 euros. Prix moyens des énergies indexés en 2021. Zone soumise à encadrement des loyers. Le loyer de base du bien proposé est de 735,76 euros, le loyer de référence majoré (fixé par arrêté préfectoral) est de 689,13 euros et le complément de loyer est de 75,62 euros par mois.Les informations sur les risques auxquels ce bien est exposé sont disponibles sur le site Géorisques : https://www.georisques.gouv.fr . *Service facultatif. Contribution annuelle ""attentats"" non comprise. Voir conditions en agence. Lieu : Rhône (69)"
Appartement 28 m2 Lyon 2,800 € CC*,https://www.paruvendu.fr/immobilier/location/appartement/1293200662A1KILHAP000,https://img.paruvendu.fr/_static_/2026092408/communfo/img/sitemobile/novisu-320x200.jpg,2026-09-24,"clair, calme, proche tous commerces, bus, métro Bellecour ou Ampère, tram, proche Gare Perrache très bon état libre de suite Lieu : Rhône (69)"
