Lieu,Prix,Details,Description,Lien,Image,DerniereVue
Lille (Nord),688 €/mois,36 m² - 1 pièce,France Lille,https://www.vizzit.fr/fr/property/appartement/lille/Ahyhnqvlayuidud6,https://www.vizzit.fr/images/logo_compact_color_no_padding.svg,2026-08-12
Lille (Nord),950 €/mois,47 m² - 2 pièces - 1 chambre,,https://www.vizzit.fr/fr/property/appartement/lille/Allai4ptda8c4gma,https://www.vizzit.fr/images/logo_compact_color_no_padding.svg,2026-08-12
Lille (Nord),468 €/mois,21 m² - Studio,,https://www.vizzit.fr/fr/property/appartement/lille/A4wzy8abhzr7fhg8,https://www.vizzit.fr/images/logo_compact_color_no_padding.svg,2026-08-12
Lille (Nord),750 €/mois,47 m² - 2 pièces - 1 chambre,Contactez l'agence pour obtenir davantage de photos pour cette annonce.,https://www.vizzit.fr/fr/property/appartement/lille/Aj1ri7oot3crwz33,https://www.vizzit.fr/images/logo_compact_color_no_padding.svg,2026-08-12
Lille (Nord),559 €/mois,25 m² - 1 pièce,Contactez l'agence pour obtenir davantage de photos pour cette annonce.,https://www.vizzit.fr/fr/property/appartement/lille/Adr5egbu8b2qjc7j,https://www.vizzit.fr/images/logo_compact_color_no_padding.svg,2026-08-12
Lille (Nord),610 €/mois,33 m² - 1 pièce,France Lille,https://www.vizzit.fr/fr/property/appartement/lille/Avg707rqhzpqqo29,https://www.vizzit.fr/images/logo_compact_color_no_padding.svg,2026-08-12
Lille (Nord),406 €/mois,18 m² - Studio,France Lille,https://www.vizzit.fr/fr/property/appartement/lille/A52k0ujffoe3ocvk,https://www.vizzit.fr/images/logo_compact_color_no_padding.svg,2026-08-12
Lille (Nord),1 554 €/mois,85 m² - 3 pièces,France Lille,https://www.vizzit.fr/fr/property/appartement/lille/Absvwl4s5hiebku3,https://www.vizzit.fr/images/logo_compact_color_no_padding.svg,2026-08-12
Lille (Nord),1 554 €/mois,85 m² - 3 pièces,France Lille,https://www.vizzit.fr/fr/property/appartement/lille/Aeisfobintp30xj7,https://www.vizzit.fr/images/logo_compact_color_no_padding.svg,2026-08-12
Lille (Nord),630 €/mois,27 m² - Studio,France Lille,https://www.vizzit.fr/fr/property/appartement/lille/Aj6c7v4qa3m6yiu2,https://www.vizzit.fr/images/logo_compact_color_no_padding.svg,2026-08-12
Lille (Nord),1 122 €/mois,68 m² - 2 pièces - 1 chambre,France Lille,https://www.vizzit.fr/fr/property/appartement/lille/A1qtynjmxsj3b0uw,https://www.vizzit.fr/images/logo_compact_color_no_padding.svg,2026-08-12
Lille (Nord),515 €/mois,22 m² - Studio,Contactez l'agence pour obtenir davantage de photos pour cette annonce.,https://www.vizzit.fr/fr/property/appartement/lille/Ab9z3tsa7xdu240w,https://www.vizzit.fr/images/logo_compact_color_no_padding.svg,2026-08-12
Lille (Nord),785 €/mois,34 m² - 2 pièces,France Lille,https://www.vizzit.fr/fr/property/appartement/lille/Aberbrkra22zlqxw,https://www.vizzit.fr/images/logo_compact_color_no_padding.svg,2026-08-12
Lille (Nord),543 €/mois,34 m² - 2 pièces - 1 chambre,France Lille,https://www.vizzit.fr/fr/property/appartement/lille/Aoy0txchtmv1g93t,https://www.vizzit.fr/images/logo_compact_color_no_padding.svg,2026-08-12
Lille (Nord),1 055 €/mois,76 m² - 3 pièces - 1 chambre,France Lille,https://www.vizzit.fr/fr/property/appartement/lille/A21czb3c7ovpy2ca,https://www.vizzit.fr/images/logo_compact_color_no_padding.svg,2026-08-12
Lille (Nord),738 €/mois,53 m² - 2 pièces - 1 chambre,France Lille,https://www.vizzit.fr/fr/property/appartement/lille/Akdfc8acectc4f1y,https://www.vizzit.fr/images/logo_compact_color_no_padding.svg,2026-08-12
Lille (Nord),803 €/mois,62 m² - 2 pièces - 1 chambre,,https://www.vizzit.fr/fr/property/appartement/lille/Aqsqfebz2e9nrgof,https://www.vizzit.fr/images/logo_compact_color_no_padding.svg,2026-08-12
Lille (Nord),996 €/mois,47 m² - 2 pièces,Contactez l'agence pour obtenir davantage de photos pour cette annonce.,https://www.vizzit.fr/fr/property/appartement/lille/Apqn20c2iylfm0zw,https://www.vizzit.fr/images/logo_compact_color_no_padding.svg,2026-08-12
Lille (Nord),724 €/mois,49 m² - 2 pièces,,https://www.vizzit.fr/fr/property/appartement/lille/Ayvwvtcgg57a5q9s,https://www.vizzit.fr/images/logo_compact_color_no_padding.svg,2026-08-12
Lille (Nord),1 385 €/mois,82 m² - 3 pièces,France Lille,https://www.vizzit.fr/fr/property/appartement/lille/Aih1t82nqrcw6blf,https://www.vizzit.fr/images/logo_compact_color_no_padding.svg,2026-08-12
Lille (Nord),1 000 €/mois,92 m² - 4 pièces - 2 chambres,France Lille,https://www.vizzit.fr/fr/property/appartement/lille/As9gkmozk1rs4hxl,https://www.vizzit.fr/images/logo_compact_color_no_padding.svg,2026-08-12
Lille (Nord),680 €/mois,26 m² - Studio,,https://www.vizzit.fr/fr/property/appartement/lille/Aqnl9u56qdsnm3pz,https://www.vizzit.fr/images/logo_compact_color_no_padding.svg,2026-08-12
Lille (Nord),700 €/mois,40 m² - 2 pièces - 1 chambre,Contactez l'agence pour obtenir davantage de photos pour cette annonce.,https://www.vizzit.fr/fr/property/appartement/lille/A4czfhuuu2mrxmcu,https://www.vizzit.fr/images/logo_compact_color_no_padding.svg,2026-08-12
Lille (Nord),430 €/mois,17 m² - 1 pièce,,https://www.vizzit.fr/fr/property/appartement/lille/Ag1lkir4o1vv5gax,https://www.vizzit.fr/images/logo_compact_color_no_padding.svg,2026-08-12
Lille (Nord),2 300 €/mois,177 m² - 6 pièces - 4 chambres,France Lille,https://www.vizzit.fr/fr/property/immobilier/lille/A4xkyna5d4plvof9,https://www.vizzit.fr/images/logo_compact_color_no_padding.svg,2026-08-12
Lille (Nord),831 €/mois,41 m² - 2 pièces - 1 chambre,France Lille,https://www.vizzit.fr/fr/property/appartement/lille/Aw5u7of6gnv3ov5c,https://www.vizzit.fr/images/logo_compact_color_no_padding.svg,2026-08-12
Lille (Nord),680 €/mois,28 m² - Studio,France Lille,https://www.vizzit.fr/fr/property/appartement/lille/A5g80zcykpfe6u7q,https://www.vizzit.fr/images/logo_compact_color_no_padding.svg,2026-08-12
Lille (Nord),693 €/mois,25 m²,France Lille,https://www.vizzit.fr/fr/property/appartement/lille/Atcqq9iufvghtq2l,https://www.vizzit.fr/images/logo_compact_color_no_padding.svg,2026-08-12
Lille (Nord),849 €/mois,41 m² - 2 pièces,France Lille,https://www.vizzit.fr/fr/property/appartement/lille/A43ctpdmuto3ox5s,https://www.vizzit.fr/images/logo_compact_color_no_padding.svg,2026-08-12
Lille (Nord),790 €/mois,41 m² - Studio,Contactez l'agence pour obtenir davantage de photos pour cette annonce.,https://www.vizzit.fr/fr/property/appartement/lille/Adotbrfy99g5jump,https://www.vizzit.fr/images/logo_compact_color_no_padding.svg,2026-08-12
Lille (Nord),990 €/mois,62 m² - 2 pièces - 1 chambre,Contactez l'agence pour obtenir davantage de photos pour cette annonce.,https://www.vizzit.fr/fr/property/appartement/lille/Ayf6o0d1p252pin3,https://www.vizzit.fr/images/logo_compact_color_no_padding.svg,2026-08-12
Lille (Nord),769 €/mois,48 m² - 2 pièces - 1 chambre,,https://www.vizzit.fr/fr/property/appartement/lille/Avm1i51uw2hjwnzn,https://www.vizzit.fr/images/logo_compact_color_no_padding.svg,2026-08-12
Lille (Nord),725 €/mois,38 m² - 2 pièces - 1 chambre,France Lille,https://www.vizzit.fr/fr/property/appartement/lille/Avzw0qv3mbfam79y,https://www.vizzit.fr/images/logo_compact_color_no_padding.svg,2026-08-12
Lille (Nord),700 €/mois,37 m² - 1 pièce,France Lille,https://www.vizzit.fr/fr/property/appartement/lille/Aamvp8o8b3s0aqpe,https://www.vizzit.fr/images/logo_compact_color_no_padding.svg,2026-08-12
Lille (Nord),895 €/mois,46 m² - 2 pièces - 1 chambre,France Lille,https://www.vizzit.fr/fr/property/appartement/lille/Af98sj05arpvwrcv,https://www.vizzit.fr/images/logo_compact_color_no_padding.svg,2026-08-12
Lille (Nord),710 €/mois,35 m² - 2 pièces - 1 chambre,France Lille,https://www.vizzit.fr/fr/property/appartement/lille/Adw4s48t2tmmn6ia,https://www.vizzit.fr/images/logo_compact_color_no_padding.svg,2026-08-12
Lille (Nord),990 €/mois,42 m² - 2 pièces - 1 chambre,France Lille,https://www.vizzit.fr/fr/property/appartement/lille/A2z88d0y2r4wkmgx,https://www.vizzit.fr/images/logo_compact_color_no_padding.svg,2026-08-12
Lille (Nord),988 €/mois,54 m² - 2 pièces - 1 chambre,France Lille,https://www.vizzit.fr/fr/property/appartement/lille/Actfquj1rukyjh2x,https://www.vizzit.fr/images/logo_compact_color_no_padding.svg,2026-08-12
Lille (Nord),725 €/mois,39 m² - 2 pièces - 1 chambre,France Lille,https://www.vizzit.fr/fr/property/appartement/lille/Astlx5okyuz3fvbl,https://www.vizzit.fr/images/logo_compact_color_no_padding.svg,2026-08-12
Lille (Nord),941 €/mois,62 m² - 3 pièces - 2 chambres,France Lille,https://www.vizzit.fr/fr/property/appartement/lille/Ay969ag8m8pxfhkh,https://www.vizzit.fr/images/logo_compact_color_no_padding.svg,2026-08-12
Lille (Nord),510 €/mois,28 m² - 2 pièces - 1 chambre,France Lille,https://www.vizzit.fr/fr/property/appartement/lille/A28x9mn2ao5ym601,https://www.vizzit.fr/images/logo_compact_color_no_padding.svg,2026-08-12
Lille (Nord),860 €/mois,49 m² - 2 pièces - 1 chambre,France Lille,https://www.vizzit.fr/fr/property/appartement/lille/An8ykj5ym4iysgqm,https://www.vizzit.fr/images/logo_compact_color_no_padding.svg,2026-08-12
Lille (Nord),890 €/mois,40 m² - 2 pièces,France Lille,https://www.vizzit.fr/fr/property/appartement/lille/Awrbfi4z3lw9vr0c,https://www.vizzit.fr/images/logo_compact_color_no_padding.svg,2026-08-12
Lille (Nord),1 113 €/mois,69 m² - 3 pièces - 2 chambres,France Lille,https://www.vizzit.fr/fr/property/appartement/lille/Azf2wq0v7z1ympnb,https://www.vizzit.fr/images/logo_compact_color_no_padding.svg,2026-08-12
Lille (Nord),599 €/mois,30 m² - Studio,France Lille,https://www.vizzit.fr/fr/property/appartement/lille/A4g612y6ox0b7bhj,https://www.vizzit.fr/images/logo_compact_color_no_padding.svg,2026-08-12
Lille (Nord),400 €/mois,12 m² - 3 pièces - 2 chambres,France Lille,https://www.vizzit.fr/fr/property/appartement/lille/Aruarn4m09pox6nc,https://www.vizzit.fr/images/logo_compact_color_no_padding.svg,2026-08-12
Lille (Nord),1 105 €/mois,61 m² - 3 pièces - 1 chambre,France Lille,https://www.vizzit.fr/fr/property/appartement/lille/A55y4f9fsw0n9774,https://www.vizzit.fr/images/logo_compact_color_no_padding.svg,2026-08-12
Lille (Nord),889 €/mois,63 m² - 3 pièces - 2 chambres,France Lille,https://www.vizzit.fr/fr/property/appartement/lille/A2zdknx8su0qqn2j,https://www.vizzit.fr/images/logo_compact_color_no_padding.svg,2026-08-12
Lille (Nord),540 €/mois,26 m² - 1 pièce,France Lille,https://www.vizzit.fr/fr/property/appartement/lille/Ay8gwoibmcd26s14,https://www.vizzit.fr/images/logo_compact_color_no_padding.svg,2026-08-12
Lille (Nord),617 €/mois,34 m² - Studio,France Lille,https://www.vizzit.fr/fr/property/appartement/lille/A89vnn3h1kp3o8wr,https://www.vizzit.fr/images/logo_compact_color_no_padding.svg,2026-08-12
Lille (Nord),407 €/mois,16 m² - Studio,France Lille,https://www.vizzit.fr/fr/property/appartement/lille/Aledy060qlenq56b,https://www.vizzit.fr/images/logo_compact_color_no_padding.svg,2026-08-12
Lille (Nord),1 100 €/mois,45 m² - 3 pièces - 2 chambres,France Lille,https://www.vizzit.fr/fr/property/appartement/lille/Auj0945uabp6vqz3,https://www.vizzit.fr/images/logo_compact_color_no_padding.svg,2026-08-12
Lille (Nord),550 €/mois,22 m² - Studio,France Lille,https://www.vizzit.fr/fr/property/appartement/lille/A3nmogi1io0q0ssu,https://www.vizzit.fr/images/logo_compact_color_no_padding.svg,2026-08-12
Lille (Nord),700 €/mois,25 m² - 2 pièces - 1 chambre,France Lille,https://www.vizzit.fr/fr/property/appartement/lille/Acyb39uhcw5x30qj,https://www.vizzit.fr/images/logo_compact_color_no_padding.svg,2026-08-12
Lille (Nord),949 €/mois,44 m² - 2 pièces - 1 chambre,France Lille,https://www.vizzit.fr/fr/property/appartement/lille/Aqey95ijo50xqa61,https://www.vizzit.fr/images/logo_compact_color_no_padding.svg,2026-08-12
Lille (Nord),498 €/mois,28 m² - 1 pièce,France Lille,https://www.vizzit.fr/fr/property/appartement/lille/Ahwsespgfhzlugr0,https://www.vizzit.fr/images/logo_compact_color_no_padding.svg,2026-08-12
Lille (Nord),490 €/mois,20 m² - 1 pièce,France Lille,https://www.vizzit.fr/fr/property/appartement/lille/A4wds3ksyk1fb2jz,https://www.vizzit.fr/images/logo_compact_color_no_padding.svg,2026-08-12
Lille (Nord),734 €/mois,44 m² - 2 pièces - 1 chambre,France Lille,https://www.vizzit.fr/fr/property/appartement/lille/Aasn42mkcmp1ag34,https://www.vizzit.fr/images/logo_compact_color_no_padding.svg,2026-08-12
Lille (Nord),710 €/mois,35 m² - Studio,France Lille,https://www.vizzit.fr/fr/property/appartement/lille/Avd6v8d5eltpcgq6,https://www.vizzit.fr/images/logo_compact_color_no_padding.svg,2026-08-12
Lille (Nord),2 136 €/mois,164 m² - 5 pièces - 4 chambres,France Lille,https://www.vizzit.fr/fr/property/appartement/lille/Am2oklgkyyrt7vyr,https://www.vizzit.fr/images/logo_compact_color_no_padding.svg,2026-08-12
Lille (Nord),487 €/mois,18 m² - Studio,France Lille,https://www.vizzit.fr/fr/property/appartement/lille/A78wqqv1p606a3pz,https://www.vizzit.fr/images/logo_compact_color_no_padding.svg,2026-08-12
Lille (Nord),975 €/mois,64 m² - 2 pièces - 1 chambre,France Lille,https://www.vizzit.fr/fr/property/appartement/lille/A5e3p0h38rzk3wel,https://www.vizzit.fr/images/logo_compact_color_no_padding.svg,2026-08-12
Lille (Nord),700 €/mois,47 m² - 2 pièces - 1 chambre,France Lille,https://www.vizzit.fr/fr/property/appartement/lille/Av3xjoxg56k0eokh,https://www.vizzit.fr/images/logo_compact_color_no_padding.svg,2026-08-12
Lille (Nord),655 €/mois,28 m² - Studio,France Lille,https://www.vizzit.fr/fr/property/appartement/lille/Aaql8vosbnzahfuj,https://www.vizzit.fr/images/logo_compact_color_no_padding.svg,2026-08-12
Lille (Nord),565 €/mois,48 m² - 2 pièces - 1 chambre,France Lille,https://www.vizzit.fr/fr/property/appartement/lille/A01tsp2ikadxmhd8,https://www.vizzit.fr/images/logo_compact_color_no_padding.svg,2026-08-12
Lille (Nord),770 €/mois,48 m² - 2 pièces - 1 chambre,France Lille,https://www.vizzit.fr/fr/property/appartement/lille/A06x5cj83e412g80,https://www.vizzit.fr/images/logo_compact_color_no_padding.svg,2026-08-12
Lille (Nord),900 €/mois,52 m² - 2 pièces - 1 chambre,France Lille,https://www.vizzit.fr/fr/property/appartement/lille/Ayramef89sj0pm80,https://www.vizzit.fr/images/logo_compact_color_no_padding.svg,2026-08-12
Lille (Nord),1 184 €/mois,81 m² - 3 pièces - 2 chambres,France Lille,https://www.vizzit.fr/fr/property/appartement/lille/Ay7v3acnrhmn6ls8,https://www.vizzit.fr/images/logo_compact_color_no_padding.svg,2026-08-12
Lille (Nord),731 €/mois,45 m² - 2 pièces - 1 chambre,France Lille,https://www.vizzit.fr/fr/property/appartement/lille/Aa0a45qwajtcrl4v,https://www.vizzit.fr/images/logo_compact_color_no_padding.svg,2026-08-12
Lille (Nord),800 €/mois,30 m² - 2 pièces - 1 chambre,France Lille,https://www.vizzit.fr/fr/property/appartement/lille/A2bicmnpiitm5ixu,https://www.vizzit.fr/images/logo_compact_color_no_padding.svg,2026-08-12
Lille (Nord),1 580 €/mois,80 m² - 3 pièces - 2 chambres,France Lille,https://www.vizzit.fr/fr/property/appartement/lille/Axoll0h4owlm6kk1,https://www.vizzit.fr/images/logo_compact_color_no_padding.svg,2026-08-12
Lille (Nord),745 €/mois,43 m² - 2 pièces - 1 chambre,France Lille,https://www.vizzit.fr/fr/property/appartement/lille/Aqqzs9jq93efb7bb,https://www.vizzit.fr/images/logo_compact_color_no_padding.svg,2026-08-12
Lille (Nord),680 €/mois,33 m² - 1 pièce,France Lille,https://www.vizzit.fr/fr/property/appartement/lille/As77tvgyp6184ivo,https://www.vizzit.fr/images/logo_compact_color_no_padding.svg,2026-08-12
Lille (Nord),1 050 €/mois,42 m² - 2 pièces - 1 chambre,France Lille,https://www.vizzit.fr/fr/property/appartement/lille/Anga675cxt1cko0h,https://www.vizzit.fr/images/logo_compact_color_no_padding.svg,2026-08-12
Lille (Nord),840 €/mois,40 m² - 2 pièces - 1 chambre,France Lille,https://www.vizzit.fr/fr/property/appartement/lille/Ai9h164oky7bxosh,https://www.vizzit.fr/images/logo_compact_color_no_padding.svg,2026-08-12
Lille (Nord),825 €/mois,41 m² - 2 pièces - 1 chambre,France Lille,https://www.vizzit.fr/fr/property/appartement/lille/Argprlj4izajgflx,https://www.vizzit.fr/images/logo_compact_color_no_padding.svg,2026-08-12
Lille (Nord),1 195 €/mois,47 m² - 2 pièces - 1 chambre,France Lille,https://www.vizzit.fr/fr/property/appartement/lille/An2jtyql0q66ypa2,https://www.vizzit.fr/images/logo_compact_color_no_padding.svg,2026-08-12
Lille (Nord),478 €/mois,11 m² - 1 pièce,France Lille,https://www.vizzit.fr/fr/property/appartement/lille/A9st9nmfsx2asyyd,https://www.vizzit.fr/images/logo_compact_color_no_padding.svg,2026-08-12
Lille (Nord),439 €/mois,17 m² - Studio,France Lille,https://www.vizzit.fr/fr/property/appartement/lille/A0r8iqvdlzehdqxq,https://www.vizzit.fr/images/logo_compact_color_no_padding.svg,2026-08-12
Lille (Nord),1 005 €/mois,63 m² - 3 pièces,France Lille,https://www.vizzit.fr/fr/property/appartement/lille/Afefllewq52jlgb6,https://www.vizzit.fr/images/logo_compact_color_no_padding.svg,2026-08-12
Lille (Nord),910 €/mois,68 m² - 3 pièces - 2 chambres,France Lille,https://www.vizzit.fr/fr/property/appartement/lille/Aei35kc7bmw8q3kg,https://www.vizzit.fr/images/logo_compact_color_no_padding.svg,2026-08-12
Lille (Nord),907 €/mois,40 m² - 2 pièces - 1 chambre,France Lille,https://www.vizzit.fr/fr/property/appartement/lille/Akq8yhjwpi2ohrlu,https://www.vizzit.fr/images/logo_compact_color_no_padding.svg,2026-08-12
Lille (Nord),611 €/mois,22 m² - Studio,France Lille,https://www.vizzit.fr/fr/property/appartement/lille/Aqr8p7nzhl290154,https://www.vizzit.fr/images/logo_compact_color_no_padding.svg,2026-08-12
Lille (Nord),650 €/mois,19 m² - Studio,France Lille,https://www.vizzit.fr/fr/property/appartement/lille/A4dtjocieklw3uzr,https://www.vizzit.fr/images/logo_compact_color_no_padding.svg,2026-08-12
Lille (Nord),770 €/mois,41 m² - 2 pièces - 1 chambre,France Lille,https://www.vizzit.fr/fr/property/appartement/lille/Atab2yme1nh6dwhm,https://www.vizzit.fr/images/logo_compact_color_no_padding.svg,2026-08-12
Lille (Nord),424 €/mois,15 m² - Studio,France Lille,https://www.vizzit.fr/fr/property/appartement/lille/A3cba39jnc971wmu,https://www.vizzit.fr/images/logo_compact_color_no_padding.svg,2026-08-12
Lille (Nord),1 100 €/mois,77 m² - 3 pièces - 2 chambres,France Lille,https://www.vizzit.fr/fr/property/appartement/lille/Aajt0s1ozvarggs5,https://www.vizzit.fr/images/logo_compact_color_no_padding.svg,2026-08-12
Lille (Nord),352 €/mois,15 m² - Studio,France Lille,https://www.vizzit.fr/fr/property/appartement/lille/Ahyed47t8lzh1noc,https://www.vizzit.fr/images/logo_compact_color_no_padding.svg,2026-08-12
Lille (Nord),750 €/mois,26 m² - Studio,France Lille,https://www.vizzit.fr/fr/property/appartement/lille/Ah5td9ccivl28gi9,https://www.vizzit.fr/images/logo_compact_color_no_padding.svg,2026-08-12
Lille (Nord),865 €/mois,28 m² - Studio,France Lille,https://www.vizzit.fr/fr/property/appartement/lille/Akjuibjst7w4yw7r,https://www.vizzit.fr/images/logo_compact_color_no_padding.svg,2026-08-12
Lille (Nord),635 €/mois,32 m² - 2 pièces - 1 chambre,France Lille,https://www.vizzit.fr/fr/property/appartement/lille/A4hjl9yio86uhvj7,https://www.vizzit.fr/images/logo_compact_color_no_padding.svg,2026-08-12
Lille (Nord),998 €/mois,39 m² - 2 pièces - 1 chambre,France Lille,https://www.vizzit.fr/fr/property/appartement/lille/A3w55amiwzcjzyzh,https://www.vizzit.fr/images/logo_compact_color_no_padding.svg,2026-08-12
Lille (Nord),899 €/mois,45 m² - 2 pièces - 1 chambre,France Lille,https://www.vizzit.fr/fr/property/appartement/lille/A1fqcrapfs3nqnzs,https://www.vizzit.fr/images/logo_compact_color_no_padding.svg,2026-08-12
Lille (Nord),950 €/mois,48 m² - 3 pièces - 2 chambres,France Lille,https://www.vizzit.fr/fr/property/appartement/lille/Amhifk2npn9pjlzf,https://www.vizzit.fr/images/logo_compact_color_no_padding.svg,2026-08-12
Lille (Nord),574 €/mois,33 m² - 1 pièce,France Lille,https://www.vizzit.fr/fr/property/appartement/lille/Al9g251z3vcjkt3t,https://www.vizzit.fr/images/logo_compact_color_no_padding.svg,2026-08-12
Lille (Nord),880 €/mois,40 m² - 2 pièces - 1 chambre,France Lille,https://www.vizzit.fr/fr/property/appartement/lille/A25n80c46o12xz81,https://www.vizzit.fr/images/logo_compact_color_no_padding.svg,2026-08-12
Lille (Nord),850 €/mois,32 m² - 1 pièce,France Lille,https://www.vizzit.fr/fr/property/appartement/lille/Aj4br5a1r4emljgs,https://www.vizzit.fr/images/logo_compact_color_no_padding.svg,2026-08-12
Lille (Nord),1 185 €/mois,92 m² - 3 pièces - 2 chambres,France Lille,https://www.vizzit.fr/fr/property/immobilier/lille/Augsiq9s8oh2c9ju,https://www.vizzit.fr/images/logo_compact_color_no_padding.svg,2026-08-12
Lille (Nord),1 257 €/mois,77 m² - 3 pièces - 2 chambres,France Lille,https://www.vizzit.fr/fr/property/appartement/lille/Awz9y70zbdznjwz6,https://www.vizzit.fr/images/logo_compact_color_no_padding.svg,2026-08-12
Lille (Nord),1 280 €/mois,85 m² - 3 pièces - 2 chambres,France Lille,https://www.vizzit.fr/fr/property/appartement/lille/Ai78dur5sp4qfwny,https://www.vizzit.fr/images/logo_compact_color_no_padding.svg,2026-08-12
Lille (Nord),830 €/mois,46 m² - 2 pièces,France Lille,https://www.vizzit.fr/fr/property/appartement/lille/Ayhx72u0szt8ek1a,https://www.vizzit.fr/images/logo_compact_color_no_padding.svg,2026-08-12
Lille (Nord),739 €/mois,32 m² - 2 pièces - 1 chambre,,https://www.vizzit.fr/fr/property/appartement/lille/Aa0sxwhuc36iv541,https://www.vizzit.fr/images/logo_compact_color_no_padding.svg,2026-08-12
Lille (Nord),520 €/mois,32 m² - Studio,Contactez l'agence pour obtenir davantage de photos pour cette annonce.,https://www.vizzit.fr/fr/property/appartement/lille/Ae40phsje0n78gox,https://www.vizzit.fr/images/logo_compact_color_no_padding.svg,2026-08-12
Lille (Nord),550 €/mois,20 m² - Studio,Contactez l'agence pour obtenir davantage de photos pour cette annonce.,https://www.vizzit.fr/fr/property/appartement/lille/A45faqxzq23wyl43,https://www.vizzit.fr/images/logo_compact_color_no_padding.svg,2026-08-12
Lille (Nord),650 €/mois,29 m²,France Lille,https://www.vizzit.fr/fr/property/appartement/lille/Awpoca78r0lrd9vd,https://www.vizzit.fr/images/logo_compact_color_no_padding.svg,2026-08-12
Lille (Nord),407 €/mois,16 m² - Studio,France Lille,https://www.vizzit.fr/fr/property/appartement/lille/A7clifw0rwnflugz,https://www.vizzit.fr/images/logo_compact_color_no_padding.svg,2026-08-12
Lille (Nord),636 €/mois,27 m² - Studio,France Lille,https://www.vizzit.fr/fr/property/appartement/lille/Aa1tqs9guwaa5g2h,https://www.vizzit.fr/images/logo_compact_color_no_padding.svg,2026-08-12
Lille (Nord),703 €/mois,40 m² - 2 pièces,,https://www.vizzit.fr/fr/property/appartement/lille/Abwvuyhvptsuaofg,https://www.vizzit.fr/images/logo_compact_color_no_padding.svg,2026-08-12
Lille (Nord),921 €/mois,56 m² - 2 pièces - 1 chambre,,https://www.vizzit.fr/fr/property/appartement/lille/Ad6yu3uq6g6jbtma,https://www.vizzit.fr/images/logo_compact_color_no_padding.svg,2026-08-12
Lille (Nord),494 €/mois,26 m² - 1 pièce,France Lille,https://www.vizzit.fr/fr/property/appartement/lille/Agfn8akenbv3o9wf,https://www.vizzit.fr/images/logo_compact_color_no_padding.svg,2026-08-12
Lille (Nord),927 €/mois,64 m² - 2 pièces - 2 chambres,France Lille,https://www.vizzit.fr/fr/property/appartement/lille/As2yq2rc17tlv5ol,https://www.vizzit.fr/images/logo_compact_color_no_padding.svg,2026-08-12
Lille (Nord),500 €/mois,15 m² - Studio,France Lille,https://www.vizzit.fr/fr/property/appartement/lille/Aviu6jld7dytpic8,https://www.vizzit.fr/images/logo_compact_color_no_padding.svg,2026-08-12
Lille (Nord),730 €/mois,40 m² - 2 pièces - 1 chambre,France Lille,https://www.vizzit.fr/fr/property/appartement/lille/Am77sxj40150r9ox,https://www.vizzit.fr/images/logo_compact_color_no_padding.svg,2026-08-12
Lille (Nord),613 €/mois,41 m² - 2 pièces,Contactez l'agence pour obtenir davantage de photos pour cette annonce.,https://www.vizzit.fr/fr/property/appartement/lille/A5x86x6ha9sahx80,https://www.vizzit.fr/images/logo_compact_color_no_padding.svg,2026-08-12
Lille (Nord),544 €/mois,22 m² - Studio,,https://www.vizzit.fr/fr/property/appartement/lille/Ab01k05c507o60if,https://www.vizzit.fr/images/logo_compact_color_no_padding.svg,2026-08-12
Lille (Nord),784 €/mois,55 m² - 3 pièces - 2 chambres,France Lille,https://www.vizzit.fr/fr/property/appartement/lille/Avwoto2bntkma96e,https://www.vizzit.fr/images/logo_compact_color_no_padding.svg,2026-08-12
Lille (Nord),777 €/mois,54 m² - 3 pièces - 2 chambres,France Lille,https://www.vizzit.fr/fr/property/appartement/lille/A7vbtsu61nh0fww8,https://www.vizzit.fr/images/logo_compact_color_no_padding.svg,2026-08-12
Lille (Nord),600 €/mois,16 m² - Studio,France Lille,https://www.vizzit.fr/fr/property/appartement/lille/A0xdpv6b8w3wnf5t,https://www.vizzit.fr/images/logo_compact_color_no_padding.svg,2026-08-12
Lille (Nord),777 €/mois,54 m² - 3 pièces - 2 chambres,France Lille,https://www.vizzit.fr/fr/property/appartement/lille/A65qbhsa8jqpjt09,https://www.vizzit.fr/images/logo_compact_color_no_padding.svg,2026-08-12
Lille (Nord),1 850 €/mois,124 m² - 3 pièces - 2 chambres,France Lille,https://www.vizzit.fr/fr/property/appartement/lille/Aq12dvwopu11dp9z,https://www.vizzit.fr/images/logo_compact_color_no_padding.svg,2026-08-12
Lille (Nord),718 €/mois,41 m² - 2 pièces - 1 chambre,France Lille,https://www.vizzit.fr/fr/property/appartement/lille/Aqd5uskdq2mh68mz,https://www.vizzit.fr/images/logo_compact_color_no_padding.svg,2026-08-12
Lille (Nord),550 €/mois,25 m² - Studio,,https://www.vizzit.fr/fr/property/appartement/lille/Afoy109xx70xcrfl,,2026-08-12
Lille (Nord),690 €/mois,35 m² - 2 pièces - 1 chambre,,https://www.vizzit.fr/fr/property/appartement/lille/Agub4hc4otsh6sty,,2026-08-12
Lille (Nord),967 €/mois,55 m² - 2 pièces - 1 chambre,,https://www.vizzit.fr/fr/property/appartement/lille/Am34g9vr1pa6o997,,2026-08-12
Lille (Nord),435 €/mois,19 m² - 2 pièces - 1 chambre,,https://www.vizzit.fr/fr/property/appartement/lille/Akm0a9e1vt23pxrm,,2026-08-12
Lille (Nord),560 €/mois,25 m² - Studio,,https://www.vizzit.fr/fr/property/appartement/lille/Avprjoi7bzsflht4,,2026-08-12
Lille (Nord),480 €/mois,25 m² - Studio,,https://www.vizzit.fr/fr/property/appartement/lille/Apcify16y6gw5mlh,,2026-08-12
Lille (Nord),860 €/mois,31 m² - Studio,,https://www.vizzit.fr/fr/property/appartement/lille/An82dfbxer6zy8f4,,2026-08-12
Lille (Nord),900 €/mois,46 m² - 2 pièces - 1 chambre,,https://www.vizzit.fr/fr/property/appartement/lille/Aogbduhy7a3opjo3,,2026-08-12
Lille (Nord),1 130 €/mois,50 m² - 2 pièces - 1 chambre,,https://www.vizzit.fr/fr/property/appartement/lille/Ad1vbcuirs2mena6,,2026-08-12
Lille (Nord),655 €/mois,23 m² - Studio,,https://www.vizzit.fr/fr/property/appartement/lille/Aew34thy9p37nfn4,,2026-08-12
Lille (Nord),790 €/mois,28 m² - 2 pièces - 1 chambre,,https://www.vizzit.fr/fr/property/appartement/lille/A3z2hc75l506y470,,2026-08-12
Lille (Nord),560 €/mois,15 m² - Studio,,https://www.vizzit.fr/fr/property/appartement/lille/A31xdtqbud3mqqxo,,2026-08-12
Lille (Nord),700 €/mois,19 m² - Studio,,https://www.vizzit.fr/fr/property/appartement/lille/A6c226gs47z2h7fd,,2026-08-12
Lille (Nord),785 €/mois,60 m² - 3 pièces - 2 chambres,,https://www.vizzit.fr/fr/property/appartement/lille/Amgew9qqz2sc5arq,,2026-08-12
Lille (Nord),895 €/mois,68 m² - 3 pièces - 2 chambres,,https://www.vizzit.fr/fr/property/appartement/lille/A0trg9hhw53knpu3,,2026-08-12
Lille (Nord),465 €/mois,21 m² - Studio,,https://www.vizzit.fr/fr/property/appartement/lille/Alm417t20cgiltur,,2026-08-12
Lille (Nord),750 €/mois,42 m² - 2 pièces - 1 chambre,,https://www.vizzit.fr/fr/property/appartement/lille/Ak7wo379n5h24dow,,2026-08-12
Lille (Nord),759 €/mois,44 m² - Studio,,https://www.vizzit.fr/fr/property/appartement/lille/Ac79gzo8cnt1q43h,,2026-08-12
Lille (Nord),610 €/mois,16 m² - Studio,,https://www.vizzit.fr/fr/property/appartement/lille/Anrcb1o5895ndrpu,,2026-08-12
Lille (Nord),1 070 €/mois,54 m² - 2 pièces - 1 chambre,,https://www.vizzit.fr/fr/property/appartement/lille/Ae0u30ito66icfi7,,2026-08-12
Lille (Nord),680 €/mois,33 m² - 2 pièces - 1 chambre,,https://www.vizzit.fr/fr/property/appartement/lille/Aaigmxfsordx2vlz,,2026-08-12
Lille (Nord),450 €/mois,18 m² - Studio,,https://www.vizzit.fr/fr/property/appartement/lille/A0wcz67qqtw0ddj5,,2026-08-12
Lille (Nord),609 €/mois,22 m² - Studio,,https://www.vizzit.fr/fr/property/appartement/lille/Autfr6wh8qfz6ybs,,2026-08-12
Lille (Nord),600 €/mois,46 m² - 4 pièces - 1 chambre,,https://www.vizzit.fr/fr/property/appartement/lille/A422l4lk86myfe1s,,2026-08-12
Lille (Nord),995 €/mois,45 m² - 2 pièces - 1 chambre,,https://www.vizzit.fr/fr/property/appartement/lille/Atpck0jev2hrjin9,,2026-08-12
Lille (Nord),990 €/mois,75 m² - 3 pièces - 2 chambres,,https://www.vizzit.fr/fr/property/appartement/lille/Awyzfps14cbrptad,,2026-08-12
Lille (Nord),575 €/mois,25 m² - Studio,,https://www.vizzit.fr/fr/property/appartement/lille/Al2qcg8favdlejap,,2026-08-12
Lille (Nord),575 €/mois,25 m² - 2 pièces - 1 chambre,,https://www.vizzit.fr/fr/property/appartement/lille/Al5ngcnbggl511ww,,2026-08-12
Lille (Nord),695 €/mois,27 m² - Studio,,https://www.vizzit.fr/fr/property/appartement/lille/Ab0yfxqikqx096o8,,2026-08-12
Lille (Nord),745 €/mois,32 m² - Studio,,https://www.vizzit.fr/fr/property/appartement/lille/Az8kkwd15nwi25lw,,2026-08-12
Lille (Nord),600 €/mois,80 m² - 5 pièces - 2 chambres,,https://www.vizzit.fr/fr/property/immobilier/lille/Al0uxklmjljtb0k8,,2026-08-12
Lille (Nord),490 €/mois,22 m² - Studio,,https://www.vizzit.fr/fr/property/appartement/lille/Af0h3tqmbek87vus,,2026-08-12
Lille (Nord),770 €/mois,33 m² - Studio,France Lille,https://www.vizzit.fr/fr/property/appartement/lille/Ag49sputue4ie2pq,https://www.vizzit.fr/images/logo_compact_color_no_padding.svg,2026-08-12
Lille (Nord),520 €/mois,18 m² - Studio,,https://www.vizzit.fr/fr/property/appartement/lille/Ab50lvb6h2aj0q0l,,2026-08-12
Lille (Nord),650 €/mois,45 m² - 2 pièces - 1 chambre,,https://www.vizzit.fr/fr/property/appartement/lille/A3t20b8n13kh5lch,,2026-08-12
Lille (Nord),640 €/mois,40 m² - 3 pièces - 2 chambres,,https://www.vizzit.fr/fr/property/appartement/lille/A3bd51xltr2i6waw,,2026-08-12
Lille (Nord),700 €/mois,49 m² - 2 pièces - 1 chambre,,https://www.vizzit.fr/fr/property/appartement/lille/Aodu0dqwyyy9fwv2,,2026-08-12
Lille (Nord),580 €/mois,23 m² - Studio,,https://www.vizzit.fr/fr/property/appartement/lille/A6bwza26j2ti63oi,,2026-08-12
Lille (Nord),700 €/mois,28 m² - 2 pièces - 1 chambre,,https://www.vizzit.fr/fr/property/appartement/lille/Avq524z3wokgbutz,,2026-08-12
Lille (Nord),640 €/mois,30 m² - Studio,,https://www.vizzit.fr/fr/property/appartement/lille/Aax1frpq72aeuvx6,,2026-08-12
Lille (Nord),695 €/mois,40 m² - 1 pièce,,https://www.vizzit.fr/fr/property/appartement/lille/Asmldn60z2bf22z7,,2026-08-12
Lille (Nord),290 €/mois,22 m² - Studio,,https://www.vizzit.fr/fr/property/appartement/lille/Au18b6flykxco8g0,,2026-08-12
Lille (Nord),545 €/mois,15 m² - Studio,,https://www.vizzit.fr/fr/property/appartement/lille/A493kxvrpn48njj6,,2026-08-12
Lille (Nord),750 €/mois,250 m² - 11 pièces,,https://www.vizzit.fr/fr/property/immobilier/lille/Aie83n250dv3khh5,,2026-08-12
Lille (Nord),1 020 €/mois,80 m² - 3 pièces - 2 chambres,,https://www.vizzit.fr/fr/property/appartement/lille/A6e442bpsogexha3,,2026-08-12
Lille (Nord),850 €/mois,54 m² - 2 pièces - 1 chambre,,https://www.vizzit.fr/fr/property/appartement/lille/A9ibtvqqaygdhkya,,2026-08-12
Lille (Nord),350 €/mois,11 m² - Studio,,https://www.vizzit.fr/fr/property/appartement/lille/A32t8rd4hd23we3o,,2026-08-12
Lille (Nord),1 200 €/mois,75 m² - 3 pièces - 2 chambres,,https://www.vizzit.fr/fr/property/appartement/lille/Azkw6gej8mgmmcyf,,2026-08-12
Lille (Nord),1 565 €/mois,108 m² - 4 pièces - 3 chambres,,https://www.vizzit.fr/fr/property/appartement/lille/Avrkawb2mg5iwk9q,,2026-08-12
Lille (Nord),890 €/mois,40 m² - 2 pièces - 1 chambre,,https://www.vizzit.fr/fr/property/appartement/lille/Anea4reiljoczllb,,2026-08-12
Lille (Nord),1 230 €/mois,56 m² - 2 pièces - 1 chambre,,https://www.vizzit.fr/fr/property/appartement/lille/Aq6sfbuz3tux0z2k,,2026-08-12
Lille (Nord),545 €/mois,15 m² - Studio,,https://www.vizzit.fr/fr/property/appartement/lille/Ab804eimlin0l2l9,,2026-08-12
Lille (Nord),720 €/mois,41 m² - 2 pièces - 1 chambre,,https://www.vizzit.fr/fr/property/appartement/lille/A38j7l74fm6ud6mm,,2026-08-12
Lille (Nord),640 €/mois,49 m² - 3 pièces - 2 chambres,,https://www.vizzit.fr/fr/property/appartement/lille/Aiw2rgu6janwvo3o,,2026-08-12
Lille (Nord),520 €/mois,25 m² - 2 pièces - 1 chambre,,https://www.vizzit.fr/fr/property/appartement/lille/A1iqo716r47i0v3k,,2026-08-12
Lille (Nord),750 €/mois,31 m² - Studio,,https://www.vizzit.fr/fr/property/appartement/lille/Ay4044m0jgovi5to,,2026-08-12
Lille (Nord),1 179 €/mois,57 m² - 3 pièces - 2 chambres,,https://www.vizzit.fr/fr/property/appartement/lille/Adezbaq6un70sahh,,2026-08-12
Lille (Nord),690 €/mois,40 m² - Studio,,https://www.vizzit.fr/fr/property/appartement/lille/Awly76cwh70k4f01,,2026-08-12
Lille (Nord),750 €/mois,38 m² - 2 pièces - 1 chambre,France Lille,https://www.vizzit.fr/fr/property/appartement/lille/Anc7fk5qwr430ajc,https://www.vizzit.fr/images/logo_compact_color_no_padding.svg,2026-08-12
Lille (Nord),725 €/mois,58 m² - 3 pièces - 2 chambres,,https://www.vizzit.fr/fr/property/appartement/lille/Av58xvb4i5u1dly9,,2026-08-12
Lille (Nord),380 €/mois,18 m² - Studio,,https://www.vizzit.fr/fr/property/appartement/lille/A3gza1t47a9kukwy,,2026-08-12
Lille (Nord),650 €/mois,37 m² - 2 pièces - 1 chambre,,https://www.vizzit.fr/fr/property/appartement/lille/Asvgvx8upwyfgbd1,,2026-08-12
Lille (Nord),950 €/mois,40 m² - 2 pièces - 1 chambre,,https://www.vizzit.fr/fr/property/appartement/lille/A7rw2d8suzsszxed,,2026-08-12
Lille (Nord),695 €/mois,25 m² - 2 pièces,,https://www.vizzit.fr/fr/property/appartement/lille/Aig5yl6u0zb1kl59,,2026-08-12
Lille (Nord),860 €/mois,26 m² - Studio,,https://www.vizzit.fr/fr/property/appartement/lille/A95kcdvo0vlmu55n,,2026-08-12
Lille (Nord),878 €/mois,60 m² - 3 pièces - 2 chambres,,https://www.vizzit.fr/fr/property/appartement/lille/Aqv4qenzu94xhytl,,2026-08-12
Lille (Nord),700 €/mois,30 m² - Studio,,https://www.vizzit.fr/fr/property/appartement/lille/A3pmn0emimnwcyox,,2026-08-12
Lille (Nord),730 €/mois,23 m² - Studio,,https://www.vizzit.fr/fr/property/appartement/lille/Av6hswydukry6v8a,,2026-08-12
Lille (Nord),979 €/mois,49 m² - 2 pièces - 1 chambre,,https://www.vizzit.fr/fr/property/appartement/lille/Am94qrcw8sbw0dm6,,2026-08-12
Lille (Nord),1 200 €/mois,60 m² - 3 pièces - 1 chambre,,https://www.vizzit.fr/fr/property/immobilier/lille/A1waue5sfuxuhkim,,2026-08-12
Lille (Nord),553 €/mois,24 m² - 1 pièce,,https://www.vizzit.fr/fr/property/appartement/lille/Abqk0ab8gjkeugxp,,2026-08-12
Lille (Nord),900 €/mois,65 m² - 65 m² de terrain - 6 pièces,,https://www.vizzit.fr/fr/property/immobilier/lille/Au8n1lvyx17qwscw,,2026-08-12
Lille (Nord),619 €/mois,17 m² - Studio,,https://www.vizzit.fr/fr/property/appartement/lille/Aae85zlh2kc2aphg,,2026-08-12
Lille (Nord),950 €/mois,45 m² - 2 pièces - 1 chambre,,https://www.vizzit.fr/fr/property/appartement/lille/Ax1blceft30dxtyb,,2026-08-12
Lille (Nord),630 €/mois,24 m² - Studio,,https://www.vizzit.fr/fr/property/appartement/lille/Afb6zuub5y3ef4wg,,2026-08-12
Lille (Nord),600 €/mois,30 m² - 2 pièces - 1 chambre,,https://www.vizzit.fr/fr/property/appartement/lille/Akkk37p78krs2qri,,2026-08-12
Lille (Nord),1 110 €/mois,57 m² - 3 pièces - 1 chambre,,https://www.vizzit.fr/fr/property/immobilier/lille/Apf2tg7cz04oez6y,,2026-08-12
Lille (Nord),600 €/mois,16 m² - Studio,,https://www.vizzit.fr/fr/property/appartement/lille/Amm78455c8ml53c4,,2026-08-12
Lille (Nord),670 €/mois,27 m² - Studio,,https://www.vizzit.fr/fr/property/appartement/lille/A2v1tg96k2jn0zk9,,2026-08-12
Lille (Nord),862 €/mois,47 m² - 2 pièces - 1 chambre,,https://www.vizzit.fr/fr/property/appartement/lille/A2q80cl0gylcds6h,,2026-08-12
Lille (Nord),560 €/mois,23 m² - Studio,,https://www.vizzit.fr/fr/property/appartement/lille/Ar7p411vxihytva8,,2026-08-12
Lille (Nord),1 390 €/mois,98 m² - 4 pièces,France Lille,https://www.vizzit.fr/fr/property/appartement/lille/Af0fu10o8pt1z4zo,https://www.vizzit.fr/images/logo_compact_color_no_padding.svg,2026-08-12
Lille (Nord),640 €/mois,30 m² - 2 pièces - 1 chambre,,https://www.vizzit.fr/fr/property/appartement/lille/Ao9jce1iokyrun39,,2026-08-12
Lille (Nord),750 €/mois,38 m² - 2 pièces - 1 chambre,,https://www.vizzit.fr/fr/property/appartement/lille/A9dwnwsthqc8lgyw,,2026-08-12
Lille (Nord),1 450 €/mois,111 m² - 5 pièces - 4 chambres,,https://www.vizzit.fr/fr/property/immobilier/lille/Ar7pn3xoe9on2k3i,,2026-08-12
Lille (Nord),585 €/mois,17 m² - Studio,,https://www.vizzit.fr/fr/property/appartement/lille/A8w7wfrh8jbp92le,,2026-08-12
Lille (Nord),740 €/mois,29 m² - Studio,,https://www.vizzit.fr/fr/property/appartement/lille/A17vtto9gmdtge9q,,2026-08-12
Lille (Nord),675 €/mois,54 m² - 3 pièces - 2 chambres,,https://www.vizzit.fr/fr/property/appartement/lille/Autpkqg34bovpuxw,,2026-08-12
Lille (Nord),1 200 €/mois,66 m² - 3 pièces - 2 chambres,,https://www.vizzit.fr/fr/property/appartement/lille/A2mgfe5d418eh4ye,,2026-08-12
Lille (Nord),550 €/mois,20 m² - Studio,,https://www.vizzit.fr/fr/property/appartement/lille/Aymjgdjzuf4qrnrc,,2026-08-12
Lille (Nord),442 €/mois,17 m² - Studio,,https://www.vizzit.fr/fr/property/appartement/lille/A02y3pvah8f21rv1,,2026-08-12
Lille (Nord),1 470 €/mois,70 m² - 2 pièces - 1 chambre,,https://www.vizzit.fr/fr/property/appartement/lille/Alpws2zauf9is318,,2026-08-12
Lille (Nord),850 €/mois,42 m² - Studio,,https://www.vizzit.fr/fr/property/appartement/lille/Abfr0q46fpyeq97d,,2026-08-12
Lille (Nord),931 €/mois,26 m² - Studio,,https://www.vizzit.fr/fr/property/appartement/lille/Ax3epd32nvjgk4ep,,2026-08-12
Lille (Nord),1 008 €/mois,58 m² - 3 pièces - 2 chambres,,https://www.vizzit.fr/fr/property/appartement/lille/Ay8ijc9icin5vs48,,2026-08-12
Lille (Nord),830 €/mois,50 m² - 2 pièces - 1 chambre,,https://www.vizzit.fr/fr/property/appartement/lille/Ah2s13p1chfes54h,,2026-08-12
Lille (Nord),670 €/mois,28 m² - 2 pièces - 1 chambre,,https://www.vizzit.fr/fr/property/appartement/lille/Adclg4xbwj2lizse,,2026-08-12
Lille (Nord),571 €/mois,28 m² - Studio,,https://www.vizzit.fr/fr/property/appartement/lille/Ax264wko5kf1lh6d,,2026-08-12
Lille (Nord),515 €/mois,21 m² - Studio,,https://www.vizzit.fr/fr/property/appartement/lille/Alf6apq3t2zptmoc,,2026-08-12
Lille (Nord),720 €/mois,38 m² - 2 pièces - 1 chambre,,https://www.vizzit.fr/fr/property/appartement/lille/A4hf4lvw78salsxi,,2026-08-12
Lille (Nord),1 660 €/mois,96 m² - 3 pièces - 2 chambres,,https://www.vizzit.fr/fr/property/appartement/lille/A3qs03ky3sm9nsln,,2026-08-12
Lille (Nord),850 €/mois,50 m² - 3 pièces - 1 chambre,,https://www.vizzit.fr/fr/property/appartement/lille/A7r1ph43k2i51jtp,,2026-08-12
Lille (Nord),680 €/mois,28 m² - 2 pièces - 1 chambre,,https://www.vizzit.fr/fr/property/appartement/lille/Afmgcu2uclspknpt,,2026-08-12
Lille (Nord),500 €/mois,25 m² - Studio,,https://www.vizzit.fr/fr/property/appartement/lille/As0qa4yipfcvtvf6,,2026-08-12
Lille (Nord),915 €/mois,58 m² - 3 pièces - 2 chambres,,https://www.vizzit.fr/fr/property/appartement/lille/Arepazgwh8z5d5ow,,2026-08-12
Lille (Nord),765 €/mois,32 m² - 2 pièces - 1 chambre,,https://www.vizzit.fr/fr/property/appartement/lille/Ajfh83i9bx2ve30l,,2026-08-12
Lille (Nord),660 €/mois,25 m² - Studio,,https://www.vizzit.fr/fr/property/appartement/lille/Axj8nxnj3b8xnu3p,,2026-08-12
Lille (Nord),1 000 €/mois,70 m² - 4 pièces - 3 chambres,,https://www.vizzit.fr/fr/property/appartement/lille/Aehlosdtbqcz1hj0,,2026-08-12
Lille (Nord),795 €/mois,35 m² - 2 pièces - 1 chambre,,https://www.vizzit.fr/fr/property/appartement/lille/A1u1o61ly1hpyq0c,,2026-08-12
Lille (Nord),1 000 €/mois,54 m² - 2 pièces - 1 chambre,,https://www.vizzit.fr/fr/property/appartement/lille/Ag7i17q5arhzi1ii,,2026-08-12
Lille (Nord),500 €/mois,25 m² - Studio,,https://www.vizzit.fr/fr/property/appartement/lille/A77qz5rnwzbs8by8,,2026-08-12
Lille (Nord),643 €/mois,34 m² - 1 pièce,,https://www.vizzit.fr/fr/property/appartement/lille/Anupfwzdtfrwwxfd,,2026-08-12
Lille (Nord),640 €/mois,24 m² - Studio,,https://www.vizzit.fr/fr/property/appartement/lille/Avwjksy5wx9u9gmu,,2026-08-12
Lille (Nord),700 €/mois,31 m² - 2 pièces - 1 chambre,,https://www.vizzit.fr/fr/property/appartement/lille/Az1vakbcx2ptm841,,2026-08-12
Lille (Nord),680 €/mois,56 m² - 2 pièces - 1 chambre,,https://www.vizzit.fr/fr/property/appartement/lille/Am78sbtvyf5xtjcf,,2026-08-12
Lille (Nord),460 €/mois,20 m² - Studio,,https://www.vizzit.fr/fr/property/appartement/lille/As20r2zwmb1vbhkx,,2026-08-12
Lille (Nord),890 €/mois,64 m² - 3 pièces - 2 chambres,,https://www.vizzit.fr/fr/property/appartement/lille/Askczsnngf58xiri,,2026-08-12
Lille (Nord),705 €/mois,47 m² - 2 pièces - 1 chambre,,https://www.vizzit.fr/fr/property/appartement/lille/A4j04tebuyzxg5ya,,2026-08-12
Lille (Nord),521 €/mois,13 m² - Studio,,https://www.vizzit.fr/fr/property/appartement/lille/A6dp8zdyi3uqmnax,,2026-08-12
Lille (Nord),740 €/mois,25 m² - 2 pièces - 1 chambre,,https://www.vizzit.fr/fr/property/appartement/lille/Azkcn981hiww5wbp,,2026-08-12
Lille (Nord),485 €/mois,18 m² - Studio,,https://www.vizzit.fr/fr/property/appartement/lille/Aofn1foerfo301ef,,2026-08-12
Lille (Nord),600 €/mois,27 m² - 2 pièces - 1 chambre,,https://www.vizzit.fr/fr/property/appartement/lille/Aioomwwpxj4yoydd,,2026-08-12
Lille (Nord),915 €/mois,50 m² - 2 pièces - 1 chambre,,https://www.vizzit.fr/fr/property/appartement/lille/Aw2ozqex6qv6i719,,2026-08-12
Lille (Nord),650 €/mois,650 m² - Studio,,https://www.vizzit.fr/fr/property/appartement/lille/Adbkekq2nukgeu5a,,2026-08-12
Lille (Nord),780 €/mois,35 m² - 2 pièces - 1 chambre,,https://www.vizzit.fr/fr/property/appartement/lille/A5jg60ej8brb1mp7,,2026-08-12
Lille (Nord),440 €/mois,18 m² - Studio,,https://www.vizzit.fr/fr/property/appartement/lille/Atevfypbhmjf8717,,2026-08-12
Lille (Nord),535 €/mois,18 m² - Studio,,https://www.vizzit.fr/fr/property/appartement/lille/Ac6cywke2v5drsw2,,2026-08-12
Lille (Nord),720 €/mois,37 m² - 2 pièces - 1 chambre,,https://www.vizzit.fr/fr/property/appartement/lille/A45023v7w2fcjpx8,,2026-08-12
Lille (Nord),900 €/mois,49 m² - 2 pièces - 1 chambre,,https://www.vizzit.fr/fr/property/appartement/lille/Ayrq005i7fpd55df,,2026-08-12
Lille (Nord),300 €/mois,18 m² - 18 pièces - 1 chambre,,https://www.vizzit.fr/fr/property/appartement/lille/A8rkz55tv69d5e9a,,2026-08-12
Lille (Nord),970 €/mois,65 m² - 3 pièces - 2 chambres,,https://www.vizzit.fr/fr/property/appartement/lille/Aafbbd9sg3nvp9ec,,2026-08-12
Lille (Nord),720 €/mois,42 m² - 1 pièce,,https://www.vizzit.fr/fr/property/appartement/lille/Afxntzkktl6cyckx,,2026-08-12
Lille (Nord),560 €/mois,26 m² - Studio,,https://www.vizzit.fr/fr/property/appartement/lille/Abgqarkvis6bo0zt,,2026-08-12
Lille (Nord),605 €/mois,30 m² - 30 m² de terrain - Studio,,https://www.vizzit.fr/fr/property/appartement/lille/Axx1v5o77jngykgt,,2026-08-12
Lille (Nord),740 €/mois,38 m² - 2 pièces - 1 chambre,,https://www.vizzit.fr/fr/property/appartement/lille/Aiqz1hof9s87bgp9,,2026-08-12
Lille (Nord),696 €/mois,30 m² - Studio,,https://www.vizzit.fr/fr/property/appartement/lille/Aosgvorzccgvyk3z,,2026-08-12
Lille (Nord),450 €/mois,16 m² - Studio,,https://www.vizzit.fr/fr/property/appartement/lille/Asl5wz2re66xjyip,,2026-08-12
Lille (Nord),1 052 €/mois,62 m² - 3 pièces,,https://www.vizzit.fr/fr/property/appartement/lille/Ab0fwxisf7ilxw7g,,2026-08-12
Lille (Nord),550 €/mois,24 m² - Studio,,https://www.vizzit.fr/fr/property/appartement/lille/A4yndyep1sh6gs7p,,2026-08-12
Lille (Nord),650 €/mois,43 m² - 2 pièces - 1 chambre,,https://www.vizzit.fr/fr/property/appartement/lille/A6d0n1nzdczeeczz,,2026-08-12
Lille (Nord),1 380 €/mois,60 m² - 2 pièces - 1 chambre,,https://www.vizzit.fr/fr/property/appartement/lille/Au8bvxl5ardphbte,,2026-08-12
Lille (Nord),500 €/mois,20 m² - Studio,,https://www.vizzit.fr/fr/property/appartement/lille/A6urzs6i0bxm3fze,,2026-08-12
Lille (Nord),700 €/mois,30 m² - Studio,,https://www.vizzit.fr/fr/property/appartement/lille/Ae85cf8s15272mot,,2026-08-12
Lille (Nord),540 €/mois,20 m² - Studio,,https://www.vizzit.fr/fr/property/appartement/lille/A7n272t4j2lsqqbh,,2026-08-12
Lille (Nord),490 €/mois,21 m² - Studio,,https://www.vizzit.fr/fr/property/appartement/lille/Av9l793i6p7nee06,,2026-08-12
Lille (Nord),850 €/mois,55 m² - 2 pièces - 1 chambre,,https://www.vizzit.fr/fr/property/appartement/lille/A2hm0midv8w336jw,,2026-08-12
Lille (Nord),638 €/mois,24 m² - Studio,,https://www.vizzit.fr/fr/property/appartement/lille/Af1yvasetan9xt00,,2026-08-12
Lille (Nord),650 €/mois,30 m² - Studio,,https://www.vizzit.fr/fr/property/appartement/lille/Akhy9cn7w7qwzx67,,2026-08-12
Lille (Nord),815 €/mois,50 m² - 3 pièces - 1 chambre,,https://www.vizzit.fr/fr/property/appartement/lille/Avz614n08csmxb9e,,2026-08-12
Lille (Nord),630 €/mois,4 m² - 2 pièces - 1 chambre,,https://www.vizzit.fr/fr/property/appartement/lille/Acs4ozl6r4mohahv,,2026-08-12
Lille (Nord),735 €/mois,30 m² - 2 pièces,,https://www.vizzit.fr/fr/property/appartement/lille/Akb83ne1t9gijxnf,,2026-08-12
Lille (Nord),1 480 €/mois,110 m² - 6 pièces - 3 chambres,,https://www.vizzit.fr/fr/property/appartement/lille/Ayfzqqy35j4qjh6z,,2026-08-12
Lille (Nord),660 €/mois,40 m² - 2 pièces - 1 chambre,,https://www.vizzit.fr/fr/property/appartement/lille/Anxzxh43qr1ixbwj,,2026-08-12
Lille (Nord),475 €/mois,18 m² - Studio,,https://www.vizzit.fr/fr/property/appartement/lille/Ayjxaa11m0fe1xav,,2026-08-12
Lille (Nord),470 €/mois,24 m² - Studio,,https://www.vizzit.fr/fr/property/appartement/lille/Ah85qfao5sznncm3,,2026-08-12
Lille (Nord),600 €/mois,30 m² - Studio,,https://www.vizzit.fr/fr/property/appartement/lille/A36m0iufja0pdglq,,2026-08-12
Lille (Nord),573 €/mois,29 m² - Studio,,https://www.vizzit.fr/fr/property/appartement/lille/Apkka5b36vf17tmj,,2026-08-12
Lille (Nord),800 €/mois,35 m² - Studio,,https://www.vizzit.fr/fr/property/appartement/lille/A2833395zrjv3wp9,,2026-08-12
Lille (Nord),590 €/mois,31 m² - 2 pièces - 1 chambre,,https://www.vizzit.fr/fr/property/appartement/lille/Ala2j3nyosved8r6,,2026-08-12
Lille (Nord),920 €/mois,51 m² - 2 pièces - 1 chambre,,https://www.vizzit.fr/fr/property/appartement/lille/Aelzgjxs5nut016d,,2026-08-12
Lille (Nord),480 €/mois,20 m² - Studio,,https://www.vizzit.fr/fr/property/appartement/lille/An9ylm3m4cniwtzc,,2026-08-12
Lille (Nord),490 €/mois,54 m² - 2 pièces - 2 chambres,,https://www.vizzit.fr/fr/property/appartement/lille/Ak44pbu74o92w3oy,,2026-08-12
Lille (Nord),900 €/mois,42 m² - 2 pièces - 1 chambre,,https://www.vizzit.fr/fr/property/appartement/lille/A1qc6n0bgnsrzn12,,2026-08-12
Lille (Nord),1 190 €/mois,48 m² - 2 pièces - 1 chambre,,https://www.vizzit.fr/fr/property/appartement/lille/Ays4qzn5a0yv4s4z,,2026-08-12
Lille (Nord),569 €/mois,29 m² - Studio,,https://www.vizzit.fr/fr/property/appartement/lille/A8h7t0n2i3r7ere6,,2026-08-12
Lille (Nord),500 €/mois,18 m² - Studio,,https://www.vizzit.fr/fr/property/appartement/lille/Aw4jfvsrj7exgk49,,2026-08-12
Lille (Nord),440 €/mois,20 m² - Studio,,https://www.vizzit.fr/fr/property/appartement/lille/Aheywx9d0qc8283i,,2026-08-12
Lille (Nord),515 €/mois,20 m² - Studio,,https://www.vizzit.fr/fr/property/appartement/lille/Asl30seuodl1bmb2,,2026-08-12
Lille (Nord),685 €/mois,27 m² - Studio,,https://www.vizzit.fr/fr/property/appartement/lille/Amnekily51bgbd03,,2026-08-12
Lille (Nord),610 €/mois,42 m² - 2 pièces - 1 chambre,,https://www.vizzit.fr/fr/property/appartement/lille/A15a76i3da9p06p8,,2026-08-12
Lille (Nord),649 €/mois,30 m² - 2 pièces - 1 chambre,,https://www.vizzit.fr/fr/property/appartement/lille/Ahkhdzr0d8kl4cef,,2026-08-12
Lille (Nord),1 090 €/mois,59 m² - 2 pièces - 1 chambre,,https://www.vizzit.fr/fr/property/appartement/lille/Al0afinu2dezdpo0,,2026-08-12
Lille (Nord),1 200 €/mois,75 m² - 3 pièces - 2 chambres,,https://www.vizzit.fr/fr/property/appartement/lille/Aeyls2xtuqtcuop3,,2026-08-12
Lille (Nord),1 372 €/mois,61 m² - 3 pièces - 2 chambres,,https://www.vizzit.fr/fr/property/appartement/lille/A5swaktsg69emr9f,,2026-08-12
Lille (Nord),790 €/mois,50 m² - 2 pièces - 1 chambre,,https://www.vizzit.fr/fr/property/appartement/lille/Axbvihz4ujzquxo1,,2026-08-12
Lille (Nord),800 €/mois,75 m² - 3 pièces - 2 chambres,,https://www.vizzit.fr/fr/property/appartement/lille/A55tcbwtq3hu3vun,,2026-08-12
Lille (Nord),600 €/mois,38 m² - 1 pièce,,https://www.vizzit.fr/fr/property/appartement/lille/A0o1u1rzynay5x1y,,2026-08-12
Lille (Nord),625 €/mois,34 m² - 2 pièces - 1 chambre,,https://www.vizzit.fr/fr/property/appartement/lille/A3n3xqr5ee0dd7an,,2026-08-12
Lille (Nord),630 €/mois,49 m² - 2 pièces - 1 chambre,,https://www.vizzit.fr/fr/property/appartement/lille/As56fvg7x0ux20hj,,2026-08-12
Lille (Nord),850 €/mois,55 m² - 55 m² de terrain - 3 pièces,,https://www.vizzit.fr/fr/property/immobilier/lille/Aidz7d5sxfamqxkv,,2026-08-12
Lille (Nord),770 €/mois,50 m² - 3 pièces - 2 chambres,,https://www.vizzit.fr/fr/property/immobilier/lille/Ao3tmidt49wyrsgb,,2026-08-12
Lille (Nord),615 €/mois,36 m² - 2 pièces - 1 chambre,,https://www.vizzit.fr/fr/property/appartement/lille/Av4vzsgcaunu48f6,,2026-08-12
Lille (Nord),997 €/mois,47 m² - 2 pièces - 1 chambre,,https://www.vizzit.fr/fr/property/appartement/lille/Augwg7xa6msl8ypm,,2026-08-12
Lille (Nord),479 €/mois,18 m² - Studio,,https://www.vizzit.fr/fr/property/appartement/lille/A46j8cz250owdpfm,,2026-08-12
Lille (Nord),530 €/mois,20 m² - Studio,,https://www.vizzit.fr/fr/property/appartement/lille/Afvgwucu13mw5m2l,,2026-08-12
Lille (Nord),591 €/mois,47 m² - 2 pièces - 1 chambre,,https://www.vizzit.fr/fr/property/appartement/lille/Ahvyoggrelt6y5sr,,2026-08-12
Lille (Nord),735 €/mois,27 m² - Studio,,https://www.vizzit.fr/fr/property/appartement/lille/Anmisuouozhj0ku2,,2026-08-12
Lille (Nord),980 €/mois,43 m² - 2 pièces - 1 chambre,,https://www.vizzit.fr/fr/property/appartement/lille/Anjzuht34srspccb,,2026-08-12
Lille (Nord),825 €/mois,44 m² - 2 pièces - 1 chambre,,https://www.vizzit.fr/fr/property/appartement/lille/A18cpbt1hd9jg0v7,,2026-08-12
Lille (Nord),520 €/mois,25 m² - Studio,,https://www.vizzit.fr/fr/property/appartement/lille/Aesgm7hgxgkclb8f,,2026-08-12
Lille (Nord),650 €/mois,22 m² - Studio,,https://www.vizzit.fr/fr/property/appartement/lille/A75q9jj2bmjta5pg,,2026-08-12
Lille (Nord),670 €/mois,29 m² - Studio,,https://www.vizzit.fr/fr/property/appartement/lille/Atdxahz2utz5z432,,2026-08-12
Lille (Nord),620 €/mois,23 m² - Studio,,https://www.vizzit.fr/fr/property/appartement/lille/Ad9xvvtuej1layg6,,2026-08-12
Lille (Nord),988 €/mois,60 m² - 4 pièces - 3 chambres,,https://www.vizzit.fr/fr/property/appartement/lille/A72slkhw0twuympe,,2026-08-12
Lille (Nord),660 €/mois,47 m² - 2 pièces,France Lille,https://www.vizzit.fr/fr/property/appartement/lille/A6y4q300zu1komlp,https://www.vizzit.fr/images/logo_compact_color_no_padding.svg,2026-08-12
Lille (Nord),763 €/mois,32 m² - 10 m² de terrain - 2 pièces,Contactez l'agence pour obtenir davantage de photos pour cette annonce.,https://www.vizzit.fr/fr/property/immobilier/lille/A6o8z94xi86k3hdk,https://www.vizzit.fr/images/logo_compact_color_no_padding.svg,2026-08-12
Lille (Nord),650 €/mois,40 m² - 2 pièces - 1 chambre,France Lille,https://www.vizzit.fr/fr/property/appartement/lille/Afit9qz8e5le55fq,https://www.vizzit.fr/images/logo_compact_color_no_padding.svg,2026-08-12
Lille (Nord),960 €/mois,48 m² - 2 pièces,France Lille,https://www.vizzit.fr/fr/property/appartement/lille/A5xq8wdvfu1xo1ly,https://www.vizzit.fr/images/logo_compact_color_no_padding.svg,2026-08-12
Lille (Nord),683 €/mois,31 m² - Studio,Contactez l'agence pour obtenir davantage de photos pour cette annonce.,https://www.vizzit.fr/fr/property/appartement/lille/Ad8eactmi2inke2z,https://www.vizzit.fr/images/logo_compact_color_no_padding.svg,2026-08-12
Lille (Nord),440 €/mois,10 m² - Studio,France Lille,https://www.vizzit.fr/fr/property/appartement/lille/A6ooght3kkxs0b3l,https://www.vizzit.fr/images/logo_compact_color_no_padding.svg,2026-08-12
Lille (Nord),400 €/mois,13 m² - Studio,France Lille,https://www.vizzit.fr/fr/property/appartement/lille/A04rutrtmrtm5j40,https://www.vizzit.fr/images/logo_compact_color_no_padding.svg,2026-08-12
Lille (Nord),660 €/mois,42 m² - 2 pièces - 1 chambre,France Lille,https://www.vizzit.fr/fr/property/appartement/lille/Awgg6a50epzz37yy,https://www.vizzit.fr/images/logo_compact_color_no_padding.svg,2026-08-12
Lille (Nord),779 €/mois,39 m² - 2 pièces - 1 chambre,France Lille,https://www.vizzit.fr/fr/property/appartement/lille/Ahx1bu83zx23k652,https://www.vizzit.fr/images/logo_compact_color_no_padding.svg,2026-08-12
Lille (Nord),1 520 €/mois,97 m² - 3 pièces - 2 chambres,France Lille,https://www.vizzit.fr/fr/property/appartement/lille/A5b01h0bmqjl2z25,https://www.vizzit.fr/images/logo_compact_color_no_padding.svg,2026-08-12
Lille (Nord),460 €/mois,23 m² - Studio,France Lille,https://www.vizzit.fr/fr/property/appartement/lille/Am7hi81fi2cu8vlj,https://www.vizzit.fr/images/logo_compact_color_no_padding.svg,2026-08-12
Lille (Nord),395 €/mois,17 m² - Studio,France Lille,https://www.vizzit.fr/fr/property/appartement/lille/A2sgyv4w107dna8u,https://www.vizzit.fr/images/logo_compact_color_no_padding.svg,2026-08-12
Lille (Nord),912 €/mois,61 m² - 3 pièces - 2 chambres,France Lille,https://www.vizzit.fr/fr/property/appartement/lille/A86ybn67osmzf52n,https://www.vizzit.fr/images/logo_compact_color_no_padding.svg,2026-08-12
Lille (Nord),760 €/mois,44 m² - 2 pièces - 1 chambre,,https://www.vizzit.fr/fr/property/appartement/lille/Awq5sbpcrxu8evay,,2026-08-12
Lille (Nord),742 €/mois,36 m² - 1 pièce,,https://www.vizzit.fr/fr/property/appartement/lille/A97f6gqlhywguqws,,2026-08-12
Lille (Nord),980 €/mois,48 m² - 2 pièces - 1 chambre,France Lille,https://www.vizzit.fr/fr/property/appartement/lille/Ah1u2lak522ee534,https://www.vizzit.fr/images/logo_compact_color_no_padding.svg,2026-08-12
Lille (Nord),1 295 €/mois,66 m² - 2 pièces - 1 chambre,France Lille,https://www.vizzit.fr/fr/property/appartement/lille/A2bqx4kjidckdq27,https://www.vizzit.fr/images/logo_compact_color_no_padding.svg,2026-08-12
Lille (Nord),841 €/mois,35 m² - 2 pièces - 1 chambre,France Lille,https://www.vizzit.fr/fr/property/appartement/lille/Aexn9rp1ao645pqe,https://www.vizzit.fr/images/logo_compact_color_no_padding.svg,2026-08-12
Lille (Nord),1 400 €/mois,37 m² - 2 pièces,France Lille,https://www.vizzit.fr/fr/property/appartement/lille/Aqbkllzyvt3wq6js,https://www.vizzit.fr/images/logo_compact_color_no_padding.svg,2026-08-12
Lille (Nord),705 €/mois,31 m² - 1 pièce,,https://www.vizzit.fr/fr/property/appartement/lille/An9u5em3107w0pyo,,2026-08-12
Lille (Nord),775 €/mois,38 m² - 2 pièces - 1 chambre,,https://www.vizzit.fr/fr/property/appartement/lille/A9e6fuppritjwy1r,,2026-08-12
Lille (Nord),505 €/mois,23 m² - 1 pièce,,https://www.vizzit.fr/fr/property/appartement/lille/Alw1sr7i7b2vpfwi,,2026-08-12
Lille (Nord),1 400 €/mois,62 m² - 3 pièces - 2 chambres,,https://www.vizzit.fr/fr/property/appartement/lille/Aqmcmki4mnvhqwj5,,2026-08-12
Lille (Nord),622 €/mois,42 m² - 2 pièces - 1 chambre,France Lille,https://www.vizzit.fr/fr/property/appartement/lille/A7ey4kkj4gqeg8qv,https://www.vizzit.fr/images/logo_compact_color_no_padding.svg,2026-08-12
Lille (Nord),690 €/mois,38 m² - 2 pièces - 1 chambre,France Lille,https://www.vizzit.fr/fr/property/appartement/lille/A6r09hiqn3rjkkqd,https://www.vizzit.fr/images/logo_compact_color_no_padding.svg,2026-08-12
Lille (Nord),2 100 €/mois,90 m² - 4 pièces - 1 chambre,France Lille,https://www.vizzit.fr/fr/property/appartement/lille/Aus121gd42rb5jyq,https://www.vizzit.fr/images/logo_compact_color_no_padding.svg,2026-08-12
Lille (Nord),583 €/mois,36 m² - 2 pièces - 1 chambre,France Lille,https://www.vizzit.fr/fr/property/appartement/lille/A2ikt1edz7mw2u77,https://www.vizzit.fr/images/logo_compact_color_no_padding.svg,2026-08-12
Lille (Nord),527 €/mois,27 m² - 1 pièce,France Lille,https://www.vizzit.fr/fr/property/appartement/lille/A5vph08yifojcvvr,https://www.vizzit.fr/images/logo_compact_color_no_padding.svg,2026-08-12
Lille (Nord),516 €/mois,11 m² - Studio,France Lille,https://www.vizzit.fr/fr/property/appartement/lille/A2fl9lupj8o24p3o,https://www.vizzit.fr/images/logo_compact_color_no_padding.svg,2026-08-12
Lille (Nord),575 €/mois,38 m² - 2 pièces - 1 chambre,France Lille,https://www.vizzit.fr/fr/property/appartement/lille/An7tyzgfwcuma3d9,https://www.vizzit.fr/images/logo_compact_color_no_padding.svg,2026-08-12
Lille (Nord),901 €/mois,69 m² - 2 chambres,France Lille,https://www.vizzit.fr/fr/property/appartement/lille/A5d23tuvfqdhdq6h,https://www.vizzit.fr/images/logo_compact_color_no_padding.svg,2026-08-12
Lille (Nord),470 €/mois,10 m² - Studio,France Lille,https://www.vizzit.fr/fr/property/appartement/lille/A4wo5b5hwxft5u65,https://www.vizzit.fr/images/logo_compact_color_no_padding.svg,2026-08-12
Lille (Nord),931 €/mois,45 m² - Studio,France Lille,https://www.vizzit.fr/fr/property/appartement/lille/Aqzoq8zffy7850d7,https://www.vizzit.fr/images/logo_compact_color_no_padding.svg,2026-08-12
Lille (Nord),887 €/mois,51 m² - 3 pièces - 2 chambres,France Lille,https://www.vizzit.fr/fr/property/appartement/lille/Aulknpngk2i7peny,https://www.vizzit.fr/images/logo_compact_color_no_padding.svg,2026-08-12
Lille (Nord),580 €/mois,28 m² - 1 pièce,France Lille,https://www.vizzit.fr/fr/property/appartement/lille/Ar2yzshb1dfhtjdh,https://www.vizzit.fr/images/logo_compact_color_no_padding.svg,2026-08-12
Lille (Nord),1 406 €/mois,88 m² - 4 pièces - 3 chambres,France Lille,https://www.vizzit.fr/fr/property/appartement/lille/Agbf8sdxse2h9p38,https://www.vizzit.fr/images/logo_compact_color_no_padding.svg,2026-08-12
Lille (Nord),1 267 €/mois,73 m² - 3 pièces - 2 chambres,,https://www.vizzit.fr/fr/property/appartement/lille/Ax7k5d33ilfmb7q9,,2026-08-12
Lille (Nord),750 €/mois,38 m² - 2 pièces - 1 chambre,France Lille,https://www.vizzit.fr/fr/property/immobilier/lille/A2iqp1y0n760f1c2,https://www.vizzit.fr/images/logo_compact_color_no_padding.svg,2026-08-12
Lille (Nord),753 €/mois,47 m² - 2 pièces - 1 chambre,France Lille,https://www.vizzit.fr/fr/property/appartement/lille/Arjauhmm0rc1hmjh,https://www.vizzit.fr/images/logo_compact_color_no_padding.svg,2026-08-12
Lille (Nord),890 €/mois,43 m² - 2 pièces,,https://www.vizzit.fr/fr/property/appartement/lille/A4auf4unr4w23276,,2026-08-12
Lille (Nord),1 850 €/mois,105 m² - 4 pièces - 2 chambres,France Lille,https://www.vizzit.fr/fr/property/appartement/lille/A8cla8npzsxs0zyn,https://www.vizzit.fr/images/logo_compact_color_no_padding.svg,2026-08-12
Lille (Nord),1 299 €/mois,93 m² - 4 pièces - 1 chambre,,https://www.vizzit.fr/fr/property/appartement/lille/Auovwexdgn3fnqk6,,2026-08-12
Lille (Nord),574 €/mois,30 m² - Studio,Contactez l'agence pour obtenir davantage de photos pour cette annonce.,https://www.vizzit.fr/fr/property/appartement/lille/Aqtg5tfo8u1q4e69,https://www.vizzit.fr/images/logo_compact_color_no_padding.svg,2026-08-12
Lille (Nord),800 €/mois,44 m² - 2 pièces,France Lille,https://www.vizzit.fr/fr/property/appartement/lille/Afk32vxr3vom8rdt,https://www.vizzit.fr/images/logo_compact_color_no_padding.svg,2026-08-12
Lille (Nord),850 €/mois,55 m² - 2 pièces,,https://www.vizzit.fr/fr/property/appartement/lille/At5ime8n74jxhf83,,2026-08-12
Lille (Nord),1 090 €/mois,65 m² - 3 pièces,,https://www.vizzit.fr/fr/property/appartement/lille/Ajnnv92img3x0dzi,,2026-08-12
Lille (Nord),1 039 €/mois,75 m² - 3 pièces,,https://www.vizzit.fr/fr/property/appartement/lille/Ag2h7jddglg3oiw4,https://www.vizzit.fr/images/logo_compact_color_no_padding.svg,2026-08-12
Lille (Nord),950 €/mois,53 m² - 2 pièces - 1 chambre,Contactez l'agence pour obtenir davantage de photos pour cette annonce.,https://www.vizzit.fr/fr/property/appartement/lille/A4m9llgxvefcnkdq,https://www.vizzit.fr/images/logo_compact_color_no_padding.svg,2026-08-12
Lille (Nord),340 €/mois,24 m² - Studio,France Lille,https://www.vizzit.fr/fr/property/appartement/lille/Aehoqt14xgmlxqpt,https://www.vizzit.fr/images/logo_compact_color_no_padding.svg,2026-08-12
Lille (Nord),394 €/mois,15 m² - Studio,,https://www.vizzit.fr/fr/property/appartement/lille/Appmfy89xbjt24s5,https://www.vizzit.fr/images/logo_compact_color_no_padding.svg,2026-08-12
Lille (Nord),670 €/mois,28 m² - 2 pièces - 1 chambre,France Lille,https://www.vizzit.fr/fr/property/appartement/lille/Auxh92uzuw4t7x15,https://www.vizzit.fr/images/logo_compact_color_no_padding.svg,2026-08-12
Lille (Nord),710 €/mois,28 m² - Studio,France Lille,https://www.vizzit.fr/fr/property/appartement/lille/Ajy4ag50k10vrpi4,https://www.vizzit.fr/images/logo_compact_color_no_padding.svg,2026-08-12
Lille (Nord),460 €/mois,14 m² - Studio,France Lille,https://www.vizzit.fr/fr/property/appartement/lille/As1hdi0c74c9vdoc,https://www.vizzit.fr/images/logo_compact_color_no_padding.svg,2026-08-12
Lille (Nord),815 €/mois,33 m² - Studio,Contactez l'agence pour obtenir davantage de photos pour cette annonce.,https://www.vizzit.fr/fr/property/appartement/lille/Ata30dz2cncp1mqj,https://www.vizzit.fr/images/logo_compact_color_no_padding.svg,2026-08-12
Lille (Nord),708 €/mois,25 m² - Studio,,https://www.vizzit.fr/fr/property/appartement/lille/Arjm816nq1gm5sga,https://www.vizzit.fr/images/logo_compact_color_no_padding.svg,2026-08-12
Lille (Nord),602 €/mois,33 m² - Studio,,https://www.vizzit.fr/fr/property/appartement/lille/A33v5co3e0zw1tmb,https://www.vizzit.fr/images/logo_compact_color_no_padding.svg,2026-08-12
Lille (Nord),686 €/mois,41 m² - 2 pièces,,https://www.vizzit.fr/fr/property/appartement/lille/A2zwq69121w6lbqc,https://www.vizzit.fr/images/logo_compact_color_no_padding.svg,2026-08-12
Lille (Nord),893 €/mois,67 m² - 3 pièces,,https://www.vizzit.fr/fr/property/appartement/lille/Asdgdtke194lmmz2,https://www.vizzit.fr/images/logo_compact_color_no_padding.svg,2026-08-12
Lille (Nord),830 €/mois,25 m² - 2 pièces - 1 chambre,Contactez l'agence pour obtenir davantage de photos pour cette annonce.,https://www.vizzit.fr/fr/property/appartement/lille/Aws5ot5iqh3tqxsg,https://www.vizzit.fr/images/logo_compact_color_no_padding.svg,2026-08-12
Lille (Nord),770 €/mois,86 m² - 4 pièces - 3 chambres,France Lille,https://www.vizzit.fr/fr/property/immobilier/lille/Aaquldyur3sk39rw,https://www.vizzit.fr/images/logo_compact_color_no_padding.svg,2026-08-12
Lille (Nord),430 €/mois,23 m² - 1 pièce,France Lille,https://www.vizzit.fr/fr/property/immobilier/lille/Atdlj5q95wre72e5,https://www.vizzit.fr/images/logo_compact_color_no_padding.svg,2026-08-12
Lille (Nord),780 €/mois,45 m² - 3 pièces - 2 chambres,France Lille,https://www.vizzit.fr/fr/property/appartement/lille/Ah0jn5acascuw1u1,https://www.vizzit.fr/images/logo_compact_color_no_padding.svg,2026-08-12
Lille (Nord),1 135 €/mois,87 m² - 4 pièces - 3 chambres,France Lille,https://www.vizzit.fr/fr/property/appartement/lille/Ai0rarzgiknvs7yt,https://www.vizzit.fr/images/logo_compact_color_no_padding.svg,2026-08-12
Lille (Nord),950 €/mois,45 m² - 2 pièces - 1 chambre,,https://www.vizzit.fr/fr/property/appartement/lille/Ase8j23a28vb7y9j,,2026-08-12
Lille (Nord),500 €/mois,15 m² - Studio,,https://www.vizzit.fr/fr/property/appartement/lille/A9mlhri8gnsb6a6o,,2026-08-12
Lille (Nord),682 €/mois,45 m² - 2 pièces - 1 chambre,,https://www.vizzit.fr/fr/property/appartement/lille/Ai3pkz0d9emqa4sm,,2026-08-12
Lille (Nord),825 €/mois,50 m² - 2 pièces - 1 chambre,,https://www.vizzit.fr/fr/property/appartement/lille/Apcj4yrmr2yq9og0,,2026-08-12
Lille (Nord),550 €/mois,23 m² - Studio,,https://www.vizzit.fr/fr/property/appartement/lille/Apfvlp10dijziqkl,,2026-08-12
Lille (Nord),972 €/mois,65 m² - 3 pièces - 2 chambres,,https://www.vizzit.fr/fr/property/appartement/lille/Aqq8vjqig5dnee9q,,2026-08-12
Lille (Nord),610 €/mois,100 m² - 1 pièce,,https://www.vizzit.fr/fr/property/appartement/lille/A9j7844rgh8qp660,,2026-08-12
Lille (Nord),600 €/mois,25 m² - Studio,,https://www.vizzit.fr/fr/property/appartement/lille/A747tplyeo8h60jz,,2026-08-12
Lille (Nord),575 €/mois,20 m² - 1 pièce,,https://www.vizzit.fr/fr/property/appartement/lille/Acl1g9f86at1izb3,,2026-08-12
Lille (Nord),560 €/mois,20 m² - Studio,,https://www.vizzit.fr/fr/property/appartement/lille/Arnhnhpbsqvo2evo,,2026-08-12
Lille (Nord),430 €/mois,56 m² - 1 pièce,,https://www.vizzit.fr/fr/property/appartement/lille/Agmltg0n2i0m3ez3,,2026-08-12
Lille (Nord),2 263 €/mois,109 m² - 3 pièces - 2 chambres,,https://www.vizzit.fr/fr/property/appartement/lille/Ahssuorbnrrs1a58,,2026-08-12
Lille (Nord),1 390 €/mois,98 m² - 3 pièces - 2 chambres,,https://www.vizzit.fr/fr/property/appartement/lille/Afcr5gpgg538tx57,,2026-08-12
Lille (Nord),700 €/mois,24 m² - Studio,,https://www.vizzit.fr/fr/property/appartement/lille/Aaqz2el2s5r5xrep,,2026-08-12
Lille (Nord),1 050 €/mois,74 m² - 3 pièces - 2 chambres,,https://www.vizzit.fr/fr/property/appartement/lille/A5b59v87im8em9mr,,2026-08-12
Lille (Nord),479 €/mois,15 m² - Studio,,https://www.vizzit.fr/fr/property/appartement/lille/Ax8b7ze3m783qobh,,2026-08-12
Lille (Nord),655 €/mois,37 m² - 2 pièces - 1 chambre,,https://www.vizzit.fr/fr/property/appartement/lille/Aewlswi5mqlhmxt6,,2026-08-12
Lille (Nord),970 €/mois,50 m² - 3 pièces - 2 chambres,,https://www.vizzit.fr/fr/property/appartement/lille/As1j1h0hpxqdmu6z,,2026-08-12
Lille (Nord),795 €/mois,27 m² - 1 pièce,France Lille,https://www.vizzit.fr/fr/property/appartement/lille/Ain161yefkvirdsk,https://www.vizzit.fr/images/logo_compact_color_no_padding.svg,2026-08-12
Lille (Nord),740 €/mois,50 m² - 2 pièces - 1 chambre,,https://www.vizzit.fr/fr/property/appartement/lille/Aa695evxku709qtf,,2026-08-12
Lille (Nord),600 €/mois,10 m² - 1 pièce,,https://www.vizzit.fr/fr/property/immobilier/lille/Aku3yquk7j3s3n5k,,2026-08-12
Lille (Nord),1 180 €/mois,71 m² - 3 pièces - 2 chambres,France Lille,https://www.vizzit.fr/fr/property/appartement/lille/Ayezjtt0avcb6y8p,https://www.vizzit.fr/images/logo_compact_color_no_padding.svg,2026-08-12
Lille (Nord),530 €/mois,18 m² - Studio,,https://www.vizzit.fr/fr/property/appartement/lille/Ad0lpzl29l8nra9h,,2026-08-12
Lille (Nord),530 €/mois,23 m² - Studio,,https://www.vizzit.fr/fr/property/appartement/lille/Azasfhucvtwtbgv0,,2026-08-12
Lille (Nord),940 €/mois,48 m² - 2 pièces - 1 chambre,,https://www.vizzit.fr/fr/property/appartement/lille/Ahrspq4a44ocg7rx,,2026-08-12
Lille (Nord),837 €/mois,56 m² - 4 pièces - 2 chambres,,https://www.vizzit.fr/fr/property/appartement/lille/Anw6ehds0t8w2bmw,,2026-08-12
Lille (Nord),610 €/mois,31 m² - 2 pièces - 1 chambre,,https://www.vizzit.fr/fr/property/appartement/lille/A4eb76hpolr1iv60,,2026-08-12
Lille (Nord),670 €/mois,32 m² - 4 pièces - 1 chambre,,https://www.vizzit.fr/fr/property/appartement/lille/Aoxqmae9ksbdbdm6,,2026-08-12
Lille (Nord),434 €/mois,20 m² - Studio,,https://www.vizzit.fr/fr/property/appartement/lille/Acbg9jg45r9uzfgo,,2026-08-12
Lille (Nord),670 €/mois,43 m² - 2 pièces - 1 chambre,,https://www.vizzit.fr/fr/property/appartement/lille/A33lx1eaxzebb6i2,,2026-08-12
Lille (Nord),500 €/mois,15 m² - Studio,,https://www.vizzit.fr/fr/property/appartement/lille/A7ymwf2vifztzlz8,,2026-08-12
Lille (Nord),427 €/mois,19 m² - Studio,,https://www.vizzit.fr/fr/property/appartement/lille/Alau2yl1f1k2m8hf,,2026-08-12
Lille (Nord),670 €/mois,23 m² - Studio,,https://www.vizzit.fr/fr/property/appartement/lille/A16hw942hvtyh9tt,,2026-08-12
Lille (Nord),4 200 €/mois,200 m² - 7 pièces - 6 chambres,,https://www.vizzit.fr/fr/property/immobilier/lille/Akt2h971tgvmgh2f,,2026-08-12
Lille (Nord),590 €/mois,16 m² - Studio,,https://www.vizzit.fr/fr/property/appartement/lille/Alm4zl23bvwgqeei,,2026-08-12
Lille (Nord),900 €/mois,46 m² - 2 pièces - 1 chambre,,https://www.vizzit.fr/fr/property/appartement/lille/Atx3bwbl789clghd,,2026-08-12
Lille (Nord),610 €/mois,17 m² - Studio,,https://www.vizzit.fr/fr/property/appartement/lille/Autiir8damoj5qmu,,2026-08-12
Lille (Nord),1 104 €/mois,65 m² - 3 pièces - 2 chambres,,https://www.vizzit.fr/fr/property/appartement/lille/Akw20ig3bu616gu8,,2026-08-12
Lille (Nord),800 €/mois,42 m² - Studio,,https://www.vizzit.fr/fr/property/appartement/lille/Ak98m0i95h376c0k,,2026-08-12
Lille (Nord),810 €/mois,45 m² - 2 pièces,,https://www.vizzit.fr/fr/property/appartement/lille/Ag2c0dbd8fawj7y7,,2026-08-12
Lille (Nord),760 €/mois,35 m² - Studio,,https://www.vizzit.fr/fr/property/appartement/lille/Actwu5kk2sac6k6r,,2026-08-12
Lille (Nord),2 700 €/mois,160 m² - 4 pièces - 3 chambres,,https://www.vizzit.fr/fr/property/appartement/lille/Aj3isu0dks1xs834,,2026-08-12
Lille (Nord),2 140 €/mois,124 m² - 5 pièces - 3 chambres,France Lille,https://www.vizzit.fr/fr/property/appartement/lille/Aatv8d0q9xhznbo1,https://www.vizzit.fr/images/logo_compact_color_no_padding.svg,2026-08-12
Lille (Nord),830 €/mois,42 m² - 2 pièces - 1 chambre,,https://www.vizzit.fr/fr/property/appartement/lille/Ak24wtptn8d129fv,,2026-08-12
Lille (Nord),505 €/mois,21 m² - Studio,France Lille,https://www.vizzit.fr/fr/property/appartement/lille/A8uapt7vlymg71fl,https://www.vizzit.fr/images/logo_compact_color_no_padding.svg,2026-08-12
Lille (Nord),660 €/mois,37 m² - 2 pièces - 1 chambre,,https://www.vizzit.fr/fr/property/appartement/lille/Ampty62nllx1pyh5,,2026-08-12
Lille (Nord),250 €/mois,20 m² - 25 m² de terrain - Studio,,https://www.vizzit.fr/fr/property/immobilier/lille/Asaxosmclawbf93k,,2026-08-12
Lille (Nord),515 €/mois,19 m² - Studio,,https://www.vizzit.fr/fr/property/appartement/lille/Ayhnlrz3vxcurhl5,,2026-08-12
Lille (Nord),680 €/mois,31 m² - Studio,,https://www.vizzit.fr/fr/property/appartement/lille/Aspwzoztr0aj49ws,,2026-08-12
Lille (Nord),825 €/mois,45 m² - 3 pièces - 2 chambres,,https://www.vizzit.fr/fr/property/appartement/lille/A2ssktcup9ri3tre,,2026-08-12
Lille (Nord),945 €/mois,54 m² - 3 pièces - 2 chambres,,https://www.vizzit.fr/fr/property/appartement/lille/Aqb3opqcl28uompu,,2026-08-12
Lille (Nord),640 €/mois,34 m² - 2 pièces - 1 chambre,,https://www.vizzit.fr/fr/property/appartement/lille/Aqpjls0g76hltb2z,,2026-08-12
Lille (Nord),745 €/mois,45 m² - 2 pièces - 1 chambre,,https://www.vizzit.fr/fr/property/appartement/lille/Akoxyedg22du480y,,2026-08-12
Lille (Nord),835 €/mois,30 m² - 3 pièces - 2 chambres,,https://www.vizzit.fr/fr/property/appartement/lille/A72kptmnsl7m4l1k,,2026-08-12
Lille (Nord),620 €/mois,29 m² - Studio,,https://www.vizzit.fr/fr/property/appartement/lille/Axcfwoojc4sqa3m5,,2026-08-12
Lille (Nord),820 €/mois,45 m² - 2 pièces - 1 chambre,,https://www.vizzit.fr/fr/property/appartement/lille/A9scgnfc6vwhefyb,,2026-08-12
Lille (Nord),820 €/mois,42 m² - 2 pièces - 1 chambre,,https://www.vizzit.fr/fr/property/appartement/lille/Ag32yi3g2rgpwm46,,2026-08-12
Lille (Nord),625 €/mois,35 m² - 1 pièce - 2 chambres,,https://www.vizzit.fr/fr/property/appartement/lille/Adgsf2nozv8p3a34,,2026-08-12
Lille (Nord),750 €/mois,39 m² - 2 pièces - 1 chambre,,https://www.vizzit.fr/fr/property/appartement/lille/A4myixdy58hjuy0w,,2026-08-12
Lille (Nord),896 €/mois,38 m² - 1 pièce,,https://www.vizzit.fr/fr/property/appartement/lille/A1ewwawpkj9jp084,,2026-08-12
Lille (Nord),1 000 €/mois,82 m² - 4 pièces - 3 chambres,,https://www.vizzit.fr/fr/property/appartement/lille/A34xqfktn1zxly97,,2026-08-12
Lille (Nord),756 €/mois,51 m² - 2 pièces - 1 chambre,,https://www.vizzit.fr/fr/property/appartement/lille/Al0hzge49sx9u6vb,,2026-08-12
Lille (Nord),740 €/mois,49 m² - 2 pièces - 1 chambre,,https://www.vizzit.fr/fr/property/appartement/lille/Alj42eyoewndkuwg,,2026-08-12
Lille (Nord),1 070 €/mois,76 m² - 3 pièces - 2 chambres,,https://www.vizzit.fr/fr/property/appartement/lille/Ab9boaqx6v5obyc4,,2026-08-12
Lille (Nord),430 €/mois,18 m² - Studio,,https://www.vizzit.fr/fr/property/appartement/lille/Awot5tkm3bw5w6yy,,2026-08-12
Lille (Nord),815 €/mois,36 m² - Studio,,https://www.vizzit.fr/fr/property/appartement/lille/Asthudmjlz5gsqby,,2026-08-12
Lille (Nord),720 €/mois,24 m² - Studio,,https://www.vizzit.fr/fr/property/appartement/lille/A8lhz0yif8oi8h68,,2026-08-12
Lille (Nord),530 €/mois,30 m² - Studio,,https://www.vizzit.fr/fr/property/appartement/lille/Akwc5klu5ozrogz7,,2026-08-12
Lille (Nord),1 450 €/mois,75 m² - 2 pièces - 1 chambre,France Lille,https://www.vizzit.fr/fr/property/appartement/lille/A3tmh6xt6hk3dggp,https://www.vizzit.fr/images/logo_compact_color_no_padding.svg,2026-08-12
Lille (Nord),821 €/mois,47 m² - 2 pièces - 1 chambre,,https://www.vizzit.fr/fr/property/appartement/lille/Aqqg090wd51bpr0i,,2026-08-12
Lille (Nord),500 €/mois,15 m² - Studio,,https://www.vizzit.fr/fr/property/appartement/lille/Aw9wt0sttphhwbnp,,2026-08-12
Lille (Nord),820 €/mois,45 m² - 2 pièces - 1 chambre,,https://www.vizzit.fr/fr/property/appartement/lille/A35eph1v4u3wlud6,,2026-08-12
Lille (Nord),608 €/mois,33 m² - Studio,,https://www.vizzit.fr/fr/property/appartement/lille/Ae1hydoic0chuqy8,,2026-08-12
Lille (Nord),440 €/mois,16 m² - Studio,,https://www.vizzit.fr/fr/property/appartement/lille/Aewfy0djim0g726l,,2026-08-12
Lille (Nord),913 €/mois,37 m² - 2 pièces - 1 chambre,,https://www.vizzit.fr/fr/property/appartement/lille/A13rfz6rucot9fob,,2026-08-12
Lille (Nord),400 €/mois,17 m² - Studio,France Lille,https://www.vizzit.fr/fr/property/appartement/lille/Awb4r22nji0xqxvx,https://www.vizzit.fr/images/logo_compact_color_no_padding.svg,2026-08-12
Lille (Nord),866 €/mois,56 m² - 3 pièces - 2 chambres,,https://www.vizzit.fr/fr/property/appartement/lille/Al0sq9awxqrha7f4,,2026-08-12
Lille (Nord),500 €/mois,24 m² - Studio,,https://www.vizzit.fr/fr/property/appartement/lille/Aekzo3mo5qjy22t2,,2026-08-12
Lille (Nord),565 €/mois,34 m² - 2 pièces - 1 chambre,France Lille,https://www.vizzit.fr/fr/property/appartement/lille/A6n5xa9uybzqtxok,https://www.vizzit.fr/images/logo_compact_color_no_padding.svg,2026-08-12
Lille (Nord),870 €/mois,48 m² - 2 pièces - 1 chambre,,https://www.vizzit.fr/fr/property/appartement/lille/Abbnupueudc7afss,,2026-08-12
Lille (Nord),1 320 €/mois,64 m² - 4 pièces - 3 chambres,,https://www.vizzit.fr/fr/property/appartement/lille/Alnywgigum1ru5dm,,2026-08-12
Lille (Nord),820 €/mois,46 m² - 2 pièces - 1 chambre,France Lille,https://www.vizzit.fr/fr/property/appartement/lille/Af6v1190uqqo0wfe,https://www.vizzit.fr/images/logo_compact_color_no_padding.svg,2026-08-12
Lille (Nord),750 €/mois,39 m² - 2 pièces - 1 chambre,,https://www.vizzit.fr/fr/property/appartement/lille/A1sy8dv210k0n1ee,,2026-08-12
Lille (Nord),670 €/mois,37 m² - 2 pièces - 1 chambre,,https://www.vizzit.fr/fr/property/appartement/lille/Arauw4zo9u7zzpcm,,2026-08-12
Lille (Nord),310 €/mois,14 m² - Studio,,https://www.vizzit.fr/fr/property/appartement/lille/Aiq5qiah8u2fej9d,,2026-08-12
Lille (Nord),585 €/mois,25 m² - Studio,,https://www.vizzit.fr/fr/property/appartement/lille/Anzka72forkrk70u,,2026-08-12
Lille (Nord),850 €/mois,30 m² - 1 pièce,,https://www.vizzit.fr/fr/property/appartement/lille/A0977916g9py71u4,,2026-08-12
Lille (Nord),938 €/mois,51 m² - 3 pièces - 1 chambre,,https://www.vizzit.fr/fr/property/appartement/lille/Aji1nxxt6xueuo6t,,2026-08-12
Lille (Nord),460 €/mois,17 m² - Studio,,https://www.vizzit.fr/fr/property/appartement/lille/Awfr730sas8eid4k,,2026-08-12
Lille (Nord),1 320 €/mois,81 m² - 3 pièces - 2 chambres,,https://www.vizzit.fr/fr/property/appartement/lille/Ae3shuo70thk1y3b,,2026-08-12
Lille (Nord),450 €/mois,16 m² - Studio,,https://www.vizzit.fr/fr/property/appartement/lille/Asv9uxpuyewbtp83,,2026-08-12
Lille (Nord),1 250 €/mois,63 m² - 2 pièces - 1 chambre,,https://www.vizzit.fr/fr/property/appartement/lille/Axs0mukxf1hes4vf,,2026-08-12
Lille (Nord),500 €/mois,20 m² - Studio,,https://www.vizzit.fr/fr/property/appartement/lille/Aucaw68f07dh5t6q,,2026-08-12
Lille (Nord),750 €/mois,48 m² - 2 pièces - 1 chambre,,https://www.vizzit.fr/fr/property/appartement/lille/Ags0jwv0fmkof23t,,2026-08-12
Lille (Nord),1 200 €/mois,85 m² - 3 pièces - 2 chambres,,https://www.vizzit.fr/fr/property/appartement/lille/Aiip3d1wn9k59u3l,,2026-08-12
Lille (Nord),850 €/mois,45 m² - 3 pièces - 2 chambres,,https://www.vizzit.fr/fr/property/appartement/lille/A2pgbzywogb70yt6,,2026-08-12
Lille (Nord),995 €/mois,75 m² - 2 pièces - 1 chambre,,https://www.vizzit.fr/fr/property/appartement/lille/Ajr42nxon8ar6ydm,,2026-08-12
Lille (Nord),730 €/mois,36 m² - Studio,,https://www.vizzit.fr/fr/property/appartement/lille/A1j64hnqi2wnbg5w,,2026-08-12
Lille (Nord),670 €/mois,23 m² - Studio,,https://www.vizzit.fr/fr/property/appartement/lille/Ao6hjqjli6vgkl5x,,2026-08-12
Lille (Nord),565 €/mois,18 m² - Studio,,https://www.vizzit.fr/fr/property/appartement/lille/Awfvqzrj5q9s2j8c,,2026-08-12
Lille (Nord),803 CHF/mois,41 m² - 2 pièces - 1 chambre,"59800 - LILLE QUAI DU WAULT - SQ DUTILLEUL - APPARTEMENT NON MEUBLÉ - LUMINEUX & CALME - TYPE T2 - 41 M² - BALCON - PARKING SOUS-SOL efficity vous propose cet appartement de type T2 de 41 m² au deuxième étage, au sein d'une résidence sécurisée et calme, à proximité immédiate du Quai du Wault et de la rue nationale L'appartement se compose d'une entrée desservant une pièce de vie, et sa cuisine partiellement équipée, d'une chambre avec placards, d'une salle de bain, d'un WC séparé et d'un balcon de 6 m² exposé sud-est, idéal pour profiter des beaux jours. Un stationnement en sous-sol accompagne ce bien. Localisation idéale : à seulement quelques mètres du Quai du Wault, à proximité immédiate des commerces et écoles. Ascenseur & eau froide inclus dans les charges. Pour toute information complémentaire, contactez-nous par téléphone ou email. Alexandre Longuépée - EI - est Agent Commercial mandataire en immobilier, immatriculé au Registre Spécial des Agents Commerciaux du Tribunal de Commerce de Lille-Métropole sous le n°. Siège social du mandant : effiCity, 48 avenue de Villiers - 75017 PARIS - Société par Actions Simplifiée, société au capital de 132 373,05 euros, immatriculée au RCS Paris 497 617 746 et titulaire de la Carte professionnelle CPI 002 025 - CCI Paris IDF - Caisse de Garantie : GALIAN Assurances 89 rue de la Boétie 75008 Paris Référence annonce : 227299 Consommation énergétique : 249 kWh/m²/an Emission de gaz à effet de serre : 7 CO2/m²/an Honoraires à la charge du locataire : 533 € TTC dont 123 € pour l’état des lieux Dépôt de garantie : 802 € Montant des charges : 46 € / mois Modalité de récupération des charges locatives : provision avec régularisation annuelle Complément de loyer : 52 € / mois (inclus dans le loyer CC)",https://www.vizzit.fr/fr/property/appartement/lille/A1h4v7qjnm689nx4,https://lb1.vizzit.com/635200a/A1h4v7qjnm689nx4/Photos/A1h4v7qjnm689nx4_1.jpg?639255996690000000,2026-09-25
Lille (Nord),565 CHF/mois,26 m² - Studio,"Lille sud CHR, juste derrière la Faculté de Chirurgie Dentaire de Lille. Studio meublé de 27 m² entièrement rénové. Il se compose d'une entrée, une salle d'eau avec douche italienne, lave linge et wc, un séjour lumineux avec une cuisine moderne toute équipée. Une place de parking complète ce bien. DISPONIBLE DE SUITE. La location pourra être déléguée à Foncia Développement et Location.",https://www.vizzit.fr/fr/property/appartement/lille/Aps9pufco3ua2nhm,https://lb1.vizzit.com/4225616a/Aps9pufco3ua2nhm/Photos/Aps9pufco3ua2nhm_1.jpg?639259194810000000,2026-09-25
Lille (Nord),512 CHF/mois,34 m² - 2 pièces - 1 chambre,"Avec IMMOJEUNE, trouvez les meilleurs logements étudiants et jeunes actifs en quelques clics et en toute confiance.  Dans une résidence calme et sécurisée, à proximité des transports et des commerces, métro Cormontaigne et Montebello à proximité, ce grand studio lumineux, en bon état, vous offre, un hall d'entrée avec des placards, une pièce principale, une cuisine spacieuse et aménagée. Un parking en sous-sol sécurisé et un grand cellier complètent ce bien. Le chauffage est électrique individuel.  Mis à jour le Updated on",https://www.vizzit.fr/fr/property/appartement/lille/Aoy0txchtmv1g93t,https://lb1.vizzit.com/1018609a/Aoy0txchtmv1g93t/Photos/Aoy0txchtmv1g93t_1.jpg,2026-09-25
Lille (Nord),844 CHF/mois,50 m² - 3 pièces - 2 chambres,"A 400m du métro Mons Sarts - rue Marcel Pinchon, plain pied entièrement rénové en 2020 comprenant une pièce de vie traversante avec cuisine équipée, 2 chambres, salle de douche et WC. Un grand garage, un jardinet et une terrasse complètent ce bien rare. Bail meublé - maison disponible au",https://www.vizzit.fr/fr/property/immobilier/lille/Ac0ed7mymb0mkvjx,https://lb1.vizzit.com/1018596a/Ac0ed7mymb0mkvjx/Photos/Ac0ed7mymb0mkvjx_1.jpg?639250863360000000,2026-09-25
Lille (Nord),686 CHF/mois,50 m² - 2 pièces - 1 chambre,"Avec IMMOJEUNE, trouvez les meilleurs logements étudiants et jeunes actifs en quelques clics et en toute confiance.  Dans le secteur de Lille Gambetta à 15 minutes du métro République et 5 minutes du marché de Wazemmes, vous découvrirez ce bel appartement, il vous offre : un hall d'entrée, un grand séjour ouvert sur une terrasse, un coin cuisine équipée récente (four, plaques de cuisson, hotte, micro-ondes), une grande chambre avec un placard, un petit espace de stockage fermé faisant office de cellier, une salle de bains aménagée et des WC séparés. Un parking aérien n°28 complète ce bien, inclus dans le loyer sans frais supplémentaire. Le chauffage est électrique individuel.  Mis à jour le Updated on",https://www.vizzit.fr/fr/property/appartement/lille/A9hkub4g94vn9jkq,https://lb1.vizzit.com/1018609a/A9hkub4g94vn9jkq/Photos/A9hkub4g94vn9jkq_1.jpg?639247818390000000,2026-09-25
Lille (Nord),791 CHF/mois,68 m² - 3 pièces - 2 chambres,"Avec IMMOJEUNE, trouvez les meilleurs logements étudiants et jeunes actifs en quelques clics et en toute confiance.  Situé à proximité des axes autoroutiers, des commerces et à 10 minutes à pied du métros porte d'Arras. Nous vous proposons cet appartement de type 3 dans une résidence récente et sécurisée offrant un hall d'entrée, une pièce de vie ouverte sur un balcon, 2 chambres, une salle de bain et WC séparé. L' appartement dispose d'une place de parking.  Mis à jour le Updated on",https://www.vizzit.fr/fr/property/appartement/lille/Aw2fvqdxeawxjkdk,https://lb1.vizzit.com/1018609a/Aw2fvqdxeawxjkdk/Photos/Aw2fvqdxeawxjkdk_1.jpg,2026-09-25
Lille (Nord),603 CHF/mois,24 m² - Studio,"Studio rénové et lumineux Situé rue de Loos, à proximité immédiate des petits commerces et des grands axes routiers, 600 mètres du métro Cormontaigne, non loin des écoles de l'université Catholique et 18 minutes à pied du CHR, ce studio se trouve au 2ème étage d'un petit immeuble en pleine rénovation. Ce logement est un studio totalement rénové comportant une pièce de vie avec cuisine (plaque de cuisson, four, hotte) et une salle de bain avec WC. Chauffage et eau chaude électrique individuel. Loyer mensuel (HC) : 600 euros. Charges mensuelles (eau froide, charges des parties communes) : 40 euros. Honoraires de rédaction de bail : 240 euros. Honoraires d'état des lieux : 80 euros. Zone soumise à l'encadrement des loyer : Loyer de référence : 17.4€ /m2 Loyer de référence majoré : 20.9€/m2 Complément de loyer : 86.49€ Numéro agence : [Coordonnées masquées] Référence annonce : 59LOOS8 Date de réalisation du diagnostic : Honoraires à la charge du locataire : 320 € TTC Dépôt de garantie : 600 € Montant des charges : 40 € / mois",https://www.vizzit.fr/fr/property/appartement/lille/A86epugc674yxkdc,https://lb1.vizzit.com/1348918a/A86epugc674yxkdc/Photos/A86epugc674yxkdc_1.jpg?639231678700000000,2026-09-25
Lille (Nord),660 CHF/mois,260 m² - 1 pièce - 12 chambres,"Avec IMMOJEUNE, trouvez les meilleurs logements étudiants et jeunes actifs en quelques clics et en toute confiance.  Magnifique maison de coliving au centre de Lille – LOUISE MICHEL !  Découvrez LOUISE MICHEL, notre superbe maison de coliving idéalement située en plein cœur de Lille. Sa localisation est parfaite pour vos déplacements : vous n'êtes qu'à 100m du métro ! Le quartier dynamique est le QG idéal des étudiants et jeunes actifs souhaitant décompresser après leur journée.  Cette maison propose 12 espaces privés totalement meublés dans un cadre de vie moderne. Vous profiterez de parties communes à la fois fonctionnelles, confortables et design, pensées pour favoriser les échanges et le bien-être.  Un espace de vie commun convivial et moderne :  - Espace de coworking et salle de sport pour lier travail et loisir, - Cuisine et espaces partagés au design contemporain, - Localisation centrale pour une mobilité optimale, - Logement clé en main pour une expérience sereine.  Douze unités privatives parfaitement équipées :  - 12 espaces privés entièrement meublés et décorés, - Chambres adaptées pour 1 à 2 personnes selon les unités, - Aménagement optimisé alliant confort et intimité, - Espace nuit avec bureau fonctionnel pour chaque résident.  Unités disponibles : - Chambre Privée 2.5, 12m², salle de bain privée, 700€ - Chambre Privée 3.1, 10m², salle de bain privée, 680€ - Chambre Privée 2.2, 17m², salle de bain privée, 770€ - Chambre Privée 3.3, 13m², salle de bain privée, 740€ - Chambre Privée 2, 21m², salle de bain privée, 790€  REF:1756  Mis à jour le Updated on",https://www.vizzit.fr/fr/property/appartement/lille/Asbuz1mzvazpvoks,https://lb1.vizzit.com/1018609a/Asbuz1mzvazpvoks/Photos/Asbuz1mzvazpvoks_1.jpg?639246652860000000,2026-09-25
Lille (Nord),1 179 CHF/mois,140 m² - 4 pièces,,https://www.vizzit.fr/fr/property/immobilier/lille/A332mxlgmu48txwm,https://lb1.vizzit.com/308407a/A332mxlgmu48txwm/Photos/A332mxlgmu48txwm_1.jpg,2026-09-25
Lille (Nord),1 603 CHF/mois,97 m² - 4 pièces - 3 chambres,"LILLE - QUAI DU WAULT - Nouveauté à la location Disponible de suite ! Idéalement situé face au Quai du Wault, à proximité immédiate du centre-ville, des commerces et de la Citadelle, votre agence MAES IMMOBILIER a le plaisir de vous proposer à la location nue ce bel appartement en duplex de 97 m². Situé au 3 € et dernier étage d'un immeuble calme, sans ascenseur, l'appartement offre de beaux volumes et une agréable luminosité. Au premier niveau, vous découvrirez un spacieux séjour traversant, bénéficiant d'une vue dégagée, ainsi qu'une cuisine ouverte créant un bel espace de vie convivial. À l'étage, l'espace nuit se compose de trois chambres confortables et lumineuses ainsi que d'une salle de bains équipée d'une baignoire avec douche et d'un meuble vasque. Un espace supplémentaire pourra aisément être aménagé en bureau, coin lecture ou espace de rangement. Un appartement lumineux et plein de charme, bénéficiant d'un emplacement privilégié face au Quai du Wault, à découvrir sans tarder ! Loyer : 1 500,00 € / mois Provision sur charges : 200,00 € / mois (chauffage inclus) Dépôt de garantie : 1 500,00 € Honoraires à la charge du locataire : 1 272,64 € TTC.",https://www.vizzit.fr/fr/property/appartement/lille/A98zrva3o5ucr5m6,https://lb1.vizzit.com/2388871a/A98zrva3o5ucr5m6/Photos/A98zrva3o5ucr5m6_1.jpg?639223383970000000,2026-09-25
Lille (Nord),1 084 CHF/mois,90 m² - 4 pièces - 3 chambres,"Maison rénovée de 90 m² avec cour privative Description du bien Découvrez cette charmante maison entièrement rénovée de 90 m², alliant confort moderne et cachet. Idéale pour une vie paisible, elle dispose d'une agréable cour intérieure privative, véritable havre de paix. Agencement : Rez-de-chaussée : Un vaste et lumineux séjour doté d'une grande baie vitrée s'ouvrant sur la cour privative, une cuisine entièrement équipée et un espace bureau idéal pour le télétravail. Étage : Deux chambres confortables ainsi qu'une salle de bain moderne avec douche. Les atouts majeurs ✨ Rénovation complète avec des finitions soignées. ☀️ Grande baie vitrée apportant une luminosité optimale au séjour. ? Extérieur : Petite cour intérieure privative sans vis-à-vis. ? Performance énergétique : Classement DPE : E (Chauffage électrique et chauffe-eau). Conditions financières Loyer mensuel : 1 135 € + 15 € de charges. Note : Électricité et eau en sus du loyer et des charges fixes. Type de location : Meublé (Réservé uniquement aux étudiants et jeunes actifs). Disponibilité : De suite. Durée du bail : Jusqu'au 30/06 de l'année suivante. Modalités : Participation aux frais d'état des lieux à prévoir. Contact Ce bien a retenu votre attention ? N'attendez plus pour organiser une visite ! ? Contactez-nous dès maintenant pour plus d'informations ou pour convenir d'un rendez-vous.",https://www.vizzit.fr/fr/property/appartement/lille/A721twk66ozv003y,https://lb1.vizzit.com/14576a/A721twk66ozv003y/Photos/A721twk66ozv003y_1.jpg?639223241920000000,2026-09-25
Lille (Nord),1 410 CHF/mois,86 m² - 2 pièces - 2 chambres,"Lille Hypercentre – Superbe T2 bis de 85,8 m² entièrement rénové – Double séjour  À louer, au 15/17 rue de l’Hôpital Militaire, en plein cœur de Lille, magnifique appartement T2 bis de 85,8 m², situé au 1er étage et bénéficiant d’une rénovation complète haut de gamme.  Son emplacement est particulièrement privilégié : au cœur de l’hypercentre lillois, à proximité immédiate des commerces, restaurants, transports et de toute l’animation du centre-ville, tout en profitant du charme d’une adresse centrale recherchée.  L’appartement séduit dès l’entrée par ses beaux volumes, son cachet et la qualité de ses prestations. Entièrement rénové avec soin, il offre une atmosphère élégante et chaleureuse, associant le charme de l’ancien au confort d’une rénovation contemporaine.  D’une superficie généreuse de 85,8 m², il se compose notamment d’un vaste double séjour, véritable pièce maîtresse de l’appartement, d’une chambre ainsi que d’un espace supplémentaire pouvant parfaitement être aménagé en bureau, chambre d’enfant ou espace d’appoint, selon les besoins.  Un appartement rare par sa surface pour un T2 bis, son charme, la qualité de sa rénovation et surtout son emplacement exceptionnel en hypercentre de Lille.  Loyer : 1 420 € / mois Provision sur charges : 75 € / mois Soit 1 495 € / mois charges comprises.  Un bien idéal pour celles et ceux qui recherchent de grands volumes, des prestations soignées et une véritable vie de centre-ville à pied.  Annonce diffusée par AB TRANSACTION – SAS au capital de 1 000 € – SIREN 914 881 594 – RCS Lille Métropole – CPI –  Bien proposé à la location dans le cadre d’un mandat confié à la Lille Gestion Immobilière - SAS au capital de 1  000 € – SIREN 942 749 516 – RCS Lille Métropole – CPI - conformément à la loi Hoguet - Siège des sociétés: 157 rue Léon Gambetta, 59000 Lille.",https://www.vizzit.fr/fr/property/immobilier/lille/A9ndirjl8dynrkou,https://lb1.vizzit.com/118488a/A9ndirjl8dynrkou/Photos/A9ndirjl8dynrkou_1.jpg?639252690400000000,2026-09-25
Lille (Nord),905 CHF/mois,58 m² - 2 pièces - 1 chambre,"Découvrez ce bel appartement de type 2 non meublé, situé au 4e étage de la résidence Les Jardins des Remparts, construite en 2005. Vous profiterez d'un cadre de vie calme, au sein d'une résidence à l'environnement verdoyant et bien entretenu.  Avec ses 58 m², l'appartement est entièrement tourné vers le balcon-terrasse qui file le long des pièces de vie. Ainsi le séjour de 21m2, la cuisine indépendante et la chambre sont baignés de lumière. A cela s'ajoute une entrée avec WC indépendant, une salle de bains et un dressing.  Un garage peut être loué avec l'appartement.",https://www.vizzit.fr/fr/property/appartement/lille/Aot1bwffhv2kf6zw,https://lb1.vizzit.com/2631699a/Aot1bwffhv2kf6zw/Photos/Aot1bwffhv2kf6zw_1.jpg,2026-09-25
Lille (Nord),1 037 CHF/mois,66 m² - 3 pièces - 2 chambres,"Rue Royale - Référence de l'annonce 26558 Idéalement situé à Lille, cet appartement bénéficie d'un environnement agréable à proximité des commerces, services et transports. Situé au 1er étage, ce T3 de 66,15 m² offre de beaux volumes et une distribution fonctionnelle. Un logement lumineux et confortable, idéal pour profiter pleinement de la vie lilloise. L'appartement se compose d'une cuisine équipée ouverte sur un beau séjour, comprenant une plaque de cuisson, une hotte, un plan de travail ainsi que plusieurs meubles de rangement. L'espace nuit comprend deux chambres, dont une disposant d'un placard intégré. Vous bénéficierez également d'une salle de bains équipée d'une baignoire, d'un meuble vasque et d'un miroir, ainsi que de WC. Chauffage au gaz.",https://www.vizzit.fr/fr/property/appartement/lille/Akpc4we339o4fpir,https://lb1.vizzit.com/69480a/Akpc4we339o4fpir/Photos/Akpc4we339o4fpir_1.jpg?639259434020000000,2026-09-25
Lille (Nord),629 €/mois,28 m² - 2 pièces - 1 chambre,"(GA) Appartement T1bis - RUE DE LA JUSTICE - LILLE A Découvrir rapidement: Appartement lumineux rénové situé au 1er étage d'un immeuble sécurisé composé d'une entrée, un séjour, une kitchenette séparée, un espace nuit de 8m² et une salle de bains avec wc. Disponible de suite. Loyer: 563€/ mois + Charges: 30€/ mois Dépôt de Garantie: un mois de loyer hors charges.",https://www.vizzit.fr/fr/property/appartement/lille/Ahvcujro3rl6uot8,https://lb1.vizzit.com/71716a/Ahvcujro3rl6uot8/Photos/Ahvcujro3rl6uot8_1.jpg?639242262780000000,2026-09-26
Lille (Nord),550 €/mois,28 m² - Studio,"Charmant studio à louer à Lille, idéalement situé dans un immeuble de 1930, offrant 28,87 m² en bon état. Lumineux et bien agencé, il comprend une pièce principale conviviale, une kitchenette fonctionnelle et une salle d'eau soignée. Proche des commerces, transports et des écoles, il convient parfaitement à un étudiant ou un jeune actif. Loyer mensuel : 520 EUR + 30 EUR de provisions de charges (eau, élec commun). Contactez-nous pour visiter ce cosy pied-à-terre.",https://www.vizzit.fr/fr/property/appartement/lille/Art3gypuxbufglv5,https://lb1.vizzit.com/71716a/Art3gypuxbufglv5/Photos/Art3gypuxbufglv5_1.jpg?639235183410000000,2026-09-26
Lille (Nord),470 €/mois,27 m² - Studio,"Votre agence VACHERAND IMMOBILIER vous propose à la location ce grand studio d'une surface de 27.53. m² situé au 2ème étage d'un petit immeuble proche du métro Porte d'Arras et de la Faculté de Droit. Il se compose d'une entrée desservant un wc, cuisine avec rangement (micro onde mis à disposition) et d'un séjour/chambre avec sa salle de douche. Disponible de suite. Zone soumise à encadrement des loyers Montant du loyer de référence : 470.76 euros Montant du loyer majoré : 564.37 euros Loyer : 430 euros + 30 euros de forfait de charges Estimation des coûts annuel d'énergie du logement : entre 686 euros et 928 euros (Prix moyens des énergies indexés au (abonnements compris)) Les informations sur les risques auxquels ce bien est exposé sont disponibles sur le site Géorisques :",https://www.vizzit.fr/fr/property/appartement/lille/Ajog1ece9fm3e3nj,https://lb1.vizzit.com/274050a/Ajog1ece9fm3e3nj/Photos/Ajog1ece9fm3e3nj_1.jpg?639235179090000000,2026-09-26
Lille (Nord),632 €/mois,37 m² - 2 pièces - 1 chambre,"Votre agence VACHERAND IMMOBILIER vous propose en exclusivité à la location un magnifique appartement de type 2 (NON MEUBLE) dans le secteur Lille sud, à proximité du centre commercial LILLENIUM, situé au 2ème étage d'une résidence récente. L'appartement d'une surface de 37.06 m² se compose d'un hall d'entrée, d'un séjour avec la cuisine ouverte avec rangements, hotte et plaque de cuisson, d'une salle de douche et d'une chambre. Disponible de suite. SOUMIS AUX CONDITIONS : PINEL Zone soumise à encadrement des loyers Montant du loyer de référence : 478.07 euros Montant du loyer majoré : 574.43 euros Estimation des coûts annuel d'énergie du logement : entre 400 euros et 580 euros (Prix moyens des énergies indexés au (abonnements compris)) Les informations sur les risques auxquels ce bien est exposé sont disponibles sur le site Géorisques :",https://www.vizzit.fr/fr/property/appartement/lille/A0kbukfkbm2nmvdt,https://lb1.vizzit.com/274050a/A0kbukfkbm2nmvdt/Photos/A0kbukfkbm2nmvdt_1.jpg?639235158470000000,2026-09-26
Lille (Nord),604 €/mois,32 m² - 1 pièce,"Vieux Lille - rue Saint André Notre agence vous propose à la location , dans un immeuble récent et sécurisé, un T1 de 32,34 m². Il dispose d'une belle pièce de vie ouverte sur la cuisine semi équipée et d'une salle de bain baignoire avec WC. Appartement non meublé. L'appartement est disponible immédiatement. Loyer: 544,17 € + 60 € Dépôt de garantie: 544,17 € Honoraires : 326,30 € Ce bien est soumis à l'encadrement des loyers, le loyer est conforme : - loyer majoré : 721,1 € - complément de loyer : 0 € L'estimation du coût énergétique pour un usage standard est comprise entre 450euros et 640euros d'après le prix moyen des énergies indexés en .",https://www.vizzit.fr/fr/property/appartement/lille/A6c1occj9ypwidhy,https://lb1.vizzit.com/71838a/A6c1occj9ypwidhy/Photos/A6c1occj9ypwidhy_1.jpg?639235138330000000,2026-09-26
Lille (Nord),880 €/mois,60 m² - 3 pièces - 2 chambres,"Ce beau T3, situé dans une résidence sécurisée à St-Maurice Pellevoisin, et récemment rénové à tout pour vous séduire. Deux chambres, une salle de bain, une cuisine aménagée et un salon donnant accès à une loggia de 20 m2. Une place de parking en sous-sol peut-être louée avec l'appartement (60 € CC) Appelez nous pour organiser une visite !",https://www.vizzit.fr/fr/property/appartement/lille/Amazn9lovzdj3afz,https://lb1.vizzit.com/277376a/Amazn9lovzdj3afz/Photos/Amazn9lovzdj3afz_1.jpg,2026-09-26
Lille (Nord),691 €/mois,57 m² - 2 chambres,"Immobilier.notaires® et l'office notarial SARL Patrice BEDIEZ, Jean-Baptiste VANCO, Jean-Luc DEHAYE, Antoine MALBEZIN, Matthieu DEVYNCK et Elodie VERHELST, notaires associés vous proposent : Appartement à louer - LILLE (59000) - - - - - - - - - - - A proximité directe de LILLENIUM et des transports, Appartement T2 en RDC dans une petite copropriété offrant une belle pièce de vie avec salon et salle à manger, cuisine aménagée, chambre avec salle de bain, cave . Ou possibilité T3 avec 2 chambres en enfilade.. Chauffage individuel Gaz. Loyer : 661.16€/mois TTC Provision de charges : 30€/mois TTC Loyer charges incluses : 691.16€ TTC Dépôt de garantie : 661.16€ TTC Part locative des frais : Max. 571€ TTC Part locative des frais d'état des lieux par huissier (en sus) : 75€ TTC Infos logement : Classe énergie DPE F soit 374 Classe climat GES F soit 82 Montant maximum estimé des dépenses annuelles d'énergie pour un usage standard : Entre 1410€ et 1960€ (référence prix de l'énergie 1er janvier 2021) Les informations sur les risques auxquels ce bien est exposé sont disponibles sur le site Géorisques : Zone tendue - - - - - - - - - - - Visites : Sur rendez-vous. Contact : - - - - - - - - - - - Annonce de l'étude SARL Patrice BEDIEZ, Jean-Baptiste VANCO, Jean-Luc DEHAYE, Antoine MALBEZIN, Matthieu DEVYNCK et Elodie VERHELST, notaires associés - Notaires à Lille - N° SIRET : - - - - - - - - - - - Immobilier.notaires® : Evaluer, acheter & vendre avec les notaires partout en France. 12 000 notaires, experts et négociateurs vous accompagnent dans vos projets immobiliers en toute confiance.",https://www.vizzit.fr/fr/property/appartement/lille/Ac1n40kfqi3widie,https://lb1.vizzit.com/1195649a/Ac1n40kfqi3widie/Photos/Ac1n40kfqi3widie_1.jpg?639235211920000000,2026-09-26
Lille (Nord),645 €/mois,44 m² - 2 pièces - 1 chambre,"Situé à Lomme Bourg, dans un secteur recherché et à proximité immédiate du métro Maison des Enfants, des commerces et de toutes les commodités, agréable appartement T2 en duplex de 44,45 m². Libre au L?appartement est situé au 2ème et dernier étage d?un petit immeuble composé de seulement trois logements. Il se compose d?une agréable pièce de vie avec parquet, ouverte sur une cuisine aménagée, offrant un espace séjour/cuisine convivial et fonctionnel. La salle de douche a été récemment rénovée et les WC sont indépendants. À l?étage, l?espace nuit est aménagé dans les combles et accueille la chambre. Cette configuration permet de bien séparer les espaces jour et nuit et apporte tout le charme du duplex. Le logement est équipé d?un chauffage individuel électrique récent. Les fenêtres ont été remplacées en 2025. Cette amélioration n?est pas prise en compte dans le diagnostic de performance énergétique actuellement disponible, celui-ci ayant été réalisé en juin 2022. L?appartement bénéficie d?une situation particulièrement pratique pour les déplacements quotidiens, avec le métro Maison des Enfants à proximité immédiate, ainsi que les commerces et services de Lomme Bourg. CONDITIONS DE LOCATION Loyer : 625,52 euros par mois hors charges Provision sur charges : 20 euros par mois Loyer charges comprises : 645,52 euros par mois Dépôt de garantie : 625,52 euros Honoraires d?agence : 572 euros TTC, dont 132 euros TTC pour l?état des lieux d?entrée. ENCADREMENT DES LOYERS Loyer de référence : 13,10 euros/m² Loyer de référence majoré : 15,70 euros/m² Le loyer pratiqué de 625,52 euros hors charges reste inférieur au loyer de référence majoré applicable au logement. PERFORMANCE ÉNERGÉTIQUE Diagnostic de performance énergétique réalisé le 15 juin 2022. DPE : E ? 251 kWh/m²/an GES : B ? 8 kg CO?/m²/an Montant estimé des dépenses annuelles d?énergie pour un usage standard : entre 731 euros et 989 euros par an. Prix moyens des énergies indexés au 1er janvier 2021. À noter : les fenêtres du logement ont été remplacées en 2025. Le DPE réalisé en 2022 ne tient donc pas compte de cette amélioration. Informations et visites avec Paul.",https://www.vizzit.fr/fr/property/appartement/lille/Acxncq42q60wx491,https://lb1.vizzit.com/192230a/Acxncq42q60wx491/Photos/Acxncq42q60wx491_1.jpg?639235205550000000,2026-09-26
Lille (Nord),917 €/mois,62 m² - 2 pièces - 1 chambre,"Vieux-Lille - Rue de la Halle L'agence vous propose à la location ce T2 de 62m2 situé à proximité de l'IAE. Ce bien comporte une large pièce de vie, une cuisine avec plaques de cuisson, évier et arrivée d'eau, une chambre de 22m2 ainsi qu'une salle de bain et un WC séparé. Disponible immédiatement . Ce bien est soumis à l'encadrement des loyers, le loyer est conforme : Le loyer majoré : 1171 € Le loyer appliqué : 817 € Complément de loyer : 0 € L'estimation du coût annuel des énergies pour un usage standard est entre 1 488 € et 2 012 € par an.",https://www.vizzit.fr/fr/property/appartement/lille/Avyfv949ejtto55t,https://lb1.vizzit.com/71838a/Avyfv949ejtto55t/Photos/Avyfv949ejtto55t_1.jpg?639235203850000000,2026-09-26
Lille (Nord),830 €/mois,46 m² - 2 pièces - 1 chambre,"Appartement T2 de 46 m², situé RUE DES POSTES à LILLE, au 2ème étage d'un petit immeuble de 4 appartements. Il se compose d'un séjour avec coin cuisine équipé (four, hotte, plaque de cuisson), d'une chambre sur l'arrière et d'une salle de bains avec douche et toilettes. Chauffage individuel électrique. Eau chaude individuelle électrique. Loyer hors charges : 780 €/mois Provision charges : 50 €/mois (entretien et électricité des parties communes, taxe d'ordures ménagères) Soit un loyer charges comprises de 830 €/mois Contact :",https://www.vizzit.fr/fr/property/appartement/lille/Avyuq9cv60ioj9fl,https://lb1.vizzit.com/275664a/Avyuq9cv60ioj9fl/Photos/Avyuq9cv60ioj9fl_1.jpg?639235202090000000,2026-09-26
Lille (Nord),695 €/mois,38 m² - 2 pièces - 1 chambre,"Situé au 1ier étage, rue de Wazemmes à Lille. Venez découvrir cet appartement T2 d'environ 38m2. Vous trouverez à l'intérieur, un hall d'entrée, une chambre d'environ 12m2, un espace séjour cuisine d'environ 18m2. Une salle de bain avec baignoire douche, lavabo, wc. Conditions tarifaires, location nue 3 ans: Loyer: 620€ Charges: 75€ (chauffage collectif gaz, eau, taxe ordure ménagère, nettoyage espace commun) Caution: 620€ Honoraires: 498.56€ (rédaction du bail, constitution du dossier, état des lieux) Proche de toutes commodités, écoles, commerces et transports.",https://www.vizzit.fr/fr/property/appartement/lille/Aavd9rgwlchphok5,https://lb1.vizzit.com/273791a/Aavd9rgwlchphok5/Photos/Aavd9rgwlchphok5_1.jpg?639253965850000000,2026-09-26
Lille (Nord),745 €/mois,54 m² - 3 pièces - 2 chambres,"Bel appartement T3 spacieux et lumineux situé rue Paul Parisot à Lille, proche du CHR, comprenant un salon/séjour avec cuisine équipée ouverte (plaques, four, hotte), une salle de bains, deux chambres, une grande terrasse. Le bien est complété d'une place de parking. Disponible dès le 11/09 Zone soumise à l'encadrement des loyer. Montant estimé des dépenses annuelles d'énergie pour un usage standard : entre 700 euros et 990 euros Prix moyens des énergies indexés au (abonnements compris) Les informations sur les risques auxquels ce bien est exposé sont disponibles sur le site Géorisques :",https://www.vizzit.fr/fr/property/appartement/lille/At4picxzdi5w18qj,https://lb1.vizzit.com/264928a/At4picxzdi5w18qj/Photos/At4picxzdi5w18qj_1.jpg?639235186360000000,2026-09-26
Lille (Nord),805 €/mois,57 m² - 2 pièces - 1 chambre,"Tous nos rendez-vous de visite se prennent en ligne sur notre site internet GLV Immobilier, rubrique ""Location"". GLV IMMOBILIER vous propose à la location ce bel appartement NON MEUBLÉ avec beaucoup de cachet situé dans un immeuble 1930 au 90 Avenue Léo Lagrange entre Lille et Lambersart, à 10 minutes à pieds du métro et à proximité des axes autoroutiers. Quartier Bois Blancs. Ce grand 2 pièces offre une entrée, un salon avec une cuisine américaine équipée donnant sur une jolie petite terrasse avec un cellier, une belle chambre avec rangements et une grande salle de bains de 10 m2, WC indépendant. L'appartement dispose également d'une cave en rez-de-chaussée avec un espace buanderie (branchement pour une machine à laver). Loyer CC : 805 Euros dont 50 Euros de charges comprenant l'eau froide et l'entretien des parties communes, avec régularisation annuelle.",https://www.vizzit.fr/fr/property/appartement/lille/Alhjidd6dtbtzhqp,https://lb1.vizzit.com/118488a/Alhjidd6dtbtzhqp/Photos/Alhjidd6dtbtzhqp_1.jpg?639235164560000000,2026-09-26
Lille (Nord),910 €/mois,72 m² - 3 pièces,"Nous vous proposons cet appartement type 3 de 72m², en duplex, non meublé, au 2EME ET dernier étage de l'immeuble, au 198 RUE DES POSTES à Lille. Cet appartement se trouve dans le quartier Porte des postes, à 3mn à pieds de du métro Porte Des Postes qui vous donne un accès direct au deux lignes composant le métro lillois. Appartement offrant une pièce principale lumineuse, une cuisine séparée avec plaques de cuisson, four et réfrigérateur. Une salle de bains avec les wc A l'étage deux chambres. Loyer: 910euros. loyer de référence majoré max 986€ Provisions sur charge: 40euros. (Eau froide et TEOM) Dépôt de garantie: 910€. Honoraires agence: 910€euros dont 3€/m² pour l'état des lieux soit 216€ Pour plus de renseignements ou pour organiser une visite, n'hésitez pas à me : Pour les visites, vous pouvez Mme DOSSIN: ou par mail: Classement du logement en matière de performance énergétique: DPE: C réalisé le Classement du logement en matière d'émissions de gaz à effet de serre: C réalisé le Les informations sur les risques auxquels ce bien est exposé sont disponibles sur le site Géorisques:.",https://www.vizzit.fr/fr/property/appartement/lille/Az0opt4iad4okmxg,https://lb1.vizzit.com/275905a/Az0opt4iad4okmxg/Photos/Az0opt4iad4okmxg_1.jpg?639242271250000000,2026-09-26
Lille (Nord),700 €/mois,12 m² - 1 pièce,"La Lilloise Immobilier vous invite à découvrir cette chambre meublée dans une maison en co-living de 233m². Elle se situe au 3ème étage arrière et se compose d'un lit, d'un bureau, d'un placard, d'une TV, d'une salle d'eau avec wc. Les parties communes se composent d'une belle pièce de vie lumineuse avec cuisine équipée, d'un coin buanderie, d'une cave aménagée et d'une cour intérieure. Tout est compris, vous n'avez plus qu'à poser vos bagages ! Retrouvez l'ensemble de nos biens sur le site:",https://www.vizzit.fr/fr/property/appartement/lille/Axgz34n8wd3jrpw6,https://lb1.vizzit.com/3374808a/Axgz34n8wd3jrpw6/Photos/Axgz34n8wd3jrpw6_1.jpg?639235128220000000,2026-09-26
Lille (Nord),935 €/mois,68 m² - 3 pièces - 2 chambres,"A louer à Lille rue de Douai 3 pièces - 2 chambres - 68 m² Apartement disponible première quinzaine d'octobre 2026 (des travaux de peinture sont en cours), 3 pièces, T3 de 68 m², 1er étage dans résidence récente (2013) et sécurisée. Cuisine équipée (4 plaques induction, four, hotte, rangements), 2 chambres, salle de bains (baignoire), wc séparé. Chauffage électrique. Ascenseur. Accès à personne à mobilité réduite. 1 place privative de parking en sous-sol . Loyer : 785 euros par mois + 150 euros de provision pour charges (frais de copropriété, entretien parties communes, jardin, eau, ordures ménagères).",https://www.vizzit.fr/fr/property/appartement/lille/A2onbjgdai27wxds,https://lb1.vizzit.com/184479a/A2onbjgdai27wxds/Photos/A2onbjgdai27wxds_1.jpg?639235127280000000,2026-09-26
Lille (Nord),900 €/mois,30 m² - 2 pièces - 1 chambre,"Appartement de 30 m2 à louer sur Lille T1 Bis meublé a louer au cœur de la Rue Pierre Mauroy en plein centre Lille ! 2 minutes à pieds à la grand Place de Lille et à la gare Lille Flandres & 2 lignes de Métro. Appartement très propre avec des meubles neuf, très lumineux et calme en plein centre dans un bâtiment très propre et bien sécurisé avec 2 portes d'entrée en digicodes. Salon: 1 lit double, 1 canapé d'angle convertible au lit double avec un grand coffre, 1 bureau convertible a la table de repas de 4 personnes. Une grande armoire 3 portes, 1 commode, 1 armoire chaussures, 1 aspirateur Philips, table à repasser, fer à repasser etc.. Cuisine équipée : 1 micro-ondes, machine à café, frigo, tout les produits vaisselles. Salle de bains avec un grand baignoire, machine à laver laver. Chauffage électrique individuel. L'appartement chauffe très bien. Loyer mensuel : 900 euros (840 euros de loyer + 60 euros charges) Dépôt de garantie : 900 euros (1 mois de loyer ) Chercher un logement, c'est l'enfer, alors on a créé 123 Loger pour vous simplifier la vie. Combien ça coûte ? Vous réglez le pass de 34 euros (29 euros pour les étudiants). Le pass est mensuel, votre profil reste actif tant que vous restez abonné-e. Sans engagement, vous pouvez vous désabonner très facilement. Nous offrons une garantie satisfait-e ou remboursé-e pendant 1 mois. Comment ça marche ? Sur 123 Loger, ce sont les propriétaires qui contactent les locataires et ça change tout. 1- Vous définissez vos critères : villes, surface, budget, etc 2- Vous décrivez votre profil locataire : CDI, étudiant, indépendant, revenus, garant, etc… Une fois pour toute ! 3- Les propriétaires consultent votre profil et vous contactent directement. À bientôt sur 123 Loger.",https://www.vizzit.fr/fr/property/appartement/lille/Ah50pcpp7q84ynix,https://lb1.vizzit.com/1347123a/Ah50pcpp7q84ynix/Photos/Ah50pcpp7q84ynix_1.jpg?639235110700000000,2026-09-26
Lille (Nord),980 €/mois,46 m² - 1 pièce,"Vieux-Lille - Rue Saint-André Notre agence vous propose à la location un appartement T1 bis meublé , de 47 m², idéalement situé et agréable à vivre. L'appartement se compose : - d'un séjour lumineux avec une cuisine ouverte entièrement équipée, - un espace nuit, - d'une salle de bain Une place de parking est également incluse dans la location. Disponible à partir du Loyer mensuel : 930 € Charges mensuelles : 50 € Dépôt de garantie : 1 860 € L'estimation du coût annuel des énergies pour un usage standard se situe entre 1 070 € et 1 500 €.",https://www.vizzit.fr/fr/property/appartement/lille/A7gwcoh3vv06cb8c,https://lb1.vizzit.com/71838a/A7gwcoh3vv06cb8c/Photos/A7gwcoh3vv06cb8c_1.jpg?639235205540000000,2026-09-26
Lille (Nord),1 790 €/mois,136 m² - 5 pièces - 4 chambres,"Rue Camille Claudel, à proximité du métro , grand type 5 en duplex situé au 9ème et dernier étage avec ascenseur. Hall d'entrée avec placards, salle de bain avec baignoire et wc séparé Grand séjour en parquet avec un balcon et avec une cuisine équipée ouverte disposant d'un four, de plaques et d'une hotte. Présence d'une grande chambre au rez-de-chaussée de chaussée A l'étage, une chambre en moquette avec placards salle de douche, meuble vasque et wc, 2 autres grandes chambres en moquette, wc séparé, salle de bain avec baignoire, meuble vasque et emplacement de machine à laver et grands placards L'appartement dispose également de 2 places de parking au sous sol de la résidence. Local à vélo dans la résidence Chauffage et eau inclus dans les charges.. .. .. Metro situé à quelques minutes à pied et bus en bas de l'immeuble Disponible de suite.",https://www.vizzit.fr/fr/property/appartement/lille/A84yx69rh4ppz59b,https://lb1.vizzit.com/545080a/A84yx69rh4ppz59b/Photos/A84yx69rh4ppz59b_1.jpg?639235204770000000,2026-09-26
Lille (Nord),966 €/mois,82 m² - 3 pièces - 2 chambres,"Lille secteur Vauban, Proche de la faculté catholique, métro et tous commerces.. Grand T3 dans une résidence avec concierge comprenant: Entrée, séjour, cuisine aménagée, salle de bains, cellier, deux chambres, wc, cave saine en sous-sol.Un emplacement parking vient complèter ce bien. A visiter sans tarder !! La location pourra être déléguée à Foncia Développement et Location.",https://www.vizzit.fr/fr/property/appartement/lille/Ax6vy80k11lqui7i,https://lb1.vizzit.com/4225616a/Ax6vy80k11lqui7i/Photos/Ax6vy80k11lqui7i_1.jpg?639235185710000000,2026-09-26
Lille (Nord),2 345 €/mois,129 m² - 4 pièces - 2 chambres,"Au sein d'un immeuble très calme, entièrement rénové, superbe appartement de 129m2 en duplex, meublé offrant une combinaison parfaite de confort, luxe et emplacement idéal, faisant de lui un lieu de vie exceptionnel au cœur de Lille. Au 2ème étage avec ascenseur, dès l'entrée, vous avez un grand couloir avec les commodités desservant un grand salon-séjour, une salle à manger avec une cuisine équipée et le tout , très lumineux grâce à ses grandes fenêtres, un cellier rangement sous escalier. A l'étage, deux grandes chambres avec chacune une grande mezzanine pouvant servir de rangement ou couchage supplémentaire, dressing et deux salles de bains. Cet appartement haut de gamme situé dans le quartier historique du Vieux Lille, Place Louise de Bettignies, est un bijou d'architecture et de design moderne, combiné à un charme classique. Ce bien allie charme historique et confort moderne, offrant des espaces de vie lumineux et raffinés,",https://www.vizzit.fr/fr/property/appartement/lille/Ax1e5st7obp3imju,https://lb1.vizzit.com/4107167a/Ax1e5st7obp3imju/Photos/Ax1e5st7obp3imju_1.jpg?639235183450000000,2026-09-26
Lille (Nord),1 099 €/mois,88 m² - 4 pièces - 3 chambres,"QUIETIS GESTION // RESIDENCE LA PARENTHESE VERTE // DISPOSITIF PINEL DISPONIBLE LE Contactez Monsieur VANGU Olivier pour visiter cet appartement T4 de 88.10 m² situé au 2eme étage avec un balcon de 5.9 m2 comprenant une entrée avec placard, un dégagement, un séjour donnant sur une cuisine équipée d'un évier, une plaque de cuisson, une hotte, meubles hauts et bas. Trois chambres, un cellier, une salle d'eau, un WC indépendant. Un parking au sous-sol Honoraires de 1 099 euros TTC à la charge du locataire comprenant 266,94 euros TTC pour l'état des lieux. Zone soumise à encadrement des loyers. Loyer de référence majoré (loyer de base à ne pas dépasser) 1145 euros/mois. Loyer de base 1009.00 euros/mois. Provision sur charges 90 euros/mois, régularisation annuelle. Dépôt de garantie 1 009 euros. Classe énergie C, Classe climat C Montant estimé des dépenses annuelles d'énergie pour un usage standard : entre 613.00 euros et 830.00 euros sur les années 2021, 2022 et 2023 (abonnements compris). Votre conseiller SNG Immobilier : Olivier VANGU Agent commercial (Entreprise individuelle) RSAC 818 712 754 RSAC LILLE METROPOLE",https://www.vizzit.fr/fr/property/appartement/lille/Axca63132s4kfri7,https://lb1.vizzit.com/275797a/Axca63132s4kfri7/Photos/Axca63132s4kfri7_1.jpg?639235145120000000,2026-09-26
Lille (Nord),1 370 €/mois,87 m² - 5 pièces - 2 chambres,"Lille T3 meublé de 87 m² - Place Rihour À seulement 3 minutes à pied de la Grand'Place, à 2 minutes du métro et à 10 minutes de la gare Lille Flandres, ce superbe appartement T3 meublé de 87 m² bénéficie d'un emplacement exceptionnel au cœur du centre-ville de Lille, dans un quartier vivant et très bien desservi. L'appartement se compose d'une belle pièce de vie spacieuse et lumineuse grâce à de grandes fenêtres offrant une vue directe sur la Place Rihour. Il comprend également une cuisine entièrement équipée, une salle de douche avec double vasque et WC, ainsi qu'un deuxième WC indépendant. Une véranda vient compléter ce bien, pouvant servir de petite terrasse l'été ou de buanderie selon les besoins. Situé au premier étage d'une petite copropriété calme et bien entretenue, ce logement offre un cadre de vie agréable et recherché. Son emplacement privilégié, à proximité immédiate des commerces, restaurants, cafés et transports, en fait une adresse idéale pour les actifs. Le métro, la gare et les nombreuses lignes de bus facilitent tous les déplacements au quotidien. Le loyer mensuel est fixé à 1 370 € hors charges, avec des charges trimestrielles de 1 263,82 € incluant l'eau et l'entretien des parties communes. Le bail est un bail ferme d'un an. Encadrement des loyers :Loyer de référence : 1 145 €Loyer majoré : 1 372 € Honoraires à la charge du locataire : 1 136, 72 € (13 €/m²)Dont état des lieux : 262, 32 € (3 €/m²) Honoraires à la charge du propriétaire : 1 136, 72 € (10 €/m²)Dont état des lieux : 262, 32 € (3 €/m²) Le DPE est classé E. Les informations relatives aux risques auxquels ce bien est exposé sont disponibles sur le site",https://www.vizzit.fr/fr/property/appartement/lille/Aw5kpj02q75xhnyc,https://lb1.vizzit.com/938186a/Aw5kpj02q75xhnyc/Photos/Aw5kpj02q75xhnyc_1.jpg?639235139870000000,2026-09-26
Lille (Nord),980 €/mois,56 m² - 3 pièces - 2 chambres,"L'agence Beanstock est fière de vous présenter en exclusivité ce très bel appartement de 2 pièces de 56m² avec balcon entièrement meublé et équipé au 4e étage d'une copropriété calme et sécurisée, idéalement situé 61 Rue de l'Épinette. L'appartement comprend également une cave et de nombreux rangements pour votre confort. Disponibilité : Le bien se compose de la manière suivante : - Séjour : canapé / table basse / bureau / télévision - Cuisine Ouverte entièrement équipée : lave-linge / plaques de cuisson / micro-onde / réfrigérateur et freezer / bouilloire / grille-pain / machine à café / et tous les ustensiles de cuisines nécessaires pour une installation rapide et confortable - Salle de bain et linge de bain - Chambre : Lit et literie complète / bureau / rangements - Balcon Découvrez plus en détail votre futur chez-vous grâce à la visite virtuelle du bien disponible dans les photos de l'annonce ! L'appartement est situé à proximité immédiate de toutes les commodités, - Métro : Station 'Caulier' sur la ligne 1 du métro lillois, à environ 5 minutes à pied. - Tramway : Pas de station de tramway à moins de 300 mètres. - Gares : Gare Lille Flandres et Gare Lille Europe, accessibles via métro ligne 1 (environ 10-15 minutes en métro). - Universités et écoles supérieures : Université de Lille - Campus Moulins et Sciences Po Lille, à environ 15 minutes en métro. - Parcs : Parc Jean-Baptiste Lebas à environ 20 minutes à pied. - Monuments : Palais des Beaux-Arts de Lille, à environ 25 minutes en métro. - Supermarché : Carrefour City, à environ 10 minutes à pied. Loyer et charges : Loyer charges comprises : 980 euros Dont charges : 85 euros au Forfait de charges Dépôt de garantie : 1790 euros Honoraire agence : 738 euros Diagnostic de Performance Énergétique (DPE) : Classe énergétique : D Consommation énergétique : 231.4 kWh/m²/an Émissions de gaz à effet de serre : 16 kg CO2/m²/an Zone soumise à l'encadrement des loyers. Ce logement présente des caractéristiques de localisation et de confort justifiant un complément de loyer par rapport à un logement de niveau comparable dans cette zone. Ces caractéristiques seront définies dans le bail. Frais additionnel à prévoir lors de la location : - Electricité - Internet Cet appartement vous a tapé dans l'œil ? Fantastique ! Pour candidater, c'est très simple : soumettez votre candidature directement sur cette plateforme. Vous recevrez ensuite un email détaillé pour vous guider dans la constitution de votre dossier (n'oubliez pas de vérifier vos spams !). Un dossier complet vous assure un traitement rapide et augmente vos chances d'être sélectionné. Nous reons uniquement les meilleurs dossiers, alors mettez toutes les chances de votre côté !",https://www.vizzit.fr/fr/property/appartement/lille/Aqsew5orsc7ysh3k,https://lb1.vizzit.com/318099a/Aqsew5orsc7ysh3k/Photos/Aqsew5orsc7ysh3k_1.jpg?639235136930000000,2026-09-26
Lille (Nord),1 080 €/mois,67 m² - 3 pièces - 2 chambres,"Dans un bel immeuble d’angle de 3 appartements entièrement rénové respectant la norme thermique RT2012. Jolie façade en briques, pierres et mosaïques Au 1er étage grand T3 de 67m2 en duplex- très lumineux Niveau 1 : - Grande pièce principale avec cuisine équipée Ixina et électroménager Whirlpool (plaques vitrocéramiques, four, hotte) - Chambre - Salle de bains (douche, meuble vasque, wc), attenant une petite lingerie pour installation lave-linge et rangements Niveau 2 : une très grande chambre Appartement entièrement parqueté sauf la sdb qui est carrelée Chauffage électrique Fenêtres PVC double vitrage avec volets roulants Interphone Cave Loyer 1010 euros +70 de charges (eau, taxes ordures ménagères, communs) Conditions de revenus 3 fois le loyer & garants Frais de rédaction de bail et d’état de lieux : 879,71 €. Situé Rue Turgot entre le Métro Canteleu et Euratechnologie Appartement disponible à partir de début octobre",https://www.vizzit.fr/fr/property/appartement/lille/A6tvxxnwhvhh2r6e,https://lb1.vizzit.com/14576a/A6tvxxnwhvhh2r6e/Photos/A6tvxxnwhvhh2r6e_1.jpg?639235132370000000,2026-09-26
Lille (Nord),1 253 €/mois,93 m² - 5 pièces - 4 chambres,"Réf. VPD-LL152- Rue Abélard à Lille, très bel appartement T5, entièrement meublé offrant à la location une entrée, une belle pièce à vivre avec balconnet, une cuisine ouverte équipée, quatre chambres spacieuses dont 1 avec sa salle de bains, une salle de bains avec WC et machine à laver, WC séparés. Logement situé à 7 minutes à pied du métro Porte d'Arras. Disponible dès maintenant. Surface du logement : 93.12m². Loyer : 1182.62€ + 70.00€ de provisions sur charges par mois (Eau froide, Parties communes), soit 1252.62€ charges comprises. Dépôt de garantie : 2365.24€. Honoraires locataire : 1221.73€ TTC (dont 282.15€ d'état des lieux). Zone soumise à l'encadrement des loyers : OUI. Loyer de référence : 10.60€/m² soit 987.07€. Loyer de référence majoré : 12.70€/m² soit 1182.62€. Complément de loyer : 0.00€. Réf : VPD",https://www.vizzit.fr/fr/property/appartement/lille/Agf2zi086yl9kg4n,https://lb1.vizzit.com/320326a/Agf2zi086yl9kg4n/Photos/Agf2zi086yl9kg4n_1.jpg?639235128300000000,2026-09-26
Lille (Nord),1 170 €/mois,87 m² - 5 pièces - 4 chambres,"Lille Sud, rue Jules Breton (Réf MLMO1126) Située à proximité du CHR et de toutes les commodités, cette maison de type 5 d'une superficie de 88 m2 vous propose : une entrée, un salon/salle à manger, une cuisine aménagée et équipée, une salle de douche ainsi qu'un WC indépendant au rez-de-chaussée. Au 1er étage, vous trouverez 2 chambres, dont une avec sa salle de douche privative. Le 2ème étage abrite 2 autres chambres, chacune disposant de sa propre salle de douche et WC. Un agréable jardin avec terrasse complète cet ensemble. Idéalement située pour les étudiants des facultés de médecine et dentaire. Disponible immédiatement. Loyer : 1150 euros HC/ mois + 20 euros de charges Honoraires à la charge du locataire 1143,61 euros dont 263,91 euros inclus pour l'état des lieux Dépôt de garantie : 2300 euros Charges : 20 euros (taxe ordures ménagères) Complément de loyer de 191,13 euros inclus dans le loyer CC Audrey HALADUDA chez FAELENS IMMOBILIER / Retrouvez toutes nos offres et nos exclusivités uniquement que notre site. Zone soumise à encadrement des loyers. Loyer de référence majoré (loyer de base à ne pas dépasser) 958.87 euros/mois. Loyer de base 1170 euros/mois. Classe énergie D, Classe climat D Montant moyen estimé des dépenses annuelles d'énergie pour un usage standard, établi à partir des prix de l'énergie de l'année 2021 : entre 1080.00 et 1490.00 euros.",https://www.vizzit.fr/fr/property/immobilier/lille/Aey9spachhsx0141,https://lb1.vizzit.com/1702a/Aey9spachhsx0141/Photos/Aey9spachhsx0141_1.jpg?639235127920000000,2026-09-26
