Lieu,Prix,Details,Description,Lien,Image,DerniereVue
Lyon 7ème (Rhône),580 €/mois,32 m² - 1 pièce,"Votre Régie Galyo a le plaisir de vous proposer à la location, proche des transports en commun, des commerces et de toutes commodités, cet appartement studio de 32.50m². Au 4ème étage d'une résidence sécurisé située avenue DEBOURG il se compose d'une pièce de vie avec coin cuisine équipée (plaques de cuisson électrique et frigo) et petit BALCON ainsi que d'une salle de bain avec WC. L'eau chaude, l'eau froide et le chauffage sont collectifs et compris dans les charges Loyer de référence : 458.25€ Loyer de référence majoré : 549.25€ Conseillère : Eva",https://www.vizzit.fr/fr/property/appartement/lyon-7eme/Apz2wcfetl9nceg0,https://lb1.vizzit.com/2635049a/Apz2wcfetl9nceg0/Photos/Apz2wcfetl9nceg0_1.jpg?639258840220000000,2026-09-28
Lyon 2ème (Rhône),990 €/mois,59 m² - 2 pièces - 1 chambre,"Votre Régie Galyo a le plaisir de vous proposer à la location, proche des transports en commun, des commerces et de toutes commodités, cet appartement studio de 59m². Au 2E étage d'une résidence calme, situé RUE DES REMPARTS D'AINAY à Lyon 2eme, il se compose d'un séjour, d'une cuisine séparée aménagée (meubles hauts et bas), d'une chambre et d'une salle de bain avec WC. Logement soumis à l'encadrement des loyers : loyer de référence : 893.85 € loyer de référence majoré : 1072.62 € Contact : Eva",https://www.vizzit.fr/fr/property/appartement/lyon-2eme/Agdh8l4ee6hx4arv,https://lb1.vizzit.com/2635049a/Agdh8l4ee6hx4arv/Photos/Agdh8l4ee6hx4arv_1.jpg?639258840220000000,2026-09-28
Lyon 3ème (Rhône),723 €/mois,38 m² - 2 pièces - 1 chambre,"T2 - RUE GERMAIN DAVID - 69003 LYON Proche de toutes commodités, transports et commerces. Appartement T2 d'une superficie de 38 m², dans une résidence récente de 2018, composé d'un hall d'entrée, d'une cuisine aménagée et équipée (éléments hauts et bas, four, plaque de cuisson vitrocéramique, hotte) ouverte sur le séjour avec balcon, d'une chambre, d'une salle d'eau et de WC indépendants. L'appartement est loué exclusivement avec son garage fermé en sous-sol pour un loyer de 130 € par mois et 6 € de charges. Bien soumis à l'encadrement des loyers : - loyer de référence : 556,70 € - Loyer de référence majoré : 667,28 € Appartement soumis au dispositif PINEL (Avis d'imposition N-2): Personne seule : 44 344 € Couple : 66 276 € Contact : Axelle",https://www.vizzit.fr/fr/property/appartement/lyon-3eme/A4mrjg779b2f1s7r,https://lb1.vizzit.com/2635049a/A4mrjg779b2f1s7r/Photos/A4mrjg779b2f1s7r_1.jpg?639258840220000000,2026-09-28
Lyon 6ème (Rhône),1 245 €/mois,78 m² - 2 pièces - 1 chambre,"Découvrez ce superbe appartement de 78 m² composé d'une entrée avec placards, d'une grande distribution qui d'une cuisine indépendante, d'un séjour de près de 25m², d'une chambre de 17m², d'une salle de bains et d'un WC séparé. Logement soumis à l'encadrement des loyers : - Loyer de référence : 1175,70 € - Loyer de référence majoré : 1410,84 € Contact : Axelle",https://www.vizzit.fr/fr/property/appartement/lyon-6eme/Ab1c9b0pdk0d9siv,https://lb1.vizzit.com/2635049a/Ab1c9b0pdk0d9siv/Photos/Ab1c9b0pdk0d9siv_1.jpg?639258840220000000,2026-09-28
Lyon 9ème (Rhône),578 €/mois,22 m² - 2 pièces - 1 chambre,"Au calme avec beaucoup de luminosité et une petite cour aménagée, découvrez ce joli duplex meublé de 22m² composé au rez-de-chaussée d'un séjour avec cuisine aménagée et équipée, de rangements et d'un WC. Au premier étage, vous découvrirez une chambre avec salle d'eau. Logement soumis à l'encadrement des loyers : - Loyer de référence : 338,54 € - Loyer de référence majoré : 405.80 € - Complément de loyer : 162,20 € justifié par la situation calme du logement et l'aménagement de la cour intérieure. Contact : Axelle",https://www.vizzit.fr/fr/property/appartement/lyon-9eme/Az657hk0930hlol6,https://lb1.vizzit.com/2635049a/Az657hk0930hlol6/Photos/Az657hk0930hlol6_1.jpg?639258840220000000,2026-09-28
Lyon 7ème (Rhône),1 670 €/mois,93 m² - 3 pièces - 2 chambres,"Réf. AN006329 - Imodirect vous propose à la location, rue Sébastien Gryphe à deux pas du métro-Saxe Gambetta, ce très beau T3 meublé, lumineux et traversant de 93m2. Situé au 4ème étage d'un immeuble de 1958 avec ascenseur, entretenu et ravalé, cet appartement est fonctionnel et en bon état. Il se compose d'un couloir desservant l'ensemble des pièces, d'un beau séjour double donnant accès au balcon, d'une cuisine équipée ((lave-vaisselle, réfrigérateur, four, hotte, plaques à induction), d'une salle de bain avec baignoire, fenêtre et machine à laver, de deux chambres équipées de placards muraux, d'un wc indépendant et d'un dressing. Le chauffage est collectif et intégré dans les charges et la production d'eau chaude individuelle électrique. Une cave vient compléter ce bien. A visiter sans tarder! ENCADREMENT DES LOYERS : • Loyer de référence : 13,60 €/m² - soit 1 266,84 €/mois • Loyer de référence majoré : 16,30 €/m² - soit 1 518,35 €/mois Classe énergétique : D (de 181 à 250). Les frais d'agence sont de 1 222,13 € maximum. Pour toute question ou visite, merci de remplir la demande de visite.",https://www.vizzit.fr/fr/property/appartement/lyon-7eme/Aileqa5qducn7aym,https://lb1.vizzit.com/2568359a/Aileqa5qducn7aym/Photos/Aileqa5qducn7aym_1.jpg?639258671960000000,2026-09-28
Lyon 2ème (Rhône),1 103 €/mois,66 m² - 3 pièces - 2 chambres,"Proche des commerce du cours Charlemagne, des transports : bus, tram, métro et train. Découvrez ce T3 de 66 m² comprenant une entrée un séjour avec cuisine ouverte aménagée et équipée, deux chambres, une salle d'eau et WC indépendants. Chauffage individuel électrique. Logement soumis à l'encadrement des loyers : Loyer de référence : 801,75 € loyer de référence majoré : 960,77 € Complément de loyer : 87,23 € se justifiant par l'absence de vis-à-vis. Contact : Axelle",https://www.vizzit.fr/fr/property/appartement/lyon-2eme/Aw6bedzcmixalr4z,https://lb1.vizzit.com/2635049a/Aw6bedzcmixalr4z/Photos/Aw6bedzcmixalr4z_1.jpg?639258549690000000,2026-09-28
Lyon 8ème (Rhône),822 €/mois,40 m² - 2 pièces - 1 chambre,"À louer, joli appartement de 40 m² situé rue Maryse Bastié, au 5ᵉ étage d'une résidence récente avec ascenseur. Il se compose d'une cuisine aménagée ouverte sur un séjour lumineux, donnant accès à une grande terrasse de 6 m², une chambre, d'une salle de bain, et d'un garage en sous-sol. Disponible le . A environ 10min du T6 et T2 Loyer de référence majoré (loyer de base à ne pas dépasser): 697€ loyer de base: 697€ complément de loyer 91€.",https://www.vizzit.fr/fr/property/appartement/lyon-8eme/Aqwjf14dqfj44u2x,https://lb1.vizzit.com/4239008a/Aqwjf14dqfj44u2x/Photos/Aqwjf14dqfj44u2x_1.jpg?639258517580000000,2026-09-28
Lyon 8ème (Rhône),1 464 €/mois,69 m² - 3 pièces - 2 chambres,"A LOUER - T3 DE 69.92 M2 A LYON 8, AVENUE JEAN MERMOZ - Magnifique appartement à louer à Lyon (69008), situé dans le quartier de Mermoz. Ce charmant appartement de 3 pièces bénéficie d'une surface habitable de 69,92 m². Situé dans un immeuble récent avec ascenseur, ce bien dispose d'une pièce de vie ouverte sur une cuisine équipée, toutes deux donnant sur une belle terrasse offrant une vue dégagée, ainsi que de deux chambres et d'une salle d'eau. Un garage en sous-sol est mis à disposition avec la location. Vous serez séduit par la luminosité de cet appartement, grâce à ses grandes fenêtres offrant une vue dégagée. Idéalement situé dans une résidence sécurisée, vous pourrez profiter de tout le confort nécessaire pour une vie agréable au quotidien. La proximité des commerces, des transports en commun et des écoles en fait un emplacement idéal pour les familles. Ne ratez pas cette belle opportunité et contactez-nous dès maintenant pour plus d'informations ou pour organiser une visite. Ce bien rare sur le marché saura vous séduire par ses caractéristiques uniques. Le chauffage est individuel électrique. L'eau est collective électrique. Loyer mensuel charges comprises 1 464.00€ dont 204.00€ de provisions sur charges (soumis à régularisation annuelle). Diagnostic Energétique : C COMPLEMENT DE LOYER A HAUTEUR DE 211.20€ POUR CLIMATISATION, TERRASSE ET GARAGE LOYER SOUMIS A ENCADREMENT DES LOYERS : LOYER REFERENT : 12.50€M² (soit 874.00€) / LOYER MAJORE : 15.00€M² (soit 1048.80€) DEPOT DE GARANTIE : 1 260.00€ HONORAIRES LOC : 705.49€ (10.09€/m²) ET 211.86€ POUR ETAT DES LIEUX (3.Loyer de 1 464,00 euros par mois charges comprises dont 204,00 euros par mois de provision pour charges (soumis à la régularisation annuelle). Les honoraires charge locataire sont de 917,35 euros ( soit 13,12 euros/m² ) dont 211,86 euros pour état des lieux ( soit 3,03 euros/m² ). Montant estimé des dépenses annuelles d'énergie pour un usage standard : entre 1 160 et 1 620 euros. Prix moyens des énergies indexés en 2023. Zone soumise à encadrement des loyers. Le loyer de base du bien proposé est de 1 260 euros, le loyer de référence majoré (fixé par arrêté préfectoral) est de 874 euros et le complément de loyer est de 211,2 euros par mois.",https://www.vizzit.fr/fr/property/appartement/lyon-8eme/Apabsx0s8zav1whd,https://lb1.vizzit.com/54745a/Apabsx0s8zav1whd/Photos/Apabsx0s8zav1whd_1.jpg?639258426000000000,2026-09-28
Lyon 8ème (Rhône),1 240 €/mois,57 m² - 3 pièces,"A1-203 T. EMILIE - A SAISIR LUMINEUX ET CALME - SUPERBE TERRASSE DE 14.5M2 - RESIDENCE RECENTE DE STANDING A PROXIMITE DE TOUS COMMERCES ET TCL - Beau T3 entirèrement meublé situé au 2ème étage comprenant une entréeavec rangements, un grand séjour de 26 m² ouvert sur une cuisine US équipée et aménagée, deux chambres en sol parquet avec placard aménagé, une salle de bains aménagée. Garage fermé en sous sol sécurisé. Chauffage + eau chaude et froide inclus dans les charges. ZONE SOUMISE A ENCADREMENT DES LOYERS LOYER DE REFERENCE MAJORE (LOYER DE BASE A NE PAS DEPASSER) : 984.00 EUR LOYER DE BASE : 984 EUR SURLOYER : 116 EUR Consommation d'énergie totale comprise entre 240 et 360 EUR par an (prix moyens des énergies indexés en 2021).",https://www.vizzit.fr/fr/property/appartement/lyon-8eme/A1ovlxat5mrzuhjb,https://lb1.vizzit.com/69646a/A1ovlxat5mrzuhjb/Photos/A1ovlxat5mrzuhjb_1.jpg?639258403660000000,2026-09-28
Lyon 7ème (Rhône),1 008 €/mois,95 m² - 4 pièces - 3 chambres,"A LOUER en dispo immédiate en face du Parc Bandan, LYON 7, GRAND F4 en RDC sur cour intérieure: une grande entrée desservant un séjour avec balcon et salle à manger attenante indépendante, utilisable en 3ème chambre, une cuisine indépendante, un dégagement desservant 2 chambres dont une avec un second balcon, une salle de bains et une salle d'eau, WC indépendants. Possibilité de parking sous réserve de disponibilité. Eau chaude et froide et chauffage collectifs inclus dans les charges. Location soumise à plafonds de ressources, bien vous munir de votre avis d'imposition 2024.",https://www.vizzit.fr/fr/property/appartement/lyon-7eme/Adryhsj7455fw3j3,https://lb1.vizzit.com/4239008a/Adryhsj7455fw3j3/Photos/Adryhsj7455fw3j3_1.jpg?639258381280000000,2026-09-28
Lyon 7ème (Rhône),1 260 €/mois,65 m² - 3 pièces,"1260€cc a saisir de suite sur lyon 07 secteur jean mace spacieux t3 de 65 m² composé d'une entrée avec grands placards, beau volume dans le séjour avec grand balcon filant, cuisine aménagée, salle de douche, wc séparé, 2 belles chambres très lumineuses avec volets roulants électriques, chauffage collectif, double vitrage, grande cave, dans immeuble avec ascenseur et parking privé et fermé. Zone soumise à encadrement des loyers - loyer de base : 1100€ - loyer de référence majoré : 910€ - maj. De loyer : 190€ - toutes nos offres de location sur loca. Fr - frais de convention : 220€ - cette offre s'inscrit dans le cadre de la fourniture d'un fichier.",https://www.vizzit.fr/fr/property/appartement/lyon-7eme/A1l3h3wlzj5w3uby,https://lb1.vizzit.com/1348021a/A1l3h3wlzj5w3uby/Photos/A1l3h3wlzj5w3uby_1.jpg?639258460250000000,2026-09-28
Lyon 3ème (Rhône),1 100 €/mois,52 m² - 2 pièces - 1 chambre,"Mazzocco Immobilier a le plaisir de vous présenter un nouvel appartement à louer rue du professeur Rochaix , à proximité du métro et tramway Grange Blanche.. Ce beau T2 meublé traversant de 52m² se compose d'un séjour avec cuisine équipée, un balcon , un espace bureau + placard, un dégagement desservant une salle d'eau avec toilettes, un placard lave-linge, une chambre côté cour avec placards sur mesure et tablette télétravail. Chauffage individuel électrique - Climatisation Parking en sous-sol",https://www.vizzit.fr/fr/property/appartement/lyon-3eme/Azp3yog73zzgxw9k,https://lb1.vizzit.com/69637a/Azp3yog73zzgxw9k/Photos/Azp3yog73zzgxw9k_1.jpg?639258362810000000,2026-09-28
Lyon 8ème (Rhône),772 €/mois,41 m² - 2 pièces - 1 chambre,"CONTACT UNIQUEMENT PAR MAIL Logement sous garantie de loyer impayé, dossier demandé avant visite Rue Edouard Nieuport, agréable T2 de 41,8m² situé au 2ème étage d'une résidence récente comprenant entrée avec placard aménagé, séjour ouvrant sur balcon de 6m², belle cuisine équipée, salle de bains avec placard, wc séparés. Grand garage en sous-sol. Classe énergie C. Disponible dès maintenant. Loyer: 696.12€ + 76€ Charges (provision eau froide , entretien annuel de chaudière et copropriété). Honoraires de visite, de constitution de dossier, de rédaction de bail et d'état des lieux d'entrée: 548.72€ TTC. Dépôt de garantie : 696€.",https://www.vizzit.fr/fr/property/appartement/lyon-8eme/A205h3bnoxcaeobu,https://lb1.vizzit.com/71950a/A205h3bnoxcaeobu/Photos/A205h3bnoxcaeobu_1.jpg?639258360930000000,2026-09-28
Lyon 7ème (Rhône),2 100 €/mois,92 m² - 3 pièces - 2 chambres,"A LOUER, au pied des pentes de la Croix Rousse, au coeur de la Presqu'île, magnifique appartement rénové de trois pièces en étage élevé avec ascenseur dans superbe immeuble ancien. Il se compose d'un suberbe séjour avec cheminée donnant sur balcon, deux chambres, une cuisine aménagée et équipée, une salle d'eau et un WC. Plusieurs rangements. Eau chaude et chauffage individuel électrique. Loyer mensuel : 2100 € charges comprises dont 100 €/mois de provisions pour charges avec régularisation annuelle. Garantie : 2000 €. Honoraires d'état des lieux facturés ensuite par le gestionnaire : 3 €/m2. Le loyer de base est de 2000 € / mois, le loyer de référence majoré (fixé par arrêté préfectoral) est de 1452,02 € et le complément de loyer est de 547,98 € par mois. Proche tous commerces, écoles et transports en commun. Pour toute visite privée, merci de F.Meyer, votre agent commercial immobilier . Consultez toutes nos annonces sur .",https://www.vizzit.fr/fr/property/appartement/lyon-7eme/Auyeu6lc7dbewzcy,https://lb1.vizzit.com/1341408a/Auyeu6lc7dbewzcy/Photos/Auyeu6lc7dbewzcy_1.jpg?639258338460000000,2026-09-28
Lyon 7ème (Rhône),625 €/mois,18 m² - Studio,"STUDIO MEUBLÉ - LYON 7 - Studio Meublé, Rue Marcel Mérieux 69007 LYON Anjalys vous propose à la location un studio meublé lumineux de 18m2 situé au 5ième étage. Le bien se compose d'une entrée avec placard, une pièce à vivre avec une cuisine ouverte aménagée et équipée (hotte, plaque de cuisson et réfrigérateur) et une salle d'eau avec WC. Chauffage et eau chaude individuelle électrique. Eau froide collective. dès maintenant. Pour visiter ce bien, veuillez directement déposer un dossier de candidature sur notre site internet groupe anjalys, pour cela, vous devez aller dans l'onglet LOUER, sélectionner l'annonce et cliquer sur ""déposer mon dossier"". Contact - Appartement soumis à l'encadrement des loyers. Loyer de référence : 316,50. Loyer de référence majoré : 379,8€. Loyer de 625,00 euros par mois charges comprises dont 35,00 euros par mois de provision pour charges (soumis à la régularisation annuelle). Les honoraires charge locataire sont de 234,00 euros ( soit 13,00 euros/m² ) dont 54,00 euros pour état des lieux ( soit 3,00 euros/m² ). DPE ANCIENNE VERSION. Montant estimé des dépenses annuelles d'énergie pour un usage standard : 650 euros.",https://www.vizzit.fr/fr/property/appartement/lyon-7eme/Azxye0ke0zjxlswf,https://lb1.vizzit.com/68154a/Azxye0ke0zjxlswf/Photos/Azxye0ke0zjxlswf_1.jpg?639258329540000000,2026-09-28
Lyon 8ème (Rhône),864 €/mois,59 m² - 3 pièces - 2 chambres,"À louer à Lyon 8e, agréable appartement T3 de 59,07 m², situé au 6e étage avec ascenseur d'une résidence bénéficiant d'un environnement agréable, calme et d'espaces verts. L'appartement, particulièrement lumineux grâce à ses nombreuses ouvertures et à son étage élevé, se compose d'une belle pièce de vie offrant une vue dégagée avec une terrasse, d'une cuisine, de deux chambres avec placards intégrés, ainsi que d'une salle de bains avec baignoire. Les chambres disposent d'un parquet chaleureux et de rangements permettant de profiter pleinement des volumes de l'appartement. Un parking privatif en sous-sol ainsi qu'une cave complètent ce bien, des prestations particulièrement appréciables en secteur urbain. Loyer mensuel : 799,10 euros Provision sur charges : 65 euros / mois Soit 864,10 euros charges comprises / mois Un appartement fonctionnel et lumineux, idéalement conçu pour un couple ou une petite famille avec ascenseur, stationnement privatif et cave.",https://www.vizzit.fr/fr/property/appartement/lyon-8eme/A17cs4pposup24br,https://lb1.vizzit.com/260724a/A17cs4pposup24br/Photos/A17cs4pposup24br_1.jpg?639258325310000000,2026-09-28
Lyon 7ème (Rhône),1 378 €/mois,96 m² - 4 pièces - 3 chambres,"A LOUER grand F4 de 96m², au 1er étage avec ascenseur, dans une résidence des années 70 avec espaces verts en cour intérieure, comprenant une entrée avec placard, un séjour ouvrant sur balcon, une cuisine indépendante, 3 chambres avec placard: dont une parentale avec salle de bains privative et second balcon, et une 3ème chambre possibilité salle à manger attenante au séjour, une salle d'eau, un WC. Possibilité de parking en sus. Eaux froide et chaude, et chauffage inclus dans les charges ! Location soumise à plafonds de ressources, bien vous munir de votre avis d'imposition 2024.",https://www.vizzit.fr/fr/property/appartement/lyon-7eme/Aq964ivog1nsgjt0,https://lb1.vizzit.com/538559a/Aq964ivog1nsgjt0/Photos/Aq964ivog1nsgjt0_1.jpg?639258318970000000,2026-09-28
Lyon 7ème (Rhône),1 300 €/mois,95 m² - 4 pièces - 3 chambres,"A LOUER en dispo immédiate en face du Parc Bandan, LYON 7, GRAND F4 en RDC sur cour intérieure: une grande entrée desservant un séjour avec balcon et salle à manger attenante indépendante, utilisable en 3ème chambre, une cuisine indépendante, un dégagement desservant 2 chambres dont une avec un second balcon, une salle de bains et une salle d'eau, WC indépendants. Possibilité de parking sous réserve de disponibilité. Eau chaude et froide et chauffage collectifs inclus dans les charges. Location soumise à plafonds de ressources, bien vous munir de votre avis d'imposition 2024.",https://www.vizzit.fr/fr/property/appartement/lyon-7eme/A9ulf8llm552esph,https://lb1.vizzit.com/538559a/A9ulf8llm552esph/Photos/A9ulf8llm552esph_1.jpg?639258316060000000,2026-09-28
Lyon 7ème (Rhône),427 €/mois,18 m² - Studio,"Studio meublé Lyon 7ème - Studio meublé au 7/9 rue Jean Gay Lyon 7ème situé au 6ème étage avec ascenseur. Il comprend un sejour avec coin cuisine, une salle d'eau et wc. Chauffage et eau chaud : Individuels électrique Eau froide : Collective. Loyer de 427,00 euros par mois charges comprises dont 30,00 euros par mois de provision pour charges (soumis la régularisation annuelle). Les honoraires charge locataire sont de 245,18 euros ( soit 13,00 euros/m² ) dont 56,58 euros pour état des lieux ( soit 3,00 euros/m² ). DPE ANCIENNE VERSION. Zone soumise encadrement des loyers. Le loyer de base du bien proposé est de 397 euros, le loyer de référence majoré (fixé par arrêté préfectoral) est de 397,946 euros",https://www.vizzit.fr/fr/property/appartement/lyon-7eme/Aob5ftscm0b2n5or,https://lb1.vizzit.com/2636373a/Aob5ftscm0b2n5or/Photos/Aob5ftscm0b2n5or_1.jpg?639258309850000000,2026-09-28
Lyon 7ème (Rhône),1 800 €/mois,65 m² - 3 pièces,"Appartement T3 Meublé avec terrasse - Rue du lieutenant colonel Girard 69007 LYON - Appartement T3 Meublé - Rue du lieutenant colonel Girard 69007 LYON Au coeur du 7ème arrondissement de Lyon, Anjalys vous propose à la location un appartement de type 3 avec une terrasse de 65m2, au 6ème étage d'environ 65m2. Le bien est composé d'une entrée, d'une cuisine aménagée et équipée, d'un séjour avec un canapé convertible, de deux chambres, d'une salle de bain et d'un WC indépendant. Possibilité d'une location de garage fermées en plus. Disponible dès maintenant Chauffage et eau chaude individuel gaz. Eau froide individuelle également. POUR VISITER CE BIEN, veuillez déposer un dossier directement sur notre site internet groupe Anjalys, pour cela, vous devez aller dans l'onglet LOUER, sélectionner l'annonce et de cliquer sur ""déposer mon dossier"". Contact - Appartement soumis à l'encadrement des loyers. Loyer de référence : 851,50€. Loyer de référence majoré : 113,50€. Loyer de 1 800,00 euros par mois charges comprises dont 200,00 euros par mois de provision pour charges (soumis à la régularisation annuelle). Les honoraires charge locataire sont de 859,36 euros ( soit 13,12 euros/m² ) dont 198,46 euros pour état des lieux ( soit 3,03 euros/m² ). DPE ANCIENNE VERSION.",https://www.vizzit.fr/fr/property/appartement/lyon-7eme/Au5n1wt6bpnya06a,https://lb1.vizzit.com/68154a/Au5n1wt6bpnya06a/Photos/Au5n1wt6bpnya06a_1.jpg?639258308750000000,2026-09-28
Lyon 3ème (Rhône),393 €/mois,16 m² - Studio,"SANS SOUCI - Studio meublé à proximité du métro - Découvrez ce charmant studio entièrement meublé, idéalement situé à proximité immédiate de la station de métro Sans Souci, des commerces et de toutes les commodités. Le logement se compose d'une agréable pièce de vie avec un espace kitchenette fonctionnel, équipé d'une plaque de cuisson, de meubles de rangement, d'un réfrigérateur et d'un micro-ondes. Vous profiterez également d'une salle d'eau moderne avec WC. Le chauffage est électrique et individuel. Les charges comprennent l'entretien des parties communes ainsi que la taxe d'enlèvement des ordures ménagères. Un logement confortable et fonctionnel, bénéficiant d'un emplacement pratique et recherché. Contactez-nous pour plus d'informations ou pour organiser une visite. Loyer de 393,00 euros par mois charges comprises dont 35,00 euros par mois de provision pour charges (soumis à la régularisation annuelle). Les honoraires charge locataire sont de 218,45 euros ( soit 13,12 euros/m² ) dont 50,45 euros pour état des lieux ( soit 3,03 euros/m² ). Montant estimé des dépenses annuelles d'énergie pour un usage standard : entre 320 et 470 euros. Prix moyens des énergies indexés en 2021. Zone soumise à encadrement des loyers. Le loyer de base du bien proposé est de 358 euros, le loyer de référence majoré (fixé par arrêté préfectoral) est de 333 euros et le complément de loyer est de 25 euros par mois.",https://www.vizzit.fr/fr/property/appartement/lyon-3eme/A7bqwm5rcs50kz4e,https://lb1.vizzit.com/122022a/A7bqwm5rcs50kz4e/Photos/A7bqwm5rcs50kz4e_1.jpg?639258307520000000,2026-09-28
Lyon 8ème (Rhône),959 €/mois,60 m² - 2 pièces - 1 chambre,"Coeur de Monplaisir, Place A. Courtois. face au château des frères lumière, T2 non meublé en dernier étage avec ASC de 60.17m² dans immeuble ancien rénové.1 chambre, séjour, cuisine. Vue sur la place et Fourvière, 1 cave. Zone soumise à l'encadrement des loyers, loyer de référence médiant : 848,40 euros/mois, loyer majoré : 1016,87 euros /mois Les informations sur les risques auxquels ce bien est exposé sont disponibles sur le site Géorisques :",https://www.vizzit.fr/fr/property/appartement/lyon-8eme/Axfypoopw90x8xh1,https://lb1.vizzit.com/194151a/Axfypoopw90x8xh1/Photos/Axfypoopw90x8xh1_1.jpg?639258289450000000,2026-09-28
Lyon 8ème (Rhône),959 €/mois,39 m² - 2 pièces - 1 chambre,"Agréable T2 meublé de 39,62 m², situé cours Docteur Long, Lyon 3e, dans le secteur recherché de Montchat. Situé au 3e étage d'une résidence récente datant de 2015, l'appartement se compose de une cuisine équipée et aménagée ouverte sur le séjour, un séjour lumineux donnant accès à un balcon, une chambre et une salle de bains avec WC. Le +: Un balcon et un garage privatif en sous-sol complète le bien. chauffage collectif eau chaude collective eau froide individuelle. Disponible au 05/10/26 Loyer: 877€ + 82€ = 959€ Dépôt de garantie: 1754€ Honoraires de location: 396.20€ (visites, constitution de dossiers et rédaction de bail) + 118.86€ (frais état des lieux) = 515.06€ Zone soumise à encadrement des loyers Complément de loyer déjà inclus: 65€ (garage + balcon) Loyer majoré: 20.50€/m² Loyer de référence: 17.10€/m² DPE noté: C-110 Gaz à effet de serre noté: C-21 Estimation des dépenses annuelles d'énergie: entre 350€ et 510€ Année de référence des prix de l'énergie: Les informations sur les risques auxquels ce bien est exposé sont disponibles sur le site Géorisques: La taxe d'ordure ménagère n'est pas comprise dans les charges, celle ci sera quittancée en sus.",https://www.vizzit.fr/fr/property/appartement/lyon-8eme/A2av3q05x7smxiz7,https://lb1.vizzit.com/71987a/A2av3q05x7smxiz7/Photos/A2av3q05x7smxiz7_1.jpg?639258430400000000,2026-09-28
Lyon 7ème (Rhône),1 165 €/mois,84 m² - 4 pièces - 3 chambres,"A LOUER - LYON 7, rue Lamothe à proximité du Parc Blandan dans immeuble raccordée fibre optique, avec ascenseur. Appartement F4 de 84m² au 6ème étage comprenant : une entrée, une cuisine indépendante ouvrant sur balcon d'angle, un séjour donnant sur le même balcon, 2 chambres plus une salle à manger attenante au séjour, transformable en 3ème chambre, une salle de bains, une salle de douche et WC. Chauffage, eaux chaude et froide, et tantièmes de gaz cuisson collectifs inclus dans les charges. Possibilité de stationnement en sus. Location soumise à plafonds de ressources, bien vous munir de votre avis d'imposition 2024.",https://www.vizzit.fr/fr/property/appartement/lyon-7eme/Aixe05v6biw6aouy,https://lb1.vizzit.com/538559a/Aixe05v6biw6aouy/Photos/Aixe05v6biw6aouy_1.jpg?639258397190000000,2026-09-28
Lyon 8ème (Rhône),545 €/mois,20 m² - Studio,"Studio meublé 20m2 Rue Henri Pensier Lyon 8ème Espace de vie avec kitchenette équipé : évier, plaques de cuisson induction,réfrigérateur, placard,table, chaises. Une salle d'eau avec lavabo, placards,douche,toilette. En mezzanine, 1 lit avec tiroir, espace rangement, bureau Film sans tainsur toute la surface vitrée Volet roulant électrique Contrôle d'accès par badge, visiophone A proximité tous commerces Avenue des Frères Lumière (50m) A 5 mn à pied du lycée Colbert et de l'université Lyon III Manufacturés des tabacs Crespa(400m), Martiniere Montplaisir (800m) Ecole d'infirmière et faculté de médecine 7mn à pied puis métro Sans Souci 2 arrêts Loyer mensuel 520 euros+ 25 euros de provision sur charges(charges d'immeuble et eau) soit 545 euros Dépôt de garantie 520 euros Loca pass accepté , 2 garants demandés. Le logement permet de recevoir les APL Pas de frais d'agence, pas de frais pour établir le bail de location par mail Merci de me décrire en quelques lignes votre situation ainsi que celles de vos [URL masquée pour votre sécurité] ne peux malheureusement pas répondre à tous les mails donc n'oubliez pas de me donner un maximum d'informations Je ne peux pas non plus téléphoner à toutes les personnes intéressées",https://www.vizzit.fr/fr/property/appartement/lyon-8eme/A2sejb482mo69j3p,https://lb1.vizzit.com/276804a/A2sejb482mo69j3p/Photos/A2sejb482mo69j3p_1.jpg?639258241020000000,2026-09-28
Lyon 8ème (Rhône),863 €/mois,30 m² - 2 pièces,"Situé au 68 Avenue des Frères Lumières Proche de la place Ambroise Courtois et du Métro Sans Souci Commerces au pied de l'immeuble Idéal pour un étudiant Surface 30.22m2 + balcon 4m2 3éme étage avec ascenseur Equipement inclus: Four mico-onde et chaleur tournante, lave linge neuf, Frigidaire, Table, Chaises, Canapé, Matelas Meubles, Ustensible de cuisine, Aspirateur..... Prix du loyer 743 euros Charges 120 euros ( comprenant eau froide et chaude + chauffage + parties communes) Soit 863 euros Charges comprises Possibilité place de parking et cave en sous sol ( en sus ) Pas de frais d'agence ( seulement 40 euros de frais de constitution du bail) Pièces justificatives demandées : Pièces d'identité locataire et garants 3 derniers bulletins de salaires (locataire et/ou garants) Justificatif de domicile Attestation de CDI fourni par l'employeur ( locataire et/ou garants ) 2 derniers avis d'imposition 1er contact par messagerie en me laissant vos coordonnés téléphonique Libre à partir du Agence s'abstenir",https://www.vizzit.fr/fr/property/appartement/lyon-8eme/Az29spbk4p1w9f2c,https://lb1.vizzit.com/276804a/Az29spbk4p1w9f2c/Photos/Az29spbk4p1w9f2c_1.jpg?639258240110000000,2026-09-28
Lyon 8ème (Rhône),840 €/mois,36 m² - 1 pièce,"Beau T1 bis avec balcon sur parc, entièrement meublé, cuisine équipée, dans quartier Monplaisir, au 1er étage , Machine à laver, plaque induction, Cave. libre à partir du 20 Octobre 2026 Toutes commodités, bus au pied de l'immeuble, quartier Monplaisir avec tous les commerces, place Ambroise Courtois pas très loin.",https://www.vizzit.fr/fr/property/appartement/lyon-8eme/Atmbv91vg18ydj4p,https://lb1.vizzit.com/276804a/Atmbv91vg18ydj4p/Photos/Atmbv91vg18ydj4p_1.jpg?639258237750000000,2026-09-28
Lyon 8ème (Rhône),760 €/mois,35 m² - 2 pièces,"T1 BIS MEUBLÉ AVEC PARKING – LYON 8e – AVENUE VIVIANI À louer, T1 bis meublé de 34 m², situé avenue Viviani, dans le 8e arrondissement de Lyon. L’appartement se compose de : Une entrée avec placard Une cuisine entièrement équipée avec plaque de cuisson, réfrigérateur, four, micro-ondes et lave-linge Un séjour avec coin nuit Une salle de bains avec WC Une place de parking privative complète ce bien ? Un emplacement pratique Le logement est situé à proximité des commerces et des transports en commun : ? Tram T4 – arrêt États-Unis Viviani ? Bus C25 et C26 ? Loyer Loyer hors charges : 670€ / mois Charges : 90€ / mois Les charges comprennent : Chauffage collectif Eau froide Eau chaude ➡️ Loyer charges comprises : 760 € / mois ? Dépôt de garantie : 1 330 € ? Encadrement des loyers Logement situé en zone soumise à l’encadrement des loyers. Pour un logement de 34 m², les références sont : Loyer de référence : 16,70 €/m², soit 567,80 € / mois Loyer de référence majoré : 20,00 €/m², soit 680 € / mois Pour plus de renseignements, n’hésitez pas à me .",https://www.vizzit.fr/fr/property/appartement/lyon-8eme/Adba6inkvkzthz6e,https://lb1.vizzit.com/276804a/Adba6inkvkzthz6e/Photos/Adba6inkvkzthz6e_1.jpg?639258236230000000,2026-09-28
Lyon 8ème (Rhône),1 445 €/mois,79 m² - 4 pièces - 3 chambres,"Appartement Secteur Monplaisir/sans soucis - 4 pièces en Duplex - Chauffage et eau chaude comprise - Garage privatif en sous sol sécurisé - Il se compose d'un séjour ouvrant sur un balcon à vivre, d'une cuisine indépendante, de 3 chambres de belles taille à l'étage, d'une une salle de bains avec meuble vasque double et de 2 WC- Un garage privatif sera à votre disposition. Secteur très demandé rue Saint Fulbert. Référence annonce : FL Date de réalisation du diagnostic : Honoraires à la charge du locataire : 1046 € TTC dont 241 € pour l’état des lieux Dépôt de garantie : 1220 € Montant des charges : 225 € / mois Complément de loyer : 78 € / mois (inclus dans le loyer CC) A propos de la copropriété : Pas de procédure en cours Montant estimé des dépenses annuelles d'énergie pour un usage standard : entre 700 € et 1 000 € par an. Prix moyens des énergies indexés sur l'année 2021 (abonnements compris)",https://www.vizzit.fr/fr/property/appartement/lyon-8eme/Au31bunh8m6a1kjx,https://lb1.vizzit.com/546574a/Au31bunh8m6a1kjx/Photos/Au31bunh8m6a1kjx_1.jpg?639258235480000000,2026-09-28
Lyon 7ème (Rhône),1 281 €/mois,77 m² - 3 pièces - 2 chambres,"A LOUER Lyon 7ème rue du Repos, entre arrêt tram T2 Route de Vienne, et métro Garibaldi, F3 de 77m² dans résidences années 70 raccordée fibre optique, au 8ème étage avec ascenseur, une entrée, une cuisine indépendante, un séjour avec balcon, 2 chambres, une salle de bains, WC indépendant. Une cave complète le bien. Chauffage avec les eaux froide et chaude collectifs inclus dans les charges. Possibilité de stationnement en sus.",https://www.vizzit.fr/fr/property/appartement/lyon-7eme/Agqoj9n29bhq3a3z,https://lb1.vizzit.com/538559a/Agqoj9n29bhq3a3z/Photos/Agqoj9n29bhq3a3z_1.jpg?639259077650000000,2026-09-28
Lyon 8ème (Rhône),904 €/mois,44 m² - 2 pièces - 1 chambre,"Appartement Offre spéciale meublée - Honoraire location offert - Coup de cœur assuré et produit recherché !! Idéalement placé !!! Prix tout compris - Au pied des tramways T2 et T4, des bus et des commerces - Situé dans une belle résidence récente, en étage avec ascenseur, venez découvrir ce beau 2 pièces entièrement meublé avec goût. Il se compose d'une entrée, d'un séjour en parquet et sa cuisine ouverte carrelée, d'une chambre en parquet avec sa jolie et moderne salle de bains et wc séparé. Pour faire le plein d'économies, le chauffage, l'eau froide et l'eau chaude sont déjà compris dans les charges . Enfin pour plus de confort, vous bénéficierez d'un garage privatif. déposez votre dossier en ligne. Référence annonce : FL Date de réalisation du diagnostic : Dépôt de garantie : 1666 € Montant des charges : 71 € / mois A propos de la copropriété : Pas de procédure en cours Montant estimé des dépenses annuelles d'énergie pour un usage standard : entre 810 € et 1 150 € par an. Prix moyens des énergies indexés sur l'année 2021 (abonnements compris)",https://www.vizzit.fr/fr/property/appartement/lyon-8eme/A3nx5y78s5seh0mz,https://lb1.vizzit.com/546574a/A3nx5y78s5seh0mz/Photos/A3nx5y78s5seh0mz_1.jpg?639258234980000000,2026-09-28
Lyon 8ème (Rhône),1 130 €/mois,52 m² - 3 pièces - 2 chambres,"Particulier loue beau F3 entièrement refait à neuf et meublé de 52m2, avec balcon, garage et cave. Proche tout commerce. Equipement : Cuisine entièrement équipée (four, four micro-onde, lave-vaisselle, frigo-congélateur, plaque à induction, vaisselle en quantité suffisante Chambre 1: Lit 2 personnes, penderie Chambre 2 : Lit 2 personnes, bureau, penderie Salon : Canapé-lit en cuir, TV, table à manger avec 6 chaises. Salle de bain : baignoire, machine à laver. Chauffage et chauffe-eau électrique. Bloc climatisation mobile à disposition. Balcon : table + 2 chaises. Loyer charge comprise (eau incluse, électricité en sus). Internet Wifi à disposition. Libre de suite. Agence s'abstenir. Tramway T2 et T4 à proximité. Tramway T6 à 300m. Loyer : 1054€ HC Charge : 76€ Loyer charge comprise :1130€ Garage fermé possible en supplément : 80€ Diagnostique : Note Economie (D) Gaz à effet de Serre (B) Inclus dans les charges : Wi-Fi (fibre 100mb), eau froide .",https://www.vizzit.fr/fr/property/appartement/lyon-8eme/A6idt1xesej1im8r,https://lb1.vizzit.com/276804a/A6idt1xesej1im8r/Photos/A6idt1xesej1im8r_1.jpg?639258234840000000,2026-09-28
Lyon 7ème (Rhône),720 €/mois,18 m² - Studio,"New Home Now vous propose à la location un beau studio meublé entièrement refait à neuf situé dans le quartier Berthelot/Jean Macé au pied de l'arrêt de tramway Route de Vienne (T2), à 10 min à pied du campus de la manufacture des tabacs, et de l'arrêt de métro Jean Macé, de nombreux bus passent au pied de l'immeuble. Avenue Berthelot, 69007 Lyon Immeuble proche de toutes commodités : commerces, restaurants, pharmacie, boulangerie, ... Appartement très lumineux refait à neuf et entièrement meublé comprenant une grande cuisine toute équipée (four, plaque de cuisson, vaisselle, nombreux rangement...), un salon / coin nuit (Lit double, meuble TV, placard mural ...) , une salle de bain (avec douche à l’italienne et machine à laver). Loyer de 720€ charges comprises de 80€ (Eau, charges copropriété, taxe d'ordure ménagère). Chauffage individuel électrique et bonne isolation avec double vitrage. Immeuble fibré. Pour tous renseignements, photos complémentaires ou demande de visites, Merci de me par mail. Appartement disponible immédiatement Information d’affichage énergétique sur ce bien : DPE C Dépôt de garantie : 1 280€ (deux mois de loyer hors charges) Honoraires de mise en location : 234€TTC",https://www.vizzit.fr/fr/property/appartement/lyon-7eme/Aiqr2p32cebfqmah,https://lb1.vizzit.com/4245961a/Aiqr2p32cebfqmah/Photos/Aiqr2p32cebfqmah_1.jpg?639258234630000000,2026-09-28
Lyon 7ème (Rhône),1 455 €/mois,81 m² - 4 pièces - 3 chambres,"T4 A LOUER AVEC GARAGE ET PARKING- JEAN MACE- Proche des transports et commodités, grand appartement T4 comprenant une entrée avec placard, un séjour avec balcon , une cuisine aménagée ( avec plaque et hotte), 3 chambres avec placard, une salle de bains et un WC séparé. Un garage et une place de parking en sous-sol. PHOTOS A VENIR Zone soumise à encadrement des loyers Loyer de référence : 988,81 € HC/mois Loyer de référence majoré : 1.183,33 € HC/mois Complément de loyer : 151,67 € /mois ( garage, parking, balcon, cuisine aménagée) Les informations sur les risques auxquels ce bien est exposé sont disponibles sur le site Géorisques :",https://www.vizzit.fr/fr/property/appartement/lyon-7eme/Akslxhg15w337y9y,https://lb1.vizzit.com/69675a/Akslxhg15w337y9y/Photos/Akslxhg15w337y9y_1.jpg?639258315670000000,2026-09-28
Lyon 7ème (Rhône),1 177 €/mois,67 m² - 3 pièces - 2 chambres,"Lyon 7 proximité place Jean Macé - près des facs - Tramway Berthelot-Vienne Particulier loue appartement T3 traversant, au 1er étage, composé d'un Hall d'entrée, un Séjour avec balcon, une Cuisine indépendante avec balcon, deux chambres, d’une salle de bain et d’un wc séparé. Ce logement est complété par 1 place de parking en sous sol fermé, ainsi que par une grande cave. Complément : Appartement relié à la fibre Local à vélo dans l’immeuble Situé 21 rue 21 rue Cronstadt dans un quartier vivant et en pleine expansion avec : A deux pas : TRAM T2 (Arrêt Route de Vienne), Ecole maternel et primaire A quelques minutes à pied : le parc Blandan et la place Jean Macé (Métro B, commerces, Gare TER) Proche des Université Lyon 2 et Lyon 3 Surface : 67 m² Loyer :1177 € / mois (charges comprises) Montant des charges : 127€ / Dépôt de garantie : 1050 € Autres photos sur demande Lors de votre premier message, merci d’indiquer votre situation professionnelle, vos revenus nets mensuels, la date d’entrée souhaitée et la garantie dont vous disposez : garant physique ou Visale.",https://www.vizzit.fr/fr/property/appartement/lyon-7eme/A0y38ut846js959n,https://lb1.vizzit.com/276804a/A0y38ut846js959n/Photos/A0y38ut846js959n_1.jpg?639258233240000000,2026-09-28
Lyon 7ème (Rhône),1 049 €/mois,77 m² - 3 pièces - 2 chambres,"A LOUER - LYON 7ème rue du Repos, en face du Parc Blandan, proximité Tram Berthelot, et métro Garibaldi, F3 de 77m² au 1er étage avec ascenseur, dans résidences années 7O raccordé fibre optique, et bien entretenue, avec espaces verts communs, comprenant une entrée,, un séjour avec balcon, une cuisine indépendante, 2 chambres, une salle de bains, WC séparés. Chauffage et eaux collectifs inclus dans les charges. Location soumise à plafonds de ressources, bien vous munir de votre avis d'imposition 2024.",https://www.vizzit.fr/fr/property/appartement/lyon-7eme/A0fer9upbudh03xe,https://lb1.vizzit.com/538559a/A0fer9upbudh03xe/Photos/A0fer9upbudh03xe_1.jpg?639258355220000000,2026-09-28
Lyon 8ème (Rhône),520 €/mois,17 m² - Studio,"Au dernier étage, très lumineux et orienté plein sud, un studio de 17 m2 meublé et complètement rénové à neuf avec bail individuel ouvrant droit aux APL. Au 167, boulevard des Etats-Unis à Lyon 8ème. Tram et bus au pied de l'immeuble dans une résidence bien entretenue avec deux ascenseurs, un gardien, des espaces verts et des parkings fermés et 3 cabinets médicaux au RDC. Grace au Tram T4, l'université Lyon 3 Jean Moulin est à 7 minutes, et le Campus de la Doua est à 15 minutes. Correspondances avec les autres lignes de Tram, avec le Metro D, B et A. Le studio est composé d’une cuisine équipée, une salle de bain, une machine à laver. Il est équipé de lit double, armoire, bureau, chaise, étagères …. La cuisine, la SDB, les meubles et l'électroménager sont comme neufs. Le studio est à 520 € / mois. La location est toutes charges inclues comprises (dont électricité, chauffage, eau, Internet, assurance habitation...etc ). Honoraires à la charge du locataire : 120 € TTC Dépôt de garantie : 2 mois de loyer",https://www.vizzit.fr/fr/property/appartement/lyon-8eme/Audetfcqu70bc938,https://lb1.vizzit.com/276804a/Audetfcqu70bc938/Photos/Audetfcqu70bc938_1.jpg?639258232790000000,2026-09-28
Lyon 8ème (Rhône),844 €/mois,46 m² - 2 pièces - 1 chambre,"CONTACT UNIQUEMENT VIA MESSAGERIE LEBONCOIN, MERCI D'INDIQUER VOS COORDONNÉES TÉLÉPHONIQUES. 15 rue du professeur Morat 69008 Lyon - belle adresse à proximité du métro D - Laënnec et du tramway T6 - Mermoz Californie, toutes commodités à proximité - proximité immédiate de la faculté de Médecine Lyon EST. Dans un immeuble sécurisé, bien entretenu et dans un secteur extrêmement calme- Au 3ème étage, beau T2 lumineux de 46.05m2 entièrement meublé composé d’un salon donnant sur une cuisine ouverte équipée (frigo, plaques, four), d’une chambre, d’une salle d’eau avec lave-linge, d’un WC séparé et d’un balcon. Chauffage et production d’eau chaude individuel électrique. Loyer hors charges : 784€ / mois Provision pour charges : 60€ / mois Dépôt de garantie : 1568 € Honoraires : 598.65€ Zone soumise à l’encadrement des loyers : Loyer majoré plafonné : 824 euros / mois Complément de loyer : Pas de complément Montant estimé des dépenses annuelles d'énergie pour un usage standard : entre 1370 euros et 1860 euros par an. Prix moyens des énergies indexés sur l'année 2021 (abonnements compris).",https://www.vizzit.fr/fr/property/appartement/lyon-8eme/A0pe9c4eehji0j8k,https://lb1.vizzit.com/4246304a/A0pe9c4eehji0j8k/Photos/A0pe9c4eehji0j8k_1.jpg?639258232510000000,2026-09-28
Lyon 8ème (Rhône),1 000 €/mois,45 m² - 2 pièces,"Appartement T2 meublé, sans honoraire. Localisé proche de la station Dauphiné - Lacassagne (T3). Cet appartement (2 pièces) propose d'une possibilité de stationnement. Surface : 45 m² Loyer : 1000 € cc DPE D.",https://www.vizzit.fr/fr/property/appartement/lyon-8eme/A1xkk3avtcs3nft9,https://lb1.vizzit.com/276804a/A1xkk3avtcs3nft9/Photos/A1xkk3avtcs3nft9_1.jpg?639259063450000000,2026-09-28
Lyon 8ème (Rhône),500 €/mois,17 m² - Studio,"Secteur Lyon-Bachut - dans immeuble récent calme et sécurisé, particulier loue studio entièrement rénové et équipé. Etage élevé vue dégagée. Proximité immédiate tramway Avenue Berthelot et toutes commodités. Merci d'indiquer vos coordonnées téléphoniques pour plus de renseignements ou visite",https://www.vizzit.fr/fr/property/appartement/lyon-8eme/Ad2hxyfau3m4aams,https://lb1.vizzit.com/276804a/Ad2hxyfau3m4aams/Photos/Ad2hxyfau3m4aams_1.jpg?639258232000000000,2026-09-28
Lyon 7ème (Rhône),1 362 €/mois,80 m² - 3 pièces - 2 chambres,"Au sein d'un bel immeuble bien entretenu et à proximité des commerces de transports, nous vous présentons ce joli T3 NON meublé de 80.01 m². L'appartement se compose d'une entrée, d'une grande pièce à vivre de 35 m² avec cuisine ouverte aménagée e... Voir plus Au sein d'un bel immeuble bien entretenu et à proximité des commerces de transports, nous vous présentons ce joli T3 NON meublé de 80.01 m². L'appartement se compose d'une entrée, d'une grande pièce à vivre de 35 m² avec cuisine ouverte aménagée et équipée, d'une salle d'eau, d'un W.C séparé et de deux chambres de 9 m² et 11 m². Le chauffage et l'eau chaude sont individuels électriques. DISPONIBLE LE 6 OCTOBRE ! LOYER : 1362CC dont 60€ de provision pour charges mensuelles avec régularisation annuelle. Les charges comprennent l'entretien des parties communes. HONORAIRES : 807€ + 242€ de frais d'état des lieux entrant et sortant. Loyer calculé selon le Décret n° du 2 septembre 2021 fixant le périmètre du territoire de la métropole de Lyon sur lequel est mis en place le dispositif d'encadrement des loyers prévu à l'article 140 de la loi n° du 23 novembre 2018 portant évolution du logement, de l'aménagement et du numérique. Voir moins",https://www.vizzit.fr/fr/property/appartement/lyon-7eme/A88m5c3zl0xjl640,https://lb1.vizzit.com/85533a/A88m5c3zl0xjl640/Photos/A88m5c3zl0xjl640_1.jpg?639258241700000000,2026-09-28
Lyon 3ème (Rhône),1 390 €/mois,74 m² - 3 pièces - 2 chambres,"À louer, dans une résidence calme et très bien entretenue, T3 meublé de 74 m² situé au 3e étage avec ascenseur, à environ 7 minutes à pied du métro Monplaisir-Lumière. L'appartement se compose d'une belle pièce de vie avec cuisine ouverte entièrement équipée et îlot central, donnant accès à un grand balcon de 13 m² exposé ouest. Il dispose de 2 chambres, dont une chambre de 13 m², ainsi que de nombreux rangements. La seconde chambre peut également être aménagée en bureau selon les besoins. Appartement entièrement meublé et équipé : réfrigérateur/congélateur, plaques de cuisson, four, micro-ondes, lave-vaisselle, lave-linge, vaisselle et ustensiles de cuisine, literie, mobilier et équipements d'entretien. Les + du logement - Balcon de 13 m² exposé ouest - Appartement très calme, sans nuisance de rue - Cuisine récente et équipée avec îlot central - Nombreux rangements - Résidence bien entretenue de standing - Cave privative de 6 m² - Place de stationnement extérieure privative - Ascenseur - Environ 7 min à pied du métro Monplaisir-Lumière Loyer et charges: Loyer hors charges : 1 295 € / mois Forfait de charges : 95 € / mois Loyer charges comprises : 1 390 € / mois Dépôt de garantie : 2 590 € Démarche pour premier contact, merci d'indiquer: - Vos coordonnées (nom, prénom, téléphone, e-mail) - Votre profil (situation professionnelle : étudiant / salarié, cursus) et celui du ou des garants Zone soumise à encadrement des loyers Loyer de référence : 1 080,40 € / mois hors charges Loyer de référence majoré : 1 295,00 € / mois hors charges Loyer de base : 1 295,00 € / mois hors charges Complément de loyer : 0 € Performance énergétique DPE : D GES : A Montant estimé des dépenses annuelles d'énergie pour un usage standard : entre 920 € et 1 270 € par an. Prix de l'énergie de référence : 1er janvier 2021.",https://www.vizzit.fr/fr/property/appartement/lyon-3eme/Aeyglsfspf1c9b0j,https://lb1.vizzit.com/276804a/Aeyglsfspf1c9b0j/Photos/Aeyglsfspf1c9b0j_1.jpg?639258221180000000,2026-09-28
Lyon 8ème (Rhône),725 €/mois,33 m² - Studio,"Lyon 08 non loin des transports. Studio meublé de 33 m², disponible pour un loyer de 725 € charges incluses. Le locataire dispose d'un local de stockage, d'un ascenseur, d'une possibilité de stationnement. Pas loin de la station États-Unis Viviani (T4).",https://www.vizzit.fr/fr/property/appartement/lyon-8eme/Ay4tumfdtveip2bj,https://lb1.vizzit.com/3236804a/Ay4tumfdtveip2bj/Photos/Ay4tumfdtveip2bj_1.jpg?639258184050000000,2026-09-28
Lyon 8ème (Rhône),1 160 €/mois,79 m² - 3 pièces,"75 RUE PHILIPPE FABIA - 69008Au 5ème étage d'un immeuble avec ascenseur, cet appartement meublé de 3 pièces offre un cadre de vie agréable et fonctionnel. Une entrée avec rangements ouvre sur un séjour lumineux, prolongé par une cuisine indépendante. Deux chambres complètent l'ensemble, accompagnées d'une salle d'eau avec W.C. séparés. Chauffage et eau chaude collectifs au gaz. La location pourra être déléguée à Foncia Développement et Location.",https://www.vizzit.fr/fr/property/appartement/lyon-8eme/Ae2vlexhvckbe3r4,https://lb1.vizzit.com/4185573a/Ae2vlexhvckbe3r4/Photos/Ae2vlexhvckbe3r4_1.jpg?639258179090000000,2026-09-28
Lyon 5ème (Rhône),600 €/mois,20 m² - 1 pièce,"Rue Juiverie dans le charmant quartier de Vieux-Lyon, proche de toutes commodités et du métro Ligne D (Arrêt 'Vieux Lyon'), découvrez ce studio situé au 4ème étage avec ascenseur. Entièrement rénové, ce logement se compose d'une pièce principale avec cuisine ouverte équipée et aménagée (meubles hauts et bas, plaque de cuisson, arrivée d'eau et évacuation pour branchement machine à laver), et d'une salle d'eau avec WC. Chauffage et eau chaude individuels électriques. L'eau froide est individuelle. Logement soumis à l'encadrement des loyers : - Loyer de référence : 359,04 € - Loyer de référence majoré : 430,44 € Contact : Axelle",https://www.vizzit.fr/fr/property/appartement/lyon-5eme/A7pbux0zo3p18la7,https://lb1.vizzit.com/2635049a/A7pbux0zo3p18la7/Photos/A7pbux0zo3p18la7_1.jpg?639257975200000000,2026-09-28
Lyon 3ème (Rhône),950 €/mois,36 m² - Studio,"A louer, studio meublé de 36 m² situé à Lyon, dans le 3è arrondissement, proche métro Garibaldi & gare Part Dieu. Il fait partie d'une résidence dans un quartier calme donnant sur le parc Jacob Kaplan, la rue étant réservé à la circulation des habitants seulement. Le studio, situé au RDC, comprend une pièce principale lumineuse, une salle de bain avec baignoire, une cuisine équipée et séparée, et un dressing indépendant. L'agencement permet une bonne séparation des espaces de vie et de repos. Cet appartement a été entièrement refait à neuf il y a 12 mois et tout le mobilier, neuf, a également 12 mois. Un parquet massif en chêne a été complètement changé et posé en Septembre. Dans la résidence: - 1 place de parking dans le parking sous terrain de la résidence, est comprise avec le bien (accès via ascenseur ou escalier) - Ascenseur - Cuisine équipée et séparée - Bien complètement meublé. Mobilier de moins de 12 mois. Machine à laver et réfrigérateur inclus. Chauffage individuel. Classe énergie E - Classe climat B. Studio disponible dès maintenant. Contactez-moi pour plus d'informations ou pour organiser une visite. Dossiers complets uniquement acceptés. Location en direct, agences s'abstenir. Merci.",https://www.vizzit.fr/fr/property/appartement/lyon-3eme/A0mlcf8j8svfz1lx,https://lb1.vizzit.com/14576a/A0mlcf8j8svfz1lx/Photos/A0mlcf8j8svfz1lx_1.jpg?639257835420000000,2026-09-28
Lyon 6ème (Rhône),690 €/mois,26 m² - 1 pièce,"BOULEVARD ANATOLE FRANCE 69006 LYON - METRO MASSENA Proche de toutes les commodités, commerces et transports en commun Appartement T1 de 26.87 m² au 3ème étage composé d'une entrée, d'une cuisine aménagée et équipée (éléments hauts, plaque de cuisson, réfrigérateur), d'un séjour donnant sur un balcon de 5.61 m², d'une salle d'eau avec wc et d'un cellier (emplacement machine à laver). Bien soumis à l'encadrement des loyers : - Loyer de référence : 513.22 € - Loyer de référence majoré : 615.32 € - Complément de loyer : 24.68 € (balcon) Contact : Pauline",https://www.vizzit.fr/fr/property/appartement/lyon-6eme/A8fqls594dvaih22,https://lb1.vizzit.com/2635049a/A8fqls594dvaih22/Photos/A8fqls594dvaih22_1.jpg?639257690820000000,2026-09-28
Lyon 7ème (Rhône),683 €/mois,29 m² - 1 pièce,"Au 5ème étage avec ascenseur, découvrez ce joli appartement de 29m² composé d'une cuisine ouverte d'un séjour avec alcôve faisant office de chambre, et d'une salle d'eau avec WC. Logement soumis à l'encadrement des loyers : Loyer de référence : 498,29 € Loyer de référence majoré: 597,37 € Complément de loyer : 65,63 € se justifiant par le calme, la luminosité et l'absence de vis-à-vis. Contact : Axelle",https://www.vizzit.fr/fr/property/appartement/lyon-7eme/Audjmn5mvkcp8gki,https://lb1.vizzit.com/2635049a/Audjmn5mvkcp8gki/Photos/Audjmn5mvkcp8gki_1.jpg?639258254480000000,2026-09-28
Lyon 6ème (Rhône),1 600 €/mois,40 m² - 2 pièces - 1 chambre,"RESIDENCE LES EUMENIDES RESIDENCE SENIOR Découvrez ce T2 au 6ème étage avec ascenseur d'une superficie de 40 m2, il se compose d'une entrée, d'un grand séjour donnant sur une terrasse, d'un coin kitchenette, d'une chambre avec placard et d'une salle d'eau avec WC. Détail des prestations de la résidence : Contact : Madame Marine GUINAND .",https://www.vizzit.fr/fr/property/appartement/lyon-6eme/A53dmczq3lq916be,https://lb1.vizzit.com/2635049a/A53dmczq3lq916be/Photos/A53dmczq3lq916be_1.jpg?639257690820000000,2026-09-28
Lyon 8ème (Rhône),910 €/mois,46 m² - 2 pièces - 1 chambre,"Appartement de type 2 de 46.76m2 au 3ème étage avec ascenseur, situé Rue des Alouettes 69008 LYON. Il se compose d'un hall d'entrée avec rangements, de WC séparés, un séjour ouvert sur une cuisine donnant sur un balcon, d'une chambre et d'une salle de bains attenante. L'appartement est loué avec un garage et une cave. A proximité immédiate de la station de métro D arrêt Monplaisir Lumière, du Tramway T2 et de la place Ambroise Courtois. Disponible Loyer de référence majoré (loyer de base à ne pas dépasser): 806€ loyer de base: 806€ complément de loyer: 54€.",https://www.vizzit.fr/fr/property/appartement/lyon-8eme/Azv3hykdeaq4igan,https://lb1.vizzit.com/239955a/Azv3hykdeaq4igan/Photos/Azv3hykdeaq4igan_1.jpg?639257644620000000,2026-09-28
Lyon 8ème (Rhône),1 260 €/mois,69 m² - 3 pièces - 2 chambres,"A LOUER - T3 DE 69.92 M2 A LYON 8, AVENUE JEAN MERMOZ - Magnifique appartement à louer à Lyon (69008), situé dans le quartier de Mermoz. Ce charmant appartement de 3 pièces bénéficie d'une surface habitable de 69,92 m². Situé dans un immeuble récent avec ascenseur, ce bien dispose d'une pièce de vie ouverte sur une cuisine équipée, toutes deux donnant sur une belle terrasse offrant une vue dégagée, ainsi que de deux chambres et d'une salle d'eau. Un garage en sous-sol est mis à disposition avec la location. Vous serez séduit par la luminosité de cet appartement, grâce à ses grandes fenêtres offrant une vue dégagée. Idéalement situé dans une résidence sécurisée, vous pourrez profiter de tout le confort nécessaire pour une vie agréable au quotidien. La proximité des commerces, des transports en commun et des écoles en fait un emplacement idéal pour les familles. Ne ratez pas cette belle opportunité et contactez-nous dès maintenant pour plus d'informations ou pour organiser une visite. Ce bien rare sur le marché saura vous séduire par ses caractéristiques uniques. Le chauffage est individuel électrique. L'eau est collective électrique. Loyer mensuel charges comprises 1 464.00€ dont 204.00€ de provisions sur charges (soumis à régularisation annuelle). Diagnostic Energétique: C COMPLEMENT DE LOYER A HAUTEUR DE 211.20€ POUR CLIMATISATION, TERRASSE ET GARAGE LOYER SOUMIS A ENCADREMENT DES LOYERS: LOYER REFERENT: 12.50€M² (soit 874.00€) / LOYER MAJORE: 15.00€M² (soit 1048.80€) DEPOT DE GARANTIE: 1 260.00€ HONORAIRES LOC: 705.49€ (10.09€/m²) ET 211.86€ POUR ETAT DES LIEUX (3.Loyer de 1 464,00 euros par mois charges comprises dont 204,00 euros par mois de provision pour charges (soumis à la régularisation annuelle). Les honoraires charge locataire sont de 917,35 euros ( soit 13,12 euros/m² ) dont 211,86 euros pour état des lieux ( soit 3,03 euros/m² ). Montant estimé des dépenses annuelles d'énergie pour un usage standard: entre 1 160 et 1 620 euros. Prix moyens des énergies indexés en 2023. Zone soumise à encadrement des loyers. Le loyer de base du bien proposé est de 1 260 euros, le loyer de référence majoré (fixé par arrêté préfectoral) est de 874 euros et le complément de loyer est de 211,2 euros par mois.",https://www.vizzit.fr/fr/property/appartement/lyon-8eme/Ayiettl049cq8v42,https://lb1.vizzit.com/4239008a/Ayiettl049cq8v42/Photos/Ayiettl049cq8v42_1.jpg?639257639990000000,2026-09-28
Lyon 8ème (Rhône),950 €/mois,49 m² - 2 pièces,"Découvrez cet appartement de 2 pièces de 50 m² à Lyon (69008). Il est situé au 4e étage d'un immeuble avec ascenseur. Son intérieur inclut une entrée, une cuisine aménagée équipée, une salle d'eau, une pièce à vivre, une alcôve et des toilettes. Cet appartement est équipé d'un chauffage individuel électrique. Disponible à partir de mi-juillet. LOYER CC / mois: 950 € dont 26 € de provisions pour charges - Honoraires charge locataire: 539 € dont 147 € TTC pour état des lieux - Dépôt de garantie: 924 € Réf. : LA2332 Coline GIROUD - - Retrouvez toutes nos annonces sur notre site: Honoraires de 539 € TTC à la charge du locataire comprenant 147 € TTC pour l'état des lieux. Zone soumise à encadrement des loyers. Loyer de référence majoré (loyer de base à ne pas dépasser) 1045.51 €/mois. Loyer de base 924 €/mois. Provision sur charges 26 €/mois, régularisation annuelle. Dépôt de garantie 924 €. Classe énergie D, Classe climat C Montant moyen estimé des dépenses annuelles d'énergie pour un usage standard, établi à partir des prix de l'énergie de l'année 2021: entre 840.00 et 1190.00 €.",https://www.vizzit.fr/fr/property/appartement/lyon-8eme/Aar7n6wrtqjz78i9,https://lb1.vizzit.com/4239008a/Aar7n6wrtqjz78i9/Photos/Aar7n6wrtqjz78i9_1.jpg?639257632860000000,2026-09-28
Lyon 8ème (Rhône),777 €/mois,42 m² - 2 pièces - 1 chambre,"Proche avenue des Frères Lumière, T2 de 42.59m², au 2ème étage, rue St Nestor, Lyon 8 Séjour carrelé (15m²), cuisine indépendante et équipée, 1 chambre avec moquette (11m²), SDB et WC séparé. Balcon (7.5m²), rangements. Chauffage individuel électrique, eau chaude par cumulus et eau froide collective. Disponible: . DPE: C 145 / A 5 Montant estimé des dépenses annuelles d'énergie utilisés pour un usage standard: entre 640 € et 920 € par an Prix moyens des énergies indexés sur les années(abonnements compris) conformément à l'arrêté du 31 mars 2021 en vigueur lors de l'établissement du DPE Possibilité de louer un garage en sus pour 80€ par mois. - Loyer: 777 € /mois CC dont 77 € de provision pour charges locatives (régularisation annuelle) - Dépôt de garantie: 700 € - Honoraires à la charge du locataire: 558.78 € TTC dont 129.05 € pour l'état des lieux Zone soumise à encadrement des loyers: Loyer de référence: 617.56€ / Loyer majoré: 741.07€. Honoraires de 558,78 € TTC à la charge du locataire comprenant 129,05 € TTC pour l'état des lieux. Zone soumise à encadrement des loyers. Loyer de référence majoré (loyer de base à ne pas dépasser) 741.07 €/mois. Loyer de base 700.00 €/mois. Provision sur charges 77 €/mois, régularisation annuelle. Dépôt de garantie 700 €. Classe énergie C, Classe climat A Montant estimé des dépenses annuelles d'énergie pour un usage standard: entre 640.00 € et 920.00 € sur les années 2021, 2022 et 2023 (abonnements compris).",https://www.vizzit.fr/fr/property/appartement/lyon-8eme/Aucmty7fpi3izcug,https://lb1.vizzit.com/4239008a/Aucmty7fpi3izcug/Photos/Aucmty7fpi3izcug_1.jpg?639257552710000000,2026-09-28
Lyon 8ème (Rhône),723 €/mois,34 m² - Studio,"A voir absolument, Quartier Jets D'Eau, Av. de l'EUROPE, TRAM et nombreux commerces, Dans résidence récente, magnifique studio entièrement meublé avec goût, au 5ème étage avec ascenseur, de 34.11m², comprenant: une pièce principale avec coin cuisine équipée et meublée (frigo, four micro-ondes grill, plaques cuisson, lave-vaisselle), une salle d'eau et wc. Balcon de 11.75m². Loué avec un garage au sous-sol. Chauffage et eau collectifsDISPONIBLE LE 01.09. 2022 Honoraires de 443,43 € TTC à la charge du locataire comprenant 102,33 € TTC pour l'état des lieux. Zone soumise à encadrement des loyers. Loyer de référence majoré (loyer de base à ne pas dépasser) 736.78 €/mois. Loyer de base 650.00 €/mois. Provision sur charges 73 €/mois, régularisation annuelle. Dépôt de garantie 1 300 €. Classe énergie C, Classe climat C. Montant moyen estimé des dépenses annuelles d'énergie pour un usage standard, établi à partir des prix de l'énergie de l'année 2021: 310.00 €. Date de réalisation du DPE: .",https://www.vizzit.fr/fr/property/appartement/lyon-8eme/Ayni20nlh2nxb6l1,https://lb1.vizzit.com/4239008a/Ayni20nlh2nxb6l1/Photos/Ayni20nlh2nxb6l1_1.jpg?639257551140000000,2026-09-28
Lyon 8ème (Rhône),1 018 €/mois,57 m² - 3 pièces - 2 chambres,"À louer, appartement T3 de 58,17 m² comprenant une agréable pièce à vivre avec coin cuisine aménagée et semi équipée (plaque de cuisson et hotte), deux chambres, une salle de bains et des toilettes séparées. Le logement dispose également d'une terrasse offrant un espace extérieur appréciable. Charges comprenant l'entretien de la chaudière gaz, l'entretien de la VMC ainsi que l'entretien des parties communes de la copropriété. Honoraires de 756 € TTC à la charge du locataire. Zone soumise à encadrement des loyers. Loyer de référence majoré (loyer de base à ne pas dépasser) 872.00 €/mois. Loyer de base 842.00 €/mois. Provision sur charges 80 €/mois, régularisation annuelle. Complément de loyer 96 €/mois. Dépôt de garantie 842 €. Classe énergie C, Classe climat C Montant moyen estimé des dépenses annuelles d'énergie pour un usage standard, établi à partir des prix de l'énergie de l'année 2023: entre 432.00 et 584.00 €. Ce bien vous est proposé par un agent commercial (Entreprise individuelle). Votre conseiller Laforêt Cabinet Mermet: Manon Murro Agent commercial (Entreprise individuelle).",https://www.vizzit.fr/fr/property/appartement/lyon-8eme/Aznri8vdl21l56cq,https://lb1.vizzit.com/4239008a/Aznri8vdl21l56cq/Photos/Aznri8vdl21l56cq_1.jpg?639257533120000000,2026-09-28
Lyon 3ème (Rhône),1 758 €/mois,93 m² - 4 pièces - 3 chambres,"A proximité immédiate du quartier PAUL BERT/VILLETTE ET DE LA PLACE ROUGEST DE L'ISLE, dans quartier commerçant et dynamique, au coeur de la Résidence LA FLORENTINE, dans un écrin de verdure, nous vous proposons, au 5ème étage et bénéficiant d'une belle vue et d'une grande luminosité, un bel appartement familial de 94 m², de très bon standing, traversant récemment rénové. IL detaille un hall d'entree avec rangement intégré, un séjour ouvrant sur balcon de 12. m² à l'Est sur jardin, une cuisine indépendante totalement équipée, un dégagement nuit desservant une suite parentale (chambre, salle d'eau, dressing), une salle de bains contemporaine, des toilettes et un cellier. Le séjour et la suite parentale bénéficient d'une installation de climatisation, les huisseries sont en double vitrage, les stores électriques. Chauffage et eau collectifs. Le bien est complété par une cave et un garage en sous-sol. DPE DU Carte pro. ”.",https://www.vizzit.fr/fr/property/appartement/lyon-3eme/Adziemsazo2obw5k,https://lb1.vizzit.com/4239008a/Adziemsazo2obw5k/Photos/Adziemsazo2obw5k_1.jpg?639257530430000000,2026-09-28
Lyon 7ème (Rhône),590 €/mois,19 m² - Studio,"A LOUER! Studilodge vous propose un studio de 19.82m² au 2éme étage d'une résidence étudiante neuve (Livraison Juin 2022) meublé disposant de nombreux rangements, placards aménagés, étagères et penderies. Cet appartement est entièrement autonome grâce à sa kitchenette équipée d'un four à micro-onde, de plaques électriques et d'un réfrigérateur mais également de sa salle d'eau avec WC privatif, lavabo avec meuble vasque et cabine de douche. Prestation de services: internet WIFI illimité et gratuit, accueil, digicode, salle fitness, nettoyage du logement, laverie, salle commune et un espace jardin. A proximité de la Gare Jean Macé, Métro ligne B, arrêts Jean Jaurès et/ou Debourg, Tramway T2, centre commercial à 200 m, nombreux commerces. A voir absolument! Loyer mensuel 690TTC (chauffage collectif, eau chaude et eau froide compris), Dépôt de garantie: 450€, Frais de dossier: de 450€. Pour plus de renseignements contactez la résidence au 07.78. 51.21. 31 avec la référence suivante: SEVEN 2 - 208 Copropriété de 71 lots.",https://www.vizzit.fr/fr/property/appartement/lyon-7eme/A0cq4eukswdiaffr,https://lb1.vizzit.com/4239008a/A0cq4eukswdiaffr/Photos/A0cq4eukswdiaffr_1.jpg?639257533550000000,2026-09-28
Lyon 8ème (Rhône),680 €/mois,30 m² - Studio,"A LOUER - T1 MEUBLE de 30m2 - LYON 3 Rue Guilloud: Au sein d'un immeuble sécurisé et de standing, T1 MEUBLE de 30m2 bénéficiant d'un agréable balcon à vivre. Idéalement situé, à proximité des transports et des commerces l'appartement comprend une pièce de vie lumineuse, une cuisine semi-ouverte aménagée et équipée et une salle de bains carrelée avec WC. Charges comprises: entretien des espaces verts et des parties communes. Chauffage individuel au GAZ. DPE: D Disponible dès le 21/8/2026 Honoraires de 390 € TTC à la charge du locataire comprenant 90 € TTC pour l'état des lieux. Loyer de base 630.00 €/mois. Provision sur charges 50 €/mois, régularisation annuelle. Dépôt de garantie 1 260 €. Classe énergie D, Classe climat D Montant moyen estimé des dépenses annuelles d'énergie pour un usage standard, établi à partir des prix de l'énergie de l'année 2022: entre 520.00 et 760.00 €.",https://www.vizzit.fr/fr/property/appartement/lyon-8eme/Ayfpqu3yq367nbdz,https://lb1.vizzit.com/4239008a/Ayfpqu3yq367nbdz/Photos/Ayfpqu3yq367nbdz_1.jpg?639257518820000000,2026-09-28
Lyon 7ème (Rhône),950 €/mois,43 m² - 1 pièce,"LUMINEUX – LOGGIA – ASCENSEUR – PLACE DE PARKING – BELLE HAUTEUR SOUS PLAFOND – CHAUFFAGE ET EAU FROIDE INCLUS DANS LES CHARGES Ce loft d'environ 43 m² est situé au 2 € étage avec ascenseur d'un immeuble d'inspiration explicite de la « Cité Radieuse » de Le Corbusier. Idéalement situé, il se trouve à seulement 1 minute à pied de la place Saint-Louis et 5 minutes à pied de la place Jean Macé, desservie par le métro, le tramway et plusieurs lignes de bus du réseau TCL. Le logement se compose : - Au premier niveau : hall d'entrée, cuisine équipée (réfrigérateur, plaque de cuisson et lave-linge), WC et d'un magnifique salon cathédral donnant accès à une loggia - Au deuxième niveau : coin nuit, salle de bains et dressing. Le bien bénéficie d'une belle hauteur sous plafond et d'une place de parking. L'eau froide et le chauffage sont collectifs et inclus dans les provisions pour charges. Disponibilité : à compter du lundi 12 octobre 2026. Loyer appartement : 860 € / mois Provisions pour charges (charges de copropriété, eau froide et chauffage) : 90 € / mois Dépôt de garantie : 1 720 € Honoraires à la charge du locataire, plafonnés à 10,09 €/m² : 303,71 € Frais d'état des lieux, plafonnés à 3,03 €/m² : 131,32 € Zone soumise à l'encadrement des loyers : Loyer de référence majoré : 1 005,49 € / mois Loyer de base : 836,46 € / mois Vous pouvez consulter toutes nos offres sur notre site internet :",https://www.vizzit.fr/fr/property/appartement/lyon-7eme/Aoqp6cgip3r2jxp6,https://lb1.vizzit.com/85563a/Aoqp6cgip3r2jxp6/Photos/Aoqp6cgip3r2jxp6_1.jpg?639257475630000000,2026-09-28
Lyon 3ème (Rhône),500 €/mois,23 m² - 1 pièce,"A proximité de la place ROUGET DE LISLE et du tramway DAUPHINE-LACASSAGNE, F1 de 23,23 m² situé au 1er étage sans ascenseur, se composant d'une pièce d'entrée avec cuisine aménagée, d'une chambre, et d'une salle d'eau avec wc. Chauffage individuel électrique avec fenêtre double vitrage récent. Loyer de 500 € ( loyer 465 € + provision sur charges locatives 35 € ). Honoraires loi ALUR : 351,47 €.",https://www.vizzit.fr/fr/property/appartement/lyon-3eme/A5sf2zxvncp1gw5z,https://lb1.vizzit.com/584958a/A5sf2zxvncp1gw5z/Photos/A5sf2zxvncp1gw5z_1.jpg?639257474340000000,2026-09-28
Lyon 7ème (Rhône),495 €/mois,21 m² - Studio,"STUDIO EN LOCATION NUE AVEC CUISINE ÉQUIPÉE ET PLACARD Une cuisine équipée et un rangement intégré : cet appartement propose un intérieur aux tons clairs, comprenant une entrée, une pièce principale et une pièce d’eau avec sanitaires. Le logement est proposé en location nue. La pièce principale bénéficie d’une fenêtre à deux vantaux laissant entrer la lumière naturelle. Des appliques murales complètent l’éclairage. Le radiateur prend place sous la fenêtre, laissant les autres pans de mur disponibles pour votre mobilier. Un placard intégré complète cette pièce. Ce rangement fermé accueille vos vêtements et vos affaires personnelles, sans nécessiter l’installation immédiate d’une armoire supplémentaire. Dans l’entrée, le coin cuisine se situe en retrait. Cette disposition distingue l’espace de préparation des repas du séjour. La kitchenette comprend un évier, des plaques de cuisson et un réfrigérateur sous le plan de travail. Vous disposez ainsi des principaux équipements pour préparer et conserver vos repas dès votre installation. Des meubles hauts et bas complètent la cuisine . Les façades vertes apportent une touche de couleur à l’ensemble. La pièce d’eau avec sanitaires complète le logement. La location nue vous laisse le choix de votre couchage, de votre mobilier et de votre décoration, tout en conservant les équipements de cuisine et le placard existants.",https://www.vizzit.fr/fr/property/appartement/lyon-7eme/Asso25wp45wic7o2,https://lb1.vizzit.com/1240862a/Asso25wp45wic7o2/Photos/Asso25wp45wic7o2_1.jpg?639257469670000000,2026-09-28
Lyon 8ème (Rhône),1 039 €/mois,59 m² - 3 pièces - 2 chambres,"LYON 8, 216 Av Paul Santy, dans un immeuble sans ascenseur, au 2éme étage, T3 meublé de 59 m2 offrant une cuisine aménagée et équipée (Meubles haut et bhotte, four, plaque de cuisson, lave vaisselle, lave linge..) un salon/séjour avec canapé d'angle + TV ouvert sur un balcon 2 chambres avec grand lit tiroir 1 salle de bains avec grande douche à l'italienne toilettes séparées. Une cave compléte ce bien.Bien soumis à l'encadrement des loyers",https://www.vizzit.fr/fr/property/appartement/lyon-8eme/Ak2kzxtqwie2q32b,https://lb1.vizzit.com/263883a/Ak2kzxtqwie2q32b/Photos/Ak2kzxtqwie2q32b_1.jpg?639257461730000000,2026-09-28
Lyon 7ème (Rhône),743 €/mois,33 m² - 1 pièce,"03 BERTHELOT - A SAISIR 65 RUE DU REPOS, dans résidence de standing sécurisée au pied du tramway t2 (route de vienne). T1 bis entièrement meublé et aménagé de 34m² situé au rez-de-chaussée avec terrasse et jardin, il comporte une entrée, une pièce principale avec cuisine équipée et meublée, un séjour et un coin nuit séparé par des portes coulissantes. Placards aménagés. Salle de bain avec meubles sous vasque et lave linge. Wc indépendant. Parking en sous sol sécurisé. ZONE SOUMISE A ENCADREMENT DES LOYERS LOYER DE REFERENCE MAJORE (LOYER DE BASE A NE PAS DEPASSER) : 712.97 EUR LOYER DE BASE : 712.00 EUR Consommation d'énergie totale entre 500EUR et 720EUR par an (prix moyens des énergies indexés au ).",https://www.vizzit.fr/fr/property/appartement/lyon-7eme/Ax715m07iei4du3z,https://lb1.vizzit.com/69646a/Ax715m07iei4du3z/Photos/Ax715m07iei4du3z_1.jpg?639257460410000000,2026-09-28
Lyon 8ème (Rhône),1 114 €/mois,73 m² - 3 pièces - 2 chambres,"Situé au 8 rue des Alouettes, cet appartement offre un agencement fonctionnel et agréable. Il se compose d'une entrée avec placard, d'un séjour carrelé lumineux, ainsi que d'une cuisine ouverte et aménagée, équipée d'une plaque de cuisson gaz 4 feux et d'une hotte. L'espace nuit comprend une suite parentale avec accès direct la terrasse et une salle d'eau attenante, ainsi qu'une seconde chambre, une salle de bains et un WC indépendant. Le logement bénéficie d'un chauffage individuel au gaz. L'eau froide est provisionnée dans les charges. En complément, vous disposez d'une cave (n°24) et d'un garage (n°106) en sous-sol. Zone soumise encadrement des loyers. Loyer de référence : 914.50 € Loyer de référence majoré : 1098.88 € Ce logement est couvert par l'assurance garantie loyers impayés. Si ce bien vous intéresse, nous vous invitons déposer votre dossier de candidature sur notre site . Loyer de 1 114,00 euros par mois charges comprises dont 82,00 euros par mois de provision pour charges (soumis la régularisation annuelle). Les honoraires charge locataire sont de 967,60 euros ( soit 13,12 euros/m² ) dont 223,46 euros pour état des lieux ( soit 3,03 euros/m² ). Montant estimé des dépenses annuelles d'énergie pour un usage standard : entre 720 et 1010 euros. Prix moyens des énergies indexés en 2021. Zone soumise encadrement des loyers. Le loyer de base du bien proposé est de 1032 euros, le loyer de référence majoré (fixé par arrêté préfectoral) est de euros",https://www.vizzit.fr/fr/property/appartement/lyon-8eme/A943es9tf78c9gzk,https://lb1.vizzit.com/69550a/A943es9tf78c9gzk/Photos/A943es9tf78c9gzk_1.jpg?639257444860000000,2026-09-28
Lyon 8ème (Rhône),519 €/mois,19 m² - Studio,"T1 MEUBLÉ 69008 LYON - Idéalement situé dans le quartier dynamique de Lyon 8ème, ce studio fonctionnel au 5ème étage offre un cadre de vie pratique et agréable, parfait pour étudiants ou jeunes actifs à la recherche d'une adresse centrale. D'une surface de 19 m², cet appartement lumineux se compose d'une pièce principale bien agencée, d'un espace kitchenette et d'une salle d'eau. Situé au 83 D rue Laennec, il bénéficie de la proximité immédiate des commerces, des transports en commun et des universités, facilitant tous vos déplacements quotidiens. Ne manquez pas cette opportunité de vous installer dans un secteur recherché à un loyer attractif. Contactez-nous dès maintenant pour organiser une visite et découvrir votre futur chez-vous à Lyon 8ème. Loyer de 518,90 euros par mois charges comprises dont 20,00 euros par mois de provision pour charges (soumis à la régularisation annuelle). Les honoraires charge locataire sont de 249,28 euros ( soit 13,12 euros/m² ) dont 57,57 euros pour état des lieux ( soit 3,03 euros/m² ). DPE ANCIENNE VERSION. Montant estimé des dépenses annuelles d'énergie pour un usage standard : 555 euros. Prix moyens des énergies indexés en 2023.",https://www.vizzit.fr/fr/property/appartement/lyon-8eme/Ac5og8eqspqhzv1t,https://lb1.vizzit.com/68154a/Ac5og8eqspqhzv1t/Photos/Ac5og8eqspqhzv1t_1.jpg?639257430320000000,2026-09-28
Lyon 3ème (Rhône),1 070 €/mois,68 m² - 3 pièces - 2 chambres,"T3 LYON 69003 ACTE III - 52 rue Abbé Boisard 69003 LYON Clesev Immobilier vous propose à la location, dans le 3ème arrondissement de Lyon, au sein de la résidence récente Acte III, située au 52 rue Abbé Boisard, un agréable appartement de type T3 au 2ème étage. L'appartement se compose d'une entrée desservant une belle pièce de vie avec une cuisine ouverte sur le séjour. La cuisine est aménagée et équipée avec une hotte, des plaques de cuisson et un four. Le séjour, lumineux et convivial, bénéficie d'un accès direct à un balcon offrant un agréable espace extérieur. L'espace nuit se compose de deux chambres, dont une avec placard intégré, ainsi que d'une salle de bains. L'appartement dispose également d'un garage fermé en sous-sol, offrant un stationnement sécurisé et un espace de rangement supplémentaire. Situé dans le 3ème arrondissement, le logement bénéficie d'un emplacement pratique, à proximité des commerces, services et transports en commun. Le secteur permet de profiter facilement des commodités du quotidien tout en bénéficiant d'un accès rapide aux différents quartiers de Lyon et à leurs nombreux équipements. Le chauffage, l'eau chaude et l'eau froide sont compris dans les charges. Une provision mensuelle de 15 € au titre de la taxe d'enlèvement des ordures ménagères est à prévoir en supplément. Un appartement fonctionnel et confortable, idéal pour profiter d'un cadre de vie agréable au cœur de Lyon. Contactez-nous dès maintenant sur Seventee pour organiser une visite et découvrir votre futur logement !. Loyer de 1 070,00 euros par mois charges comprises dont 120,00 euros par mois de provision pour charges (soumis à la régularisation annuelle). Les honoraires charge locataire sont de 900,03 euros ( soit 13,12 euros/m² ) dont 207,86 euros pour état des lieux ( soit 3,03 euros/m² ). DPE ANCIENNE VERSION.",https://www.vizzit.fr/fr/property/appartement/lyon-3eme/Avmfzdsy6rjsqv3s,https://lb1.vizzit.com/3191423a/Avmfzdsy6rjsqv3s/Photos/Avmfzdsy6rjsqv3s_1.jpg?639257419510000000,2026-09-28
Lyon 3ème (Rhône),667 €/mois,35 m² - 1 pièce,"69003 - 251 rue Garibaldi, au sein d'une résidence sécurisée, découvrez ce T2 de 35,03 m², situé au 4ème étage avec ascenseur. Fonctionnel et agréable à vivre, l'appartement se compose d'une pièce de vie avec cuisine ouverte équipée, comprenant plaques de cuisson, hotte, four et four micro-ondes, d'une chambre avec accès direct à la salle de bains. WC séparés. Loyer = 634 € hors charges NOTRE AVIS : Un appartement fonctionnel et bien agencé, idéal pour une personne seule ou un couple, à proximité des commodités et des transports lyonnais.",https://www.vizzit.fr/fr/property/appartement/lyon-3eme/Ahjmg92ix75rwkcx,https://lb1.vizzit.com/275163a/Ahjmg92ix75rwkcx/Photos/Ahjmg92ix75rwkcx_1.jpg?639258162780000000,2026-09-28
Lyon 8ème (Rhône),626 €/mois,17 m² - Studio,"Appartement de type studio, entièrement meublé, situé Route de Vienne 69008 Lyon. Ce bien d'une superficie de 17m², comprend, pièce principale avec coin cuisine entièrement équipée et aménagée, une salle de douche avec toilettes. Appartement au calme, sur jardin intérieur. Chauffage individuel électrique, eau chaude par cumulus. Proche de toutes commodités et transports en commun. Loyer : 601€ Charges : 25€ Dépôt de garantie : 1 202€ Honoraires : 500€ Pour plus de renseignements et/ou visites merci de nous . CHm Administrateur de Biens",https://www.vizzit.fr/fr/property/appartement/lyon-8eme/Ah6k9h2wug4x3010,https://lb1.vizzit.com/918091a/Ah6k9h2wug4x3010/Photos/Ah6k9h2wug4x3010_1.jpg?639257369420000000,2026-09-28
Lyon 8ème (Rhône),2 200 €/mois,125 m² - 8 pièces - 5 chambres,"À louer, appartement meublé F6 situé au 1er étage d’une maison, dans un environnement agréable et pratique. 450€ par personne tout compris rien à rajouter 1900+ 300 de charges (électricité gaz chauffage..) rien à rajouter ? Composition : 5 chambres 1 salon 1 salle de bain 1 WC Appartement entièrement meublé ? Charges comprises Toutes les charges sont incluses dans le loyer : Électricité Eau Gaz Chauffage ? Emplacement L’appartement se trouve à seulement 5 minutes à pied du métro Laennec, offrant un accès facile aux transports et aux commodités. ? Pour plus d’informations ou pour organiser une visite, merci de me .",https://www.vizzit.fr/fr/property/appartement/lyon-8eme/Atk47w3rs2pdimrx,https://lb1.vizzit.com/276804a/Atk47w3rs2pdimrx/Photos/Atk47w3rs2pdimrx_1.jpg?639257369190000000,2026-09-28
Lyon 7ème (Rhône),675 €/mois,25 m² - Studio,"À louer, agréable studio non meublé de 25 m² dans le quartier de la Guillotière à Lyon 7e. Conviendrait pour étudiant ou jeune actif, cet appartement offre un cadre de vie pratique et fonctionnel à proximité immédiate des commerces, transports et services. Au 1er étage d'un petit immeuble calme de 3 étages, l'appartement bénéficie d'une vue agréable sur une cour intérieure arborée, garantissant calme et tranquillité. L'appartement est en très bon état. Faibles charges. Le logement comprend : - Une entrée - Une pièce de vie lumineuse avec grand placard mural - Une cuisine équipée avec plaque vitrocéramique - Une salle d'eau avec cabine de douche - Un WC indépendant Équipements et prestations : - Double vitrage - Chauffage électrique individuel avec régulation - Cumulus électrique - Compteur HP/HC - VMC - Nombreux rangements - (Climatisation à l'étude) Localisation - Sur un axe majeur du quartier de la Guillotière à proximité des rues Rachais et de la Madeleine - Accès rapide aux commerces, bus, métro et stations Vélo'v - Emplacement très central. Informations complémentaires - Classe énergie : D - Classe climat : B - Disponibilité : septembre 2026 - Loyer : 675 € charges comprises - Prévoir frais honoraires : constitution du dossier et rédaction du bail - Garants et références exigés Pour toute demande de visite, merci de présenter brièvement votre situation (professionnelle ou étudiante). Les visites seront organisées après étude de votre dossier de location.",https://www.vizzit.fr/fr/property/appartement/lyon-7eme/Alb6bngj281yyw0k,https://lb1.vizzit.com/276804a/Alb6bngj281yyw0k/Photos/Alb6bngj281yyw0k_1.jpg?639257368610000000,2026-09-28
Lyon 7ème (Rhône),975 €/mois,44 m² - 2 pièces - 1 chambre,"65 RUE RACHAIS Quartier JEAN MACÉ, proche des transports et commodités. Découvrez cet appartement T2 MEUBLÉ au 1er étage avec ascenseur. Il se compose d'une entrée, d'une pièce de vie lumineuse avec cuisine ouverte, aménagée et équipée (four, lave-vaisselle, plaque de cuisson, hotte, réfrigérateur) s'ouvrant sur une terrasse donnant sur une vue arborée, d'une chambre avec placard, d'une salle de bains attenante et d'un WC indépendant. Une place de parking en sous-sol vient compléter ce bien.",https://www.vizzit.fr/fr/property/appartement/lyon-7eme/A5yree12svi7e2jz,https://lb1.vizzit.com/316843a/A5yree12svi7e2jz/Photos/A5yree12svi7e2jz_1.jpg?639257468220000000,2026-09-28
Lyon 7ème (Rhône),600 €/mois,60 m² - 3 pièces - 2 chambres,!Je suis ni propriétaire ni Professionnel de location ! !! Échange uniquement entre logement Social à logement Social à respecter !! Si vous n’êtes pas logement social ne pas m’envoyer de message merci ? !! Je propose d’échanger cet appartement social si vous habitez les secteurs suivants : Genas - Brignais - Mions - Chaponost -Saint Genis laval- Craponne - Saint Rambert - Saint Cyr au mont d’or-Saint romain en mont D’or -Lyon 9 coté Saône -Francheville -Caluire . Je recherche un F3/F4 uniquement. entre 600€/800€ de Loyer L’appartement est non meublé de 3 pièces de 60 m² situé à Lyon 7 secteur Gerland. Cet immeuble de 4 étages offre un cadre de vie agréable. Cet appartement comprend 2 chambres et 1 salle de bain équipée d'une baignoire. La cuisine est équipée. L'appartement bénéficie d'une belle luminosité naturelle. - Cuisine équipée - Baignoire - Interphone - Place de parking - Gardien - Chauffage individuel Classe énergie et classe climat non renseignées. N'hésitez pas à me pour plus d'informations ou pour organiser une visite.,https://www.vizzit.fr/fr/property/appartement/lyon-7eme/Ayokusy9bs72x7zl,https://lb1.vizzit.com/276804a/Ayokusy9bs72x7zl/Photos/Ayokusy9bs72x7zl_1.jpg?639257367050000000,2026-09-28
Lyon 8ème (Rhône),706 €/mois,40 m² - 2 pièces - 1 chambre,"LYON 8 / Rue du Général Gouraud / transports et commerces à proximité, Appartement entièrement rénové de type 2 de 40,48m² situé au 3ème et dernier étage, traversant composé d'un séjour/cuisine incluant une cuisine meublée et équipée d'une plaque de cuisson , d'une hôte aspirante et un four, d'une chambre à coucher donnant sur la cour intérieur au calme ,d'une salle de bains, WC séparé, A noter que le stationnement est gratuit dans la rue. Eau froide individuel , production eau chaude et chauffage individuel électrique Loyer de 651,00 Euros € + 55,00 € de provisions sur charges Ce bien immobilier est situé dans une zone soumise à l'encadrement des loyers Loyer de base : 13,4€ /m² mensuel hors charges soit 542,43 Euros € Loyer de référence majoré (loyer de base à ne pas dépasser) :651,73 Euros € /m² mensuel hors charges soit 953,04€ Disponible immédiatement Conditions de location : revenus équivalent à 3 mois de loyers charges comprises. Pas de garant (sauf étudiants). Dossier à déposer sur la plateforme FLATBAY. Référence interne : 9RUEDUGENERALGOURAUD",https://www.vizzit.fr/fr/property/appartement/lyon-8eme/Agg5kpx0dgri14n7,https://lb1.vizzit.com/264215a/Agg5kpx0dgri14n7/Photos/Agg5kpx0dgri14n7_1.jpg?639257529480000000,2026-09-28
Lyon 8ème (Rhône),725 €/mois,33 m² - 2 pièces - 1 chambre,"pour la video de l'appartement rendez-vous sur youtube: T1 meublé de 33m² avec parking privé et cave / 5ème étage - libre au 23 /09/2026 T1 33m² meublé vue imprenable sur Lyon L'appartement est sur un pallier avec 2 autres résidents. très calme, très bien équipé. visite possible le week end loyer : 610€ charges : 115 € (chauffage collectif, eau froide, eau chaude, ménage des communs, ascenseur, entretiens des jardins) - a votre charge internet et votre electricité 2 mois de cautions loyer hors charges demandés meublé avec TV, cuisine équipée, salle de bains avec baignoire, placard à l'entrée, machine nespresso, four avec plaque de cuisson, hotte aspirante, lit double 160cm, canapé 2 places, table basse, tapis vue imprenable sur Lyon, exposé sud sud ouest, pas de vis à vis, ascenseur, place de parking securisée et attitrée, accès par vigik et bip portail 5eme etage sur 6 - au calme adresse : au 53 avenue viviani 69008 LYON Mode doux accés direct à IKEA Parilly & Leroy Merlin Ligne D metro via station arret metro PARILLY station velo-V proche accès rocade est, A43, A7, M7, quartier en pleine expansion accès école, pharmacie, boucherie, tabac presse et toutes les commodités à 800m documents nécessaires pour toute étude de votre dossier : carte d'identité, fiche d'imposition, derniers salaires (pour vous et garants éventuels) 2 mois de loyer de caution merci d'envoyer votre dossier complet par e-mail",https://www.vizzit.fr/fr/property/appartement/lyon-8eme/A8vcjwkai2fjt6ip,https://lb1.vizzit.com/276804a/A8vcjwkai2fjt6ip/Photos/A8vcjwkai2fjt6ip_1.jpg?639257365190000000,2026-09-28
Lyon 8ème (Rhône),700 €/mois,35 m² - 2 pièces - 1 chambre,"Petit duplex calme et reposant proche Monplaisir Petit duplex situé à proximité des hôpitaux (hôpital Édouard Herriot, du centre Léon Bérard et de l hôpital jean Mermoz), des écoles ( faculté de médecine, écoles d infirmière) et des transports ( bus, métro ligne D direction la presque île en 15min, ou Mermoz pur navette aéroport, et tram notamment T5 direction Eurexpo ou navette pour le stade ) Ambiance cosy Propre et lumineux Calme, sans vis à vis Petit immeuble de deux étages la cuisine est équipée d ? Emplacement privilégié. Le logement se compose de : ✨ Une belle pièce à vivre lumineuse Une chambre en mezzanine Avec renfoncement possibilite dressing + Arrivée d' eau pour machine à laver ? Une cuisine équipée e deux plaques à induction et rangement. ? Une salle d’eau ? Un environnement calme et agréable ? Surface : 36m2 au sol, 24 m2 loi carrez ? 2er étage Possibilité de se garer gratuitement dans la rue ? Loyer : 700 € charges comprises Dossier à fournir avant la visite du logement, garant physique demandé où garantie visale Libre immédiatement Agence sabstenir, merci. Contact par SMS avec mail pour envoie dossier candidature",https://www.vizzit.fr/fr/property/appartement/lyon-8eme/Agoxk7633qo6g8h0,https://lb1.vizzit.com/276804a/Agoxk7633qo6g8h0/Photos/Agoxk7633qo6g8h0_1.jpg?639257364310000000,2026-09-28
Lyon 7ème (Rhône),691 €/mois,29 m² - 1 pièce,"Lyon 7ème - 61 rue félix brun métro jean-jaurès résidence le pavillon brun au 1er étage avec ascenseur, appartement t1 meublé de 28.56 m² composé d'un hall d'entrée avec placard, une pièce de vie avec coin nuit et cuisine ouverte meublée et équipée, une salle de bains avec wc. Vous bénéficiez d'une magnifique terrasse de 21 m² et d'une place de parking en sous sol. Loyer = 600.84 € + 90 € charges (eau froide, eau chaude, chauffage inclus) zone soumise à encadrement des loyers : loyer de référence : 510.58 € loyer de référence majoré : 612.",https://www.vizzit.fr/fr/property/appartement/lyon-7eme/Accll248ma1afcxg,https://lb1.vizzit.com/4118075a/Accll248ma1afcxg/Photos/Accll248ma1afcxg_1.jpg?639257474920000000,2026-09-28
Lyon 3ème (Rhône),950 €/mois,59 m² - 3 pièces - 1 chambre,"LYON 3ème SAXE-GAMBETTA - Au coeur de ce quartier très prisé du 3ème arrondissement et de sa vie commerçante, dans un immeuble ancien de bonne facture sécurisé, découvrez ce ravissant T3 de 59,95 m² habitables idéalement situé à 2 pas du Métro. Situé au 3ème étage et profitant d'un belle luminosité du fait de son exposition Sud, il se compose d'une entrée, d'une double réception spacieuse de 37 m² avec séjour, salle à manger et cuisine ouverte parfaitement équipée et aménagée, ainsi qu'une alcôve offrant un espace nuit en seconde jour ou un bureau. Côté nuit, retrouvez une belle chambre de 12,55 m² au calme sur la cour intérieure, une salle d'eau et WC indépendant. Cet appartement a conservé tout le charme de l'ancien avec son parquet Chêne et ses cheminées décoratives en marbres. Emplacement premium à proximité immédiate des commerces, restaurants et transports en communs, avec à 50 m les Métro B et D (arrêt ""Saxe-Gambetta""), ainsi que les lignes de bus C5, C12, C14 et C27 et des stations Vélo'V. Disponible immédiatement. A visiter sans tarder, pour tout renseignement Essentiel Gestion Locative directement par téléphone Ce loyer de 950 € charges comprises intègre une provision sur charges de 60 € pour l'entretien des parties communes. (Encadrement des loyers : Loyer de référence : 749,38 € / Loyer de référence majoré : 899,25 €). Dépôt de garantie : 890 € Honoraires d'agence : 785 € (604 € Visites/Constitution du dossier/Rédaction de bail et 181 € Etat des lieux)",https://www.vizzit.fr/fr/property/appartement/lyon-3eme/A2b0l915s9qokq27,https://lb1.vizzit.com/275711a/A2b0l915s9qokq27/Photos/A2b0l915s9qokq27_1.jpg?639257474440000000,2026-09-28
Lyon 3ème (Rhône),1 362 €/mois,71 m² - 3 pièces - 2 chambres,"T3 dec 70,79 m2 (proximité Part Dieu) dans une résidence de très bon standing, au 3ème étage avec ascenseur, comprenant : un séjour,une cuisine indépendante équipée, un hall d'entrée, deux chambres,une salle de bain avec douche,wc séparé , chauffage au gaz de ville, ,un box au rez -de -chaussée . La cuisine et la salle de bain refaits entièrement en 20023. Pour plus d'infos ou visiter me . Disponible au",https://www.vizzit.fr/fr/property/appartement/lyon-3eme/Awirgftxa4n9dm32,https://lb1.vizzit.com/276804a/Awirgftxa4n9dm32/Photos/Awirgftxa4n9dm32_1.jpg?639257361310000000,2026-09-28
Lyon 3ème (Rhône),1 050 €/mois,45 m² - 2 pièces - 1 chambre,"✨ T2 PREMIUM 45 m² – RÉNOVÉ 2025 – CLIMATISÉ – MÉTRO SANS SOUCI ? Rue du Dauphiné – Lyon 69003 ? Métro Sans Souci à proximité ? Tramway T4 – station Dauphiné-Lacassagne à proximité ? UN APPARTEMENT PREMIUM, PRÊT À VIVRE À louer, magnifique T2 de 45 m² entièrement rénové en 2025, situé rue du Dauphiné dans le 3e arrondissement de Lyon. L'appartement a été aménagé avec soin afin d'offrir un excellent niveau de confort, avec des équipements modernes et de qualité. Il est proposé entièrement équipé et prêt à vivre. ✨ DES PRESTATIONS DE QUALITÉ ?️ Grand lit double avec matelas haut de gamme, pour un confort optimal ❄️ Climatisation réversible, permettant également de chauffer l'appartement en hiver ? Belle salle de bain avec douche à l'italienne ? Grande Smart TV 65 pouces ? Grande cuisine entièrement équipée ? 4 plaques de cuisson à induction ? Grand réfrigérateur ? Machine à laver séchante ? Fibre Internet ? Appartement entièrement rénové en 2025 Chaque équipement a été choisi pour offrir un logement confortable, moderne et fonctionnel au quotidien. ? LOYER – FORMULE TOUT COMPRIS 950 € / mois ➡️ Loyer + charges de copropriété comprises 100 € / mois de provisions sur charges comprenant notamment : • ? Eau • ⚡ Électricité • ? Fibre Internet ? TOTAL MENSUEL : 1 050 € Un budget clair et maîtrisé pour profiter d'un appartement rénové, climatisé, entièrement équipé et prêt à vivre. ? UN EMPLACEMENT PRIVILÉGIÉ Situé rue du Dauphiné, Lyon 69003, l'appartement bénéficie d'un emplacement pratique à proximité du métro Sans Souci et des commerces et services du quartier. Idéal pour une personne seule ou un couple recherchant un appartement confortable avec des prestations de qualité, sans avoir à prévoir d'achat de mobilier ou d'électroménager. ? Visites sur rendez-vous. Pour toute demande, merci de me via la messagerie Leboncoin en indiquant votre situation et vos disponibilités.",https://www.vizzit.fr/fr/property/appartement/lyon-3eme/Aumea4dgryuvynhr,https://lb1.vizzit.com/222857a/Aumea4dgryuvynhr/Photos/Aumea4dgryuvynhr_1.jpg?639257359510000000,2026-09-28
Lyon 8ème (Rhône),860 €/mois,43 m² - 2 pièces - 1 chambre,"Appartement meublé situé stratégiquement à Lyon 8. Proche de toutes les commodités et acces autoroutiers, il se situe à une minute à pieds des arrets de tram et bus. Decoration interieure soignée dans immeuble de 2008, vous trouverez tout ce dont vous aurez besoin: - Salle de bain avec douche spacieuse - Chambre avec meubles - Chaises et table - Salon TV ouvert sur cuisine - Cuisine entierement équipée: ustensiles et appareils Espace de vie ouvert sur une double fenetre donnant sur balcon en rez de chaussée surélévé. Afin d'avoir l'intimité nécessaire, l entrée de la résidence est accessible via digicode Enfin un box fermé est compris dans le prix. Il se situe en sous sol, directement accessible par l ascenseur. La location se fait en direct propriétaire, vous n avez donc pas les frais d agence. Le bien est disponible et les visites possibles des aujourd hui. Loyer 760 Eur, garage box fermé 50 Eur, charges 50 EUR. Total 860 EUR Les visites se font une fois le dossier recu et validé/accepté Pieces du dossier habituelles: CDI, 3 fiches salaires + contrat de travail, piece identité, 2 derniers avis d imposition. Si vous etes etudiant ou non mais que vous avez besoin d un garant, alors les memes pieces pour eux.",https://www.vizzit.fr/fr/property/appartement/lyon-8eme/A03bt98g9bnsbjsl,https://lb1.vizzit.com/276804a/A03bt98g9bnsbjsl/Photos/A03bt98g9bnsbjsl_1.jpg?639257357380000000,2026-09-28
Lyon 8ème (Rhône),724 €/mois,50 m² - 2 pièces,"VISITE VIRTUELLE EXCLUSIVEMENTQuartier Moulin à vent, à deux pas du Tram T6 et autres transport, dasn une résidence bien entretenue, nous vous proposons ce T2 de 50.51 m² Rénové. Situé au 3ème étage avec ascenseur, il est lumineux orienté Est et au calme sur cour intérieure sans vis à vis. Il est composé d'une entrée, une belle pièce de vie en parquet ouvrant sur un balcon, une cuisine indépendante meublée et équipée d'une hotte, un lave vaisselle et un lave linge, une chambre avec un grand placard aménagé et une salle de bain. Pour plus de confort au quotidien, les WC sont indépendants. Pour simplifier vos déplacements, le logement est loué avec une garage fermé en sous sol. Le chauffage et l'eau chaude sont individuels au gaz vous permettant d'optimiser vos dépenses énergétiques.",https://www.vizzit.fr/fr/property/appartement/lyon-8eme/A8iuvgqp8s6738hq,https://lb1.vizzit.com/200592a/A8iuvgqp8s6738hq/Photos/A8iuvgqp8s6738hq_1.jpg?639257332050000000,2026-09-28
Lyon 7ème (Rhône),850 €/mois,53 m² - 2 pièces - 1 chambre,loue T2 grande entrée - 1 chambre - 1 salon salle à manger - cuisine avec meubles de rangement mais non équipée - salle de bain avec baignoire et lavabo - emplacement pour mettre une petite machine à laver le linge place de parking sous sol immeuble avec grille sécurisée par un code - environnement calme et proche du métro B + tram adapté à personne seule ou couple visite possible prendre rendez vous - laisser message avec vos coordonnées NOM + TEL +MOTIVATION,https://www.vizzit.fr/fr/property/appartement/lyon-7eme/Aio4j47svgtktp5i,https://lb1.vizzit.com/276804a/Aio4j47svgtktp5i/Photos/Aio4j47svgtktp5i_1.jpg?639257326510000000,2026-09-28
Lyon 8ème (Rhône),1 347 €/mois,64 m² - 3 pièces,"AU 9 rue Édouard Nieuport à Lyon 8e, venez découvrir cet agréable T3 meublé, au sein d’un immeuble récent. Il se compose d’une entrée, d’un séjour lumineux donnant accès à un balcon, d’une cuisine ouverte aménagée et équipée ( plaque, hotte, frigo, lave vaiselle )de deux chambres avec placard, d’une salle de bains avec lave linge et de WC.Vous bénéficierez également d’un garage double.Chauffage individuel au gaz.Côté transports : tramway T6 à environ 6 minutes à pied et métro D Mermoz-Pinel à environ 14 minutes à pied. La location pourra être déléguée à Foncia Développement et Location.",https://www.vizzit.fr/fr/property/appartement/lyon-8eme/Az46hohests15q1b,https://lb1.vizzit.com/200592a/Az46hohests15q1b/Photos/Az46hohests15q1b_1.jpg?639257313970000000,2026-09-28
Lyon 3ème (Rhône),810 €/mois,28 m² - 1 pièce,"Au 9 rue du Pr Paul Sisley, à proximité du tramway T3 (Dauphiné Lacassagne), du métro D (Sans Souci) et des commerces, ERA Lacassagne vous propose à la location cet appartement T1 lumineux de 28m2, rénové et meublé. Situé au 2ème étage d'une belle copropriété arborée avec gardiens, au calme, il comprend: une pièce de vie de 18 m2 ouvrant sur un petit balcon orienté Sud-Est, une cuisine semi-ouverte aménagée et équipée, une salle de bains-WC avec emplacement lave-linge. Une place de parking en sous-sol complète l'ensemble. Local à vélos dans la résidence. Appartement disponible le 1er octobre. Loyer 810€ charges comprises dont 30€ de forfait charges. Dépôt de garantie 1560€. Honoraires TTC à la charge du locataire 366€ dont 84€ pour état des lieux. L'Etat des Risques et Pollution peut être consulté sur",https://www.vizzit.fr/fr/property/appartement/lyon-3eme/Algj5799c74fms81,https://lb1.vizzit.com/85498a/Algj5799c74fms81/Photos/Algj5799c74fms81_1.jpg?639257248960000000,2026-09-28
Lyon 7ème (Rhône),805 €/mois,46 m² - 2 pièces - 1 chambre,"Très beau T2 de 46m2 avec avec terrasse jardin et grand garage, au calme au pied du métro Jean-Jaurès. Il se compose d'une belle pièce de vie, lumineuse et sans vis-à-vis, une chambre, salle de bains, WC Séparés. Triple vitrage, VMC double flux. Au chaude / Chauffage / Eau froide INCLUS DANS LE PRIX. Disponible au 20 octobre.",https://www.vizzit.fr/fr/property/appartement/lyon-7eme/Ailjpigx4z48aqr0,https://lb1.vizzit.com/4239008a/Ailjpigx4z48aqr0/Photos/Ailjpigx4z48aqr0_1.jpg?639257217440000000,2026-09-28
Lyon 7ème (Rhône),906 €/mois,46 m² - 2 pièces - 1 chambre,"LYON 7, Dans le secteur de la ZAC DU BON LAIT, à 5 minutes du Métro Place Jean Jaurès, Beau T2 dans un immeuble de 2013 de 46,67m2 au 4ème étage avec ascenseur, composé d'une pièce principale avec coin cuisine, d'une chambre et d'une salle de bain avec WC. Cet appartement dispose d'un beau balcon, et d'un garage en sous-sol. Eau froide, eau chaude et chauffage collectif au gaz. Disponible LE 22/10/26 VISITE DES DEBUT OCTOBRE ATTENTION APPARTEMENT SOUMIS AU DISPOSITIF SCELLIER Loyer: 770€ + 136€ = 906€ Honoraires d'Agence: 466.70€ (visites, constitution de dossiers et rédaction de bail) + 140.01€ (frais état des lieux) = 606.71€ Dépôt de Garantie: 770€ Zone soumise à encadrement des loyers: Loyer de référence: 14.50€/m² Loyer majoré: 17.40€/m² DPE noté: C-140 Gaz Effet de Serre noté: C-28 Estimation des dépenses annuelles d'énergie: entre 370€ et 540€ La taxe d'ordure ménagère n'est pas comprise dans la provision pour charges.",https://www.vizzit.fr/fr/property/appartement/lyon-7eme/A7x2q9syxywszu8q,https://lb1.vizzit.com/71987a/A7x2q9syxywszu8q/Photos/A7x2q9syxywszu8q_1.jpg?639257210700000000,2026-09-28
Lyon 2ème (Rhône),2 400 €/mois,93 m² - 4 pièces - 3 chambres,"Découvrez ce magnifique appartement contemporain de 93 m² ENTIÈREMENT MEUBLÉ, idéalement situé à Lyon 2 Quartier Confluence. La résidence neuve est parfaitement entretenue, vous séduit dès votre arrivée par son style et sa modernité. L'appartement dispose de prestations haut-de-gamme : - un séjour lumineux, - une cuisine ouverte entièrement équipée, lave-vaisselle, four, plaque induction, frigo, machine à laver, sèche linge etc... - trois chambres spacieuses : une suite parentale avec salle d'eau et grand placards intégrés, et deux autres chambres avec placards, armoire, bureau... Vous profiterez du confort de la salle de bain spacieuse avec baignoire, double vasque et WC. La disposition harmonieuse des pièces dans l'ensemble de l'appartement, et un WC séparé supplémentaire, garantissent intimité et commodité. Profitez d'une spacieuse terrasse avec vue magnifique sur l'espace nautique pour vos déjeuners en plein air, véritable havre de paix en plein cœur de la ville. Une place de parking en sous-sol, accès sécurisé est également proposée à la location en sus, une rareté dans ce quartier très demandé. Ne manquez pas cette opportunité et prenez rendez-vous dès maintenant pour découvrir votre future résidence.Ce bien vous est présenté par Adnan Safar - [FORME SOCIALE] - [AGENT COMMERCIAL] immatriculé au RSAC de [RSAC] sous le numéro [SIREN].",https://www.vizzit.fr/fr/property/appartement/lyon-2eme/Aywrju95rf3kw5ms,https://lb1.vizzit.com/4197312a/Aywrju95rf3kw5ms/Photos/Aywrju95rf3kw5ms_1.jpg?639256993320000000,2026-09-28
Lyon 8ème (Rhône),705 €/mois,37 m² - Studio,"Bumper vous propose à la location un grand appartement T1 non meublé, situé avenue Lacassagne à 15 minutes de la gare Part-Dieu. Il est composé - d'une grande pièces principale qui donne sur un balon, - un espace cuisine aménagé (partiellement équipé avec frigo et plaques), - d'une salle de bain venant d'être refaite. - d'un grand cagibi offrant une belle capacité de stockage pouvant également faire office de dressing. Disponible immédiatement. Honoraires de 486 € TTC à la charge du locataire comprenant 112 € TTC pour l'état des lieux. Zone soumise à encadrement des loyers. Loyer de référence majoré (loyer de base à ne pas dépasser) 744 €/mois. Loyer de base 660 €/mois. Provision sur charges 45 €/mois, régularisation annuelle. Dépôt de garantie 660 €. Classe énergie D, Classe climat B Montant moyen estimé des dépenses annuelles d'énergie pour un usage standard, établi à partir des prix de l'énergie de l'année 2021: entre 650.00 et 850.00 €. Votre conseiller Bumper Immobilier: Jérémie Dumont Agent commercial (Entreprise individuelle).",https://www.vizzit.fr/fr/property/appartement/lyon-8eme/Az8grbvdyijy6qsk,https://lb1.vizzit.com/4239008a/Az8grbvdyijy6qsk/Photos/Az8grbvdyijy6qsk_1.jpg?639256922530000000,2026-09-28
Lyon 3ème (Rhône),614 €/mois,39 m²,"Tout savoir sur ce bien EXCLUSIVITÉ - T1- 69003 Votre Cabinet Citya Barioz vous propose à la location, un appartement nu 1 pièce de 39,81 m² au 99 avenue Lacassagne 69003 LYON. Situé au 8eme et dernier étage, venez découvrir ce spacieux studio composé d'une entrée avec placard, d'une pièce de vie avec coin cuisine équipée (meubles, lave vaisselle, lave linge et plaques de cuisson) donnant sur un balcon avec vue dégagée et d'une salle de bains avec WC. Voir plus L'appartement possède un chauffage individuel alimenté à l'électricité. Une place de parking et une cave complètent cette location. Il y a des écoles de tous niveaux (de la maternelle au lycée) à moins de 10 minutes à pied. Côté transports en commun, on trouve 11 lignes de bus, la ligne de métro D (Monplaisir Lumière) ainsi que les stations de tramway Dauphiné-Lacassagne (ligne T3), Reconnaissance-Balzac (ligne T3) et Grange Blanche (lignes T5 et T2) dans un rayon de 1 km. Des autoroutes et la nationale N346 sont accessibles à moins de 9 km. Pour vos loisirs, vous pourrez compter sur un théâtre. Il y a un grand choix de restaurants et trois bureaux de poste. Zone soumise à l'encadrement des loyers : - Loyer de référence : 658,85 € HC - Loyer de référence majoré (loyer de base à ne pas dépasser) : 789,83€ HC Votre agence vous invite à découvrir toutes les originalités de cet appartement à louer en prenant RDV avec l'un de nos négociateurs immobilier. Le bien est soumis au statut de la copropriété. Loyer de 614,80 euros par mois charges comprises dont 37,00 euros par mois de provision pour charges (soumis à la régularisation annuelle). Soit avec Assurance Habitation et Assistance ( 18.00 euros ) : 632,80 euros. Les honoraires charge locataire sont de 517,53 euros ( soit 13,00 euros/m² ) dont 120,62 euros pour état des lieux ( soit 3,03 euros/m² ). Vous pouvez consulter les barèmes d'honoraires à l'adresse suivante : bareme-location Montant estimé des dépenses annuelles d'énergie pour un usage standard : entre 800 et 1 100 euros. Prix moyens des énergies indexés en 2023. Zone soumise à encadrement des loyers. Le loyer de base du bien proposé est de 577,8 euros, le loyer de référence majoré (fixé par arrêté préfectoral) est de 792,219 eurosLes informations sur les risques auxquels ce bien est exposé sont disponibles sur le site Géorisques : . Service facultatif. Contribution annuelle ""attentats"" non comprise. Voir conditions en agence.",https://www.vizzit.fr/fr/property/appartement/lyon-3eme/Aycu4ippke104clx,https://lb1.vizzit.com/308407a/Aycu4ippke104clx/Photos/Aycu4ippke104clx_1.jpg?639256915920000000,2026-09-28
Lyon 3ème (Rhône),759 €/mois,66 m² - 2 pièces,"Tout savoir sur ce bien A LOUER // T2 de 66,05 m², situé dans le 3e arrondissement de Lyon (69003) Le logement se compose d'une entrée, d'une chambre, d'une cuisine et d'une salle d'eau. Il bénéficie également d'un chauffage individuel électrique. Voir plus Un emplacement idéal Le bien se situe à proximité immédiate de nombreux commerces, restaurants, boulangeries, supermarchés et services. Côté transports, vous profiterez d'un emplacement particulièrement bien desservi avec neuf lignes de bus à proximité, ainsi que la gare de Lyon Part-Dieu, le métro Sans Souci (ligne D) et les tramways T3 et T4. Plusieurs établissements scolaires sont accessibles à moins de 10 minutes à pied. Les principaux axes routiers sont également facilement accessibles. Pour vos loisirs, vous trouverez notamment un théâtre à quelques minutes du logement. Loyer de 759,46 euros par mois charges comprises dont 38,00 euros par mois de provision pour charges (soumis à la régularisation annuelle). Soit avec Assurance Habitation et Assistance ( 21.00 euros ) : 780,46 euros. Les honoraires charge locataire sont de 866,58 euros ( soit 13,12 euros/m² ) dont 200,13 euros pour état des lieux ( soit 3,03 euros/m² ). Vous pouvez consulter les barèmes d'honoraires à l'adresse suivante : bareme-location Montant estimé des dépenses annuelles d'énergie pour un usage standard : entre 1 090 et 1 510 euros. Prix moyens des énergies indexés en 2021. Zone soumise à encadrement des loyers. Le loyer de base du bien proposé est de 721,46 euros, le loyer de référence majoré (fixé par arrêté préfectoral) est de 1 096,43 eurosLes informations sur les risques auxquels ce bien est exposé sont disponibles sur le site Géorisques : . Service facultatif. Contribution annuelle ""attentats"" non comprise. Voir conditions en agence.",https://www.vizzit.fr/fr/property/appartement/lyon-3eme/Au2xpiw2m0gojhzi,https://lb1.vizzit.com/308407a/Au2xpiw2m0gojhzi/Photos/Au2xpiw2m0gojhzi_1.jpg?639256901500000000,2026-09-28
Lyon 1er (Rhône),862 €/mois,67 m² - 3 pièces - 2 chambres,"Votre Régie Galyo a le plaisir de vous proposer à la location, proche des transports en commun, des commerces et de toutes commodités, cet appartement T3 de 67m². Au 5ème étage d'une résidence calme, situé rue Paul Chenavard à Lyon 1er, il se compose d'un séjour coin cuisine aménagée (meubles hauts et bas) et équipée (plaque de cuisson), deux chambres, une salle de bain et un WC séparé. logement soumis à l'encadrement des loyers : loyer de référence : 617.36 € loyer de référence majoré : 738.97 € Complément : 113,03 € Contact : Eva",https://www.vizzit.fr/fr/property/appartement/lyon-1er/Aj7xm6685ox2vtty,https://lb1.vizzit.com/2635049a/Aj7xm6685ox2vtty/Photos/Aj7xm6685ox2vtty_1.jpg?639256824980000000,2026-09-28
Lyon 4ème (Rhône),630 €/mois,32 m² - 1 pièce,"PLACE DE LA CROIX ROUSSE 69004 LYON - METRO CROIX ROUSSE Proche de toutes les commodités, commerces et transports en commun Appartement T1 de 32.47 m², avec une surface au sol totale de 44.41 m², au 3ème étage sans ascenseur, composé d'une entrée, d'un coin cuisine équipée (plaque de cuisson, réfrigérateur) ouvert sur la pièce de vie, d'une mezzanine pouvant servir de coin nuit, d'une salle d'eau et de wc indépendants. Bien soumis à l'encadrement des loyers : - Loyer de référence : 568.23 € - Loyer de référence majoré : 681.87 € Contact : Pauline",https://www.vizzit.fr/fr/property/appartement/lyon-4eme/Adi7mhbd8k8jojzy,https://lb1.vizzit.com/2635049a/Adi7mhbd8k8jojzy/Photos/Adi7mhbd8k8jojzy_1.jpg?639256824980000000,2026-09-28
Lyon 3ème (Rhône),1 047 €/mois,75 m² - 3 pièces - 2 chambres,"A saisir! T3 traversant de 75,67 m² situé 99 avenue Felix Faure 69003 LYON. Appartement au 3ème étage avec ascenseur comprenant un hall d'entrée, une cuisine séparée, un séjour et une première chambre donnant sur un balcon filant, une deuxième chambre, une salle de bains et toilette séparée. Une cave et une place de parking agrémentent ce bien en très bon état, à proximité de toutes les commodités. Chauffage et eaux collectifs. Zone soumise à encadrements des loyers. Loyer de base: 908.04 €. Loyer de base majoré: 1089.65 €. Montant estimé des dépenses annuelles d'énergie pour un usage standard: entre 910.00 € et 1280.00 € par an. Prix moyens des énergies indexés au . Adresse: 69003 - LYON 3E ARRONDISSEMENT - 99 AVENUE FELIX FAURE. Loyer HC: 877.85 €. Charges mensuelles: 170 €. Honoraires de location: 992.79 €. Dépôt de garantie: 877.85 €. DPE Vierge. Pour découvrir cette réelle opportunité de location, contactez-moi: régie gindre - 3 Grande rue de la Croix Rousse - 69004 LYON - Consultez notre site pour plus de photos et d'informations sur ce bien.",https://www.vizzit.fr/fr/property/appartement/lyon-3eme/Ajtl3cwt39ng9umk,https://lb1.vizzit.com/4239008a/Ajtl3cwt39ng9umk/Photos/Ajtl3cwt39ng9umk_1.jpg?639256809030000000,2026-09-28
Lyon 7ème (Rhône),1 228 €/mois,45 m² - 2 pièces - 1 chambre,"Bienvenue dans mon appartement tout neuf, pensé pour que vous vous sentiez bien dès votre arrivée. Cuisine tout équipée avec lave-vaisselle, four, plaque et frigo, robot mixeur. Salon avec canapé convertible avec un matelas très confortable ! Chambre avec matelas Simmons de qualité et surmatelas intégré pour encore plus de confort. Je pars en déplacement pendant un mois du 4 décembre 2026 au 3 janvier 2027 et propose mon appartement à la location sur cette période avec un bail mobilité d'un mois. Quelques affaires resteront dans un des deux placards de la chambre et sur une étagère du placard de la salle de bain mais vous aurez largement la place de mettre vos affaires pour un mois.",https://www.vizzit.fr/fr/property/appartement/lyon-7eme/Aykfxzhh8yu326y9,https://lb1.vizzit.com/14576a/Aykfxzhh8yu326y9/Photos/Aykfxzhh8yu326y9_1.jpg?639256757960000000,2026-09-28
Lyon 7ème (Rhône),1 350 €/mois,64 m² - 2 pièces - 1 chambre,"Situé au 193 rue de Gerland dans un immeuble neuf de 2022, grand T2 de 64m2 entièrement meublé et équipé avec terrasse sans vis à vis et garage en sous-sol, 1350 euros CC chauffage inclus. Au 4ème étage avec ascenseur il comprend : Une entrée avec placard, un séjour, une salle à manger et une cuisine ouverte, un dégagement avec placards, une chambre, une salle de bain et un wc séparé. Chauffage collectif au gaz inclus dans les charges. Loyer encadré : 1250 euros + 100 euros charges de copropriété (incluant le chauffage) soit 1 350 euros CC. Honoraires agence : 832 euros Dépôt de garantie : 2 000 euros",https://www.vizzit.fr/fr/property/appartement/lyon-7eme/Ape9mk7rv1l280hc,https://lb1.vizzit.com/121869a/Ape9mk7rv1l280hc/Photos/Ape9mk7rv1l280hc_1.jpg?639256627220000000,2026-09-28
Lyon 7ème (Rhône),558 €/mois,28 m² - 1 pièce,"Rue Raoul Servant - Disponible à partir du 30 septembre 2026 Pour candidater, rendez-vous sur notre site internet -> onglet ""Dépôt dossier locataire en ligne"" -> plateforme Zelok (option gratuite uniquement) Idéalement situé à deux pas des commerces et transports en commun de la place Jean Macé. Agréable T1 de 28m² situé au 4ème étage avec ascenseur, il comprend une entrée, une pièce principale avec cuisine ouverte aménagée et équipée, un grand balcon, une salle de bains avec wc et un dressing. L'eau froide est comprise dans les charges. Chauffage et eau chaude individuels électriques.",https://www.vizzit.fr/fr/property/appartement/lyon-7eme/Ae2i0gn78axezl6p,https://lb1.vizzit.com/713280a/Ae2i0gn78axezl6p/Photos/Ae2i0gn78axezl6p_1.jpg?639256624240000000,2026-09-28
Lyon 7ème (Rhône),1 522 €/mois,61 m² - 4 pièces - 3 chambres,"Nous vous proposons cet appartement 4 pièces meublé de 61,31m² au 6ème étage d'un immeuble situé au 40 rue du Rhône à Lyon 7ème, proches des comodités et des écoles (EM LYON, ENS, ESD). Cet appartement se compose d'un séjour, une cuisine aménagée et équipée, trois chambres, une salle de bains et des toilettes. L'appartement est également équipé d'un balcon. Stationnement possible dans la copropriété. Libre le Loyer charges comprises: 1522 € Charges: 130 € (provision mensuelle comprenant chauffage + eau froide + charges communes générales) Dépôt de garantie: 2784 € Honoraires de location: 804.38 € dont 185.77 € pour l'état des lieux d'entrée. Zone soumise à l'encadrement des loyers. Loyer de référence majoré: 907.39 €. Complément de loyer: 484.08 € DPE classé D Agence SOLYGEST -",https://www.vizzit.fr/fr/property/appartement/lyon-7eme/Ag934deqdvzt2gy0,https://lb1.vizzit.com/1152558a/Ag934deqdvzt2gy0/Photos/Ag934deqdvzt2gy0_1.jpg?639256609900000000,2026-09-28
Lyon 3ème (Rhône),1 215 €/mois,80 m² - 4 pièces - 3 chambres,"Appartement T4 - 9 cours Albert Thomas -69003 LYON. A proximité du Métro D (arrêt Sans souci), de l'Université Lyon III et de toutes commodités. D'une surface d'environ 80 m², il se compose d'une entrée, séjour parqueté ouvrant sur un balcon, d'une cuisine meublée (plaques de cuisson et hotte), de trois chambres, d'une salle de bains, WC séparé et nombreux rangements. Le garage n° 11 est loué avec l'appartement. Chauffage individuel gaz, eau chaude individuelle, eau froide collective. Loyer 1150 euros par mois charges comprises dont: - 75euros de charges locatives (provision donnant lieu à régularisation annuelle). Honoraires charge locataire: 1040.78 euros TTCDépôt de garantie: 1075 eurosDisponible le 1er juillet 2024 Honoraires de 1 050,38 € TTC à la charge du locataire comprenant 242,58 € TTC pour l'état des lieux. Zone soumise à encadrement des loyers. Loyer de référence majoré (loyer de base à ne pas dépasser) 1064.80 €/mois. Loyer de base 1064.80 €/mois. Provision sur charges 95 €/mois, régularisation annuelle. Complément de loyer 55,20 €/mois. Dépôt de garantie 1 120 €. Classe énergie C, Classe climat C Montant estimé des dépenses annuelles d'énergie pour un usage standard: entre 870.00 € et 1210.00 € sur les années 2021, 2022 et 2023 (abonnements compris).",https://www.vizzit.fr/fr/property/appartement/lyon-3eme/Al24k8poeh16cn7b,https://lb1.vizzit.com/537063a/Al24k8poeh16cn7b/Photos/Al24k8poeh16cn7b_1.jpg?639257604100000000,2026-09-28
Lyon 7ème (Rhône),791 €/mois,59 m² - 2 pièces - 1 chambre,"En plein cœur du quartier Saxe, de ses nombreux commerces et divers moyens de transports. Rue Montesquieu, Dans une belle résidence sécurisée et bien entretenue. Nous vous invitons à venir découvrir ce superbe deux pièces à la superficie confortable de 59m2 !Il se compose d'un double séjour en parquet, d'une cuisine indépendante ouvrant sur un balcon qui vous offrira des moments privilégiés au calme, d'une salle de bains fonctionnelle, d'une chambre séparée avec placards, et de toilettes. Eau froide incluse dans les charges. merci de poser votre dossier en ligne pour une visite",https://www.vizzit.fr/fr/property/appartement/lyon-7eme/Atgwwienw3u79r20,https://lb1.vizzit.com/4117118a/Atgwwienw3u79r20/Photos/Atgwwienw3u79r20_1.jpg?639256593920000000,2026-09-28
Lyon 8ème (Rhône),680 €/mois,26 m² - Studio,"Meublé- Chauffage et eau chaude inclus- Au pied du tram T2, dans une copropriété calme et sécurisé, venez visiter ce charmant studio entièrement meublé et très fonctionnel, il est composé d'un espace de vie très agréable, d'une kitchenette équipée de 2 plaques électriques et d'un frigo, d'une salle d'eau. Il vous apportera un grand confort pour un petit budget. Pour visiter, merci de remplir le formulaire de contact. Ensuite vous recevrez un lien pour déposer votre dossier en ligne. Une conseillère reviendra vers vous rapidement après étude de vos documents pour programmer une visite.Zone soumise à encadrement des loyers.",https://www.vizzit.fr/fr/property/appartement/lyon-8eme/Ajnzixfl1c7ztl8r,https://lb1.vizzit.com/4117118a/Ajnzixfl1c7ztl8r/Photos/Ajnzixfl1c7ztl8r_1.jpg?639256591060000000,2026-09-28
Lyon 7ème (Rhône),1 200 €/mois,54 m² - 3 pièces - 1 chambre,"Très bel appartement 54m2 - T3 Dans un immeuble de charme, ancien avec ascenseur Loyer mensuel : 1100€ + 100€ de charges de copropriété 1 pièce salon 1 pièce séjour avec cuisine ouverte 1 chambre séparée Salle de bain douche, couloir, WC séparés Entièrement meublé, literie complète (oreiller, couette, alèse), cuisine équipée : vaisselle et batterie de cuisine, plaque électrique, four, réfrigérateur, congélateur séparé,, lave-linge, table et fer à repasser, bouilloire, grille-pain, … Le séjour, très ensoleillé par ses fenêtres plein ouest, donne sur l’avenue Jean Jaurès. Appartement traversant (fenêtre sur cour à l’arrière de l’immeuble) C’est un quartier très dynamique, à 5mn à pied (400m) des stations Jean Jaurès et Jean Macé Commerces de proximité (Auchan, boulangerie, supérette…) Le locataire reprend à son nom les contrats d'eau et d'électricité individuels. Dépôt de garantie pour logement meublé : 2 mois de loyer soit 2200€ Caution exigée : 2 garants solvables - Pas de colocation, un seul dossier accepté Le logement est disponible octobre 2026. Pour visiter, répondre à cette annonce. Vous recevrez la liste des documents constituant le dossier du locataire à envoyer par mail. Une visite vous sera proposée à réception de votre dossier complet. Si l’annonce est en ligne, c’est que le logement est disponible.",https://www.vizzit.fr/fr/property/appartement/lyon-7eme/Arm1hfdyvqsky266,https://lb1.vizzit.com/276804a/Arm1hfdyvqsky266/Photos/Arm1hfdyvqsky266_1.jpg?639256501150000000,2026-09-28
Lyon 8ème (Rhône),650 €/mois,20 m² - Studio,"Sudio étudiant loué meublé : 20m2 Refait à Neuf moins -3ans Proche des Tram T2 et T4 (desservent : Université Lumières Lyon 2, Grange Blanche, Manufacture des tabacs etc... ainsi que les gares Part Dieu et Perrache) Éligible aux APL Ce logement offre tout le confort: - Cuisine équipé + ustensiles -TV -Four / micro ondes -Canapé Lit ( drap non fournis) -Lave linge -Bureau -Rangements Le montant de la location comprend: - Électricité / Chauffage / Eau - Charges de copropriété Ne comprend pas : - Abonnement internet Les visites se feront uniquement près étude et validation de votre dossier. Merci d'envoyer: - Dernière fiche d'imposition ( garants) - Derniers bulletin de salaire (3) (garants) - Carte d'identité (garants + locataire) - justificatif de domicile (garants)",https://www.vizzit.fr/fr/property/appartement/lyon-8eme/Aq3z6ji9xrmxv2i5,https://lb1.vizzit.com/276804a/Aq3z6ji9xrmxv2i5/Photos/Aq3z6ji9xrmxv2i5_1.jpg?639256501130000000,2026-09-28
Lyon 8ème (Rhône),961 €/mois,62 m² - 3 pièces - 2 chambres,"Alliade Habitat, groupe Action Logement, vous propose à la location : -- - Lyon – Grand Trou - Rue Challemel Lacour Appartement - Type 3 - Situé au RDC. - Secteur calme. - Résidence sécurisée par interphone. -- - COMPOSITION : Cuisine ouverte sur séjour, 2 chambres fermée, salle de bain et 1 WC, grande terrasse. Type de chauffage : chauffage collectif. Double vitrage Stationnement : Box de stationnement possible en sous-sol de la résidence -- Caractéristiques : Lumineux – Espaces verts dans la résidence - Quartier familial – Commerces et écoles à proximité -- - LOYER : 833.64 € /mois payable à terme échoir – CAUTION : 706 euros à verser à l'entrée dans les lieux (soit un mois de loyer hors charges) -- - Pas de frais d'agence - Pas de frais de dossier - Pas de frais d'état des lieux - Pas de garant exigé -- - Logement soumis à la réglementation du logement intermédiaire - Dossier de candidature à constituer pour validation par l'agence -- - Vous êtes intéressés ? Pour visiter le logement, et pour toute information complémentaire, merci de l'agence. -- A bientôt chez Alliade Habitat !",https://www.vizzit.fr/fr/property/appartement/lyon-8eme/Alzxzgypuenscjlz,https://lb1.vizzit.com/260763a/Alzxzgypuenscjlz/Photos/Alzxzgypuenscjlz_1.jpg?639256611050000000,2026-09-28
Lyon 7ème (Rhône),1 371 €/mois,97 m² - 4 pièces - 3 chambres,"REF:015439 EN EXCLUSIVITÉ ET SANS FRAIS D'AGENCE T4 de 97m² situé 3 RUE GALLAND 69007 LYON à proximité de la Place Jean Macé (bus, Tram T2, Gare et Métro B). Au 1 er étage avec ascenseur, le logement se compose d'une entrée avec rabgement, d'un spacieux séjour donnant sur une véranda, une cuisine séparée donnant sur un balcon, 3 chambres avec rangements, salle de bain et wc séparé. Chauffage individuel au Gaz. Possibilité de louer un GARAGE en sous sol au tarif suivant 57 euros CC/mois Montant du loyer 1 260,66 euros/mois HC, montant des charges 109,90 euros/mois. LOYER CC 1370,56 euros Pour info, zone soumise à encadrement des loyers - Le loyer HC ne peut dépasser 1 325 euros, soit le loyer de référence MAJORE de la Métropole",https://www.vizzit.fr/fr/property/appartement/lyon-7eme/Akj37tu70gbx0yo2,https://lb1.vizzit.com/69482a/Akj37tu70gbx0yo2/Photos/Akj37tu70gbx0yo2_1.jpg?639256612280000000,2026-09-28
Lyon 8ème (Rhône),950 €/mois,44 m² - 2 pièces - 1 chambre,"? Disponible mi novembre 2026 ? Loyer : 860 €/mois + 90 € de provisions sur charges - copropriété (eau / gaz / électricité à ajouter) ? Garantie VISALE uniquement ? DPE : D T2 meublé de 44 m², au 2e étage avec ascenseur, dans résidence très calme et bien entretenue. Pièce de vie lumineuse avec cuisine équipée (four pyrolyse, plaques induction, frigo, congélateur, lave-linge) ouverte sur le salon. Prise fibre. Chambre séparée avec lit double, penderie et rangements. Salle de bain avec baignoire + WC indépendants. Terrasse plein sud de 7 m² avec store électrique, faible vis-à-vis. Garage fermé et sécurisé inclus, avec électricité. Chauffage individuel au gaz. Proche Tram T1, T6, bus C12, 35, commerces et services à pied. Idéal pour personne seule ou couple recherchant calme et confort.",https://www.vizzit.fr/fr/property/immobilier/lyon-8eme/Ayt8xko7badw6m6q,https://lb1.vizzit.com/276804a/Ayt8xko7badw6m6q/Photos/Ayt8xko7badw6m6q_1.jpg?639256494760000000,2026-09-28
Lyon 7ème (Rhône),1 220 €/mois,49 m² - 2 pièces - 1 chambre,"A louer, T2 meublé de 49m2, situé au 6 place du traité de Rome, Lyon 7ème. A 5minutes à pied du métro B L'appartement se compose d'un salon très spacieux et lumineux, offrant un bel espace de vie ainsi que d'une grande chambre, également très spacieuse (13m2). Le logement est entièrement meublé et équipé : canapé, table de séjour, lit double, lave linge, lave vaisselle, TV, four, frigo, hotte... Une place privative fermée en sous-sol complète le logement ainsi qu'un balcon. Immeuble sécurisé récent avec local à vélos. Conditions financières : - Loyer appartement : 965€ - Garage box fermé : 140€ - Provision sur charges : 115€ (inclus charges de copropriété, eau chaude et froide et chauffage) - Dépôt de garantie : 2210€ Disponible le 19 octobre.",https://www.vizzit.fr/fr/property/appartement/lyon-7eme/Apv1w3hzokvkdu2z,https://lb1.vizzit.com/276804a/Apv1w3hzokvkdu2z/Photos/Apv1w3hzokvkdu2z_1.jpg?639256494130000000,2026-09-28
Lyon 7ème (Rhône),1 200 €/mois,68 m² - 3 pièces - 3 chambres,"Appartement 3 chambres + grande cuisine/salle à manger à Lyon 7 (Gerland). Pas de vis à vis (vue sur le parc de Gerland), au calme tout en étant en ville Métro Lyon Gerland à 5 min à pied Pas de frais d'agence (particulier à particulier)",https://www.vizzit.fr/fr/property/appartement/lyon-7eme/Ackszo8kuepxgk1g,https://lb1.vizzit.com/276804a/Ackszo8kuepxgk1g/Photos/Ackszo8kuepxgk1g_1.jpg?639256494100000000,2026-09-28
Lyon 7ème (Rhône),600 €/mois,17 m² - Studio,"Ce studio s'ouvre sur une pièce de vie aménagée d'un canapé, d'une table basse, d'un lit double, d'une table de chevet avec une lampe, d'une bibliothèque murale ainsi que d'un bureau avec une chaise et une lampe. La cuisine ouverte est équipée d'un micro-ondes, d'une bouilloire, d'un réfrigérateur, de plaques de cuisson ainsi que d'un placard mural. La salle d'eau dispose d'une douche, d'un lavabo avec un miroir ainsi que d'un WC. Idéalement situé, proche de plusieurs commodités : À quelques pas de l'Université Jean Moulin Lyon 3 À 3 minutes à pied de l'arrêt de tram Lycée Colbert, desservi par la ligne T4 À 4 minutes à pied du Parc Blandan À 10 minutes à pied de l'arrêt de métro Sans Souci, desservi par la ligne D À 11 minutes en transport en commun de la gare Part-Dieu et du centre commercial Westfield La Part Dieu À 14 minutes en transport en commun du centre-ville de Lyon (Bellecour)",https://www.vizzit.fr/fr/property/appartement/lyon-7eme/Aalq6lc8go6efxd6,https://lb1.vizzit.com/276804a/Aalq6lc8go6efxd6/Photos/Aalq6lc8go6efxd6_1.jpg?639256494070000000,2026-09-28
Lyon 8ème (Rhône),1 050 €/mois,69 m² - 3 pièces - 2 chambres,"Je loue cet appartement non meublé de 3 pièces de 69 m² situé au 4e étage d'un immeuble de 5 étages, à Lyon. Construite en 2002, cette résidence offre un cadre de vie moderne et bien entretenu. Cet appartement comprend 2 chambres, 1 salle de bain avec baignoire et un séjour. La cuisine est équipée et séparée. Bénéficiant d'une belle exposition sud, le bien offre une luminosité généreuse, notamment grâce à son balcon avec vue dégagée sur l'environnement urbain. - Ascenseur - Balcon avec vue - Cuisine équipée et séparée - Interphone - 1 place de parking - Cave - Baignoire - Construction récente - Exposition sud L'appartement bénéficie d'une localisation pratique à Lyon, avec un accès facile aux commodités urbaines et une belle vue sur le quartier depuis le balcon. Chauffage au gaz individuel. Classe énergie B - Classe climat B. Appartement disponible en octobre (2026). N'hésitez pas à me pour plus d'informations ou pour organiser une visite.",https://www.vizzit.fr/fr/property/appartement/lyon-8eme/Ay6k8y2pjn4rdic8,https://lb1.vizzit.com/276804a/Ay6k8y2pjn4rdic8/Photos/Ay6k8y2pjn4rdic8_1.jpg?639256494070000000,2026-09-28
Lyon 7ème (Rhône),1 400 €/mois,80 m² - 4 pièces - 3 chambres,"? PHOTOS DISPONIBLES SUR DEMANDE ? ?LE LOGEMENT Nouvelle location meublée dans un duplex au calme de 80m² carrez, 100m² au sol pour 3 chambres. ?Cours gambetta, proche métro Saxe Gambetta, Lyon ?️L APPARTEMENT Le PLUS : Très grande pièce de vie partagée. 3 chambres de 10m² chacune Cuisine entièrement équipée Une salle de bain WC séparés Parfait pour un jeune couple. TRANSPORTS Le PLUS : Toute la ville accessible à pieds. Universités, centre ville et transports. Vous êtes à moins de 15min de tout. ? Métro D et B (arrêt Saxe Gambetta) à 2 minutes à pied ?Tram T1 à 2 minutes à pied ?SERVICES ET ÉQUIPEMENTS INCLUS Entretien de l'immeuble Internet Fibre --- Dépôt de garantie : 1 mois de loyer Modalité de récupération des charges locatives : forfait Frais d'agence : aucun --- Agences s'abstenir. Veuillez me par message.",https://www.vizzit.fr/fr/property/appartement/lyon-7eme/Akt2yajkxb000hhu,https://lb1.vizzit.com/276804a/Akt2yajkxb000hhu/Photos/Akt2yajkxb000hhu_1.jpg?639256491220000000,2026-09-28
Lyon 8ème (Rhône),864 €/mois,45 m² - 2 pièces,"VISITE VIRTUELLE UNIQUEMENTDans le 8ème arrondissment de Lyon, Rue Antoine Dumont, proche des transports et des commerces, dans un petit immeuble sans ascenseur, nous vous proposons un appartement 2 pièces loué vide et situé au 2ème étage. Ce logement comprend une entrée, une grande pièce de vie avec la cuisine ouverte (non meublée) et donnant sur une belle terrasse, une chambre, une salle de bain et un wc séparé. Le bien bénéficie d'une place de parking dans la cour de l'immeuble, fermée par un portail automatique. Le chauffage et l'eau chaude sont individuels au gaz.",https://www.vizzit.fr/fr/property/appartement/lyon-8eme/Ag7zlhy8umh4vjf7,https://lb1.vizzit.com/200592a/Ag7zlhy8umh4vjf7/Photos/Ag7zlhy8umh4vjf7_1.jpg?639257325950000000,2026-09-28
Lyon 3ème (Rhône),1 553 €/mois,110 m² - 4 pièces,"20 Rue D'Essling 69003 Lyon, à proximité des commerces et des transports (Métro D / Arrêt Garibaldi), situé au 5ème étage avec ascenseur d'un immeuble bien entretenu, venez découvrir cet appartement T4 doté d'une entrée avec rangements, un séjour spacieux et lumineux, une cuisine séparée, équipée et meublée. Vous trouverez également 3 chambres avec rangements dont 2 donnant accès à la terrasse, 2 salles de bains et 1 wc.Le chauffage et l'eau chaude sont individuels au gaz. L'eau froide est individuelle. La location pourra être déléguée à Foncia Développement et Location.",https://www.vizzit.fr/fr/property/appartement/lyon-3eme/A7y7gyszbdo1uz8x,https://lb1.vizzit.com/200592a/A7y7gyszbdo1uz8x/Photos/A7y7gyszbdo1uz8x_1.jpg?639256408820000000,2026-09-28
Lyon 8ème (Rhône),1 255 €/mois,74 m² - 4 pièces,"14 Boulevard Jean XXIII 69008 - Era Lyon 7 vous propose à la location ce T4 de 73,51m² meublé au 4ème étage avec ascenseur d'une copropriété bien entretenue et sécurisée. En entrant vous découvrirez un séjour, une cuisine séparée aménagée et équipée, trois chambres dont deux avec accès à la terrasse, une salle de bain et WC séparé. Loyer CC : 1 255€ dont 75€ de provision de charges comprenant les charges de copropriété. Dépôt de garantie : 2 360€ Honoraires de location à la charge du locataire : 964,46€ dont 222,74€ d'honoraires d'état des lieux. Disponible le 03/10. DPE en cours. Bien soumis à l'encadrement des loyers.",https://www.vizzit.fr/fr/property/appartement/lyon-8eme/Adsk5m22anfvsvx2,https://lb1.vizzit.com/60631a/Adsk5m22anfvsvx2/Photos/Adsk5m22anfvsvx2_1.jpg?639256360290000000,2026-09-28
Lyon 8ème (Rhône),895 €/mois,44 m² - 2 pièces - 1 chambre,"Nous vous précisons qu'une pré-étude de votre dossier sera effectuée avant l'organisation d'une visite sur place. Pour déposer votre dossier, rendez-vous directement sur notre site internet, sur la page de l'annonce via le bouton 'Déposer ma candidature sur Seventee'. 3 rue des roses 69008 LYON - A quelques minutes à pied de l'avenue Jean Mermoz, desservie par le tramway T6 ainsi que par la ligne de métro D station Mermoz-Pinel, à proximité de nombreuses commodités. En retrait de la rue, au sein d'une résidence sécurisée, venez découvrir ce charmant T2 non meublé de 44,68 m2, situé au 2e et dernier étage avec ascenseur. Le logement se compose d'une entrée, d'une cuisine équipée et aménagée (placards hauts et bas, four, plaques de cuisson, lave-vaisselle, hotte) ouverte sur un séjour lumineux et, donnant accès à un balcon au calme. Il comprend également une chambre avec espace dressing ainsi qu'une salle d'eau avec WC. Réel atout dans ce quartier: une place de parking privative en sous-sol sécurisé. Chauffage et eau chaude individuels au gaz. Disponible immédiatement. Loyer: 895EUR dont 55EUR de charges (provisions mensuelles avec régularisation annuelle). Logement situé dans une zone soumise à l'encadrement des loyers. Loyer de référence: 647.43 EUR. Loyer de référence majoré: 777.43EUR. Complément de loyer: 62.57EUR (Cuisine entièrement équipée, balcon, dernier étage, place de parking) Dépôt de garantie: 840 euros. Honoraires à charge locataire: 586.2 TTC (13.12EUR/m2) - dont état des lieux: 135.38 euros TTC (3,03EUR/m2).",https://www.vizzit.fr/fr/property/appartement/lyon-8eme/Agu1zxg4a3ishoop,https://lb1.vizzit.com/4239008a/Agu1zxg4a3ishoop/Photos/Agu1zxg4a3ishoop_1.jpg?639256354760000000,2026-09-28
Lyon 3ème (Rhône),757 €/mois,52 m² - 3 pièces - 3 chambres,"T3 DE 52.81M² ENVIRON SITUE AU 41 AVENUE ROCKEFELLER SUR LYON 3 PROCHE TRAM ARRET AMBROISE PARE Appartement situé au 4ème étage avec ascenseur composé d'un hall d'entrée, de deux chambres, d'un séjour, d'une cuisine indépendante et d'un WC. Loyer: 707€ Charges: 50€ Dépôt de garantie: 707€ Honoraires: 692.87€ dont 158€ de frais d'état des lieux. Possibilité de payer en 3x (60€ de frais de dossier) Disponible à partir du . Bien soumis à l'encadrement des loyers. Loyer de référence majoré: 14.40€/m² Honoraires de 692,87 € TTC à la charge du locataire comprenant 158 € TTC pour l'état des lieux. Zone soumise à encadrement des loyers. Loyer de référence majoré (loyer de base à ne pas dépasser) 14.40 €/mois. Loyer de base 707.00 €/mois. Provision sur charges 50 €/mois, régularisation annuelle. Dépôt de garantie 707 €. Classe énergie D, Classe climat D Montant estimé des dépenses annuelles d'énergie pour un usage standard: entre 990.00 € et 1390.00 € sur les années 2021, 2022 et 2023 (abonnements compris).",https://www.vizzit.fr/fr/property/appartement/lyon-3eme/Aozsy5g5rtfgwgnr,https://lb1.vizzit.com/4239008a/Aozsy5g5rtfgwgnr/Photos/Aozsy5g5rtfgwgnr_1.jpg?639256352450000000,2026-09-28
Lyon 3ème (Rhône),1 990 €/mois,137 m² - 6 pièces - 4 chambres,"MONPLAISIR / MONTCHAT T6 familial de 137 m² avec terrasse, balcon et double garage À louer, grand appartement de type 6 pièces de 137 m² habitables, au 2ᵉ étage avec ascenseur d’une résidence familiale standing de 1990, bien entretenue, dans un secteur calme à la lisière de Monplaisir et Montchat. L’appartement offre un vrai volume de vie: bel espace séjour / salle à manger, balcon de 5 m² et terrasse de 12 m² pour manger dehors, cuisine indépendante aménagée et équipée, 4 chambres, 1 salle de bains, 1 salle d’eau et 2 WC. Double stationnement en enfilade au sous-sol. Exposition Nord-Sud, ouvertures PVC double vitrage, Logement non meublé, en bon état. Emplacement: rue Feuillat, Lyon 3ᵉ (Sans Souci – Dauphiné / Montchat). À pied: 7 minutes du métro D Monplaisir – Lumière environ 10 minutes de Grange Blanche (métro D + trams T2 / T5, hôpitaux) bus à proximité immédiate (C16, C13, 25, arrêts Feuillat / Harmonie Campus Pro) Commerces, écoles (dont Charles de Foucauld à deux pas), services et axes vers Part-Dieu, Bellecour et l’Est lyonnais. Quartier familial, bien desservi, sans être au cœur du flux Part-Dieu. Honoraires de 1 803 € TTC à la charge du locataire comprenant 416 € TTC pour l'état des lieux. Zone soumise à encadrement des loyers. Loyer de référence majoré (loyer de base à ne pas dépasser) 1700 €/mois. Loyer de base 1700 €/mois. 290 €/mois de charges forfaitaires. Dépôt de garantie 1 700 €. Classe énergie D, Classe climat B Montant moyen estimé des dépenses annuelles d'énergie pour un usage standard, établi à partir des prix de l'énergie de l'année 2021: entre 1640.00 et 2260.00 €. VENTE - ACHAT - GESTION LOCATIVE - LOCATION TeamFi recrute, formation assurée. Devenez apporteur d'affaires en complément de revenus, contactez-nous! La présente annonce immobilière a été rédigée sous la responsabilité éditoriale du mandataire indépendant en immobilier.",https://www.vizzit.fr/fr/property/appartement/lyon-3eme/A51lqolvlgh4xcvs,https://lb1.vizzit.com/4239008a/A51lqolvlgh4xcvs/Photos/A51lqolvlgh4xcvs_1.jpg?639256339920000000,2026-09-28
Lyon 2ème (Rhône),760 €/mois,38 m² - 1 pièce,"Lyon - rue Montcharmont à proximité du théâtre des Célestins F1 de 38m² composé d'une entrée, d'un séjour/chambre, d'une cuisine séparée aménagée et équipée, d'une salle de bains avec wc et branchement lave-linge. le + un espace de rangement attenant. Logement soumis à l'encadrement des loyers Loyer de référence : 679.18 euros Loyer majoré : 815.01 euros Contact : Eva",https://www.vizzit.fr/fr/property/appartement/lyon-2eme/Awlneqfn7lgc140h,https://lb1.vizzit.com/2635049a/Awlneqfn7lgc140h/Photos/Awlneqfn7lgc140h_1.jpg?639256248370000000,2026-09-28
Lyon 3ème (Rhône),540 €/mois,27 m² - 1 pièce,"La régie Galyo a le plaisir de vous présenter ce charmant T1 de 27,35 m², situé au 1er étage d'une copropriété bien entretenue rue Paul Bert, au cœur du 3ème arrondissement de Lyon, proche des commerces, des transports et de la gare Part-Dieu. L'appartement se compose d'une cuisine ouverte sur un séjour lumineux agrémenté d'une cheminée décorative, ainsi que d'une salle d'eau avec WC intégrés. Un bien fonctionnel et plein de cachet ! Zone soumise à encadrement des loyers : Loyer de référence : 467.69 € HC Loyer de référence majoré : 560.68 € HC Conseiller : Pauline",https://www.vizzit.fr/fr/property/appartement/lyon-3eme/Agzroqc71dt78gdd,https://lb1.vizzit.com/2635049a/Agzroqc71dt78gdd/Photos/Agzroqc71dt78gdd_1.jpg?639256527620000000,2026-09-28
Lyon 3ème (Rhône),897 €/mois,44 m² - 2 pièces - 1 chambre,"Votre Régie Galyo a le plaisir de vous proposer à la location, proche des transports en commun des commerces et de toutes commodités, cet appartement T2 de 58.78m². Au 2è étage d'une résidence sécurisée, située rue de la part dieu 69003 Lyon, il se compose, d'une entrée, d'un séjour avec cuisine , d'une chambre avec dressing, d'un bureau, d'une salle de bains, et d'un WC. Zone soumise à encadrement des loyers : Loyer de référence : 695.60 euros HC Loyer de référence majore : 833.83 euros HC Complément de loyer : 46.17 euros Contact : Eva",https://www.vizzit.fr/fr/property/appartement/lyon-3eme/A9f5hesic6ur5dld,https://lb1.vizzit.com/2635049a/A9f5hesic6ur5dld/Photos/A9f5hesic6ur5dld_1.jpg?639256248370000000,2026-09-28
Lyon 9ème (Rhône),677 €/mois,39 m² - 2 pièces - 1 chambre,"LYON 9 - Métro VALMY T2 rénové composé d'une entrée d'un séjour avec cuisine ouverte équipée d'une hotte et d'une plaque de cuisson, d'une chambre, d'une salle de bains et wc indépendants Logement soumis à l'encadrement des loyers Loyer de référence : 530.51 euros Loyer de référence majoré : 637.40 euros Contact : Eva",https://www.vizzit.fr/fr/property/appartement/lyon-9eme/Abs01j2p15xhufkc,https://lb1.vizzit.com/2635049a/Abs01j2p15xhufkc/Photos/Abs01j2p15xhufkc_1.jpg?639256248370000000,2026-09-28
Lyon 6ème (Rhône),3 100 €/mois,209 m² - 5 pièces - 4 chambres,"Lyon 6ième Bd des BELGES A deux pas du Parc de la Tête d'Or entrée côté Serres grand F5 de 210m² en entresol, traversant, l'appartement est modulable en fonction des besoins ou des envies, trois chambres séjour et salon ou bien quatre chambres et un séjour, la cuisine est séparée aménagée en partie avec meubles bas et plan de travail, équipée (plaques de cuisson) une salle d'eau lavabo double vasque, une salle de bains, wc Le charme de l'ancien : beaux parquets, cheminées décoratives Un garage double taille XXL loyer en sus 295€ vient compléter cette location si vous le souhaitez. Important le chauffage est compris dans les charges. Logement soumis à encadrement des loyers Loyer de référencé : 2580.66€ Loyer de référence majoré : 3105.19€ Contact Eva",https://www.vizzit.fr/fr/property/appartement/lyon-6eme/Ajykall8wj8jtd28,https://lb1.vizzit.com/2635049a/Ajykall8wj8jtd28/Photos/Ajykall8wj8jtd28_1.jpg?639256248380000000,2026-09-28
Lyon 8ème (Rhône),1 050 €/mois,55 m² - 2 pièces - 1 chambre,"Particulier loue dans résidence fermée, proximité des BUS-TRAM et commerces un appartement traversant composé d'une chambre, d'un grand séjour, d'une cuisine entièrement équipée neuve, d'une salle de douche et WC séparé. Place de parking privative + cave Loyer 900 euro + 150 euro de charges comprenant chauffage collectif, eau chaude et froide",https://www.vizzit.fr/fr/property/appartement/lyon-8eme/Ad5okmioldnkb615,https://lb1.vizzit.com/276804a/Ad5okmioldnkb615/Photos/Ad5okmioldnkb615_1.jpg?639256001850000000,2026-09-28
Lyon 8ème (Rhône),1 300 €/mois,63 m² - 3 pièces - 2 chambres,"Appartement T3 meublé de 63 m², climatisé, avec balcon et garage, dans une résidence récente construite en 2016. Loyer de 1 300 € charges comprises. Situé au 3e étage avec ascenseur d'une résidence de 5 étages, le logement comprend une entrée, un salon, 2 chambres, une salle de bains avec baignoire et des toilettes séparées. Il est loué meublé et équipé, prêt à vivre dès votre arrivée. Un garage fermé privatif est inclus, un véritable atout dans un secteur où le stationnement est payant. Les charges forfaitaires couvrent l'eau (abonnement et consommation), l'entretien annuel de la chaudière et de la climatisation, ainsi que les charges de copropriété. L'appartement est idéalement desservi, avec le tramway à proximité immédiate, route de Vienne, le métro B Place Jean Jaurès à 10 minutes à pied, qui permet de rejoindre rapidement Jean Macé et la gare de la Part Dieu, ainsi que plusieurs bus au bout de la rue, dont le C12. Disponible à partir du 1er novembre 2026. Informations locatives : Loyer : 1 300 € charges comprises, soit 1 190 € hors charges et 110 € de charges forfaitaires Zone soumise à l'encadrement des loyers Loyer de référence majoré : 17€/m² Loyer de base : 1 070 € Complément de loyer : 120 €, justifié par le garage fermé privatif et la climatisation Dépôt de garantie : 2 380 € Classe énergie : B",https://www.vizzit.fr/fr/property/appartement/lyon-8eme/A2zgsqugviejerzm,https://lb1.vizzit.com/276804a/A2zgsqugviejerzm/Photos/A2zgsqugviejerzm_1.jpg?639255994120000000,2026-09-28
Lyon 7ème (Rhône),517 €/mois,32 m² - 1 pièce,"LYON 7e ? RUE DE TOULON / RUE DE VIENNE ? PROCHE TRAM T1 À découvrir, appartement traversant de 32,53 m² idéalement situé dans le 7e arrondissement de Lyon, à deux pas du tramway T1 et des lignes de bus. L'appartement se compose d'une pièce de vie, d'une grande cuisine indépendante, ainsi que d'une salle de bains avec WC. Bénéficiant d'un emplacement pratique et recherché, vous profiterez d'un accès rapide aux transports en commun, avec le métro Jean Macé accessible en environ 15 minutes. Un appartement fonctionnel et agréable, idéal pour un étudiant ou un jeune actif, à proximité des commerces, transports et commodités. À visiter sans tarder !",https://www.vizzit.fr/fr/property/appartement/lyon-7eme/Ambzwd8tooiu2ey0,https://lb1.vizzit.com/538559a/Ambzwd8tooiu2ey0/Photos/Ambzwd8tooiu2ey0_1.jpg?639255990370000000,2026-09-28
Lyon 7ème (Rhône),1 200 €/mois,83 m² - 4 pièces - 3 chambres,"T4 de 3 chambres avec balcon, situé à proximité du métro Debourg. Appartement situé au 5e étage sur 9 avec ascenseur, dans un secteur proche des transports, commerces et commodités. Description du logement L'appartement se compose de : 3 chambres Un salon donnant directement sur le balcon Une cuisine séparée Une salle de bains WC Un placard mural offrant un espace de rangement Un balcon Possibilité de louer un garage en supplément Loyer mensuel : 1 100 € Charges mensuelles : 100 € Garage : 100 € / mois en supplément Conditions de location La location est soumise à l'étude préalable du dossier du candidat et, le cas échéant, de son garant. Avant la visite, merci de transmettre les principaux éléments permettant d'étudier votre candidature : situation professionnelle, revenus, type de contrat de travail et présence éventuelle d'un garant. Le dossier complet pourra être demandé à l'issue de la visite. Une attestation d'assurance habitation devra être fournie avant l'entrée dans les lieux. Dépôt de garantie : selon les conditions légales applicables au type de location. Frais de visite, constitution du dossier et rédaction du contrat : 400 € TTC, dans le respect de la réglementation en vigueur. Pour demander une visite Merci de préciser dans votre message : votre situation professionnelle votre type de contrat vos revenus mensuels le nombre de personnes qui occuperont le logement la présence éventuelle d'un garant. Les demandes seront étudiées avant proposition d'un créneau de visite.",https://www.vizzit.fr/fr/property/appartement/lyon-7eme/Ayrhodrcldckcl5w,https://lb1.vizzit.com/276804a/Ayrhodrcldckcl5w/Photos/Ayrhodrcldckcl5w_1.jpg?639255988300000000,2026-09-28
Lyon 3ème (Rhône),1 075 €/mois,69 m² - 3 pièces - 2 chambres,"Appartement 3 pièces comprenant 2 chambres avec balcon donnant sur le parc Sisley, peinture refaite. Hall d’entrée avec placard, un séjour avec cuisine US équipée, deux chambres avec rangement, une salle de bains, un WC séparé et un cellier. Situé au 2ème étage, accès par ascenseur, exposition Nord / Sud. Année de construction 2014, chauffage et eau chaude par chaudière individuelle gaz à condensation. Contrôle d’accès aux parties communes. Proximité écoles et commerces. Tramway T3 (250 m) et métro D (500 m). Possibilité de parking par box individuel. Visite après validation du dossier",https://www.vizzit.fr/fr/property/appartement/lyon-3eme/Aonm6rxrkgtcv666,https://lb1.vizzit.com/14576a/Aonm6rxrkgtcv666/Photos/Aonm6rxrkgtcv666_1.jpg?639255979790000000,2026-09-28
Lyon 8ème (Rhône),765 €/mois,15 m² - Studio,"Studio meublé 15 m² environ – Lyon 8e– Étudiant avec garant À louer à l’année, joli studio d’environ 15 m², très lumineux et entièrement meublé, situé avenue Berthelot, dans un bel immeuble ancien. ? Emplacement idéal étudiant Tram T2 et T4 à environ 5 min à pied Restaurants, supermarchés, pharmacie et salle de sport à proximité Parc Blandan à proximité, idéal pour courir, se promener ou profiter d’un peu de verdure Quartier vivant et populaire ? Le studio comprend : Meublé tout équipé Machine à laver dans le studio Climatisation Télévision Wi-Fi ? Sont compris dans le loyer : Électricité Chauffage Eau Wi-Fi Une laverie se trouve également juste en face pour laver et sécher son linge 1er étage sur 3 – sans ascenseur ? Loyer : 765 € / mois charges comprises ? Dépôt de garantie : 700 € ? Location à l’année ? Location exclusivement pour étudiant avec garant. Merci de me uniquement si vous êtes étudiant(e) et disposez d’un garant. Premier contact par messagerie Leboncoin avec une courte présentation : études suivies, durée souhaitée et situation du garant.",https://www.vizzit.fr/fr/property/appartement/lyon-8eme/Auamdrk5i30f3hh7,https://lb1.vizzit.com/276804a/Auamdrk5i30f3hh7/Photos/Auamdrk5i30f3hh7_1.jpg?639255973320000000,2026-09-28
Lyon 8ème (Rhône),1 050 €/mois,57 m² - 3 pièces - 2 chambres,"L'APPARTEMENT 2 chambres, Sdb, WC séparé, séjour/cuisine américaine aménagée mais non équipée. Appartement lumineux (traversant est/ouest), 4ème étage sur 5 Baies vitrées pleine hauteur double-vitrage dans toutes les pièces principales. Chauffage avec thermostat d'ambiance et radiateurs à fluide caloriporteur. Rangements. Vidéophone. Garage double fermé. L'EMPLACEMENT Résidence avec ascenseur livrée en 2012 (6-8 rue Joseph Chapelle). Bâtiment certifié HPE 2005. Idéalement situé, à deux pas de la place du Bachut. Toutes commodités à proximité (tram T2, commerces, mairie, maison de la Danse, écoles/lycée...). Proximité Grange-Blanche et Montplaisir. PRIX ET DISPO Disponible à partir du 10 octobre. Décomposition du loyer mensuel : - appartement = 830 € - charges = 105 € (ascenseur, fonctionnement et entretien des communs, eau) - garage (double) = 115 €",https://www.vizzit.fr/fr/property/appartement/lyon-8eme/Atrg1ale3qwe82wv,https://lb1.vizzit.com/3236804a/Atrg1ale3qwe82wv/Photos/Atrg1ale3qwe82wv_1.jpg?639257363090000000,2026-09-28
Lyon 7ème (Rhône),580 €/mois,15 m² - 4 pièces - 3 chambres,"? Idéalement situé à proximité du tramway, du métro et de toutes les commodités. L’appartement dispose d’un balcon et comprend : Un séjour avec canapé, écran plat et table à manger Une cuisine ouverte entièrement équipée, chambre disponible, avec lit double, bureau et armoire. Une salle d’eau avec baignoire ? Loyer : 520 € hors charges + 60 € de charges Les charges comprennent notamment l’électricité, l’eau, le chauffage, le gaz et le Wi-Fi. ? Intéressé(e) ? Contactez-moi directement",https://www.vizzit.fr/fr/property/appartement/lyon-7eme/Ajrrhidtrym2dcmy,https://lb1.vizzit.com/276804a/Ajrrhidtrym2dcmy/Photos/Ajrrhidtrym2dcmy_1.jpg?639255958870000000,2026-09-28
Lyon 8ème (Rhône),1 400 €/mois,84 m² - 4 pièces - 3 chambres,"T4 de 84m2 dans résidence sécurisée. Place de parking dans la résidence. Interphone et ascenseur. Cuisine équipée Séjour de 24m2 3 chambres avec parquet WC séparés Salle de bain Entrée avec placard Cellier Loggia Proche tous commerces, écoles et facultés. Loyer 1225€+165€de charges/mois eau et chauffage compris. Libre fin octobre",https://www.vizzit.fr/fr/property/appartement/lyon-8eme/Aovis92kkeotrnz5,https://lb1.vizzit.com/276804a/Aovis92kkeotrnz5/Photos/Aovis92kkeotrnz5_1.jpg?639256019650000000,2026-09-28
Lyon 8ème (Rhône),975 €/mois,51 m² - 3 pièces - 1 chambre,"Bonjour, Particulier loue en direct, appartement T2 Bis meublé (51m²) au calme avec balcon et place de parking. Dans le 8éme arrondissement, proche de Grange Blanche, à 5 minutes à pied du métro, idéal pour jeune couple actif. Appartement agréable et lumineux, composé d'un séjour de 19m², une chambre de 10m² ainsi que d'un espace bureau fermé, fibre, toilettes séparées, au 2éme étage avec ascenseur. Chauffage individuel électrique. Appartement meublé comprenant : 1 Frigo, 1 Lave-Linge, 1 Lave-vaisselle, 1 plaque de cuisson, 1 Four, 1 Lit avec table de chevet, 1 Table, 4 Chaises, 1 Bibliothèque, 1 Buffet, 1 Canapé-lit d’appoint. Loyer : 975 € charges comprises (Eau froide & Charges de copropriété) Disponible dès le 5 Octobre 2026 Pas de frais d’agence, ni d’honoraires de rédaction de bail. Prise de contact par la messagerie du Bon Coin, merci de compléter la présentation de votre profil locataire sur le site du Bon coin. Si votre dossier est retenu, nous vous donnerons rendez-vous pour une visite de l’appartement, durant la semaine du 21 au 27 Septembre. Pour la visite, merci de venir avec les documents suivants : - Pièce d’identité - Contrat de travail - 3 derniers bulletins de salaire - Justificatif de domicile - Garant Pas d’envoi de documents sur la messagerie du Boncoin. Annonce en ligne = Appartement disponible. Professionnels de l'immobilier s'abstenir.",https://www.vizzit.fr/fr/property/appartement/lyon-8eme/Apwckh30pnllumgs,https://lb1.vizzit.com/276804a/Apwckh30pnllumgs/Photos/Apwckh30pnllumgs_1.jpg?639254735910000000,2026-09-28
Lyon 8ème (Rhône),1 045 €/mois,46 m² - 2 pièces - 1 chambre,"À louer, agréable T2 meublé de 46 m² en rez-de-jardin, situé dans un environnement calme. L’appartement a été entièrement rénové il y a 2 ans et est aménagé avec du mobilier moderne et fonctionnel. Il se compose de : - une pièce de vie d'environ 25m² avec cuisine ouverte entièrement équipée (four, plaques à induction, frigo) - une grande terrasse privative de 25 m², au calme et sans vis-à-vis, idéale pour profiter des beaux jours - une chambre avec grand placard de rangement et ventilateur de plafond - une salle de bains - des WC séparés. L'appartement est proposé meublé, avec tout le nécessaire pour une installation immédiate. Loyer - 945 € / mois charges comprises (hors chauffage) - + 100 € / mois pour le garage (box fermé) - Soit 1 045 € / mois avec le garage Appartement disponible à partir de mi octobre Pour plus d’informations ou pour organiser une visite, n’hésitez pas à me . Pas de frais d'agences, gestion en direct.",https://www.vizzit.fr/fr/property/appartement/lyon-8eme/Ap8ek0d7vaz13q3k,https://lb1.vizzit.com/276804a/Ap8ek0d7vaz13q3k/Photos/Ap8ek0d7vaz13q3k_1.jpg?639254735630000000,2026-09-28
Lyon 8ème (Rhône),1 390 €/mois,87 m² - 7 pièces - 3 chambres,"Sans frais d'agence - cuisine aménagée - box garage double sécurisé. Résidence de 2007, à deux pas du tramway T6 et des bus C12, 34, 35, et à proximité du tramway T4. Proche des écoles, commerces, axes routiers rapides. Il se compose d'une entrée avec placards aménagés, d'une cuisine fermée entièrement équipée (meubles, hotte, lave-vaisselle, plaque induction, frigo, four chaleur tournante), d'une pièce de vie indépendante donnant sur un balcon à vivre sans vis-à-vis, d'un WC séparé, d'une salle de bains avec lavabo double vasque et baignoire. Les 3 chambres sont sans vis-à vis et pourvues d'un placard mural avec penderie. Un box garage double privatif en sous-sol sécurisé est inclus. Dans les parties communes, un local vélos est disponible. Le chauffage est individuel électrique, avec des radiateurs performants à chaleur douce l'appartement est très bien isolé. L'eau froide est incluse dans les charges. Logement soumis à conditions de ressources.",https://www.vizzit.fr/fr/property/appartement/lyon-8eme/A3xka00h1omq2xpe,https://lb1.vizzit.com/14576a/A3xka00h1omq2xpe/Photos/A3xka00h1omq2xpe_1.jpg?639254153600000000,2026-09-28
Lyon 7ème (Rhône),1 560 €/mois,18 m² - Studio,"Idéalement situé, au pied du métro B, vous accéderez directement et en quelques minutes à la gare de Lyon-Part-Dieu. Tous les logements sont meublés et confortablement équipés pour que vous vous y sentiez comme à la maison. Vous y trouverez une literie de qualité supérieure, un coin bureau ainsi qu'une cuisine équipée de plaques de cuisson, réfrigérateur, micro-onde, bouilloire. En option, vous pourrez avoir accès à la laverie, ou réserver une place de stationnement, dans le parking privé de l'établissement. À noter aussi que les animaux sont acceptés moyennant un coût supplémentaire. Dans le cadre d'une location saisonnière, en plus du loyer mensuel, une taxe de séjour d'un montant qui varie par nuit et par personne, sera à régler directement auprès de la résidence.",https://www.vizzit.fr/fr/property/appartement/lyon-7eme/A0r7enuwsdsbvvnu,https://lb1.vizzit.com/4239008a/A0r7enuwsdsbvvnu/Photos/A0r7enuwsdsbvvnu_1.jpg?639254120010000000,2026-09-28
Lyon 7ème (Rhône),1 400 €/mois,62 m² - 3 pièces - 1 chambre,"Location meublée Home Attitude (Référence 25707). Retrouvez la visite virtuelle de cet appartement meublé et envoyez votre demande de location uniquement via notre site Home Attitude. Cet appartement meublé prêt à vivre peut être réservé pour une durée comprise entre 3 mois et un an. Séjournez dans cet appartement d'une surface totale de 62m², situé dans le quartier saxe Gambetta et Garibaldi, au cœur du 7ème arrondissement à Lyon à deux pas de la place st Louis. Les stations de métro Garibaldi (D) et Saxe Gambetta (B) sont à seulement 5 min à pied. Ce 1 chambre prêt à vivre pourra vous accueillir vous et 1 personne supplémentaire pour un séjour en toute tranquillité à Lyon. Cet appartement est situé au 2ème étage avec ascenseur. Nos appartements étant tous prêts à vivre et équipés de Wifi, vous n'avez plus qu'à vous installer avec vos valises. Cet appartement est proposé à la location uniquement en bail CODE CIVIL (résidence secondaire ou en bail société) Vous pouvez voir tous nos appartements meublés de qualité, sélectionnés, visités et photographiés par nos agents sur notre site Home Attitude. Envoyez votre demande de location directement en ligne, téléchargez votre dossier locataire et un de nos conseillers reviendra vers vous rapidement.",https://www.vizzit.fr/fr/property/appartement/lyon-7eme/Apx8axgmydbczj5z,https://lb1.vizzit.com/1348082a/Apx8axgmydbczj5z/Photos/Apx8axgmydbczj5z_1.jpg?639254028860000000,2026-09-28
Lyon 8ème (Rhône),898 €/mois,56 m² - 2 pièces - 1 chambre,"Sans frais d'agence ! Chauffage inclus - Résidence récente avec des prestations de qualité, à deux pas du tramway T6 et Métro D arrêt Mermoz, proche des écoles, commerces, axes routiers rapides. Cet appartement composé d'une pièce de vie donnant sur un extérieur, d'une cuisine indépendante équipée et aménagée (Meubles, plaques de cuisson et hotte), une chambre en parquet avec placard mural, une salle de bains équipée ainsi qu'un WC séparé. Un parking privatif en sous-sol sécurisé pour faciliter le quotidien. Le chauffage et l'eau chaude sont inclus dans les charges. Logement soumis à CONDITIONS DE RESSOURCES.",https://www.vizzit.fr/fr/property/appartement/lyon-8eme/A4kor6a7l15ymew6,https://lb1.vizzit.com/4117118a/A4kor6a7l15ymew6/Photos/A4kor6a7l15ymew6_1.jpg?639254027660000000,2026-09-28
Lyon 3ème (Rhône),1 137 €/mois,64 m² - 3 pièces - 2 chambres,"Situé Rue Léon Jouhaux, a proximité immédiate du Métro Garibaldi, des commerces et de la Gare de La Part Dieu. Appartement non meublé au 3ème étage avec ascenseur. Il se compose d'une entrée, un salon avec cuisine américaine meublée et équipée de plaques de cuisson ouvert sur le premier balcon, deux chambres avec placards de 9m2 et 13m2 dont l'une ouverte sur le second balcon, salle de bains et toilettes séparés. Un garage fermé en sous sol est loué avec l'appartement. Chauffage, eaux froide et chaude collectifs inclus dans les charges. Libre le 7 octobre 2026. Référence: 3265 Logement soumis à l'encadrement des loyers : Loyer de référence : 13,3€/m2 soit 853,73 Loyer de référence majoré : 16,00€/m2 soit 1027,04 euros Loyer de référence minoré : 9,3€ soit 596,97 euros Les informations sur les risques auxquels ce bien est exposé sont disponibles sur le site Géorisques : Dépot de dossier en ligne sur SEVENTEE uniquement.",https://www.vizzit.fr/fr/property/appartement/lyon-3eme/A1tm3akhoz1dtdkz,https://lb1.vizzit.com/2666647a/A1tm3akhoz1dtdkz/Photos/A1tm3akhoz1dtdkz_1.jpg?639254027640000000,2026-09-28
Lyon 7ème (Rhône),583 €/mois,35 m² - 2 pièces - 1 chambre,"T2 - LYON 7 - T2 LYON 07 - 97 rue de Gerland LYON 69007 Clesev propose à la location, au 97 rue de Gerland à Lyon 7e, ce charmant T2 situé dans un secteur recherché et dynamique de Lyon. L'appartement se compose d'une entrée, d'un coin cuisine équipée avec meubles, plaque de cuisson, four et hotte, ouvert sur un séjour agrémenté d'une cheminée d'ornement et d'un placard. Il dispose également d'une chambre, d'une salle d'eau et d'un WC. Situé dans le 7e arrondissement de Lyon, le logement bénéficie d'un emplacement pratique, à proximité des commerces, services et commodités du quotidien. Le quartier est également bien desservi par les transports en commun, permettant de rejoindre facilement le centre de Lyon et les différents pôles d'activité de la métropole. Ce T2 offre un cadre de vie agréable et fonctionnel, idéal pour profiter pleinement de la vie lyonnaise. Contactez-nous dès maintenant sur Seventee pour organiser une visite et découvrir votre futur logement !. Loyer de 583,00 euros par mois charges comprises dont 15,00 euros par mois de provision pour charges (soumis à la régularisation annuelle). Les honoraires charge locataire sont de 467,47 euros ( soit 13,12 euros/m² ) dont 107,96 euros pour état des lieux ( soit 3,03 euros/m² ). Logement à consommation énergétique excessive.",https://www.vizzit.fr/fr/property/appartement/lyon-7eme/A0eg5qop0z8565si,https://lb1.vizzit.com/3191423a/A0eg5qop0z8565si/Photos/A0eg5qop0z8565si_1.jpg?639253994550000000,2026-09-28
Lyon 7ème (Rhône),573 €/mois,14 m² - Studio,"Studio meublé - Métro Garibaldi - 314 RUE GARIBALDI 69007 LYON - Nous vous proposons ce studio meublé de 14.87m² + espace nuit sur mezzanine (surface total 19.26m²), idéalement situé à côté du Métro. Coquet et fonctionnel, il se compose d'une pièce de vie avec cuisine meublée et équipée , d'un séjour avec canapé, table et chaises. Loyer : 573 € (553€ de loyer + 20€ de provisions de charges, révisable annuellement) - Dépôt de garantie : 1106 € + Honoraires d'agences : 195.09 € . Logement disponible de suite. Pour plus d'informations, vous pouvez l'agence Encadrement des loyers le loyer de référence pour ce logement est de 19,30€ par m², soit pour 14.87m², un loyer de 286,99€ hors charges. Le plafond (correspondant à 20% de plus que le loyer de référence) à ne pas dépasser pour ce logement est de 23,20€ par m², soit pour 14,87m², un loyer de 344,98€ hors charges. Un complément de loyer est appliqué pour les équipements de conforts apportés par les équipements suivants : Mezzanine, Une machine à laver, Une télévision. Loyer 553.00 € (344.98 € + 208,02 € de complément de loyer pour confort supplémentaire). Loyer de 573,00 euros par mois charges comprises dont 20,00 euros par mois de provision pour charges (soumis à la régularisation annuelle). Les honoraires charge locataire sont de 195,09 euros ( soit 13,12 euros/m² ) dont 45,06 euros pour état des lieux ( soit 3,03 euros/m² ). Montant estimé des dépenses annuelles d'énergie pour un usage standard : entre 350 et 510 euros. Prix moyens des énergies indexés en 2021.",https://www.vizzit.fr/fr/property/appartement/lyon-7eme/Ahgpbc9k0pvgwddg,https://lb1.vizzit.com/798625a/Ahgpbc9k0pvgwddg/Photos/Ahgpbc9k0pvgwddg_1.jpg?639253992050000000,2026-09-28
Lyon 3ème (Rhône),670 €/mois,32 m² - Studio,"A Louer F1 situé 21 rue Paul Bert – LYON 3, côté rue. A proximité immédiate des quais de Rhône, de la place Bellecour et de la Gare de la Part Dieu (via la station de métro Saxe Gambetta et/ou Guillotière). D’une surface d’environ 32 m2, il se décompose d’une grande pièce à vivre avec : - cuisine équipée (plaque vitro, four et frigidaire intégré) - un grand placard La salle de bain a également été refaite en 2016. Le chauffage est électrique. L’immeuble est équipé de la fibre pour internet. Loyer 640 € hors charges (670 € avec la provision pour charge de copropriétés d’un montant de 30 €). Reste à la charge du locataire l’eau et l’électricité. Les visites sont organisées sur place le mardi 22 septembre 2026 entre 09 H 00 et 12 H 00 (l'appartement est situé 21 rue Paul Bert - 69003 LYON au 3ème étage). Les visites sont libres (il n’est pas nécessaire de s’inscrire au préalable ou sur un créneau). Dans la mesure où le bien vous conviendrait, il conviendra de nous remettre votre dossier papier ou électronique après la visite du bien (comprenant les justificatifs habituels quant à l'identité, les revenus et, le cas échéant, les garants). Compte tenu du trop grand nombre de demande, nous ne pouvons répondre téléphoniquement et nous en excusons. Echange possible (si nécessaire) par SMS. Merci",https://www.vizzit.fr/fr/property/appartement/lyon-3eme/A7kfdfpgk6wyj84s,https://lb1.vizzit.com/276804a/A7kfdfpgk6wyj84s/Photos/A7kfdfpgk6wyj84s_1.jpg?639253893310000000,2026-09-28
Lyon 8ème (Rhône),1 635 €/mois,87 m² - 4 pièces - 3 chambres,"Appartement 4 pièces 88m² avec terrasse à Lyon 8ème Découvrez ce T4 situé au 4ᵉ étage d'une résidence à Lyon 8. L'appartement offre une belle pièce de vie lumineuse avec cuisine équipée ouverte ainsi qu'un espace supplémentaire pouvant servir de bureau, dressing ou stockage. Vous disposerez de trois chambres, dont deux avec accès direct à la terrasse. L'une des chambres bénéficie également de sa propre douche intégrée. Le logement comprend une salle de bains avec baignoire ainsi qu'une seconde salle d'eau. Vous profiterez d'une agréable terrasse avec vue dégagée sur des espaces verts. Prestations confortables : chauffage collectif, double vitrage et fibre optique. À proximité immédiate des commerces, transports en commun et commodités. Référence annonce : L-MSN-LYO--PEM Date de réalisation du diagnostic : Honoraires à la charge du locataire : 1153 € TTC dont 266 € pour l’état des lieux Dépôt de garantie : 1230 € Montant des charges : 150 € / mois Complément de loyer : 255 € / mois (inclus dans le loyer CC) Montant estimé des dépenses annuelles d'énergie pour un usage standard : entre 400 € et 580 € par an. Prix moyens des énergies indexés sur l'année 2021 (abonnements compris)",https://www.vizzit.fr/fr/property/appartement/lyon-8eme/A37jzvo1vpfk7mnu,https://lb1.vizzit.com/192298a/A37jzvo1vpfk7mnu/Photos/A37jzvo1vpfk7mnu_1.jpg?639253887180000000,2026-09-28
Lyon 7ème (Rhône),900 €/mois,50 m² - 2 pièces - 1 chambre,"Particulier loue T2, 50 m2, à 50 m station métro Saxe-Gambetta, proche Fac et toutes commodités (Commerces et Transports), entièrement meublé , au 2eme étage avec ascenseur, Double vitrage, chauffage individuel au gaz, cuisine spacieuse entièrement équipée. Coin salon ouvert sur cuisine avec canapé convertible, grande chambre avec salle de bain, WC séparés . Loyer 900 € charges immeuble comprises (hors consommation eau, gaz, électricité) Zone soumise à encadrement des loyers Garanties demandées : 1 garant, dépôt de garantie 1700 € (2 mois de loyer hors charge). Contact : via messagerie le bon coin",https://www.vizzit.fr/fr/property/appartement/lyon-7eme/Ads55zhfouwxvhpp,https://lb1.vizzit.com/276804a/Ads55zhfouwxvhpp/Photos/Ads55zhfouwxvhpp_1.jpg?639253877770000000,2026-09-28
Lyon 8ème (Rhône),1 184 €/mois,66 m² - 4 pièces - 2 chambres,"Secteur Grange Blanche/Laennec, a proximité immédiate du Métro Ligne D et à 5 minutes à pied de la faculté de médecine Lyon Est et de l'école Rockefeller. Appartement au 7ème étage avec ascenseur. Il se compose d'une entrée, un séjour donnant sur le balcon, une salle à manger, une cuisine séparée meublée et équipée, DEUX chambres et une autre pièce faisant office de bureau, une salle de bain avec baignoire et toilettes séparées. Chauffage et eau froide collectifs inclus dans les charges. Les autres abonnements sont individuels. Emplacement de parking libre au sein de la copropriété. Libre de suite. Référence : 3224 Loyer de base : 944,00 € + 89,96 € de complément de loyer pour la balcon. Logement soumis à l'encadrement des loyers : Loyer de référence : 784,46€ (11,80€/m2) Loyer de référence majoré : 944,02€ (14,20€/m2) Les informations sur les risques auxquels ce bien est exposé sont disponibles sur le site Géorisques : Dépot de dossier en ligne sur SEVENTEE uniquement.",https://www.vizzit.fr/fr/property/appartement/lyon-8eme/Ae6kvlbauxgexq9z,https://lb1.vizzit.com/2666647a/Ae6kvlbauxgexq9z/Photos/Ae6kvlbauxgexq9z_1.jpg?639253749570000000,2026-09-28
Lyon 8ème (Rhône),700 €/mois,25 m² - 1 pièce,"Situé en face du nouveau quartier Grand Parilly, rue Victor Roger et Thomas (très calme). Idéalement situé au cœur du quartier Grand Parily, et à quelques minutes du très agréable quartier Monplaisir, il dispose de tous les équipements nécessaires. :La cuisine est entièrement équipée avec frigo, lave-linge, micro-ondes, plaques électriques, bouilloire, grille-pain, thés, vaisselle, casseroles, poêles et ustensiles de cuisine.",https://www.vizzit.fr/fr/property/appartement/lyon-8eme/Azbf5uiqlplxw3x8,https://lb1.vizzit.com/14576a/Azbf5uiqlplxw3x8/Photos/Azbf5uiqlplxw3x8_1.jpg?639253422990000000,2026-09-28
Lyon 8ème (Rhône),600 €/mois,16 m² - 1 pièce,"A Louer, Studio MEUBLE à Lyon 8ème. A louer, Studio Meublé au rez-de-chaussée, idéalement situé à proximité immédiate des commerces, services et transports en commun. Rénové récemment, ce logement au rez-de-chaussée propose une agréable pièce de vie ouvrant sur un jardin clos, une cuisine ouverte équipée et meublée, un lit et une salle d'eau avec WC séparé. L'appartement dispose de nombreux rangements. Disponible le 7 octobre 2026. Loyer : 600,00 euros charges comprises (dont 70,00 euros de charges). Dépôt de garantie : 1 060,00 euros Honoraires : 220,42 euros (dont 50,90 euros de frais d'état des lieux) Pour visiter ou obtenir plus d'informations, contactez-vous dès aujourd'hui .",https://www.vizzit.fr/fr/property/appartement/lyon-8eme/A1xr3yt9js550s92,https://lb1.green-acres.com/4242479a/A1xr3yt9js550s92/Photos/A1xr3yt9js550s92_1.jpg?639253418030000000,2026-09-28
Lyon 2ème (Rhône),1 890 €/mois,146 m² - 5 pièces - 4 chambres,"Votre Régie Galyo a le plaisir de vous proposer à la location, proche des transports en commun, des commerces et de toutes commodités, cet appartement T5 de 146.09m². Au 4 ème étage d'une copropriété sécurisée située rue Victor Hugo, il se compose d'une entrée, d'un séjour, d'une salle à manger avec alcôve, d'une cuisine séparée, de 3 chambres, d'une salle d'eau, d'un salle de bain et 2 WC. Zone soumise à encadrement des loyers : Loyer de référence : 1796.91 euros HC Loyer de référence majoré : 2162.13 euros HC Contact : Pauline",https://www.vizzit.fr/fr/property/appartement/lyon-2eme/Asig77xt1jr5tkkx,https://lb1.vizzit.com/2635049a/Asig77xt1jr5tkkx/Photos/Asig77xt1jr5tkkx_1.jpg?639253377490000000,2026-09-28
Lyon 7ème (Rhône),445 €/mois,21 m² - 1 pièce,"RUE DE GERLAND 69007 LYON - PROCHE METRO JEAN MACE Proche de toutes les commodités, commerces et transports en commun Appartement T1 composé d'une cuisine, d'une pièce pouvant servir de séjour ou de chambre et d'une salle d'eau avec wc. Bien soumis à l'encadrement des loyers : - Loyer de référence : 350.30 € - Loyer de référence majoré : 420.35 € - Complément de loyer : 9.65 € Contact : Pauline",https://www.vizzit.fr/fr/property/appartement/lyon-7eme/Ayjsec60au73sewj,https://lb1.vizzit.com/2635049a/Ayjsec60au73sewj/Photos/Ayjsec60au73sewj_1.jpg?639253377500000000,2026-09-28
Lyon 3ème (Rhône),488 €/mois,26 m² - 1 pièce,"Au premier étage, découvrez ce studio cosy et lumineux de 26m² composé d'une entrée, d'une pièce de vie qui donne sur un balcon, d'une petite cuisine indépendante, d'une salle d'eau et d'un WC séparé. Chauffage individuel électrique. Logement soumis à l'encadrement des loyers : - Loyer de référence : 458,96 € - Loyer de référence majoré : 550,22 € Contact : Axelle",https://www.vizzit.fr/fr/property/appartement/lyon-3eme/Atnuuzcd2vi7upqh,https://lb1.vizzit.com/2635049a/Atnuuzcd2vi7upqh/Photos/Atnuuzcd2vi7upqh_1.jpg?639253377500000000,2026-09-28
Lyon 3ème (Rhône),748 €/mois,39 m² - 2 pièces - 1 chambre,"A LOUER! T2 NON MEUBLE de 39,74 m² au 4ème étage d'une copropriété sécurisée. L'appartement se compose d'une entrée, d'une pièce de vie avec cuisine aménagé, d'une chambre, d'une salle de bains avec toilettes. Chauffage individuel électrique, eau froide individuel. Loyer de référence: loyer de référence majoré: 16,59 €/m² LOYER PRATIQUÉ: 763,87 € provisions sur charges mensuelles avec régularisation annuelle: 16 € dépôt de garantie: 763,87 €.",https://www.vizzit.fr/fr/property/appartement/lyon-3eme/A5jor4w8dpogcwvn,https://lb1.vizzit.com/4239008a/A5jor4w8dpogcwvn/Photos/A5jor4w8dpogcwvn_1.jpg?639253333240000000,2026-09-28
Lyon 8ème (Rhône),644 €/mois,28 m² - 1 pièce,"Appartement calme situé rue Saint Hippolyte, deux pas du métro Sans-Souci - Comprenant : Entrée - Pièce principale Cuisine - Salle de bains / WC inclus en bains Annexes : parking et cave Chauffage collectif - Eau chaude et eau froide collectives selon index aux compteurs Résidence avec ascenseur et interphone Loyer de référence = 463.98€ Loyer de référence majoré = 556.78€ DPE nouvelle version réalisé en juillet 2022. Loyer de 644,00 euros par mois charges comprises dont 105,00 euros par mois de provision pour charges (soumis la régularisation annuelle). Les honoraires charge locataire sont de 365,56 euros ( soit 13,00 euros/m² ) dont 85,20 euros pour état des lieux ( soit 3,03 euros/m² ). Montant estimé des dépenses annuelles d'énergie pour un usage standard : entre 430 et 620 euros. Prix moyens des énergies indexés en 2021. Zone soumise encadrement des loyers. Le loyer de base du bien proposé est de 539 euros, le loyer de référence majoré (fixé par arrêté préfectoral) est de 556,776 euros",https://www.vizzit.fr/fr/property/appartement/lyon-8eme/Apwxqj5xtpf8b7gz,https://lb1.vizzit.com/641670a/Apwxqj5xtpf8b7gz/Photos/Apwxqj5xtpf8b7gz_1.jpg?639253174100000000,2026-09-28
Lyon 8ème (Rhône),978 €/mois,64 m² - 3 pièces - 2 chambres,"Secteur Bachut, avenue Paul Santy, résidence récente, T3 de 64.01m² au 5ème étage, cuisine indépendante, séjour avec balcon de 5.69m², 2 chambres, salle de bains, WC séparés, chauffage individuel au gaz, garage, disponible le 2 octobre. Assurance habitation (facultative) à partir de 23.66€ par mois. Zone soumise à encadrement des loyers : Loyer de base : 894€. Loyer de référence majoré (loyer de base à ne pas dépasser) : 953.75€.",https://www.vizzit.fr/fr/property/appartement/lyon-8eme/Ajgg384dxtwmme98,https://lb1.vizzit.com/184501a/Ajgg384dxtwmme98/Photos/Ajgg384dxtwmme98_1.jpg?639253148560000000,2026-09-28
Lyon 8ème (Rhône),628 €/mois,57 m² - 3 pièces - 2 chambres,"Appartement 3 pièces 57 m² PRENEZ VOTRE RENDEZ-VOUS : Cliquez sur ' l'agence' ou 'Envoyer un message'. Un lien vous sera envoyé par SMS et par mail afin de pré-valider votre dossier pour obtenir un rendez-vous. 6 RUE JOSEPH CHAPELLE A PROXIMITE DE L'AVENUE BERTHELOT ET DE LA MAIRIE DU 8EME, proche des commerces et du tramway T2, appartement F3 au 1er étage avec ascenseur, composé d'un hall d'entrée, un séjour avec coin-cuisine, deux chambres, une salle de bains, un WC et un garage en sous sol. Chauffage individuel électrique. Dispositif Scellier soumis à plafonds de ressources (zone A) Surface : 57 m² Modalité de récupération des charges locatives : Prévisionnelles mensuelles avec régularisation annuelle Date de réalisation du diagnostic énergétique : Consommation énergie primaire : 148 kWh/m²/an Consommation énergie finale : Non communiqué Montant estimé des dépenses annuelles d'énergie pour un usage standard : entre 880 € et 1 220 € sur les années 2021, 2022 et 2023 (abonnements compris).",https://www.vizzit.fr/fr/property/appartement/lyon-8eme/Ajvpwubl2snjvpkj,https://lb1.vizzit.com/4242335a/Ajvpwubl2snjvpkj/Photos/Ajvpwubl2snjvpkj_1.jpg?639253148210000000,2026-09-28
Lyon 7ème (Rhône),990 €/mois,68 m² - 3 pièces - 2 chambres,"cet appartement nu entièrement repeint 3 pièces de 68,19 m², situé 98 rue du repos dans le 7 ème arrondissement de Lyon, à seulement 5 minutes de la station de TRAM et 10 minutes de la gare Part-Dieu. Ce bien situé au premier étage se compose d'une entrée avec placard, d'un spacieux séjour avec une belle hauteur sous plafond, d'un coin cuisine ouvert sur le séjour, de deux chambres, d'une salle de bains WC . L'appartement est équipé d'un chauffage individuel électrique.",https://www.vizzit.fr/fr/property/appartement/lyon-7eme/Acxrtjz8ang5u821,https://lb1.vizzit.com/4243250a/Acxrtjz8ang5u821/Photos/Acxrtjz8ang5u821_1.jpg?639253109100000000,2026-09-28
Lyon 3ème (Rhône),890 €/mois,35 m² - Studio,"Studio de 35 m² avec loggia 8m² et cave 5 m² Loué meublé, loyer hors charges 845€, charges 45€, total 890€ Electricité et eau (suivant relevé compteur) en plus Piece principale avec BZ (compris alaise, couette et oreillers) et bouts de canapé Cuisine équipée avec table, chaises, placards, plan évier, cuisinière vitrocéramique, lave linge, réfrigérateur, four à micro onde, vaisselle Salle de bains avec baignoire, vasque, WC, meuble Loggia avec table et chaises Cave avec étagères périmétriques Chauffage électrique, volets roulants, fibre, marbre au sol, en parfait état Jardin et cours de tennis dans la copropriété A coté du métro Monplaisir-Lumière, du C16, pas loin du C13",https://www.vizzit.fr/fr/property/appartement/lyon-3eme/Am46s69ekvk10pbb,https://lb1.vizzit.com/276804a/Am46s69ekvk10pbb/Photos/Am46s69ekvk10pbb_1.jpg?639253097750000000,2026-09-28
Lyon 3ème (Rhône),920 €/mois,50 m² - 2 pièces - 1 chambre,"Appartement T1 bis entièrement rénové – Meublé avec goût – Disponible dès le 1octobre Montplaisir – Lyon 8ème – À moins de 5 min à pied de la Place Ambroise Courtois et du Métro D Le Charme de l'ancien, le confort du moderne ! Découvrez ce magnifique T1 bis de 35m² (50m² au sol), entièrement refait à neuf avec isolation renforcée, tout en conservant le cachet de l'ancien et ses belles poutres apparentes. Entièrement meublé et équipé, il sera prêt à vous accueillir dans un cadre élégant et chaleureux. Emplacement idéal : Quartier sécurisé et vivant À proximité immédiate de tous les commerces de l'Avenue des Frères Lumière : restaurants, boulangeries, supermarchés, boucheries, fromageries, caves à vin etc… Cuisine ouverte moderne entièrement équipée : machine à laver, four, micro-ondes… Salon cosy avec canapé, table basse, meuble TV et TV Coin nuit avec lit double et grand placard de rangement Loyer : 920 euros charges comprises (copropriété uniquement) Dépôt de garantie : 1740 euros Honoraires : 433 euros Disponible dès le 1 octobre Intéressé(e) ? Postulez dès maintenant ! Garantie Visale obligatoire pour l'acceptation du dossier Merci de nous envoyer un message avec les informations suivantes : Nom Prénom Âge Situation professionnelle & revenus Garant & revenus Honoraires de 438 euros TTC à la charge du locataire. Zone soumise à encadrement des loyers. Loyer de référence majoré (loyer de base à ne pas dépasser) 798 euros/mois. Loyer de base 798 euros/mois. 50 euros/mois de charges forfaitaires. Complément de loyer 72 euros/mois. Dépôt de garantie 1 740 euros. Classe énergie D, Classe climat B Montant estimé des dépenses annuelles d'énergie pour un usage standard : entre 510.00 euros et 730.00 euros sur les années 2021, 2022 et 2023 (abonnements compris).",https://www.vizzit.fr/fr/property/appartement/lyon-3eme/Ah73sc75yrs7g4fo,https://lb1.vizzit.com/1275027a/Ah73sc75yrs7g4fo/Photos/Ah73sc75yrs7g4fo_1.jpg?639253147470000000,2026-09-28
Lyon 3ème (Rhône),1 374 €/mois,51 m² - 3 pièces - 2 chambres,"appartement meublé T3 deux chambres à Lyon 3ème arrondissement. Cet appartement est entièrement équipé et meublé de très bon standing.Spacieux, cet appartement résolument urbain et design. Situé au21 rue Eugène Déruelle vous offre une localisation exceptionnelle, proche des halles Paul Bocuse et Part Dieu..2ème étage avec ascenceur",https://www.vizzit.fr/fr/property/appartement/lyon-3eme/Agicv9ggniqp1e6n,https://lb1.vizzit.com/69746a/Agicv9ggniqp1e6n/Photos/Agicv9ggniqp1e6n_1.jpg?639253146660000000,2026-09-28
Lyon 7ème (Rhône),1 000 €/mois,29 m² - 2 pièces - 1 chambre,"À seulement 50 mètres de la Place Jean Macé, découvrez ce charmant T2 meublé de 29 m² situé au calme, au 2ème étage avec ascenseur dans un immeuble Art Déco, à 2 mn à pied métro B, gare SNCF, bus et tram. Nombreux commerces de proximité facilitent la vie quotidienne. Entièrement rénové et aménagé avec soin, l'appartement offre un cadre de vie confortable, lumineux et fonctionnel. Il se compose d'une entrée avec rangements, d'un agréable séjour baigné de lumière, d'une cuisine ouverte entièrement équipée, d'une chambre séparée ainsi que d'une salle de bain avec WC. L'appartement est loué entièrement meublé et équipé : lit double, canapé, télévision, lave-linge, four, micro-ondes et nombreux espaces de rangement. Loyer : 915 € / mois Charges : 85 € / mois (chauffage, eau chaude et eau froide, électricité) Loyer charges comprises : 1 000 € / mois Dépôt de garantie : 915 € Pas de frais d’agence – location en directe par le propriétaire Disponible à partir du 1 Octobre 2026 Idéal pour jeune actif, salarié en mobilité recherchant un logement clé en main dans l'un des quartiers les plus recherchés de Lyon. Merci de préciser votre situation professionnelle lors de votre premier message (CDI, CDD, étudiant avec garant, mobilité professionnelle, etc.).",https://www.vizzit.fr/fr/property/appartement/lyon-7eme/A8h16ewhlw8uhhc6,https://lb1.vizzit.com/276804a/A8h16ewhlw8uhhc6/Photos/A8h16ewhlw8uhhc6_1.jpg?639253095310000000,2026-09-28
Lyon 7ème (Rhône),650 €/mois,40 m² - 2 pièces,"67 RUE DE MARSEILLE - 69007Appartement 2 pièces situé au 5ème et dernier étage sans ascenseur comprenant une entrée, une cuisine aménagée et équipée (cuisinière et hotte) ouverte sur le séjour ainsi qu'une salle d'eau avec W.C. La location pourra être déléguée à Foncia Développement et Location.",https://www.vizzit.fr/fr/property/appartement/lyon-7eme/Ajkr15crdi1ea6oa,https://lb1.vizzit.com/200592a/Ajkr15crdi1ea6oa/Photos/Ajkr15crdi1ea6oa_1.jpg?639253093060000000,2026-09-28
Lyon 3ème (Rhône),1 530 €/mois,80 m² - 3 pièces - 2 chambres,"Appartement T3 meublé de 80 m² avec balcon – Quartier Préfecture - Disponible immédiatement. Idéalement entre Préfecture et Part Dieu , dans un quartier recherché offrant un accès rapide aux commerces, transports en commun, restaurants et services, ce bel appartement meublé vous séduira par ses volumes généreux et son confort de vie. Situé au 4ᵉ étage avec ascenseur, il bénéficie d'une belle luminosité. Descriptif du logement • Grand séjour lumineux avec balcon • Cuisine entièrement équipée • 2 chambres confortables • Salle de bains • wc indépendants • Nombreux espaces de rangement. Les atouts Emplacement privilégié proche de toutes les commodités 4ᵉ étage avec ascenseur Balcon offrant un espace extérieur appréciable Charges comprenant l'eau et l'électricité Disponible immédiatement.",https://www.vizzit.fr/fr/property/appartement/lyon-3eme/Ammsh9szk52eduka,https://lb1.vizzit.com/184479a/Ammsh9szk52eduka/Photos/Ammsh9szk52eduka_1.jpg?639252444360000000,2026-09-28
Lyon 8ème (Rhône),830 €/mois,43 m² - Studio,"Studio de particulier à louer sur lyon 08. Disponible immédiatement pour cette location meublé de 43 m² proposé à 830 € mensuel charges comprises. Disponible immédiatementce logement est réservé aux étudiants. Annonce entre particuliers. Code insee : 69388. Atouts : internet inclus, balcon ou terrasse, cuisine équipée, proximité transport, proximité commerce.",https://www.vizzit.fr/fr/property/appartement/lyon-8eme/Aw72dictce39p5fj,https://lb1.vizzit.com/4107636a/Aw72dictce39p5fj/Photos/Aw72dictce39p5fj_1.jpg?639257429410000000,2026-09-28
Lyon 3ème (Rhône),1 120 €/mois,35 m² - 2 pièces - 1 chambre,"Studios meublés tout confort – Résidence moderne et sécurisée à Lyon 3 Emplacement idéal – Quartier vivant et central À proximité immédiate du campus Manufacture des Tabacs (Université Lyon 3 – IAE – Sciences-U) et des commodités : Carrefour City, boulangerie, restaurants… Mobilité facilitée : Métro Sans Souci (ligne D) au pied de l'immeuble Gare Part-Dieu à 5 minutes en bus Stations Vélo'v à 3 minutes à pied Studios prêts-à-vivre avec prestations premium : Mobilier et décoration modernes Climatisation réversible Internet illimité inclus Espace laverie dans la résidence Résidence moderne et sécurisée A savoir : Électricité et assurance à la charge du locataire Dépôt de garantie : 1 mois de loyer hors charges DPE : classe D – GES A Dossier à fournir obligatoirement AVANT toute visite Documents (locataire & garant) : - Pièce d'identité (recto/verso) - RIB - 3 dernières quittances de loyer ou attestation d'hébergement ou dernier avis de taxe foncière - Dernier avis d'imposition - 3 derniers bulletins de salaire Cas spécifiques : Étudiant / Apprenti : carte d'étudiant + justificatif de bourse Emploi récent : contrat de travail (< 1 an d'ancienneté) Travailleur indépendant : K-bis < 3 mois + 2 derniers derniers bilans + attestation comptable Retraite / Allocations : dernier décompte Dossier complet à envoyer à : gestion @ carredor .immo Format accepté : 1 PDF unique ou lien DossierFacile. Les dossiers incomplets ne seront pas traités.",https://www.vizzit.fr/fr/property/appartement/lyon-3eme/Ai22lezhf6gd4amx,https://lb1.vizzit.com/1358899a/Ai22lezhf6gd4amx/Photos/Ai22lezhf6gd4amx_1.jpg?639252289160000000,2026-09-28
Lyon 7ème (Rhône),1 090 €/mois,62 m² - 2 pièces,"Appartement de 62 m2 à louer sur Lyon T2 traversant meublé de 62m2 situé au 1er étage d'un immeuble situé avenue Berthelot dans le 7ème arrondissement à 10 minutes de Jean-Macé et de la ligne de Métro B et au pied du Tramway T2 (arrêt Garibaldi Berthelot). Appartement : L'appartement est en fin de rénovation, il est composé d'une grande chambre avec alcôve chambre, d'une salle de bain avec grande douche et machine à laver, un grand salon cuisine ouverte calme sur court avec deux fenêtres. Toute la cuisine est neuve et équipée (four, plaque, lave-vaisselle, réfrigérateur), toutes les fenêtres ont été changées également. L'appartement est loué meublé. Localisation : Idéalement situé à proximité de Jean Macé et de ses commerces et marchés, l'appartement est proche de multiples transports en commun (Tramway, Métro, Bus, etc..), la gare de Perrache se situe à moins de 15 minutes en transport. Prix : 1 050 € + 40 € de charges Chercher un logement, c'est l'enfer, alors on a créé 123 Loger pour vous simplifier la vie. Combien ça coûte ? Vous réglez le pass de 34 euros (29 euros pour les étudiants). Le pass est mensuel, votre profil reste actif tant que vous restez abonné-e. Sans engagement, vous pouvez vous désabonner très facilement. Nous offrons une garantie satisfait-e ou remboursé-e pendant 1 mois. Comment ça marche ? Sur 123 Loger, ce sont les propriétaires qui contactent les locataires et ça change tout. 1 - Vous définissez vos critères : villes, surface, budget, etc 2 - Vous décrivez votre profil locataire : CDI, étudiant, indépendant, revenus, garant, etc… Une fois pour toute ! 3 - Les propriétaires consultent votre profil et vous contactent directement. À bientôt sur 123 Loger. CC TTC Charges : 40 euros/mois Lieu : Rhône (69)",https://www.vizzit.fr/fr/property/appartement/lyon-7eme/Aod96wbeapqwrpt8,https://lb1.vizzit.com/4237311a/Aod96wbeapqwrpt8/Photos/Aod96wbeapqwrpt8_1.jpg?639252266810000000,2026-09-28
Lyon 3ème (Rhône),1 800 €/mois,80 m² - 3 pièces - 2 chambres,"Location meublée Home Attitude (Référence 25020). Retrouvez la visite virtuelle de cet appartement meublé et envoyez votre demande de location uniquement via notre site Home Attitude. Cet appartement meublé prêt à vivre peut être réservé pour une durée comprise entre 6 mois et un an. Séjournez dans ce superbe appartement de 80 m², idéalement situé au cœur de Montchat, l'un des quartiers les plus agréables et résidentiels du 3 € arrondissement de Lyon. Avec ses deux chambres et ses beaux volumes, cet appartement offre un cadre confortable et élégant pouvant accueillir jusqu'à 4 personnes. Entièrement équipé et prêt à vivre, il est parfaitement adapté à un séjour professionnel comme à une installation de plusieurs mois à Lyon. Situé au 1er étage avec ascenseur d'un immeuble sécurisé par code d'entrée, il bénéficie d'un environnement calme tout en restant parfaitement connecté, avec l'arrêt de bus Bonnand à seulement 100 mètres. Wi-Fi, mobilier et équipements sont déjà en place : posez simplement vos valises et profitez pleinement de votre nouveau chez-vous lyonnais. Vous pouvez voir tous nos appartements meublés de qualité, sélectionnés, visités et photographiés par nos agents sur notre site Home Attitude. Envoyez votre demande de location directement en ligne, téléchargez votre dossier locataire et un de nos conseillers reviendra vers vous rapidement. L'assurance habitation Axa est offerte pour chaque location.",https://www.vizzit.fr/fr/property/appartement/lyon-3eme/Al2ts9im1169qnhp,https://lb1.vizzit.com/1348082a/Al2ts9im1169qnhp/Photos/Al2ts9im1169qnhp_1.jpg?639252254000000000,2026-09-28
Lyon 8ème (Rhône),691 €/mois,41 m² - 2 pièces - 1 chambre,"Lyon 8 - Bachut - T2 de 42m², rénové dans une résidence calme. Une pièce de vie de 25m² env. comprenant cuisine entièrement équipée ouverte sur séjour, wc, salle d'eau et chambre. Garage et cave. Prox. Tram. et commerces. Dispo 11/05/26. Loyer : 691,32 euros C.",https://www.vizzit.fr/fr/property/appartement/lyon-8eme/A8d4dveqpyailviz,https://lb1.vizzit.com/194151a/A8d4dveqpyailviz/Photos/A8d4dveqpyailviz_1.jpg?639252253520000000,2026-09-28
Lyon 8ème (Rhône),700 €/mois,47 m² - 2 pièces,"Tout savoir sur ce bien EXCLUSIVITÉ - APPARTEMENT T2 NON MEUBLE - 69008 LYON - QUARTIER MONPLAISIR Votre Cabinet Citya Barioz vous propose à la location au 37 rue Saint Mathieu à Lyon 8ème, un appartement de 2 pièces nu de 47,20 m², idéalement situé dans le quartier Monplaisir. Dans un immeuble avec ascenseur, ce bien se compose d'une entrée, d'un séjour spacieux et lumineux, d'une cuisine donnant sur une loggia, d'une chambre et d'une salle de bains et d'un WC séparé. Voir plus Le chauffage et eaux individuelles électriques. Zone soumise à encadrement des loyers : loyer de référence : 1 105.38 €/mois loyer de référence majoré (loyer de base à ne pas dépasser) : 1 326.45 €/mois Des écoles du primaire et du secondaire sont implantées à moins de 10 minutes à pied. Niveau transports, il y a 21 lignes de bus, la gare Lyon Saint-Paul ainsi que les lignes C et A du métro à quelques pas du bien. L'aéroport Lyon-Bron-Bron est accessible à 10 km. Vous trouverez quatre cinémas tout comme deux théâtres non loin du logement. Il y a aussi un grand choix de restaurants et quatre bureaux de poste. Enfin, 2 marchés animent les environs. Découvrez toutes les originalités de cet appartement à louer en prenant RDV avec votre agence Citya Barioz Immobilier. Loyer de 700,00 euros par mois charges comprises Soit avec Assurance Habitation et Assistance ( 21.00 euros ) : 721,00 euros. Les honoraires charge locataire sont de 623,72 euros ( soit 13,12 euros/m² ) dont 144,05 euros pour état des lieux ( soit 3,03 euros/m² ). Vous pouvez consulter les barèmes d'honoraires à l'adresse suivante : bareme-location Montant estimé des dépenses annuelles d'énergie pour un usage standard : entre 780 et 1 100 euros. Prix moyens des énergies indexés en 2023. Service facultatif. Contribution annuelle ""attentats"" non comprise. Voir conditions en agence.",https://www.vizzit.fr/fr/property/appartement/lyon-8eme/A6pullwg7lne0c3h,https://lb1.vizzit.com/194151a/A6pullwg7lne0c3h/Photos/A6pullwg7lne0c3h_1.jpg?639258603150000000,2026-09-28
Lyon 8ème (Rhône),850 €/mois,15 m² - Studio,"Lyon 08. Pas loin des transports Bachut - Mairie du 8e (T2). Loue studio meublé de 15 m², disponible pour un loyer de 850 € charges comprises avec internet.",https://www.vizzit.fr/fr/property/appartement/lyon-8eme/Ahcbs8ok1qx482xs,https://lb1.vizzit.com/276804a/Ahcbs8ok1qx482xs/Photos/Ahcbs8ok1qx482xs_1.jpg?639252324850000000,2026-09-28
Lyon 7ème (Rhône),950 €/mois,44 m² - 2 pièces - 1 chambre,"APPARTEMENT MEUBLÉ DE CHARME – 44 m² – LYON 7 ? 139 avenue Berthelot, 69007 Lyon ? Disponible à partir du 1er octobre 2026 À louer, très bel appartement meublé de 44 m², situé au 4e étage d’un bel immeuble ancien au 139 avenue Berthelot, dans le 7e arrondissement de Lyon. L’appartement bénéficie de tout le charme de l’ancien et offre de beaux volumes : hauteur sous plafond d’environ 3 mètres, parquet en chêne massif, cheminée ancienne avec miroir, boiseries et de nombreux rangements intégrés. La pièce de vie, agréable et lumineuse, se prolonge par un espace nuit aménagé dans une alcôve, permettant de délimiter naturellement le coin nuit tout en conservant une belle sensation d’espace. La cuisine est aménagée et entièrement équipée, avec notamment four, plaques de cuisson, hotte, réfrigérateur, micro-ondes et lave-vaisselle. La salle d’eau dispose d’une grande douche, d’un meuble vasque et d’un lave-linge. L’appartement dispose également de fenêtres double vitrage, volets électriques, fibre ainsi que d’un local à vélos dans l’immeuble. ? Un emplacement particulièrement pratique Situé avenue Berthelot à Lyon 7e, l’appartement est à proximité immédiate de nombreux commerces, transports en commun et de toutes les commodités. Les universités et établissements d’enseignement supérieur, ainsi que les gares lyonnaises, sont facilement accessibles. Conditions ? Loyer : 895 € / mois hors charges ? Charges : 55 € / mois ➡️ 950 € / mois charges comprises ? Surface : 44 m² ?️ Location meublée ? 4e étage ⚡ DPE : F ? Disponible à partir du 1er octobre 2026 ? 139 avenue Berthelot, 69007 Lyon Merci de me en présentant brièvement votre situation professionnelle ou étudiante, vos revenus ainsi que vos éventuels garants, afin d’organiser une visite.",https://www.vizzit.fr/fr/property/appartement/lyon-7eme/Apk0lwqzze4b3z00,https://lb1.vizzit.com/276804a/Apk0lwqzze4b3z00/Photos/Apk0lwqzze4b3z00_1.jpg?639252222290000000,2026-09-28
Lyon 8ème (Rhône),1 154 €/mois,47 m² - 3 pièces - 2 chambres,"? COUP DE CŒUR T3 MEUBLÉ 47.+ JARDIN 50 m² + GARAGE + PARKING – IDÉAL COUPLE – MONPLAISIR ✨ Un appartement particulièrement adapté à un couple à la recherche d’un logement confortable, entièrement équipé et avec extérieur privatif. À louer, très agréable T3 meublé de 47 m², situé dans le secteur très recherché de Monplaisir – Lyon 8e, au rez-de-chaussée d’une résidence calme et bien entretenue. ? Son grand jardin privatif d’environ 50 m² est un véritable atout, offrant un espace extérieur rare en ville : repas en plein air, moments de détente, plantes, etc. ❤️ IDÉAL POUR UN COUPLE Avec ses 2 chambres, son jardin et ses nombreux équipements, l’appartement est particulièrement adapté à un couple souhaitant disposer d’une chambre supplémentaire pour aménager un bureau, une chambre d’amis ou une pièce polyvalente. Le logement permet ainsi de profiter d’un véritable confort au quotidien, tout en bénéficiant d’un espace extérieur et de plusieurs solutions de stationnement. ✨ Composition Entrée avec nombreux rangements Séjour agréable Cuisine équipée 2 chambres bureau intégré avec dressing sur mesure Salle de bains et WC (non séparés) Rangements dans chaque pièce Jardin privatif d’environ 50 m² Grande terrasse avec salon de jardin Cave Garage à vélos ?️ vous serez surpris par les équipements de qualité et par l’optimisation des espaces de cet appartement. Appartement entièrement meublé et équipé, prêt à vivre : Chauffage électrique individuel récent Radiateurs à inertie Ballon thermodynamique de 2018 Fenêtres oscillo-battantes récemment changées avec moustiquaires Volets roulants électriques Installation électrique rénovée en 2018 Mobilier et équipements complets : - four électrique - micro onde - plaques induction - machine à laver ? DPE C / GES B DPE : C GES : B Une bonne performance énergétique pour un logement confortable au quotidien. Montant estimé des dépenses d’énergie : 760-1080 € par an ? STATIONNEMENT Garage privatif + place de parking, un véritable avantage dans le secteur. ? LOYER Loyer de base : 824€ Complément de loyer : 180 €, justifié par la jouissance privative d’un jardin Charges : 150 € / mois ➡️ Soit un loyer charges comprises : 1 154€ / mois Location soumise à l’encadrement des loyers applicable à Lyon. Les informations relatives au loyer de référence et au loyer de référence majoré seront indiquées conformément à la réglementation en vigueur. ? GARANTIE VISALE Dossier accepté et garantie Visale acceptée, sous réserve d’éligibilité du candidat et de présentation du certificat Visale avant la signature du bail. ? MONPLAISIR – LYON 8e Quartier résidentiel recherché, à proximité des commerces, transports, écoles et commodités. ⭐ LES + DU BIEN ❤️ Idéal couple ? Jardin privatif d’environ 50 m² ?️ 2 chambres ? Garage + parking ?️ Meublé et équipé ? DPE C / GES B ? Résidence calme ? Secteur Monplaisir Accès tram T2-T4-metro sans soucis / monplaisir ligne D. Accès facile à la gare Part Dieu. Un bien rare sur le secteur grâce à son jardin, son calme et sa localisation. ? Disponible prochainement. Dossier locataire demandé avant visite. Contact par mail uniquement dans un première temps.",https://www.vizzit.fr/fr/property/appartement/lyon-8eme/A3z10vxte9p100lc,https://lb1.vizzit.com/276804a/A3z10vxte9p100lc/Photos/A3z10vxte9p100lc_1.jpg?639252217440000000,2026-09-28
Lyon 8ème (Rhône),1 010 €/mois,50 m² - 2 pièces - 1 chambre,"Coeur MONPLAISIR Loue en meublé magnifique T2 bis d’environ 50 m2, situé en plein coeur de Monplaisir (à 50m de l’Avenue des Frères Lumières et 3 min de la place). Au calme, sans vis à vis et sécurise, l’appartement (1er étage) donne sur un jardin et est situé à proximité immédiate des commerces, des facultés, des lycées et des arrêts de métro Monplaisir Lumière et grange blanche. Grande pièce de vie toute équipée (canapé convertible, TV, table et chaises, buffet, fauteuil) cuisine aménagée et toute équipée (four, plaques induction, lave-linge, réfrigérateur, micro-onde, machine nespresso et placard de rangement...) Coin nuit composé d’une chambres au calme avec un lit 2 places et des rangements. Salle de bain et WC indépendant Cave partagée Chauffage individuel électrique Disponible immédiatement Prix : 950Euro(s)/mois + 60Euro(s) charges/mois Caution : 2 mois de loyer HC Location directe propriétaire, agences et intermédiaires s’abstenir.",https://www.vizzit.fr/fr/property/appartement/lyon-8eme/A30wba1owujgg32r,https://lb1.vizzit.com/276804a/A30wba1owujgg32r/Photos/A30wba1owujgg32r_1.jpg?639252206700000000,2026-09-28
Lyon 3ème (Rhône),1 460 €/mois,67 m² - 4 pièces - 3 chambres,"15 RUE CAMILLE - 69003 LYON REF : -15 rue Camille - 69003 Lyon T4 - 68 m² - MONTCHAT - GRANDE TERRASSE DE 25 m² + GARAGE En plein coeur du quartier recherché de Montchat, dans un environnement calme et résidentiel, découvrez ce T4 de 68 m² situé au 2? étage avec ascenseur d'un immeuble récent BBC. L'appartement se compose d'un séjour avec cuisine meublée, de 3 chambres, d'une salle de bains ainsi que de WC séparés. Côté extérieur, le logement bénéficie d'un balcon de 4 m² ainsi que d'une très belle terrasse de 25 m², idéale pour profiter pleinement des beaux jours. Un garage en sous-sol complète ce bien. Le chauffage est collectif avec chaudière commune et compteur d'énergie individuel. Loyer : 1280 € / mois Charges : 180 € / mois, comprenant une provision pour le chauffage, l'eau chaude et l'eau froide. Loyer charges comprises : 1460€ / mois Loyer de référence : 828.38€ Loyer de référence majoré : 991.34€ Complément de loyer justifié notamment par le garage, la terrasse et la cuisine meublée. Honoraires : 680 € État des lieux : 155 € Zone soumise à l'encadrement des loyers Référence annonce : -REGIECHOMETTE69 Date de réalisation du diagnostic : Honoraires à la charge du locataire : 835 € TTC dont 155 € pour l’état des lieux Dépôt de garantie : 1280 € Montant des charges : 180 € / mois Modalité de récupération des charges locatives : provision avec régularisation annuelle Complément de loyer : 289 € / mois (inclus dans le loyer CC) A propos de la copropriété : Pas de procédure en cours Montant estimé des dépenses annuelles d'énergie pour un usage standard : entre 520 € et 760 € sur les années 2021, 2022 et 2023 (abonnements compris).",https://www.vizzit.fr/fr/property/appartement/lyon-3eme/A9buge8qe6x3zmqw,https://lb1.vizzit.com/49782a/A9buge8qe6x3zmqw/Photos/A9buge8qe6x3zmqw_1.jpg?639252204890000000,2026-09-28
Lyon 8ème (Rhône),910 €/mois,60 m² - 3 pièces - 2 chambres,Appartement 22 rue gabriel sarrazin 69008 LYON de type 3 traversant avec deux chambres dans une résidence calme et sécurisée a deux pas de la faculté de medecine et du centre LYON BERARD.,https://www.vizzit.fr/fr/property/appartement/lyon-8eme/A5fzjugozk72wc72,https://lb1.vizzit.com/222857a/A5fzjugozk72wc72/Photos/A5fzjugozk72wc72_1.jpg?639252198900000000,2026-09-28
Lyon 7ème (Rhône),850 €/mois,31 m² - 2 pièces - 1 chambre,"T1 BIS MEUBLE LYON 7 Rue Maurice Bouchor T1 BIS Meublé 31 m2, situé entre station de metro Jean Jaurès et station tram Debourg - ?️séjour salon cuisine - ?️cuisine toute équipée, four, plaques, et frigo/congélateur. - ?️ Chambre - ? grande salle de bain (douche) et toilettes + machine à laver - télé / fibre ? À proximité de l’ENS et EM LYON, des transports (metro, tram et bus) de toutes commodités ( commerces de quartier, pharmacie…) Appartement sécurisé avec accès par badge, fenêtre côté residence. 6eme étage sur 6, ascenseur ? Place de parking en sous sol ?‍♂️ Local à vélo en sous sol N’hésitez pas à me demander d’autres photos. Loyer de 850€/mois (750€ loyer + 50€ charges + 50€ place de parking) Premier contact par mail avec description de votre profil locataire svp. Merci de bien vouloir indiquer votre numéro de téléphone pour qu’on vous rappelle. Dépôt de garantie : 2 mois de loyer Garants obligatoires Pas de frais d'agence Disponible dès le 1er novembre 2026",https://www.vizzit.fr/fr/property/appartement/lyon-7eme/Al6blz0cir6n4x3x,https://lb1.vizzit.com/276804a/Al6blz0cir6n4x3x/Photos/Al6blz0cir6n4x3x_1.jpg?639252198850000000,2026-09-28
Lyon 8ème (Rhône),1 176 €/mois,85 m² - 4 pièces - 2 chambres,"51 rue de Montagny, immeuble de 2005 situé proximité de la rue Pierre Delore, il se compose d'une entrée, d 'un séjour double, lumineux avec cuisine équipée ouverte, et accès la terrasse de 18 m2 et un jardin de 69m2, de 2 chambres, d'une buanderie, et d'une salle de bains, wc indépendant. Chauffage individuel gaz Garage/box n°63 au 2eme sous-sol. Cet appartement est soumis la Garantie loyer impayé. DPE : D Loyer de référence : 987.16 € Loyer de référence majoré (loyer de base ne pas dépasser) :1184.59 € Merci de Déposez votre dossier de candidature sur . Loyer de 1 176,00 euros par mois charges comprises dont 91,00 euros par mois de provision pour charges (soumis la régularisation annuelle). Les honoraires charge locataire sont de 1 113,96 euros ( soit 12,98 euros/m² ) dont 260,10 euros pour état des lieux ( soit 3,03 euros/m² ). Montant estimé des dépenses annuelles d'énergie pour un usage standard : entre 1040 et 1470 euros. Prix moyens des énergies indexés en 2021. Zone soumise encadrement des loyers. Le loyer de base du bien proposé est de 1085 euros, le loyer de référence majoré (fixé par arrêté préfectoral) est de euros",https://www.vizzit.fr/fr/property/appartement/lyon-8eme/A5x3i45bgkscw58p,https://lb1.vizzit.com/69550a/A5x3i45bgkscw58p/Photos/A5x3i45bgkscw58p_1.jpg?639252997610000000,2026-09-28
Lyon 3ème (Rhône),1 105 €/mois,79 m² - 3 pièces - 2 chambres,"À LOUER - LYON 3 - appartement de type T3 de 79.55m², Traversant avec BALCONS ET GARAGE. Dans un environnement résidentiel, découvrez cet agréable appartement traversant de 79,55 m², Situé au 3e étage avec ascenseur. Dès l'entrée, l'appartement offre une distribution harmonieuse et des volumes agréables à vivre, avec un séjour ouvrant sur l'extérieur, une cuisine équipée avec plaque de cuisson et lave-vaisselle, ainsi que deux chambres. Les espaces de vie sont complétés par une salle de bains et un WC, offrant un ensemble fonctionnel et confortable au quotidien L'appartement bénéficie de deux balcons, véritables prolongements des espaces intérieurs, apportant une agréable ouverture vers l'extérieur Autre atout particulièrement appréciable, le bien dispose d'une cave ainsi que d'un garage fermé en sous-sol, offrant des espaces de rangement et de stationnement rares et recherchés Le logement est équipé d'un chauffage individuel au gaz et d'une production d'eau chaude individuelle au gaz, et bénéficie également du raccordement à la fibre. Avec sa belle superficie, son caractère traversant, ses deux espaces extérieurs et ses nombreuses annexes, cet appartement réunit les qualités recherchées pour un cadre de vie confortable et pratique Un bien complet et harmonieux, à découvrir sans tarder Zone soumise à encadrement des loyers : réf : 10.4€/m² réf majoré : 12.",https://www.vizzit.fr/fr/property/appartement/lyon-3eme/A9w0zjhf7x92euns,https://lb1.vizzit.com/538559a/A9w0zjhf7x92euns/Photos/A9w0zjhf7x92euns_1.jpg?639252294330000000,2026-09-28
Lyon 3ème (Rhône),750 €/mois,28 m² - 2 pièces - 1 chambre,"Appartement meublé T2 de 28 m2. Refait récemment, disponible début octobre 2026. Immeuble idéalement situé au 5 rue trarieux Lyon 3, proche de tous commerces et transports en commun. Immeuble ancien, calme et sécurisé. Appartement situé au dernier étage sans ascenseur. Chauffage individuel et chauffe eau électrique individuel. Salle de bain accueillante avec cabine de douche. Cuisine équipée, aménagée et meublée comprenant four, micro-onde, plaque induction, réfrigérateur-congélateur et lave-vaisselle. Pas de lave-linge. Loyer 750 € charges comprises. Montant du dépôt de garantie 1 mois de loyer soit 750€.",https://www.vizzit.fr/fr/property/appartement/lyon-3eme/Azc5grqe7fkk7mrn,https://lb1.vizzit.com/276804a/Azc5grqe7fkk7mrn/Photos/Azc5grqe7fkk7mrn_1.jpg?639252192280000000,2026-09-28
Lyon 7ème (Rhône),1 220 €/mois,48 m² - 2 pièces - 1 chambre,"À louer, très beau T2 meublé de 48,7 m², idéalement situé dans le secteur Saxe / Guillotière à Lyon 7e. L’appartement a été entièrement rénové en 2023 et bénéficie d’une très belle hauteur sous plafond de 3,70 m, qui lui apporte beaucoup de charme, de volume et de luminosité. Il se compose d’un séjour lumineux, d’une chambre, d’un bureau indépendant, ainsi que d’une mezzanine aménagée, idéale comme espace de couchage d’appoint ou de rangement supplémentaire. L’appartement est entièrement meublé et parfaitement aménagé, avec tout le nécessaire pour s’installer confortablement. Les fenêtres ont été remplacées depuis la réalisation du dernier diagnostic, améliorant ainsi l’isolation du logement. Caractéristiques : • Surface : 48,7 m² • T2 meublé • 1 chambre • Bureau indépendant • Mezzanine / couchage d’appoint et rangement • Hauteur sous plafond : 3,70 m • Rénovation complète en 2023 • Appartement lumineux • Climatisation portable • DPE : D • Immeuble ancien de caractère Loyer : 1 220 € / mois hors charges. Appartement agréable, fonctionnel et plein de charme, particulièrement adapté à une personne seule ou à un couple recherchant un logement spacieux avec un véritable espace de télétravail.",https://www.vizzit.fr/fr/property/appartement/lyon-7eme/Ad2ga8die4q6qtow,https://lb1.vizzit.com/276804a/Ad2ga8die4q6qtow/Photos/Ad2ga8die4q6qtow_1.jpg?639252191650000000,2026-09-28
Lyon 3ème (Rhône),1 059 €/mois,50 m² - 2 pièces - 1 chambre,"À louer, appartement de type 2 de 50m² situé au 4ème étage, entièrement meublé. Il comprend un hall, une cuisine équipée, un séjour, une chambre, une salle de bains, des WC séparés et un balcon privatif. L'appartement dispose également d'un garage fermé en sous sol. Disponible le 13 octobre A quelques pas du métro D. Loyer de référence majoré (loyer de base à ne pas dépasser): 909€ loyer de base: 909€ complément de loyer 118€.",https://www.vizzit.fr/fr/property/appartement/lyon-3eme/Ajnu9dtlpftuhnoa,https://lb1.vizzit.com/239955a/Ajnu9dtlpftuhnoa/Photos/Ajnu9dtlpftuhnoa_1.jpg?639252304690000000,2026-09-28
Lyon 8ème (Rhône),980 €/mois,57 m² - 3 pièces - 2 chambres,"Lyon 8ème Maryse Bastié- Jean XXIII , au 32 rue des Alouettes Appt T3, traversant, très lumineux au 5 ème étage avec ascenseur, loggia et balcon Place de parking sécurisée. Commerce et arrêt T2 à proximité immédiate. Cuisine séparée, WC séparés, entrée et séjour salon de 19 m2 et deux chambres. Double vitrage. Copropriété calme et bien entretenue. Loyer 840 euros plus charges 140 euros (eau et chauffage inclus) pas de frais d’agence.",https://www.vizzit.fr/fr/property/appartement/lyon-8eme/Amtzn1we7cp13vsl,https://lb1.vizzit.com/276804a/Amtzn1we7cp13vsl/Photos/Amtzn1we7cp13vsl_1.jpg?639252188680000000,2026-09-28
Lyon 7ème (Rhône),1 500 €/mois,56 m² - 3 pièces - 2 chambres,"T3 - MEUBLE - LYON 7 Century 21 le 7 de Cœur vous propose ce T3 de 56m² situé dans une résidence sécurisée à proximité des commerces et des transports : - Métro B et D arrêt ""Saxe - Gambetta"" à 6 minutes à pieds. - Tram 1 arrêt ""Rue de l'Université"" à 6 minutes à pieds. Cet appartement est composé d'une entrée avec placards, un salon séjour avec une jolie cuisine américaine aménagée et équipée ouvrant sur un balcon sans vis-à-vis, 2 chambres dont une avec placard, une salle d'eau avec douche italienne, un couloir avec placards, ainsi qu'un WC séparé. En sus, un garage extérieur est disponible pour 120€/mois. Charges : - Eau froide collective - Eau chaude individuelle Gaz - Chauffage individuel Gaz Disponible le 1er novembre 2026 ! Complément de loyer de 485.18 euros justifié par le mobilier et la décoration non obligatoire, le lave vaisselle, une cave, un four + un micro-ondes, une cave à vin, lave linge.",https://www.vizzit.fr/fr/property/appartement/lyon-7eme/Azxb7h3t6uqzbxt1,https://lb1.vizzit.com/222671a/Azxb7h3t6uqzbxt1/Photos/Azxb7h3t6uqzbxt1_1.jpg?639252059080000000,2026-09-28
Lyon 6ème (Rhône),1 510 €/mois,90 m² - 5 pièces - 4 chambres,"A quelques pas du métro (Ligne A - Arrêt 'Masséna'), et proche de toutes commodités, découvrez ce superbe appartement de 90 m² composé d'un entrée de plus de 10 m², d'un beau séjour avec une ouverture sur balcon, d'une cuisine indépendante de 4 chambres (12,77 m², 12,68 m², 11,17 m² et 11,08 m²), d'une salle d'eau et d'un WC séparé. Chauffage individuel au gaz et production d'eau chaude électrique. Logement soumis à l'encadrement des loyers : - Loyer de référence : 1069,91 € - Loyer de référence majoré : 1287,51 € Contact : Axelle",https://www.vizzit.fr/fr/property/appartement/lyon-6eme/Ac1552v88dzbxci5,https://lb1.vizzit.com/2635049a/Ac1552v88dzbxci5/Photos/Ac1552v88dzbxci5_1.jpg?639251959880000000,2026-09-28
Lyon 3ème (Rhône),945 €/mois,59 m² - 3 pièces,,https://www.vizzit.fr/fr/property/appartement/lyon-3eme/Aslgwygnetjbwu5b,https://lb1.vizzit.com/308407a/Aslgwygnetjbwu5b/Photos/Aslgwygnetjbwu5b_1.jpg?639251723990000000,2026-09-28
Lyon 8ème (Rhône),1 180 €/mois,94 m² - 5 pièces - 3 chambres,"Très bel appartement T5 avec deux grands balcons , cuisine équipée neuve , chambre avec parquet en bois , qui jouxte la maison de la danse .",https://www.vizzit.fr/fr/property/appartement/lyon-8eme/A6q14rys1wx9f9wx,https://lb1.vizzit.com/14576a/A6q14rys1wx9f9wx/Photos/A6q14rys1wx9f9wx_1.jpg?639251643580000000,2026-09-28
Lyon 3ème (Rhône),900 €/mois,53 m² - 2 pièces - 1 chambre,Bel appartement T2 avec parquet et à deux minutes à pied du métro Saxe Gambetta .,https://www.vizzit.fr/fr/property/appartement/lyon-3eme/A0ix11ki0qwgvpub,https://lb1.vizzit.com/14576a/A0ix11ki0qwgvpub/Photos/A0ix11ki0qwgvpub_1.jpg?639251594530000000,2026-09-28
Lyon 7ème (Rhône),1 200 €/mois,60 m² - 2 pièces - 1 chambre,Sous location Lyon 7 - métro saxe Gambetta T2 traversant et lumineux Disponible à partir de fin septembre pour une durée d’un mois.,https://www.vizzit.fr/fr/property/appartement/lyon-7eme/Axpwbxpehpat91q1,https://lb1.vizzit.com/276804a/Axpwbxpehpat91q1/Photos/Axpwbxpehpat91q1_1.jpg?639251431970000000,2026-09-28
Lyon 7ème (Rhône),763 €/mois,43 m² - 2 pièces - 1 chambre,"Nous vous proposons ce T2 de 43 m² situé au 3ème étage du 51 Rue Raclet à LYON 7ème. Il dispose d'un balcon ainsi que d'un garage simple PMR. Il se compose d'une entrée avec placard, d'une pièce de vie avec cuisine équipée (four, plaques de cuisson, hotte, rangements), d'une chambre ainsi que d'une salle de bains avec toilettes. Chauffage - Eau chaude individuel gaz. Eau froide collective Disponible de suite. Dépôt de dossier en ligne sur notre site internet Zone soumise à encadrement des loyers : - Loyer de référence majoré : 725,35 € - Loyer de référence : 634,51 € - Complément de loyer : 0 € DISPOSITIF PINEL : Plafond de ressources a respecter Loyer HC : 663 € Charges : 100 € Classe énergétique : C Montant estimé des dépenses annuelles d'énergie pour un usage standard : entre 490 € et 710 € Date de référence des prix de l'énergie pour établir cette estimation : Les informations sur les risques auxquels ce bien est exposé sont disponibles sur le site Géorisques :",https://www.vizzit.fr/fr/property/appartement/lyon-7eme/Ag9e99nvwoypze4n,https://lb1.vizzit.com/121617a/Ag9e99nvwoypze4n/Photos/Ag9e99nvwoypze4n_1.jpg?639251421680000000,2026-09-28
Lyon 7ème (Rhône),482 €/mois,16 m² - Studio,"Nous vous proposons ce studio meublé de 17 m² situé au 2ème étage du 191 Rue Marcel Meyrieux à LYON 7ème. Il se compose d'une entrée avec cuisine équipée (plaques de cuisson, rangements, frigidaire), d'une pièce de vie lumineuse ainsi que d'une salle d'eau avec toilettes. Chauffage - Eau chaude individuel électrique Eau froide collective Disponible au . Dépôt de dossier en ligne sur notre site internet Zone soumise à encadrement des loyers : - Loyer de référence majoré : 358,07 € - Loyer de référence : 298,67 € - Complément de loyer : 108,93 € Loyer HC : 467 € Charges : 15 € Classe énergétique : E Montant estimé des dépenses annuelles d'énergie pour un usage standard : entre 398 € et 538 € Date de référence des prix de l'énergie pour établir cette estimation : Les informations sur les risques auxquels ce bien est exposé sont disponibles sur le site Géorisques :",https://www.vizzit.fr/fr/property/appartement/lyon-7eme/Arsb6rp9jy72hbna,https://lb1.vizzit.com/121617a/Arsb6rp9jy72hbna/Photos/Arsb6rp9jy72hbna_1.jpg?639251421560000000,2026-09-28
Lyon 8ème (Rhône),700 €/mois,38 m² - 2 pièces - 1 chambre,"108 Rue Marius Berliet, 69008 Lyon. Nous vous proposons ce T2 non meublé situé au 4ème étage d'une résidence sécurisée. Une place de stationnement en sous sol est louée avec l'appartement. Le bien se compose d'une entrée avec placard, d'une pièce de vie lumineuse avec une cuisine ouverte (plaques de cuisson, hotte, rangements), d'une chambre ainsi que d'un balcon avec une vue dégagée et d'une salle d'eau avec WC. CHAUFFAGE, EAU CHAUDE, EAU FROIDE COLLECTIVES. ZONE SOUMISE A L'ENCADREMENT DES LOYERS Loyer médian : 565,16 € Loyer médian : 674,33 € Complément de loyer : 0 € Disponible de suite, dossier à déposer sur notre site internet. DISPOSITIF PINEL : Plafond de ressources a respecter Consommation énergétique : C Les coûts sont estimés en fonction des caractéristiques de votre logement et pour une utilisation standard sur 5 usages (chauffage, eau chaude sanitaire, climatisation, éclairage, auxiliaires) entre 344 € et 466 € par an Prix moyens des énergies indexés sur les années 2021, 2022, 2023 (abonnements compris) Les informations sur les risques auxquels ce bien est exposé sont disponibles sur le site Géorisques :",https://www.vizzit.fr/fr/property/appartement/lyon-8eme/A063mst5o5n4jt7h,https://lb1.vizzit.com/121617a/A063mst5o5n4jt7h/Photos/A063mst5o5n4jt7h_1.jpg?639251419890000000,2026-09-28
Lyon 7ème (Rhône),1 000 €/mois,54 m² - 2 pièces - 1 chambre,"Appartement T2 entièrement meublé de 54.18m2 au 6ème étage avec ascenseur situé au 3 Rue Brigadier Voituret - 69007 LYON. -> Si vous souhaitez candidater, veuillez déposer votre dossier sur Seventee. L'appartement dispose d'une cuisine équipée et aménagée, un séjour donnant sur un balcon de 4.35m2, une chambre, une salle d'eau et des wc séparés. Le bien comprend également une cave. Le loyer est de 1000€ (incluant 90€ de charges, chauffage et eau froide collectifs). Les honoraires sont de 710.83€ (incluant 164.16€ d'état des lieux). Le dépôt de garantie est de 910€. Encadrement des loyers : Loyer de référence : 15.3€/m2 Loyer majoré : 18.4€/m2 Loyer minoré : 10.",https://www.vizzit.fr/fr/property/appartement/lyon-7eme/Azsr8u40pgdrggcf,https://lb1.vizzit.com/1210351a/Azsr8u40pgdrggcf/Photos/Azsr8u40pgdrggcf_1.jpg?639251419870000000,2026-09-28
Lyon 3ème (Rhône),1 117 €/mois,104 m² - 4 pièces - 3 chambres,"A LOUER- LYON 3 - Rue du Docteur Rebatel , Appartement F4 de 104,40 m² au 4ème étage SANS ASCENSEUR , comprenant 3 belles chambres, un séjour lumineux et sans vis-à-vis, une cuisine indépendante, et une salle de bains avec WC séparés Entretien chaudière compris dans les charges. Chauffage et eau chaude par chaudière au gaz. I Idéalement situé dans le 3ème arrondissement de Lyon, ce bien bénéficie d'une adresse prisée, appréciée pour son équilibre entre vie de quartier et excellente desserte. Parfaitement connecté, le quartier est desservi par plusieurs lignes de bus et de tramway, permettant de rejoindre rapidement le métro ainsi que la gare de Lyon Part-Dieu, principal pôle de transports de la métropole. Le centre-ville, la Presqu'île, le quartier d'affaires de la Part-Dieu et Monplaisir sont facilement accessibles, faisant de cette adresse un choix attractif . Cette localisation réunit tous les atouts recherchés : une vie de quartier dynamique, des infrastructures de qualité, une mobilité optimale et un environnement pratique, garantissant un confort de vie rare au coeur de Lyon.",https://www.vizzit.fr/fr/property/appartement/lyon-3eme/A196vzeapjpg6vve,https://lb1.vizzit.com/538559a/A196vzeapjpg6vve/Photos/A196vzeapjpg6vve_1.jpg?639251418060000000,2026-09-28
Lyon 8ème (Rhône),664 €/mois,33 m² - 2 pièces - 1 chambre,"Coeur de monplaisir, à 2 pas de l'avenue des frères lumière, T1 bis de 33m² au 2è étage, cuisine aménagée ouverte sur séjour, chambre, 1 salle d'eau. 1 Garage en sous/sol, 1 cave. Zone soumise à l'encadrement des loyers, loyer de référence médiant : 643.69 euros/mois, loyer majoré : 773.",https://www.vizzit.fr/fr/property/appartement/lyon-8eme/As4my84hsmgvozg2,https://lb1.vizzit.com/194151a/As4my84hsmgvozg2/Photos/As4my84hsmgvozg2_1.jpg?639251416770000000,2026-09-28
Lyon 8ème (Rhône),1 003 €/mois,57 m² - 3 pièces - 2 chambres,"31 RUE PIERRE DELORE 69008 LYON , dans une résidence récente et sécurisée, venez visiter ce T3 de 57,84m2 en rez-de-jardin au calme. Il se compose d'un séjour avec une cuisine équipée ouverte, une grande terrasse avec jardin, deux chambres, une salle de bain et WC. Chauffage individuel au gaz. Proximité TRAM - BUS- EF dans les charges- La location pourra être déléguée à Foncia Développement et Location.",https://www.vizzit.fr/fr/property/appartement/lyon-8eme/Aq00ebrion5vbzde,https://lb1.vizzit.com/4185573a/Aq00ebrion5vbzde/Photos/Aq00ebrion5vbzde_1.jpg?639251409080000000,2026-09-28
Lyon 8ème (Rhône),1 003 €/mois,58 m² - 3 pièces,"31 RUE PIERRE DELORE 69008 LYON , dans une résidence récente et sécurisée, venez visiter ce T3 de 57,84m2 en rez-de-jardin au calme. Il se compose d'un séjour avec une cuisine équipée ouverte, une grande terrasse avec jardin, deux chambres, une salle de bain et WC. Chauffage individuel au gaz. Proximité TRAM - BUS- EF dans les charges- La location pourra être déléguée à Foncia Développement et Location. Montant estimé des dépenses annuelles d'énergie pour un usage standard : entre 580 € et 830 € sur les années 2021, 2022 et 2023 (abonnements compris).",https://www.vizzit.fr/fr/property/appartement/lyon-8eme/Avvs37oekpnttcga,https://lb1.vizzit.com/4185573a/Avvs37oekpnttcga/Photos/Avvs37oekpnttcga_1.jpg?639251409080000000,2026-09-28
Lyon 7ème (Rhône),700 €/mois,2 pièces - 1 chambre,"RUE DE MARSEILLE TRAM ST-ANDRE/METRO GUILLOTIERE A louer appartement de type 2 refait à neuf, extrêmement lumineux, au cinquième étage sans ascenseur, d'une surface au sol de 39 m², et comprenant un séjour donnant sur une cuisine ouverte avec bloc évier, une chambre, salle de bains avec baignoire, salle d'eau avec W.C, espaces de rangement. Autres prestations : chauffage individuel gaz, eau chaude par cumulus électrique. DPE : D Loyer : 647,00 EUR Montant des charges : 53,00 EUR Dépôt de garantie : 647,00 EUR Honoraires à la charge du locataire : 511,68€ TTC comprenant l'état des lieux Loyer de référence : 538,20 EUR HC Loyer de référence majoré : 647,40 EUR HC PREMIER CONTACT PAR MAIL IMPERATIF 2.16.1.2 2.16.1.2 2.16.1.2 2.16.1.2",https://www.vizzit.fr/fr/property/appartement/lyon-7eme/A95mwg6g3wb7wga2,https://lb1.vizzit.com/2628767a/A95mwg6g3wb7wga2/Photos/A95mwg6g3wb7wga2_1.jpg?639251402390000000,2026-09-28
Lyon 8ème (Rhône),1 204 €/mois,84 m² - 4 pièces - 3 chambres,"SANS HONORAIRES. T4 LYON 8 / GRAND TROU Appartement T4 situé 9 rue Colonel Arnaud Beltrame 69008 LYON, idéal pour une famille, dans une résidence calme et sécurisée. Description : - Grand séjour avec cuisine ouverte de 24,53m² - 3 chambres de 13m² et 9m² - Salle de bain - WC séparés - Terrasse de 7m² - Garage Surface : 84 m² Loyer : 1203 euros charges comprises Dépôt de garantie : 1020 euros Disponibilité : Immédiate Zone soumise à encadrement des loyers loyer de référence majoré : 1 150,80 euros loyer de base : 917,88 euros complément de loyer : 0,00 euros Référence à rappeler lors de nos échanges : 6859 - 345257 Les informations sur les risques auxquels ce bien est exposé sont disponibles sur le site Géorisques : LAC / Logement Abord.contract.",https://www.vizzit.fr/fr/property/appartement/lyon-8eme/Ahys7iqavjcv7mem,https://lb1.vizzit.com/69107a/Ahys7iqavjcv7mem/Photos/Ahys7iqavjcv7mem_1.jpg?639251396470000000,2026-09-28
Lyon 8ème (Rhône),850 €/mois,39 m² - 2 pièces - 1 chambre,"Merci de bien vouloir envoyer votre dossier par mail afin que je l’étudie et vous fasse un retour. Appartement de 39 m2 situé Avenue Paul Santy dans le quartier du Bachut Lyon 08, proche de toutes commodités (commerces) et facilité d'accès pour les facultés/gares/hôpitaux (Trams T2, T4 et T6, Bus C15, C22, C25 et 296) ou le périphérique. Appartement lumineux, refait à neuf, dans un immeuble neuf sécurisé, au 2ème étage avec ascenseur. Disponible au 1er octobre. Il comprend : - entrée avec visiophone - WC séparé - une pièce à vivre avec cuisine équipée (frigo avec compartiment congélateur, plaque induction, four, lave-vaisselle, vaisselle, couverts, ustensiles, plats, table et chaises) ainsi qu'un salon (canapé, table basse, meuble bas). - une chambre équipée d'un lit en 160 cm, placard, armoire et nombreux rangements. - une salle de bain avec vasque, baignoire et lave-linge. - un grand box fermé en sous-sol Le loyer est de 850 € charges mensuelles comprises. Le complément de loyer correspond à l'emplacement et au garage. L'eau, l'électricité et Internet, NE SONT PAS COMPRIS dans le montant du loyer. Direct propriétaire, pas de frais d'agence, pas de frais d’état des lieux. Merci aux locataires intéressés de faire une présentation par email et de vérifier les conditions de garantie (revenus nets mensuels réguliers et permanents supérieurs à 2.430 €).",https://www.vizzit.fr/fr/property/appartement/lyon-8eme/Ax6gid8mgn8626ko,https://lb1.vizzit.com/276804a/Ax6gid8mgn8626ko/Photos/Ax6gid8mgn8626ko_1.jpg?639251394370000000,2026-09-28
Lyon 7ème (Rhône),1 085 €/mois,62 m² - 2 pièces - 2 chambres,"Appartement T3 meublé – 112 Boulevard des Tchécoslovaques Découvrez cet appartement de type 3 meublé, situé dans un immeuble récent de 2012, alliant confort et modernité. L'appartement se compose : D'un hall d'entrée accueillant D'un salon lumineux D'une cuisine aménagée et équipée De deux chambres confortables D'une salle de bains D'un WC séparé De deux balcons D'un stationnement privatif Emplacement et commodités : Idéalement situé, l'appartement est proche de toutes les commodités et des commerces. Il bénéficie d'une excellente desserte avec le tramway à proximité immédiate, et se trouve à seulement 10 minutes du métro B (station Jean Macé) ainsi qu'à 10 minutes de la Part-Dieu. Conditions financières : Loyer : 1 030,13 euros par mois Provisions pour charges : 54,77 euros par mois Honoraires de location (dossier) : 273 euros Frais d'état des lieux : 78 euros Encadrement des loyers : Bien situé en zone soumise à l'encadrement des loyers : Loyer de référence : 14,10 euros/m² Loyer majoré : 16,90 euros/m² N'hésitez pas à nous pour plus d'informations ou pour organiser une visite. Votre dossier locataire : Démarquez vous et mettez toutes les chances de votre côté, merci d'utiliser DossierFacile () pour constituer et nous envoyer votre dossier locataire, c'est un service gratuit du gouvernement qui aide les locataires à constituer un Dossier unique, complet et sécurisé afin de le partager simplement aux Propriétaires et Agences.",https://www.vizzit.fr/fr/property/appartement/lyon-7eme/A77z8af2ozwst2us,https://lb1.vizzit.com/71737a/A77z8af2ozwst2us/Photos/A77z8af2ozwst2us_1.jpg?639251408970000000,2026-09-28
Lyon 8ème (Rhône),820 €/mois,40 m² - 50 m² de terrain - 2 pièces,"✅ Location de particulier à particulier – agences s’abstenir. ? Charmante maisonnette de 40 m², entièrement meublée, avec jardin clos de 50 m² et terrasse de 10 m², située dans un quartier calme et verdoyant du 8e arrondissement. ➕ À proximité immédiate : • Hôpitaux et facultés de médecine • Métro Laennec, tramway Californie, bus 38 • Parc de Parilly, commerces, centres commerciaux • Écoles : Junior School International, école Édouard Herriot ? Composition • Pièce de vie lumineuse avec cuisine ouverte • Chambre séparée (porte coulissante) • Salle de bain avec douche + WC • Accès direct terrasse + jardin privatif ⚙️ Équipements • Cuisine équipée : réfrigérateur, plaques, four, lave vaisselle • Machine à laver • Mobilier complet et fonctionnel ? Loyer & Charges Loyer principal : 820 € / mois Inclut les charges courantes de copropriété. Provision électricité + eau : La maison fonctionne entièrement à l’électricité. • 120 € / mois pour 1 personne • 150 € / mois pour 2 personnes ? Relevé des compteurs trimestriel pour ajustement selon consommation réelle. ? Types de contrats acceptés Je suis ouvert aux contrats mobilité, locations saisonnières ou courtes durées. ? Le prix peut varier selon la saison, la durée et le niveau de charges. ? Dossier demandé • Pièce d’identité • 3 dernières fiches de paie • 2 derniers avis d’imposition • Contrat de travail + attestation employeur • Garant avec justificatifs (revenus, impôts, taxe foncière/habitation) • Assurance habitation + RIB (prélèvement automatique) ? Disponible dès maintenant – contactez nous pour une visite ! Un petit coin de tranquillité en ville, idéal pour étudiant, professionnel ou couple ?",https://www.vizzit.fr/fr/property/immobilier/lyon-8eme/Ag372ull8hs6x9qv,https://lb1.vizzit.com/276804a/Ag372ull8hs6x9qv/Photos/Ag372ull8hs6x9qv_1.jpg?639251385600000000,2026-09-28
Lyon 3ème (Rhône),680 €/mois,30 m² - Studio,"À louer : un studio de 30 m² situé au 140 avenue Félix-Faure, 69003 Lyon dans un secteur agréable et bien desservi du 3e arrondissement, à proximité de Part-Dieu, des transports en commun et des commerces de proximité. Le studio est au 4ème et dernier étage sans ascenseur d’un immeuble ancien. Il se compose : d’une spacieuse pièce de vie avec fenêtre de toit, d’un espace cuisine équipé de plaques de cuisson, d’une hotte, d’un évier et de rangements, ainsi qu’une salle de douche avec WC. Le chauffage et l’eau chaude sont individuels électriques. Disponible immédiatement. Aucun frais d’agence à prévoir. Loyer : 671€ Charges : 9€ Dépôt de garantie : 671€ Les photographies présentées dans l’annonce ne sont pas récentes. Merci de bien vouloir me par téléphone ou message pour tout renseignement ou pour organiser une visite.",https://www.vizzit.fr/fr/property/appartement/lyon-3eme/Ae7qjjamwcd4fs5h,https://lb1.vizzit.com/276804a/Ae7qjjamwcd4fs5h/Photos/Ae7qjjamwcd4fs5h_1.jpg?639251381450000000,2026-09-28
Lyon 3ème (Rhône),2 850 €/mois,160 m² - 600 m² de terrain - 4 pièces,"Maison exceptionnelle à louer dans le quartier très recherché de Montchat, à 2 pas des principaux hôpitaux de Lyon. Salon cathédrale de 60m2 éclairé par une verrière qui s'ouvre sur une terrasse couverte et un jardin arboré. Les chambres sont spacieuses. Si vous recherchez un endroit où vous poser en Ville dans un coin de verdure, alors c'est l'endroit parfait pour vous.",https://www.vizzit.fr/fr/property/immobilier/lyon-3eme/A12j99l2edgfzsyw,https://lb1.vizzit.com/14576a/A12j99l2edgfzsyw/Photos/A12j99l2edgfzsyw_1.jpg?639251003210000000,2026-09-28
Lyon 8ème (Rhône),945 €/mois,59 m² - 2 pièces - 1 chambre,"Plusse vous propose un appartement Meublé de 59 m² idéalement situé au 63 avenue des Frères Lumières Lyon 69008 : Ce quartier garde un esprit de village, les habitants s'y côtoyant dans les nombreux commerces de l'avenue des Frères-Lumière et sur le grand marché qui se tient place Ambroise-Courtois les mardi, jeudi et samedi. Vous apprécierez notamment la diversité des commerces alentours et la proximité de la faculté Lyon 3 ou des écoles privées. C'est un quartier idéal pour les étudiants. Disponible : Cet appartement clé en main dispose des aménagements suivants : L'appartement est traversant donc très lumineux L'entrée dessert une spacieuse pièce de vie d'environ 20 m², chaleureuse et lumineuse, aménagée avec goût pour offrir un espace convivial et agréable au quotidien. Ouverte sur le séjour, la cuisine est entièrement équipée et dispose de plaques de cuisson, d'un four, d'une hotte, d'un micro-ondes, d'un réfrigérateur-congélateur, d'un îlot central ainsi que de nombreux rangements. La chambre, spacieuse et lumineuse, bénéficie d'une agréable absence de vis-à-vis. Elle est équipée d'un lit double et dispose également d'une alcôve aménagée, offrant un espace supplémentaire fonctionnel. Un coin sanitaire séparé avec des toilettes fermées et une grande salle de bains récente et parfaitement équipée, comprenant une baignoire, une machine à laver et plusieurs espaces de rangement. Une place de parking sécurisée en sous-sol de la résidence Transport : L'appartement est situé au coeur du quartier Monplaisir à proximité de nombreux transports : À 5 minutes de la ligne D (arrêt Sans souci) À 10 minutes de la ligne de tram T4 (Lycée Colbert) et la ligne de tram T2 (Villon) À 16 minutes de la gare Part Dieu (Tram T4) À 12 minutes de la place Bellecour (ligne D) Loyer – Caution – frais Honoraires à la charge du locataire : 767 €TTC dont 177€ pour les frais d'état des lieux et 590 pour les frais de visites, constitution du dossier et rédaction du bail. Dépôt de garantie : 1650 € Montant du loyer charges comprises : 945 € / mois comprenant : Montant des charges : 120 € / mois - Provision pour charge Charges incluses : Entretien des parties communes, Taxe d'enlèvement des ordures ménagères Dépôt de garantie : 1650 € Loyer hors charges : Charges NON incluses : eau chaude et froide, électricité, internet, chauffage Performance énergétique Classement du logement en matière de performance énergétique : Le diagnostic n'a pas été réalisé - E - 238 kWhEP / m². an Classement du logement en matière d'émissions de gaz à effet de serre : C : de 11 à 20 - C - 11 kg éqCO2 / m². an À saisir rapidement ! Société PLUSSE SAS - ​​Numéro SIRET : - Numéro RCS Lyon B 848 881 280.",https://www.vizzit.fr/fr/property/appartement/lyon-8eme/Ax3uepb4hkozjvfi,https://lb1.vizzit.com/4116559a/Ax3uepb4hkozjvfi/Photos/Ax3uepb4hkozjvfi_1.jpg?639252477270000000,2026-09-28
Lyon 7ème (Rhône),1 149 €/mois,69 m² - 3 pièces - 2 chambres,"Lyon 7 / Rue Victorien Sardou dans un immeuble sécurisé année 2000, beau T3 de 69.97m² au 1er étage avec ascenseur. Il comprend un hall d'entrée avec placard - séjour - cuisine séparée et équipée (meubles, plaque, hotte) - dégagement - deux chambres avec placard - salle d'eau - WC séparé. Une terrasse de 12.57m². Un garage fermé en sous-sol et une cave. Appartement au calme et sans vis-à-vis. Proche transports et commerces. Chauffage et eau chaude individuels gaz. Loyer : 1149 € charges incluses de 95€ (provisions mensuelles soumises à régularisation annuelle). Honoraires d'agence à la charge du locataire : 909.61€. Zone soumise à encadrement des loyers : Loyer de base : 1054€. Loyer de référence majoré (à ne pas dépasser hors charges) : 1084.54€. Montant estimé des dépenses annuelles d'énergie pour un usage standard entre 860€ et 1220€ (Prix moyens des énergies indexés sur les années 2021, 2022, 2023 abonnements compris). (C. env. art. R 125 €25 I, modifié). N'hésitez pas à nous pour une visite en indiquant la référence C1918.",https://www.vizzit.fr/fr/property/appartement/lyon-7eme/A4sb63tnwcvl438w,https://lb1.vizzit.com/69796a/A4sb63tnwcvl438w/Photos/A4sb63tnwcvl438w_1.jpg?639250959920000000,2026-09-28
Lyon 3ème (Rhône),1 190 €/mois,31 m² - 1 pièce,"EN EXCLUVISITE CHEZ AVRA IMMOBILIER, Venez découvrir ce très beau T1 de 31m2 entièrement rénové et meublé au 4ème étage d'une copropriété de standing. Il se compose d'une entrée avec placard, d'une pièce de vie climatisée avec un coin nuit, une cuisine entièrement aménagée et équipée donnant sur une loggia et une salle d'eau avec wc. Vue dégagée Appartement lumineux Eau froide dans les charges. ZONE SOUMISE A ENCADREMENT DES LOYERS Loyer 1120,00 euros ( comprenant un complément de loyer pour la rénovation, les équipements et la climatisation) Charges 80,00 euros ( immeuble et eau froide), Depot de garantie 2240,00 euros, Honoraires de location dont frais d'état des lieux 403.00 euros. DPE D- GES D Disponible immédiatement",https://www.vizzit.fr/fr/property/appartement/lyon-3eme/Aggoco94euy1ipne,https://lb1.vizzit.com/545082a/Aggoco94euy1ipne/Photos/Aggoco94euy1ipne_1.jpg?639250946100000000,2026-09-28
Lyon 8ème (Rhône),741 €/mois,41 m² - 2 pièces - 1 chambre,"Lyon 8ème, route de vienne à deux pas du tramway, T2 de 41,52 m² + 6m² de balcon sur intérieur de copro au 4ème étage. Cuisine aménagée ouverte sur séjour, 1 chambre, 1 salle d'eau /wc, 1 garage en sous-sol. chauffage ind Gaz. Zone soumise à l'encadrement des loyers, loyer de référence médiant : 602.04 euros/mois, loyer majoré : 722.",https://www.vizzit.fr/fr/property/appartement/lyon-8eme/Anpur8kz0a6bflns,https://lb1.vizzit.com/194151a/Anpur8kz0a6bflns/Photos/Anpur8kz0a6bflns_1.jpg?639250943620000000,2026-09-28
Lyon 3ème (Rhône),959 €/mois,89 m² - 3 pièces - 2 chambres,"Dans un bel immeuble, bien entretenu, proche du quartier Montchat et du centre Hospitalier de Grange Blanche, à proximité immédiate des écoles, d'une crèche, des commerces et des transports : bus C13, accès direct centre ville et gare Part Dieu et métro ligne D/Tram T2. Venez découvrir ce grand F3 exposé Est/Ouest, composé d'un grand hall d'entrée, d'un séjour, d'une cuisine indépendante, de deux chambres de 17m² chacune (une sur rue et une donnant sur les espaces verts de la résidence), d'une salle de bains et d'un WC séparé. L'appartement est équipé de fenêtres double vitrage dans toutes les pièces - Parquet au sol et carrelage dans les pièces d'eau - Nombreux rangements. Possibilité de louer un garage/parking dans la résidence (loyer en sus). Visite virtuelle disponible sur le site de la régie Juron & Tripier. Zone soumise à l'encadrement des loyers. Loyer de référence majoré : 1 282,32 € / Loyer de référence : 1 068,60 €. Classe énergétique catégorie : D. Estimation des coûts annuels d'énergie : entre 1 684,00 € et 2 278,00 €. Frais état des lieux 3.03 €/m2 soit 269,00 € selon loi ALUR. Une visite virtuelle de ce bien est disponible sur notre site Juron Tripier",https://www.vizzit.fr/fr/property/appartement/lyon-3eme/A4zxe4dvd59r5udo,https://lb1.vizzit.com/69816a/A4zxe4dvd59r5udo/Photos/A4zxe4dvd59r5udo_1.jpg?639250893210000000,2026-09-28
Lyon 7ème (Rhône),3 500 €/mois,106 m² - 5 pièces - 4 chambres,"EXCLUSIVITÉ NEOWI IMMOBILIER : EXCEPTIONNEL ! APPARTEMENT DUPLEX MEUBLÉ de 106,72 m2 au 8ème et dernier étage avec ascenseur, TERRASSE de 130 m2 et PISCINE. Idéalement situé dans une résidence récente et de standing au 10 rue Félix Brun dans le 7ème arrondissement. Ce bien d'exception offre au premier niveau une entrée, une vaste pièce de vie avec une cuisine US entièrement équipée HAUT-DE-GAMME, ainsi qu'une une chambre avec placards, le tout donnant sur la superbe terrasse et sa PISCINE. Une salle de douche avec WC complète ce premier niveau. À l'étage, vous trouverez trois chambres, un dégagement, une salle de bain, un WC séparé. Chaque chambre étant équipée de placards. Prestations haut-de-gamme, immense terrasse avec PISCINE chauffée et climatisée. UN GARAGE DOUBLE et UNE PLACE DE PARKING accompagnent ce bien d'exception. À proximité toutes commodités : métro / bus, commerces, écoles, quais du Rhône .. Vous profiterez également des services de la copropriété avec notamment : 2 voitures électriques à votre disposition, partagées entre les occupants (principe de réservation), possibilité de réserver une chambre d'hôte, salle de réunion, etc.. Disponible de suite. Nous pour plus de renseignements ou programmer une visite. Loyer de référence : 1390,36€ Loyer de référence majoré : 1670,59€ Loyer H.C : 1670,59€ + complément de loyer : 1399,41€ (terrasse privée de 130m2, piscine chauffée privée, aménagements et équipements haut de gamme de la cuisine, box fermé pour 2 véhicules + place de stationnement, droit d'accès au service de la résidence, vue imprenable..) + charges de copro : 430€ Soit 3500€ CC Honoraires agence : 1387,36€ Les informations sur les risques auxquels ce bien est exposé sont disponibles sur le site Géorisques :",https://www.vizzit.fr/fr/property/appartement/lyon-7eme/Agom37nojo01mz7t,https://lb1.vizzit.com/538543a/Agom37nojo01mz7t/Photos/Agom37nojo01mz7t_1.jpg?639250779680000000,2026-09-28
Lyon 8ème (Rhône),1 300 €/mois,68 m² - 3 pièces - 2 chambres,"Particulier loue Appartement atypique T3 de 68 m2 avec un grand rez de jardin de 25 m 2, proche Place d'Arsonval et métro Laennec (environ 600 mètres à pied) dans petite résidence ultra calme (5 appartements seulement). Grand séjour, cuisine équipée (plaque gaz, frigo, four et hotte), deux chambres avec placards muraux, salle de bain et WC séparé. Chauffage gaz individuel. Cave et garage fermé. Loyer 1168 € + Charges 132 € par mois. Disponible à partir du 16 octobre. Visite sur RDV Loyer mensuel : 1300 € A charge du locataire : eau, électricité, gaz et téléphonie.",https://www.vizzit.fr/fr/property/appartement/lyon-8eme/Axuh7cgal8jmgtxo,https://lb1.vizzit.com/276804a/Axuh7cgal8jmgtxo/Photos/Axuh7cgal8jmgtxo_1.jpg?639250452530000000,2026-09-28
Lyon 7ème (Rhône),1 080 €/mois,50 m² - 2 pièces - 1 chambre,"Dans petite résidence récente (Année de construction 2002) « LE PAVILLON ALEXANDRIE » avec jardin privatif au 15 rue Jules Brunard 69007 LYON, PARTICULIER loue beau T2 de 50M2 (pour 1 couple maxi) orienté Sud/Ouest excellent état, très clair, au premier étage avec ascenseur comprenant : - Une entrée desservant : - Un séjour de 22 M2 ouvert sur le balcon d’environ (1M2) - Une chambre de 11,5 M2 avec placard. - Une cuisine entièrement équipée de 7 M2 ouverte sur un balcon (1 m2) comprenant : - une cuisinière au gaz - un four électrique - une machine à laver - un réfrigérateur avec congélateur - meubles de rangement - Une salle de bains avec lavabo et baignoire - Un WC séparé Double vitrage Chauffage individuel au gaz Porte blindée Immeuble sécurisé (digicode + vidéophone) Un place de Parking au 1er sous-sol d’une résidence sécurisée rue Nicolaï (- de 100m de l’appartement) Proche de toutes commodités (magasins, restaurants, bus, métro) A 10 mn à pied du parc Sergent BLANDAN Performance Energétique : C Emission effet de serre : C Diagnostic réalisé le , Estimation des couts annuels d'énergie entre 610€ et 880€ /an Encadrement des loyers : - Loyer mensuel majoré : 870 euros (Pour situation et état de l’appartement) - Complément de loyer : 60 Euros (Pour équipement cuisine) Loyer mensuel appartement : 930 Euros Loyer mensuel parking : 100 Euros Provision mensuelle pour charges: 50 Euros comprenant : - Eau froide - Charges communes de l’immeuble Soit un total mensuel (Charges et parking compris) de 1080 euros Pas de frais supplémentaires (Honoraires agence, rédaction du bail, état des lieux etc.) Caution obligatoire (Bancaire, particulier ou autre) Disponible immédiatement. Pour des économies de temps et de déplacement il est demandé avant la programmation d’une visite d’envoyer : - La photocopie de la carte d’identité (recto/verso) - La photocopie du contrat de travail - La photocopie des 3 derniers bulletins de salaire - La photocopie des 3 dernières déclarations d’impôt - Le type de caution proposée - Vos coordonnées téléphoniques pour une prise de rendez-vous.",https://www.vizzit.fr/fr/property/appartement/lyon-7eme/A59df834pungqic8,https://lb1.vizzit.com/276804a/A59df834pungqic8/Photos/A59df834pungqic8_1.jpg?639250449540000000,2026-09-28
Lyon 7ème (Rhône),800 €/mois,70 m² - 4 pièces - 2 chambres,Appartement A Louer Proche Metro Et Bus Rue Simone De Beauvoir (Gerland). Etat Neuf. Tres Belles Prestations. Garage En Sous Sol. Immeuble Finition Pitance. Cuisine Equipee. Aucun Ravaux A Prevoir. Quartier Calme. Disponible Le 10 Octobre.,https://www.vizzit.fr/fr/property/appartement/lyon-7eme/Aihz0wo0x8kp0790,https://lb1.vizzit.com/276804a/Aihz0wo0x8kp0790/Photos/Aihz0wo0x8kp0790_1.jpg?639250445850000000,2026-09-28
Lyon 8ème (Rhône),718 €/mois,33 m² - 1 pièce,"SANS HONORAIRES. À LYON, devenez locataire du programme immobilier « RESIDENCE SYNOPSIS ». Niveau transports en commun, il y a 8 lignes de bus ainsi que les tramways T6, T4 et T2 juste à côté. Des autoroutes et la nationale N346 sont accessibles à moins de 10 km. Vous trouverez un tennis et un bowling dans les environs. Découvrez cet appartement T1 de 33 m² au 2e étage avec ascenseur, il ne dispose pas d'extérieur. Le lot est pourvu du chauffage collectif. Le logement offre un garage. Il est à louer pour 718 € CC, dont 66,46 € de charges. Zone soumise à encadrement des loyers loyer de référence majoré : 617,10 € loyer de base : 539,93 € complément de loyer : 0,00 € Référence à rappeler lors de nos échanges : 6859 - 345265 Les informations sur les risques auxquels ce bien est exposé sont disponibles sur le site Géorisques : LAC / Logement Abord.contract. Date disponibilité :",https://www.vizzit.fr/fr/property/appartement/lyon-8eme/Altii9u5hj03hxkj,https://lb1.vizzit.com/69107a/Altii9u5hj03hxkj/Photos/Altii9u5hj03hxkj_1.jpg?639250444650000000,2026-09-28
Lyon 3ème (Rhône),950 €/mois,44 m² - 2 pièces - 1 chambre,"Location d'un T2 de 44m2 situé sur le haut de la rue Viala à Lyon 3ème (300m de l'arrêt de tramway Ambroise Paré (T2), 600m de l'arrêt de métro Grange Blanche (D)). Situé au 5ème étage avec ascenseur, cet appartement est en étoile (voir plan) avec une entrée qui donne sur l'ensemble des pièces. Il dispose d'un bel ensoleillement et pas de vis à vis sur la pièce de vie. Il est actuellement non meublé mais peut être loué meublé (à définir ensemble). Il dispose également d'une cave et est à côté d'une rue où le stationnement est gratuit. Les fenêtres ont été changées en 2025. A titre informatif, les charges à ajouter: - Energie (électricité): Environ 100€ / mois - Internet Disponibilité:",https://www.vizzit.fr/fr/property/appartement/lyon-3eme/Ao6qklzytt53hgy2,https://lb1.vizzit.com/276804a/Ao6qklzytt53hgy2/Photos/Ao6qklzytt53hgy2_1.jpg?639250444050000000,2026-09-28
Lyon 8ème (Rhône),980 €/mois,48 m² - 2 pièces - 1 chambre,"Bel appartement lumineux refait en 2023 avec une vue dégagée sur Lyon et les alentours situé au 8ème et dernier étage avec ascenseur. Composé d'un salon et cuisine avec accès sur la terrasse , salle d'eau et chambre. A proximité directe du Tram T6 et de la ligne de Bus C12 et de la station velo'v. Appartement loué meublé avec four plaque induction et tout l’équipement nécessaire avec place de parking privé et places visiteurs disponible dans une résidence sécurisé avec espaces verts. La résidence à fait également l'objet d'une rénovation globale en 2023 ( fenêtre double vitrage, VMC, Isolation thermique par l'extérieur) Visites possible à partir du 28 septembre et début de bail possible à partir du 1er octobre 2026. Loyer 980€ dont 180€ de provision de charges comprenant Eau chaude/froide et chauffage.",https://www.vizzit.fr/fr/property/appartement/lyon-8eme/Apabnea5zwpb83ci,https://lb1.vizzit.com/276804a/Apabnea5zwpb83ci/Photos/Apabnea5zwpb83ci_1.jpg?639250443450000000,2026-09-28
Lyon 7ème (Rhône),497 €/mois,21 m² - Studio,"LYON 7ème entre GERLAND et DEBOURG, Place de l'Ecole, studio de 21m² idéal étudiant,, proximité tous commerces et transports, à 10 minutes de l'ENS et de l'EM, dans résidence avec ascenseur, raccordée fibre optique, composé d'une pièce à vivre ,avec kitchenette équipée avec 2 plaques et petit frigo, une salle d'eau avec WC. Eaux chaude et froide, et chauffage collectifs inclus dans les charges. Location soumise à plafonds de ressources, bien vous munir de votre avant dernier avis d'imposition.",https://www.vizzit.fr/fr/property/appartement/lyon-7eme/A38xm2w4nhh1hjpv,https://lb1.vizzit.com/538559a/A38xm2w4nhh1hjpv/Photos/A38xm2w4nhh1hjpv_1.jpg?639250944210000000,2026-09-28
Lyon 3ème (Rhône),835 €/mois,45 m² - 2 pièces - 1 chambre,"Très bel appartement traversant entièrement rénové - Situé au 94 cours du Docteur Long, un T2 de 45.53 M2 au 3ème étage, un bel appartement traversant entièrement rénové, comprenant : Une entrée desservant un séjour lumineux avec parquet et cheminée décorative Une cuisine ouverte équipée (plaque vitrocéramique 3 feux, four, lave-vaisselle) Une chambre avec rangements intégrés Un espace bureau agrémenté d'une verrière donnant sur la chambre Une salle de bains L'appartement est équipé de fenêtres double vitrage. Complément de loyer: 103 € Loyer de référence : 625.83 € Loyer de référence majoré : 752.81 € DPE : E Appartement disponible le 21/9/2026 Cet appartement n'est pas soumis la garantie loyer impayé. Une cave n°9 complète ce bien Chauffage individuel électrique Eau chaude individuelle électrique Eau froide individuelle Si ce bien vous intéresse, nous vous invitons déposer votre dossier de candidature sur notre site . Loyer de 835,00 euros par mois charges comprises dont 25,00 euros par mois de provision pour charges (soumis la régularisation annuelle). Les honoraires charge locataire sont de 594,99 euros ( soit 13,12 euros/m² ) dont 137,41 euros pour état des lieux ( soit 3,03 euros/m² ). Montant estimé des dépenses annuelles d'énergie pour un usage standard : entre 990 et 1370 euros. Prix moyens des énergies indexés en 2023. Zone soumise encadrement des loyers. Le loyer de base du bien proposé est de 810 euros, le loyer de référence majoré (fixé par arrêté préfectoral) est de 752,81 euros et le complément de loyer est de 58 euros par mois.",https://www.vizzit.fr/fr/property/appartement/lyon-3eme/Ag0533nk396dg0oc,https://lb1.vizzit.com/69550a/Ag0533nk396dg0oc/Photos/Ag0533nk396dg0oc_1.jpg?639250904700000000,2026-09-28
Lyon 3ème (Rhône),1 345 €/mois,61 m² - 3 pièces,T3 Duplex 64m² Penthouse 20m² De Terrasse,https://www.vizzit.fr/fr/property/appartement/lyon-3eme/A0jch3ttxu6jmclf,https://lb1.vizzit.com/3236804a/A0jch3ttxu6jmclf/Photos/A0jch3ttxu6jmclf_1.jpg?639250372080000000,2026-09-28
Lyon 3ème (Rhône),1 012 €/mois,53 m² - 2 pièces,,https://www.vizzit.fr/fr/property/appartement/lyon-3eme/Aeyl8g4ehffalvix,https://lb1.vizzit.com/308407a/Aeyl8g4ehffalvix/Photos/Aeyl8g4ehffalvix_1.jpg?639250349950000000,2026-09-28
Lyon 7ème (Rhône),1 600 €/mois,83 m² - 3 pièces,,https://www.vizzit.fr/fr/property/appartement/lyon-7eme/Arw3abntototd32l,https://lb1.vizzit.com/308407a/Arw3abntototd32l/Photos/Arw3abntototd32l_1.jpg?639250345730000000,2026-09-28
Lyon 3ème (Rhône),995 €/mois,81 m² - 3 pièces - 2 chambres,"Lyon 3ième - avenue de SAXE F3 de 81m² atypique lumineux et spacieux, traversant, composé d'une entrée, de deux chambres dont une avec mezzanine, d'un séjour avec alcôve et mezzanine, d'une salle de bains avec double-vasque et branchement lave-linge, d'une cuisine semi ouverte sur le séjour, wc indépendants. beaucoup de charme avec cheminée décorative, beau volume Logement soumis à l'encadrement de loyer : Loyer de référence : 1023,75 euros Loyer de référence majoré : 1228,50 euros Contact : Axelle",https://www.vizzit.fr/fr/property/appartement/lyon-3eme/A9i92qr2xz0uew89,https://lb1.vizzit.com/2635049a/A9i92qr2xz0uew89/Photos/A9i92qr2xz0uew89_1.jpg?639250521370000000,2026-09-28
Lyon 8ème (Rhône),2 690 €/mois,150 m² - 500 m² de terrain - 5 pièces,"Bail meublé d'un an renouvelable ou bail mobilité 10 mois possible. Afin de sécuriser la location, nous demandons les garanties Smartgarant ou garantme. Les visites auront lieu les 17 et 18 septembre, après réception des dossiers complets. UNE MAISON SPACIEUSE (200m2 au sol, 150m2 habitables) AVEC PISCINE ET JARDIN au calme absolu : Profitez d'une maison entièrement équipée avec trois chambres dotées de lits doubles, deux salles de bain dont une avec baignoire, un grand séjour lumineux, une cuisine moderne, un coin salle de sport, un bureau, une piscine chauffée et un agréable espace extérieur avec mobilier de jardin. Le logement 100% CONFORT → UNE MAISON SPACIEUSE AVEC PISCINE CHAUFFEE : Découvrez cette superbe maison entièrement équipée, idéale pour une famille, et pourquoi pas pour une mobilité professionnelle. Vous profiterez d'un grand espace de vie lumineux avec un salon confortable, télévisions connectées, video-projecteur avec écran motorisé, et une décoration moderne pensée pour votre confort. → UNE CUISINE ENTIÈREMENT ÉQUIPÉE : cuisine moderne disposant de plaques de cuisson, four, micro-ondes, réfrigérateur/congélateur, lave-vaisselle, machine à café, bouilloire, grille-pain, vaisselle et tous les ustensiles nécessaires. → TROIS CHAMBRES CONFORTABLES CLIMATISEES (clim réversible): Les trois chambres sont équipées d'un lit double. Des espaces de rangement sont également à votre disposition. → DEUX SALLES DE BAIN : La maison dispose de deux salles de bain modernes, dont une avec une agréable baignoire a jets , ainsi que trois toilettes pour plus de confort. → UN EXTÉRIEUR PENSÉ POUR LA DÉTENTE : piscine chauffée, le jardin et le mobilier extérieur → 2 PLACES DE PARKING PRIVEES possibilité de charger une voiture . → DES ÉQUIPEMENTS PREMIUM : télévision, lave-linge, vidéo-projecteur et écran géant → UN SECTEUR CALME DU 8ᵉ ARRONDISSEMENT : Secteur Grand Parilly. La maison bénéficie d'un environnement agréable, tout en restant proche du centre de Lyon et des axes routiers. → COMMERCES À PROXIMITÉ : Boulangeries, supermarchés, restaurants, pharmacies et commerces du quotidien sont accessibles en quelques minutes. → TRANSPORTS EN COMMUN : Les transports à proximité permettent de rejoindre rapidement le centre-ville, la Presqu'île, Bellecour, Part-Dieu, le Vieux Lyon. Tram T4 à 5 min à pied, métro ligne D à 10min à pieds 2 263 €/mois 11,61 €/m² Complément de loyer 307 €/mois Charge de 120 euros , comprenant l'eau , les ordures ménagères. Internet haut débit compris dans la location",https://www.vizzit.fr/fr/property/immobilier/lyon-8eme/Aqmr7rq1bicgkeh1,https://lb1.vizzit.com/14576a/Aqmr7rq1bicgkeh1/Photos/Aqmr7rq1bicgkeh1_1.jpg?639250141120000000,2026-09-28
Lyon 7ème (Rhône),750 €/mois,16 m² - Studio,"Bonjour, Je suis à la recherche d’un studio à Lyon 7 idéalement. Je suis étudiant et j’ai un budget de 750 euros maximum. N’hésitez pas à me . Je vous remercie !",https://www.vizzit.fr/fr/property/appartement/lyon-7eme/Atte0d0oy5qsyldz,https://lb1.vizzit.com/276804a/Atte0d0oy5qsyldz/Photos/Atte0d0oy5qsyldz_1.jpg?639249696810000000,2026-09-28
Lyon 8ème (Rhône),700 €/mois,28 m² - Studio,"Studio meublé de 28m2 avec terrasse de 30m2 - Localisation: situé entre le quartier Jet d’eau & Grand Trou, rue Pierre Delore 69008 Lyon - Transports: A 10min à pied (maximum) du T2, T4 & T6. Arrêt de bus en bas de l’appartement en direction de Bellecour (ligne 35). Loyer hors charges: 650€ Charges forfait fixe : 50€ (eau, entretien des parties communes et taxe ordures ménagères inclus) Pas de frais d’agence Dépôt de garantie : 1300€ (2 mois de loyer hors charges) A la charge du locataire : électricité, internet et assurance locataire. Stationnement dans la rue gratuit. Appartement disponible à partir du lundi 5 octobre. Visite possible le dimanche 4 octobre. Si intéressé, merci par avance de compléter votre profil locataire avant d’envoyer un message.",https://www.vizzit.fr/fr/property/appartement/lyon-8eme/Ankpfc3qyxieryq0,https://lb1.vizzit.com/276804a/Ankpfc3qyxieryq0/Photos/Ankpfc3qyxieryq0_1.jpg?639249657030000000,2026-09-28
Lyon 3ème (Rhône),1 020 €/mois,36 m² - Studio,"A louer, studio meublé de 36 m² situé à Lyon, dans le 3è arrondissement (proche métro Garibaldi & Part Dieu). Cet appartement 1 pièce offre un espace de vie compact et fonctionnel. Le studio, situé au RDC, comprend une pièce principale lumineuse, une salle de bain, une cuisine équipée et séparée, et un dressing indépendant.. L'agencement permet une bonne séparation des espaces de vie et de repos. Cet.appartement a été entièrement refait à neuf il y a 12 mois et tout le mobilier, neuf, a également moins de 12 mois. Un parquet massif en chêne a été complètement changé et posé il y a quelques jours. Dans la résidence: - Ascenseur - 1 place de parking est comprise avec le bien - Cuisine équipée et séparée - Bien complètement meublé. Mobilier de moins de 12 mois. Machine à laver incluse. - Luminosité naturelle / dressing indépendant Chauffage individuel. Classe énergie E - Classe climat B. Studio disponible dès maintenant, et visites possibles en soirée à partir du lundi 14 septembre 2026. Contactez-moi pour plus d'informations ou pour organiser une visite. Dossiers complets uniquement acceptés. Location en direct propriétaire, agences s'abstenir. Merci !",https://www.vizzit.fr/fr/property/appartement/lyon-3eme/At0pabrib5va95gc,https://lb1.vizzit.com/276804a/At0pabrib5va95gc/Photos/At0pabrib5va95gc_1.jpg?639248859810000000,2026-09-28
Lyon 3ème (Rhône),980 €/mois,44 m² - 2 pièces - 1 chambre,"Location directe par propriétaire (pas d’agence). Appartement exceptionnel, très lumineux et traversant, état comme neuf, rafraîchi récemment. Logement : T2 100% meublé (conforme décret ) dans copropriété calme, 4e étage sur 5 avec ascenseur. Séjour ultra-lumineux et traversant + chambre séparée, balcon 5m², climatisation réversible, chauffage collectif. Cuisine équipée premium (lave-linge, lave-vaisselle, four, plaque induction, frigo), nombreux rangements, parquets, salle de bain neuve. Prix et garanties : - Loyer : 880€/mois HC (Loyer de référence : 657,97 € / Loyer de référence majoré : 787,78 € / Complement de loyer : 92,22 €) - Charges : 100€/mois (provisionnelles, chauffage collectif inclus) - Dépôt de garantie : 1 760€ (2 mois de loyer HC) - DPE : Classe D - Estimation des coûts annuels d'énergie entre 650€ et 940€ par an sur la base des prix moyens des énergies indexés au (abonnements compris) Conditions : ✅ Dossier obligatoire (pièce d’identité, 3 fiches de paie + contrat de travail, garant solide ou Garantme/Visale) → Envoi unique via [URL masquée pour votre sécurité] (gratuit et sécurisé). Pas de réponse aux dossiers incomplets. Disponible à partir du 1er octobre 2026. Visites réservées aux dossiers complets.",https://www.vizzit.fr/fr/property/appartement/lyon-3eme/A1ipqjei7yfm3zm5,https://lb1.vizzit.com/276804a/A1ipqjei7yfm3zm5/Photos/A1ipqjei7yfm3zm5_1.jpg?639248835860000000,2026-09-28
Lyon 3ème (Rhône),960 €/mois,45 m² - 2 pièces - 1 chambre,"Bel appartement de 45 m² au 2e étage (T1 Bis), lumineux et calme. Séjour spacieux d’environ 25 m² exposé ouest avec cuisine ouverte. Chambre séparée du séjour par une porte coulissante. Salle de bains et WC séparés. Peintures entièrement refaites en avril 2026, tons lin et crème claire. Points forts • Résidence avec ascenseur, environnement calme et résidentiel • Garage fermé en sous-sol disponible en supplément • Cave incluse • Tram T3 à 4 minutes à pied • Métro Grange Blanche (ligne D) à 10 minutes • Commerces et commodités à proximité immédiate • Chauffage individuel électrique • DPE C Conditions • Loyer hors charges : 800 € • Charges : 60 €/mois (estimation) • Garage : 100 €/mois (en supplément) • Total mensuel avec garage : 960 € • Dépôt de garantie : un mois de loyer hors charges • Disponibilité : 09/2026 • Dossier locataire complet demandé (justificatifs de revenus, garant le cas échéant) Premier contact exclusivement par mail, merci de préciser votre projet, votre situation et vos coordonnées. Loyer de référence : 15,10 €/m² – Loyer de référence majoré : 18,10 €/m² (arrêté préfectoral, zone 2, encadrement des loyers Lyon 3e, simulation Toodego du , code de suivi WVWZRMGK).",https://www.vizzit.fr/fr/property/appartement/lyon-3eme/Arf3su6dusjjhklu,https://lb1.vizzit.com/14576a/Arf3su6dusjjhklu/Photos/Arf3su6dusjjhklu_1.jpg?639248366050000000,2026-09-28
Lyon 3ème (Rhône),945 €/mois,49 m² - 2 pièces - 1 chambre,"A LOUER par PARTICULIER, bel appartement T2 meublé rénové de 49 m2 au 32 rue docteur Rebatel Lyon3, TRAVERSANT orienté Est Ouest avec vue dégagée sur parc à l Ouest, idéalement situé dans le quartier commerçant et vivant de Monplaisir-Lumière .Appartement tout utile sans perte d espace de couloirs. - A 3 min a pied du métro Monplaisir Lumière, et du marché de la place Ambroise Courtois - A 4 minutes à pied de l’Avenue des Frères Lumière, et de ses commerces, Quartier calme et paisible, immeuble ancien double porte d’entrée, interphone. Appartement T2 au 2ème étage sans ascenseur, complètement rénové ( électricité, salle de bain , toilette, faux plafond, revêtement de sol) meublé et équipé, constitué de : Une vaste pièce de vie de 28 m2, lumineuse et meublée avec soin (canapé poltronesofa, table basse, TV, Table extensible et 6 chaises, meuble de rangements). Double vitrage. Une chambre confortable de 14m2 (lit 140 et armoire-dressing nombreux rangements, table de nuit, sommier à lattes , matelas récent, linge de lit fourni. ) Une cuisine ouverte neuve entièrement équipée (réfrigérateur avec congélateur, plaques vitrocéramiques, four chaleur tournante pyrolyse , hotte, lave-vaisselle , micro-onde, vaisselle, cafetière…) Une salle de bain rénovée avec douche 120 cm et paroi de douche, et sèche serviettes électrique, WC séparé ( machine à laver). Chauffage électrique inertie fluide programmable neuf ( bonne isolation ) Loyer Mensuel HC 890 euros. L’électricité est à la charge du locataire. Charges 55 euros comprenant l’eau froide et la participation aux dépenses de l immeuble. 945€ CC. Pas de frais d’agence. Dossier d’entrée habituel (avis d’imposition, contrat de travail, 3 bulletins de salaires, garant pour les étudiants) Dépôt de garantie 1780 euros, restitué en fin de location. Appartement libre, A VOIR RAPIDEMENT, visitable en journée, le soir ou le week-end. Contact Fred .",https://www.vizzit.fr/fr/property/appartement/lyon-3eme/A4e9p26sidywuge4,https://lb1.vizzit.com/276804a/A4e9p26sidywuge4/Photos/A4e9p26sidywuge4_1.jpg?639248009110000000,2026-09-28
Lyon 3ème (Rhône),695 €/mois,21 m² - Studio,"Studio meublé à Lyon 3 secteur Sans-Souci 16 m2 (21 habitables) entièrement rénové et équipé à neuf en 2025, eau inclus dans les charges. Libre au 13 octobre idéal pour logement étudiant. Situé à 5 minutes à pied du métro D (Vaise à Vénissieux) station Sans-Souci, 6 minutes à pied du Tram T4 (La Doua à Hopital Feyzin) arrêt Manufacture Montluc et 7 minutes à pied du Tram T3 (Part Dieu à Meyzieu) arrêt Dauphiné Lacassagne . Commerce à proximité immédiate (Petit Casino, pharmacie, Poste, Tabac, cabinet médical, boulangerie). Porte de l’immeuble à badge Vigik 3ème étage, sous les toits (velux) La pièce principale propose un coin cuisine entièrement équipée (bar et chaises hautes. lave linge, four, plaque de cuisson, frigo, cafetière nespresso, grille pain, bouilloire, vaisselle complète (assiettes, couverts, verres, etc.) Salle de bain avec douche, lavabo et toilettes Mobilier inclus : lit 140 x 200cm (sommier, matelas de qualité), table de nuit, penderie, commode, étagères type Kallax, canapé, table basse. Chauffage électrique, Eau chaud cumulus. Direct propriétaire, sans frais d’agence ni frais d’état des lieux.",https://www.vizzit.fr/fr/property/appartement/lyon-3eme/Awgs4661ezsxlzi4,https://lb1.vizzit.com/276804a/Awgs4661ezsxlzi4/Photos/Awgs4661ezsxlzi4_1.jpg?639248004820000000,2026-09-28
Lyon 9ème (Rhône),1 350 €/mois,76 m² - 3 pièces - 2 chambres,"Exclusivité Laforêt Champagne-Au-Mont-d'Or: À louer, Superbe appartement de 76,2 m² avec terrasse , à proximité de Saint-Rambert et de l'Île Barbe Situé dans une résidence récente de standing avec ascenseur, cet appartement vous séduira par ses prestations haut de gamme. Niché au sein d'une petite copropriété résidentielle recherchée et très bien entretenue, il bénéficie d'un environnement calme et agréable, à proximité immédiate du centre de Saint-Rambert et de l'Île Barbe. L'appartement se compose de : Une entrée accueillante avec placard intégré. Une cuisine sur-mesure, entièrement aménagée et équipée, ouverte sur un salon séjour lumineux, grâce à de larges baies vitrées donnant sur la terrasse, idéal pour profiter des beaux jours. Deux chambres : Une de 12,30 m², Une de 9,30 m², Une spacieuse salle de bains d'environ 7 m², avec baignoire et espace buanderie intégré. Un WC séparé pour plus de confort. Équipements et prestations de qualité: Chauffage individuel au gaz par chaudière à condensation. Eau chaude sanitaire assurée par la chaudière gaz. Porte palière blindée 7 points pour une sécurité optimale. Volets roulants électriques sur toutes les ouvertures. Parquet en chêne massif et carrelage/faïence haut de gamme. Interphone Intratone, contrôle d'accès à distance via téléphone. Les atouts de la copropriété: Un local vélo/poussette sécurisé, ainsi qu'un deuxième local dédié aux scooters et motos. Un rooftop partagé au 6ème étage avec des jardins collectifs, parfait pour profiter des journées ensoleillées. Possibilité d'acquérir un double garage en sous-sol. Performances énergétiques : DPE : C Émissions de gaz à effet de serre : C Ne manquez pas cette opportunité rare ! Contactez nous dès maintenant pour organiser une visite ! Copropriété de 212 lots - dont 107 lots habitation. (Procédure en cours).",https://www.vizzit.fr/fr/property/appartement/lyon-9eme/Ad60sg6ur51n6h12,https://lb1.green-acres.com/4053456a/Ad60sg6ur51n6h12/Photos/Ad60sg6ur51n6h12_1.jpg?639247985910000000,2026-09-28
Lyon 7ème (Rhône),1 178 €/mois,66 m² - 3 pièces - 2 chambres,"Lyon 7 - 26 rue Jean François Raclet. Appartement meublé T3 meublé de 66m² situé dans le quartier de Jean Jaurès, proche du métro et des écoles. L'appartement comprend une grande pièce à vivre cuisine-séjour, 2 chambres et une salle de bain. Disponible de suite. Honoraires locataire calculés selon le barème en vigueur au janvier 2022",https://www.vizzit.fr/fr/property/appartement/lyon-7eme/A5q7g5p26utc6kvy,https://lb1.vizzit.com/184127a/A5q7g5p26utc6kvy/Photos/A5q7g5p26utc6kvy_1.jpg?639247980810000000,2026-09-28
Lyon 8ème (Rhône),970 €/mois,43 m² - 2 pièces - 1 chambre,"METROPOLE Immobilier vous propose au 30 Avenue Géneral frère à Lyon 8 ème ce T2 meublé, au 4 ème étage d'une belle copropriété avec ascenseur. Il se compose d'un séjour avec balcon, d'une cuisine neuve et équipée, d'une chambre avec rangement ainsi qu'une salle de bain, une entrée avec placard ainsi qu'un WC séparé. Un garage en sous sol vient compléter les prestations de ce bien. Loyer 930 euros + 40 euros de charges= 970 euros Pour plus d'informations n'hésitez pas à votre agence METROPOLE Immobilier",https://www.vizzit.fr/fr/property/appartement/lyon-8eme/Abak3cr0wosrra3n,https://lb1.vizzit.com/279792a/Abak3cr0wosrra3n/Photos/Abak3cr0wosrra3n_1.jpg?639247974230000000,2026-09-28
Lyon 8ème (Rhône),571 €/mois,33 m² - 2 pièces - 1 chambre,"T2 LYON 08 - 7, rue St Agnan 69008 LYON CLESEV vous propose à la location ce joli T2 de 33 m² situé dans le 8e arrondissement de Lyon, rue Saint-Agnan, à proximité de l'avenue Berthelot. Au sein d'une résidence récente, sécurisée et bien entretenue, cet appartement offre un cadre de vie agréable et calme. Il bénéficie notamment d'une exposition sur la cour intérieure de l'immeuble, à l'écart des nuisances de la rue. Le logement se compose d'un hall d'entrée desservant un agréable séjour avec un coin cuisine ouvert, offrant un espace de vie convivial et fonctionnel. La chambre, équipée d'un parquet et d'un placard mural, permet de bénéficier d'un espace nuit confortable et de rangements appréciables. Une salle de bains complète l'ensemble. Le chauffage et l'eau chaude sont individuels au gaz. Grâce à son emplacement, l'appartement se situe à proximité de l'avenue Berthelot, des transports en commun, des commerces et des différentes commodités du quartier. Sa configuration et son environnement en font un logement idéal pour une personne seule ou un couple à la recherche d'un appartement pratique et au calme. Contactez-nous dès maintenant sur Seventee pour organiser une visite et découvrir votre futur logement !. Loyer de 571,00 euros par mois charges comprises dont 50,00 euros par mois de provision pour charges (soumis à la régularisation annuelle). Les honoraires charge locataire sont de 432,96 euros ( soit 12,97 euros/m² ) dont 99,99 euros pour état des lieux ( soit 2,99 euros/m² ).",https://www.vizzit.fr/fr/property/appartement/lyon-8eme/Akola1wewkrehk19,https://lb1.vizzit.com/3191423a/Akola1wewkrehk19/Photos/Akola1wewkrehk19_1.jpg?639247969570000000,2026-09-28
Lyon 3ème (Rhône),799 €/mois,43 m² - 2 pièces - 1 chambre,"Chauffage et eaux compris - Cave - Au cœur de Monchat, rue Ferdinand Buisson, proche des commerces et des transports, 2 pièces dans une copropriété au calme. Il possède du parquet dans le séjour et la chambre, une cuisine indépendante, un rangement, une salle de bain et un WC séparé. L'eau froide, l'eau chaude et le chauffage sont inclus dans les charges. Et pour plus de confort, une cave est à votre disposition, faites vite !! Merci de remplir le formulaire de contact. Ensuite vous recevrez un lien pour déposer votre dossier en ligne. Une conseillère reviendra vers vous rapidement après étude de vos documents pour programmer une visite. Zone soumise à encadrement des loyers. Loyer HC de référence majoré : 700,32 euros Loyer HC de base : 582,14 euros Complément de loyer : 0 euros",https://www.vizzit.fr/fr/property/appartement/lyon-3eme/Av25antandnrvld3,https://lb1.vizzit.com/4117118a/Av25antandnrvld3/Photos/Av25antandnrvld3_1.jpg?639247965200000000,2026-09-28
Lyon 7ème (Rhône),905 €/mois,56 m² - 2 pièces - 1 chambre,".. 21 rue Marie Madeleine Fourcade 69007 LYON - Métro DEBOURG et JEAN JAURES , avec garage et balcon. In'li Aura vous propose cet appartement T2 en location, avec garage et balcon. Proche commerces et métro Ce bien de 56,32m², au 3ème étage avec ascenseur, se compose de : - Une entrée - Un salon, donnant sur le balcon - Une cuisine semi-équipée, - Une chambre - Une salle de douche avec meuble - Un WC séparé - Plusieurs rangements Vous disposez d'un garage en sous-sol sécurisé. Inclus dans les charges : communs. Type de chauffage : individuel au gaz Ce logement vous intéresse ? 1. Vérifiez votre éligibilité : au moins un des demandeurs doit être salarié d'une entreprise privée de plus de 10 salariés. 2. Déposez votre dossier COMPLET sur notre site inli Les + d'in'li Aura : - Des loyers à prix maitrisés, en moyenne 10% moins chers que les prix du marché en zone tendue - Pas de frais d'agence ni de frais d'état des lieux - Pas de garants physiques - Garantie Visale recommandée si vous êtes éligibles (testez votre éligibilité sur le site Visale) In'li Aura, acteur de référence du logement à prix maitrisé en Auvergne Rhône-Alpes, propose des logements à prix maitrisés pour les jeunes actifs et salariés du secteur privé.",https://www.vizzit.fr/fr/property/appartement/lyon-7eme/Abe87t3d2f6wyyl8,https://lb1.vizzit.com/4108921a/Abe87t3d2f6wyyl8/Photos/Abe87t3d2f6wyyl8_1.jpg?639247958870000000,2026-09-28
Lyon 7ème (Rhône),872 €/mois,63 m² - 2 pièces - 1 chambre,"Garibaldi / Saxe. Dans Immeuble de caractère- Beau volume- avec cachet- Idéalement situé, à deux pas du métro Garibaldi, des nombreux commerces et écoles. Dans une résidence calme et bien entretenue. Venez découvrir ce vaste deux pièces aux beaux volumes. Son agencement et son cachet certain sauront vous ravir et faire de vous d'heureux locataires. Il se compose d'un séjour en parquet, d'une grande cuisine indépendante, d'une jolie chambre, d'une salle de bain et de toilettes. Le double vitrage et les volets roulants apporteront en plus, un confort supplémentaire. Pour votre plus grand confort, sachez qu'il est possible de louer un parking juste en face de la résidence. Merci de remplir le formulaire de contact. Ensuite vous recevrez un lien pour déposer votre dossier en ligne. Une conseillère reviendra vers vous rapidement après étude de vos documents pour programmer une visite. Zone soumise à encadrement des loyers. Loyer HC de référence majoré : 1 066,39 euros Loyer HC de base : 889,71 euros Complément de loyer : 0 euros",https://www.vizzit.fr/fr/property/appartement/lyon-7eme/Ash72p7940midzlb,https://lb1.vizzit.com/4117118a/Ash72p7940midzlb/Photos/Ash72p7940midzlb_1.jpg?639247958820000000,2026-09-28
Lyon 8ème (Rhône),850 €/mois,65 m² - 3 pièces - 2 chambres,A PROXIMITE DU METRO D MERMOZ et DU TRAM T6 - REMIS EN PEINTURE- Cet appartement offre un cadre vie agréable et fonctionnel. Un grand séjour carrelé et une grande cuisine équipée. Le coin nuit bien séparé comprenant 2 chambres de bonnes tailles et avec placards. Une salle de bain et des WC séparés. Une cave est disponible avec ce logement pour faciliter votre quotidien - Chauffage au gaz individuel. Bonne isolation. Merci de remplir le formulaire de contact. Ensuite vous recevrez un lien pour déposer votre dossier en ligne. Une conseillère reviendra vers vous rapidement après étude de vos documents pour programmer une visite.,https://www.vizzit.fr/fr/property/appartement/lyon-8eme/Akbzr6x9xxrcrs0v,https://lb1.vizzit.com/14576a/Akbzr6x9xxrcrs0v/Photos/Akbzr6x9xxrcrs0v_1.jpg?639247958660000000,2026-09-28
Lyon 7ème (Rhône),600 €/mois,25 m² - 1 pièce,"SOUMIS AU DISPOSITIF LOI PINEL Au 4ème étage avec ascenseur, découvrez ce logement d'une superficie de 25 m² composé d'un couloir d'une pièce de vie avec coin cuisine ouverte avec évier et plaque double, d'une salle d'eau avec WC et sèche-serviette. Le logement est à prendre obligatoirement et indissociablement avec un garage situé au deuxième sous-sol de la copropriété. Soumis au plafonds de ressources du dispositif LOI PINEL (Zone A) - Personne seule : 44 344 € - Couple : 66 276 € - Personne seule ou couple + 1 personne à charge : 79 666 € - Personne seule ou couple + 2 personnes à charge : 95 427 € Logement soumis à l'encadrement des loyers : - Loyer de référence : 383,88 € - Loyer de référence majoré : 461,66 € Contact : Axelle",https://www.vizzit.fr/fr/property/appartement/lyon-7eme/Ab4nkzi2oeug2xus,https://lb1.vizzit.com/2635049a/Ab4nkzi2oeug2xus/Photos/Ab4nkzi2oeug2xus_1.jpg?639247592900000000,2026-09-28
Lyon 7ème (Rhône),1 110 €/mois,72 m² - 3 pièces - 2 chambres,"Au 4ème étage avec ascenseur, découvrez cet appartement de 72 m² composé d'une entrée qui ouvre sur un séjour (avec placards) de près de 12m², d'un salon de 15m², de 2 belles chambres de 15,70 m² et de 12,45 m², d'une cuisine indépendante avec rangements, d'une salle de bains et d'un WC séparé. Chauffage individuel au gaz. Logement soumis à l'encadrement des loyers : - Loyer de référence : 908,25 € - Loyer de référence majoré : 1 089,90 € Contact : Axelle",https://www.vizzit.fr/fr/property/appartement/lyon-7eme/Agk79m4b4rri8ebu,https://lb1.vizzit.com/2635049a/Agk79m4b4rri8ebu/Photos/Agk79m4b4rri8ebu_1.jpg?639247592900000000,2026-09-28
Lyon 7ème (Rhône),1 384 €/mois,78 m² - 3 pièces,"Découvrez ce charmant appartement à louer, idéalement situé dans le quartier vivant des Girondins, dans le 7ème arrondissement de Lyon. Niché au cœur de la rue Auguste Payant, cet espace de vie de 78 m² est parfait pour ceux qui recherchent le confort et la commodité. L'appartement se compose de trois pièces spacieuses, offrant un agencement fonctionnel et accueillant. Vous apprécierez sa cuisine équipée qui rendra la préparation de vos repas agréable. Le bien dispose également d'un balcon de 8 m², parfait pour profiter des belles journées ensoleillées de Lyon. Situé au 6ème étage d'un immeuble bien entretenu, cet appartement bénéficie d'une vue dégagée et d'un accès facilité grâce à un ascenseur. La localisation de l'appartement est un véritable atout. À seulement 160 m de la station Girondins - Yves Farge, vous profiterez d'un accès rapide aux bus, facilitant vos déplacements à travers la ville. D'autres stations de bus à proximité, telles que Ayasse - Yves Farge et Leclerc - Girondins, vous permettront de rejoindre facilement votre destination. En ce qui concerne les commodités quotidiennes, un Super U est situé à seulement 220 m, vous offrant un accès pratique aux courses. De plus, vous trouverez une variété de restaurants dans un rayon proche, parfaits pour vos sorties entre amis ou en famille. Pour ceux qui recherchent une éducation de qualité, l'École Sécurité C-Srd - Lyon se trouve à seulement 360 m et l'École Normale Supérieure de Lyon - Site René Descartes à 570 m, vous garantissant un accès facile aux établissements d'enseignement supérieur. En somme, cet appartement au cœur des Girondins représente une opportunité rare de louer un espace de vie confortable et pratique à Lyon. Que vous soyez étudiant, jeune professionnel ou une petite famille, cet endroit saura répondre à vos besoins tout en vous offrant un cadre de vie agréable. Ne laissez pas passer cette chance ! Contactez-nous dès aujourd'hui pour planifier une visite et découvrir votre futur chez-vous dans l'un des quartiers les plus animés de Lyon.",https://www.vizzit.fr/fr/property/appartement/lyon-7eme/A106u629kkd5th6e,https://lb1.vizzit.com/14576a/A106u629kkd5th6e/Photos/A106u629kkd5th6e_1.jpg?639247378330000000,2026-09-28
Lyon 7ème (Rhône),60 €/mois,20 m² - 1 pièce,Grenier 20 m2 situé à Lyon 7 60€ mensuel,https://www.vizzit.fr/fr/property/appartement/lyon-7eme/Aab26xyklachhv83,https://lb1.vizzit.com/276804a/Aab26xyklachhv83/Photos/Aab26xyklachhv83_1.jpg?639247204750000000,2026-09-28
Lyon 8ème (Rhône),650 €/mois,85 m² - 5 pièces - 4 chambres,"Appartement entièrement refait à neuf. 4 chambres, 2 sdb, salon cuisine équipée. Les chambres sont équipées de grands lit avec matelas à mémoire de forme, bureau et dressing. Tram au pied de la résidence",https://www.vizzit.fr/fr/property/appartement/lyon-8eme/Aks5oucytfx9wm91,https://lb1.vizzit.com/14576a/Aks5oucytfx9wm91/Photos/Aks5oucytfx9wm91_1.jpg?639247182920000000,2026-09-28
Lyon 7ème (Rhône),838 €/mois,43 m² - 2 pièces - 1 chambre,"LIBRE DE SUITE LYON 7ème - Boulevard de l'artillerie. Idéalement situé, à 10 min à pieds du métro Jean Jaurès ! Appartement de type 2 de 43.37m2 habitable situé au 3ème étage d'un immeuble neuf, comprenant un séjour sur cuisine ouverte (plaques, hotte et frigo), une chambre, une salle de bains et un balcon. L'appartement dispose également d'un garage en sous sol ! Loyer : 758.98 + Charges : 80€ Pour plus d'informations et demande de visites, contactez l'agence Century 21 Grande Rue .",https://www.vizzit.fr/fr/property/appartement/lyon-7eme/Af36u5jm82vzai3l,https://lb1.vizzit.com/56118a/Af36u5jm82vzai3l/Photos/Af36u5jm82vzai3l_1.jpg?639246862120000000,2026-09-28
Lyon 2ème (Rhône),2 100 €/mois,93 m² - 3 pièces - 2 chambres,"A louer, un appartement T3 d'une superficie de 93m² au 5ème étage avec ascenseur, idéalement situé. L'appartement est calme est lumineux, en excellent état, avec une vue sur Fourvière et sur la Saône. Composé d'un hall d'entrée desservant un grand séjour et une salle à manger avec une cuisine équipée séparée. Pour le coin nuit, il se compose de deux chambres, dont une avec sa propre salle de bains, ainsi que d'une salle d'eau indépendante. L'appartement dispose de nombreux rangements. La climatisation est en cours d'installation. Chauffage : Individuel électrique Eau froide : Individuelle Eau Chaude : Individuelle électrique LOYER : 1 950 € CHARGES : 150 € DISPONIBLE IMMEDIATEMENT Loyer de référence : 13.2 €/m² Loyer majoré : 15.8 €/m²",https://www.vizzit.fr/fr/property/appartement/lyon-2eme/Akjlamzos7xxul4t,https://lb1.vizzit.com/4042995a/Akjlamzos7xxul4t/Photos/Akjlamzos7xxul4t_1.jpg?639250707120000000,2026-09-28
Lyon 7ème (Rhône),1 205 €/mois,61 m² - 2 pièces - 1 chambre,"Nous vous proposons ce T2 de 61 m² situé au 2ème étage du 29 Rue Saint Michel à LYON 7ème. Il se compose d'une entrée, d'une spacieuse pièce de vie, d'une cuisine équipée, d'une grande chambre avec rangements ainsi que d'une salle d'eau et d'un toilette séparé. Chauffage - Eau chaude individuel électrique Eau froide individuelle Disponible de suite. Dépôt de dossier en ligne sur notre site internet Zone soumise à encadrement des loyers : - Loyer de référence majoré : 1115,68 € - Loyer de référence : 930,76 € - Complément de loyer : 54,32 € Loyer HC : 1 170 € Charges : 35 € Classe énergétique : D Montant estimé des dépenses annuelles d'énergie pour un usage standard : entre 1 390 € et 1 930 € Date de référence des prix de l'énergie pour établir cette estimation : Les informations sur les risques auxquels ce bien est exposé sont disponibles sur le site Géorisques : .",https://www.vizzit.fr/fr/property/appartement/lyon-7eme/Azh2gqnjsddu9fi6,https://lb1.vizzit.com/121617a/Azh2gqnjsddu9fi6/Photos/Azh2gqnjsddu9fi6_1.jpg?639246346720000000,2026-09-28
Lyon 7ème (Rhône),928 €/mois,42 m² - 2 pièces - 1 chambre,"Disponible au 01/10/26, Immobilière de Salvagny vous propose un appartement type T2 MEUBLÉ, d'une surface habitable de 43 m2 situé au 6 éme étage (avec ascenseur) d'une résidence sécurisé au 177 Grande rue de la Guillotière 69007. Il se compose d'un hall d'entrée, d'un séjour avec cuisine équipée ouverte, une chambre avec placard et une salle de bains avec WC. Une cave et un box en sous-sol complète ce bien. Chauffage individuel électrique. DPE: D. Loyer charges comprises 928 € / mois dont 43 € de provision de charges (eau froide et communs, régularisation annuelle). Honoraires charge locataire 562 € dont 130 € pour l'état des lieux. Dépôt de garantie 1770 €. Pour renseignements et visites, nous . Dépot de dossier possible en ligne dans l'annonce",https://www.vizzit.fr/fr/property/appartement/lyon-7eme/Apoaah2341wnhaby,https://lb1.vizzit.com/69709a/Apoaah2341wnhaby/Photos/Apoaah2341wnhaby_1.jpg?639246290590000000,2026-09-28
Lyon 8ème (Rhône),682 €/mois,36 m² - Studio,"À louer, agréable T1 de 36,02 m² situé au 2e étage d'un immeuble au 23 passage des Alouettes, dans le 8e arrondissement de Lyon. L'appartement se compose d'une pièce de vie lumineuse, d'une cuisine aménagée équipée d'une plaque de cuisson et d'un réfrigérateur, ainsi que d'une salle de bains. Sa superficie offre un espace confortable et fonctionnel, idéal pour une personne seule. Un garage complète ce bien et permet de bénéficier d'un stationnement privatif, un véritable atout dans le secteur. Situé dans un environnement pratique et recherché du 8e arrondissement, ce T1 est à proximité des commerces, transports et commodités du quotidien. -> Si vous souhaitez candidater, veuillez déposer votre dossier sur Seventee. Le loyer est de 682€ (dont de 35€ charges). Les honoraires sont de 472.58€ (dont 109.14€ d'état des lieux). Le dépôt de garantie est de 647€ . Encadrement des loyers : Loyer de référence : 17.5€/m2 Loyer majoré : 21€/m2 Loyer minoré : 12.",https://www.vizzit.fr/fr/property/appartement/lyon-8eme/Aaoi5pok4aonk8rz,https://lb1.vizzit.com/1210351a/Aaoi5pok4aonk8rz/Photos/Aaoi5pok4aonk8rz_1.jpg?639246290550000000,2026-09-28
Lyon 3ème (Rhône),990 €/mois,52 m² - 2 pièces - 1 chambre,"Appartement t2 de particulier à louer sur lyon 03. Disponible le 01 / 11 / 2026 pour cette location meublé de 52 m² proposé à 990 € mensuel charges comprises. Libre le 01 / 11 / 2026 annonce entre particuliers. Code insee : 69383. Atouts : stationnement possible, balcon ou terrasse, sans vis-à-vis, grand séjour, cuisine équipée, proximité transport, proximité commerce, accès à mobilité réduite.",https://www.vizzit.fr/fr/property/appartement/lyon-3eme/Akmdcyj1gp0n2u9a,https://lb1.vizzit.com/4107636a/Akmdcyj1gp0n2u9a/Photos/Akmdcyj1gp0n2u9a_1.jpg?639250510740000000,2026-09-28
Lyon 7ème (Rhône),772 €/mois,33 m² - 1 pièce,"rue Creuzet Lyon 7 - résidence Le Jaurès très sécurisée - cuisine équipée ( Four, réfrigérateur, Lave-linge, plaques, hotte, nombreux rangements…), entrée avec grand placard, SDD, cave. ascenseur transports à proximité immédiate. Loyer 727 euros + charges 45 € (eau froide, ordures ménagères, charges de la résidence sécurisée) disponible au 1er octobre 2026 Au vu du grand nombre de sollicitations, merci d’envoyer par mail un descriptif précis de votre situation personnelle ainsi que celle des garants, les documents justificatifs. Je reai les personnes retenues pour une visite avec la locataire actuelle courant septembre.",https://www.vizzit.fr/fr/property/appartement/lyon-7eme/Anog34k7rchu6065,https://lb1.vizzit.com/276804a/Anog34k7rchu6065/Photos/Anog34k7rchu6065_1.jpg?639246286300000000,2026-09-28
Lyon 8ème (Rhône),961 €/mois,69 m² - 3 pièces - 2 chambres,"Résidence neuve avenue Général Frère à Lyon 8 Pas de visite possible - commercialisation sur plan (pas de visite possible) - livraison le logements disponibles T3 de 69 m², dispose d'une entrée avec rangements, 2 chambres, un WC indépendant, une salle d'eau et un séjour ouvert sur la cuisine non-équipée donnant sur un balcon. Garage en sous-sol en supplément: 55 €/mois CC. Loyer CC: à partir de 1004.33 € dont 42.92 € de charges comprenant l'entretien des parties communes et entretien de la chaudière Eau chaude, chauffage individuel gaz Eau froide individuelle. Dépôt de garantie: 961 € PAS DE FRAIS D'AGENCE. Logements sociaux et soumis à des conditions de ressources.",https://www.vizzit.fr/fr/property/appartement/lyon-8eme/Aegy0zehyc2sda9l,https://lb1.vizzit.com/231353a/Aegy0zehyc2sda9l/Photos/Aegy0zehyc2sda9l_1.jpg?639258392380000000,2026-09-28
Lyon 8ème (Rhône),905 €/mois,72 m² - 3 pièces - 2 chambres,"Référence de l'annonce : UG006241 Aucun frais d'agence ni honoraires de commercialisation. Loyer HC: 729.45 euros Charges: 175.49 euros ( Chauffage collectif au gaz ) Dans une résidence situé au 158 Rue Challemel Lacour, Lyon 8ième. Nous vous proposons un appartement de Type 3 de 72 m² situé au 17ième étage avec ascenseur. Vous y retrouverez: • Un séjour lumineux . • Cuisine séparée • Deux chambres • Salle de bains et WC indépendant. M.Obern avec la référence du bien et vous serez recontacté dans les 48h. Pour info zone soumise à encadrement des loyers - Le loyer HC ne peut dépasser 900.00 euros, soit le loyer de référence MAJORE de la Métropole.",https://www.vizzit.fr/fr/property/appartement/lyon-8eme/Artwg23fzhflha40,https://lb1.vizzit.com/69482a/Artwg23fzhflha40/Photos/Artwg23fzhflha40_1.jpg?639246281980000000,2026-09-28
Lyon 8ème (Rhône),990 €/mois,66 m² - 3 pièces - 2 chambres,"Appartement 3 pièces 66 m² Lyon 8 - Rue Maryse Bastié dans une copropriété de 2015 - T3 de 65,84 m² avec jardin et terrasse de 35 m² et garage en sous-sol. Appartement entièrement repeint, dans une résidence de standing entre La Mairie du 8ème et la Clinique Mermoz. Composé d'une grande entrée, un séjour avec cuisine équipée ouverte, deux chambres dont une avec placard, une salle de bains et WC séparés. Jardin de 15m² et Terrasse avec store banne de 20m² accessible par séjour et une chambre. Orienté Nord Ouest et au calme. Un garage en sous-sol complète cette offre. Chauffage individuel gaz et eau froide collective. Idéalement situé, à proximité immédiate des commerces, écoles et des transports (C15, C25, T6 ET T2). Loyer : 990€ charges incluses de 80€ (provisions mensuelles soumises à régularisation annuelle). Honoraires d'agence à la charge du locataire : 855.92€. Zone soumise à encadrement des loyers : Loyer de base : 910€ hors charges Loyer de référence majoré (à ne pas dépasser) : 994.18€ hors charges. Montant des dépenses annuelles d'énergie pour un usage standard compris entre 910€ et 1 280€ (prix indexés 1er janvier 2021, 2022 et 2023) Les informations sur les risques auxquels ce bien est exposé sont disponibles sur le site Géorisques (C. env. art. R 125-25 I, modifié). N'hésitez pas à nous pour une visite en indiquant la référence S1389. Surface : 66 m² Non soumis au DPE Modalité de récupération des charges locatives : Prévisionnelles mensuelles avec régularisation annuelle Date de réalisation du diagnostic énergétique : Consommation énergie primaire : 130 kWh/m²/an Consommation énergie finale : 122 kWh/m²/an Montant estimé des dépenses annuelles d'énergie pour un usage standard : entre 920 € et 1 260 € sur les années 2021, 2022 et 2023 (abonnements compris).",https://www.vizzit.fr/fr/property/appartement/lyon-8eme/A54qs54i3qoqpena,https://lb1.vizzit.com/69796a/A54qs54i3qoqpena/Photos/A54qs54i3qoqpena_1.jpg?639246280940000000,2026-09-28
Lyon 7ème (Rhône),495 €/mois,77 m² - 5 pièces - 3 chambres,"[Description] Plusse vous propose une belle chambre 12 de dans un appartement de 77.41 m2 au 172 rue Marcel Mérieux-LYON-69007 - Chambre 1, implanté au cœur du dynamique secteur Gerland / Girondins, un quartier moderne et dynamique très prisé par les étudiants et jeunes actifs. Au quotidien, vous bénéficierez d'un confort optimal grâce à la proximité immédiate de nombreux commerces, tels que des supermarchés, boulangeries, pharmacies, ainsi que des restaurants et coffee shops accueillants. Pour vos loisirs et moments de détente, le Parc de Gerland, les berges du Rhône et la célèbre Halle Tony Garnier se trouvent à seulement quelques minutes. L'emplacement est également idéal pour les étudiants et chercheurs, offrant un accès direct et rapide à l'ENS Lyon, à l'Université Jean Moulin Lyon 3 ainsi qu'aux grands campus universitaires du secteur. [Disponible: ] Ascenseur = OUI Un appartement moderne, chaleureux et parfaitement agencé, où chaque espace a été pensé pour allier confort absolu et fonctionnalité au quotidien. -3 chambres modernes et lumineuses, chacune équipée d'un lit double, de meubles de rangement et d'un coin bureau aménagé. - Un coin séjour séparé à l'ambiance cocooning, parfait pour se détendre. -Une cuisine totalement équipée, offrant de multiples rangements optimisés. -Une salle d'eau disposant d'une baignoire. -Un WC indépendant pour plus de confort et de praticité au quotidien. [Transport] L'appartement est situé à proximité de: - Arrêt de bus ""Girondins – Yves Farge"" (Lignes C7 et 34): à 150 mètres (2 minutes à pied). -Arrêt de bus ""Les Halles de Lyon / Carteret"" (Ligne C4): à 300 mètres (4 minutes à pied). -Station de Tramway T1 / T6 ""Debourg"": à 800 mètres (10 minutes à pied) pour un accès direct au Musée des Confluences ou à la Gare Perrache. -Station de Métro B ""Debourg"" ou ""Place Jean Jaurès"": accessibles à environ 850 mètres (10 à 12 minutes à pied, ou 4 minutes en bus), parfait pour rejoindre directement Part-Dieu. -Station Vélo'v Mérieux / Girondins: au pied de l'immeuble pour vos déplacements à vélo. [Loyer - Caution - frais] Honoraires à la charge du locataire: 332.8 € dont 76.8€ pour les frais d'état des lieux et 256 pour les frais de visites, constitution du dossier et rédaction du bail. Dépôt de garantie: 700 € Montant du loyer charges comprises: 495 € / mois comprenant: Montant des charges: 100 € / mois - Provision pour charge Charges incluses: Eau, Electricité, Chauffage, Internet, Entretien des parties communes Dépôt de garantie: 700 € Loyer hors charges: Si dans une zone avec complément de loyer: Montant du loyer de référence majoré = 1054.78€ Montant du loyer de base = 395€ / mois Montant éventuel du complément de loyer: 46.84€ / mois [Performance énergétique] Classement du logement en matière de performance énergétique: D: de 151 à 230 - D - 151,91 kWhEP/m².an Classement du logement en matière d'émissions de gaz à effet de serre: B: de 6 à 10 - B - 6,22 kg éqCO2/m².an À saisir rapidement! Société PLUSSE SAS - Numéro SIRET:Numéro RCS Lyon B.",https://www.vizzit.fr/fr/property/appartement/lyon-7eme/A0xp0fjn1m56kfj4,https://lb1.vizzit.com/260059a/A0xp0fjn1m56kfj4/Photos/A0xp0fjn1m56kfj4_1.jpg?639251694550000000,2026-09-28
Lyon 7ème (Rhône),1 100 €/mois,50 m² - 2 pièces,Appartement meublé bon état au 2 étages avec une place de stationnement au sous-sol Est composé d'un grand salon une chambre et une salle de bain et une cuisine équipée,https://www.vizzit.fr/fr/property/appartement/lyon-7eme/Aosfeo0jytsjqosk,https://lb1.vizzit.com/276804a/Aosfeo0jytsjqosk/Photos/Aosfeo0jytsjqosk_1.jpg?639258180740000000,2026-09-28
Lyon 7ème (Rhône),1 907 €/mois,86 m² - 3 pièces - 2 chambres,"LOCATION MEUBLEE LODGIS (Référence : 3L723675) : Idéalement situé, métro au pied de l'immeuble, venez découvrir un appartement de type 3 au 5ème étage de 85 m² entièrement meublé. Ce bien comprend une entrée, un séjour avec espace cuisine, deux chambres, une salle de bains, une salle d'eau et un wc. Vous disposerez également d'une place de parking privative. Immeuble de standing avec gardien, piscine et terrain de tennis.(Les atouts de cet appartement: 5ème étage, deux orientations, environnement : nombreux commerces et transports en commun distribution, luminosité, caractère traversant, vue dégagée, absence de vis-à-vis dérangeant des pièces spacieuses par rapport à sa typologie, des rangements utiles, des équipements complets pour un logement meublé, du linge de maison, draps et serviettes l'accès à une loggia, un stationnement privatif).",https://www.vizzit.fr/fr/property/appartement/lyon-7eme/Ax6qgqnwtfh8qhx2,https://lb1.vizzit.com/121575a/Ax6qgqnwtfh8qhx2/Photos/Ax6qgqnwtfh8qhx2_1.jpg?639246252710000000,2026-09-28
Lyon 6ème (Rhône),1 390 €/mois,71 m² - 2 pièces - 1 chambre,"Au pied du Métro Massena , dans un immeuble cossu des années 1990, copropriété sécuriséeT2 meublé avec de beaux volumes, en étage élevé, se compose, d'une belle entrée, une cuisine contemporaine avec tout l'équipement de confort, un coin repas très agréable ouvert sur la pièce de vie , une chambre au calme donnant sur le jardin d'agrément de la copropriété , chauffage et eaux collectifs ,possibilité de louer un garage (en sous-sol) en supplément dans la résidence loyer 1250 euros + 140 euros de charges locatives, ( chauffage et eaux collectifs) dépôt de garantie 2500€ honoraires visites, bail :722.95 ttc € frais état des lieux : 217.09 ttc € loyer de référence 1246.71 ttc € loyer majoré 1497.49€. Loyer de 1 390,00 euros par mois charges comprises dont 140,00 euros par mois de provision pour charges (soumis à la régularisation annuelle). Les honoraires charge locataire sont de 931,52 euros ( soit 13,00 euros/m² ) dont 215,13 euros pour état des lieux ( soit 3,00 euros/m² ). DPE ANCIENNE VERSION. Montant estimé des dépenses annuelles d'énergie pour un usage standard : 730 euros.",https://www.vizzit.fr/fr/property/appartement/lyon-6eme/A4w6q7gr19kfao36,https://lb1.vizzit.com/2636840a/A4w6q7gr19kfao36/Photos/A4w6q7gr19kfao36_1.jpg?639246073370000000,2026-09-28
Lyon 3ème (Rhône),879 €/mois,56 m² - 2 pièces - 1 chambre,"T2 PROXIMITÉ PART DIEU 92 rue Antoine Charial, 69003 Lyon Idéalement placé, à proximité de la Part Dieu, venez découvrir ce T2 non meublé de 56,47 m2 au 1er étage avec ascenseur. Il se compose d'une entrée, d'un séjour avec balcon, d'une cuisine séparée ainsi qu'une chambre et une salle d'eau avec toilette séparé. Vous disposerez également d'une cave et d'une place de stationnement en sous-sol. Eau froide, eau chaude et chauffage collectif gaz. Encadrement des loyers (Lyon & Villeurbanne) : Loyer hors charges : 690,32 € Charges locatives : 189,20 € (comprenant les consommations d'eau froide, d'eau chaude, de chauffage et l'entretien des parties communes) TOTAL MENSUEL : 879,52 € Dépôt de garantie : 690,32€ Montant de loyer de référence : 12,80 €/m2 Montant de loyer de référence majoré : 15,40€/m2 Frais de mise en location et d’état des lieux : Frais d'agence : 569,78€ Frais d'état des lieux : 171,10€ Pour déposer votre candidature : DOSSIER FACILE",https://www.vizzit.fr/fr/property/appartement/lyon-3eme/Avzuyevf2q662a0u,https://lb1.vizzit.com/4039902a/Avzuyevf2q662a0u/Photos/Avzuyevf2q662a0u_1.jpg?639254613030000000,2026-09-28
Lyon 2ème (Rhône),1 655 €/mois,112 m² - 4 pièces - 3 chambres,"RUE AUGUSTE COMTE - LYON 2EME Proche de la place Bellecour, de toutes les commodités et des transports en communs (Métro lignes A et D ainsi que de nombreux bus), au 4ème étage sans ascenseur, découvrez ce magnifique logement plein de charme, de cachet et très lumineux d'une superficie de 112 m². Le logement se compose d'une belle entrée de plus de 10m² avec rangements, d'un magnifique séjour de 27m² avec cheminée décorative, rangements, et alcôve (de 5m²), de 3 chambres (l'une avec placards de près de 20m², la seconde de près de 15m² avec alcôve, et la troisième de 8m². Le logement dispose d'une belle cuisine indépendante, aménagée et équipée de 10m², d'une salle de bains et d'un WC séparé. Logement soumis à l'encadrement des loyers : - Loyer de référence : 1 387,44 € - Loyer de référence majoré : 1 669,44 € Contact : Axelle",https://www.vizzit.fr/fr/property/appartement/lyon-2eme/A39e275th2r6hjkj,https://lb1.vizzit.com/2635049a/A39e275th2r6hjkj/Photos/A39e275th2r6hjkj_1.jpg?639245917120000000,2026-09-28
Lyon 7ème (Rhône),1 090 €/mois,80 m² - 2 pièces - 1 chambre,"LYON 7ème 15 Rue Bonald - T2 meublé de 76,25m² avec hauteur sous plafond, parquet et cheminées anciennes. Au 1er étage avec ascenseur, cuisine séparée meublée et équipée. 1 chambre de 20m². SDB et WC séparés. Traversant. Chauffage individuel gaz. Loyer + charges : 1.090€ Honoraires : 1000,40€ Conditions: Meublé et GLI Disponibilité : 16 septembre Encadrement des loyers de la métropole de LYON Loyer de référence : 1.189,50€ Loyer de référence majoré : 1.425,88€",https://www.vizzit.fr/fr/property/appartement/lyon-7eme/A4644yj9awylz5yu,https://lb1.vizzit.com/539658a/A4644yj9awylz5yu/Photos/A4644yj9awylz5yu_1.jpg?639245557960000000,2026-09-28
Lyon 7ème (Rhône),1 115 €/mois,90 m² - 5 pièces - 3 chambres,"Situé Boulevard Yves Farge - Disponible de suite Pour organiser une visite, merci de déposer au préalable votre dossier de candidature via le site internet de notre agence, rubrique ""Location"", ""Mon dossier en ligne"" (plateforme Zelok, gratuite). Visite virtuelle à 360° disponible. Spacieux T5 de 90.67 m² au 5ème étage sans ascenseur entièrement rafraîchit, possédant 3 chambres, un bureau avec dressing, un séjour de 21 m², une cuisine indépendante (aménagé de rangements et d'une plaque de cuisson), une salle d'eau, une buanderie et un WC séparé. Situé dans un quartier moderne et résidentiel, proche des commerces et des transports en commun (métro B Arrêt - Place Jean Jaurès) et (tram T1 Arrêt - Debourg). Local à vélo. Les charges comprennent l'entretien de l'immeuble, l'eau froide et le contrat entretien gaz. Fenêtres double vitrage PVC.",https://www.vizzit.fr/fr/property/appartement/lyon-7eme/Avrnxpmj3hva6sih,https://lb1.vizzit.com/713280a/Avrnxpmj3hva6sih/Photos/Avrnxpmj3hva6sih_1.jpg?639245526660000000,2026-09-28
Lyon 3ème (Rhône),670 €/mois,22 m² - Studio,"Studio étudiant de 22.85m² doté d'un canapé lit et d'un bureau, d'une salle de bains incluant une douche à l'italienne - WC. Phileas Lodge possède une salle de sport et un jardin. Il propose un hébergement indépendant avec connexion Wi-Fi gratuite, ménage mensuel et coaching sportif compris dans le loyer, d'une laverie, local à vélo et proposant une salle petit déjeuner. Le Phileas Lodge se trouve à 10min à pied du métro D (arrêt Monplaisir ou Grange Blanche) et à seulement 10 min en bus de Part Dieu. A voir absolument ! Coup de coeur assuré. LOYER MENSUEL 595 + CHARGES 75€ , caution de 450€, Honoraire agence : 400€ Réservation auprès de notre gestionnaire tel référence PL1.409 Copropriété de 64 lots - dont 64 lots habitation.",https://www.vizzit.fr/fr/property/appartement/lyon-3eme/A2klm9q1yts82fzg,https://lb1.vizzit.com/85438a/A2klm9q1yts82fzg/Photos/A2klm9q1yts82fzg_1.jpg?639245507500000000,2026-09-28
Lyon 7ème (Rhône),1 045 €/mois,49 m² - 2 pièces - 1 chambre,"Nous vous précisons qu'une pré-étude de votre dossier sera effectuée avant l'organisation d'une visite sur place. Pour déposer votre dossier, rendez-vous directement sur notre site internet, sur la page de l'annonce via le bouton 'Déposer ma candidature sur Seventee'. 104 AVENUE DEBOURG, 69007 LYON - Au sein d'un secteur dynamique, à proximité des commerces et de nombreuses écoles universitaires, à 5min de l'arrêt de métro DEBOURG ligne B et de l'arrêt du tramway T6 du même nom. Au 6ème étage avec ascenseur d'une résidence fermée et sécurisée, nous vous proposons cet appartement rénové comprenant une entrée avec espace bureau, une cuisine séparée entièrement équipée, un séjour lumineux, une chambre avec dressing ainsi qu'une salle d'eau avec WC. Un garage privatif complète ce bien. Disponible de suite, ce bien sera loué via un bail étudiant de 9 mois. LOYER: 1045EUR dont 95EUR de charges (provisions mensuelles avec régularisation annuelle). DEPOT DE GARANTIE: 1900EUR. HONORAIRES LOCATAIRE: 649,44EUR (13,12EUR/m2) dont 149,98 (3,03EUR/m2) pour l'état des lieux. Loyer soumis à l'encadrement des loyers. Loyer de référence: 747,45EUR. Loyer de référence majoré: 895,95EUR. Complément de loyer: 54,05EUR (garage fermé).",https://www.vizzit.fr/fr/property/appartement/lyon-7eme/Aug6s41kmy5hura3,https://lb1.vizzit.com/1347852a/Aug6s41kmy5hura3/Photos/Aug6s41kmy5hura3_1.jpg?639251707850000000,2026-09-28
Lyon 7ème (Rhône),1 100 €/mois,48 m² - 2 pièces - 1 chambre,"Je propose en location ce charmant appartement meublé de 48,4 m² situé au 6ème étage (dernier étage) d’une copropriété de standing. L’appartent vient d’être entièrement rénové en 08/2026. Ce bien offre une vue exceptionnelle sur le Parc Blandan et dispose d’un balcon de 5,6 m². Cet appartement comprend une cuisine neuve entièrement équipée, une chambre avec placard de rangement, une salle de bain et un WC séparé. La cuisine est entièrement équipée et séparée. - Balcon avec vue sur le Parc Blandan - Cadre verdoyant - Dernier étage avec belle luminosité - De nombreux équipements : Lave-vaisselle, machine à laver - Ascenseur - Accès PMR - Cave - Copropriété de standing - Proximité Métro Garibaldi - Possibilité de louer un garage en sous-sol en supplément Chauffage électrique individuel. Classe énergie D - Classe climat B. Appartement disponible en septembre (2026). N'hésitez pas à me pour plus d'informations ou pour organiser une visite.",https://www.vizzit.fr/fr/property/appartement/lyon-7eme/Ayunpxff16jxo6x7,https://lb1.vizzit.com/276804a/Ayunpxff16jxo6x7/Photos/Ayunpxff16jxo6x7_1.jpg?639245493090000000,2026-09-28
Lyon 3ème (Rhône),1 250 €/mois,57 m² - 2 pièces - 1 chambre,"Localisation : Lyon 3e, à 2 minutes à pied du métro Saxe-Gambetta Style : Appartement haussmannien, lumineux et rénové Superficie : [57] m. Pièces: 1 chambre, salon, cuisine équipée, salle d'eau. Description : Je loue un T2 meublé situé en plein centre de Lyon, dans un immeuble haussmannien calme et bien entretenu. L'appartement se compose : • d'un salon lumineux avec parquet • d'une chambre avec lit double et dressing • d'une cuisine équipée (réfrigérateur, plaques de cuisson, four, micro-ondes, lave-linge...), • d'une salle d'eau moderne Meublé avec goût, prêt à vivre. Internet fibre optique disponible. Idéal pour jeune actif-ve ou couple. Loyer mensuel: [1250] € charges comprises Disponible à partir du : mois de septembre Bail meublé 1 an renouvelabl Voir moins",https://www.vizzit.fr/fr/property/appartement/lyon-3eme/Aj8ofhzlon0xf86s,https://lb1.vizzit.com/276804a/Aj8ofhzlon0xf86s/Photos/Aj8ofhzlon0xf86s_1.jpg?639245492450000000,2026-09-28
Lyon 3ème (Rhône),874 €/mois,50 m² - 3 pièces - 2 chambres,"F3 dans maison - Villette Paul Bert - Situé 264 bis rue Paul Bert, en arrière cour, dans une maison ancienne, en duplex, en RDC. Entièrement rénové, vous bénéficiez d'une entrée individuel en RDC, une grande pièce à vivre avec cuisine équipée, 2 chambres, une la salle de douche avec les toilettes. Une place de parking et une cave. Loyer 844 €+ 30 € de charges de copropriété Honoraires d'agence 661.51 + Dépôt de garantie 844 € Le loyer de référence pour ce logement est de 12,00€ par m², soit pour 50.42m², un loyer de 605,04€ hors charges. Le plafond (correspondant à 20% de plus que le loyer de référence) à ne pas dépasser pour ce logement est de 14,40€ par m², soit pour 50,42m², un loyer de 726,05€ hors charges. Loyer de 874,00 euros par mois charges comprises dont 30,00 euros par mois de provision pour charges (soumis à la régularisation annuelle). Les honoraires charge locataire sont de 661,51 euros ( soit 13,12 euros/m² ) dont 152,77 euros pour état des lieux ( soit 3,03 euros/m² ). Logement à consommation énergétique excessive. Montant estimé des dépenses annuelles d'énergie pour un usage standard : entre 1 140 et 1 480 euros. Prix moyens des énergies indexés en 2021.",https://www.vizzit.fr/fr/property/appartement/lyon-3eme/Al2sdohgrfgq1732,https://lb1.vizzit.com/798625a/Al2sdohgrfgq1732/Photos/Al2sdohgrfgq1732_1.jpg?639245488950000000,2026-09-28
Lyon 7ème (Rhône),484 €/mois,,"A découvrir proche de l'arrêt de tramway ""Route de Vienne"", un studio de 24,50m² dans une résidence sécurisée de 2019. Il se compose d'une entrée, d'une pièce de vie avec son coin cuisine meublé et équipé d'une plaque de cuisson et d'un frigo et d'une salle d'eau. Les charges comprennent l'eau chaude, le chauffage et l'entretien des parties communes. Transports en commun à moins de 10min à pieds : T2, T4, C7, C12, C25, Bus 35 et 7 stations de Vélo'V. Disponible mi mars.Référence : GL144. Contact WixPi : ou honoraires",https://www.vizzit.fr/fr/property/appartement/lyon-7eme/Aevufulmkk9hz7ct,,2026-09-28
Lyon 7ème (Rhône),353 €/mois,,"Résidence de 2019, idéalement placée au calme pour ce studio d'une superficie de 20,20m². Le coin cuisine dispose d'un frigo, d'une plaque de cuisson, d'une hotte, d'un micro-ondes et des rangements. Les charges comprennent l'entretien des parties communes et l'eau chaude. Transports en commun à moins de 10min à pieds : Métro B. Bus : 60. T1 à 11 minutes à pieds. Disponible fin novembre. Référence : GL172. Contact WixPi : / honoraires",https://www.vizzit.fr/fr/property/appartement/lyon-7eme/A7z4ezvmb5f43goq,,2026-09-28
Lyon 3ème (Rhône),1 207 €/mois,75 m² - 4 pièces,"133 COURS ALBERT THOMAS, dans une résidence sécurisée, venez découvrir ce T4 de 75,49m2 au 7ème étage avec ascenseur. Il se compose d'une entrée avec placard, un séjour en parquet donnant sur un premier balcon, une cuisine indépendante donnant sur un deuxième balcon, trois chambres en parquet, une salle d'eau, wc séparé. Cave. Chauffage et eau froide collectif. eau chaude individuel. La location pourra être déléguée à Foncia Développement et Location.",https://www.vizzit.fr/fr/property/appartement/lyon-3eme/Agcr0qx8ul961knw,https://lb1.vizzit.com/200592a/Agcr0qx8ul961knw/Photos/Agcr0qx8ul961knw_1.jpg?639246081500000000,2026-09-28
Lyon 2ème (Rhône),1 600 €/mois,80 m² - 3 pièces - 2 chambres,"' LOCATION MEUBLÉE EN EXCLUSIVITÉ DANS VOTRE AGENCE MUSCAT IMMOBILIER ' Référence no202 // LYON 2ème // Appartement - 3 pièces - 80,02 m2 - Au cœur de la Presqu’île lyonnaise Idéalement situé au 6 rue de la Barre, au sein d’un immeuble haussmannien avec ascenseur, en plein cœur de la Presqu’île de Lyon, ce charmant appartement de 80,02 m2 vous séduira par son cachet authentique et sa vue exceptionnelle sur l’Hôtel-Dieu. À quelques pas de la place Bellecour, dans l’un des secteurs les plus recherchés de Lyon, vous profitez d’un cadre de vie privilégié avec commerces, restaurants, transports et toutes les commodités au pied de l’immeuble. Situé au 4ᵉ étage, cet appartement traversant bénéficie d’une belle luminosité naturelle tout au long de la journée avec le charme de l’ancien : parquet d’époque, moulures raffinées, cheminées décoratives et hauteur sous plafond de 3,15 m. L’espace de vie se compose d’un agréable séjour d'environ 29.22m2 et d'une cuisine indépendante, aménagée et équipée. Côté nuit, vous disposez d’une chambre spacieuse d’environ 13,72 m2, ainsi que de deux pièces supplémentaires, dont une alcôve agrémentée d’une mezzanine, idéale pour aménager un coin lecture ou un bureau. La seconde pièce pourra quant à elle être utilisée comme chambre d’appoint ou chambre d’amis. Une salle de bains avec espace buanderie, un WC indépendant ainsi que plusieurs rangements intégrés complètent ce bien. Parkings disponibles aux alentours. ------ Loyer mensuel: 1600 € CC Dont provisions sur charges: 70 € / mois comprenant les charges communes générales. (Régularisation annuelle) Loyer HC: 1530 € Ce loyer est soumis au loyer de référence majoré fixé par arrêté préfectoral. (Zone tendue - encadrements des loyers) Loyer de référence majoré: 1632,41 € Dépôt de garantie: 3060 € Honoraires d'agence à la charge du locataire: 1049,86 € ------ Veuillez déposer votre dossier via la plateforme sécurisée ZELOK. (QR CODE en photo) Contactez nous dès à présent !",https://www.vizzit.fr/fr/property/appartement/lyon-2eme/Apw3614l81zljoom,https://lb1.green-acres.com/1396246a/Apw3614l81zljoom/Photos/Apw3614l81zljoom_1.jpg?639250379480000000,2026-09-28
Lyon 3ème (Rhône),705 €/mois,39 m² - 2 pièces - 1 chambre,"LIBRE LE 7 OCTOBRE Merci d'envoyer votre dossier complet en PDF par mail LYON 3ème - GRANGE BLANCHE - Rue du professeur Rochaix - Très calme et facilité de stationnement gratuit A proximité des commerces et des transports (Métro Grange Blanche à 5 minutes à pieds). Appartement T2 MEUBLÉ traversant et très lumineux, de 39.03m2 habitable, situé au 3ème étage sans ascenseur. Il se compose d'une entrée, un séjour, une cuisine indépendante aménagée et équipée donnant sur un balcon sans vis-a-vis, une chambre avec placard, une salle d'eau, et un WC indépendant. Cave en sous-sol. Loyer : 664.19€ + 41€ de charges. Pour plus d'informations ou la programmation d'une visite contactez l'agence CENTURY 21 GRANDE RUE",https://www.vizzit.fr/fr/property/appartement/lyon-3eme/Avxi5xdwkkxbjey4,https://lb1.vizzit.com/56118a/Avxi5xdwkkxbjey4/Photos/Avxi5xdwkkxbjey4_1.jpg?639246181720000000,2026-09-28
Lyon 7ème (Rhône),520 €/mois,28 m² - 2 pièces - 1 chambre,"T2 – 28 m² – Lyon 7 – Rue Marie-Madeleine Fourcade Loyer : 520 € charges comprises – APL possible Je mets en location ce T2 de 28 m² situé rue Marie-Madeleine Fourcade, dans un coin du 7 € agréable, avec un peu de verdure autour et pas mal d'étudiants dans le secteur. Transports et commerces pas loin. La pièce principale regroupe le salon et la cuisine. La cuisine est en angle, avec four et micro -onde encastré, plaque, hotte, évier et grand frigo et un lave -vaisselle intégré. Une petite table ronde avec deux chaises est installée pour les repas, et un canapé pour la détente. La chambre est à part, avec un lit double, deux tables de chevet et une grande armoire faite sur mesure. La TV est fixée au mur, en face du lit. Salle de bain simple et propre : baignoire, meuble vasque avec miroir, WC et machine à laver. Sèche-serviettes mural. Appartement bien agencé, facile à vivre, idéal pour une personne seule ou un couple. Loyer : 520 € charges comprises. APL possible. Disponible rapidement. Les candidatures et le suivi des dossiers sont centralisés sur Loximo. L'accès aux candidatures nécessite un abonnement Loximo.",https://www.vizzit.fr/fr/property/appartement/lyon-7eme/Avqwyemlm57lq1ke,https://lb1.vizzit.com/4055650a/Avqwyemlm57lq1ke/Photos/Avqwyemlm57lq1ke_1.jpg?639244687710000000,2026-09-28
Lyon 3ème (Rhône),1 329 €/mois,66 m² - 3 pièces - 2 chambres,"LYON 3ème Garibaldi - Situé au coeur du prisé 3ème arrondissement et de sa vie commerçante, dans une résidence sécurisée des années 2000, découvrez ce joli appartement T3 meublé de 66,05 m² au 1er étage. Ce bien se compose d'un hall d'entrée avec placard, d'une pièce de vie de 21.68 m² ouvrant sur un balcon de 3 m², et d'une cuisine semi-ouverte aménagée et équipée (plaque de cuisson, hotte, four, réfrigérateur, lave-vaisselle et lave-linge). Côté nuit, retrouvez 2 chambres avec dressing et placard de 11,42 m² et 11,70m² , une salle de bains et un WC séparé. Ce bien bénéficie également d'un garage fermé en sous-sol inclus dans la location. Emplacement recherché à proximité immédiate des commerces, restaurants et des transports en commun avec à moins de 7 min à pied le Métro D arrêt ""Garibaldi"", le métro B arrêt ""Gare Part-Dieu"", la gare SNCF, la ligne de bus C25 arrêt ""Garibaldi Paul Bert"" et les stations Vélo'V. Disponible le 30 septembre, à visiter sans tarder ! Pour tout renseignement, l'agence Essentiel Gestion Locative directement par téléphone Ce loyer de 1329 € charges comprises intègre un loyer de référence majoré de 1 155 €, un complément de loyer de 119 € justifié par les prestations intérieures du logement (lave-vaisselle, lave-linge et box de stationnement) ainsi qu'une provision pour charges de 55 € (entretien des parties communes et entretien de la chaudière). (Loyer de référence : 964,33 € / Loyer de référence majoré : 1155,88 €) Dépôt de garantie : 2548 € Honoraires d'agence : 866 € (666 € Visites/Constitution du dossier/Rédaction de bail et 200 € Etats des lieux)",https://www.vizzit.fr/fr/property/appartement/lyon-3eme/Aqkw7gkey00n7kp4,https://lb1.vizzit.com/275711a/Aqkw7gkey00n7kp4/Photos/Aqkw7gkey00n7kp4_1.jpg?639244663290000000,2026-09-28
Lyon 8ème (Rhône),1 177 €/mois,81 m² - 4 pièces - 3 chambres,"LYON 8ème Boulevard des Etats-Unis - Situé dans une résidence sécurisée, découvrez ce ravissant T4 au 9ème étage de 81,74 m² entièrement rénové et avec vue dégagée. Calme et lumineux, il se compose d'un hall d'entrée, d'un séjour/salle à manger et d'une cuisine indépendante entièrement équipée et aménagée (plaque de cuisson, hotte et four).Côté nuit, retrouvez 3 chambres, un espace rangement, une salle d'eau et un WC séparé. Ce bien dispose également d'une cave située sur le palier et d'un stationnement libre dans la résidence. Vous serez à proximité des commodités (écoles, collèges, restaurants, commerces, supermarchés, etc..) et des transports en communs avec à 2 min à pied la ligne de bus 26 et la ligne de tramway T4 arrêt ""Etats-Unis Viviani"". Disponible le 28 septembre. Pour tout renseignement complémentaire, l'agence ESSENTIEL GESTION LOCATIVE directement par téléphone Ce loyer de 1 177 € charges comprises intègre une provision sur charges de 230 € incluant le chauffage, l'eau froide, l'eau chaude et l'entretien des parties communes. (Encadrement des loyers : Loyer de référence : 817,40 € / Loyer de référence majoré : 980,88 €). Dépôt de garantie : 947 € Honoraires d'agence : 1071 € (824 € Visites/Constitution du dossier/Rédaction de bail et 247 € Etat des lieux)",https://www.vizzit.fr/fr/property/appartement/lyon-8eme/Axnz7p3qgdt4b9j7,https://lb1.vizzit.com/275711a/Axnz7p3qgdt4b9j7/Photos/Axnz7p3qgdt4b9j7_1.jpg?639244655430000000,2026-09-28
Lyon 3ème (Rhône),770 €/mois,32 m² - Studio,"Lyon 3ᵉ – Studio meublé de 32 m² Situé impasse Charles Lindbergh, dans le 3ᵉ arrondissement de Lyon, ce studio meublé de 32 m² se trouve au 2ᵉ étage sans ascenseur. Il comprend une pièce de vie lumineuse aménagée avec un canapé et un bureau, une cuisine séparée équipée d'un réfrigérateur et d'une cuisinière, ainsi qu'une salle d'eau avec baignoire et des WC séparés. Le logement bénéficie d'un environnement calme. Les + du bien : Chauffage central Double vitrage WC séparés Lumineux Calme Loyer : 770 € CC • Charges : 80 €/mois • Dépôt de garantie : 1 380 € DPE : C (118 kWh/m².an) – GES : D (37 kg CO₂/m².an) Référence annonce : Consommation énergétique : 118 kWh/m²/an Emission de gaz à effet de serre : 37 CO2/m²/an Dépôt de garantie : 1380 €",https://www.vizzit.fr/fr/property/appartement/lyon-3eme/A780esstmtqvwksz,https://lb1.vizzit.com/4225158a/A780esstmtqvwksz/Photos/A780esstmtqvwksz_1.jpg?639244571570000000,2026-09-28
Lyon 3ème (Rhône),1 500 €/mois,80 m² - 3 pièces - 2 chambres,"Très joli T3/ T4 ENTIEREMENT RENOVE de 80 m², situé au 2ème étage avec ascenseur, traversant et très lumineux dans un immeuble bourgeois calme, sécurisé et entretenu. Il est composé d’une entrée, d'une cuisine meublée et équipée (plaque induction 4 feux, un four, une hotte) ouverte sur un grand séjour, de deux chambres avec rangements, d’une pièce pouvant servir de bureau, de dressing ou de petite chambre, d'une salle de bains avec sèche serviettes et d’un WC indépendant. Chauff. Elec à inertie et double vitrage. Dans quartier commerçant, à proximité de toutes commodités (Bus, métro D et Tram T3). [Loyer - Caution - frais] Loyer : 1500 € / mois (charges comprises) Montant des charges : 60€ / mois Honoraires TTC à la charge du locataire (visites, constitution de dossiers, rédaction de bail et état des lieux) : 1 040 €TTC dont 240€ compris pour l'état des lieux Dépôt de garantie : 1440 € Montant du loyer de référence majoré : 1206,90 €/ mois HC Montant du complément de loyer : 233,10 € / mois HC Charges incluses : Entretien des parties communes Charges NON incluses : électricité, internet, chauffage et eau Modalité de récupération des charges locatives : Prévisionnelles mensuelles avec régularisation annuelle PAS DE VISITE EN VISIO Merci de me répondre par l'annonceur et nous communiquer votre adresse mail, nous allons vous retourner la liste des éléments à nous envoyer pour avoir un dossier COMPLET. Nous allons les étudier et faire une première sélection pour les visites.",https://www.vizzit.fr/fr/property/appartement/lyon-3eme/Aqnkzl6e59dqygg0,https://lb1.vizzit.com/276804a/Aqnkzl6e59dqygg0/Photos/Aqnkzl6e59dqygg0_1.jpg?639244570700000000,2026-09-28
Lyon 3ème (Rhône),1 097 €/mois,57 m² - 3 pièces - 2 chambres,"A proximité immédiate de la Place Bir-Hakeim, T3 dans résidence de standing comprenant un hall d'entrée avec placards, un séjour donnant sur un balcon de 6.67m2, un coin cuisine aménagé et équipé (four, plaques, hotte), deux chambres avec sol parquet et placards, une salle de bains avec baignoire et meuble vasque et un WC séparé. Un parking complète ce bien. Interphone - ASCENSEUR Chauffage et eau chaude ind. au gaz ( chaudière collective). Zone soumise à encadrement des loyers : Loyer de base (loyer hors charges) : 770.74€ /mois Loyer de référence majoré (loyer de base à ne pas dépasser) : 927.20 €/ mois Complément de loyer : 0 € / mois POUR VISITER, MERCI DE CATHERINE SOUIN Les informations sur les risques auxquels ce bien est exposé sont disponibles sur le site Géorisques :",https://www.vizzit.fr/fr/property/appartement/lyon-3eme/A35kbdxf3doawehm,https://lb1.vizzit.com/69675a/A35kbdxf3doawehm/Photos/A35kbdxf3doawehm_1.jpg?639244677090000000,2026-09-28
Lyon 8ème (Rhône),1 004 €/mois,65 m² - 3 pièces - 2 chambres,"A LOUER - LYON 8 - Rue Hugues Guerin, Immeuble neuf, bel appartement F3 au troisième étage d'une surface de 65.82 m² avec loggia de 5.68m² comprenant un dégagement, un séjour avec coin cuisine aménagée, deux chambres , une salle de bains , un WC. Un garage fait partie de la location. Chauffage par caloporteur. Soumis à Loi PINEL ( plafonds de ressources ) Zone soumise à encadrement des loyers : ref : 12.50€ ref majoré : 15.00€ Bail à part pour garage.",https://www.vizzit.fr/fr/property/appartement/lyon-8eme/Aho0tx8ea5cdcjtc,https://lb1.vizzit.com/538559a/Aho0tx8ea5cdcjtc/Photos/Aho0tx8ea5cdcjtc_1.jpg?639244665090000000,2026-09-28
Lyon 8ème (Rhône),1 212 €/mois,71 m² - 3 pièces - 2 chambres,"F3 a louer AVEC TERRASSES A PROXIMITE DE LA MAISON DE LA DANSE ET DEUX GARAGES EN SOUS SOL INCLUS - IMMOSQUARE vous propose à la location , à proximité de la Maison de la Danse , dans la Résidence Red Factory , un appartement F3 de 71.85 m avec une terrasse d'angle de 46 m2. Ce grand F3 composé d'un grand salon avec une cuisine ouverte et de deux chambres , est idéal pour une famille ou jeune couple Le chauffage , et l'eau chaude sont inclus dans les provisions sur charges qui feront l'objet d'une régularisation annuelle. Honoraires 725 euros , frais d'état des lieux 213 euros . zone soumise à l'encadrement des loyers loyer de référence :899.38 € HC loyer de référence majoré 1079.25 € HC Deux garages en sous sol viennent compléter cette location . Libre immédiatement . garants demandés Cabinet IMMOSQUARE Le bien est soumis au statut de la copropriété. Loyer de 1 212,00 euros par mois charges comprises dont 160,00 euros par mois de provision pour charges (soumis à la régularisation annuelle). Les honoraires charge locataire sont de 938,00 euros ( soit 13,04 euros/m² ) dont 213,00 euros pour état des lieux ( soit 2,96 euros/m² ).",https://www.vizzit.fr/fr/property/appartement/lyon-8eme/Au5jx0unc6qi82sw,https://lb1.vizzit.com/279728a/Au5jx0unc6qi82sw/Photos/Au5jx0unc6qi82sw_1.jpg?639244612140000000,2026-09-28
Lyon 8ème (Rhône),880 €/mois,52 m² - 3 pièces - 2 chambres,"APPARTEMENT TYPE 3 meublé au premier étage de 52.06 m2 comprenant séjour/salon, cuisine meublée et équipée, deux chambres, une salle de bains, wc, balcon, et loggia. Possibilité de se garer facilement dans la résidence Métro D à 5 minutes à pied Bus, écoles, commerces a proximité Pas sérieux s’abstenir Merci de m’envoyer un msg avec une explication de votre situation Dossiers avec une garantie visale seront prioritaires",https://www.vizzit.fr/fr/property/appartement/lyon-8eme/Ateluac32118yefi,https://lb1.vizzit.com/276804a/Ateluac32118yefi/Photos/Ateluac32118yefi_1.jpg?639244570340000000,2026-09-28
Lyon 7ème (Rhône),830 €/mois,48 m² - 3 pièces,"86 Rue Rachais 69007 Lyon, à proximité de la place St Louis, du parc Sergent Blandan, des commerces et des transports (Métro B / Arrêt Jean Macé), situé au 2ème étage sans ascenseur dans un immeuble ancien, venez découvrir cet appartement T3 composé d'une entrée, une cuisine semie ouverte, un séjour avec des placards, 2 chambres, une salle de bains ainsi qu'un WC. Double vitrage, chauffage individuel électrique. DISPONIBLE IMMÉDIATEMENT. La location pourra être déléguée à Foncia Développement et Location.",https://www.vizzit.fr/fr/property/appartement/lyon-7eme/Axhwfrl6x0xt2n5a,https://lb1.vizzit.com/200592a/Axhwfrl6x0xt2n5a/Photos/Axhwfrl6x0xt2n5a_1.jpg?639244570230000000,2026-09-28
Lyon 3ème (Rhône),450 €/mois,18 m² - Studio,"Studio entièrement meublé et équipé (lit gigogne extensible, placard, commode, frigo, machine à laver le linge, plaques de cuisson, vaisselle, couette...) avec une salle de douche et des toilettes adjacent. Il est situé dans un quartier très calme, à six minutes du métro Grange Blanche. Il donne sur une cour sans vis à vis ni bruit, avec possibilité de garer un vélo ou une trottinette, et est ensoleillé Eau, électricité et wifi dans les charges. Nous cherchons un locataire à son image: propre et calme.",https://www.vizzit.fr/fr/property/appartement/lyon-3eme/Axrz8tspaqka33jr,https://lb1.vizzit.com/3236804a/Axrz8tspaqka33jr/Photos/Axrz8tspaqka33jr_1.jpg?639244569530000000,2026-09-28
Lyon 7ème (Rhône),406 €/mois,22 m² - Studio,"Au pied du métro Gerland, dans le programme récent ''STAR PLAYER'', studio de 22,80m² a situé au 3ème étage avec ascenseur, comprenant une belle pièce de vie avec kitchenette, une salle de douche avec wc. Proche transports, écoles et commerces. Honoraires: 229.82€ + Frais d'état des lieux: 68.85€ - Zone soumise à l'encadrement des loyers: Loyer de référence médian : 362€HC / Loyer majoré : 435€HC. La prise de rendez-vous s'effectue en ligne, merci de vous rediriger sur notre site IBT GESTION et de cliquer sur la rubrique ""prendre rendez-vous"", celle-ci se situe au niveau du descriptif de l'annonce . Il vous suffira de réserver votre créneau de visite ou de remplir le formulaire afin d'être placé sur la liste d'attente en attendant de recevoir une invitation. Le locataire (hors étudiants) et les garants doivent chacun disposer de revenus équivalents à 3x le montant du loyer. Les garants doivent être des personnes physiques. Aucun dossier ne sera étudié sans visite préalable.",https://www.vizzit.fr/fr/property/appartement/lyon-7eme/Aihiq0emftkx7u04,https://lb1.vizzit.com/69524a/Aihiq0emftkx7u04/Photos/Aihiq0emftkx7u04_1.jpg?639244656620000000,2026-09-28
Lyon 6ème (Rhône),2 552 €/mois,136 m² - 4 pièces - 3 chambres,"144 rue Vendôme - 69006 LYON LOCATION BAIL CIVIL D'UN AN LOGEMENT LOUE NON MEUBLE Nous vous proposons à la location ce beau T4 en plein cœur du centre-ville de Lyon. Situé dans le 6ème arrondissement dans le quartier Edgar Quinet au pied des transports en commun et des établissements scolaires. L’appartement se compose d’une grande entrée de 18m2 qui dessert chacune des pièces de l'appartement. Vous trouverez un magnifique séjour avec parquet et cheminée de 41m2 avec alcôve, une cuisine indépendante aménagée (frigo, cuisinière gaz, lave vaisselle), trois chambres dont une suite parentale, ainsi qu'une deuxième salle d'eau et un WC séparé. Vous serez séduit par le charme de l’ancien : cheminées, parquets chevrons, belle hauteur sous plafond, moulures. Disponible le Détail du loyer : Loyer hors charges : 2462.75€ Charges locatives : 90.00€ (comprenant l’entretien des parties communes) TOTAL MENSUEL : 2552.75€ Dépôt de garantie : 2462.75€ Frais d'agence : 1379,81 € Frais d'état des lieux : 414,35 € Pour déposer votre candidature : DOSSIER FACILE",https://www.vizzit.fr/fr/property/appartement/lyon-6eme/Arc6myu7wzn9r3ti,https://lb1.vizzit.com/4039902a/Arc6myu7wzn9r3ti/Photos/Arc6myu7wzn9r3ti_1.jpg?639244261800000000,2026-09-28
Lyon 8ème (Rhône),965 €/mois,63 m² - 2 pièces - 1 chambre,"Exclusivité orpi - lyon 3ème, 173 avenue lacassagne - grand t2 meublé de 63.69 m², situé au rez-de-chaussée d'une copropriété calme et sécurisée des années 60. L'appartement dispose d'une entrée, d'une belle pièce de vie de 46,96 m² avec une cuisine meublée et équipée, d'une chambre de 10,71 m² avec rangements, d'une salle de bains et d'un wc indépendant. Une cave vient également compléter ce bien. Situation idéale au pied des commerces de montchat et des transports de grange blanche (métro d, tram t2 et t5 et bus).",https://www.vizzit.fr/fr/property/appartement/lyon-8eme/A7i7asz4yq0vqeah,https://lb1.vizzit.com/71751a/A7i7asz4yq0vqeah/Photos/A7i7asz4yq0vqeah_1.jpg?639244415460000000,2026-09-28
Lyon 8ème (Rhône),1 250 €/mois,72 m² - 3 pièces - 2 chambres,"Location appartement t3 à lyon 08 de 72 m². Cet appartement de particulier est à louer meublé pour un loyer de 1250 € disponible à partir du 01 / 10 / 2026 annonce entre particuliers. Code insee : 69388. Atouts : cave ou local, stationnement possible, balcon ou terrasse, dernier étage, baignoire, sans vis-à-vis, grand séjour, cuisine équipée, proximité transport, cuisine indépendante, proximité commerce.",https://www.vizzit.fr/fr/property/appartement/lyon-8eme/Agguoxsg1l63xrtj,https://lb1.vizzit.com/4107636a/Agguoxsg1l63xrtj/Photos/Agguoxsg1l63xrtj_1.jpg?639257418020000000,2026-09-28
Lyon 7ème (Rhône),990 €/mois,60 m² - 2 pièces - 1 chambre,"Disponible à partir de fin septembre, appartement T2 meublé de 62 m², situé au 7e étage sur 9, avenue Berthelot, 69007 Lyon (proche arret de tram ""Route de Vienne""). Le logement offre une belle surface , avec : Un grand salon / séjour lumineux et spacieux Une chambre Une cuisine séparée et équipée Une salle de bain Un espace de vie confortable et nombreux rangements L'appartement est loué meublé et dispose notamment de : Four Lave-vaisselle Réfrigérateur Machine à laver TV ? Loyer et charges Loyer hors charges : 870 € / mois Charges : 120 € / mois Loyer charges comprises : 990 € / mois Dépôt de garantie : 1 500 € Disponibilité : fin septembre 2026 DPE : D GES : D ? Dossier de location Pour les personnes intéressées, merci de présenter votre situation dans votre premier message : situation professionnelle, revenus mensuels, garant éventuel et date souhaitée d'entrée dans les lieux. Après un premier échange et avant la visite, un dossier locataire complet pourra être demandé, comprenant notamment les justificatifs nécessaires à l'étude du dossier : pièce d'identité, justificatifs de situation professionnelle et de revenus, avis d'imposition, justificatif de domicile et, le cas échéant, documents relatifs au garant. ? Premier contact exclusivement par messagerie Leboncoin.",https://www.vizzit.fr/fr/property/appartement/lyon-7eme/Awlobdmpc2g0awzt,https://lb1.vizzit.com/276804a/Awlobdmpc2g0awzt/Photos/Awlobdmpc2g0awzt_1.jpg?639243821550000000,2026-09-28
Lyon 8ème (Rhône),2 990 €/mois,150 m² - 500 m² de terrain - 5 pièces,"Bail meublé d'un an renouvelable ou bail mobilité 10 mois possible. Afin de sécuriser la location, nous demandons les garanties Smartgarant ou garantme. Les visites auront lieu les 17 et 18 septembre, après réception des dossiers complets. UNE MAISON SPACIEUSE AVEC PISCINE ET JARDIN au calme absolu : Profitez d'une maison entièrement équipée avec trois chambres dotées de lits doubles, deux salles de bain dont une avec baignoire, un grand séjour lumineux, une cuisine moderne, un coin salle de sport, un bureau, une piscine chauffée et un agréable espace extérieur avec mobilier de jardin. Le logement 100% CONFORT → UNE MAISON SPACIEUSE AVEC PISCINE CHAUFFEE : Découvrez cette superbe maison entièrement équipée, idéale pour une famille, et pourquoi pas pour une mobilité professionnelle. Vous profiterez d'un grand espace de vie lumineux avec un salon confortable, télévisions connectées, video-projecteur avec écran motorisé, et une décoration moderne pensée pour votre confort. → UNE CUISINE ENTIÈREMENT ÉQUIPÉE : cuisine moderne disposant de plaques de cuisson, four, micro-ondes, réfrigérateur/congélateur, lave-vaisselle, machine à café, bouilloire, grille-pain, vaisselle et tous les ustensiles nécessaires. → TROIS CHAMBRES CONFORTABLES CLIMATISEES (clim réversible): Les trois chambres sont équipées d'un lit double. Des espaces de rangement sont également à votre disposition. → DEUX SALLES DE BAIN : La maison dispose de deux salles de bain modernes, dont une avec une agréable baignoire a jets , ainsi que trois toilettes pour plus de confort. → UN EXTÉRIEUR PENSÉ POUR LA DÉTENTE : piscine chauffée, le jardin et le mobilier extérieur → 2 PLACES DE PARKING PRIVEES possibilité de charger une voiture . → DES ÉQUIPEMENTS PREMIUM : télévision, lave-linge, vidéo-projecteur et écran géant → UN SECTEUR CALME DU 8ᵉ ARRONDISSEMENT : Secteur Grand Parilly. La maison bénéficie d'un environnement agréable, tout en restant proche du centre de Lyon et des axes routiers. → COMMERCES À PROXIMITÉ : Boulangeries, supermarchés, restaurants, pharmacies et commerces du quotidien sont accessibles en quelques minutes. → TRANSPORTS EN COMMUN : Les transports à proximité permettent de rejoindre rapidement le centre-ville, la Presqu'île, Bellecour, Part-Dieu, le Vieux Lyon. Tram T4 à 5 min à pied, métro ligne D à 10min à pieds 2 263 €/mois 11,61 €/m² Complément de loyer 687 €/mois Charge de 40 euros , comprenant l'eau , les ordures ménagères. Internet haut débit compris dans la location",https://www.vizzit.fr/fr/property/immobilier/lyon-8eme/Au0crbpho5gby0pf,https://lb1.vizzit.com/276804a/Au0crbpho5gby0pf/Photos/Au0crbpho5gby0pf_1.jpg?639243821550000000,2026-09-28
Lyon 8ème (Rhône),1 150 €/mois,71 m² - 3 pièces - 2 chambres,"Disponible à partir du Appartement de 71m² entièrement meublé, situé au 4ème étage avec ascenseur dans une résidence calme, sécurisée et très bien entretenue construite en 2000, comportant : pièce de vie de 21m², cuisine équipée, 2 chambres d’environ 12m² avec placard, salle de bains, WC indépendant, placards. Possibilité de 5 à 6 couchages. Très lumineux, carrelage au sol. L’appartement est totalement meublé et équipé (lave-linge, aspirateur, grille-pain, bouilloire, micro-ondes, lave-vaisselle…). Le linge de maison (couettes, oreillers...) est également mis à disposition. Chauffage électrique individuel. L’appartement est situé à 50m du T6 ""Moulin à vent"" (2 arrêts du métro B Debourg.) Le bus C12 vous emmène en 10 minutes à Jean Macé et 20 minutes à Bellecour. Station Vélov à 100m. Vous trouverez également de nombreux commerces à proximité dont un Franprix, deux boulangeries, deux pharmacies ainsi que des lieux de restauration. Loyer 1000 + 80€ de charges, comprenant eau et nettoyage des communs. En sus électricité (environ 40€/mois sans chauffage, 140 €/mois avec chauffage).",https://www.vizzit.fr/fr/property/appartement/lyon-8eme/Anuvnvhoj5n2pqdi,https://lb1.vizzit.com/276804a/Anuvnvhoj5n2pqdi/Photos/Anuvnvhoj5n2pqdi_1.jpg?639243812580000000,2026-09-28
Lyon 7ème (Rhône),1 100 €/mois,48 m² - 2 pièces - 1 chambre,"Bel appartement T2 meublé de 48 m² idéalement situé sur l’avenue Jean Jaurès, à deux pas du métro Jean Jaurès et de tous commerces. L’appartement se compose d’une entrée, d’un séjour lumineux, d’une cuisine équipée, d’une chambre avec coin dressing aménagé, et d’une salle d’eau avec wc. Place de parking privée en sous-sol incluse. Loyer : 1100 € CC (charges comprises — eau chaude et chauffage inclus), susceptibles d’être réajustées après 3 mois selon la consommation réelle. Disponible à partir du 15/10. Dépôt de garantie : 2 mois de loyer. Dossier locataire sécurisé exigé (Garantme, Visale, GLI ou garant physique avec justificatifs). Non fumeur.",https://www.vizzit.fr/fr/property/appartement/lyon-7eme/Anbp0w65zm289825,https://lb1.vizzit.com/276804a/Anbp0w65zm289825/Photos/Anbp0w65zm289825_1.jpg?639243804410000000,2026-09-28
Lyon 2ème (Rhône),1 825 €/mois,120 m² - 4 pièces - 3 chambres,"A louer, un appartement T4 au troisième étage avec ascenseur, composé de trois chambres, une salle de bain, une salle d'eau, un séjour, une cuisine et un wc séparé. Chauffage : Individuel au Gaz Eau chaude : Individuelle au Gaz Eau froide : Individuelle LOYER : 1 762 € Charges : 63 € DISPONIBLE A PARTIR DU Loyer de référence : 12.3 € /m² Loyer majoré : 14.8 € /m²",https://www.vizzit.fr/fr/property/appartement/lyon-2eme/Ae45cg0ekm3mfhi6,https://lb1.vizzit.com/4042995a/Ae45cg0ekm3mfhi6/Photos/Ae45cg0ekm3mfhi6_1.jpg?639243748820000000,2026-09-28
Lyon 8ème (Rhône),1 250 €/mois,35 m² - 2 pièces - 1 chambre,"L'agence Memorable Place vous propose cet appartement 2 pièces situé au 14 rue Saint Maurice à Lyon 8e, proche du métro D Monplaisir Lumière et Sans-Souci. Les plus de l'appartement : - location tout inclus (eau, électricité, internet et entretien 2 fois par mois) - proche transport : métro, bus et vélov à moins de 5min à pied Bellecour à 10min en métro, facultés et écoles supérieures à 10 minutes à pied - proche tous commerces et restaurants - la chambre séparée - le balcon Situé au 3ème étage avec ascenseur, lumineux T2 meublé de 35 m² composé de : - 1 salon avec un canapé-lit 140x190, une TV HD, et un petit balcon avec une table et deux chaises - 1 cuisine toute équipée avec notamment four, micro-onde, plaque induction, réfrigérateur, hotte, et tout le nécessaire pour cuisiner, un coin repas avec 2 chaises - 1 salle de bain avec un meuble vasque, 1 douche et 1 machine à laver - 1 chambre avec grand placard de rangement et un lit en 140x190 et une autre TV HD Location non soumis à l'encadrement des loyers et non éligible aux APL. Bail civil à partir de 1 mois. Provision pour charges mensuelles (électricité + eau + internet + entretien) : 250 € Honoraires locataire : 10 €/m², incluant état des lieux (3 €/m²) Assurance habitation obligatoire Updated on Le propriétaire de ce bien utilise Studapart pour louer son logement en toute sécurité. Comment ça marche ? Vous recevez un email Studapart et cliquez sur le lien de l'annonce. Vous créez votre compte Studapart et envoyez votre candidature (dossier + message) sans aucun frais. Si votre profil est retenu, vous pourrez faire une demande de réservation. Les frais Studapart ne sont débités qu'en cas de confirmation de réservation afin de vous garantir une location 100% sécurisée. Mise à jour le",https://www.vizzit.fr/fr/property/appartement/lyon-8eme/Aji24zor8igy2z09,https://lb1.vizzit.com/68263a/Aji24zor8igy2z09/Photos/Aji24zor8igy2z09_1.jpg?639243747730000000,2026-09-28
Lyon 7ème (Rhône),840 €/mois,53 m² - 3 pièces - 2 chambres,"Appartement libre calme avec garage idéal deux étudiants/es ou jeunes actifs. Garant demandé signe distance. Merci Compléter Profil leboncoin dans votre compte. Un mois de caution. Sera géré futur gestionnaire sans frais pour vous. Garage s/sol Facultatif avec petit supplément. Appartement 3 pièces semi meublé, 2 chambres dont 1 avec placard mural, un séjour, cuisine équipé, salle de bain, toilettes, le tout séparé et bien agencé, à l’intérieur de la résidence côté jardin, étage élevé avec ascenseur. Tram à côté, métro pas loin, Bus au pied de la résidence",https://www.vizzit.fr/fr/property/appartement/lyon-7eme/At4xqg20yyq1mxnl,https://lb1.vizzit.com/276804a/At4xqg20yyq1mxnl/Photos/At4xqg20yyq1mxnl_1.jpg?639242657830000000,2026-09-28
Lyon 7ème (Rhône),729 €/mois,41 m² - 2 pièces - 1 chambre,"Référence 5109 - Disponible de suite. Appartement de type 2 de 41,53 m2 au 1er étage situé Avenue Berthelot à Lyon 7ème. Composé d'un séjour avec placards, kitchenette meublée et équipée (plaques électriques), une chambre, une salle d'eau et wc séparé. Modalité de production de chauffage : Individuel Radiateur Gaz Modalité de production d'eau chaude sanitaire : Individuelle Chaudiere Gaz Eau froide collective. Zone soumise à encadrement des loyers Loyer de base : 664 € Loyer de référence majoré (loyer de base à ne pas dépasser) : 664,20 € Les informations sur les risques auxquels ce bien est exposé sont disponibles sur le site Géorisques: Les informations sur les risques auxquels ce bien est exposé sont disponibles sur le site Géorisques :",https://www.vizzit.fr/fr/property/appartement/lyon-7eme/Anv98tvabqettluj,https://lb1.vizzit.com/69716a/Anv98tvabqettluj/Photos/Anv98tvabqettluj_1.jpg?639243837000000000,2026-09-28
Lyon 3ème (Rhône),1 490 €/mois,75 m² - 3 pièces - 2 chambres,"LYON 3 / T3 MEUBLÉ - RUE DE LA BUIRE, QUARTIER BIR-HAKEIM Situé dans une petite rue calme, venez découvrir cet appartement de 3 pièces meublé de 2007 et de 75,28 m². Situé au 4èmé étage avec ascenseur, il est composé d'un vaste séjour de 32,24 m² ouvrant sur une très agréable loggia de 7,10m² donnant sur cour, d'une cuisine meublée et équipée, de deux chambres avec placards, d'un balcon filant donnant sur rue (5,80m²), d'une salle de bain avec baignoire, d'un W.C indépendant avec lave mains. Un garage en sous-sol complète ce logement. Eau chaude et Chauffage individuel électrique, eau froide collective. Disponibilité immédiate. Loyer mensuel hors charges : 1390,00 EUR/mois Provisions pour charges, soumises à régularisation annuelle : 100,00 EUR/mois Dépôt de garantie : 2780,00 EUR Honoraires location : 759,58 EUR Etat des lieux : 228,10 EUR Zone soumise à l'encadrement des loyers Loyer médian : 15.00€ / m² Loyer majoré : 18.",https://www.vizzit.fr/fr/property/appartement/lyon-3eme/A9i1vlfm8gr4mc6i,https://lb1.vizzit.com/4108722a/A9i1vlfm8gr4mc6i/Photos/A9i1vlfm8gr4mc6i_1.jpg?639244655990000000,2026-09-28
Lyon 7ème (Rhône),1 148 €/mois,115 m² - 4 pièces - 3 chambres,"À louer, au 9 rue Sébastien Gryphe, dans le 7e arrondissement de Lyon, spacieux appartement T4 de 115,02 m² situé au 1er étage. Le logement se compose d'un agréable séjour, de trois chambres, d'une cuisine séparée ainsi que d'une salle de bains. Sa belle superficie offre un cadre de vie confortable et fonctionnel. Des travaux sont actuellement prévus dans l'appartement. Le logement ne sera donc pas disponible immédiatement. La date de disponibilité sera précisée en fonction de l'avancement des travaux. -> Si vous souhaitez candidater, veuillez déposer votre dossier sur Seventee. Le loyer est de 1148€ (dont de 100€ charges). Les honoraires sont de 1509.06€ (dont 348.51€ d'état des lieux). Le dépôt de garantie est de 1048€ . Encadrement des loyers : Loyer de référence : 11.7€/m2 Loyer majoré : 14€/m2 Loyer minoré : 8.",https://www.vizzit.fr/fr/property/appartement/lyon-7eme/Anpmhabkwws38doe,https://lb1.vizzit.com/1210351a/Anpmhabkwws38doe/Photos/Anpmhabkwws38doe_1.jpg?639242155940000000,2026-09-28
Lyon 3ème (Rhône),1 100 €/mois,88 m² - 3 pièces - 2 chambres,"Rue Domremy- Spacieux T3 de 88 m² situé au 6ème et dernier étage avec ascenseur dans un immeuble bien entretenu avec une jolie vue dégagée. Appartement composé d'un beau séjour avec rangement, d'une cuisine aménagée et équipée (plaques induction, hotte, four, lave-vaisselle, micro-onde, réfrigérateur/congélateur), 2 chambres donnant sur balcon, une grande salle d'eau et WC séparé. Garage privatif et cave. Chauffage individuel électrique, double vitrage.. Des travaux d'isolation des murs sont en cours de réalisation pour améliorer la performance énergétique du logement Visite virtuelle : Loyer : 1020,46€ + charges 80,00€ (charges communes d'immeuble + entretien immeuble) Dépôt de Garantie : 1020,46€ Honoraire d'agence : 1154,56€ (dont 266,64€ de frais d'état des lieux d'entrée + 887,92€ de frais de recherche de locataires, constitution de dossier et rédaction de bail). LIBRE au DPE : 310E GES : 12C Frais annuel d'énergie pour chauffage : 2510 et 3430€ selon l'index 2021. •Zone soumise à l'encadrement des loyers : •Zone soumise à l'encadrement des loyers : Loyer de référence : 1056 ,00€ Loyer Majoré : 1267,20€ Loyer Minoré : 739,20 Les informations sur les risques auxquels ce bien est exposé sont disponibles sur le site Géorisques :",https://www.vizzit.fr/fr/property/appartement/lyon-3eme/Ao5sb45mph5vgtbq,https://lb1.vizzit.com/69541a/Ao5sb45mph5vgtbq/Photos/Ao5sb45mph5vgtbq_1.jpg?639242154070000000,2026-09-28
Lyon 8ème (Rhône),1 280 €/mois,69 m² - 3 pièces - 2 chambres,"CONTACT PAR MAIL UNIQUEMENT - PAS DE COLOCATION POSSIBLE - MEUBLE Au 58 avenue Jean Mermoz, face à la clinique privée, retrouvez dans une résidence sécurisée, au 3ème étage, ce bel appartement de 70m2. Vous bénéficiez de tout le confort d'une résidence récente : climatisation, ascenseur, bonne isolation. L'appartement se compose d'une entrée avec placard, un WC séparé, une cuisine équipée ouverte sur un grand séjour donnant accès à une loggia spacieuse et au calme, un coin nuit composé de deux chambres avec une salle d'eau. L'appartement donne entièrement au calme sur une rue à sens unique. Le chauffage est individuel électrique. L'eau chaude et l'eau froide sont incluses dans les charges. L'appartement bénéficie d'un garage fermé en sous sol. Disponible dès maintenant ! Loyer de 1080 euros + 200 euros de charges (copropriété, provision eau froide, provision eau chaude) Dépôt de garantie : 2160 euros Honoraires de location à la charge du locataire : 911.97 euros ( dont 210.62 euros pour l'état des lieux ) AGENCE NESTENN LYON 8",https://www.vizzit.fr/fr/property/appartement/lyon-8eme/A7r76wut4h159u2y,https://lb1.vizzit.com/71950a/A7r76wut4h159u2y/Photos/A7r76wut4h159u2y_1.jpg?639242153680000000,2026-09-28
Lyon 3ème (Rhône),940 €/mois,50 m² - 2 pièces - 1 chambre,"Au coeur du quartier recherché de Montchat, à proximité immédiate de l'arrêt de tramway Grange Blanche et de l'arrêt de métro Sans Souci, découvrez ce T2 meublé et climatisé situé au 3ème étage d'un immeuble avec ascenseur. L'appartement se compose d'un hall d'entrée avec rangements et dressing, d'un séjour ouvert sur une cuisine toute équipée, d'une chambre confortable, d'une salle de bains ainsi qu'un WC séparé. Chauffage et Eau chaude Collectif Gaz. Eau Froide Collective. Forfait (abonnement) Internet compris dans les charges. Provisions pour charges avec régularisation annuelle Zone soumise à l'encadrement des loyers. Loyer de référence majoré : 893.20 euros. Loyer de base : 820.00 euros. Complément de loyer : 0.00 euros Performance énergétique E. Performance climatique E. Montant estimé des dépenses annuelles d'énergie pour un usage standard : entre 960.00 euros et 1 350.00 euros par an selon prix moyens des énergies indexés sur les années 2021, 2022, 2023 (abonnements compris). (C. envir., art. R. 125-25, I) Honoraires de 659,15 euros TTC à la charge du locataire comprenant 147,08 euros TTC pour l'état des lieux. Zone soumise à encadrement des loyers. Loyer de référence majoré (loyer de base à ne pas dépasser) 893.20 euros/mois. Loyer de base 820.00 euros/mois. Provision sur charges 120 euros/mois, régularisation annuelle. Dépôt de garantie 1 640 euros. Classe énergie E, Classe climat E Montant estimé des dépenses annuelles d'énergie pour un usage standard : entre 960.00 euros et 1350.00 euros sur les années 2021, 2022 et 2023 (abonnements compris).",https://www.vizzit.fr/fr/property/appartement/lyon-3eme/A1lfdahjry559ngz,https://lb1.vizzit.com/119501a/A1lfdahjry559ngz/Photos/A1lfdahjry559ngz_1.jpg?639242152740000000,2026-09-28
Lyon 8ème (Rhône),1 069 €/mois,121 m² - 3 pièces - 2 chambres,"LYON 8° Avenue des Frères Lumière. F3 situé au 3e étage, 121 m² . Comprenant entrée, grand séjour avec deux alcôves + deux chambres, cuisine, salle de bains et WC. Chauffage individuel électrique. Proximité école, commerces, transports.. Libre de suite. Contact : SERVICE LOCATION Zone soumise à l'encadrement des loyers : OUI -Loyer de base : 12.10 € par m² -Loyer majoré : 14.50 € par m2 -Complément de loyer : NON -Loyer mensuel charges comprises : 1069.00 € par mois Dont provision sur charges : 82.00 € par mois -Dépôt de garantie : 987.00 € -Honoraires location : 1 587.52 € Dont pour l'état des lieux : 366.",https://www.vizzit.fr/fr/property/appartement/lyon-8eme/Avmsn69fpe0o0i5l,https://lb1.vizzit.com/230172a/Avmsn69fpe0o0i5l/Photos/Avmsn69fpe0o0i5l_1.jpg?639242152460000000,2026-09-28
Lyon 8ème (Rhône),843 €/mois,51 m² - 3 pièces - 2 chambres,"Situé dans le 8ème arrondissement de Lyon, au coeur du quartier Grand Trou avec un emplacement privilégié à deux pas de la place Belleville, de la route de Vienne et de la ligne de Tram T2 (arrêt Jet d'eau). Découvrez ce T3 meublé situé au RDC sur cour. Le bien se compose d'un séjour, d'une cuisine, de deux chambres, d'une salle de bains (l'accès se fait par une des chambres), d'un WC indépendant et d'une terrasse avec mobilier extérieur. Chauffage et Eau Chaude individuel électrique. Eau Froide Individuelle Provisions sur charges avec régulation annuelle. Zone soumise à l'encadrement des loyers. Loyer de référence majoré : 814.36 euros. Loyer de base : 805.51 euros. Complément de loyer : 0.00 euros Performance énergétique E. Performance climatique B. Montant estimé des dépenses annuelles d'énergie pour un usage standard entre 1 320.00 euros et 1 820.00 euros par an selon prix moyens des énergies indexés sur les années 2021, 2022, 2023 (abonnement compris). (C. envir., art. R. 125-25, I) Honoraires de 670,44 euros TTC à la charge du locataire comprenant 147,08 euros TTC pour l'état des lieux. Zone soumise à encadrement des loyers. Loyer de référence majoré (loyer de base à ne pas dépasser) 814.36 euros/mois. Loyer de base 805.51 euros/mois. Provision sur charges 37 euros/mois, régularisation annuelle. Dépôt de garantie 1 611,02 euros. Classe énergie E, Classe climat B Montant estimé des dépenses annuelles d'énergie pour un usage standard : entre 1320.00 euros et 1820.00 euros sur les années 2021, 2022 et 2023 (abonnements compris).",https://www.vizzit.fr/fr/property/appartement/lyon-8eme/Anwbaxe6oe62uoux,https://lb1.vizzit.com/119501a/Anwbaxe6oe62uoux/Photos/Anwbaxe6oe62uoux_1.jpg?639242151670000000,2026-09-28
Lyon 8ème (Rhône),867 €/mois,50 m² - 2 pièces - 1 chambre,"3 avenue des frères Lumière, situé juste côté de la manufacture des tabacs (Université Lyon 3), cet appartement spacieux se compose d'un salon lumineux avec parquet, d'une chambre avec parquet, d'une grande cuisine indépendante et d'une salle de bain. 5 eme étage sans ascenseur. DPE : D Appartement soumis la garantie loyer impayé. Loyer de référence : 697.18 € Loyer de référence majoré : 838.63 € Merci de déposer votre dossier de candidature sur Oralia. Loyer de 867,00 euros par mois charges comprises dont 32,00 euros par mois de provision pour charges (soumis la régularisation annuelle). Les honoraires charge locataire sont de 554,40 euros ( soit 10,97 euros/m² ) dont 153,08 euros pour état des lieux ( soit 3,03 euros/m² ). Montant estimé des dépenses annuelles d'énergie pour un usage standard : entre 850 et 1190 euros. Prix moyens des énergies indexés en 2021. Zone soumise encadrement des loyers. Le loyer de base du bien proposé est de 835 euros, le loyer de référence majoré (fixé par arrêté préfectoral) est de 838,632 euros",https://www.vizzit.fr/fr/property/appartement/lyon-8eme/Ao41qczvboi3akxs,https://lb1.vizzit.com/69550a/Ao41qczvboi3akxs/Photos/Ao41qczvboi3akxs_1.jpg?639242152750000000,2026-09-28
Lyon 8ème (Rhône),790 €/mois,32 m² - 2 pièces - 1 chambre,"Rue St Fulbert, dans un immeuble récent de standing, bel appartement de type T2 entiérement meublé de 32.17m² en rez de jardin comprenant une entrée, un beau séjour avec une cuisine ouverte équipée donnant accès à la térasse et au jardin, une chambre avec une salle de bains et un WC. Entièrement rénové, au calme, lumineux, et sans vis-à-vis, cet appartement est au pied des transports, écoles et commerces. Eau inclus dans les charges. Honoraires 324.27€ + 97.15€ Frais d'état des lieux. Loyer de référence Médian : 527€HC / Loyer majoré : 633€HC/ Complément: 80€. Zone soumise à encadrement des loyers. La prise de rendez-vous s'effectue en ligne, merci de vous rediriger sur notre site IBT GESTION et de cliquer sur la rubrique ""prendre rendez-vous"", celle-ci se situe au niveau du descriptif de l'annonce . Il vous suffira de réserver votre créneau de visite ou de remplir le formulaire afin d'être placé sur la liste d'attente en attendant de recevoir une invitation. Le locataire (hors étudiants) et les garants doivent chacun disposer de revenus équivalents à 3x le montant du loyer. Les garants doivent être des personnes physiques. Aucun dossier ne sera étudié sans visite préalable. .",https://www.vizzit.fr/fr/property/appartement/lyon-8eme/Azzykqixed69wl07,https://lb1.vizzit.com/69524a/Azzykqixed69wl07/Photos/Azzykqixed69wl07_1.jpg?639242151130000000,2026-09-28
Lyon 7ème (Rhône),620 €/mois,22 m² - Studio,"A SAISIR ! La Régie Bellecour propose un beau studio meublé situé a proximité des écoles et facultés, commodités et transports. Cet appartement se compose d'une entrée, d'un bel espace de vie aménagé avec goût ( rangement, bureau,..) avec une cuisine ouverte aménagée et équipée (réfrigérateur, four, plaque à induction et machine à café), d'une belle salle d'eau avec WC séparé. Cet appartement est idéal pour un jeune actif ou étudiant. Si vous êtes intéressé n'hésitez pas à nous . Loyer HC : 595.00€ incluant un complément de loyer de 69.20€ justifié par la rénovation récente, le mobilier et les équipements de qualité. Charges: 25,00€ incluant l'entretien des parties communes Dépôt de garantie : 1 180,00€ Honoraires de location : 286,00€",https://www.vizzit.fr/fr/property/appartement/lyon-7eme/An8yrx4nths9iv50,https://lb1.vizzit.com/269778a/An8yrx4nths9iv50/Photos/An8yrx4nths9iv50_1.jpg?639242148450000000,2026-09-28
Lyon 7ème (Rhône),730 €/mois,31 m² - 2 pièces - 1 chambre,"Découvrez ce charmant appartement situé dans le quartier prisé des Girondins, au cœur du 7ème arrondissement de Lyon. Situé sur le Boulevard Yves Farge, cet appartement de 31 m² est idéal pour les personnes seules ou les couples à la recherche d'un cadre de vie dynamique et accessible. Ce bien immobilier se compose de deux pièces fonctionnelles, offrant un agencement pratique pour maximiser l'espace. Le logement comprend une salle de bain et un WC séparé, ce qui est particulièrement appréciable pour le confort quotidien. La cuisine est entièrement équipée, vous permettant de préparer vos repas avec aisance. l'appartement se trouve au quatrième étage d'un immeuble de dix étages avec deux ascenseurs, rendant l'accès facile et pratique. De plus, une cave est incluse, offrant un espace de rangement supplémentaire pour vos affaires. La localisation de cet appartement est un véritable atout. À seulement 30 mètres de l'arrêt de bus Ayasse - Yves Farge, vos trajets quotidiens deviennent un jeu d'enfant. Vous avez également un accès rapide aux lignes de bus 34A et C7B à 284 mètres, ainsi qu'à la station de tram T1 de l'ENS Lyon, située à 440 mètres. Pour vos courses, le Super U, un supermarché bien approvisionné, n'est qu'à 160 mètres, vous permettant de faire vos emplettes en toute simplicité. Les étudiants apprécieront la proximité de l'Institut de gestion comptable et informatique du transport, à 410 mètres, ainsi que l'École Normale Supérieure de Lyon, à seulement 480 mètres. De plus, le quartier regorge de restaurants à distance de marche, vous permettant de découvrir une variété de cuisines dans un cadre agréable. En conclusion, cet appartement aux Girondins est une opportunité à ne pas manquer pour les célibataires et les couples souhaitant s'installer à Lyon. Avec son emplacement central, ses commodités pratiques, et son ambiance conviviale, il saura répondre à vos besoins tout en offrant un cadre de vie agréable. N'attendez plus et contactez-nous dès aujourd'hui pour organiser une visite de ce bien qui pourrait être votre futur chez-vous dans la belle ville de Lyon ! ps: possibilité d'avoir un stationnement en sus",https://www.vizzit.fr/fr/property/appartement/lyon-7eme/Ao3r7jyggnd1yihi,https://lb1.vizzit.com/14576a/Ao3r7jyggnd1yihi/Photos/Ao3r7jyggnd1yihi_1.jpg?639241748830000000,2026-09-28
Lyon 3ème (Rhône),1 500 €/mois,70 m² - 3 pièces - 2 chambres,"T3 - NON MEUBLÉ - LYON 3 Century 21 Le 7 de Cœur vous propose à la location d'un T3 de 70 m², situé au 3 étage avec ascenseur d'une résidence sécurisée et parfaitement entretenue. Vous apprécierez son emplacement idéal, à proximité immédiate des transports en commun : - Métro D arrêt Garibaldi à 10 minutes à pieds, - Tram 4 arrêt Archives Départementales à 7 minutes à pieds. Bénéficiant d'une vue dégagée sur cour, cet appartement lumineux se compose d'une entrée, d'une spacieuse pièce de vie avec une cuisine ouverte Mobalpa, aménagée et entièrement équipée, ouvrant sur un agréable balcon. L'espace nuit offre deux chambres, dont une avec accès direct au balcon, une salle d'eau moderne avec douche à l'italienne, ainsi que des WC séparés. Un garage est disponible en supplément pour 130 € par mois charges comprises. Charges : - Eau froide individuelle - Eau chaude individuelle électrique - Chauffage individuel électrique Disponible à partir du 28 septembre 2026 ! Complément de loyer : 316,24 €, justifié par la présence d'une cuisine Mobalpa aménagée et équipée comprenant des plaques de cuisson, une hotte, un four, un lave-vaisselle et une machine à laver.",https://www.vizzit.fr/fr/property/appartement/lyon-3eme/Ayol3vart8b4d5tk,https://lb1.vizzit.com/222671a/Ayol3vart8b4d5tk/Photos/Ayol3vart8b4d5tk_1.jpg,2026-09-28
Lyon 8ème (Rhône),1 690 €/mois,87 m² - 4 pièces - 3 chambres,"Très rare. Superbe appartement meublé en dernier étage avec terrasse de 107 m². Venez découvrir ce magnifique appartement de 87.20 m² au 8ème et dernier étage avec ascenseur, possédant une entrée avec placard, un séjour/cuisine US meublée et équipée, trois chambres (12m², 16m² et 10 m²), une salle de bains avec baignoire, un toilette séparé et un garage PMR en sous-sol. Vous apprécierez sa terrasse de 107 m² avec sa triple exposition (nord, sud et sud/ouest) et sa vue panoramique. Libre de suite. Mobilier sur demande. Rendez-vous sur notre site internet, pour consulter la visite virtuelle et pour déposer votre dossier de candidature et obtenir une visite.",https://www.vizzit.fr/fr/property/appartement/lyon-8eme/Akg8l0xa9yhmzdwp,https://lb1.vizzit.com/713280a/Akg8l0xa9yhmzdwp/Photos/Akg8l0xa9yhmzdwp_1.jpg?639241549870000000,2026-09-28
Lyon 8ème (Rhône),644 €/mois,31 m² - Studio,"Rue de la Fraternité - A deux pas des commerces et transports en commun (trams T2 et T4 arrêt Jet d'Eau). Agréable T1 de 32m² en rez-de-jardin situé dans une résidence récente bénéficiant d'un environnement calme. Il se compose d'une pièce principale avec lit mezzanine, d'une cuisine ouverte aménagée et équipée (plaques de cuisson et frigo), d'un placard et d'une salle de bains avec WC. Le bien bénéficie d'un jardin privatif. Eau chaude, eau froide et chauffage collectifs. Fenêtres double vitrage PVC. Pour visiter, veuillez déposer au préalable votre dossier de candidature via le site internet de notre agence, rubrique ""Location"", ""Mon dossier en ligne"".",https://www.vizzit.fr/fr/property/appartement/lyon-8eme/A0jz9pyutqdcgpo7,https://lb1.vizzit.com/713280a/A0jz9pyutqdcgpo7/Photos/A0jz9pyutqdcgpo7_1.jpg,2026-09-28
Lyon 7ème (Rhône),1 300 €/mois,56 m² - 2 pièces - 1 chambre,"T2 BIS MEUBLE 56.39 M² - 1 RUE FELIX FAURE LYON 7 Très belles prestations et superbe vue pour cet appartement au 8ème étage avec ascenseur comprenant une entrée, un salon, un coin repas, une cuisine (équipée), une grande chambre avec placard, une salle de bain/toilettes. Une terrasse plein ciel avec vue sur Fourvière et une loggia fermée. Une cave en annexe. Loyer : 1 040.00€ Charges mensuelles : 260 € (entretien des communs, ascenseur, chauffage collectif avec répartiteurs individuels, consommation d'eau chaude et froide). Honoraires locataires : 663.90 € (dont 100€ pour l'état des lieux d'entrée). Dépôt de garantie : 2 080.00 € Contact agence : MOULOISE Paul",https://www.vizzit.fr/fr/property/appartement/lyon-7eme/Au7pwbnr8jjfuml0,https://lb1.vizzit.com/69593a/Au7pwbnr8jjfuml0/Photos/Au7pwbnr8jjfuml0_1.jpg?639241525650000000,2026-09-28
Lyon 7ème (Rhône),912 €/mois,41 m² - Studio,"T1 BIS - MEUBLE - LYON 7 Venez visiter ce grand T1 Bis meublé de 41,91 m² situé au 2 étage d'un immeuble sécurisé, au pied du tramway T2 arrêt ""Route de Vienne"", et à proximité immédiate des commerces (boulangerie, pharmacie, superette). L'appartement se compose d'une entrée avec un grand dressing, d'un vaste séjour lumineux ouvert sur une cuisine aménagée et entièrement équipée (lave-vaisselle, plaques de cuisson, hotte, four, micro-ondes). La salle d'eau est équipée d'une machine à laver et les WC sont séparés. Une chambre, séparé par une verrière, offre une vraie pièce supplémentaire (moins de 9 m²). Eau chaude et Electricité Individuel Disponible le !",https://www.vizzit.fr/fr/property/appartement/lyon-7eme/Anwqp2g7vyfm40gn,https://lb1.vizzit.com/222671a/Anwqp2g7vyfm40gn/Photos/Anwqp2g7vyfm40gn_1.jpg?639258154510000000,2026-09-28
Lyon 3ème (Rhône),1 325 €/mois,66 m² - 3 pièces - 2 chambres,"T3 LYON 3ème - 52 rue Abbé Boisard 69003 LYON Clesev vous propose à la location, dans une résidence récente située rue Abbé Boisard à Lyon 3ème, à seulement 5 minutes à pied de la Gare Part Dieu, cet appartement de type 3 meublé situé au 1er étage avec ascenseur. L'appartement se compose d'une entrée, d'une cuisine aménagée et équipée ouverte sur le séjour donnant accès à un balcon, de deux chambres dont une avec placard, ainsi que d'une salle de bains. Le chauffage, l'eau froide et l'eau chaude sont inclus dans les charges. Idéalement situé, cet appartement bénéficie de la proximité immédiate de la Gare Part Dieu, des transports, des commerces et de toutes les commodités. Contactez-nous dès maintenant sur Seventee pour organiser une visite et découvrir votre futur logement !. Loyer de 1 325,00 euros par mois charges comprises dont 160,00 euros par mois de provision pour charges (soumis à la régularisation annuelle). Les honoraires charge locataire sont de 877,73 euros ( soit 13,12 euros/m² ) dont 202,71 euros pour état des lieux ( soit 3,03 euros/m² ). DPE ANCIENNE VERSION.",https://www.vizzit.fr/fr/property/appartement/lyon-3eme/Ahjwngtxx1vdyvlc,https://lb1.vizzit.com/3191423a/Ahjwngtxx1vdyvlc/Photos/Ahjwngtxx1vdyvlc_1.jpg?639241501740000000,2026-09-28
Lyon 3ème (Rhône),483 €/mois,21 m² - Studio,"Rue Saint Isidore, quartier Montchat, dans un petit immeuble ancien, beau studio au rez de chaussée de 21.20m² comprenant une pièce de vie avec une cuisine ouverte, une salle de douche avec des wc. Eau froide comprise dans les charges. Honoraires: 213.65€ + Frais d'état des lieux: 64.02€ / Zone soumise à encadrement des loyers / Loyer de référence Médian : 362€HC / Loyer majoré : 434€HC / Complément de loyer : 19€ HC La prise de rendez-vous s'effectue en ligne, merci de vous rediriger sur notre site IBT GESTION et de cliquer sur la rubrique ""prendre rendez-vous"", celle-ci se situe au niveau du descriptif de l'annonce . Il vous suffira de réserver votre créneau de visite ou de remplir le formulaire afin d'être placé sur la liste d'attente en attendant de recevoir une invitation. Le locataire (hors étudiants) et les garants doivent chacun disposer de revenus équivalents à 3x le montant du loyer. Les garants doivent être des personnes physiques. Aucun dossier ne sera étudié sans visite préalable.",https://www.vizzit.fr/fr/property/appartement/lyon-3eme/Aewjjuum4hx0iej1,https://lb1.vizzit.com/69524a/Aewjjuum4hx0iej1/Photos/Aewjjuum4hx0iej1_1.jpg?639241496860000000,2026-09-28
Lyon 8ème (Rhône),1 598 €/mois,110 m² - 5 pièces - 4 chambres,"A LOUER - LYON 8° - RUE PUISARD - Appartement F5 de 110.28 m² au 5ème étage d'un immeuble neuf avec ascenseur comprenant un séjour avec coin cuisine aménagée, quatre chambres, salle d'eau avec WC, salle de bains, WC, 2 terrasses et un garage double. Chauffage individuel gaz. Location soumise à plafonds de ressources PINEL. Garage double indissociable 90€, en plus. Zone soumise à encadrement des loyers : Prix de référence : 11.70 €/m² Prix majoré : 14.",https://www.vizzit.fr/fr/property/appartement/lyon-8eme/A1o60fgjrwhm63mj,https://lb1.vizzit.com/538559a/A1o60fgjrwhm63mj/Photos/A1o60fgjrwhm63mj_1.jpg?639241500630000000,2026-09-28
Lyon 8ème (Rhône),1 713 €/mois,120 m² - 5 pièces - 4 chambres,"A LOUER - LYON 8 - Rue Hugues Guerin, Immeuble neuf, bel appartement F5 au troisième étage , d'une surface de 120.4 m² avec deux terrasses de 45.67m² et 74.43m² comprenant un dégagement, un séjour avec coin cuisine aménagée, quatre chambres , une salle d'eau , une salle de bains, un WC. Un garage fait partie de la location. Chauffage par caloporteur. Garage en sus indissociable 62€ Soumis à Loi PINEL ( plafonds de ressources ) Zone soumise à encadrement des loyers : ref : 11.70€ ref majoré : 14.",https://www.vizzit.fr/fr/property/appartement/lyon-8eme/Aluyr0kzmbjj2hcu,https://lb1.vizzit.com/538559a/Aluyr0kzmbjj2hcu/Photos/Aluyr0kzmbjj2hcu_1.jpg?639241496940000000,2026-09-28
Lyon 7ème (Rhône),1 011 €/mois,43 m² - 2 pièces - 1 chambre,"Secteur Jean Macé, bel appartement T2 Meublé au 3ème étage comprenant une entrée, un séjour avec un espace cuisine aménagée et équipée ( frigo, hotte , plaques, lave-vaisselle, four, micro-ondes), une chambre, une salle de bains avec baignoire et meuble vasque et un WC séparé. Un garage complète ce bien Chauffage individuel électrique Ascenseur Zone soumise à encadrement des loyers : Loyer de base (loyer hors charges) : 685.15€ /mois Loyer de référence majoré (loyer de base à ne pas dépasser) : 820.43 €/ mois Complément de loyer : 0 € / mois POUR VISITER DEMANDER CATHERIEN SOUIN Les informations sur les risques auxquels ce bien est exposé sont disponibles sur le site Géorisques :",https://www.vizzit.fr/fr/property/appartement/lyon-7eme/Aymxqrkcq8k6sxzs,https://lb1.vizzit.com/69675a/Aymxqrkcq8k6sxzs/Photos/Aymxqrkcq8k6sxzs_1.jpg?639241518430000000,2026-09-28
Lyon 8ème (Rhône),724 €/mois,31 m² - 1 pièce,"T1 Lyon 8ème secteur Jet d'Eau Rue de la Fraternité - A deux pas des commerces et transports en commun (trams T2 et T4 arrêt Jet d'Eau). Agréable T1 de 32 m² en rez-de-jardin situé dans une résidence récente bénéficiant d'un environnement calme. Il se compose d'une pièce principale avec lit mezzanine, d'une cuisine ouverte aménagée et équipée (plaques de cuisson et frigo), d'un placard et d'une salle de bains avec WC. Le bien bénéficie d'un jardin privatif. Eau chaude, eau froide et chauffage collectifs. Fenêtres double vitrage PVC. Pour visiter, veuillez déposer au préalable votre dossier de candidature via le site internet de notre agence, rubrique 'Location', 'Mon dossier en ligne'.",https://www.vizzit.fr/fr/property/appartement/lyon-8eme/Al84evcx3vxgn2yr,https://lb1.vizzit.com/121345a/Al84evcx3vxgn2yr/Photos/Al84evcx3vxgn2yr_1.jpg?639241653330000000,2026-09-28
Lyon 7ème (Rhône),1 200 €/mois,49 m² - 3 pièces - 1 chambre,"F2, meublé, Gerland, co-location possible, Lyon 7ème arrondissement, près du métro et du tramway, près de l'E.N.S., 49 m2, 4ème et dernier étage, petit balcon, garage, une salle à manger-salon, une cuisine, une chambre, une salle de bains, un wc indépendant, avec frigo-congélateur, four, micro-ondes, cafetière, aspirateur, vaisselle, canapé, 2 fauteuils, une table, 4 chaises, un lit 2 places, une armoire, télévision , une machine à laver, loyer appartement 950€, loyer garage 130 €, provision charges 120 €, total 1200 €.",https://www.vizzit.fr/fr/property/appartement/lyon-7eme/A60qn7v1kb5lnkqx,https://lb1.vizzit.com/276804a/A60qn7v1kb5lnkqx/Photos/A60qn7v1kb5lnkqx_1.jpg?639240450300000000,2026-09-28
Lyon 8ème (Rhône),900 €/mois,43 m² - 2 pièces - 1 chambre,"Je loue ce charmant appartement meublé, de type T2, d’une superficie de 43 m², situé dans le quartier de Transvaal. La station d’arrêt du T6 Mermoz Californien est à 6 min à pied, la station Grange Blanche est à 15 min à pied (T2, T5, Métro D et plusieurs lignes de bus). Aussi, il y a 2 stations de vélo à 2 min à pied. Disponible à partir du 1er octobre 2026 (possibilité de le louer quelques jours avant si besoin). Cette petite surface offre un espace de vie optimisé et fonctionnel. L’appartement comprend 1 chambre, 1 salle de bain équipée notamment d’un lave-linge, et avec des toilettes séparées. La cuisine est équipée et séparée (Four, Plaque induction, Réfrigérateur, Bouilloire, …) Les espaces sont bien agencés et bénéficient d'une belle luminosité naturelle. - Balcon de 3 m² - Parking dans l’enceinte de la copropriété (la rue est entièrement gratuite, les raretés de Lyon) - Cave de 8 m² - Interphone • Loyer : 700€ • Provisions sur Charges : 200€ comprenant eau froide, chauffage collectif urbain et charges générales (régularisation annuelle au 01/10/N). =>> LOYER CC : 900€ / MOIS • Dépôt de garantie : 1400€ DPE 09/2026 Classe énergie E - Classe climat C. « Zone soumise à encadrement des loyers » : - loyer de référence 640,70€ - loyer de référence majoré 769,70€ N'hésitez pas à me pour plus d'informations ou pour organiser une visite.",https://www.vizzit.fr/fr/property/appartement/lyon-8eme/Acngwpkuqcmmoekn,https://lb1.vizzit.com/276804a/Acngwpkuqcmmoekn/Photos/Acngwpkuqcmmoekn_1.jpg?639240449530000000,2026-09-28
Lyon 3ème (Rhône),623 €/mois,31 m² - Studio,"Appartement LYON 3 - APPARTEMENT T1 DE 32 M2 - LYON 3 - 14 IMPASSE BELLOEUF. Secteur Montchat à proximité du tramway (arrêt Dauphinée Lacassagne), un appartement T1 d'une superficie de 32 m² au 3ème étage sans ascenseur comprenant : une entrée, une cuisine avec alcôve, une chambre, W.C. Salle d'eau. Chauffage électrique. Les charges comprennent l'entretien des parties communes. Bien soumis à l'encadrement de loyer - Loyer de référence majoré (loyer de base à ne pas dépasser) : 20.5 €/m² soit 655.59 € - Loyer de base : 17.10 €/m² soit 546.86 €. Loyer de 623,00 euros par mois charges comprises dont 40,00 euros par mois de provision pour charges (soumis à la régularisation annuelle). Les honoraires charge locataire sont de 417,89 euros ( soit 13,07 euros/m² ) dont 96,90 euros pour état des lieux ( soit 3,03 euros/m² ). Montant estimé des dépenses annuelles d'énergie pour un usage standard : entre 610 et 860 euros. Prix moyens des énergies indexés en 2023. Zone soumise à encadrement des loyers. Le loyer de base du bien proposé est de 583 euros, le loyer de référence majoré (fixé par arrêté préfectoral) est de 655,59 euros Référence annonce : GES Date de réalisation du diagnostic : Honoraires à la charge du locataire : 417 € TTC dont 96 € pour l’état des lieux Dépôt de garantie : 583 € Montant des charges : 40 € / mois Montant estimé des dépenses annuelles d'énergie pour un usage standard : entre 610 € et 860 € sur les années 2021, 2022 et 2023 (abonnements compris).",https://www.vizzit.fr/fr/property/appartement/lyon-3eme/Actb7rfir8dt7ld5,https://lb1.vizzit.com/85552a/Actb7rfir8dt7ld5/Photos/Actb7rfir8dt7ld5_1.jpg?639240444330000000,2026-09-28
Lyon 8ème (Rhône),1 736 €/mois,106 m² - 5 pièces - 4 chambres,"Maison individuelle dans petit lotissement, d'une superficie de 106 m2, comprenant au rez-de-chaussée: un hall, un grand séjour, une cuisine et un WC + à l'étage: 4 chambres dont une avec une salle d'eau (douche), une salle de bains et un WC. Proximité du Parc de Parilly et de commerces. Un garage et un jardin privatif de 98 m2 viennent compléter le bienChauffage individuel gaz central (chaudière neuve)Libre de suite Honoraires de 1 060,10 € TTC à la charge du locataire comprenant 318,03 € TTC pour l'état des lieux. Zone soumise à encadrement des loyers. Loyer de référence majoré (loyer de base à ne pas dépasser) 1462.80 €/mois. Loyer de base 1587.93 €/mois. Provision sur charges 23 €/mois, régularisation annuelle. Complément de loyer 125,13 €/mois. Dépôt de garantie 1 587,93 €. Classe énergie C, Classe climat C Montant estimé des dépenses annuelles d'énergie pour un usage standard: entre 1460.00 € et 2020.00 € sur les années 2021, 2022 et 2023 (abonnements compris).",https://www.vizzit.fr/fr/property/immobilier/lyon-8eme/A3jxhidybbnv5xom,https://lb1.vizzit.com/504696a/A3jxhidybbnv5xom/Photos/A3jxhidybbnv5xom_1.jpg?639256340520000000,2026-09-28
Lyon 8ème (Rhône),905 €/mois,45 m² - 2 pièces - 1 chambre,"Honoraires de 550 € TTC à la charge du locataire comprenant 150 € TTC pour l'état des lieux. Zone soumise à encadrement des loyers. Loyer de référence majoré (loyer de base à ne pas dépasser) 820 €/mois. Loyer de base 817 €/mois. Provision sur charges 88 €/mois, régularisation annuelle. Dépôt de garantie 817 €. DPE en cours.",https://www.vizzit.fr/fr/property/appartement/lyon-8eme/A81lhk6pawrqdfi2,https://lb1.vizzit.com/860709a/A81lhk6pawrqdfi2/Photos/A81lhk6pawrqdfi2_1.jpg?639256340950000000,2026-09-28
Lyon 3ème (Rhône),1 605 €/mois,86 m² - 3 pièces - 2 chambres,"T3 côté Montchat de 86 m² dans une résidence familiale, au 3ème étage avec ascenseur, comprenant un séjour avec balcon, une cuisine indépendante, une grande entrée, deux chambres, salle de bains baignoire, wc séparés, chauffage électrique et eau chaude par cumulus et cave, garage. L'appartement est disponible de suite. Loyer 1335 € + 30 € de cave + 150 € de garage + 90 € de charges. TOTAL mensuel de 1605 € + DEPOT DE GARANTIE De 1515 € + HONOS 1118 € Pour plus d'infos et/ou visiter, CHM Administration de biens [Coordonnées masquées]",https://www.vizzit.fr/fr/property/appartement/lyon-3eme/Axryh1hmqsx80lzl,https://lb1.vizzit.com/918091a/Axryh1hmqsx80lzl/Photos/Axryh1hmqsx80lzl_1.jpg?639240334070000000,2026-09-28
Lyon 3ème (Rhône),850 €/mois,52 m² - 2 pièces - 1 chambre,"Particulier propose appartement totalement rénové en plein coeur de Montchat de 52 m2,cuisine équipée four,hotte,plaques,réfrigérateur,congélateur,une chambre à coucher séparée d'un vaste salon,une salle d'eau avec douche et nombreux rangements,chauffage gaz.Idéalement située près des commerces,du tramway T6 des transports en commun,cet appartement est à 500 mètres de la place de l'église de Montchat,et de l'entrée du périphérique.Endroit très prisée avec de nombreuses places de stationnement gratuites.",https://www.vizzit.fr/fr/property/appartement/lyon-3eme/Afzvbuzg2p9alc06,https://lb1.vizzit.com/276804a/Afzvbuzg2p9alc06/Photos/Afzvbuzg2p9alc06_1.jpg?639240318320000000,2026-09-28
Lyon 7ème (Rhône),1 085 €/mois,71 m² - 3 pièces - 2 chambres,"..239 Avenue Jean Jaurès Lyon 7ème, résidence située à proximité des transports et de toutes commodités 239 avenue Jean Jaurès 69007 LYON - Métro DEBOURG et JEAN JAURES , avec garage et balcon. In'li Aura vous propose cet appartement T3 en location, avec garage et balcon. Proche commerces et métro Ce bien de 71m², au 1er étage avec ascenseur, se compose de : - Une entrée - Un salon, donnant sur le balcon - Une cuisine simple et séparée, - Deux chambres, au calme - Une salle de bain avec baignoire - Un WC séparé - Plusieurs rangements Vous disposez d'un garage en sous-sol sécurisé. Inclus dans les charges : communs. Type de chauffage : individuel au gaz Estimation des coûts annuels d'énergie entre 900 euros et 1270 euros Ce logement vous intéresse ? 1. Vérifiez votre éligibilité : au moins un des demandeurs doit être salarié d'une entreprise privée de plus de 10 salariés. 2. Déposez votre dossier COMPLET sur notre site inli Les + d'in'li Aura : - Des loyers à prix maitrisés, en moyenne 10% moins chers que les prix du marché en zone tendue - Pas de frais d'agence ni de frais d'état des lieux - Pas de garants physiques - Garantie Visale recommandée si vous êtes éligibles (testez votre éligibilité sur le site Visale) In'li Aura, acteur de référence du logement à prix maitrisé en Auvergne Rhône-Alpes, propose des logements à prix maitrisés pour les jeunes actifs et salariés du secteur privé.",https://www.vizzit.fr/fr/property/appartement/lyon-7eme/A9s1k6ycod6e5ojx,https://lb1.vizzit.com/4108921a/A9s1k6ycod6e5ojx/Photos/A9s1k6ycod6e5ojx_1.jpg?639240310630000000,2026-09-28
Lyon 8ème (Rhône),1 699 €/mois,89 m² - 4 pièces - 3 chambres,"À louer, spacieux appartement Type 4 situé en étage dans une résidence neuve et sécurisée, au cœur du 8 € arrondissement de Lyon. Le logement se compose d'une pièce de vie lumineuse avec cuisine ouverte, un coin nuit avec trois chambres, d'un cellier, d'une salle de bains moderne et de WC séparé. Situé dans un quartier calme, l'appartement bénéficie d'une excellente accessibilité : proximité immédiate des transports en commun, des commerces et des services. Il est également proche des facultés de médecine, des hôpitaux lyonnais et des universités. Les charges comprennent le chauffage ainsi que l'eau chaude et l'eau froide. Les loyers sont payables à terme échu, pas d'avance de loyer Dépôt de garantie : 1 mois de loyer hors charges Disponible immédiatement. Place de parking en sous-sol disponible en supplément : 47 €/mois (sous réserve de disponibilité).",https://www.vizzit.fr/fr/property/appartement/lyon-8eme/Aum55nfg8t92evlc,https://lb1.vizzit.com/4190474a/Aum55nfg8t92evlc/Photos/Aum55nfg8t92evlc_1.jpg?639240292920000000,2026-09-28
Lyon 7ème (Rhône),790 €/mois,47 m² - 2 pièces - 1 chambre,"A LOUER - LYON 7, rue de la Guillotière, bel appartement T2 de 47.13m², Au coeur d'un quartier vivant et commerçant, à deux pas du métro ligne D - Station Garibaldi. Installé en entresol d'une résidence sécurisée avec ascenseur, interphone et local poubelles, l'appartement offre un cadre de vie confortable et agréable. Il se compose d'une entrée avec placard, d'un séjour lumineux ouvert sur une cuisine aménagée (plaques de cuisson et hotte), d'une chambre spacieuse, d'une salle d'eau ainsi que de WC indépendants. Le chauffage est individuel au gaz, pour un meilleur confort de gestion. Un appartement idéal pour profiter pleinement de la vie lyonnaise, alliant praticité, confort et situation privilégiée. Zone soumise à l'encadrement des loyers. Loyer médian : 13.",https://www.vizzit.fr/fr/property/appartement/lyon-7eme/Ap9nbysmbh2ridnf,https://lb1.vizzit.com/538559a/Ap9nbysmbh2ridnf/Photos/Ap9nbysmbh2ridnf_1.jpg?639240273730000000,2026-09-28
Lyon 7ème (Rhône),770 €/mois,35 m² - Studio,"Résidence calme, sécurisée et arborée Sans vis à vis Studio spacieux et lumineux entièrement rénové Entrée indépendante Débarras indépendant spacieux aménagé Salle de bain avec baignoire Pièce de vie lumineuse, véritable parquet au sol. Grand balcon sans vis à vis . Important : chauffage et eau compris dans les charges mensuelles.",https://www.vizzit.fr/fr/property/appartement/lyon-7eme/A5x5vw2f3mqyt7yj,https://lb1.vizzit.com/14576a/A5x5vw2f3mqyt7yj/Photos/A5x5vw2f3mqyt7yj_1.jpg?639240267710000000,2026-09-28
Lyon 8ème (Rhône),785 €/mois,56 m² - 3 pièces - 2 chambres,"8 Bis Rue Hugues Guérin, 69008 Lyon Dans une résidence de standing avec piscine, au cœur du 8ᵉ arrondissement de Lyon, cet appartement de type 3 d'une superficie de 56 m² est situé au dernier étage. Il se compose d'un séjour donnant sur un agréable balcon, d'une cuisine ouverte aménagée et équipée, de deux chambres avec placards, d'une salle de bains, ainsi que d'un WC indépendant. En annexe, vous bénéficierez d'un parking. Les charges comprennent l'entretien des parties communes ainsi que l'eau froide. Le chauffage et l'eau chaude sont individuels électriques. La visite virtuelle: Disponible à partir du . /! \ Pour visiter, rien de plus simple: faites la demande de contact en complétant le formulaire et vous recevrez un lien qui vous permettra de réserver une visite. Si vous n'avez aucun créneau de visite disponible à la réservation, cela signifie que le nombre maximum de visites prévu pour le moment a été atteint. /! \.",https://www.vizzit.fr/fr/property/appartement/lyon-8eme/An3l566yha393jg2,https://lb1.vizzit.com/71834a/An3l566yha393jg2/Photos/An3l566yha393jg2_1.jpg?639241258570000000,2026-09-28
Lyon 7ème (Rhône),1 307 €/mois,66 m² - 3 pièces - 2 chambres,"Votre agence Guy Hoquet Lyon 9 vous propose à la location, un agréable appartement de type 3 de 66.33 m², situé au 3ème étage avec ascenseur, avenue Jean Jaurès dans le 7ème arrondissement de Lyon. Il comprend une entrée desservant une cuisine lumineuse, indépendante aménagée et équipée donnant accès à une loggia en intérieur de copropriété. Une grande pièce à vivre lumineuse de 27 m², offrant un accès au balcon de 4m². La partie nuit dessert, deux chambres spacieuses et une salle d'eau avec WC séparé. Le bien est loué meublé et une cave en sous-sol ainsi qu'un garage en intérieur de cour complètent l'appartement. Il est situé en plein coeur du quartier Jean Jaurès, à seulement quelques pas de la station de métro DEBOURG (ligne B qui mène à l'hypercentre de Lyon en seulement quelques minutes) et des bus, mais aussi des commerces de proximité tel que : supermarchés, tabac, pharmacie, bars et restaurants. Des stations Velo'v sont à proximité. Le dépôt de garantie est de : 2198.30 euros. Le montant du loyer Hors Charges est de : 1099.15 euros. Le montant de la provision sur charges est de : 200 euros (comprenant le chauffage, l'eau chaude et l'eau froide, l'entretien des parties communes et la taxe d'ordure ménagère) Le montant des honoraires d'agence est fixé à : 862.29 euros L'appartement est disponible à compter du 15 mars 2025. Si vous souhaitez obtenir plus de renseignements dans le but d'organiser une visite, contactez votre agence Guy Hoquet Lyon 9 au 205. Achat, vente, location et gestion, maisons et appartements. Une estimation de votre bien est offerte, si vous le souhaitez, sur simple demande. N'hésitez pas à nous rejoindre sur les réseaux sociaux comme Instagram (@agenceguyhoquetlyon9) et Facebook ! Référence annonce : 775 Date de réalisation du diagnostic : Honoraires à la charge du locataire : 870 € TTC dont 200 € pour l’état des lieux Dépôt de garantie : 2214 € Complément de loyer : 125 € / mois (inclus dans le loyer CC) A propos de la copropriété : Pas de procédure en cours Montant estimé des dépenses annuelles d'énergie pour un usage standard : entre 900 € et 1 280 € sur les années 2021, 2022 et 2023 (abonnements compris).",https://www.vizzit.fr/fr/property/appartement/lyon-7eme/Axejvu40f8wr07b8,https://lb1.vizzit.com/1807a/Axejvu40f8wr07b8/Photos/Axejvu40f8wr07b8_1.jpg?639240235470000000,2026-09-28
Lyon 3ème (Rhône),1 340 €/mois,91 m² - 4 pièces - 3 chambres,"A louer JOLI T4 en bon état, comprenant une entrée avec placard, une cuisine aménagée et partiellement équipée (plaques élec., hotte) ouverte sur le séjour, un séjour avec sol parquet et cheminée décorative, 3 chambres avec parquet - placards et cheminées décoratives, une salle de bains avec baignoire, meuble/vasque et WC, une salle de douche attenante à une chambre, un WC séparé. A voir.. Zone soumise à encadrement des loyers : Loyer de base (loyer hors charges) : 1 110.20 € /mois Loyer de référence majoré (loyer de base à ne pas dépasser) : 1 328.",https://www.vizzit.fr/fr/property/appartement/lyon-3eme/Am82jcwf2597y6p8,https://lb1.vizzit.com/69675a/Am82jcwf2597y6p8/Photos/Am82jcwf2597y6p8_1.jpg?639246266120000000,2026-09-28
Lyon 8ème (Rhône),1 025 €/mois,65 m² - 3 pièces,"AU 67 RUE VILLON dans résidence récente de bon standing venez découvrir ce T3 dans une résidente récente celui ci comprend une entrée, un séjour avec coin cuisine non équipé un balcon,2 chambres, une salle de bains et un wc. balcon, garage.le chauffage est individuel éléctrique La location pourra être déléguée à Foncia Développement et Location.",https://www.vizzit.fr/fr/property/appartement/lyon-8eme/Apzyz6y53hburwtc,https://lb1.vizzit.com/200592a/Apzyz6y53hburwtc/Photos/Apzyz6y53hburwtc_1.jpg,2026-09-28
Lyon 1er (Rhône),1 475 €/mois,107 m² - 3 pièces - 2 chambres,"Votre Régie Galyo a le plaisir de vous proposer à la location, proche des transports en commun, des commerces et de toutes commodités, cet appartement 3 pièces de 107.75 m². Au 4ème étage d'une résidence sécurisée située Rue Royale 69001 Lyon, il se compose, d'une entrée, d'un séjour, d'une cuisine aménagée et équipée (plaque de cuisson et hotte), de 2 chambres, d'une salle d'eau et d'un WC. Zone soumise à encadrement des loyers : Loyer de référence : 1346.88 euros HC Loyer de référence majoré : 1616.25 euros HC Contact : Eva",https://www.vizzit.fr/fr/property/appartement/lyon-1er/Azmkr2qdsa26gdjc,https://lb1.vizzit.com/2635049a/Azmkr2qdsa26gdjc/Photos/Azmkr2qdsa26gdjc_1.jpg?639244488670000000,2026-09-28
Lyon 2ème (Rhône),2 190 €/mois,109 m² - 4 pièces - 3 chambres,"Votre Régie Galyo a le plaisir de vous proposer à la location, proche des transports en commun, des commerces et de toutes commodités, cet appartement 4 pièces de 109 m² en DUPLEX. Au 1er étage en duplex, d'une résidence sécurisée située quai Antoine Riboud à Lyon 2e, il se compose: en bas : d'une entrée, d'un séjour, d'une salle à manger, d'une cuisine aménagée et équipée (Hotte, plaque de cuisson), d'un WC et d'une loggia. A l'étage : de 3 chambres dont l'une avec salle d'eau, d'une salle de bains et d'un WC séparé. L'eau chaude, l'eau froide ainsi que le chauffage sont compris dans les charges. Vous bénéficiez d'un parking en sous-sol. Zone soumise à encadrement des loyers : Loyer de référence : 1333.46 euros HC Loyer de référence majoré : 1595.78 euros HC Compléments de loyers : 414.22 euros Contact : Eva",https://www.vizzit.fr/fr/property/appartement/lyon-2eme/Amt0nx82yrfg0n0r,https://lb1.vizzit.com/2635049a/Amt0nx82yrfg0n0r/Photos/Amt0nx82yrfg0n0r_1.jpg?639244488680000000,2026-09-28
Lyon 8ème (Rhône),900 €/mois,65 m² - 3 pièces - 2 chambres,"Bonjour, Mon mari et moi sommes actuellement à la recherche d’un appartement sur Lyon 8e et ses alentours, afin de nous rapprocher de ma famille, mais également de mon école et de mon lieu de travail, qui se situent dans le 8e arrondissement. Nous sommes tous les deux actifs professionnellement : Mon mari est électricien en CDI et perçoit environ 1 700 € net par mois. Je suis actuellement en contrat d’alternance en tant qu’aide-soignante et je perçois environ 1 500 € net par mois. Nous avons donc des revenus mensuels d’environ 3 200 € à deux et sommes à la recherche d’un logement dans lequel nous pourrions nous installer durablement. Nous sommes des personnes sérieuses, respectueuses et soigneuses. Nous pouvons bien évidemment fournir un dossier complet avec les justificatifs nécessaires. Nous restons disponibles si vous avez un logement correspondant à notre recherche. Merci d’avance pour vos propositions",https://www.vizzit.fr/fr/property/appartement/lyon-8eme/Agr2p898w8xif4wz,,2026-09-28
Lyon 8ème (Rhône),1 130 €/mois,75 m² - 4 pièces - 3 chambres,"Location meublée - Rue Miriam Makeba Au sein d'une résidence entretenue et sécurisée avec gardienne, cet appartement rénové séduit par son environnement paisible et sa luminosité. Dès l'entrée, vous découvrez une agréable pièce de vie avec cuisine ouverte sur séjour. Dans le prolongement du séjour, un espace aujourd'hui aménagé en salle à manger donnant accès à un bacon, offre une belle flexibilité d'aménagement et pourra facilement être transformé en troisième chambre selon vos besoins. L'espace nuit se compose de deux chambres ainsi que d'une salle d'eau entièrement rénovée. Une cave en sous-sol complète ce lot d'habitation. De nombreux travaux de rénovation ont été réalisés afin d'offrir un confort optimal : remise aux normes de l'installation électrique, remplacement de la chaudière au gaz, rénovation des revêtements de sols, rénovation de la salle d'eau, amélioration de l'isolation sur une partie des murs et réfection complète des peintures. Conditions financières : Loyer mensuel hors charges : 1020 € Provision sur charges : 110 € / mois Loyer mensuel charges comprises : 1130 € Honoraires locataire : 975 € TTC (750 € constitution du dossier / rédaction du bail + 225 € état des lieux) Dépôt de garantie : 2040 € (2 mois de loyer hors charges) Encadrement des loyers – Lyon : Loyer de référence : 847,50 € Loyer de référence majoré : 1020€",https://www.vizzit.fr/fr/property/appartement/lyon-8eme/Ao0vmm06uhc8ypvi,https://lb1.vizzit.com/714380a/Ao0vmm06uhc8ypvi/Photos/Ao0vmm06uhc8ypvi_1.jpg?639240334830000000,2026-09-28
Lyon 7ème (Rhône),875 €/mois,62 m² - 2 pièces - 1 chambre,"Votre Régie Galyo a le plaisir de vous proposer à la location, proche des transports en commun, commerces et de toutes commodités, cet appartement 2 pièces de 62m² Au 3ème étage d'un copropriété sécurisé située cours Gambetta, il se compose d'une entrée, d'un séjour, d'une cuisine aménagée et équipée, d'une chambre, d'une salle de bains et d'un WC indépendant. Beaucoup de charme, parquet, nombreux rangements. Logement soumis à l'encadrement des loyers : Loyer de référence : 857.95 euros Loyer de référence majoré : 1032.02 euros Contact : Eva",https://www.vizzit.fr/fr/property/appartement/lyon-7eme/Ab5dskcjx30a1wlx,https://lb1.vizzit.com/2635049a/Ab5dskcjx30a1wlx/Photos/Ab5dskcjx30a1wlx_1.jpg?639239558660000000,2026-09-28
Lyon 8ème (Rhône),4 000 €/mois,127 m² - 70 m² de terrain - 4 pièces,"À louer – Maison meublée haut de gamme entièrement rénovée et climatisée avec piscine – Lyon 8ème Dans une rue calme et résidentielle, découvrez cette superbe maison entièrement rénovée avec des prestations de qualité, offrant un cadre de vie rare et privilégié au cœur du 8ème arrondissement de Lyon. Accès rapide au périphérique et aux grands axes. D'une surface d'environ 126 m², cette maison meublée et entièrement équipée est répartie sur deux niveaux et bénéficie de la climatisation dans l'ensemble des pièces. Elle se compose d'un bel espace de vie lumineux, de plusieurs chambres confortables ainsi que de pièces d'eau modernes. Caractéristiques principales : Maison entièrement rénovée Surface habitable : 126 m² Maison meublée et totalement équipée Climatisation intégrale Répartie sur deux niveaux 2 salles d'eau 1 WC Grand jardin privatif au calme avec piscine et terrain de pétanque Atout majeur : Au fond du jardin, une dépendance indépendante aménagée en studio entièrement équipé vient compléter le bien. Idéal pour une fille au pair, un adolescent, un espace de télétravail ou pour recevoir famille et amis dans les meilleures conditions. Extérieurs : La maison dispose d'un grand jardin avec terrain de pétanque et piscine, offrant un véritable espace de détente en plein cœur de la ville, dans un environnement calme et agréable. Les extérieurs ont été pensés pour profiter pleinement des beaux jours, avec de beaux espaces permettant aussi bien les repas en famille que les moments de convivialité entre amis. Localisation : Située dans une rue peu passante, la maison bénéficie d'un environnement paisible tout en restant proche des commerces, écoles et transports du 8ème arrondissement. Plusieurs écoles internationales de renom se trouvent également à proximité, notamment l'International School of Lyon et Ombrosa International School, ce qui en fait une adresse particulièrement adaptée aux familles expatriées ou en mobilité professionnelle. La qualité de la rénovation, le niveau d'équipement, la piscine, la climatisation dans l'ensemble de la maison ainsi que la présence d'une dépendance indépendante constituent des prestations rarement réunies sur le marché locatif lyonnais. La maison est proposée entièrement meublée et équipée, permettant une installation immédiate dans des conditions de confort optimales. Charges : Le montant du loyer est toutes charges comprises (eau, électricité, internet..). Un bien rare à la location, idéal pour une famille à la recherche d'espace, de tranquillité et d'un cadre de vie privilégié à Lyon.",https://www.vizzit.fr/fr/property/immobilier/lyon-8eme/A265riniuha9txdc,https://lb1.vizzit.com/4056140a/A265riniuha9txdc/Photos/A265riniuha9txdc_1.jpg?639239520850000000,2026-09-28
Lyon 8ème (Rhône),936 €/mois,68 m² - 3 pièces - 2 chambres,"Appartement de Type T3 - avenue Général Frère pour une superficie de 68.30 m². Au pied du Métro ligne D - Station Mermoz-Pinel Proche des Universités et de toutes les commodités.. Situé au 3ème étage avec ascenseur. Se composant d'une entrée, un beau et vaste séjour carrelé ouvert sur un balcon, une cuisine (meubles bas..), 2 chambres, une salle de bains (baignoire, miroir..) et un WC. Le chauffage est collectif. Pour faciliter votre quotidien se trouve un place de parking numéro 11 en surface. ZONE SOUMISE A ENCADREMENT DES LOYERS : Prix réf : 10.09 €/m². Prix majoré : 13.",https://www.vizzit.fr/fr/property/appartement/lyon-8eme/Ag42mx2syog0wj7s,https://lb1.vizzit.com/538559a/Ag42mx2syog0wj7s/Photos/Ag42mx2syog0wj7s_1.jpg?639239456480000000,2026-09-28
Lyon 3ème (Rhône),1 405 €/mois,70 m² - 3 pièces - 2 chambres,"1405€ cc / mois a visiter ! Part dieu spacieux f3 meublé dans résidence composé d'une entrée, séjour, cuisine équipée, 2 chambres, placards, sdb, sdd, terrasse 10 m², interphone, digicode, double vitrage, volets roulants, garage ( + 100€). Zone soumise à encadrement des loyers. Loyer de base : 1260€. Loyer de référence majoré : 1260€. Ttes nos offres de location sur loca. Fr. Réf : . Frais de convention : 220€. Cette offre s'inscrit dans le cadre de la fourniture d'un fichier.",https://www.vizzit.fr/fr/property/appartement/lyon-3eme/A94z23zqi7ykkzio,https://lb1.vizzit.com/1348021a/A94z23zqi7ykkzio/Photos/A94z23zqi7ykkzio_1.jpg?639240322200000000,2026-09-28
Lyon 8ème (Rhône),1 890 €/mois,87 m² - 4 pièces - 3 chambres,"Secteur Route de vienne / place Belleville Très rare. Superbe appartement meublé en dernier étage avec terrasse de 107 m². Venez découvrir ce magnifique appartement de 87.20 m² au 8ème et dernier étage avec ascenseur, possédant une entrée avec placard, un séjour / cuisine US meublée et équipée, trois chambres (12 m², 16 m² et 10 m²), une salle de bains avec baignoire, un toilette séparé et un garage PMR en sous-sol. Vous apprécierez sa terrasse de 107 m² avec sa triple exposition (nord, sud et sud / ouest) et sa vue panoramique. Libre de suite. Mobilier sur demande. Rendez-vous sur notre site internet, pour consulter la visite virtuelle et pour déposer votre dossier de candidature et obtenir une visite.",https://www.vizzit.fr/fr/property/appartement/lyon-8eme/A62bqa803ve3qve0,https://lb1.vizzit.com/121345a/A62bqa803ve3qve0/Photos/A62bqa803ve3qve0_1.jpg?639241549820000000,2026-09-28
Lyon 3ème (Rhône),670 €/mois,31 m² - 1 pièce,"RUE DU DAUPHINE 69003 LYON - QUARTIER SANS SOUCI DAUPHINE Proche de toutes les commodités, commerces et transports en commun Appartement T1 composé d'une entrée, d'un coin cuisine aménagé et équipée (éléments bas, plaque de cuisson, réfrigérateur) ouvert sur la pièce de vie avec placards et d'une salle de bains avec wc. Bien soumis à l'encadrement des loyers : - Loyer de référence : 613.43 € - Loyer de référence majoré : 736.75 € Contact : Pauline",https://www.vizzit.fr/fr/property/appartement/lyon-3eme/Aiqb5co76u1sscxv,https://lb1.vizzit.com/2635049a/Aiqb5co76u1sscxv/Photos/Aiqb5co76u1sscxv_1.jpg?639244488660000000,2026-09-28
Lyon 7ème (Rhône),1 215 €/mois,84 m² - 4 pièces - 3 chambres,"Votre Régie Galyo a le plaisir de vous proposer à la location, proche des transports en commun, commerces et de toutes commodités, cet appartement 4 pièces de 95.62m² Au 2ème étage d'un copropriété sécurisé située cours Gambetta, il se compose d'une grande entrée, d'un séjour avec cuisine ouverte aménagée et équipée, de trois chambres, d'une salle de bains et d'un wc indépendant. Beaucoup de charme, parquet, cheminée décorative, nombreux rangements. Logement soumis à l'encadrement des loyers : Loyer de référence : 975.09 euros Loyer de référence majoré : 1170.10 euros Contact : Eva",https://www.vizzit.fr/fr/property/appartement/lyon-7eme/Awjoeiz11q4ep3ns,https://lb1.vizzit.com/2635049a/Awjoeiz11q4ep3ns/Photos/Awjoeiz11q4ep3ns_1.jpg?639238977360000000,2026-09-28
Lyon 3ème (Rhône),1 330 €/mois,78 m² - 3 pièces - 1 chambre,"A 10' à pied de la Place Guichard, entre les quais du Rhône et le cours de la Liberté (Tram T1 arrêt Liberté à 2' à pied), très grand T2 bis meublé d'environ 78 m² situé au 2° étage sans ascenseur, bel ancien pierres apparentes, moulures, cheminée décorative.. il se compose d'une grande pièce à vivre avec coin salon - coin salle à manger et cuisine ouverte, un wc séparé, une salle de bains, une chambre fermée avec dressing attenant, une alcôve fermée avec coin bureau et couchage d'appoint (Idéal télétravail). Disponible de suite,",https://www.vizzit.fr/fr/property/appartement/lyon-3eme/Axszg2pevmtjddbo,https://lb1.vizzit.com/69746a/Axszg2pevmtjddbo/Photos/Axszg2pevmtjddbo_1.jpg?639239526010000000,2026-09-28
Lyon 7ème (Rhône),680 €/mois,27 m² - Studio,"Joli studio 27 m2 meublé , au premier étage , entre deux bouches de métro . Refait à neuf il y a 3 ans . Cuisine équipée Lave linge , four , canapé lit confortable . 1 er étage Boulangerie carrefour à côté ainsi que station velib . Idéal étudiant ou jeune actif",https://www.vizzit.fr/fr/property/appartement/lyon-7eme/Ao8a1g7r4c9n271e,https://lb1.vizzit.com/3236804a/Ao8a1g7r4c9n271e/Photos/Ao8a1g7r4c9n271e_1.jpg?639238383560000000,2026-09-28
Lyon 8ème (Rhône),744 €/mois,37 m² - Studio,"69008 LYON Rue Florent Grand studio avec garage en supplément LOCATION VIDE DISPONIBLE FIN SEPTEMBRE Pas de visite sans dossier de candidature complet, à transmettre via le site Century 21 ou par e-mail à : Venez découvrir, au sein d'une résidence fermée et sécurisée avec ascenseur, ce bel appartement de type 1 situé au 3 étage avec ascenseur, bénéficiant également d'un garage fermé en sous-sol pour 55€ de plus / mois soit un loyer total de 799€ charges comprises Vous profiterez d'une proximité immédiate avec les commodités, les transports en commun et les commerces du quartier. D'une superficie de 38 m², ce grand studio lumineux se compose de : une belle pièce de vie lumineuse un coin cuisine équipé d'une plaque de cuisson, d'un évier, d'un réfrigérateur et de meubles de rangement une grande salle d'eau avec WC. A visiter sans plus attendre !",https://www.vizzit.fr/fr/property/appartement/lyon-8eme/Atfpab5v5rnp4bqy,https://lb1.vizzit.com/195696a/Atfpab5v5rnp4bqy/Photos/Atfpab5v5rnp4bqy_1.jpg?639244288290000000,2026-09-28
Lyon 3ème (Rhône),1 200 €/mois,54 m² - 3 pièces - 2 chambres,"LYON 3EME / MONCHAT Century 21 vous présente ce 3 pièces en rez-de-jardin. Venez découvrir ce bien au calme absolu. L'appartement se compose d'une pièce de vie avec son espace cuisine entièrement équipée. Vous disposerez d'un accès a la terrasse de 22m² orientée Sud-Est. Coté nuit, 2 chambres dont une possédant son accès terrasse, ainsi qu'une vaste salle d'eau. Situé à proximité de la Place Henri et du cours du Dr Long, vous disposerez de tous les commerces à proximité immédiate. Pour plus de confort, l'appartement est desservi par la ligne C13 reliant la Gare LYON Part-Dieu et se trouve à 500m du métro Blanche et des Ecoles de médecine. Un box fermé en sous-sol est compris dans le bail.",https://www.vizzit.fr/fr/property/appartement/lyon-3eme/Ati3vmyinoruiozk,https://lb1.vizzit.com/1345662a/Ati3vmyinoruiozk/Photos/Ati3vmyinoruiozk_1.jpg,2026-09-28
Lyon 3ème (Rhône),573 €/mois,26 m² - 1 pièce,"À découvrir ! Agréable T1 situé au fond d¿une impasse, dans un secteur résidentiel calme et recherché, au sein d¿une résidence sécurisée. L¿appartement se compose d¿une entrée, d¿une cuisine, d¿une pièce de vie lumineuse donnant sur un balcon, d¿une salle d¿eau et de WC indépendants. Vous profiterez d¿un environnement particulièrement agréable avec aucun vis-à-vis, offrant davantage de tranquillité et d¿intimité. Le double vitrage apporte également un confort appréciable au quotidien. Un parc situé à proximité permet de profiter facilement d¿un espace de verdure pour les promenades ou les moments de détente. Les atouts de ce logement : ¿Résidence sécurisée ¿Au fond d¿une impasse ¿Secteur résidentiel et calme ¿Aucun vis-à-vis ¿Balcon ¿Double vitrage ¿Salle d¿eau ¿WC indépendants ¿Parc à proximité ¿Places de stationnement non nominatives à disposition à l¿arrière de la résidence Un appartement fonctionnel, paisible et agréable à vivre, idéal pour une personne seule ou un étudiant. Bien soumis à l'encadrement des loyers : - Loyer de référence : 453.49 € - Loyer de référence majoré : 543.66 € Contact : Axelle",https://www.vizzit.fr/fr/property/appartement/lyon-3eme/Aahw0d0wg5fe8da9,https://lb1.vizzit.com/2635049a/Aahw0d0wg5fe8da9/Photos/Aahw0d0wg5fe8da9_1.jpg?639244488660000000,2026-09-28
Lyon 7ème (Rhône),915 €/mois,64 m² - 2 pièces - 1 chambre,"RUE PASSET 69007 LYON - QUAIS DU RHONE Proche de toutes les commodités, commerces et transports en commune Charmant appartement T2, au 3ème étage sans ascenseur, composé d'une entrée, d'une cuisine, d'un séjour avec alcôve, parquet et cheminée décorative, d'une chambre avec alcôve, d'une salle d'eau et de wc indépendants. Bien soumis à l'encadrement des loyers : - Loyer de référence : 884.44 € - Loyer de référence majoré : 1 063.89 € Contact : Axelle",https://www.vizzit.fr/fr/property/appartement/lyon-7eme/A1kdkptae9hjlo0v,https://lb1.vizzit.com/2635049a/A1kdkptae9hjlo0v/Photos/A1kdkptae9hjlo0v_1.jpg?639244488660000000,2026-09-28
Lyon 5ème (Rhône),565 €/mois,14 m² - 1 pièce,"Avec IMMOJEUNE, trouvez les meilleurs logements étudiants et jeunes actifs en quelques clics et en toute confiance. Loyers TOUTES charges comprises (eau froide, fibre, taxe d'ordures ménagères). Hors électricité, eau chaude et chauffage PMR Mis à jour le Updated on",https://www.vizzit.fr/fr/property/appartement/lyon-5eme/Ahi3i1hzp40rrf8u,https://lb1.vizzit.com/1018609a/Ahi3i1hzp40rrf8u/Photos/Ahi3i1hzp40rrf8u_1.jpg,2026-09-28
Lyon 7ème (Rhône),1 300 €/mois,62 m² - 2 pièces,"T2 meublé 62 m² entièrement rénové – Grande terrasse – Lyon 7 / Place Saint-Louis À louer, spacieux T2 de 62 m² entièrement rénové et meublé, idéalement situé dans le secteur recherché de la place Saint-Louis, Lyon 7e. Lumineux, soigneusement aménagé et disposant de nombreux rangements, l’appartement offre de beaux volumes ainsi qu’une grande terrasse aménagée, véritable espace de vie supplémentaire aux beaux jours. Idéal pour un couple de jeunes actifs à la recherche d’un appartement confortable, fonctionnel et prêt à vivre. L’appartement se compose de : Une entrée avec placard et meuble à chaussures Une cuisine entièrement équipée : four, micro-ondes, réfrigérateur, plaques à induction et nombreux rangements Un agréable coin repas avec banquette d’angle Un séjour lumineux et confortable, avec canapé convertible, télévision, meuble TV et table basse Un espace bureau, idéal pour le télétravail Une grande terrasse aménagée, avec table, chaises et coin détente Une grande chambre avec lit double, commode 6 tiroirs et rangements Une salle d’eau avec grande douche, meuble vasque et machine à laver Des WC séparés De nombreux placards et rangements dans l’ensemble de l’appartement. Un quartier vivant et recherché Vous profiterez pleinement de la vie de quartier autour de la place Saint-Louis, avec son marché et ses nombreux commerces de proximité : Super U, boulangeries, boucherie, pharmacie, tabac, restaurants, etc. L’appartement bénéficie également d’une excellente desserte en transports en commun : Métro D – Garibaldi à 5 min à pied Métro B – Saxe-Gambetta à 7 min à pied Accès rapide à Part-Dieu, Bellecour et la Presqu’île L’appartement se situe dans une copropriété familiale et bien entretenue, avec gardienne dans l’immeuble et ascenseur. Un emplacement particulièrement adapté à un couple de jeunes actifs, permettant de profiter pleinement de la vie lyonnaise tout en bénéficiant d’un appartement spacieux, agréable et entièrement équipé. Loyer et charges Loyer mensuel : 1 091,20 € Charges mensuelles : 208,80 €, comprenant : l’entretien des parties communes la gardienne l’ascenseur le chauffage collectif avec répartiteurs individuels la consommation d’eau chaude et d’eau froide. Soit 1 300 € charges comprises par mois Seule l’électricité reste à la charge du locataire. ? Disponible à partir de mi-septembre – date d’entrée à définir ensemble. Appartement entièrement meublé et équipé, prêt à emménager. Premier contact par message avec courte description de votre profil.",https://www.vizzit.fr/fr/property/appartement/lyon-7eme/Ag1c54egc7dngloo,https://lb1.vizzit.com/14576a/Ag1c54egc7dngloo/Photos/Ag1c54egc7dngloo_1.jpg?639236907820000000,2026-09-28
Lyon 7ème (Rhône),1 650 €/mois,68 m² - 4 pièces - 3 chambres,"LYON 7EME - AVENUE JEAN-JAURES - ENTIEREMENT RENOVE - LOCATION MEUBLEE - A proximité immédiate de toutes commodités, de l'EM LYON et de l'ENS venez découvrir cet appartement T4 situé au 2ème et dernier étage sans ascenseur d'une surface de 68.01 m2 entièrement rénové et meublé. L'appartement, très lumineux se compose d'un séjour avec cuisine ouverte entièrement équipée: Four, plaque de cuisson, frigo, congélateur. Vous retrouverez 3 chambres toutes aménagées avec rangements et bureaux, une salle d'eau et un WC indépendant. Nombreux rangements, belles prestations, lave linge, sèche linge, télévision. Appartement entièrement rénové, équipé et meublé avec goût. DPE: D. ZONE SOUMISE A ENCADREMENT DES LOYERS. Loyer mensuel hors charges: 1585EUR Loyer mensuel charges comprises: 1650EUR Loyer de référence: 836,52EUR Loyer de référence majoré: 1006,55EUR Complément de loyer: 578,45EUR Caution: 3170EUR Honoraires charge locataires: 884EUR dont 204EUR pour l'état des lieux. Bien présenté par Agences de France par délégation. Agences de France – SIREN: – Titulaire de la carte T: non habilité à percevoir des fonds.",https://www.vizzit.fr/fr/property/appartement/lyon-7eme/Au2ryr90skf3xpxr,https://lb1.vizzit.com/1181518a/Au2ryr90skf3xpxr/Photos/Au2ryr90skf3xpxr_1.jpg?639251719840000000,2026-09-28
Lyon 7ème (Rhône),600 €/mois,25 m² - Studio,Bonjour j’ai 19 ans et je suis actuellement à la recherche d’un studio pour ma rentrée le 15 septembre à l’inseec dans le 7 eme à Lyon,https://www.vizzit.fr/fr/property/appartement/lyon-7eme/A892qiva9ggyp06c,https://lb1.vizzit.com/276804a/A892qiva9ggyp06c/Photos/A892qiva9ggyp06c_1.jpg?639236648920000000,2026-09-28
Lyon 8ème (Rhône),1 612 €/mois,94 m² - 4 pièces - 3 chambres,"52 rue Longefer, LYON 8 Nous vous proposons cette superbe maison meublée idéalement située Le logement se compose, au rez-de-chaussée, d'une entrée desservant une cuisine équipée ainsi qu'un séjour lumineux donnant accès à une terrasse sans vis-à-vis. À l'étage, vous trouverez trois chambres ainsi qu'une salle de bains. Le chauffage et la production d'eau chaude sont individuels au gaz. L'eau froide est individuelle. Disponible à partir de mi-septembre 2026. Zone soumise à l'encadrement des loyers. Loyer de référence : 1 217,89 € Loyer de référence majoré (loyer de base à ne pas dépasser) : 1 463,35 € Complément de loyer : 148,65 € Dossier de candidature à déposer en ligne. Loyer : 1 612 € par mois charges comprises Charges locatives : 0 € Classe Energétique : E Montant estimé des dépenses annuelles d'énergie pour un usage standard : entre 2 170 € et 3 000 € TTC/an. Date de référence des prix de l'énergie pour établir cette estimation : à préciser.",https://www.vizzit.fr/fr/property/immobilier/lyon-8eme/Axcf6imy2jzl8scd,https://lb1.vizzit.com/121617a/Axcf6imy2jzl8scd/Photos/Axcf6imy2jzl8scd_1.jpg?639235892620000000,2026-09-28
Lyon 7ème (Rhône),1 513 €/mois,73 m² - 3 pièces - 2 chambres,"LOCATION MEUBLEE LODGIS (Référence : 3L723667) : Située à égale distance des arrêts de métro Saxe Gambetta et Garibaldi , partez à la découverte de Lyon depuis votre location meublée du 7ème arrondissement de Lyon. Vous serez immédiatement frappé par la luminosité du logement en accédant à la pièce de vie avec son espace repas, son canapé d'angle et sa cuisine ouverte entièrement équipée (plaques de cuisson, bouilloire, cafetière, grille-pain, réfrigérateur/congélateur, micto-ondes, four, lave vaisselle et hotte aspirante). Vous accédez au balcon depuis le séjour où vous pourrez vous restaurer tout en profitant du soleil. Dans la première chambre, un lit double et une grande armoire. Dans la seconde chambre, vous trouverez un lit double et un espace bureau pour travailler en toute tranquillité. Un grand dressing complète cette location meublée lyonnaise, vous assurant d'avoir suffisamment d'espace pour ranger pour vos affaires. Enfin, vous profiterez d'une salle de bain fonctionnelle et de bonne taille.",https://www.vizzit.fr/fr/property/appartement/lyon-7eme/Aum8qdok38ry0rgb,https://lb1.vizzit.com/121575a/Aum8qdok38ry0rgb/Photos/Aum8qdok38ry0rgb_1.jpg?639235868790000000,2026-09-28
Lyon 7ème (Rhône),670 €/mois,20 m² - Studio,"A LOUER!! Studilodge vous propose un studio meublé de 20.6m² au 2ème étage d'une résidence étudiante meublé disposant de nombreux rangements, placards aménagés, étagères et penderies. Cet appartement est entièrement autonome grâce à sa kitchenette équipée d'un four à micro-onde, de plaques électriques et d'un réfrigérateur mais également de sa salle d'eau avec WC privatif, lavabo avec meuble vasque et cabine de douche. Prestation de services: internet WIFI illimité et gratuit, accueil, digicode, salle fitness, nettoyage du logement, laverie. A proximité de la Gare Jean Macé, Métro ligne B, arrêts Jean Jaurès et/ou Debourg, Tramway T2, centre commercial à 200 m, nombreux commerces. A voir absolument ! Loyer mensuel TTC (charges comprises) : 670 €, Dépôt de garantie : 450 €, Frais de dossier : 450 €. Pour plus de renseignements contactez la résidence avec la référence suivante : SEVEN-A201 Copropriété de 59 lots. Charges annuelles : 208.00 euros.",https://www.vizzit.fr/fr/property/appartement/lyon-7eme/Agjniq6f5jiwocf3,https://lb1.vizzit.com/85438a/Agjniq6f5jiwocf3/Photos/Agjniq6f5jiwocf3_1.jpg?639235865620000000,2026-09-28
Lyon 8ème (Rhône),1 450 €/mois,68 m² - 3 pièces - 2 chambres,"Lyon 8, Avenue Paul Santy, Secteur Mermoz, dans bel immeuble récent de 2002, au quatrième étage avec ascenseur, agréable et lumineux F3 de 68.90m² entièrement meublé, se composant d'une entrée avec placards, une grande pièce de vie avec cuisine meublée et équipée, donnant sur un grand balcon à vivre, deux chambres avec placards, salle de bains, et WC séparé. Vous aurez à disposition avec l'appartement un jardin arboré, et un local vélo. Appartement entièrement climatisé. DISPONIBLE DE SUITE Loyer: 1410€ + 40€ = 1450€ Honoraires d'Agence: 689€ (visites, constitution du dossier et rédaction du bail) + 206.7€ (frais d'état des lieux) = 895.7€ Dépôt de Garantie: 2820€ Zone soumise à l'encadrement des loyers: Loyer de référence majoré: 16.80€/m² Loyer de référence: 14€/m² DPE noté: C94 Gaz Effet de Serre noté: C-17 Estimation des dépenses annuelles d'énergie: entre 600€ et 900€ La taxe d'ordures ménagère n'est pas comprises dans les provisions pour charges. CETRIM 51 Cours Emile Zola – 69100 Villeurbanne Tél. : 694 - SAS au capital de 46 000 € représenté par Madame Aurélie BONJOUR – Siège Social: 51 Cours Emile Zola – 69100 – Villeurbanne – Tél. 694 APE 6831Z – RCS Lyon– Carte transaction CPI– Carte gestion CPIdélivrées par la CCI de Lyon Garantie Transaction 150 000 € - Gestion 900 000 € - Garantie financière SOCAF – 26, avenue de Suffren – 75015 Paris Chaque agence est juridiquement et financièrement indépendante.",https://www.vizzit.fr/fr/property/appartement/lyon-8eme/Apld4lv6sm12jvzk,https://lb1.vizzit.com/71987a/Apld4lv6sm12jvzk/Photos/Apld4lv6sm12jvzk_1.jpg?639241256150000000,2026-09-28
Lyon 2ème (Rhône),675 €/mois,23 m² - 2 pièces - 1 chambre,"Votre Régie Galyo a le plaisir de vous proposer à la location, proche des transports en commun, des commerces et de toutes commodités, cet appartement T2 de 23m². Au 2ème étage d'un résidence sécurisée, située rue GRENETTE il se compose d'un coin cuisine équipée (plaque de cuisson, réfrigérateur) ouvert sur la pièce de vie, d'une chambre et d'une salle d'eau avec wc. Le chauffage, l'eau chaude ainsi que l'eau froide sont collectifs et compris dans les charges. Bien soumis à l'encadrement des loyers : - Loyer de référence : 349.65 € - Loyer de référence majoré : 419.58 € - Complément de loyer : 75.42 € Contact : Eva",https://www.vizzit.fr/fr/property/appartement/lyon-2eme/Ahymb0085kyu2s9y,https://lb1.vizzit.com/2635049a/Ahymb0085kyu2s9y/Photos/Ahymb0085kyu2s9y_1.jpg?639233494720000000,2026-09-28
Lyon 8ème (Rhône),1 185 €/mois,79 m² - 4 pièces - 3 chambres,"Votre Regie Galyo a le plaisir de vous proposer à la location, porche des transports en commun, des commerces et de toutes commodités, cet appartement T4 de 79m². Au 2e étage d'une résidence sécurisée, située rue Henri Pensier, il se compose d'un hall avec grand placard-penderie, d'une cuisine équipée et meublée (meubles hauts et bas, plaques de cuisson et four) ouvrant sur le séjour, de trois chambres (dont une avec un grand placard), d'une grande salle d'eau avec meuble double vasques, d'un WC séparé. Zone soumise à encadrement des loyers : Loyer de référence : 926.76 euros HC Loyer de référence majoré : 1108.94 euros HC Contact Eva",https://www.vizzit.fr/fr/property/appartement/lyon-8eme/A2zbf9qwftdue06d,https://lb1.vizzit.com/2635049a/A2zbf9qwftdue06d/Photos/A2zbf9qwftdue06d_1.jpg?639244488670000000,2026-09-28
Lyon 3ème (Rhône),778 €/mois,37 m² - 2 pièces - 1 chambre,"Au 3ème étage avec ascenseur, découvrez cet appartement de 37 m² composé d'une entrée dégagée, d'un séjour lumineux, d'une cuisine aménagée de meubles hauts et bas et équipée de plaques de cuisson et d'une hotte, d'un joli comptoir ouvert sur le séjour, d'une chambre et d'une salle d'eau avec WC. Chauffage individuel électrique. Logement soumis à l'encadrement des loyers : - Loyer de référence : 534,81 € - Loyer de référence majoré : 641,02 € - Complément de loyer : 87,69 € justifié par la vue dégagée sans vis-à-vis direct) Contact : Axelle",https://www.vizzit.fr/fr/property/appartement/lyon-3eme/A614om7vqci0c1vv,https://lb1.vizzit.com/2635049a/A614om7vqci0c1vv/Photos/A614om7vqci0c1vv_1.jpg?639244488680000000,2026-09-28
Lyon 2ème (Rhône),1 895 €/mois,69 m² - 3 pièces - 2 chambres,"T3 - BALCON - PLACE BELLECOUR 12, RUE ANTOINE DE SAINT EXUPERY - 69002 LYON Merci de nous afin de fixer un RDV. Venez découvrir ce magnifique T3 de 69,67m2 au sein d'une résidence sécurisée et réhabilitée en 2019. Ce logement se compose d'une vaste pièce de vie avec cuisine ouverte aménagée et équipée (réfrigérateur, plaques de cuisson, hotte, four, lave-linge, lave-vaisselle) donnant sur un balcon. La partie nuit comprend deux chambres avec placards, une salle de bains (double vasque) et un WC séparé. Possibilité de louer un garage en sus du loyer pour un montant de : 250,00€. Les charges comprennent les consommations d'eau froide, d'eau chaude, de chauffage et l'entretien des parties communes. Loyer hors charges : 1773,00€ Complément de loyer : 922,21€ compris dans le loyer hors charges (justifié par la réhabilitation récente, une cuisine meublée et équipée ainsi qu'un balcon. Provisions sur charges : 122,00€ TOTAL MENSUEL : 1895,00€ Dépôt de garantie : 1773.00€ Frais d'agence : 702.97€ Frais d'état des lieux : 211.10€ Encadrement des loyers : Montant de loyer de référence : 13,20 € Montant de loyer majoré : 15,80 € Un complément de loyer peut être appliqué au loyer de base pour des logements présentant des caractéristiques de localisation ou de confort le justifiant, par comparaison avec les logements de la même catégorie situés dans le même secteur géographique.",https://www.vizzit.fr/fr/property/appartement/lyon-2eme/Akkiot7zzndpymeb,https://lb1.vizzit.com/4039902a/Akkiot7zzndpymeb/Photos/Akkiot7zzndpymeb_1.jpg,2026-09-28
Lyon 7ème (Rhône),1 152 €/mois,70 m² - 3 pièces - 2 chambres,"Au 4ème étage avec ascenseur, découvrez cet appartement T3 de 70m² avec Terrasse composé d'une entrée, d'un beau séjour de 22m², d'une cuisine indépendante de près de 10m², d'un dégagement, de 2 chambres de 9,81 et 11,37 m², d'une salle de bains et d'un WC. Chauffage individuel et au gaz et eau froide collective. Le logement possède une isolation phonique et thermique excellente - DPE en C. Davantage de photos sont à venir prochainement. Logement soumis à l'encadrement des loyers : - Loyer de référence : 875,56 € - Loyer de référence majoré : 1 052,09 € Contact : Axelle",https://www.vizzit.fr/fr/property/appartement/lyon-7eme/Ag5widlzgji5gzgy,https://lb1.vizzit.com/2635049a/Ag5widlzgji5gzgy/Photos/Ag5widlzgji5gzgy_1.jpg?639223760190000000,2026-09-28
Lyon 3ème (Rhône),786 €/mois,33 m² - 1 pièce,"RUE PAUL BERT 69003 LYON Proche de toutes les commodités, commerces et transports en commun Appartement T1bis meublé, en rez-de-chaussée, composé d'une entrée, d'une cuisine aménagée et équipée (éléments hauts et bas, plaque de cuisson, réfrigérateur, machine à laver, micro-ondes) ouverte sur la pièce de vie avec placards et cheminée décorative, d'un coin nuit et d'une salle d'eau avec wc. Bien soumis à l'encadrement des loyers : - Loyer de référence : 638.06 € - Loyer de référence majoré : 766.99 € Contact : Pauline",https://www.vizzit.fr/fr/property/appartement/lyon-3eme/Ahqnk4kd4xpse0nf,https://lb1.vizzit.com/2635049a/Ahqnk4kd4xpse0nf/Photos/Ahqnk4kd4xpse0nf_1.jpg?639244488700000000,2026-09-28
Lyon 3ème (Rhône),812 €/mois,46 m² - 3 pièces - 2 chambres,"Au 2ème étage avec ascenseur, découvrez cet appartement T2 lumineux avec petit balcon, d¿une superficie de 46m2. Il se compose d¿une entrée avec placards muraux, d¿un séjour ouvrant sur un balcon filant, d¿une chambre, d¿une cuisine séparée équipée (plaque de cuisson, hotte, frigidaire avec freezer, branchement machine à laver), d¿une salle d¿eau avec sèche serviette et d¿un WC indépendant. Le chauffage est une pompe à chaleur réversible et l'eau chaude est individuelle électrique. Les fenêtres de ce logement seront remplacées en septembre 2026. Logement soumis à l'encadrement des loyers : - Loyer de référence : 621,00 € - Loyer de référence majoré : 745,20 € Contact : Axelle",https://www.vizzit.fr/fr/property/appartement/lyon-3eme/Aqiyquhxtcsr2nu8,https://lb1.vizzit.com/2635049a/Aqiyquhxtcsr2nu8/Photos/Aqiyquhxtcsr2nu8_1.jpg?639215690740000000,2026-09-28
Lyon 5ème (Rhône),920 €/mois,58 m² - 2 pièces - 1 chambre,"Votre Régie Galyo a le plaisir de vous proposer à la location, proche des transports en commun des commerces et de toutes commodités, cet appartement T2 de 58.78m². Au 4è étage d'une résidence sécurisée, située rue lainerie 69005 Lyon, il se compose, d'une entrée, d'un séjour avec cuisine , d'une chambre avec dressing, d'un bureau, d'une salle de bains, et d'un WC. L'eau froide est comprise dans les charges. Zone soumise à encadrement des loyers : Loyer de référence : 828.80 euros HC Loyer de référence majore : 993.38 euros HC Contact : Eva",https://www.vizzit.fr/fr/property/appartement/lyon-5eme/A3xjv6c0kuy7yxqn,https://lb1.vizzit.com/2635049a/A3xjv6c0kuy7yxqn/Photos/A3xjv6c0kuy7yxqn_1.jpg?639215058590000000,2026-09-28
Lyon 3ème (Rhône),1 395 €/mois,96 m² - 3 pièces - 2 chambres,"Proche des quais du Rhône et à quelques pas de la ligne du métro D, au deuxième étage avec ascenseur, découvrez ce logement de près de 100 m² composé d'une entrée avec rangements, d'une cuisine séparée et aménagée, d'un séjour avec balcon (et avec cheminée décorative et superbe parquet), de deux chambres dont une avec alcôve, d'une salle de bains avec arrivée et sortie d'eau pour votre machine à laver, et d'un WC séparé. Diagnostic de performance énergétique classé D - Chauffage individuel électrique Logement soumis à l'encadrement des loyers : - Loyer de référence : 1200,75 € - Loyer de référence majoré : 1440,90 € Contact : Axelle",https://www.vizzit.fr/fr/property/appartement/lyon-3eme/Algyyikumu025irw,https://lb1.vizzit.com/2635049a/Algyyikumu025irw/Photos/Algyyikumu025irw_1.jpg?639253297340000000,2026-09-28
Lyon 3ème (Rhône),1 250 €/mois,77 m² - 3 pièces - 2 chambres,"RUE PIERRE CORNEILLE 69003 LYON - QUAIS DU RHONE Proche de toutes les commodités, commerces et transports en commun Appartement T3 composé d'une entrée, d'une cuisine aménagée et équipée (meubles hauts et bas, plaque de cuisson) ouverte sur le séjour, de deux chambres avec placards, d'une salle d'eau et de wc indépendants. Bien soumis à l'encadrement des loyers : - Loyer de référence : 1 022.47 € - Loyer de référence majoré : 1 223.87 € Contact : Pauline",https://www.vizzit.fr/fr/property/appartement/lyon-3eme/A4q29zzjxu8xntj8,https://lb1.vizzit.com/2635049a/A4q29zzjxu8xntj8/Photos/A4q29zzjxu8xntj8_1.jpg?639244488670000000,2026-09-28
Lyon 7ème (Rhône),898 €/mois,62 m² - 2 pièces - 1 chambre,"Au 1er étage, découvrez ce logement de 62 m² composé d'un hall d'entrée en long, d'un beau séjour lumineux avec cheminée décorative de près de 15m² avec alcôve (de 4,57m²), d'une cuisine individuelle avec bloc évier, d'une chambre avec placards et alcôve (de 4,64m²), d'une salle de bains avec lavabo et d'un WC séparé. Logement soumis à l'encadrement des loyers : - Loyer de référence : 868,71 € - Loyer de référence majoré : 1 044,97 € Contact : Axelle",https://www.vizzit.fr/fr/property/appartement/lyon-7eme/Au4hgtkesaqy32ck,https://lb1.vizzit.com/2635049a/Au4hgtkesaqy32ck/Photos/Au4hgtkesaqy32ck_1.jpg?639244488680000000,2026-09-28
Lyon 2ème (Rhône),2 950 €/mois,157 m² - 5 pièces - 4 chambres,"DUPLEX DE CHARME AU CŒUR DE LYON 43 rue Mercière – 69002 Lyon N'hésitez pas à nous afin d'organiser une visite. Venez découvrir, au sein d'un immeuble de caractère sécurisé, ce magnifique duplex meublé de 157,82 m², situé au 3ᵉ étage avec ascenseur. Le premier niveau se compose d'une vaste entrée avec de nombreux rangements ainsi que d'un WC. La pièce de vie offre un salon lumineux, un espace salle à manger et une cuisine entièrement aménagée et équipée (réfrigérateur-congélateur, micro-ondes, four, plaque de cuisson, hotte, lave-vaisselle et cafetière). Vous trouverez également une chambre pouvant faire office de bureau. À l'étage, vous découvrirez deux grandes chambres spacieuses et lumineuses, chacune disposant de nombreux rangements, ainsi qu'une suite parentale avec salle d'eau privative. Ce niveau comprend également une grande salle de bains avec baignoire et douche, un dressing indépendant, un espace buanderie ainsi qu'un WC. Les charges comprennent l'entretien des parties communes. L'eau chaude et le chauffage sont individuels et électriques. L'appartement dispose de la climatisation. Conditions financières : Loyer hors charges : 2 900,00 € Complément de loyer (inclus dans le loyer hors charges) : 264,41 € (justifié par la qualité de l'ameublement et la mise à disposition de mobilier et d'équipements supérieurs à ceux prévus par le décret en vigueur) Provision sur charges : 50,00 € Loyer charges comprises : 2 950,00 € Dépôt de garantie : 5 800,00 € Honoraires d'agence : 1 614,40 € Frais d'état des lieux : 484,80 € Encadrement des loyers : Loyer de référence : 13,90 €/m² Loyer de référence majoré : 16,70 €/m²",https://www.vizzit.fr/fr/property/appartement/lyon-2eme/A0r08xk7wx2ynzmp,https://lb1.vizzit.com/4017745a/A0r08xk7wx2ynzmp/Photos/A0r08xk7wx2ynzmp_1.jpg?639253916430000000,2026-09-28
Lyon 2ème (Rhône),1 550 €/mois,98 m² - 3 pièces - 2 chambres,"Votre Régie Galyo a le plaisir de vous proposer à la location, proche des transports en commun des commerces et de toutes commodités, cet appartement T3 de 98m². Au 3è étage d'une résidence sécurisée, située rue de brest à LYON 2 EME, il se compose, d'une entrée, d'un séjour, d'une cuisine, de deux chambres, d'une salle de bains, et d'un WC. Zone soumise à encadrement des loyers : Loyer de référence : 1304.95 euros HC Loyer de référence majoré : 1561.99 euros HC Contact : Eva",https://www.vizzit.fr/fr/property/appartement/lyon-2eme/Adpe2ltf35lgahuj,https://lb1.vizzit.com/2635049a/Adpe2ltf35lgahuj/Photos/Adpe2ltf35lgahuj_1.jpg?639244488680000000,2026-09-28
Lyon 2ème (Rhône),2 995 €/mois,224 m² - 7 pièces - 6 chambres,"Votre Régie Galyo a le plaisir de vous proposer à la location, proche des transports en commun des commerces et de toutes commodités, cet appartement T7 de 224m². Au 3è étage d'une résidence sécurisée, située quai Maréchal Joffre à LYON 2 EME, il se compose, d'une entrée, d'un séjour, d'une cuisine aménagée (meubles Hauts et bas, étagères, plan de travail et hotte.), de six chambres, d'une salle de bains, d'une salle d'eau et de deux WC. Vous apprécierez son balcon. Le chauffage est collectif et compris dans les charges. Présence d'un local vélo. Zone soumise à encadrement des loyers : Loyer de référence : 2759.63 euros HC Loyer de référence majoré : 3320.53 euros HC Contact : Eva",https://www.vizzit.fr/fr/property/appartement/lyon-2eme/Alelgx0js7xm5qyr,https://lb1.vizzit.com/2635049a/Alelgx0js7xm5qyr/Photos/Alelgx0js7xm5qyr_1.jpg?639244488680000000,2026-09-28
Lyon 1er (Rhône),900 €/mois,47 m² - 2 pièces - 1 chambre,"Au cœur du 1er arrondissement, proche de toutes commodités et des transports en commun , au 2ème étage, découvrez ce joli T2 de 47 m² composé d'une entrée, d'une cuisine aménagée et équipée (meubles hauts et bas, plaques de cuisson, four, hotte, micro-ondes, réfrigérateur), d'un séjour, d'une chambre avec dressing, d'une salle d'eau moderne avec machine à laver et de wc séparés. Chauffage individuel au gaz. Logement soumis à l'encadrement des loyers : - Loyer de référence : 724,76 € - Loyer de référence majoré : 871,61 € - Complément de loyer : 32,39 € Contact : Axelle",https://www.vizzit.fr/fr/property/appartement/lyon-1er/Agp59u3jf81v833c,https://lb1.vizzit.com/2635049a/Agp59u3jf81v833c/Photos/Agp59u3jf81v833c_1.jpg?639244488680000000,2026-09-28
Lyon 6ème (Rhône),2 493 €/mois,65 m² - 3 pièces - 2 chambres,"RÉSIDENCE SÉNIOR : Proche de toutes les commodités, commerces et transports en commun. Au 6ème étage avec ascenseur, découvrez ce joli T3 au calme de 65 m² composé d'un hall d'entrée avec rangements, d'un beau dégagement, d'une cuisine aménagée et équipée (éléments hauts et bas, plaque de cuisson) d'un séjour lumineux de 20m² donnant sur un petit balcon de 3m² avec store, de deux chambres de 9 et 13m² avec rangements, d'une salle de douche avec sèche-serviette et bidet et d'un WC séparé. Une place de parking au premier sous-sol est proposée avec ce logement. Chauffage individuel électrique. Détail des prestations de la résidence : Logement soumis à l'encadrement des loyers : - Loyer de référence 839,41 € - Loyer de référence majoré : 1005,96 € - Complément de loyer : 287,51 € justifié par l'absence de vis-à-vis. Contact : Axelle",https://www.vizzit.fr/fr/property/appartement/lyon-6eme/A1ueywgty6mk4ei2,https://lb1.vizzit.com/2635049a/A1ueywgty6mk4ei2/Photos/A1ueywgty6mk4ei2_1.jpg?639244488680000000,2026-09-28
Lyon 2ème (Rhône),1 250 €/mois,65 m² - 3 pièces - 2 chambres,"Idéalement situé, proche de toutes commodités (banques, tabac-presse, boulangeries, supérettes, boutiques de quartier, cinéma, écoles et square) et des transports en commun (Métro D et A et de nombreux bus Place Antonin Poncet), donnant sur cour et au calme, découvrez cet Appartement en excellent état, rénové, calme, et lumineux. Au premier étage sans ascenseur, ce T3 de 65,03 m² est composé d'un superbe séjour de 30m² avec petit dressing, d'un coin cuisine aménagée et équipée d'un évier, de plaques, d'un four et d'un réfrigérateur et freezer et d'une salle d'eau moderne avec douche à l'italienne, sèche-serviette et WC. A l'étage, vous trouverez deux belles chambres avec parquet, les deux ouvertes sur la mezzanine. Chauffage individuel électrique. Le stationnement dans la cour intérieure est strictement interdit. Logement soumis à l'encadrement des loyers : - Loyer de référence : 858,40 € - Loyer de référence majoré : 1 027,47 € - Complément de loyer : 152,53 € Contact : Axelle",https://www.vizzit.fr/fr/property/appartement/lyon-2eme/A20h509jz2upweuw,https://lb1.vizzit.com/2635049a/A20h509jz2upweuw/Photos/A20h509jz2upweuw_1.jpg?639244488690000000,2026-09-28
Lyon 2ème (Rhône),1 250 €/mois,66 m² - 3 pièces - 2 chambres,"Idéalement situé en plein cœur de la Presqu'île, à proximité immédiate de toutes les commodités (commerces de quartier, boulangeries, banques, cinéma, tabac-presse, supérettes¿) ainsi que des transports en commun (métros A et D, nombreux bus et parking public place Antonin Poncet), cet appartement T3 de 66,69 m², entièrement rénové, offre un cadre de vie privilégié, au calme, grâce à son exposition sur cour. L'appartement se compose, au premier niveau, d'une entrée avec espace buanderie, d'une belle pièce de vie lumineuse avec cuisine ouverte aménagée et entièrement équipée (plaques de cuisson, four, lave-vaisselle et réfrigérateur/congélateur), d'une première chambre ainsi que d'un WC indépendant. À l'étage, une agréable mezzanine avec dressing offre un espace idéal pour un bureau ou un coin lecture. Vous y trouverez également une seconde chambre, une salle de bains et un second WC indépendant. Situé dans un immeuble de caractère inscrit à l'inventaire des Monuments historiques, ce bien allie le charme de l'ancien au confort d'une rénovation récente. Le chauffage est collectif. Le stationnement dans la cour intérieure est strictement interdit. Logement soumis à l'encadrement des loyers : - Loyer de référence : 880,31 € - Loyer de référence majoré : 1 053,70 € - Complément de loyer : 96,30 € pour tenir compte du calme, de l'immeuble inscrit à l'inventaire des monuments historiques, ainsi que la surface mise à disposition et non comptabilisée dans la surface habitable. Contact : Axelle",https://www.vizzit.fr/fr/property/appartement/lyon-2eme/A3csde80p2ms73x5,https://lb1.vizzit.com/2635049a/A3csde80p2ms73x5/Photos/A3csde80p2ms73x5_1.jpg?639244488700000000,2026-09-28
Lyon 2ème (Rhône),1 055 €/mois,73 m² - 3 pièces - 2 chambres,"RUE DE LA CHARITE 69002 LYON Proche de toutes les commodités, commerces et transports en commun. Appartement T3 composé d'une entrée, d'une cuisine aménagée et équipée (éléments hauts et bas, plaques de cuisson) ouverte sur le séjour, de deux chambres avec placards, d'une salle de bains et de wc indépendants. Bien soumis à l'encadrement des loyers : - Loyer de référence : 964.39 € - Loyer de référence majoré : 1 154.35 € Contact : Eva",https://www.vizzit.fr/fr/property/appartement/lyon-2eme/A9q45u0u92bpdwkb,https://lb1.vizzit.com/2635049a/A9q45u0u92bpdwkb/Photos/A9q45u0u92bpdwkb_1.jpg?639244488710000000,2026-09-28
Lyon 7ème (Rhône),1 150 €/mois,51 m² - 2 pièces - 1 chambre,"T2 avec terrasse - Secteur Saint-Louis / Saxe-Gambetta - À deux pas du métro Saxe-Gambetta, Grande rue de la Guillotière - Beau T2 meublé en très bon état, disponible de suite Ce T2 meublé de 51m² offre de très belles prestations : Une entrée accueillante avec placard et coin bureau Une spacieuse pièce de vie lumineuse avec belle hauteur sous plafond Une cuisine US haut de gamme, entièrement équipée dont lave-vaisselle, lave-linge et réfrigérateur/congélateur... Accès direct à une agréable terrasse de 25 m², idéale pour vos moments de détente Une chambre confortable avec rangements sur mesure Une salle d'eau attenante avec WC Appartement lumineux, parfaitement agencé et entièrement rénové avec goût, à proximité immédiate des commerces, transports et toutes commodités. Loyer : 1050€ + 100 € de charges (Chauffage, eau froide, eau chaude) Honoraires : 515.90€ + 154.92 € d'état des lieux Dépôt de garantie : 2100€ Loyer de référence : 751.61 € Loyer de référence majoré : 899.89 € Complément loyer : 150.11€ pour la terrasse de 25m² et tous les équipements complémentaires au décret de la location meublée . Régie Pozetto 106 Boulevard des Belges 69006 LYON. Loyer de 1 150,00 euros par mois charges comprises dont 100,00 euros par mois de provision pour charges (soumis à la régularisation annuelle). Les honoraires charge locataire sont de 670,83 euros ( soit 13,12 euros/m² ) dont 154,92 euros pour état des lieux ( soit 3,03 euros/m² ).",https://www.vizzit.fr/fr/property/appartement/lyon-7eme/Ak0bcfo2umqixjas,https://lb1.vizzit.com/2636840a/Ak0bcfo2umqixjas/Photos/Ak0bcfo2umqixjas_1.jpg,2026-09-28
Lyon 7ème (Rhône),720 €/mois,30 m² - 1 pièce,"RUE PASTEUR 69007 LYON - QUAIS DU RHONE Proche de toutes les commodités, commerces et transports en commun Charmant appartement T1 de 30.05 m² (39.14 m² au sol) composé d'une entrée, d'un coin cuisine ouvert sur la pièce de vie, d'une pièce pouvant servir de chambre, d'une salle d'eau et de wc indépendants. Bien soumis à l'encadrement des loyers : - Loyer de référence : 513.86 € - Loyer de référence majoré : 616.03 € - Complément de loyer : 73.97 € Contact : Pauline",https://www.vizzit.fr/fr/property/appartement/lyon-7eme/Ad2svnhu0f0sfep3,https://lb1.vizzit.com/2635049a/Ad2svnhu0f0sfep3/Photos/Ad2svnhu0f0sfep3_1.jpg?639244488690000000,2026-09-28
Lyon 5ème (Rhône),1 210 €/mois,85 m² - 3 pièces - 2 chambres,"Proche du Point du Jour et de toutes ses commodités (boulangeries, boucherie, restaurants, tabac-presse, pharmacie, etc), Au 1er étage dans une résidence calme et arborée, découvrez ce superbe T3 de 85,10 m², traversant et lumineux avec deux balcons. Le logement se compose d'une entrée avec rangements et placards, d'un grand séjour de près de 25m², d'une cuisine séparée de 11m², de deux chambres spacieuses de 13,68 m² et 13,65 m², d'une salle de bain moderne et d'un WC séparé. Chauffage au gaz compris dans les charges collectives. Logement soumis à l'encadrement des loyers : - Loyer de référence : 927,59 € - Loyer de référence majoré : 1114,81 € Contact : Axelle",https://www.vizzit.fr/fr/property/appartement/lyon-5eme/An4ssqeq9zy4hzyq,https://lb1.vizzit.com/2635049a/An4ssqeq9zy4hzyq/Photos/An4ssqeq9zy4hzyq_1.jpg?639244488700000000,2026-09-28
Lyon 5ème (Rhône),915 €/mois,42 m² - 1 pièce,"Quartier Saint-Just, proche de toutes commodités (boulangerie, petit supermarché, cafétaria, pharmacie et de nombreux parcs), des écoles (Lycée Saint-Just, Grandes écoles préparatoires) et du Funiculaire F1 (allant au Métro D arrêt 'Vieux Lyon'), découvrez ce joli appartement de de 42,18 m² composé d'une entrée, d'un séjour lumineux avec coin cuisine aménagée et équipée (réfrigérateur, congélateur, plaques, hotte, four, micro-ondes, etc), d'un espace chambre avec de nombreux rangements et un paravent mobile pour créer une intimité, d'une salle d'eau avec machine à laver et WC. Logement soumis à l'encadrement des loyers : - Loyer de référence : 814,07 € - Loyer de référence majoré : 978,58 € Contact : Axelle",https://www.vizzit.fr/fr/property/appartement/lyon-5eme/A28jicj2y5syx35h,https://lb1.vizzit.com/2635049a/A28jicj2y5syx35h/Photos/A28jicj2y5syx35h_1.jpg?639244488690000000,2026-09-28
Lyon 7ème (Rhône),1 554 €/mois,88 m² - 4 pièces - 3 chambres,"Découvrez cet appartement meublé climatisé de près de 90 m² composé d'une grande entrée avec placard coulissant, étagères et penderie, d'un séjour (avec un bloc climatisation) avec rangements donnant sur un grand balcon, d'une cuisine indépendante, aménagée et équipée (avec meubles hauts et bas, réfrigérateur neuf, four, micro ondes, plaque de cuisson à induction, hotte et lave vaisselle), de trois chambres (deux chambres avec un lit simple et la dernière avec un lit double, un bloc climatisation, des étagères et une penderie), une salle d'eau avec machine à laver, et d'un WC séparé. Le logement est loué avec deux places de stationnement. Chauffage collectif. Logement soumis à l'encadrement des loyers : - Loyer de référence : 1002,65 € - Loyer de référence majoré : 1206,73 € - Complément de loyer : 193.27 € justifié par la présence du balcon, des places de parking et de la climatisation dans le logement. Contact : Axelle",https://www.vizzit.fr/fr/property/appartement/lyon-7eme/Ab3se70cigj41jv2,https://lb1.vizzit.com/2635049a/Ab3se70cigj41jv2/Photos/Ab3se70cigj41jv2_1.jpg,2026-09-28
Lyon 5ème (Rhône),990 €/mois,49 m² - 1 pièce,"Quartier Vieux-Lyon, à quelques pas du Métro D (Arrêt 'Vieux Lyon'), idéalement situé pour profiter pleinement du charme historique du quartier et de ses commerces, découvrez cet appartement meublé de 49 m² composé d'un séjour avec coin cuisine entièrement aménagée et équipé (lave-vaisselle, lave linge, plaques induction, hotte, micro-ondes, évier...) et d'un WC. L'appartement bénéficie d'une configuration particulièrement privilégiée : situé sur l'une des terrasses intérieures de l'immeuble emblématique de la Tour Rose, il s'ouvre sur un espace à ciel ouvert, à l'abri de l'animation extérieure offrant un cadre particulièrement serein. Logement soumis à l'encadrement des loyers : - Loyer de référence : 970,20 € - Loyer de référence majoré : 1 166,20 € Contact : Axelle",https://www.vizzit.fr/fr/property/appartement/lyon-5eme/Arkrhqwpuk3m0drp,https://lb1.vizzit.com/2635049a/Arkrhqwpuk3m0drp/Photos/Arkrhqwpuk3m0drp_1.jpg,2026-09-28
Lyon 2ème (Rhône),1 180 €/mois,58 m² - 3 pièces - 2 chambres,"Votre Régie Galyo a le plaisir de vous proposer à la location, proche des transports en communs, des commerces et de toutes commodités, cet appartement T3 de 58m². Au 5ème étage d'une copropriétaire sécurisée située 19 place Bellecour, il se compose, d'une entrée, d'un séjour avec cuisine aménagée (meubles hauts et bas) et équipée (plan de travail, hotte, plaques de cuisson), de deux chambres, d'une salle de bains et d'un WC. Zone soumise à encadrement des loyers : Loyer de référence : 776.42 euros HC Loyer de référence majoré : 929.36 euros HC Complément de loyer : 220.64 euros Contact : Eva",https://www.vizzit.fr/fr/property/appartement/lyon-2eme/Ajc364iz5fzj0znh,https://lb1.vizzit.com/2635049a/Ajc364iz5fzj0znh/Photos/Ajc364iz5fzj0znh_1.jpg?639244488690000000,2026-09-28
Lyon 7ème (Rhône),930 €/mois,50 m² - 2 pièces - 1 chambre,"Au 5ème étage avec ascenseur, découvrez cet appartement de 54 m² avec joli balcon composé d'une belle entrée, d'un séjour avec placard et cuisine ouverte, d'une chambre avec rangements et alcôve, d'une salle de bains (avec sèche-serviette et arrivée et sortie d'eau pour votre machine à laver), et d'un WC séparé. Logement soumis à l'encadrement des loyers : - Loyer de référence : 834,15 € - Loyer de référence majoré : 834,15 € - Complément de loyer : 30,85 € Contact : Axelle",https://www.vizzit.fr/fr/property/appartement/lyon-7eme/A0yacybl80r1nva9,https://lb1.vizzit.com/2635049a/A0yacybl80r1nva9/Photos/A0yacybl80r1nva9_1.jpg?639257395620000000,2026-09-28
Lyon 8ème (Rhône),1 080 €/mois,56 m² - 4 pièces - 3 chambres,"295 Route de Vienne - 69200 VENISSIEUX (limite 8ème arr.) Proche Tramway T6 et toutes commodités Nous vous proposons à la location cet appartement T4 entièrement meublé à Vénissieux (limite 8ème arr.) L'appartement se compose d'une pièce de vie avec cuisine aménagée et équipée (plaques, hotte, four, réfrigérateur, micro-ondes), de trois chambres avec rangements, d’une salle de bains (équipée d'un lave-linge) et d'un WC séparé. Les charges mensuelles comprennent l'entretien des parties communes, le chauffage, l'eau froide & l’eau chaude. Une cave complète ce bien. Place de parking (non privative) dans la résidence sécurisée. Loyer hors charges : 1080,00€ Charges locatives : 150.00€ TOTAL MENSUEL : 1230.00€ Dépôt de garantie : 2160.00€ Frais de mise en location et d'état des lieux : Frais d'agence : 572.00€ Frais d'état des lieux : 171.77€ Pour déposer votre candidature : DOSSIER FACILE",https://www.vizzit.fr/fr/property/appartement/lyon-8eme/A41cu7mmcy51qw32,https://lb1.vizzit.com/4039902a/A41cu7mmcy51qw32/Photos/A41cu7mmcy51qw32_1.jpg?639245607950000000,2026-09-28
Lyon 6ème (Rhône),3 560 €/mois,197 m² - 6 pièces - 5 chambres,"Lyon 6, Boulevard des Belges, Appartement familial avec vue sur le Parc de la Tête d'Or. Situé sur le Boulevard des Belges, face au Parc de la Tête d'Or, cet appartement bénéficie d'un emplacement recherché et est situé dans un immeuble de standing avec ascenseur et gardienne. Il se compose d'une grande entrée avec placards, d'un séjour en rotonde avec espace salle à manger ouvrant sur un grand balcon filant offrant une vue dégagée sur le parc, de trois grandes chambres, dont une avec sa salle de bains attenante, d'une salle de bains avec double vasque ainsi que de WC indépendants. Il est doté de beaux volumes avec sa hauteur sous plafond de 4.30 mètres et d'une belle luminosité. À proximité immédiate du Parc de la Tête d'Or, des commerces, des écoles et des transports, il est idéal pour une famille recherchant un cadre de vie agréable. Possibilité de louer en supplément un garage double situé dans la cour de l'immeuble à 322 euros par mois. Le chauffage est collectif et inclus dans la provision sur charges. Pour visiter ce logement, n'hésitez pas à Madame GUINAND . Zone soumise à l'encadrement des loyers : - loyer de référence : 2 376,24 € - loyer majoré : 2 859,21 € Contact : Axelle",https://www.vizzit.fr/fr/property/appartement/lyon-6eme/Aeco4ab4ge1bhyzh,https://lb1.vizzit.com/2635049a/Aeco4ab4ge1bhyzh/Photos/Aeco4ab4ge1bhyzh_1.jpg,2026-09-28
Lyon 6ème (Rhône),2 500 €/mois,152 m² - 5 pièces - 4 chambres,"T5 de charme non meublé – FOCH Idéalement situé dans le très recherché 6ème arrondissement de Lyon, à proximité immédiate de la place Puvis de Chavannes, cet appartement de 152,67 m² vous séduira par son cachet et son emplacement exceptionnel. Niché au rez-de-chaussée d’un immeuble de caractère datant du XIXᵉ siècle, il offre un cadre de vie à la fois raffiné et central. Dès l’entrée, le ton est donné : volumes généreux, belle hauteur sous plafond. Le vaste séjour avec cuisine indépendante, constitue un véritable espace de vie convivial avec en alcôve un coin télé ou bureau. L’appartement se compose de 5 pièces, dont 3 chambres confortables en souplex et une chambre en rez-de-chaussée avec sa salle de bain privative. Vous bénéficierez également d’une salle de douche au -1 ainsi que de nombreux rangements, ainsi qu'une buanderie. Ce bien allie le charme de l’ancien (parquet, volumes, cachet) à des prestations modernes et soignées. Côté localisation, vous profitez d’un environnement privilégié en plein centre-ville : commerces, transports (métro, bus, tram), écoles, restaurants et toutes les commodités sont accessibles à pied en quelques minutes seulement. Une opportunité à ne pas manquer au cœur de Lyon — contactez-nous pour organiser une visite. Encadrement des loyers : Loyer hors charges : 2600,00 € Complément de loyer : 210,48€ compris dans le loyer hors charges (justifié par une mise à disposition de mobilier supérieure à celle exigée par le décret.) Charges locatives : 30,00 € (comprenant l'entretien des parties communes) TOTAL MENSUEL : 2500,00 € Dépôt de garantie : 2470,00 € Montant de loyer de référence : 12,30€/m2 Montant de loyer majoré : 14,80€/m2 Frais de mise en location et d’état des lieux : Frais d'agence : 1526,70 € Frais d'état des lieux : 458,01 € Pour déposer votre candidature : Zéro papier & démarche simplifiée ! Tous les dossiers de candidatures sont à déposer en ligne sur notre site. Rubrique Louer > Dossier de candidature ! Les dossiers incomplets ne pourront être étudiés !",https://www.vizzit.fr/fr/property/appartement/lyon-6eme/Akjpc9ig94rbw2xu,https://lb1.vizzit.com/4039902a/Akjpc9ig94rbw2xu/Photos/Akjpc9ig94rbw2xu_1.jpg,2026-09-28
Lyon 6ème (Rhône),1 940 €/mois,125 m² - 4 pièces - 3 chambres,"Votre Régie GALYO a le plaisir de vous proposer à la location, proche des transports en commun, des commerces et de toutes commodités, cet appartement T4 de 125m². Au 2ème étage d'une résidence sécurisée, située 7 rue Molière LYON 6, il se compose d'une entrée, d'un séjour, d'une cuisine aménagée et équipée, de 3 chambres, d'une salle de bains avec évier double vasque et d'un WC séparé. Zone soumise à encadrement des loyer : Loyer de référence : 1546.60 euros HC loyer de référence majoré : 1860.95 euros HC contact : Eva",https://www.vizzit.fr/fr/property/appartement/lyon-6eme/Ai7k7iaegfanlpdg,https://lb1.vizzit.com/2635049a/Ai7k7iaegfanlpdg/Photos/Ai7k7iaegfanlpdg_1.jpg?639244488700000000,2026-09-28
Lyon 3ème (Rhône),800 €/mois,337 m² - 20 pièces - 17 chambres,"Avec IMMOJEUNE, trouvez les meilleurs logements étudiants et jeunes actifs en quelques clics et en toute confiance. Votre expérience coliving à Lyon 3ème – Résidence Lyot ! Découvrez Lyot, une magnifique maison meublée au style contemporain et rustique, datant de 1930. Idéalement située dans le 3ème arrondissement de Lyon, elle se trouve à quelques minutes de la gare La Part-Dieu et à seulement 20 minutes du centre-ville, avec un accès rapide via le tramway T3 et le métro D (Grange-Blanche). Forte de ses 337 m², cette demeure de caractère est conçue pour accueillir 17 résidents dans une atmosphère chaleureuse. Vous profiterez d'espaces communs généreux : deux salons, deux cuisines équipées, des salles à manger conviviales et un grand jardin à partager. Les chambres sont parfaitement meublées et disposent chacune de leur propre salle de bain (privée ou partagée selon l'unité). Pour une sérénité totale, toutes les charges sont incluses (eau, électricité, chauffage, internet et entretien). Les points forts de cette maison meublée : - 17 chambres meublées avec goût dans une bâtisse historique, - Deux salons, deux cuisines et un vaste jardin extérieur, - Localisation stratégique proche de La Part-Dieu et des facultés, - Formule tout inclus : toutes les charges et entretien du bâtiment. Unités disponibles : - Chambre S 14, 12m², salle de bain privée, 800€ - Chambre S 6, 13m², salle de bain privée, 810€ - Chambre S 7, 13m², salle de bain privée, 810€ REF:301 Mis à jour le Updated on",https://www.vizzit.fr/fr/property/appartement/lyon-3eme/Anvtrs8jnpzle97b,https://lb1.vizzit.com/1018609a/Anvtrs8jnpzle97b/Photos/Anvtrs8jnpzle97b_1.jpg?639256176250000000,2026-09-28
Lyon 6ème (Rhône),1 220 €/mois,66 m² - 3 pièces - 2 chambres,"Découvrez cet appartement meublé de 66 m² composé d'une entrée, d'un séjour, d'une cuisine indépendante, et d'un espace nuit composé de 2 chambres, d'une salle de bains et d'un WC séparé. Logement soumis à l'encadrement des loyers : - Loyer de référence : 906,03 € - Loyer de référence majoré : 1085,91 € Contact : Axelle",https://www.vizzit.fr/fr/property/appartement/lyon-6eme/A413cu8rzyboskvf,https://lb1.vizzit.com/2635049a/A413cu8rzyboskvf/Photos/A413cu8rzyboskvf_1.jpg?639244488700000000,2026-09-28
Lyon 7ème (Rhône),1 775 €/mois,92 m² - 4 pièces - 3 chambres,"APPARTEMENT T4 + GARAGE - berges du Rhône 47 RUE LIEUTENANT COLONEL GIRARD - 69007 LYON Venez découvrir ce spacieux T4 de 92,98 m² situé au 3ᵉ étage d’une copropriété sécurisée avec ascenseur. Il se compose d’une entrée avec rangements, d’un séjour de 23 m² donnant accès à une loggia, ainsi que d’une cuisine séparée, entièrement aménagée et équipée (four, plaque de cuisson, hotte, lave-vaisselle, machine à laver, réfrigérateur). L’appartement dispose également de trois chambres, d’une salle d’eau et d'un WC séparé. Ce bien est complété par un garage avec une borne de recharge éléctrique. Encadrement des loyers : Loyer hors charges : 1595,00 € Complément de loyer : 330,47 € compris dans le loyer hors charges (justifié par une mise à disposition de mobilier supérieure au décret 2015 - 981 et la présence d'une loggia). Charges locatives : 180,00 € (comprenant l'entretien des parties communes, l'eau froide, l'eau chaude, le chauffage) TOTAL MENSUEL : 1775,00 € Dépôt de garantie : 3 190,00 € Montant de loyer de référence : 11,30 €/m2 Montant de loyer majoré : 13,60 €/m2 Frais d'agence : 938,16 € Frais d'état des lieux : 281,72 € TOTAL : 1 219,88 € Un complément de loyer peut être appliqué au loyer de base pour des logements présentant des caractéristiques de localisation ou de confort le justifiant, par comparaison avec les logements de la même catégorie situés dans le même secteur géographique. Zéro papier & démarche simplifiée ! Tous les dossiers de candidatures sont à déposer en ligne sur notre site. Rubrique Louer -> Dossier de candidature. !Les dossiers incomplets ne pourront être étudiés.",https://www.vizzit.fr/fr/property/appartement/lyon-7eme/Aa7dds4bsiw12o4l,https://lb1.vizzit.com/4039902a/Aa7dds4bsiw12o4l/Photos/Aa7dds4bsiw12o4l_1.jpg?639227840820000000,2026-09-28
Lyon 6ème (Rhône),1 820 €/mois,107 m² - 5 pièces - 4 chambres,"QUAI SARRAIL 69006 LYON Proche de toutes les commodités, commerces et transports en commun. Appartement T5 au 3eme étage, composé d'un hall d'entrée, d'une cuisine aménagée (éléments hauts et bas), d'un salon, d'une salle à manger, de trois chambres, d'une salle d'eau avec wc, d'une salle de bains et de wc indépendants. Bien soumis à l'encadrement des loyers : - Loyer de référence : 1 322 € - Loyer de référence majoré : 1 590.70€ - Complément de loyer : 89.3€ Contact : Eva",https://www.vizzit.fr/fr/property/appartement/lyon-6eme/Azngrh6e3obdzum0,https://lb1.vizzit.com/2635049a/Azngrh6e3obdzum0/Photos/Azngrh6e3obdzum0_1.jpg,2026-09-28
Lyon 2ème (Rhône),1 330 €/mois,84 m² - 3 pièces - 2 chambres,"Votre Régie Galyo à le plaisir de vous proposer à la location, porche des transports en commun, des commerces et de toutes commodités, cet appartement 3pièces de 85m². Au 5ème étage avec ascenseur, d'une résidence sécurisée située rue Vaubecour, il se compose d'une entrée, d'un séjour, d'une cuisine séparée et aménagée, de 2 chambres, d'une salle d'eau et d'un WC séparé. Vous disposerez d'un grenier. Zone soumise à encadrement des loyers : Loyer de référence : 1121.87 euros HC Loyer de référence majoré : 1342.84 euros HC Contact : Eva",https://www.vizzit.fr/fr/property/appartement/lyon-2eme/Afvkcx0q6i20uegz,https://lb1.vizzit.com/2635049a/Afvkcx0q6i20uegz/Photos/Afvkcx0q6i20uegz_1.jpg?639244488690000000,2026-09-28
Lyon 3ème (Rhône),880 €/mois,51 m² - 2 pièces - 1 chambre,"Votre Regie Galyo à le plaisir de vous proposer à la location proche des transports en commun, des commerces et de toutes commodités, cet appartement T2 de 51m². Au 5ème étage, d'une résidence sécurisée située rue Villeroy, il se compose d'une entrée, d'un grand séjour, d'une cuisine séparée, d'une chambre, d'un salle de bains, wc séparée. Un garage est compris dans la location. L'eau froide est comprise dans les charges. Zone soumise à encadrement des loyers : Loyer de référence : 740.12 euros HC Loyer de référence majoré : 888.27 euros HC Contact : Eva",https://www.vizzit.fr/fr/property/appartement/lyon-3eme/Awy64gbfpdyc4yfh,https://lb1.vizzit.com/2635049a/Awy64gbfpdyc4yfh/Photos/Awy64gbfpdyc4yfh_1.jpg,2026-09-28
Lyon 2ème (Rhône),3 170 €/mois,279 m² - 7 pièces - 6 chambres,"Votre Régie Galyo a le plaisir de vous proposer à la location, proche des transports en commun, des commerces et de toutes commodités, cet appartement 7 pièces de 279.98 m². Au 3ème étage d'une résidence sécurisée située rue Emile Zola, il se compose, d'un séjour, d'une salle à manger, d'un cuisine aménagée et équipée (hotte), de 5 chambres, d'une salle d'eau, d'une salle de bains et de 2 WC. Zone soumise à encadrement des loyers : Loyer de référence : 3443.75 euros Hc Loyer de référence majoré : 4143.70 euros HC Contact : Eva",https://www.vizzit.fr/fr/property/appartement/lyon-2eme/Anr1kbleqanpdspn,https://lb1.vizzit.com/2635049a/Anr1kbleqanpdspn/Photos/Anr1kbleqanpdspn_1.jpg?639244488700000000,2026-09-28
Lyon 6ème (Rhône),933 €/mois,50 m² - 2 pièces - 1 chambre,"A quelques pas du quai de Serbie et proche du parc de la Tête d'Or, au 5ème étage, découvrez cet appartement de 50 m² composé d'un hall d'entrée, d'une cuisine et d'un coin salon (le tout faisant 22m²), d'une chambre de près de 16m² avec rangements et Balcon, d'une salle de bains avec douche et WC. Logement soumis à l'encadrement des loyers : - Loyer de référence : 763,65 € - Loyer de référence majoré : 916,38 € Contact : Axelle",https://www.vizzit.fr/fr/property/appartement/lyon-6eme/Ab63srkh5y2mn0qo,https://lb1.vizzit.com/2635049a/Ab63srkh5y2mn0qo/Photos/Ab63srkh5y2mn0qo_1.jpg?639244488710000000,2026-09-28
Lyon 7ème (Rhône),1 050 €/mois,72 m² - 3 pièces - 2 chambres,"Votre Regie Galyo a le plaisir de vous proposer à la location, proche des transports en commun, des commerces et de toutes commodités, cet appartement T3 de 72m². Au 2ème étage d'une résidence sécurisée située 30 rue Bancel, ils se compose d'un hall d'entrée, d'une cuisine, d'un séjour, de deux chambres, d'une salle de bains et d'un WC séparé. Zone soumise à encadrement des loyers : Loyer de référence majoré: 1090.65 euros HC Loyer de référence : 908.88 euros HC Contact : Axelle",https://www.vizzit.fr/fr/property/appartement/lyon-7eme/Akrqhgw6se3ccxyq,https://lb1.vizzit.com/2635049a/Akrqhgw6se3ccxyq/Photos/Akrqhgw6se3ccxyq_1.jpg?639244488710000000,2026-09-28
Lyon 5ème (Rhône),923 €/mois,57 m² - 2 pièces - 1 chambre,"RUE OCTAVIO MEY 69005 LYON - GARE SAINT-PAUL Proche de toutes les commodités, commerces et transports en commun Charmant appartement T2 composé d'une entrée, d'une cuisine, d'un séjour avec parquet, d'une chambre avec placards et cheminée décorative et d'une salle de bains avec wc. Bien soumis à l'encadrement des loyers : - Loyer de référence : 810.89 € - Loyer de référence majoré : 971.92 € Contact : Pauline",https://www.vizzit.fr/fr/property/appartement/lyon-5eme/Awrem3ccqq0qhdw7,https://lb1.vizzit.com/2635049a/Awrem3ccqq0qhdw7/Photos/Awrem3ccqq0qhdw7_1.jpg?639244488710000000,2026-09-28
Lyon 5ème (Rhône),1 130 €/mois,81 m² - 5 pièces - 4 chambres,"RUE COMMANDANT CHARCOT 69005 LYON Proche de toutes les commodités, commerces et transports en commun, cet appartement T5 est composé d'un hall d'entrée, d'une cuisine séparée donnant sur un balcon, d'un séjour double, de trois chambres, d'une salle d'eau et de wc indépendants. Possibilité de louer un garage en sus 105.99 €/mois (REF11282). Bien soumis à l'encadrement des loyers : - Loyer de référence : 815.20 € - Loyer de référence majoré : 978.24 € Conseiller : Axelle",https://www.vizzit.fr/fr/property/appartement/lyon-5eme/Am8s4ujavx6gggpl,https://lb1.vizzit.com/2635049a/Am8s4ujavx6gggpl/Photos/Am8s4ujavx6gggpl_1.jpg?639244488720000000,2026-09-28
Lyon 6ème (Rhône),906 €/mois,51 m² - 2 pièces - 1 chambre,"RUE MONTGOLFIER 69006 LYON - PROXIMITÉ PARC DE LA TETE D'OR Face au Parc de la Tête d'Or, dans un quartier recherché du 6e arrondissement, ce grand T2 traversant (cour et rue) est en bon état et situé dans un immeuble bien entretenu avec vidéosurveillance. L'accès par un rez-de-chaussée surélevé apporte à la fois calme et sécurité. La copropriété dispose de locaux sécurisés pour les vélos et les poussettes. La copropriété, majoritairement occupée par des propriétaires, est calme et agréable à vivre. L'emplacement est pratique : proche des écoles, de la Part-Dieu, de la Cité Internationale et de nombreux commerces entre Masséna et Foch. Un bien adapté pour un couple, une personne seule ou un étudiant en quête de confort et de praticité. Bien soumis à l'encadrement des loyers : - Loyer de référence : 698.22 € - Loyer de référence majoré : 836.84 € Vous souhaitez visiter ce bien ? Contactez Madame GUINAND joignable .",https://www.vizzit.fr/fr/property/appartement/lyon-6eme/Amxc68wo5kw7uxyn,https://lb1.vizzit.com/2635049a/Amxc68wo5kw7uxyn/Photos/Amxc68wo5kw7uxyn_1.jpg?639244488700000000,2026-09-28
Lyon 8ème (Rhône),1 090 €/mois,75 m² - 3 pièces - 2 chambres,"La régie Galyo vous propose cet agréable appartement T3 de 75,72 m², situé au 5ème étage d'une résidence calme et bien entretenue. Le logement se compose d'une entrée, d'un séjour double lumineux, d'une cuisine séparée, ainsi que de deux chambres confortables. Le bien bénéficie d'une triple exposition, offrant une luminosité optimale tout au long de la journée. Vous apprécierez également la loggia, idéale pour profiter d'un espace extérieur abrité. Une salle d'eau et des WC séparés complètent ce bien. Un appartement spacieux, fonctionnel et lumineux, idéalement placé à proximité des commerces, des transports et des écoles, dans un quartier très apprécié Zone soumise à encadrement des loyers : Loyer de référence : 817.78 € HC Loyer de référence majoré : 984.36 € HC Conseiller : Pauline",https://www.vizzit.fr/fr/property/appartement/lyon-8eme/Ar3cjk41erwcfvxq,https://lb1.vizzit.com/2635049a/Ar3cjk41erwcfvxq/Photos/Ar3cjk41erwcfvxq_1.jpg?639244488720000000,2026-09-28
Lyon 3ème (Rhône),800 €/mois,337 m² - 20 pièces - 17 chambres,"Votre expérience coliving à Lyon 3ème – Résidence Lyot ! Découvrez Lyot, une magnifique maison meublée au style contemporain et rustique, datant de 1930. Idéalement située dans le 3ème arrondissement de Lyon, elle se trouve à quelques minutes de la gare La Part-Dieu et à seulement 20 minutes du centre-ville, avec un accès rapide via le tramway T3 et le métro D (Grange-Blanche). Forte de ses 337 m², cette demeure de caractère est conçue pour accueillir 17 résidents dans une atmosphère chaleureuse. Vous profiterez d'espaces communs généreux : deux salons, deux cuisines équipées, des salles à manger conviviales et un grand jardin à partager. Les chambres sont parfaitement meublées et disposent chacune de leur propre salle de bain (privée ou partagée selon l'unité). Pour une sérénité totale, toutes les charges sont incluses (eau, électricité, chauffage, internet et entretien). Les points forts de cette maison meublée : - 17 chambres meublées avec goût dans une bâtisse historique, - Deux salons, deux cuisines et un vaste jardin extérieur, - Localisation stratégique proche de La Part-Dieu et des facultés, - Formule tout inclus : toutes les charges et entretien du bâtiment. Unités disponibles : - Chambre S 6, 13m², salle de bain partagée, 810€ - Chambre S 14, 12m², salle de bain partagée, 800€ - Chambre S 7, 13m², salle de bain partagée, 810€ REF:301",https://www.vizzit.fr/fr/property/appartement/lyon-3eme/Ay3tvbnnicas8cy4,https://lb1.vizzit.com/1149566a/Ay3tvbnnicas8cy4/Photos/Ay3tvbnnicas8cy4_1.jpg?639258188560000000,2026-09-28
Lyon 6ème (Rhône),2 500 €/mois,218 m² - 6 pièces - 5 chambres,"La régie Galyo a le plaisir de vous présenter ce magnifique appartement T6 de 218,35m², situé au 107 cours Lafayette, au cœur du 6ème arrondissement de Lyon. Vous profitez ici d'un emplacement central et prestigieux à proximité immédiate de la Gare Part-Dieu, des Halles Paul Bocuse, des commerces, des transports (métro, tram, bus) et de toutes les commodités. Ce bien se compose d'une belle entrée, d'un vaste séjour lumineux avec cheminée décorative, de cinq chambres, d'une salle de bain et de WC séparés. Zone soumise à encadrement des loyers Loyer de référence : 2685.71 euros HC Loyer de référence majoré : 3231.58 euros HC Conseillère : Eva",https://www.vizzit.fr/fr/property/appartement/lyon-6eme/Al7rqgpd7xus117b,https://lb1.vizzit.com/2635049a/Al7rqgpd7xus117b/Photos/Al7rqgpd7xus117b_1.jpg?639244488720000000,2026-09-28
Lyon 6ème (Rhône),2 875 €/mois,220 m² - 7 pièces - 6 chambres,"RUE JULIETTE RECAMIER 69006 LYON - BROTTEAUX Proche de toutes les commodités, commerces et transports en commun Appartement T7, en entresol, composé d'un hall d'entrée, d'une cuisine aménagée avec balcon, d'un grand séjour avec cheminée décorative avec balcon, de six chambres dont plusieurs donnant sur des balcons, d'un dressing, d'une salle de bains, d'une salle d'eau et de deux wc indépendants. Bien soumis à l'encadrement des loyers : - Loyer de référence : 2 716.09 € - Loyer de référence majoré : 3 268.14 € Contact : Pauline",https://www.vizzit.fr/fr/property/appartement/lyon-6eme/A8a14fh4xg0f7qol,https://lb1.vizzit.com/2635049a/A8a14fh4xg0f7qol/Photos/A8a14fh4xg0f7qol_1.jpg?639244488710000000,2026-09-28
Lyon 3ème (Rhône),631 €/mois,124 m² - 8 pièces - 6 chambres,"Magnifique colocation meublée à Lyon ! Offre promotionnelle : Le loyer est de 631 € pendant les 3 premiers mois , puis il passera à 742 €. Découvrez Lyon Félix Faure 2, notre appartement chaleureux et fraîchement rénové de style contemporain. Proche des commerces de proximité et des restaurants, il est facilement accessible par le Metro D, Bus C11. Avec une surface de 124 m², il est parfait pour accueillir les vies remplies et palpitantes de 6 heureuses et heureux locataires ! Vous profiterez d'une cuisine et d'un salon. Le tout dans une atmosphère conviviale et moderne. L'ensemble des charges est inclus : eau, électricité, chauffage mais aussi internet et l'entretien du bâtiment. Un grand salon / cuisine : Cuisine toute équipée, Grand sofa, Salon lumineux, Smart TV, Grande table. 6 chambres parfaitement meublées : Lit de 140x200 de qualité hôtelière, Bureau dans chaque chambre, Grande armoire. Envie de vivre ici ? Réservez dès maintenant votre chambre en ligne!",https://www.vizzit.fr/fr/property/appartement/lyon-3eme/Aapdsk3zuegts2z9,https://lb1.vizzit.com/1149566a/Aapdsk3zuegts2z9/Photos/Aapdsk3zuegts2z9_1.jpg,2026-09-28
Lyon 2ème (Rhône),855 €/mois,51 m² - 1 pièce,"Votre Régie Galyo a le plaisir de vous proposer à la location, proche des transports en commun, des commerces et de toutes commodités, cet appartement studio de 51m². Au 5E étage d'une résidence calme, situé RUE FRANKLIN à Lyon 2eme, il se compose d'une pièce de vie, d'une cuisine séparée, d'un salle de bain et d'un WC. Logement soumis à l'encadrement des loyers : loyer de référence : 894,08€ loyer de référence majoré : 1072,89 € Contact : Eva",https://www.vizzit.fr/fr/property/appartement/lyon-2eme/A0xgd833s95c8tvp,https://lb1.vizzit.com/2635049a/A0xgd833s95c8tvp/Photos/A0xgd833s95c8tvp_1.jpg?639259709350000000,2026-09-28
Lyon 6ème (Rhône),900 €/mois,52 m² - 2 pièces - 1 chambre,"RUE VENDOME 69006 LYON - PROXIMITE PARC DE LA TETE D'OR Proche de toutes les commodités, commerces et transports en commun Appartement T2 au 1er étage avec ascenseur composé d'une entrée avec placards, d'une cuisine, d'un séjour donnant sur un balcon de 1.60 m², d'une chambre avec dressing, d'une salle de bains et de wc indépendants. Bien soumis à l'encadrement des loyers : - Loyer de référence : 781.88 € - Loyer de référence majoré : 940.37 € Contact : Pauline",https://www.vizzit.fr/fr/property/appartement/lyon-6eme/Adzh4x7d444xzyx8,https://lb1.vizzit.com/2635049a/Adzh4x7d444xzyx8/Photos/Adzh4x7d444xzyx8_1.jpg?639259426300000000,2026-09-28
Lyon 2ème (Rhône),695 €/mois,33 m² - 2 pièces - 1 chambre,"Votre Régie Galyo a le plaisir de vous proposer à la location, proche des transports en commun, des commerces et de toutes commodités, cet appartement studio de 33.75m². Au 2E étage d'une résidence calme, situé RUE CHILDEBERT à Lyon 2eme, il se compose d'une pièce de vie ouvert sur une cuisine aménagée (meubles hauts et bas, plaque de cuisson et hotte) et d'une salle d'eau avec WC. Logement soumis à l'encadrement des loyers : loyer de référence : 506.25€ loyer de référence majoré : 607.50 € Contact : Eva",https://www.vizzit.fr/fr/property/appartement/lyon-2eme/Azgg22tyrf9zv3sh,https://lb1.vizzit.com/2635049a/Azgg22tyrf9zv3sh/Photos/Azgg22tyrf9zv3sh_1.jpg?639259426300000000,2026-09-28
Lyon 8ème (Rhône),840 €/mois,43 m² - 2 pièces - 1 chambre,"T2 NON MEUBLÉ AVEC TERRASSE ET GARAGE PRIVATIF – RÉSIDENCE RÉCENTE À louer, bel appartement T2 rénové de 43 m², lumineux et fonctionnel, situé 81A rue Laënnec, 69008 Lyon, en rez-de-chaussée surélevé d’une résidence récente et sécurisée avec ascenseur. Disponible immédiatement. L’appartement - Séjour lumineux de 20 m² avec accès à une terrasse privative de 3 m² - Cuisine ouverte équipée : plaque électrique, hotte et four - Chambre de 13 m² avec placard intégré - Salle de bains avec baignoire - WC - Garage privatif en sous-sol - Accès PMR Emplacement : Idéalement situé à proximité immédiate des transports : - Métro D – Laënnec au pied de l’immeuble → Bellecour en environ 15 min - Tram T2 / T5 – Ambroise Paré - Tram T6 – Essarts / Laënnec Caractéristiques : - Appartement rénové - Chauffage et eau chaude individuel au gaz - Chaudière neuve 2026 - DPE : C Loyer : - Loyer : 780 € HC dont 692,30 € de loyer de base + 87,70 € de complément de loyer « Zone soumise à encadrement des loyers » : Loyer de référence : 576,20€ Loyer de référence majoré à ne pas dépasser : 692,30 € - Charges : 60 € / mois (provision eau froide, entretien annuel de chaudière et copropriété) Loyer charges comprises : 840 € / mois PAS DE DÉMARCHAGE D’AGENCE POUR LA LOCATION. 1er contact via message ou email uniquement.",https://www.vizzit.fr/fr/property/appartement/lyon-8eme/Aojnbay5lyvlm3th,https://lb1.vizzit.com/14576a/Aojnbay5lyvlm3th/Photos/Aojnbay5lyvlm3th_1.jpg?639259348450000000,2026-09-28
Lyon 7ème (Rhône),640 €/mois,33 m² - 1 pièce,"GERLAND - proche ENS et Debourg - bel appartement T1 de 33,51 m² moderne avec terrasse et jardin privatif et un garage. Il se compose : - d'une entrée - d'une pièce à vivre de 24 m² donnant sur une terrasse et un jardin privatif de 15m² - d'une cuisine ouverte, équipée de meubles, une plaque de cuisson, une hotte et un four - d'une salle de bains moderne avec baignoire et emplacement machine à laver - d'un WC. Exposé Ouest et situé dans un batiment au calme à l'intérieur de la résidence. Chauffage et eau collectifs au gaz, donc inclus dans vos charges ! Vous n'avez plus que l'électricité pour vos électroménagers et la lumière à payer par ailleurs. Pour votre confort, vous profiterez également d'un garage fermé en sous-sol. Loyer de 640,00 euros par mois charges comprises dont 84,00 euros par mois de provision pour charges (soumis à la régularisation annuelle). Les honoraires charge locataire sont de 440,31 euros ( soit 13,12 euros/m² ) dont 101,69 euros pour état des lieux ( soit 3,03 euros/m² ). Montant estimé des dépenses annuelles d'énergie pour un usage standard : entre 460 et 670 euros. Zone soumise à encadrement des loyers. Le loyer de base du bien proposé est de 556 euros, le loyer de référence majoré (fixé par arrêté préfectoral) est de 627,572 euros",https://www.vizzit.fr/fr/property/appartement/lyon-7eme/Aov11i9n1w2tgoop,https://lb1.vizzit.com/122022a/Aov11i9n1w2tgoop/Photos/Aov11i9n1w2tgoop_1.jpg?639259305930000000,2026-09-28
Lyon 8ème (Rhône),675 €/mois,57 m² - 3 pièces,"Appartement T3 28 RUE THENARD 69008 LYON - Location appartement T3 comprenant 1 entrée, une cuisine avec rangement, un salon, une salle d'eau, un WC séparé, et deux chambres avec dressing. L'appartement est situé au 2eme étage d'une maison, sans ascenseur. L'appartement est propre et a été rénové. Le chauffage et l'eau sont compris dans les charges. Merci de nous envoyer votre dossier avant toute visite a l'adresse indiqué sur la deuxième photo. encadrement des loyers: loyer de référence 10.7euros/m2 et loyer majoré: 12.8euros/m2.",https://www.vizzit.fr/fr/property/appartement/lyon-8eme/Ahyeb4imdcmq35au,https://lb1.vizzit.com/4239008a/Ahyeb4imdcmq35au/Photos/Ahyeb4imdcmq35au_1.jpg?639259284570000000,2026-09-28
Lyon 7ème (Rhône),381 €/mois,21 m² - Studio,"LYON 7ème entre GERLAND et DEBOURG, studio de 21m² idéal étudiant, proximité tous commerces et transports, à 10 minutes de l'ENS et de l'EM, dans résidence avec ascenseur, raccordée fibre optique, composé d'une pièce à vivre, avec kitchenette équipée avec 2 plaques et petit frigo, une salle d'eau avec WC. Eaux chaude et froide, et chauffage collectifs inclus dans les charges. Location soumise à plafonds de ressources, bien vous munir de votre avant dernier avis d'imposition.",https://www.vizzit.fr/fr/property/appartement/lyon-7eme/A3yrroc09ap2g0rm,https://lb1.vizzit.com/71953a/A3yrroc09ap2g0rm/Photos/A3yrroc09ap2g0rm_1.jpg?639259279450000000,2026-09-28
Lyon 7ème (Rhône),550 €/mois,25 m² - Studio,"Proximité Université Lyon 3 231 grande rue de la Guillotière 69007 LYON. Proximité immédiate de la Manufacture des tabacs. Location T1 de 25 m² composé d'un séjour ouvert sur cuisine US équipée (frigo, plaques cuisson, hotte), salle d'eau avec meuble vasque, douche. Quartier commerçant, Proche Métro D Garibaldi Chauffage électrique collectif, Eau froide collective. Pour visiter merci de nous envoyer le dossier a l'adresse visible sur la dernière photo. Encadrement des loyers: loyer référence: 16.4euros/m2 et loyer majoré: 19.7euros/m2.",https://www.vizzit.fr/fr/property/appartement/lyon-7eme/A6m2katf3t86422m,https://lb1.vizzit.com/4239008a/A6m2katf3t86422m/Photos/A6m2katf3t86422m_1.jpg?639259274890000000,2026-09-28
Lyon 8ème (Rhône),620 €/mois,34 m² - Studio,"Quartier GRANGE BLANCHE 6 Rue professeur florence 69003 LYON - A deux pas du métro Grange Blanche. Appartement T1 de 34.77m2 comprenant une pièce a vivre avec coin cuisiné équipé, une salle d'eau, et un balcon. Proximité transports en commun, commerces et hôpitaux (Grange Blanche métro D, Tram T2, et nombreux bus). Eau froide collective, chauffage électrique individuel. Libre le 01 octobre 2026. Encadrement des loyers: Loyer de référence 17.2euros/m2 et loyer majoré: 20.6euros/m2 Merci de suivre les instructions sur la dernière photo.",https://www.vizzit.fr/fr/property/appartement/lyon-8eme/Aap1o44c3rhczwgp,https://lb1.vizzit.com/4239008a/Aap1o44c3rhczwgp/Photos/Aap1o44c3rhczwgp_1.jpg?639259263890000000,2026-09-28
Lyon 3ème (Rhône),1 390 €/mois,84 m² - 3 pièces - 2 chambres,"Référence 1608 - Disponible dès maintenant Appartement de type 3 de 84,70m² au 5ème étage avec ascenseur situé Rue Vendôme à Lyon 3ème. Il se compose d'un séjour, une cuisine équipée de plaques de cuissons électriques et hotte, deux chambres, deux salle de bains et WC. Un garage et une cave complètent le bien. Le chauffage et la production d'eau sont individuels. L'eau froide est comprise dans les charges. Zone soumise à encadrement des loyers Loyer de base : 1209 € Loyer de référence majoré (loyer de base à ne pas dépasser) : 1 €315,95 € Les informations sur les risques auxquels ce bien est exposé sont disponibles sur le site Géorisques: Les informations sur les risques auxquels ce bien est exposé sont disponibles sur le site Géorisques :",https://www.vizzit.fr/fr/property/appartement/lyon-3eme/Ahgv7md3wtnmvhqx,https://lb1.vizzit.com/69716a/Ahgv7md3wtnmvhqx/Photos/Ahgv7md3wtnmvhqx_1.jpg?639259215840000000,2026-09-28
Lyon 8ème (Rhône),773 €/mois,29 m² - Studio,"Studio meublé avec terrasse privative Studio meublé et équipé de 29 m2 au rez de chaussée - terrasse privative de 25 m2 - loyer toutes charges comprises inclus toutes consommations d'eau, d'électricité et chauffage - digicode et interphone - stationnement possible - calme et sécurisé - proximité de tous commerces et transports en communs. Honoraires locataire : 435 € Dont : - Visite, constitution du dossier, rédaction de bail : 348 € - Établissement état des lieux : 87 € Dépôt de garantie : 1400 € Location Meublée, Loyer 773 €/mois C.C, dont charges mensuelles : 73 € Référence annonce : 49a514d4cd Montant des charges : 73 € / mois",https://www.vizzit.fr/fr/property/appartement/lyon-8eme/Asghlcz2jl7gdzr4,https://lb1.vizzit.com/4234123a/Asghlcz2jl7gdzr4/Photos/Asghlcz2jl7gdzr4_1.jpg?639259214310000000,2026-09-28
Lyon 8ème (Rhône),990 €/mois,55 m² - 2 pièces - 1 chambre,"AU 16 BD JEAN XXIII 69008 venez découvrir ce T2 MEUBLE en rez de chaussée du bâtiment A au pied du TRAM T2 et du métro LIGNE D. Celui ci comprend une entrée, un séjour avec une cuisine ouverte, un dégagement, une salle de bains, un WC et une chambre en complément, un garage portant le numéro 147 premier sous-sol.Le chauffage est individuel électrique « Honoraires réduits de 20 % sur ce bien » La location pourra être déléguée à Foncia Développement et Location.",https://www.vizzit.fr/fr/property/appartement/lyon-8eme/Adgyka8lm8l6no64,https://lb1.vizzit.com/4185573a/Adgyka8lm8l6no64/Photos/Adgyka8lm8l6no64_1.jpg?639259207770000000,2026-09-28
Lyon 7ème (Rhône),600 €/mois,31 m² - 2 pièces - 1 chambre,"T2 – 31 m² – Lyon 7e Rue Elie Rochette Je loue mon T2 de 31 m² dans le 7e, immeuble propre avec gardien, quartier bien placé. Dans le salon il y a la cuisine ouverte avec meubles de rangement, four, plaque, hotte, frigo, lave-vaisselle et micro-ondes. Il y a aussi une table avec deux tabourets pour manger ou réviser et un canapé pour le coin salon avec tv sur meuble tv. À l'entrée grand placard avec portes miroir donc pas mal de rangement. La chambre est séparée avec lit double et armoire. Salle d'eau avec douche, lavabo miroir, WC et lave linge. Appartement simple, pratique, on s'y sent bien. Loyer : 600 € charges comprises. Dépôt de garantie: un mois de loyer",https://www.vizzit.fr/fr/property/appartement/lyon-7eme/Az1z4yycy7iuy8yf,https://lb1.vizzit.com/4055650a/Az1z4yycy7iuy8yf/Photos/Az1z4yycy7iuy8yf_1.jpg?639259202980000000,2026-09-28
Lyon 3ème (Rhône),1 240 €/mois,75 m² - 3 pièces - 2 chambres,"Appartement non meublé de 75 m² avec balcon et garage– Lyon 3e – Sans Souci / Dauphiné Plusse vous propose ce bel appartement non meublé de 75 m², situé au 10 rue Jean Renoir, dans le 3 € arrondissement de Lyon. Spacieux et lumineux, l'appartement offre une configuration particulièrement agréable avec deux grandes chambres à l'étage et un balcon de 6 m², idéal pour profiter d'un espace extérieur au quotidien. Le logement se compose : d'un espace de vie spacieux et lumineux donnant accès au balcon de 6 m² de deux grandes chambres à l'étage, dont une avec placard intégré d'une grande cuisine fonctionnelle offrant de nombreux rangements, équipée d'un four, de plaques de cuisson et d'une table de bar d'une salle de bains avec rangements de WC séparés. L'immeuble est équipé d'un ascenseur, il y a également un garage. Disponible immédiatement à compter du 24 septembre 2026. Situé dans le secteur Sans Souci – Dauphiné, l'appartement profite d'un environnement résidentiel agréable tout en restant à proximité immédiate de la Part-Dieu et des principaux pôles lyonnais. Le quartier dispose de nombreux commerces et services de proximité : boulangeries, supermarchés, pharmacies, restaurants et établissements scolaires. La rue du Dauphiné constitue notamment l'un des axes commerçants du secteur. Cette localisation permet ainsi de profiter d'un quartier calme et résidentiel tout en conservant un accès rapide au centre-ville, à la Part-Dieu et aux principaux pôles universitaires et professionnels. Transports : Le logement bénéficie d'une excellente desserte en transports en commun : Tramway T3 – Dauphiné–Lacassagne : environ 300 m, soit environ 4 minutes à pied. La ligne permet notamment de rejoindre directement la gare Part-Dieu Villette. Tramway T4 – Archives Départementales : environ 320 m, soit environ 4 à 5 minutes à pied, avec une liaison directe vers la Part-Dieu. Métro D – Sans Souci : environ 500 m, soit environ 7 minutes à pied. La ligne D permet de rejoindre rapidement Garibaldi, Saxe-Gambetta, Bellecour et le Vieux Lyon. Bus – arrêt Dauphiné–Lacassagne : environ 300 m, soit environ 4 minutes à pied. Plusieurs lignes desservent actuellement le secteur, notamment C9, C13, C16 et 125. Loyer, dépôt de garantie et honoraires Montant du loyer charges comprises : 1 240 € / mois Loyer hors charges : 1 130 € / mois Montant des charges : 110 € / mois, sous forme de provision pour charges. Charges incluses : eau chaude, chauffage, entretien des parties communes et taxe d'enlèvement des ordures ménagères. Charges non incluses : eau froide, électricité et internet. Dépôt de garantie : 1 130 € Honoraires à la charge du locataire : 975 € TTC, comprenant : 750 € TTC pour les visites, la constitution du dossier et la rédaction du bail 225 € TTC pour la réalisation de l'état des lieux. Logement situé dans une zone soumise à l'encadrement des loyers : Montant du loyer de référence majoré = 937.5€ Montant du loyer de base = 937.5€ / mois Montant éventuel du complément de loyer : 192.5€ / mois Performance énergétique Classement du logement en matière de performance énergétique : D : de 151 à 230 - D - 152 kWhEP/m².an Classement du logement en matière d'émissions de gaz à effet de serre : D : de 21 à 35 - D - 30 kg éqCO2/m².an Un appartement spacieux, lumineux et très bien desservi, bénéficiant d'un balcon et d'une configuration idéale pour profiter pleinement de la vie lyonnaise. À saisir rapidement ! Société PLUSSE SAS - Numéro SIRET : - Numéro RCS Lyon B 848 881 280",https://www.vizzit.fr/fr/property/appartement/lyon-3eme/Aludqzemghz1issw,https://lb1.vizzit.com/260059a/Aludqzemghz1issw/Photos/Aludqzemghz1issw_1.jpg?639259194030000000,2026-09-28
Lyon 7ème (Rhône),750 €/mois,43 m² - 1 pièce,"Nous vous précisons qu'une pré-étude de votre dossier sera effectuée avant l'organisation d'une visite sur place. Pour déposer votre dossier, rendez-vous directement sur notre site internet, sur la page de l'annonce via le bouton 'Déposer ma candidature sur Seventee'. 35, rue Béchevelin 69007 LYON - A quelques pas de la ligne T1 et du métro D (direct Bellecour) - Situé à proximité des quais du Rhône, venez découvrir ce bel appartement ce grand T1 de 43.82m2 très lumineux situé au 1er étage. Il se compose d'une entrée avec placard, une cuisine équipée (four, plaques, hotte, lave-vaisselle, réfrigérateur), une grande pièce à vivre avec coin nuit, une salle de bain avec WC et lave-linge. Disponible de suite. Eau froide individuelle. Eau chaude et chauffage individuels éléctrique. LOYER : 750EUR (comprenant 40EUR de provision pour charges mensuelles avec régularisation annuelle). Loyer de référence : 749.32EUR / Loyer de référence majoré : 898.31EUR. DÉPÔT DE GARANTIE : 710EUR. HONORAIRE CHARGE LOCATAIRE : 937.10EUR TTC (13.12EUR/m2) - dont état des lieux : 250.61EUR TTC (3.03EUR/m2).",https://www.vizzit.fr/fr/property/appartement/lyon-7eme/Aq8pthfdfqxo03yg,https://lb1.vizzit.com/1347852a/Aq8pthfdfqxo03yg/Photos/Aq8pthfdfqxo03yg_1.jpg?639259193940000000,2026-09-28
Lyon 7ème (Rhône),1 080 €/mois,68 m² - 3 pièces,"Au 53 rue de Gerland à Lyon 7e, venez découvrir cet agréable appartement T3, situé au 1er étage ,l’appartement se compose d’une pièce de vie avec accès à un balcon, d’une cuisine aménagée équipée d’une plaque de cuisson au gaz, de deux chambres, d’une salle de bains et de WC.Le logement bénéficie d’un chauffage au gaz.Un garage n° 207 (niveau - 2) vient compléter cette location. La location pourra être déléguée à Foncia Développement et Location.",https://www.vizzit.fr/fr/property/appartement/lyon-7eme/Aofz4k6sw0ecsego,https://lb1.vizzit.com/200592a/Aofz4k6sw0ecsego/Photos/Aofz4k6sw0ecsego_1.jpg?639259192760000000,2026-09-28
Lyon 7ème (Rhône),1 365 €/mois,140 m² - 5 pièces,"Metro SAXE GAMBETTA, nombreux commerces à proximité, dans un bel immeuble bourgeois, nous vous proposons un très beau T5, AVEC BEAUCOUP DE CACHET, il se compose d'une entrée, un séjour et une salle à manger en parquet donnant sur rue exposé OUEST, une suite parentale avec dressing et salle de bains, deux autres chambres sur cour, une salle d'eau, une cuisine indépendante, le chauffage est individuel au gaz.N'hésitez pas à déposer votre dossier sur La location pourra être déléguée à Foncia Développement et Location.",https://www.vizzit.fr/fr/property/appartement/lyon-7eme/As09lvj3ue5plodh,https://lb1.vizzit.com/200592a/As09lvj3ue5plodh/Photos/As09lvj3ue5plodh_1.jpg?639259192250000000,2026-09-28
Lyon 7ème (Rhône),785 €/mois,52 m² - 2 pièces,"VISITE VIRTUELLE UNIQUEMENT - Dans le 7ème arrondissement de Lyon, rue Pré Gaudry, à côté du métro B Place Jean Jaurès, dans un immeuble avec ascenseur, nous vous proposons un appartemment 2 pièces au 4ème étage dont les peintures viennent d'être refaite. Ce logement comprend un salon avec une cuisine non meublée semi ouverte, un balcon, une chambre avec un placard non équipé, une salle de bain et un wc séparé.Un garage en sous-sol complète ce bien. Le chauffage et l'eau chaude sont individuels au gaz.",https://www.vizzit.fr/fr/property/appartement/lyon-7eme/Aqax9k3ydfm4hcwz,https://lb1.vizzit.com/200592a/Aqax9k3ydfm4hcwz/Photos/Aqax9k3ydfm4hcwz_1.jpg?639259190560000000,2026-09-28
Lyon 8ème (Rhône),475 €/mois,23 m² - Studio,"Dans le dynamique 8ᵉ arrondissement de Lyon, ce charmant studio situé rue Challemel-Lacour avec les Transports en commun métro, tramway et bus, cafés, supermarchés.",https://www.vizzit.fr/fr/property/appartement/lyon-8eme/Ap2nosugcifo710v,https://lb1.vizzit.com/14576a/Ap2nosugcifo710v/Photos/Ap2nosugcifo710v_1.jpg?639259178760000000,2026-09-28
Lyon 7ème (Rhône),730 €/mois,28 m² - Studio,"Résidence LES BELLES LETTRES, Rue de Marseille LYON 07, proximité Universités Lyon II et Lyon III, au 3ème étage, studio meublé de 28.25 m² composé d'un coin kitchenette ouvert sur séjour, une mezzanine, une salle de bains et wc. Résidence située à proximité du centre ville, desservie par les bus, tramway et métros. Laverie dans la résidence. Loyer : 600 €, (Loyer de référence 20.20 euros/m2 et loyer de référence majoré 24.20 euros/m2) Charges mensuel : 130 € (comprenant l'eau froide, l'eau chaude, le chauffage, l'électricité ainsi que l'entretien des parties communes), Dépôt de garantie : 600 €, Honoraires à la charge du preneur en cas de baux loi du 6 juillet 1989 : 366.01 € (dont 85.11 € d'état des lieux) Disponible le",https://www.vizzit.fr/fr/property/appartement/lyon-7eme/Aamltsgndcg3nnp8,https://lb1.vizzit.com/230169a/Aamltsgndcg3nnp8/Photos/Aamltsgndcg3nnp8_1.jpg?639259164010000000,2026-09-28
Lyon 8ème (Rhône),763 €/mois,47 m² - 2 pièces - 1 chambre,"LYON 8EME, PROCHE MONPLAISIR, rue Berliet, vaste T2 d'environ 50m², au 8ème étage avec ascenseur, dans résidence calme, comprenant un séjour, une cuisine, une chambre, salle de bains et WC, balcon, cave et garage, TOUT INCLUS DANS LES CHARGES: eau froide + eau chaude + chauffage collectif, merci de poser votre dossier en ligne pour une visite.",https://www.vizzit.fr/fr/property/appartement/lyon-8eme/Apbctv50quwsrybp,https://lb1.vizzit.com/4117118a/Apbctv50quwsrybp/Photos/Apbctv50quwsrybp_1.jpg?639259162990000000,2026-09-28
Lyon 3ème (Rhône),581 €/mois,29 m² - 1 pièce,"Grange Blanche - Garage / Cave - Eau chaude et Chauffage compris - A 5min en transports des HOPITAUX GRANGE BLANCHE, proche Tram et commerces de proximité, dans cet agréable quartier vivant de Lyon, dans une charmante copropriété, venez découvrir ce beau type un en 1er étage. Il se compose d'une lumineuse pièce de vie, d'une cuisine indépendante, d'une salle de bains et d'un WC, et d'un grand placard dans l'entrée. Pour votre confort, vous disposez d'un garage et d'une cave. le chauffage et l'eau chaude sont compris dans les charges.Pour plus d'informations ou prévoir une visite, merci de déposer votre dossier de candidature en ligne en suivant le lien de l'annonce. Nous reviendrons vers vous dans les meilleurs délais.",https://www.vizzit.fr/fr/property/appartement/lyon-3eme/Aphboksww332mtl7,https://lb1.vizzit.com/4117118a/Aphboksww332mtl7/Photos/Aphboksww332mtl7_1.jpg?639259159190000000,2026-09-28
Lyon 3ème (Rhône),990 €/mois,54 m² - 2 pièces - 1 chambre,"Je loue ce meublé, un appartement de 2 pièces de 54 m² situé au 3ème étage à Lyon. Cet appartement bénéficie d'un ascenseur pour un accès facile. Cet appartement comprend 1 chambre avec grand placard mural et fenêtre et 1 salle de bain avec baignoire . La cuisine est équipée et offre un espace fonctionnel. 1 pièce à vivre avec clic-clac et mobilier , 1 wc indépendant de la salle de bain, L'appartement bénéficie d'une belle luminosité et d'une orientation sud, avec accès à un balcon. - Balcon - Cuisine équipée - Ascenseur - Interphone - Cave - Baignoire Chauffage électrique individuel. Classe énergie et classe climat non renseignées. Appartement disponible en octobre (2026). N'hésitez pas à me pour plus d'informations ou pour organiser une visite.",https://www.vizzit.fr/fr/property/appartement/lyon-3eme/Acwrqx35418gkjoz,https://lb1.vizzit.com/276804a/Acwrqx35418gkjoz/Photos/Acwrqx35418gkjoz_1.jpg?639259095490000000,2026-09-28
Lyon 7ème (Rhône),1 215 €/mois,54 m² - 3 pièces - 2 chambres,"Appartement 3 pièces meublé lumineux Ce magnifique appartement T3 de 54m2 est idéalement situé au cœur du dynamique 7ème arrondissement de Lyon. Cet emplacement offre une accessibilité remarquable : À moins de 5 minutes à pied de l'arrêt de métro Debourg, desservi par la ligne B. À moins de 2 minutes à pied de l'arrêt de Tram Debourg, desservi par les lignes T1 & T6. Proximité immédiate de plusieurs lignes de bus, dont les lignes 34, 60 et 64. À quelques pas des stations Vélo'v pour des déplacements écologiques et pratiques. Dès l'entrée, vous serez séduit par l'espace généreux et fonctionnel de cet appartement. Un grand placard intégré facilite l'organisation de vos effets personnels au quotidien. La salle de bain, équipée d'une baignoire, d'un meuble vasque et d'une machine à laver, garantit votre confort. De plus, un WC séparé ajoute à votre commodité. La pièce de vie, lumineuse et conviviale, comprend un espace salon soigneusement aménagé, avec un confortable canapé, une table basse et un meuble TV. La cuisine ouverte, entièrement équipée, vous permet de préparer vos repas avec aisance. Vous y trouverez des plaques de cuisson, un réfrigérateur, un four, un lave-vaisselle, une bouilloire, un micro-ondes, ainsi que de nombreux rangements, une table et des chaises pour vos moments de convivialité. Les deux chambres séparées offrent une intimité optimale. Chacune est équipée d'un lit double, d'une table de chevet et de rangements pour vos vêtements. Le Plus : la chambre 2 bénéficie de son propre dressing privatif, offrant un espace supplémentaire pour organiser vos effets personnels ! Honoraires locataire : 810 € Dont : - Visite, constitution du dossier, rédaction de bail : 648 € - Établissement état des lieux : 162 € Dépôt de garantie : 1080 € Location Vide, Loyer 1215 €/mois C.C, dont charges mensuelles : 135 € Référence annonce : cb6e6577ee5a4e07be98 Montant des charges : 135 € / mois",https://www.vizzit.fr/fr/property/appartement/lyon-7eme/A723diuc1z6pysrs,https://lb1.vizzit.com/4234123a/A723diuc1z6pysrs/Photos/A723diuc1z6pysrs_1.jpg?639259094660000000,2026-09-28
Lyon 8ème (Rhône),755 €/mois,57 m² - 2 pièces,"18 AVENUE ROCKFELLER - 69008Au 9ème étage d'un immeuble équipé d'un ascenseur, cet appartement traversant de deux pièces séduit par sa luminosité et son agencement fonctionnel. Le séjour s'ouvre sur un balcon offrant une belle vue dégagée. La cuisine, indépendante, complète cet espace de vie, tandis que la chambre bénéficie d'une salle de bains attenante, pour un confort optimal au quotidien.Le chauffage et l'eau chaude sont individuels et électriques, l'eau froide étant collective. Une cave est également louée avec l'appartement. La location pourra être déléguée à Foncia Développement et Location.",https://www.vizzit.fr/fr/property/appartement/lyon-8eme/Axd634xxaq71tpos,https://lb1.vizzit.com/4185573a/Axd634xxaq71tpos/Photos/Axd634xxaq71tpos_1.jpg?639259194640000000,2026-09-28
Lyon 8ème (Rhône),1 200 €/mois,38 m² - 2 pièces - 1 chambre,"Appartement meublé T2 de 38 m² idéal pour un couple. Parfaitement agencé avec terrasse de 50m2 sans vis à vis sur la rue. Les + : - Garage fermé avec accès ascenseur - Accès immédiat tram T2 + tram T4 - Accès métro sans soucis 10 min à pieds - Intermarché à 100m - 2 locaux à vélo dans l’immeuble - Construction récente (eau froide et chauffage dans les charges de copro faibles conso) - Très bonne ambiance sur la copro (fête des voisins, groupe WhatsApp…) - Cuisine équipée et séparée Classe énergie C - Classe climat B. Disponible de suite. N'hésitez pas à me pour plus d'informations ou pour organiser une visite.",https://www.vizzit.fr/fr/property/appartement/lyon-8eme/Aqarustyausw3s29,https://lb1.vizzit.com/276804a/Aqarustyausw3s29/Photos/Aqarustyausw3s29_1.jpg?639259094530000000,2026-09-28
Lyon 3ème (Rhône),920 €/mois,38 m² - 2 pièces,"Appartement de 38 m2 à louer sur Lyon Loue T2 meublé de 38m2 avec terrasse de 20m2 et un garage box (13m2) en sous sol. A 2 minutes à pieds de l'arrêt de tram Dauphiné-Lacassagne (tram T3), accès Part-Dieu en 5 minutes. Résidence sécurisée de 2007, rue de la Ruche. Appartement situé au rez-de-chaussée donnant sur la cour intérieure et composé de: Une cuisine équipée: frigo, congélateur, lave vaisselle, plaques induction, machine à laver, hotte, micro-onde/grill et plusieurs placards. Un salon avec sa table, 4 chaises, le meuble et le canapé. Baie vitrée avec volet roulant électrique. Une salle de bain avec douche et toilette. Une chambre séparée par une verrière, comprenant un dressing donnant sur la terrasse grâce à une porte vitrée et volet roulant électrique. Une terrasse jardin, privé, au calme, entretenue par la copropriété (tonte et taille). Un garage type box, situé au sous sol, sécurisé avec un accès par portail et badge. L'appartement est loué avec la vaisselle, la literie, le mobilier nécessaire à la location meublée. Chauffage électrique récent. Le loyer est de 830€ plus 90€ de charge. (eau, ordures ménagères, entretient espace vert...) Dépôt de garanti correspondant à 2 loyers hors charges. Chercher un logement, c'est l'enfer, alors on a créé 123 Loger pour vous simplifier la vie. Combien ça coûte ? Vous réglez le pass de 34 euros (29 euros pour les étudiants). Le pass est mensuel, votre profil reste actif tant que vous restez abonné-e. Sans engagement, vous pouvez vous désabonner très facilement. Nous offrons une garantie satisfait-e ou remboursé-e pendant 1 mois. Comment ça marche ? Sur 123 Loger, ce sont les propriétaires qui contactent les locataires et ça change tout. 1- Vous définissez vos critères : villes, surface, budget, etc 2- Vous décrivez votre profil locataire : CDI, étudiant, indépendant, revenus, garant, etc… Une fois pour toute ! 3- Les propriétaires consultent votre profil et vous contactent directement. À bientôt sur 123 Loger.",https://www.vizzit.fr/fr/property/appartement/lyon-3eme/A6zaio82yvmlqlgd,https://lb1.vizzit.com/4237311a/A6zaio82yvmlqlgd/Photos/A6zaio82yvmlqlgd_1.jpg?639259094500000000,2026-09-28
Lyon 3ème (Rhône),1 465 €/mois,74 m² - 3 pièces - 2 chambres,"Appartement 3 pièces meublé balcon garage Proche du métro Grange Blanche et à quelques arrêts de Tram de Part Dieu, secteur très prisé de Montchat, quartier aux allures de petit village, un appartement de type 3 meublé avec beaucoup de goût et de finesse. Il comprend un séjour avec cuisine US équipée et aménagée donnant sur un balcon, une chambre avec un lit gigogne et un bureau, une deuxième chambre avec un lit double, une salle d'eau contemporaine. Vous disposerez également d'un garage en sous-sol. Honoraires locataire : 1110 € Dont : - Visite, constitution du dossier, rédaction de bail : 888 € - Établissement état des lieux : 222 € Dépôt de garantie : 1280 € Location Vide, Loyer 1465 €/mois C.C, dont charges mensuelles : 185 € Référence annonce : d9bab Montant des charges : 185 € / mois",https://www.vizzit.fr/fr/property/appartement/lyon-3eme/Amh684ycdvwpurzc,https://lb1.vizzit.com/4234123a/Amh684ycdvwpurzc/Photos/Amh684ycdvwpurzc_1.jpg?639259094380000000,2026-09-28
Lyon 8ème (Rhône),1 070 €/mois,77 m² - 3 pièces - 2 chambres,"Appartement AVENUE PAUL SANTY - Situé au 4ème étage avec ascenseur d'une résidence bien entretenue, découvrez ce spacieux appartement de type 3 d'une superficie de 77,73 m² offrant de beaux volumes et un agencement fonctionnel. Il se compose d'une entrée avec dressing, d'une grande cuisine indépendante aménagée ouvrant sur un balcon, d'un séjour lumineux bénéficiant également d'un accès au balcon, de deux chambres dont une avec placard intégré, d'une salle de bains ainsi que d'un WC indépendant. Une cave complète le bien + Parking collectif au sein de la résidence. À proximité immédiate des commerces, des transports en commun et de l'ensemble des commodités du secteur. Disponible immédiatement. Charges récupérables: communs, chauffage, eau froide, taxe d'ordures ménagères. Loyer de 1 070,00 euros par mois charges comprises dont 170,00 euros par mois de provision pour charges (soumis à la régularisation annuelle). Les honoraires charge locataire sont de 1 010,49 euros ( soit 13,00 euros/m² ) dont 233,19 euros pour état des lieux ( soit 3,00 euros/m² ). Montant estimé des dépenses annuelles d'énergie pour un usage standard : entre 970 et 1 350 euros. Prix moyens des énergies indexés en 2023. Référence annonce : GES Date de réalisation du diagnostic : Honoraires à la charge du locataire : 1010 € TTC dont 233 € pour l’état des lieux Dépôt de garantie : 900 € Montant des charges : 170 € / mois Montant estimé des dépenses annuelles d'énergie pour un usage standard : entre 970 € et 1 350 € sur les années 2021, 2022 et 2023 (abonnements compris).",https://www.vizzit.fr/fr/property/appartement/lyon-8eme/Ad2h2x5xdlxtfb7m,https://lb1.vizzit.com/4243647a/Ad2h2x5xdlxtfb7m/Photos/Ad2h2x5xdlxtfb7m_1.jpg?639259093780000000,2026-09-28
Lyon 3ème (Rhône),1 450 €/mois,76 m² - 3 pièces - 2 chambres,"Appartement lumineux de 76 m², entièrement rénové, avec 2 chambres, balcon exposé Sud, parking en sous sol et cave. Situé 99 avenue Félix Faure – Lyon 3, à 5 minutes à pied du métro Garibaldi et de la gare Part Dieu. Tous les commerces essentiels sont à moins de 50 m (Auchan, boulangerie, pharmacie). Appartement situé au 1er étage avec ascenseur Description du bien: Entrée avec placard aménagé Cuisine séparée (10 m²) entièrement équipée avec électroménager neuf : lave vaisselle, plaque induction, four, réfrigérateur congélateur, micro ondes + vaisselle et ustensiles complets Séjour spacieux (25 m²) avec parquet, coin TV, canapé, rangements, ouvrant sur un balcon plein Sud de 8 m² Chambre 1 (13,5 m²) : lit double 160×200, armoire, commode + literie complète fournie Chambre 2 (12 m²) : lit double 140×200, armoire, commode + literie complète fournie Salle de bain avec baignoire et machine à laver - WC séparés Place de parking en sous sol + Cave privative de 4 m² Informations complémentaires Chauffage collectif et eau chaude collective (inclus dans les charges) Diagnostics : DPE D / GES D Loyer & conditions Loyer hors charges : 1 250 € / mois Charges forfaitaires : 200 € / mois (chauffage + eau chaude + eau froide) Loyer total : 1 450€ / mois Dépôt de garantie : 2400 € Références loyers : Loyer de base : 1 033,60 € Loyer de référence majoré : 1 250 € Non inclus : abonnement EDF et internet Plus de photos + video sur demande. Disponible au . Contact par mail pour visite et photos complémentaires.",https://www.vizzit.fr/fr/property/appartement/lyon-3eme/Am63mcvgdw5ldnia,https://lb1.vizzit.com/276804a/Am63mcvgdw5ldnia/Photos/Am63mcvgdw5ldnia_1.jpg?639259093760000000,2026-09-28
Lyon 7ème (Rhône),590 €/mois,22 m² - Studio,"A louer Studio, sis 25 rue Michel Felizat 69007 Lyon, à 2 pas du métro ligne B, arrêt place Jean Jaurès. En bas du logement, supermarché Auchan, boulangerie.... Disponible immédiatement Immeuble de 2021 Kitchenette équipée avec frigo, hotte et plaques électriques salle de bain, avec douche et sèche serviette bris soleil cave sécurisée avec le logement, permettant de ranger un vélo ou autre Loyer 590€ ( charges comprises : chauffage et eau inclus ) caution 525€ garant obligatoire honoraires agence 310€ ( 260€ honoraires+50€ frais état des lieux )",https://www.vizzit.fr/fr/property/appartement/lyon-7eme/A6wcsap48nf4c0ea,https://lb1.vizzit.com/4248911a/A6wcsap48nf4c0ea/Photos/A6wcsap48nf4c0ea_1.jpg?639259093760000000,2026-09-28
Lyon 7ème (Rhône),924 €/mois,42 m² - 2 pièces - 1 chambre,"T2 Meublé d'exception - Lyon 7ème - Résidence récente au calme Découvrez ce superbe appartement de type 2, situé rue Félix Brun, dans une résidence arborée et sécurisée construite en 2020. Entièrement meublé, cet appartement se distingue par son agencement optimisé : une entrée accueillante s'ouvrant sur un salon lumineux prolongé par une cuisine moderne, aménagée et équipée. Vous profiterez d'une belle chambre, d'une salle d'eau fonctionnelle avec WC, et surtout d'un balcon privatif pour vos moments de détente. Un stationnement en sous-sol complète ce bien. Idéalement situé dans le 7ème arrondissement, vous bénéficiez d'un environnement privilégié à proximité immédiate de la place Jean Jaurès et de Jean Macé. Tout est accessible en quelques minutes : commerces, boulangeries, restaurants, mairie, transports (métro) et les agréables promenades des quais du Rhône. Loyer : 855,11 euros HC + 69,08 euros de charges Dépôt de garantie : 1 710,22 euros Honoraires d'agence : 520 euros (dont 400 euros pour la constitution du dossier, visite et bail / 120 euros pour l'état des lieux) DPE : B Disponibilité : 15 octobre 2026 Zone soumis à l'encadrement des loyers Loyer de Référence: 16.40 Loyer Majoré: 19.70 N'hésitez pas à nous pour plus d'informations ou pour organiser une visite. Votre dossier locataire : Démarquez vous et mettez toutes les chances de votre côté, merci d'utiliser DossierFacile () pour constituer et nous envoyer votre dossier locataire, c'est un service gratuit du gouvernement qui aide les locataires à constituer un Dossier unique, complet et sécurisé afin de le partager simplement aux Propriétaires et Agences.",https://www.vizzit.fr/fr/property/appartement/lyon-7eme/Axzzclutycq19bjy,https://lb1.vizzit.com/71737a/Axzzclutycq19bjy/Photos/Axzzclutycq19bjy_1.jpg?639259196590000000,2026-09-28
Lyon 7ème (Rhône),2 418 €/mois,93 m² - 4 pièces - 3 chambres,"Bienvenue chez FONFON, un eblouissant duplex 4 pièces et sa terrasse de plus de 80 m2 en dernier étage d'un immeuble très récent. FONFON est à proximité de toutes les commodités au 46 Allée de Fontenay. Il se compose d'un grand séjour/cuisine, 3 chambres spécieuses, une salle de bains, une salle d'eau et de nombreux exteireurs aménageables. Et c'est pas tout ! Un grand garage double est proposé avec FONFON. FONFON détient également une grande terrasse de 80 m2 au dernier étage, avec une vue sur tout Lyon et notamment Fourvière. What else comme dirait Georges ? Vivez la dolce vita avec FONFON en plein coeur du 7ème Arrondissement. Découvrez le d'ores et déjà en visite virtuelle sur note site internet. DPE A - chauffage individuel éléctrique Bien concerné par l'enacdrement des loyers en vigeur sur Lyon et Villeurbanne. Loyer de référence moyen : 1 205,76 € (12,90€/m2) Loyer de référence majoré : 1 448,79 € (15,50€/m2) Loyer : 1 448,79 €/mois Complément de loyer: 859,26 € (justifié par la présence d'un rooftop de 80 m2 et d'un garage double). Provisions sur charge avec régularisation annuelle incluant la taxe d'ordure ménagère: 110 € Loyer CC: 2 418,05 € Dépôt de garantie : 4 616,1 € Honoraires d'agence : 1 216,8 € TTC Déposez préalablement votre dossier de candidature au lien suivant pour réaliser une visite! Agence immobilière enregistrée RCP de Lyon sous le N° 895 305 621 N° Carte professionnelle N° 000 060.",https://www.vizzit.fr/fr/property/appartement/lyon-7eme/Adrfbiv2smw76h43,https://lb1.vizzit.com/4242811a/Adrfbiv2smw76h43/Photos/Adrfbiv2smw76h43_1.jpg?639259171260000000,2026-09-28
Lyon 8ème (Rhône),650 €/mois,17 m² - Studio,"Location studio de 17,16 m2, au 2eme étage d’une petite copropriété située à Lyon 8 secteur Maison de la Danse/hôpital prive Jean Mermoz, entièrement neuf, meublé et équipé avec soin, libre de suite. DPE C. Eau froide collective, chauffage électrique et eau chaude individuelle par cumulus (neuf). Orientation Ouest, volet, fibre dans l’immeuble et prise dans l’appartement. Métro Grange blanche et fac de médecine Lyon Est à 12 min à pied. Dossier à fournir locataire: • CNI ou passeport • Carte d'étudiant ou certificat de scolarité pour l'année en cours ou alors Contrat de travail ou de stage (en fonction de la situation) • Le dernier ou avant-dernier avis d'imposition ou de non-imposition (ou celui du foyer fiscal de rattachement) • 3 derniers bulletins de salaires ou Justificatif de versement des indemnités de stage • 3dernierès quittances de loyer ou attestation de bon paiement des loyers de -3mois Documents à fournir pour la caution: • CNI ou passeport de la personne se portant caution • Acte de cautionnement solidaire • Dernier avis de taxe foncière • 1 document parmi les suivants (en fonction de la situation) :  Contrat de travail ou de stage ou, si nécessaire, attestation de l'employeur précisant l'emploi et la rémunération proposée, la date d'entrée en fonctions envisagée et si nécessaire la durée de la période d'essai  Copie de la carte professionnelle (profession libérale)  Copie du certificat d'identification de l'Insee: comportant les numéros d'identification (travailleur indépendant)  Extrait D1 original du registre des métiers de moins de 3 mois (artisan)  Extrait K ou K bis du registre du commerce et des sociétés de moins de 3 mois (entreprises commerciale)  Toute pièce récente attestant de l'activité professionnelle (autres cas) • 3 derniers bulletins de salaire • dernier avis d’imposition",https://www.vizzit.fr/fr/property/appartement/lyon-8eme/Apmtieye59j0qdlg,https://lb1.vizzit.com/276804a/Apmtieye59j0qdlg/Photos/Apmtieye59j0qdlg_1.jpg?639259089680000000,2026-09-28
Lyon 3ème (Rhône),986 €/mois,48 m² - 2 pièces - 1 chambre,"Référence 1624 - Disponible de suite Appartement de type 2 de 48.56m² au 4ème étage avec ascenseur situé cours Albert Thomas 69003 LYON. Le bien se compose d'un séjour donnant sur un balcon, une cuisine séparée aménagée et équipée ( four et hotte ), une chambre, une salle de bains et WC. Le chauffage, l'eau chaude sont collectifs au gaz. L'eau froide est collective. Une place de parking au sous-sol complète ce bien ( loyer de 89 euros par mois inclus ) Ainsi qu'une cave. Zone soumise à encadrement des loyers Loyer de base : 747€ Loyer de référence majoré (loyer de base à ne pas dépasser) : 776,96 € Les informations sur les risques auxquels ce bien est exposé sont disponibles sur le site Géorisques: Les informations sur les risques auxquels ce bien est exposé sont disponibles sur le site Géorisques :",https://www.vizzit.fr/fr/property/appartement/lyon-3eme/Aw2hj2bov170wjwl,https://lb1.vizzit.com/69716a/Aw2hj2bov170wjwl/Photos/Aw2hj2bov170wjwl_1.jpg?639259215090000000,2026-09-28
Lyon 3ème (Rhône),700 €/mois,27 m² - 2 pièces - 1 chambre,"Loue à effet du 1er Octobre 2026 , bel appartement de 27m2, 2pièces, meublé, entièrement rénové, petit immeuble avec cave, digicode, dans un quartier très calme, rez- de- chaussée surélevé , exposition ouest , sans vis-à-vis , très ensoleillé , sur jardin fleuri. Bien desservi. À proximité Métro D . Grange Blanche et tram T2. Proche facs, hôpitaux, tous commerces. Hall d’entrée. Chambre-séjour Cuisine toute équipée y compris lave- linge Cabinet de toilette et douche, WC indépendant, Chauffage électrique économique, connexion Internet Fibre dans les deux pièces VMC double vitrage . 650 € + forfait charges 50 € (hors EDF + EAU) Dossier à fournir lors de la visite pour locataire et 2 garants : Copie pièce d’identité recto verso, 3 derniers bulletins de salaire, dernier avis d’imposition, justificatif de domicile, quittance des 3 derniers mois de loyer",https://www.vizzit.fr/fr/property/appartement/lyon-3eme/A79uzu1e6fdu23gr,https://lb1.vizzit.com/276804a/A79uzu1e6fdu23gr/Photos/A79uzu1e6fdu23gr_1.jpg?639259088010000000,2026-09-28
Lyon 7ème (Rhône),1 080 €/mois,56 m² - 3 pièces,"Lumineux porte fenêtre dans séjour . Peu de dépenses chauffage. Partiellement meublé: réfrigérateur, machine à laver , table induction. 2 lits 140. Table et chaises séjour. Étagères dans chambres. Grand dressing.immeuble calme. Wc indépendant de sdb. Connexion internet.",https://www.vizzit.fr/fr/property/appartement/lyon-7eme/Aweyn7w3ilpg5k3x,https://lb1.vizzit.com/3236804a/Aweyn7w3ilpg5k3x/Photos/Aweyn7w3ilpg5k3x_1.jpg?639259071010000000,2026-09-28
Lyon 6ème (Rhône),1 300 €/mois,35 m² - 2 pièces,"5, RUE DE SEZE - 69006 LYON Les visites sont prévues le jeudi 8/06 de 15h30 à Caractéristiques du logement : Venez découvrir à proximité du métro Foch, ce charmant T1bis meublé de 35,65m2 situé au 3ème étage sans ascenseur. Dans un immeuble calme et sécurisé, cet appartement se compose d’un séjour avec cuisine ouverte entièrement aménagée et équipée (meubles hauts et bas, réfrigérateur/congélateur, plaque de cuisson, hotte, four, lave-linge). Vous retrouverez un espace nuit, fermé, avec placards de rangements et coin bureau. Une salle d'eau avec wc complète ce bien. Chauffage et eau en consommations électriques individuelles. Les charges mensuelles comprennent l'entretien des parties communes Encadrement des loyers : - Loyer hors charges : 1270,00€ Complément de loyer : 421,53€compris dans le loyer hors charges (justifié par une rénovation complète récente, d’une cuisine entièrement meublée et équipée et une mise à disposition de meuble et équipement supérieur au décret) Charges locatives : 30,00€ (comprenant l'entretien des parties communes) TOTAL MENSUEL : 1300,00€ Dépôt de garantie : 2540,00€ Montant de loyer de référence : 23,80 €/m2 Montant de loyer majoré : 23,80 €/m2 Frais de mise en location et d’état des lieux : Frais d'agence : 359,71€ Frais d'état des lieux : 108,02€ Pour déposer votre candidature : DOSSIER FACILE Un complément de loyer peut être appliqué au loyer de base pour des logements présentant des caractéristiques de localisation ou de confort le justifiant, par comparaison avec les logements de la même catégorie situés dans le même secteur géographique.",https://www.vizzit.fr/fr/property/appartement/lyon-6eme/Aat106pcyu04kivt,https://lb1.vizzit.com/4039902a/Aat106pcyu04kivt/Photos/Aat106pcyu04kivt_1.jpg?639258932040000000,2026-09-28
Lyon 7ème (Rhône),1 097 €/mois,68 m² - 3 pièces - 2 chambres,"SANS HONORAIRES. --Lyon 7. 49 boulevard Yves Farges. Devenez locataire de ce beau duplex T3 de 68 m2 au sein d'une résidence idéalement située. Ce logement se compose en rez-de-chaussée d'un séjour/cuisine (non équipée, non aménagée) de 28 m2, d'un toilette et placard, à l'étage, 2 chambres de 12 m2 et 11 m2 avec chacune un placard, d'une salle de bain avec WC. Un garage en sous sol complète ce bien. Eau froide individuelle. Eau chaude, chauffage et taxe d'enlèvement des ordures ménagères provisionnés dans les charges. Proche toutes commodités (métro Jean Jaurès à 7 min, gare Jean Macé à 12 min), écoles, commerces. Zone soumise à encadrement des loyers loyer de référence majoré : 1 026,80 euros loyer de base : 871,79 euros complément de loyer : 0,00 euros Référence à rappeler lors de nos échanges : Les informations sur les risques auxquels ce bien est exposé sont disponibles sur le site Géorisques : Logement Locatif Interm.",https://www.vizzit.fr/fr/property/appartement/lyon-7eme/A4w7nd22b3nfqw0j,https://lb1.vizzit.com/69107a/A4w7nd22b3nfqw0j/Photos/A4w7nd22b3nfqw0j_1.jpg?639250966440000000,2026-09-28
Lyon 8ème (Rhône),697 €/mois,42 m² - 2 pièces - 1 chambre,"Fiche Id-VIZ27732g : Lyon 8 / Secteur Hôpitaux tous transports à pied Métro et tram dans rue très calme 2 ème et dernier étage T2 de 42 m2 totalement rénové beaucoup de charme gde cuisine équipée séparée 1 chambre salle de bain avec baignoire Loyer 697 € Honoraires 546 € - Mentions légales : Loyer mensuel 697 Euros/mois (Pas de charge locative définie) - Honoraires à la charge du locataire : 546 Euros - Dépot de garantie : 697 Euros - DPE en cours - Affaire suivie par Mr Simon CORCHIA (Agent immobilier - Responsable) - Reseau Immo-Diffusion Francheville - Pour plus d'informations, contactez notre secrétariat (Appel gratuit ou prix d'une communication locale)",https://www.vizzit.fr/fr/property/appartement/lyon-8eme/Aeii3elm6eyen8mu,https://lb1.vizzit.com/1421552a/Aeii3elm6eyen8mu/Photos/Aeii3elm6eyen8mu_1.jpg?639262216710000000,2026-09-28
Lyon 8ème (Rhône),955 €/mois,31 m² - Studio,"A louer, un très bel appartement T1 BIS entièrement rénové et meublé de 32 m². Situé idéalement dans le quartier Monplaisir Lumière, à proximité de toutes les commodités. Cet appartement est situé au 1er étage d'un immeuble sécurisé. Il se compose d'un séjour lumineux avec canapé, table, bureau et grands placards de rangement, ainsi que d'un espace nuit avec une chambre. Une cuisine entièrement meublée et équipée ainsi qu'une salle d'eau avec machine à laver complètent le bien. Chauffage : Individuel électrique Eau froide : Individuelle Eau chaude : Individuelle LOYER : 855 € CHARGES : 100 € DISPONIBLE DE SUITE Loyer de référence : 19.9 € / m² Loyer de référence majoré : 23.9 € / m²",https://www.vizzit.fr/fr/property/appartement/lyon-8eme/Aivao2js6dbef6gx,https://lb1.vizzit.com/4042995a/Aivao2js6dbef6gx/Photos/Aivao2js6dbef6gx_1.jpg?639253482060000000,2026-09-28
Lyon 8ème (Rhône),650 €/mois,37 m² - 1 pièce,"A louer au RDC, un appartement T1 de 37.60 m² comprenant une entrée, un séjour avec alcôve, une cuisine, une salle de douche et un WC indépendant. Chauffage : Individuel électrique Eau chaude : Individuelle électrique Eau froide : Individuelle LOYER : 590 € CHARGES : 60 € DISPONIBLE A PARTIR DU Loyer de référence : 17.1 € /m² Loyer majoré : 20.5 € /m²",https://www.vizzit.fr/fr/property/appartement/lyon-8eme/Aok5r2la2v1ga91m,https://lb1.vizzit.com/4042995a/Aok5r2la2v1ga91m/Photos/Aok5r2la2v1ga91m_1.jpg?639253482060000000,2026-09-28
Lyon 8ème (Rhône),2 004 €/mois,118 m² - 4 pièces - 3 chambres,"T4 Meublé 118m² LYON 8. Situé au 1er étage d'un immeuble idéalement placé Avenue des Frères Lumière, à deux pas du métro D, ce superbe appartement meublé de 118 m² allie le charme de l'ancien et de beaux volumes. Il se compose d'une jolie entrée, d'une cuisine aménagée et entièrement équipée, d'un vaste séjour avec le cachet de l'ancien, d'une salle à manger, d'une salle de bains, de WC séparés, d'une première chambre avec dressing, d'une deuxième chambre ainsi que d'une grande troisième chambre. Une cave vient compléter ce bien. Disponible immédiatement Loyer de référence majoré (loyer de base à ne pas dépasser) : 1959€ loyer de base : 1959€ complément de loyer 0€",https://www.vizzit.fr/fr/property/appartement/lyon-8eme/Adakpbvlpug7gw9l,https://lb1.vizzit.com/239955a/Adakpbvlpug7gw9l/Photos/Adakpbvlpug7gw9l_1.jpg,2026-09-28
