Lieu,Prix,Details,Lien,DerniereVue,Lat,Lon
Lyon 7ème (Rhône),580 €/mois,32 m² - 1 pièce,https://www.vizzit.fr/fr/property/appartement/lyon-7eme/Apz2wcfetl9nceg0,2026-10-08,45.731387,4.828024
Lyon 2ème (Rhône),990 €/mois,59 m² - 2 pièces - 1 chambre,https://www.vizzit.fr/fr/property/appartement/lyon-2eme/Agdh8l4ee6hx4arv,2026-10-08,45.75317,4.829626
Lyon 3ème (Rhône),736 €/mois,38 m² - 2 pièces - 1 chambre,https://www.vizzit.fr/fr/property/appartement/lyon-3eme/A4mrjg779b2f1s7r,2026-10-08,45.747313,4.878272
Lyon 7ème (Rhône),1 670 €/mois,93 m² - 3 pièces - 2 chambres,https://www.vizzit.fr/fr/property/appartement/lyon-7eme/Aileqa5qducn7aym,2026-10-08,45.75381,4.845763
Lyon 2ème (Rhône),1 103 €/mois,66 m² - 3 pièces - 2 chambres,https://www.vizzit.fr/fr/property/appartement/lyon-2eme/Aw6bedzcmixalr4z,2026-10-08,45.747997,4.819371
Lyon 8ème (Rhône),1 464 €/mois,69 m² - 3 pièces - 2 chambres,https://www.vizzit.fr/fr/property/appartement/lyon-8eme/Apabsx0s8zav1whd,2026-10-08,45.739088,4.874192
Lyon 8ème (Rhône),1 240 €/mois,57 m² - 3 pièces,https://www.vizzit.fr/fr/property/appartement/lyon-8eme/A1ovlxat5mrzuhjb,2026-10-08,45.733676,4.852691
Lyon 7ème (Rhône),1 008 €/mois,95 m² - 4 pièces - 3 chambres,https://www.vizzit.fr/fr/property/appartement/lyon-7eme/Adryhsj7455fw3j3,2026-10-08,45.74622,4.85027
Lyon 3ème (Rhône),1 100 €/mois,52 m² - 2 pièces - 1 chambre,https://www.vizzit.fr/fr/property/appartement/lyon-3eme/Azp3yog73zzgxw9k,2026-10-08,45.74554,4.87734
Lyon 8ème (Rhône),864 €/mois,59 m² - 3 pièces - 2 chambres,https://www.vizzit.fr/fr/property/appartement/lyon-8eme/A17cs4pposup24br,2026-10-08,45.737575,4.867958
Lyon 7ème (Rhône),1 800 €/mois,65 m² - 3 pièces,https://www.vizzit.fr/fr/property/appartement/lyon-7eme/Au5n1wt6bpnya06a,2026-10-08,45.738613,4.82852
Lyon 8ème (Rhône),959 €/mois,60 m² - 2 pièces - 1 chambre,https://www.vizzit.fr/fr/property/appartement/lyon-8eme/Axfypoopw90x8xh1,2026-10-08,45.74418,4.8733
Lyon 8ème (Rhône),959 €/mois,39 m² - 2 pièces - 1 chambre,https://www.vizzit.fr/fr/property/appartement/lyon-8eme/A2av3q05x7smxiz7,2026-10-08,45.750589171083405,4.887049846487487
Lyon 8ème (Rhône),840 €/mois,36 m² - 1 pièce,https://www.vizzit.fr/fr/property/appartement/lyon-8eme/Atmbv91vg18ydj4p,2026-10-08,45.7426,4.86739
Lyon 7ème (Rhône),1 177 €/mois,67 m² - 3 pièces - 2 chambres,https://www.vizzit.fr/fr/property/appartement/lyon-7eme/A0y38ut846js959n,2026-10-08,45.74107,4.85059
Lyon 8ème (Rhône),844 €/mois,46 m² - 2 pièces - 1 chambre,https://www.vizzit.fr/fr/property/appartement/lyon-8eme/A0pe9c4eehji0j8k,2026-10-08,45.73501,4.88059
Lyon 7ème (Rhône),1 362 €/mois,80 m² - 3 pièces - 2 chambres,https://www.vizzit.fr/fr/property/appartement/lyon-7eme/A88m5c3zl0xjl640,2026-10-08,45.73323,4.8348
Lyon 8ème (Rhône),1 160 €/mois,79 m² - 3 pièces,https://www.vizzit.fr/fr/property/appartement/lyon-8eme/Ae2vlexhvckbe3r4,2026-10-08,45.72579,4.87022
Lyon 6ème (Rhône),690 €/mois,26 m² - 1 pièce,https://www.vizzit.fr/fr/property/appartement/lyon-6eme/A8fqls594dvaih22,2026-10-08,45.770101,4.857228
Lyon 6ème (Rhône),1 600 €/mois,40 m² - 2 pièces - 1 chambre,https://www.vizzit.fr/fr/property/appartement/lyon-6eme/A53dmczq3lq916be,2026-10-08,45.764977,4.847963
Lyon 8ème (Rhône),1 260 €/mois,69 m² - 3 pièces - 2 chambres,https://www.vizzit.fr/fr/property/appartement/lyon-8eme/Ayiettl049cq8v42,2026-10-08,45.73299,4.878
Lyon 8ème (Rhône),777 €/mois,42 m² - 2 pièces - 1 chambre,https://www.vizzit.fr/fr/property/appartement/lyon-8eme/Aucmty7fpi3izcug,2026-10-08,45.7342,4.87178
Lyon 3ème (Rhône),1 758 €/mois,93 m² - 4 pièces - 3 chambres,https://www.vizzit.fr/fr/property/appartement/lyon-3eme/Adziemsazo2obw5k,2026-10-08,45.75504,4.86462
Lyon 7ème (Rhône),590 €/mois,19 m² - Studio,https://www.vizzit.fr/fr/property/appartement/lyon-7eme/A0cq4eukswdiaffr,2026-10-08,45.73236,4.83464
Lyon 7ème (Rhône),495 €/mois,21 m² - Studio,https://www.vizzit.fr/fr/property/appartement/lyon-7eme/Asso25wp45wic7o2,2026-10-08,45.748843,4.848948
Lyon 8ème (Rhône),1 114 €/mois,73 m² - 3 pièces - 2 chambres,https://www.vizzit.fr/fr/property/appartement/lyon-8eme/A943es9tf78c9gzk,2026-10-08,45.742608,4.868427
Lyon 3ème (Rhône),1 070 €/mois,68 m² - 3 pièces - 2 chambres,https://www.vizzit.fr/fr/property/appartement/lyon-3eme/Avmfzdsy6rjsqv3s,2026-10-08,45.75405,4.85727
Lyon 8ème (Rhône),2 200 €/mois,125 m² - 8 pièces - 5 chambres,https://www.vizzit.fr/fr/property/appartement/lyon-8eme/Atk47w3rs2pdimrx,2026-10-08,45.73395,4.88467
Lyon 8ème (Rhône),725 €/mois,33 m² - 2 pièces - 1 chambre,https://www.vizzit.fr/fr/property/appartement/lyon-8eme/A8vcjwkai2fjt6ip,2026-10-08,45.72347,4.87738
Lyon 8ème (Rhône),860 €/mois,43 m² - 2 pièces - 1 chambre,https://www.vizzit.fr/fr/property/appartement/lyon-8eme/A03bt98g9bnsbjsl,2026-10-08,45.73126,4.87452
Lyon 7ème (Rhône),850 €/mois,53 m² - 2 pièces - 1 chambre,https://www.vizzit.fr/fr/property/appartement/lyon-7eme/Aio4j47svgtktp5i,2026-10-08,45.73706,4.82597
Lyon 8ème (Rhône),1 347 €/mois,64 m² - 3 pièces,https://www.vizzit.fr/fr/property/appartement/lyon-8eme/Az46hohests15q1b,2026-10-08,45.7343,4.88268
Lyon 7ème (Rhône),906 €/mois,46 m² - 2 pièces - 1 chambre,https://www.vizzit.fr/fr/property/appartement/lyon-7eme/A7x2q9syxywszu8q,2026-10-08,45.73618,4.83141
Lyon 2ème (Rhône),2 400 €/mois,93 m² - 4 pièces - 3 chambres,https://www.vizzit.fr/fr/property/appartement/lyon-2eme/Aywrju95rf3kw5ms,2026-10-08,45.77069062086341,4.827944982577855
Lyon 8ème (Rhône),705 €/mois,37 m² - Studio,https://www.vizzit.fr/fr/property/appartement/lyon-8eme/Az8grbvdyijy6qsk,2026-10-08,45.75094061689124,4.8786516429763775
Lyon 1er (Rhône),862 €/mois,67 m² - 3 pièces - 2 chambres,https://www.vizzit.fr/fr/property/appartement/lyon-1er/Aj7xm6685ox2vtty,2026-10-08,45.765707,4.833129
Lyon 4ème (Rhône),630 €/mois,32 m² - 1 pièce,https://www.vizzit.fr/fr/property/appartement/lyon-4eme/Adi7mhbd8k8jojzy,2026-10-08,45.775609,4.832195
Lyon 7ème (Rhône),1 228 €/mois,45 m² - 2 pièces - 1 chambre,https://www.vizzit.fr/fr/property/appartement/lyon-7eme/Aykfxzhh8yu326y9,2026-10-08,45.74053,4.83377
Lyon 7ème (Rhône),1 350 €/mois,64 m² - 2 pièces - 1 chambre,https://www.vizzit.fr/fr/property/appartement/lyon-7eme/Ape9mk7rv1l280hc,2026-10-08,45.72889,4.83803
Lyon 7ème (Rhône),1 522 €/mois,61 m² - 4 pièces - 3 chambres,https://www.vizzit.fr/fr/property/appartement/lyon-7eme/Ag934deqdvzt2gy0,2026-10-08,45.73159,4.8303
Lyon 7ème (Rhône),1 200 €/mois,54 m² - 3 pièces - 1 chambre,https://www.vizzit.fr/fr/property/appartement/lyon-7eme/Arm1hfdyvqsky266,2026-10-08,45.73609,4.83643
Lyon 8ème (Rhône),961 €/mois,62 m² - 3 pièces - 2 chambres,https://www.vizzit.fr/fr/property/appartement/lyon-8eme/Alzxzgypuenscjlz,2026-10-08,45.72941,4.86529
Lyon 8ème (Rhône),950 €/mois,44 m² - 2 pièces - 1 chambre,https://www.vizzit.fr/fr/property/immobilier/lyon-8eme/Ayt8xko7badw6m6q,2026-10-08,45.73658036731801,4.869578902019317
Lyon 7ème (Rhône),1 200 €/mois,68 m² - 3 pièces - 3 chambres,https://www.vizzit.fr/fr/property/appartement/lyon-7eme/Ackszo8kuepxgk1g,2026-10-08,45.72468,4.82634
Lyon 7ème (Rhône),1 400 €/mois,80 m² - 4 pièces - 3 chambres,https://www.vizzit.fr/fr/property/appartement/lyon-7eme/Akt2yajkxb000hhu,2026-10-08,45.75447,4.84495
Lyon 8ème (Rhône),864 €/mois,45 m² - 2 pièces - 1 chambre,https://www.vizzit.fr/fr/property/appartement/lyon-8eme/Ag7zlhy8umh4vjf7,2026-10-08,45.732209,4.859157
Lyon 3ème (Rhône),1 553 €/mois,110 m² - 4 pièces,https://www.vizzit.fr/fr/property/appartement/lyon-3eme/A7y7gyszbdo1uz8x,2026-10-08,45.75402,4.85885
Lyon 8ème (Rhône),1 255 €/mois,74 m² - 4 pièces,https://www.vizzit.fr/fr/property/appartement/lyon-8eme/Adsk5m22anfvsvx2,2026-10-08,45.74975753877265,4.884937319946989
Lyon 3ème (Rhône),540 €/mois,27 m² - 1 pièce,https://www.vizzit.fr/fr/property/appartement/lyon-3eme/Agzroqc71dt78gdd,2026-10-08,45.755981,4.845207
Lyon 3ème (Rhône),897 €/mois,44 m² - 2 pièces - 1 chambre,https://www.vizzit.fr/fr/property/appartement/lyon-3eme/A9f5hesic6ur5dld,2026-10-08,45.759641,4.849418
Lyon 9ème (Rhône),677 €/mois,39 m² - 2 pièces - 1 chambre,https://www.vizzit.fr/fr/property/appartement/lyon-9eme/Abs01j2p15xhufkc,2026-10-08,45.774577,4.803612
Lyon 6ème (Rhône),3 100 €/mois,209 m² - 5 pièces - 4 chambres,https://www.vizzit.fr/fr/property/appartement/lyon-6eme/Ajykall8wj8jtd28,2026-10-08,45.772063,4.855023
Lyon 8ème (Rhône),1 050 €/mois,55 m² - 2 pièces - 1 chambre,https://www.vizzit.fr/fr/property/appartement/lyon-8eme/Ad5okmioldnkb615,2026-10-08,45.7412,4.86279
Lyon 8ème (Rhône),1 050 €/mois,57 m² - 3 pièces - 2 chambres,https://www.vizzit.fr/fr/property/appartement/lyon-8eme/Atrg1ale3qwe82wv,2026-10-08,45.73639,4.86803
Lyon 7ème (Rhône),580 €/mois,15 m² - 4 pièces - 3 chambres,https://www.vizzit.fr/fr/property/appartement/lyon-7eme/Ajrrhidtrym2dcmy,2026-10-08,45.74734,4.84391
Lyon 8ème (Rhône),975 €/mois,51 m² - 3 pièces - 1 chambre,https://www.vizzit.fr/fr/property/appartement/lyon-8eme/Apwckh30pnllumgs,2026-10-08,45.73919,4.87886
Lyon 8ème (Rhône),1 390 €/mois,87 m² - 7 pièces - 3 chambres,https://www.vizzit.fr/fr/property/appartement/lyon-8eme/A3xka00h1omq2xpe,2026-10-08,45.73622,4.85639
Lyon 7ème (Rhône),1 560 €/mois,18 m² - Studio,https://www.vizzit.fr/fr/property/appartement/lyon-7eme/A0r7enuwsdsbvvnu,2026-10-08,45.73785,4.83793
Lyon 8ème (Rhône),1 635 €/mois,87 m² - 4 pièces - 3 chambres,https://www.vizzit.fr/fr/property/appartement/lyon-8eme/A37jzvo1vpfk7mnu,2026-10-08,45.73491,4.87247
Lyon 7ème (Rhône),900 €/mois,50 m² - 2 pièces - 1 chambre,https://www.vizzit.fr/fr/property/appartement/lyon-7eme/Ads55zhfouwxvhpp,2026-10-08,45.75351,4.84542
Lyon 8ème (Rhône),1 184 €/mois,66 m² - 4 pièces - 2 chambres,https://www.vizzit.fr/fr/property/appartement/lyon-8eme/Ae6kvlbauxgexq9z,2026-10-08,45.738282,4.883014
Lyon 8ème (Rhône),700 €/mois,25 m² - 1 pièce,https://www.vizzit.fr/fr/property/appartement/lyon-8eme/Azbf5uiqlplxw3x8,2026-10-08,45.72443,4.8848
Lyon 2ème (Rhône),1 890 €/mois,146 m² - 5 pièces - 4 chambres,https://www.vizzit.fr/fr/property/appartement/lyon-2eme/Asig77xt1jr5tkkx,2026-10-08,45.755953,4.830902
Lyon 3ème (Rhône),488 €/mois,26 m² - 1 pièce,https://www.vizzit.fr/fr/property/appartement/lyon-3eme/Atnuuzcd2vi7upqh,2026-10-08,45.747205,4.886521
Lyon 3ème (Rhône),748 €/mois,39 m² - 2 pièces - 1 chambre,https://www.vizzit.fr/fr/property/appartement/lyon-3eme/A5jor4w8dpogcwvn,2026-10-08,45.75467,4.86831
Lyon 3ème (Rhône),890 €/mois,35 m² - Studio,https://www.vizzit.fr/fr/property/appartement/lyon-3eme/Am46s69ekvk10pbb,2026-10-08,45.74944,4.87455
Lyon 3ème (Rhône),920 €/mois,50 m² - 2 pièces - 1 chambre,https://www.vizzit.fr/fr/property/appartement/lyon-3eme/Ah73sc75yrs7g4fo,2026-10-08,45.74739,4.8745
Lyon 3ème (Rhône),1 374 €/mois,51 m² - 3 pièces - 2 chambres,https://www.vizzit.fr/fr/property/appartement/lyon-3eme/Agicv9ggniqp1e6n,2026-10-08,45.754361,4.87067
Lyon 7ème (Rhône),650 €/mois,40 m² - 2 pièces,https://www.vizzit.fr/fr/property/appartement/lyon-7eme/Ajkr15crdi1ea6oa,2026-10-08,45.72593,4.82397
Lyon 3ème (Rhône),1 530 €/mois,80 m² - 3 pièces - 2 chambres,https://www.vizzit.fr/fr/property/appartement/lyon-3eme/Ammsh9szk52eduka,2026-10-08,45.760048547435055,4.854296648353983
Lyon 8ème (Rhône),830 €/mois,43 m² - Studio,https://www.vizzit.fr/fr/property/appartement/lyon-8eme/Aw72dictce39p5fj,2026-10-08,45.7342,4.86936
Lyon 3ème (Rhône),1 120 €/mois,35 m² - 2 pièces - 1 chambre,https://www.vizzit.fr/fr/property/appartement/lyon-3eme/Ai22lezhf6gd4amx,2026-10-08,45.74795,4.86465
Lyon 3ème (Rhône),1 800 €/mois,80 m² - 3 pièces - 2 chambres,https://www.vizzit.fr/fr/property/appartement/lyon-3eme/Al2ts9im1169qnhp,2026-10-08,45.74868,4.88407
Lyon 8ème (Rhône),691 €/mois,41 m² - 2 pièces - 1 chambre,https://www.vizzit.fr/fr/property/appartement/lyon-8eme/A8d4dveqpyailviz,2026-10-08,45.73549,4.865845
Lyon 8ème (Rhône),850 €/mois,15 m² - Studio,https://www.vizzit.fr/fr/property/appartement/lyon-8eme/Ahcbs8ok1qx482xs,2026-10-08,45.7388,4.8613
Lyon 7ème (Rhône),950 €/mois,44 m² - 2 pièces - 1 chambre,https://www.vizzit.fr/fr/property/appartement/lyon-7eme/Apk0lwqzze4b3z00,2026-10-08,45.74297,4.84955
Lyon 8ème (Rhône),1 154 €/mois,47 m² - 3 pièces - 2 chambres,https://www.vizzit.fr/fr/property/appartement/lyon-8eme/A3z10vxte9p100lc,2026-10-08,45.74291,4.86272
Lyon 8ème (Rhône),1 176 €/mois,85 m² - 4 pièces - 2 chambres,https://www.vizzit.fr/fr/property/appartement/lyon-8eme/A5x3i45bgkscw58p,2026-10-08,45.733337,4.854067
Lyon 8ème (Rhône),980 €/mois,57 m² - 3 pièces - 2 chambres,https://www.vizzit.fr/fr/property/appartement/lyon-8eme/Amtzn1we7cp13vsl,2026-10-08,45.74069,4.87473
Lyon 6ème (Rhône),1 510 €/mois,90 m² - 5 pièces - 4 chambres,https://www.vizzit.fr/fr/property/appartement/lyon-6eme/Ac1552v88dzbxci5,2026-10-08,45.768357,4.852469
Lyon 3ème (Rhône),945 €/mois,59 m² - 3 pièces,https://www.vizzit.fr/fr/property/appartement/lyon-3eme/Aslgwygnetjbwu5b,2026-10-08,45.75307,4.8686
Lyon 7ème (Rhône),1 200 €/mois,60 m² - 2 pièces - 1 chambre,https://www.vizzit.fr/fr/property/appartement/lyon-7eme/Axpwbxpehpat91q1,2026-10-08,45.75276,4.85027
Lyon 7ème (Rhône),1 000 €/mois,54 m² - 2 pièces - 1 chambre,https://www.vizzit.fr/fr/property/appartement/lyon-7eme/Azsr8u40pgdrggcf,2026-10-08,45.746853,4.846906
Lyon 8ème (Rhône),664 €/mois,33 m² - 2 pièces - 1 chambre,https://www.vizzit.fr/fr/property/appartement/lyon-8eme/As4my84hsmgvozg2,2026-10-08,45.74216,4.86504
Lyon 8ème (Rhône),1 003 €/mois,57 m² - 3 pièces - 2 chambres,https://www.vizzit.fr/fr/property/appartement/lyon-8eme/Aq00ebrion5vbzde,2026-10-08,45.734909,4.857295
Lyon 8ème (Rhône),1 003 €/mois,58 m² - 3 pièces,https://www.vizzit.fr/fr/property/appartement/lyon-8eme/Avvs37oekpnttcga,2026-10-08,45.73635,4.86213
Lyon 8ème (Rhône),850 €/mois,39 m² - 2 pièces - 1 chambre,https://www.vizzit.fr/fr/property/appartement/lyon-8eme/Ax6gid8mgn8626ko,2026-10-08,45.72733,4.87854
Lyon 7ème (Rhône),1 085 €/mois,62 m² - 2 pièces - 2 chambres,https://www.vizzit.fr/fr/property/appartement/lyon-7eme/A77z8af2ozwst2us,2026-10-08,45.74591,4.85369
Lyon 3ème (Rhône),680 €/mois,30 m² - Studio,https://www.vizzit.fr/fr/property/appartement/lyon-3eme/Ae7qjjamwcd4fs5h,2026-10-08,45.75423,4.86476
Lyon 3ème (Rhône),2 850 €/mois,160 m² - 600 m² de terrain - 4 pièces,https://www.vizzit.fr/fr/property/immobilier/lyon-3eme/A12j99l2edgfzsyw,2026-10-08,45.74279,4.8903
Lyon 8ème (Rhône),741 €/mois,41 m² - 2 pièces - 1 chambre,https://www.vizzit.fr/fr/property/appartement/lyon-8eme/Anpur8kz0a6bflns,2026-10-08,45.733676,4.852691
Lyon 3ème (Rhône),959 €/mois,89 m² - 3 pièces - 2 chambres,https://www.vizzit.fr/fr/property/appartement/lyon-3eme/A4zxe4dvd59r5udo,2026-10-08,45.75179,4.87727
Lyon 7ème (Rhône),3 500 €/mois,106 m² - 5 pièces - 4 chambres,https://www.vizzit.fr/fr/property/appartement/lyon-7eme/Agom37nojo01mz7t,2026-10-08,45.740713,4.833551
Lyon 3ème (Rhône),835 €/mois,45 m² - 2 pièces - 1 chambre,https://www.vizzit.fr/fr/property/appartement/lyon-3eme/Ag0533nk396dg0oc,2026-10-08,45.7506,4.88806
Lyon 3ème (Rhône),1 345 €/mois,61 m² - 3 pièces,https://www.vizzit.fr/fr/property/appartement/lyon-3eme/A0jch3ttxu6jmclf,2026-10-08,45.7482,4.888
Lyon 3ème (Rhône),1 012 €/mois,53 m² - 2 pièces,https://www.vizzit.fr/fr/property/appartement/lyon-3eme/Aeyl8g4ehffalvix,2026-10-08,45.74884,4.86782
Lyon 7ème (Rhône),1 600 €/mois,83 m² - 3 pièces,https://www.vizzit.fr/fr/property/appartement/lyon-7eme/Arw3abntototd32l,2026-10-08,45.74746,4.84605
Lyon 3ème (Rhône),995 €/mois,81 m² - 3 pièces - 2 chambres,https://www.vizzit.fr/fr/property/appartement/lyon-3eme/A9i92qr2xz0uew89,2026-10-08,45.754766,4.846988
Lyon 8ème (Rhône),2 695 €/mois,145 m² - 6 pièces - 3 chambres,https://www.vizzit.fr/fr/property/immobilier/lyon-8eme/Aqmr7rq1bicgkeh1,2026-10-08,45.72489,4.8768
Lyon 3ème (Rhône),960 €/mois,45 m² - 2 pièces - 1 chambre,https://www.vizzit.fr/fr/property/appartement/lyon-3eme/Arf3su6dusjjhklu,2026-10-08,45.751205,4.883447
Lyon 3ème (Rhône),945 €/mois,49 m² - 2 pièces - 1 chambre,https://www.vizzit.fr/fr/property/appartement/lyon-3eme/A4e9p26sidywuge4,2026-10-08,45.74579242959274,4.8696157649004395
Lyon 8ème (Rhône),970 €/mois,43 m² - 2 pièces - 1 chambre,https://www.vizzit.fr/fr/property/appartement/lyon-8eme/Abak3cr0wosrra3n,2026-10-08,45.733089839180515,4.859656990756427
Lyon 8ème (Rhône),882 €/mois,67 m² - 3 pièces - 2 chambres,https://www.vizzit.fr/fr/property/appartement/lyon-8eme/Akbzr6x9xxrcrs0v,2026-10-08,45.727017,4.885702
Lyon 7ème (Rhône),1 110 €/mois,72 m² - 3 pièces - 2 chambres,https://www.vizzit.fr/fr/property/appartement/lyon-7eme/Agk79m4b4rri8ebu,2026-10-08,45.747438,4.839238
Lyon 7ème (Rhône),60 €/mois,20 m² - 1 pièce,https://www.vizzit.fr/fr/property/appartement/lyon-7eme/Aab26xyklachhv83,2026-10-08,45.74984,4.84783
Lyon 7ème (Rhône),838 €/mois,43 m² - 2 pièces - 1 chambre,https://www.vizzit.fr/fr/property/appartement/lyon-7eme/Af36u5jm82vzai3l,2026-10-08,45.74098,4.83913
Lyon 8ème (Rhône),682 €/mois,36 m² - Studio,https://www.vizzit.fr/fr/property/appartement/lyon-8eme/Aaoi5pok4aonk8rz,2026-10-08,45.74053,4.87778
Lyon 3ème (Rhône),990 €/mois,52 m² - 2 pièces - 1 chambre,https://www.vizzit.fr/fr/property/appartement/lyon-3eme/Akmdcyj1gp0n2u9a,2026-10-08,45.75336,4.86919
Lyon 7ème (Rhône),772 €/mois,33 m² - 1 pièce,https://www.vizzit.fr/fr/property/appartement/lyon-7eme/Anog34k7rchu6065,2026-10-08,45.75016,4.84584
Lyon 8ème (Rhône),961 €/mois,69 m² - 3 pièces - 2 chambres,https://www.vizzit.fr/fr/property/appartement/lyon-8eme/Aegy0zehyc2sda9l,2026-10-08,45.72661,4.88257
Lyon 8ème (Rhône),905 €/mois,72 m² - 3 pièces - 2 chambres,https://www.vizzit.fr/fr/property/appartement/lyon-8eme/Artwg23fzhflha40,2026-10-08,45.72887,4.85145
Lyon 8ème (Rhône),990 €/mois,66 m² - 3 pièces - 2 chambres,https://www.vizzit.fr/fr/property/appartement/lyon-8eme/A54qs54i3qoqpena,2026-10-08,45.73509,4.88043
Lyon 7ème (Rhône),1 100 €/mois,50 m² - 2 pièces,https://www.vizzit.fr/fr/property/appartement/lyon-7eme/Aosfeo0jytsjqosk,2026-10-08,45.7328,4.838
Lyon 7ème (Rhône),1 907 €/mois,86 m² - 2 chambres,https://www.vizzit.fr/fr/property/appartement/lyon-7eme/Ax6qgqnwtfh8qhx2,2026-10-08,45.74432643658129,4.842407108639087
Lyon 6ème (Rhône),1 390 €/mois,71 m² - 2 pièces - 1 chambre,https://www.vizzit.fr/fr/property/appartement/lyon-6eme/A4w6q7gr19kfao36,2026-10-08,45.7697339,4.8543532
Lyon 2ème (Rhône),1 655 €/mois,112 m² - 4 pièces - 3 chambres,https://www.vizzit.fr/fr/property/appartement/lyon-2eme/A39e275th2r6hjkj,2026-10-08,45.755914,4.831682
Lyon 7ème (Rhône),1 090 €/mois,80 m² - 2 pièces - 1 chambre,https://www.vizzit.fr/fr/property/appartement/lyon-7eme/A4644yj9awylz5yu,2026-10-08,45.753532,4.846974
Lyon 7ème (Rhône),1 115 €/mois,90 m² - 5 pièces - 3 chambres,https://www.vizzit.fr/fr/property/appartement/lyon-7eme/Avrnxpmj3hva6sih,2026-10-08,45.738512,4.83037
Lyon 7ème (Rhône),1 045 €/mois,49 m² - 2 pièces - 1 chambre,https://www.vizzit.fr/fr/property/appartement/lyon-7eme/Aug6s41kmy5hura3,2026-10-08,45.73178,4.83599
Lyon 3ème (Rhône),874 €/mois,50 m² - 3 pièces - 2 chambres,https://www.vizzit.fr/fr/property/appartement/lyon-3eme/Al2sdohgrfgq1732,2026-10-08,45.752977,4.869637
Lyon 7ème (Rhône),484 €/mois,,https://www.vizzit.fr/fr/property/appartement/lyon-7eme/Aevufulmkk9hz7ct,2026-10-08,45.72201,4.82326
Lyon 7ème (Rhône),353 €/mois,,https://www.vizzit.fr/fr/property/appartement/lyon-7eme/A7z4ezvmb5f43goq,2026-10-08,45.7243,4.84674
Lyon 3ème (Rhône),1 207 €/mois,75 m² - 4 pièces,https://www.vizzit.fr/fr/property/appartement/lyon-3eme/Agcr0qx8ul961knw,2026-10-08,45.75545,4.85852
Lyon 3ème (Rhône),705 €/mois,39 m² - 2 pièces - 1 chambre,https://www.vizzit.fr/fr/property/appartement/lyon-3eme/Avxi5xdwkkxbjey4,2026-10-08,45.7446,4.8865
Lyon 3ème (Rhône),1 500 €/mois,80 m² - 3 pièces - 2 chambres,https://www.vizzit.fr/fr/property/appartement/lyon-3eme/Aqnkzl6e59dqygg0,2026-10-08,45.74908,4.88341
Lyon 7ème (Rhône),830 €/mois,48 m² - 3 pièces,https://www.vizzit.fr/fr/property/appartement/lyon-7eme/Axhwfrl6x0xt2n5a,2026-10-08,45.74797,4.84904
Lyon 3ème (Rhône),450 €/mois,18 m² - Studio,https://www.vizzit.fr/fr/property/appartement/lyon-3eme/Axrz8tspaqka33jr,2026-10-08,45.7458,4.884
Lyon 7ème (Rhône),406 €/mois,22 m² - Studio,https://www.vizzit.fr/fr/property/appartement/lyon-7eme/Aihiq0emftkx7u04,2026-10-08,45.72738,4.82572
Lyon 2ème (Rhône),1 825 €/mois,120 m² - 4 pièces - 3 chambres,https://www.vizzit.fr/fr/property/appartement/lyon-2eme/Ae45cg0ekm3mfhi6,2026-10-08,45.7533906,4.8302027
Lyon 1er (Rhône),1 475 €/mois,107 m² - 3 pièces - 2 chambres,https://www.vizzit.fr/fr/property/appartement/lyon-1er/Azmkr2qdsa26gdjc,2026-10-08,45.770069,4.837282
Lyon 3ème (Rhône),670 €/mois,31 m² - 1 pièce,https://www.vizzit.fr/fr/property/appartement/lyon-3eme/Aiqb5co76u1sscxv,2026-10-08,45.752456,4.86654
Lyon 7ème (Rhône),1 215 €/mois,84 m² - 4 pièces - 3 chambres,https://www.vizzit.fr/fr/property/appartement/lyon-7eme/Awjoeiz11q4ep3ns,2026-10-08,45.752304,4.851281
Lyon 8ème (Rhône),744 €/mois,37 m² - Studio,https://www.vizzit.fr/fr/property/appartement/lyon-8eme/Atfpab5v5rnp4bqy,2026-10-08,45.73096203812898,4.861583007172121
Lyon 3ème (Rhône),573 €/mois,26 m² - 1 pièce,https://www.vizzit.fr/fr/property/appartement/lyon-3eme/Aahw0d0wg5fe8da9,2026-10-08,45.747205,4.886521
Lyon 7ème (Rhône),915 €/mois,64 m² - 2 pièces - 1 chambre,https://www.vizzit.fr/fr/property/appartement/lyon-7eme/A1kdkptae9hjlo0v,2026-10-08,45.755005,4.840804
Lyon 5ème (Rhône),565 €/mois,14 m² - 1 pièce,https://www.vizzit.fr/fr/property/appartement/lyon-5eme/Ahi3i1hzp40rrf8u,2026-10-08,45.7589226,4.8216273
Lyon 3ème (Rhône),812 €/mois,46 m² - 3 pièces - 2 chambres,https://www.vizzit.fr/fr/property/appartement/lyon-3eme/Aqiyquhxtcsr2nu8,2026-10-08,45.746915,4.868242
Lyon 5ème (Rhône),920 €/mois,58 m² - 2 pièces - 1 chambre,https://www.vizzit.fr/fr/property/appartement/lyon-5eme/A3xjv6c0kuy7yxqn,2026-10-08,45.764938,4.828043
Lyon 3ème (Rhône),1 395 €/mois,96 m² - 3 pièces - 2 chambres,https://www.vizzit.fr/fr/property/appartement/lyon-3eme/Algyyikumu025irw,2026-10-08,45.756599,4.842627
Lyon 3ème (Rhône),1 180 €/mois,77 m² - 3 pièces - 2 chambres,https://www.vizzit.fr/fr/property/appartement/lyon-3eme/A4q29zzjxu8xntj8,2026-10-08,45.762111,4.844053
Lyon 7ème (Rhône),898 €/mois,62 m² - 2 pièces - 1 chambre,https://www.vizzit.fr/fr/property/appartement/lyon-7eme/Au4hgtkesaqy32ck,2026-10-08,45.755005,4.840804
Lyon 2ème (Rhône),1 550 €/mois,98 m² - 3 pièces - 2 chambres,https://www.vizzit.fr/fr/property/appartement/lyon-2eme/Adpe2ltf35lgahuj,2026-10-08,45.763526,4.833174
Lyon 2ème (Rhône),2 995 €/mois,224 m² - 7 pièces - 6 chambres,https://www.vizzit.fr/fr/property/appartement/lyon-2eme/Alelgx0js7xm5qyr,2026-10-08,45.752758,4.824779
Lyon 2ème (Rhône),1 200 €/mois,65 m² - 3 pièces - 2 chambres,https://www.vizzit.fr/fr/property/appartement/lyon-2eme/A20h509jz2upweuw,2026-10-08,45.757135,4.833916
Lyon 2ème (Rhône),1 250 €/mois,66 m² - 3 pièces - 2 chambres,https://www.vizzit.fr/fr/property/appartement/lyon-2eme/A3csde80p2ms73x5,2026-10-08,45.757135,4.833916
Lyon 2ème (Rhône),1 055 €/mois,73 m² - 3 pièces - 2 chambres,https://www.vizzit.fr/fr/property/appartement/lyon-2eme/A9q45u0u92bpdwkb,2026-10-08,45.751484,4.830921
Lyon 5ème (Rhône),1 210 €/mois,85 m² - 3 pièces - 2 chambres,https://www.vizzit.fr/fr/property/appartement/lyon-5eme/An4ssqeq9zy4hzyq,2026-10-08,45.750358,4.807705
Lyon 5ème (Rhône),915 €/mois,42 m² - 1 pièce,https://www.vizzit.fr/fr/property/appartement/lyon-5eme/A28jicj2y5syx35h,2026-10-08,45.755206,4.819181
Lyon 7ème (Rhône),1 554 €/mois,88 m² - 4 pièces - 3 chambres,https://www.vizzit.fr/fr/property/appartement/lyon-7eme/Ab3se70cigj41jv2,2026-10-08,45.737811,4.825593
Lyon 5ème (Rhône),990 €/mois,49 m² - 1 pièce,https://www.vizzit.fr/fr/property/appartement/lyon-5eme/Arkrhqwpuk3m0drp,2026-10-08,45.76288,4.827118
Lyon 6ème (Rhône),3 560 €/mois,197 m² - 6 pièces - 5 chambres,https://www.vizzit.fr/fr/property/appartement/lyon-6eme/Aeco4ab4ge1bhyzh,2026-10-08,45.776709,4.845121
Lyon 6ème (Rhône),1 940 €/mois,125 m² - 4 pièces - 3 chambres,https://www.vizzit.fr/fr/property/appartement/lyon-6eme/Ai7k7iaegfanlpdg,2026-10-08,45.767336,4.842375
Lyon 3ème (Rhône),800 €/mois,337 m² - 20 pièces - 17 chambres,https://www.vizzit.fr/fr/property/appartement/lyon-3eme/Anvtrs8jnpzle97b,2026-10-08,45.751232,4.881961
Lyon 6ème (Rhône),1 170 €/mois,66 m² - 3 pièces - 2 chambres,https://www.vizzit.fr/fr/property/appartement/lyon-6eme/A413cu8rzyboskvf,2026-10-08,45.771438,4.850375
Lyon 6ème (Rhône),1 820 €/mois,107 m² - 5 pièces - 4 chambres,https://www.vizzit.fr/fr/property/appartement/lyon-6eme/Azngrh6e3obdzum0,2026-10-08,45.764281,4.841858
Lyon 2ème (Rhône),1 330 €/mois,84 m² - 3 pièces - 2 chambres,https://www.vizzit.fr/fr/property/appartement/lyon-2eme/Afvkcx0q6i20uegz,2026-10-08,45.754526,4.826683
Lyon 2ème (Rhône),3 170 €/mois,279 m² - 7 pièces - 6 chambres,https://www.vizzit.fr/fr/property/appartement/lyon-2eme/Anr1kbleqanpdspn,2026-10-08,45.758983,4.832605
Lyon 6ème (Rhône),933 €/mois,50 m² - 2 pièces - 1 chambre,https://www.vizzit.fr/fr/property/appartement/lyon-6eme/Ab63srkh5y2mn0qo,2026-10-08,45.772283,4.841989
Lyon 7ème (Rhône),1 050 €/mois,72 m² - 3 pièces - 2 chambres,https://www.vizzit.fr/fr/property/appartement/lyon-7eme/Akrqhgw6se3ccxyq,2026-10-08,45.747438,4.839238
Lyon 5ème (Rhône),923 €/mois,57 m² - 2 pièces - 1 chambre,https://www.vizzit.fr/fr/property/appartement/lyon-5eme/Awrem3ccqq0qhdw7,2026-10-08,45.765992,4.827998
Lyon 5ème (Rhône),1 130 €/mois,81 m² - 5 pièces - 4 chambres,https://www.vizzit.fr/fr/property/appartement/lyon-5eme/Am8s4ujavx6gggpl,2026-10-08,45.754525,4.806567
Lyon 3ème (Rhône),800 €/mois,337 m² - 20 pièces - 17 chambres,https://www.vizzit.fr/fr/property/appartement/lyon-3eme/Ay3tvbnnicas8cy4,2026-10-08,45.751232,4.881961
Lyon 6ème (Rhône),2 500 €/mois,218 m² - 6 pièces - 5 chambres,https://www.vizzit.fr/fr/property/appartement/lyon-6eme/Al7rqgpd7xus117b,2026-10-08,45.763727,4.850677
Lyon 6ème (Rhône),2 875 €/mois,220 m² - 7 pièces - 6 chambres,https://www.vizzit.fr/fr/property/appartement/lyon-6eme/A8a14fh4xg0f7qol,2026-10-08,45.766932,4.857224
Lyon 3ème (Rhône),631 €/mois,124 m² - 8 pièces - 6 chambres,https://www.vizzit.fr/fr/property/appartement/lyon-3eme/Aapdsk3zuegts2z9,2026-10-08,45.7542284,4.8655602
Lyon 2ème (Rhône),855 €/mois,51 m² - 1 pièce,https://www.vizzit.fr/fr/property/appartement/lyon-2eme/A0xgd833s95c8tvp,2026-10-08,45.753294,4.826216
Lyon 6ème (Rhône),950 €/mois,52 m² - 2 pièces - 1 chambre,https://www.vizzit.fr/fr/property/appartement/lyon-6eme/Adzh4x7d444xzyx8,2026-10-08,45.773228,4.844266
Lyon 8ème (Rhône),675 €/mois,57 m² - 3 pièces,https://www.vizzit.fr/fr/property/appartement/lyon-8eme/Ahyeb4imdcmq35au,2026-10-08,45.7266,4.88439
Lyon 3ème (Rhône),1 390 €/mois,84 m² - 3 pièces - 2 chambres,https://www.vizzit.fr/fr/property/appartement/lyon-3eme/Ahgv7md3wtnmvhqx,2026-10-08,45.75426,4.8477
Lyon 7ème (Rhône),600 €/mois,31 m² - 2 pièces - 1 chambre,https://www.vizzit.fr/fr/property/appartement/lyon-7eme/Az1z4yycy7iuy8yf,2026-10-08,45.74496,4.8475
Lyon 3ème (Rhône),1 240 €/mois,75 m² - 3 pièces - 2 chambres,https://www.vizzit.fr/fr/property/appartement/lyon-3eme/Aludqzemghz1issw,2026-10-08,45.749197,4.866216
Lyon 7ème (Rhône),750 €/mois,43 m² - 1 pièce,https://www.vizzit.fr/fr/property/appartement/lyon-7eme/Aq8pthfdfqxo03yg,2026-10-08,45.72788,4.83974
Lyon 7ème (Rhône),1 080 €/mois,68 m² - 3 pièces,https://www.vizzit.fr/fr/property/appartement/lyon-7eme/Aofz4k6sw0ecsego,2026-10-08,45.73556,4.84899
Lyon 7ème (Rhône),1 365 €/mois,140 m² - 5 pièces,https://www.vizzit.fr/fr/property/appartement/lyon-7eme/As09lvj3ue5plodh,2026-10-08,45.74878,4.85208
Lyon 8ème (Rhône),1 200 €/mois,38 m² - 2 pièces - 1 chambre,https://www.vizzit.fr/fr/property/appartement/lyon-8eme/Aqarustyausw3s29,2026-10-08,45.74148,4.85867
Lyon 8ème (Rhône),1 070 €/mois,77 m² - 3 pièces - 2 chambres,https://www.vizzit.fr/fr/property/appartement/lyon-8eme/Ad2h2x5xdlxtfb7m,2026-10-08,45.73543,4.87041
Lyon 7ème (Rhône),2 418 €/mois,93 m² - 4 pièces - 3 chambres,https://www.vizzit.fr/fr/property/appartement/lyon-7eme/Adrfbiv2smw76h43,2026-10-08,45.72788,4.83974
Lyon 7ème (Rhône),1 080 €/mois,56 m² - 3 pièces,https://www.vizzit.fr/fr/property/appartement/lyon-7eme/Aweyn7w3ilpg5k3x,2026-10-08,45.7468,4.847
Lyon 6ème (Rhône),1 300 €/mois,35 m² - 2 pièces,https://www.vizzit.fr/fr/property/appartement/lyon-6eme/Aat106pcyu04kivt,2026-10-08,45.76794,4.84353
Lyon 7ème (Rhône),590 €/mois,78 m² - 4 pièces - 1 chambre,https://www.vizzit.fr/fr/property/appartement/lyon-7eme/Afuda1d0y0fsyicu,2026-10-08,45.73148,4.83058
Lyon 8ème (Rhône),690 €/mois,25 m² - 1 pièce,https://www.vizzit.fr/fr/property/appartement/lyon-8eme/Ae8xzggmrqqjpjgj,2026-10-08,45.72912,4.86385
Lyon 7ème (Rhône),700 €/mois,21 m² - Studio,https://www.vizzit.fr/fr/property/appartement/lyon-7eme/Apl5dq5xqi3eagt6,2026-10-08,45.746750529839545,4.841220672179203
Lyon 8ème (Rhône),530 €/mois,75 m² - 5 pièces - 4 chambres,https://www.vizzit.fr/fr/property/immobilier/lyon-8eme/A5i13tv3xwnurwej,2026-10-08,45.73613164393358,4.870263203225005
Lyon 8ème (Rhône),890 €/mois,52 m² - 2 pièces - 1 chambre,https://www.vizzit.fr/fr/property/appartement/lyon-8eme/Aqts1vifu6j7nu1w,2026-10-08,45.73249900250168,4.875176611522301
Lyon 7ème (Rhône),1 200 €/mois,54 m² - 3 pièces - 2 chambres,https://www.vizzit.fr/fr/property/appartement/lyon-7eme/Axnp3z82g8z09un7,2026-10-08,45.73133,4.84092
Lyon 7ème (Rhône),1 322 €/mois,85 m² - 3 pièces - 3 chambres,https://www.vizzit.fr/fr/property/appartement/lyon-7eme/Aovwaqwoz1ay2a62,2026-10-08,45.73483,4.8271
Lyon 9ème (Rhône),1 018 €/mois,40 m² - 2 pièces - 1 chambre,https://www.vizzit.fr/fr/property/appartement/lyon-9eme/A1bard83w10yuau1,2026-10-08,45.774652042759705,4.80549611373002
Lyon 8ème (Rhône),980 €/mois,53 m² - 3 pièces - 2 chambres,https://www.vizzit.fr/fr/property/appartement/lyon-8eme/A08z145v5j7cu7c6,2026-10-08,45.74628,4.86619
Lyon 3ème (Rhône),624 €/mois,23 m² - Studio,https://www.vizzit.fr/fr/property/appartement/lyon-3eme/Afjr1pw3veapxylt,2026-10-08,45.759297103444624,4.84778532236808
Lyon 7ème (Rhône),650 €/mois,21 m² - Studio,https://www.vizzit.fr/fr/property/appartement/lyon-7eme/Au70zw7aaeykrwia,2026-10-08,45.743867090378835,4.841131072688145
Lyon 8ème (Rhône),955 €/mois,31 m² - Studio,https://www.vizzit.fr/fr/property/appartement/lyon-8eme/A6g19g5ksxtu9zsu,2026-10-08,45.744318,4.8679657
Lyon 8ème (Rhône),612 €/mois,18 m² - Studio,https://www.vizzit.fr/fr/property/appartement/lyon-8eme/A2s0l4lywgpntoii,2026-10-08,45.73542618180323,4.8675979299691745
Lyon 8ème (Rhône),1 289 €/mois,74 m² - 3 pièces - 2 chambres,https://www.vizzit.fr/fr/property/appartement/lyon-8eme/Aggp0wt2a7nxb4zw,2026-10-08,45.73468802622847,4.870773282388954
Lyon 8ème (Rhône),50 €/mois,,https://www.vizzit.fr/fr/property/immobilier/lyon-8eme/Aukbf4h0dw0l860t,2026-10-08,45.74077,4.87583
Lyon 3ème (Rhône),700 €/mois,109 m² - 7 pièces - 6 chambres,https://www.vizzit.fr/fr/property/immobilier/lyon-3eme/A39qbbqt3sbqnfh3,2026-10-08,45.7607225289721,4.849382757935923
Lyon 8ème (Rhône),1 655 €/mois,73 m² - 3 pièces - 2 chambres,https://www.vizzit.fr/fr/property/appartement/lyon-8eme/Arpjenuc42k6v2w0,2026-10-08,45.7477,4.86455
Lyon 8ème (Rhône),709 €/mois,20 m² - Studio,https://www.vizzit.fr/fr/property/appartement/lyon-8eme/Aiij9hsn8unz8ieu,2026-10-08,45.73693733303232,4.869732150473017
Lyon 6ème (Rhône),500 €/mois,11 m² - Studio,https://www.vizzit.fr/fr/property/appartement/lyon-6eme/Arb57veuymaltvaw,2026-10-08,45.767547137647355,4.852299703744254
Lyon 3ème (Rhône),615 €/mois,17 m² - Studio,https://www.vizzit.fr/fr/property/appartement/lyon-3eme/A99rj43oyieehbjd,2026-10-08,45.74887,4.88277
Lyon 3ème (Rhône),868 €/mois,31 m² - Studio,https://www.vizzit.fr/fr/property/appartement/lyon-3eme/An1l6odxi7c2aq0z,2026-10-08,45.76177788271621,4.849906121133208
Lyon 8ème (Rhône),860 €/mois,53 m² - 2 pièces - 1 chambre,https://www.vizzit.fr/fr/property/appartement/lyon-8eme/Aqu4qmbasp6nni0e,2026-10-08,45.73083,4.85383
Lyon 7ème (Rhône),675 €/mois,41 m² - 2 pièces - 1 chambre,https://www.vizzit.fr/fr/property/appartement/lyon-7eme/A2ijdoem32n88ghp,2026-10-08,45.74434951898918,4.842506008968204
Lyon 8ème (Rhône),1 030 €/mois,55 m² - 3 pièces,https://www.vizzit.fr/fr/property/appartement/lyon-8eme/Ap0zy1db7ff2ymxl,2026-10-08,45.7345,4.8562
Lyon 3ème (Rhône),985 €/mois,52 m² - 2 pièces - 1 chambre,https://www.vizzit.fr/fr/property/appartement/lyon-3eme/Af7h2n30mrhhbjc9,2026-10-08,45.75943099429682,4.849532178222906
Lyon 8ème (Rhône),508 €/mois,75 m² - 5 pièces - 4 chambres,https://www.vizzit.fr/fr/property/immobilier/lyon-8eme/Abk50g6l6ovzt59f,2026-10-08,45.737125823536715,4.867690812997908
Lyon 8ème (Rhône),965 €/mois,43 m² - 2 pièces - 1 chambre,https://www.vizzit.fr/fr/property/appartement/lyon-8eme/Ahhlqpd3ossxi6u3,2026-10-08,45.74645,4.86565
Lyon 4ème (Rhône),832 €/mois,24 m² - Studio,https://www.vizzit.fr/fr/property/appartement/lyon-4eme/Arv27u57v830x74b,2026-10-08,45.77451100730509,4.828074964760085
Lyon 8ème (Rhône),700 €/mois,20 m² - Studio,https://www.vizzit.fr/fr/property/appartement/lyon-8eme/A3gyih08acufg7wh,2026-10-08,45.7315,4.85575
Lyon 4ème (Rhône),1 500 €/mois,100 m² - 4 pièces - 3 chambres,https://www.vizzit.fr/fr/property/appartement/lyon-4eme/Asc266ofzxrsmkhy,2026-10-08,45.77426802674063,4.829803345482707
Lyon 3ème (Rhône),800 €/mois,52 m² - 2 pièces - 1 chambre,https://www.vizzit.fr/fr/property/appartement/lyon-3eme/A0gdc3p27zmqkwbh,2026-10-08,45.75021,4.88553
Lyon 7ème (Rhône),1 831 €/mois,82 m² - 4 pièces - 3 chambres,https://www.vizzit.fr/fr/property/appartement/lyon-7eme/A20m2zqvj0jvlhq2,2026-10-08,45.74492956102597,4.841265579416475
Lyon 3ème (Rhône),655 €/mois,20 m² - Studio,https://www.vizzit.fr/fr/property/appartement/lyon-3eme/Arwi7uoyzmcun19w,2026-10-08,45.76056500472145,4.8478218835496305
Lyon 3ème (Rhône),890 €/mois,,https://www.vizzit.fr/fr/property/appartement/lyon-3eme/An0whwuiqxz9fdyh,2026-10-08,45.75917885787992,4.849467151418249
Lyon 6ème (Rhône),652 €/mois,18 m² - Studio,https://www.vizzit.fr/fr/property/appartement/lyon-6eme/Ag90u24gusnzzdl7,2026-10-08,45.76949562482435,4.849799435175533
Lyon 9ème (Rhône),794 €/mois,46 m² - 2 pièces - 1 chambre,https://www.vizzit.fr/fr/property/appartement/lyon-9eme/At393v13mnyjk97t,2026-10-08,45.77351648717019,4.806107370586206
Lyon 1er (Rhône),767 €/mois,24 m² - Studio,https://www.vizzit.fr/fr/property/appartement/lyon-1er/Ab76ooa6viyjnbru,2026-10-08,45.76706525982784,4.834773519212647
Lyon 8ème (Rhône),490 €/mois,18 m² - Studio,https://www.vizzit.fr/fr/property/appartement/lyon-8eme/Ap3j24165cy22c8o,2026-10-08,45.73083,4.85383
Lyon 7ème (Rhône),1 207 €/mois,67 m² - 3 pièces - 2 chambres,https://www.vizzit.fr/fr/property/appartement/lyon-7eme/Aclfbdx983nwg8gb,2026-10-08,45.74524410357558,4.84420244584154
Lyon 3ème (Rhône),942 €/mois,49 m² - 2 pièces - 1 chambre,https://www.vizzit.fr/fr/property/appartement/lyon-3eme/Aztk0p9lyr45z2y5,2026-10-08,45.76173579346752,4.8501949713437185
Lyon 8ème (Rhône),630 €/mois,96 m² - 6 pièces - 5 chambres,https://www.vizzit.fr/fr/property/immobilier/lyon-8eme/Aw1riu72svkvxguo,2026-10-08,45.73784029867558,4.8706900432522096
Lyon 7ème (Rhône),1 700 €/mois,46 m² - 2 pièces - 1 chambre,https://www.vizzit.fr/fr/property/appartement/lyon-7eme/Anyhwlsblu3ixlem,2026-10-08,45.75354,4.84792
Lyon 8ème (Rhône),1 081 €/mois,50 m² - 3 pièces - 2 chambres,https://www.vizzit.fr/fr/property/appartement/lyon-8eme/Ago3xkpben4qwqx7,2026-10-08,45.73685328378681,4.871275047536932
Lyon 8ème (Rhône),581 €/mois,75 m² - 4 pièces - 3 chambres,https://www.vizzit.fr/fr/property/immobilier/lyon-8eme/Au5jg3ycp7gsmz6p,2026-10-08,45.73470428438864,4.871972787631511
Lyon 3ème (Rhône),701 €/mois,109 m² - 7 pièces - 6 chambres,https://www.vizzit.fr/fr/property/immobilier/lyon-3eme/Ay8hh2q0e22gg15i,2026-10-08,45.76009338956374,4.846813632189734
Lyon 3ème (Rhône),1 400 €/mois,66 m² - 3 pièces - 1 chambre,https://www.vizzit.fr/fr/property/appartement/lyon-3eme/A8izm8xk9vp8ql1l,2026-10-08,45.759383857510734,4.848162845821071
Lyon 3ème (Rhône),724 €/mois,22 m² - Studio,https://www.vizzit.fr/fr/property/appartement/lyon-3eme/Az2l0s2gw0wj6k4n,2026-10-08,45.76162255968827,4.8489948161308565
Lyon 3ème (Rhône),706 €/mois,109 m² - 7 pièces - 6 chambres,https://www.vizzit.fr/fr/property/immobilier/lyon-3eme/At6wl5is3hix9ua7,2026-10-08,45.75899075254609,4.8501363286289205
Lyon 4ème (Rhône),1 350 €/mois,65 m² - 2 chambres,https://www.vizzit.fr/fr/property/appartement/lyon-4eme/Aciq89pk30aau1ea,2026-10-08,45.77447993458843,4.828994432057026
Lyon 1er (Rhône),1 453 €/mois,82 m² - 2 pièces - 1 chambre,https://www.vizzit.fr/fr/property/appartement/lyon-1er/Ab44ytt7ruqrzh8p,2026-10-08,45.76835923426973,4.834566516027392
Lyon 8ème (Rhône),568 €/mois,30 m² - Studio,https://www.vizzit.fr/fr/property/appartement/lyon-8eme/A5zgn0j6dm4mph97,2026-10-08,45.73634678719073,4.867321165831929
Lyon 3ème (Rhône),620 €/mois,19 m² - Studio,https://www.vizzit.fr/fr/property/appartement/lyon-3eme/Aij8p3lnhaai39bw,2026-10-08,45.761931251854975,4.849929905415627
Lyon 3ème (Rhône),1 795 €/mois,73 m² - 2 chambres,https://www.vizzit.fr/fr/property/appartement/lyon-3eme/Ate2042tfor3svzl,2026-10-08,45.761767196227524,4.848086277164435
Lyon 6ème (Rhône),1 123 €/mois,43 m²,https://www.vizzit.fr/fr/property/appartement/lyon-6eme/Agdgrxsfpxptssif,2026-10-08,45.767174173741196,4.851143830236515
Lyon 7ème (Rhône),805 €/mois,46 m² - 2 pièces - 1 chambre,https://www.vizzit.fr/fr/property/appartement/lyon-7eme/A6lveyuk7ynrmx73,2026-10-08,45.737412,4.831777
Lyon 1er (Rhône),940 €/mois,33 m² - Studio,https://www.vizzit.fr/fr/property/appartement/lyon-1er/Aay574vn2pp90a6k,2026-10-08,45.767591120863116,4.832458318793503
Lyon 6ème (Rhône),1 237 €/mois,52 m² - 2 pièces - 1 chambre,https://www.vizzit.fr/fr/property/appartement/lyon-6eme/A576v1sydevqcwka,2026-10-08,45.769945146721085,4.851478067411336
Lyon 9ème (Rhône),533 €/mois,120 m² - 5 pièces - 5 chambres,https://www.vizzit.fr/fr/property/immobilier/lyon-9eme/Alxm619ey74hqd60,2026-10-08,45.774729145822306,4.805552163100174
Lyon 9ème (Rhône),985 €/mois,59 m² - 3 pièces - 2 chambres,https://www.vizzit.fr/fr/property/appartement/lyon-9eme/Aetd2j5dobqmsfj1,2026-10-08,45.774167092783344,4.804255037599897
Lyon 3ème (Rhône),1 250 €/mois,57 m² - 2 pièces - 1 chambre,https://www.vizzit.fr/fr/property/appartement/lyon-3eme/A68fi8yyar6rmxhl,2026-10-08,45.75485,4.84498
Lyon 7ème (Rhône),604 €/mois,13 m² - Studio,https://www.vizzit.fr/fr/property/appartement/lyon-7eme/A2jn4xjske7021gd,2026-10-08,45.746469802292985,4.840336350363361
Lyon 7ème (Rhône),750 €/mois,22 m² - Studio,https://www.vizzit.fr/fr/property/appartement/lyon-7eme/Asynqtf2xuu0f3u2,2026-10-08,45.74365307111246,4.841470927993166
Lyon 7ème (Rhône),2 327 €/mois,95 m² - 5 pièces - 4 chambres,https://www.vizzit.fr/fr/property/appartement/lyon-7eme/Ak2r5qmajvvpagpo,2026-10-08,45.74622718105063,4.843198115336752
Lyon 1er (Rhône),998 €/mois,38 m² - Studio,https://www.vizzit.fr/fr/property/appartement/lyon-1er/Au8ky0fdqs2pwsg2,2026-10-08,45.7670534754071,4.834783483728748
Lyon 8ème (Rhône),1 000 €/mois,56 m² - 2 pièces - 1 chambre,https://www.vizzit.fr/fr/property/appartement/lyon-8eme/Avdv740xu78p5oh0,2026-10-08,45.737125130814945,4.869524589939977
Lyon 3ème (Rhône),1 385 €/mois,70 m² - 3 pièces - 2 chambres,https://www.vizzit.fr/fr/property/appartement/lyon-3eme/A6vrt7a4z2841mk6,2026-10-08,45.745536,4.873356
Lyon 7ème (Rhône),650 €/mois,19 m² - Studio,https://www.vizzit.fr/fr/property/appartement/lyon-7eme/Ainzrbui96ct515k,2026-10-08,45.74686732876693,4.840952959632956
Lyon 1er (Rhône),960 €/mois,46 m² - 2 pièces - 1 chambre,https://www.vizzit.fr/fr/property/appartement/lyon-1er/Ave2vod0xvmv81oa,2026-10-08,45.767218943176005,4.833265201456723
Lyon 5ème (Rhône),760 €/mois,19 m²,https://www.vizzit.fr/fr/property/appartement/lyon-5eme/Auxe1jahdo4xg7ly,2026-10-08,45.760651659450794,4.825190318743477
Lyon 8ème (Rhône),1 030 €/mois,52 m² - 2 pièces - 1 chambre,https://www.vizzit.fr/fr/property/appartement/lyon-8eme/A79044ou3rn0qjtb,2026-10-08,45.74728363304184,4.874712972782955
Lyon 8ème (Rhône),530 €/mois,65 m² - 4 pièces - 3 chambres,https://www.vizzit.fr/fr/property/immobilier/lyon-8eme/Ah6zny5p90bfdrlh,2026-10-08,45.736652082459685,4.86836538312329
Lyon 8ème (Rhône),544 €/mois,75 m² - 5 pièces - 4 chambres,https://www.vizzit.fr/fr/property/immobilier/lyon-8eme/Axe5hz9vpyigp385,2026-10-08,45.73634446399649,4.872192113258023
Lyon 8ème (Rhône),872 €/mois,46 m² - 2 pièces - 1 chambre,https://www.vizzit.fr/fr/property/appartement/lyon-8eme/Ame25rdbv2va4gmj,2026-10-08,45.727165,4.866027
Lyon 6ème (Rhône),2 162 €/mois,86 m² - 3 pièces - 2 chambres,https://www.vizzit.fr/fr/property/appartement/lyon-6eme/A15q3zuf1xixwwhf,2026-10-08,45.7681188689193,4.8485774391771965
Lyon 2ème (Rhône),1 470 €/mois,81 m² - 3 pièces - 2 chambres,https://www.vizzit.fr/fr/property/immobilier/lyon-2eme/A2vns1svgxaoczgh,2026-10-08,45.7548812433283,4.828744903806948
Lyon 7ème (Rhône),1 250 €/mois,51 m² - 3 pièces - 1 chambre,https://www.vizzit.fr/fr/property/appartement/lyon-7eme/Apfvefiefp1bzwe3,2026-10-08,45.74031,4.83526
Lyon 7ème (Rhône),817 €/mois,33 m² - 2 pièces - 1 chambre,https://www.vizzit.fr/fr/property/appartement/lyon-7eme/Acom1183q3o05zxa,2026-10-08,45.744863009757,4.839570914621543
Lyon 8ème (Rhône),775 €/mois,68 m² - 3 pièces - 2 chambres,https://www.vizzit.fr/fr/property/appartement/lyon-8eme/Ak4q61e0eelq69l8,2026-10-08,45.734524,4.85761
Lyon 8ème (Rhône),599 €/mois,93 m² - 4 pièces - 3 chambres,https://www.vizzit.fr/fr/property/immobilier/lyon-8eme/Ajnldjc1ceo46or0,2026-10-08,45.73736051221358,4.868921020900626
Lyon 8ème (Rhône),632 €/mois,21 m² - Studio,https://www.vizzit.fr/fr/property/appartement/lyon-8eme/Acuazjxjyomgapd0,2026-10-08,45.73619440341658,4.872037849628755
Lyon 7ème (Rhône),615 €/mois,19 m² - Studio,https://www.vizzit.fr/fr/property/appartement/lyon-7eme/Aocukhfokf9ditux,2026-10-08,45.745636139123036,4.843118347633017
Lyon 7ème (Rhône),626 €/mois,17 m² - Studio,https://www.vizzit.fr/fr/property/appartement/lyon-7eme/Avcgdmqpga0ql4xp,2026-10-08,45.74500855671299,4.842643622768124
Lyon 7ème (Rhône),764 €/mois,38 m² - 2 pièces - 1 chambre,https://www.vizzit.fr/fr/property/appartement/lyon-7eme/A80wuu8r1s0b82ml,2026-10-08,45.74626653364835,4.842259016392153
Lyon 3ème (Rhône),800 €/mois,,https://www.vizzit.fr/fr/property/appartement/lyon-3eme/Adhv8szfy68wjeeh,2026-10-08,45.75965399153913,4.846600994271522
Lyon 9ème (Rhône),960 €/mois,57 m² - 3 pièces - 2 chambres,https://www.vizzit.fr/fr/property/immobilier/lyon-9eme/A9zh67s9fr2euhq7,2026-10-08,45.77585003679786,4.804990374315438
Lyon 7ème (Rhône),955 €/mois,40 m² - 1 pièce,https://www.vizzit.fr/fr/property/appartement/lyon-7eme/Ay9525337nzugyiw,2026-10-08,45.75107,4.85344
Lyon 7ème (Rhône),1 031 €/mois,58 m² - 3 pièces - 2 chambres,https://www.vizzit.fr/fr/property/appartement/lyon-7eme/A4yx5brm1hbrk6ee,2026-10-08,45.74374699046244,4.840889979472841
Lyon 5ème (Rhône),1 395 €/mois,69 m² - 2 pièces - 1 chambre,https://www.vizzit.fr/fr/property/immobilier/lyon-5eme/Az714dxdog2gjt8e,2026-10-08,45.762840267324826,4.8289590648836915
Lyon 3ème (Rhône),778 €/mois,59 m² - 2 pièces - 1 chambre,https://www.vizzit.fr/fr/property/appartement/lyon-3eme/Adp4uo7pfnc3il0r,2026-10-08,45.75178,4.871874
Lyon 9ème (Rhône),680 €/mois,27 m² - Studio,https://www.vizzit.fr/fr/property/appartement/lyon-9eme/A87uelpcw4uuh61s,2026-10-08,45.77499092639979,4.806993695173576
Lyon 5ème (Rhône),791 €/mois,28 m² - Studio,https://www.vizzit.fr/fr/property/appartement/lyon-5eme/Awcyol8qr1e7mk7z,2026-10-08,45.76119923043894,4.828364189727867
Lyon 8ème (Rhône),1 050 €/mois,59 m² - 3 pièces - 2 chambres,https://www.vizzit.fr/fr/property/appartement/lyon-8eme/Atabnecrji7hpoqk,2026-10-08,45.73362,4.87319
Lyon 5ème (Rhône),1 460 €/mois,68 m² - 3 pièces - 2 chambres,https://www.vizzit.fr/fr/property/immobilier/lyon-5eme/Atwis1c7a2qq0its,2026-10-08,45.7605395281981,4.825463758286089
Lyon 7ème (Rhône),1 800 €/mois,54 m² - 3 pièces - 1 chambre,https://www.vizzit.fr/fr/property/appartement/lyon-7eme/A9pgr10adr2glzu8,2026-10-08,45.74444211248605,4.845656263013408
Lyon 5ème (Rhône),795 €/mois,34 m² - Studio,https://www.vizzit.fr/fr/property/appartement/lyon-5eme/Azpa7j9dkf06dpob,2026-10-08,45.76256901326404,4.828970114022067
Lyon 1er (Rhône),911 €/mois,34 m² - Studio,https://www.vizzit.fr/fr/property/appartement/lyon-1er/Ase7cjnoan2unz6b,2026-10-08,45.766448286936495,4.832848987826806
Lyon 3ème (Rhône),1 440 €/mois,68 m² - 3 pièces - 1 chambre,https://www.vizzit.fr/fr/property/appartement/lyon-3eme/Atlb9884pyqvzdcz,2026-10-08,45.75077,4.85847
Lyon 5ème (Rhône),879 €/mois,36 m² - 2 pièces - 1 chambre,https://www.vizzit.fr/fr/property/appartement/lyon-5eme/A98q6bf157zyhdak,2026-10-08,45.76223680353628,4.828911933250941
Lyon 1er (Rhône),1 057 €/mois,39 m² - Studio,https://www.vizzit.fr/fr/property/appartement/lyon-1er/A91b7r5onwwqnmaz,2026-10-08,45.76823670107673,4.835778883160436
Lyon 9ème (Rhône),893 €/mois,57 m² - 3 pièces - 2 chambres,https://www.vizzit.fr/fr/property/appartement/lyon-9eme/Augp0hfsw6dq0umf,2026-10-08,45.77589128559068,4.8045898020326145
Lyon 8ème (Rhône),978 €/mois,63 m² - 3 pièces,https://www.vizzit.fr/fr/property/appartement/lyon-8eme/Akm34txiedaui0tb,2026-10-08,45.72719,4.88581
Lyon 3ème (Rhône),790 €/mois,,https://www.vizzit.fr/fr/property/appartement/lyon-3eme/A8y92vrwozrohler,2026-10-08,45.75914904093158,4.850396735257209
Lyon 6ème (Rhône),1 050 €/mois,55 m² - 3 pièces - 2 chambres,https://www.vizzit.fr/fr/property/appartement/lyon-6eme/Aygcnzj8o7m17t9s,2026-10-08,45.7675480369617,4.851206313917755
Lyon 7ème (Rhône),772 €/mois,17 m² - Studio,https://www.vizzit.fr/fr/property/appartement/lyon-7eme/Arrs6rp85rcgwqbs,2026-10-08,45.74490578678158,4.841035170966675
Lyon 7ème (Rhône),981 €/mois,49 m² - 2 pièces - 1 chambre,https://www.vizzit.fr/fr/property/appartement/lyon-7eme/Aepqgm76sq087xsa,2026-10-08,45.74396,4.83909
Lyon 3ème (Rhône),1 120 €/mois,61 m² - 3 pièces - 2 chambres,https://www.vizzit.fr/fr/property/appartement/lyon-3eme/A7tigwe24vqj1plz,2026-10-08,45.760338943667314,4.850110933876332
Lyon 3ème (Rhône),695 €/mois,19 m²,https://www.vizzit.fr/fr/property/appartement/lyon-3eme/A462ad1divb0v8dq,2026-10-08,45.76009752308731,4.84676243343452
Lyon 7ème (Rhône),1 445 €/mois,79 m² - 4 pièces - 3 chambres,https://www.vizzit.fr/fr/property/appartement/lyon-7eme/Afab8kqkfj1dfma7,2026-10-08,45.745892344644425,4.843095890135568
Lyon 7ème (Rhône),600 €/mois,12 m² - Studio,https://www.vizzit.fr/fr/property/appartement/lyon-7eme/Abhdw2mwupbi0xzh,2026-10-08,45.74607625829318,4.840316007789242
Lyon 7ème (Rhône),1 199 €/mois,67 m² - 3 pièces - 2 chambres,https://www.vizzit.fr/fr/property/appartement/lyon-7eme/A08g2c75ahc4j8xm,2026-10-08,45.74556429719607,4.842573364659536
Lyon 7ème (Rhône),681 €/mois,14 m² - Studio,https://www.vizzit.fr/fr/property/appartement/lyon-7eme/A1xoyvapuoxnmcmk,2026-10-08,45.745408601500785,4.843742844037443
Lyon 6ème (Rhône),1 185 €/mois,28 m²,https://www.vizzit.fr/fr/property/appartement/lyon-6eme/Aslg2jd4fy3w1pwd,2026-10-08,45.7668809727668,4.850981480088337
Lyon 3ème (Rhône),650 €/mois,28 m² - 2 pièces,https://www.vizzit.fr/fr/property/appartement/lyon-3eme/Ajswf0liw3kdvwhc,2026-10-08,45.75324,4.85565
Lyon 7ème (Rhône),1 352 €/mois,63 m² - 3 pièces - 2 chambres,https://www.vizzit.fr/fr/property/appartement/lyon-7eme/Aqk5dswsw6lnmdmi,2026-10-08,45.74448343460407,4.842451475121214
Lyon 8ème (Rhône),1 290 €/mois,74 m² - 4 pièces,https://www.vizzit.fr/fr/property/appartement/lyon-8eme/Aoti582149cbrrxl,2026-10-08,45.73593,4.87328
Lyon 7ème (Rhône),728 €/mois,28 m² - Studio,https://www.vizzit.fr/fr/property/appartement/lyon-7eme/Aew0a3z5bp7g6uu8,2026-10-08,45.74617205452951,4.841098228623956
Lyon 4ème (Rhône),827 €/mois,33 m² - Studio,https://www.vizzit.fr/fr/property/appartement/lyon-4eme/A4s1g071c91f3z8s,2026-10-08,45.774679937172934,4.830135111487514
Lyon 7ème (Rhône),1 055 €/mois,50 m² - 2 pièces - 1 chambre,https://www.vizzit.fr/fr/property/appartement/lyon-7eme/A8mjztpcv3l9vqw7,2026-10-08,45.74571322616989,4.839512674638547
Lyon 7ème (Rhône),890 €/mois,45 m² - 2 pièces - 1 chambre,https://www.vizzit.fr/fr/property/appartement/lyon-7eme/Ab8wwcm9ycks146n,2026-10-08,45.75261,4.84748
Lyon 3ème (Rhône),595 €/mois,85 m² - 5 pièces - 5 chambres,https://www.vizzit.fr/fr/property/immobilier/lyon-3eme/Acp3kq3n78lz25bu,2026-10-08,45.76027200332691,4.849990299541939
Lyon 3ème (Rhône),997 €/mois,37 m² - 2 pièces - 1 chambre,https://www.vizzit.fr/fr/property/appartement/lyon-3eme/Auhnp6d9tyq1t7u1,2026-10-08,45.75955966812483,4.84830086514762
Lyon 5ème (Rhône),525 €/mois,23 m² - Studio,https://www.vizzit.fr/fr/property/appartement/lyon-5eme/Awccslz69y2uspl0,2026-10-08,45.76254152716811,4.827927816050237
Lyon 1er (Rhône),695 €/mois,34 m² - Studio,https://www.vizzit.fr/fr/property/appartement/lyon-1er/Aqug1g15pdhypzo2,2026-10-08,45.76809848914999,4.832839135540168
Lyon 7ème (Rhône),1 490 €/mois,76 m² - 3 chambres,https://www.vizzit.fr/fr/property/appartement/lyon-7eme/Awrh4us9lg33vigz,2026-10-08,45.744087517760114,4.843565748338722
Lyon 6ème (Rhône),1 450 €/mois,53 m² - 2 chambres,https://www.vizzit.fr/fr/property/appartement/lyon-6eme/A53bbhgk0s149sms,2026-10-08,45.768888888879424,4.851743112543227
Lyon 6ème (Rhône),1 290 €/mois,58 m² - 1 chambre,https://www.vizzit.fr/fr/property/appartement/lyon-6eme/Aq6wjdtux6k5mxzf,2026-10-08,45.7686732832273,4.849799590218275
Lyon 7ème (Rhône),554 €/mois,79 m² - 4 pièces - 3 chambres,https://www.vizzit.fr/fr/property/immobilier/lyon-7eme/A3bxmwshqfyzjb35,2026-10-08,45.74512248052231,4.8421749106510985
Lyon 8ème (Rhône),665 €/mois,26 m² - Studio,https://www.vizzit.fr/fr/property/appartement/lyon-8eme/Aot2noqh61hdkwor,2026-10-08,45.735019084852716,4.869730480194559
Lyon 7ème (Rhône),851 €/mois,58 m² - 3 pièces - 2 chambres,https://www.vizzit.fr/fr/property/appartement/lyon-7eme/Aj3zp9sqw19vsmrj,2026-10-08,45.744824517004155,4.840529223208775
Lyon 3ème (Rhône),815 €/mois,37 m² - Studio,https://www.vizzit.fr/fr/property/appartement/lyon-3eme/Aqmppgsohh4xq8az,2026-10-08,45.76063724271565,4.847042989094421
Lyon 7ème (Rhône),1 195 €/mois,68 m² - 3 pièces - 2 chambres,https://www.vizzit.fr/fr/property/appartement/lyon-7eme/Ajujx1cs9qr2g0jz,2026-10-08,45.744013441308134,4.842682347324662
Lyon 7ème (Rhône),1 500 €/mois,86 m² - 4 pièces - 3 chambres,https://www.vizzit.fr/fr/property/appartement/lyon-7eme/Abcwpcufw2vlpvad,2026-10-08,45.74668910103966,4.8431651172646895
Lyon 3ème (Rhône),615 €/mois,255 m² - 8 pièces - 8 chambres,https://www.vizzit.fr/fr/property/immobilier/lyon-3eme/Af113y8plps93qc6,2026-10-08,45.76084568171958,4.850164858552388
Lyon 7ème (Rhône),1 185 €/mois,28 m²,https://www.vizzit.fr/fr/property/appartement/lyon-7eme/Agqjy4hemjy0elfp,2026-10-08,45.746249655015184,4.840745211354513
Lyon 8ème (Rhône),595 €/mois,96 m² - 6 pièces - 5 chambres,https://www.vizzit.fr/fr/property/immobilier/lyon-8eme/Atscgur42ihp0w0g,2026-10-08,45.73661209037514,4.867241062533592
Lyon 7ème (Rhône),693 €/mois,14 m² - Studio,https://www.vizzit.fr/fr/property/appartement/lyon-7eme/Ai4eid8e3de9qvj7,2026-10-08,45.74675972295023,4.841869703001437
Lyon 4ème (Rhône),814 €/mois,17 m² - 2 pièces,https://www.vizzit.fr/fr/property/appartement/lyon-4eme/Ahblebed0eaveah4,2026-10-08,45.77418381627693,4.828646368166091
Lyon 8ème (Rhône),615 €/mois,22 m² - Studio,https://www.vizzit.fr/fr/property/appartement/lyon-8eme/Ak5le71eq8850lz6,2026-10-08,45.73690971151586,4.869940669116742
Lyon 7ème (Rhône),730 €/mois,31 m² - Studio,https://www.vizzit.fr/fr/property/appartement/lyon-7eme/A8zul2sb1014ic3x,2026-10-08,45.74496,4.8475
Lyon 3ème (Rhône),695 €/mois,16 m² - Studio,https://www.vizzit.fr/fr/property/appartement/lyon-3eme/Agkimqknzughkiku,2026-10-08,45.760383810129284,4.850562497503573
Lyon 9ème (Rhône),878 €/mois,64 m² - 2 pièces - 1 chambre,https://www.vizzit.fr/fr/property/appartement/lyon-9eme/A8u9ycnnruyuynpl,2026-10-08,45.77578107766586,4.805144929799964
Lyon 7ème (Rhône),1 386 €/mois,99 m² - 5 pièces - 4 chambres,https://www.vizzit.fr/fr/property/appartement/lyon-7eme/Ao186hooasxmrxse,2026-10-08,45.74442293540252,4.842476151608109
Lyon 7ème (Rhône),710 €/mois,58 m² - 4 pièces - 3 chambres,https://www.vizzit.fr/fr/property/immobilier/lyon-7eme/Ale8dxf40bjo2zr2,2026-10-08,45.74514458921057,4.842571886683299
Lyon 9ème (Rhône),553 €/mois,120 m² - 5 pièces - 5 chambres,https://www.vizzit.fr/fr/property/immobilier/lyon-9eme/Agp1c828z6i02atm,2026-10-08,45.774700522611404,4.80664130779817
Lyon 8ème (Rhône),599 €/mois,93 m² - 4 pièces - 3 chambres,https://www.vizzit.fr/fr/property/immobilier/lyon-8eme/Abyr7xjqf9exbwrt,2026-10-08,45.73565976583303,4.868911508290762
Lyon 3ème (Rhône),1 184 €/mois,55 m² - 2 pièces - 1 chambre,https://www.vizzit.fr/fr/property/appartement/lyon-3eme/Av2lmcpdb462zhxq,2026-10-08,45.75974073149957,4.849441605642824
Lyon 6ème (Rhône),1 502 €/mois,62 m² - 2 pièces - 1 chambre,https://www.vizzit.fr/fr/property/appartement/lyon-6eme/A6wxbfwhhir9dhhh,2026-10-08,45.768330675029965,4.8521525272531765
Lyon 8ème (Rhône),595 €/mois,96 m² - 6 pièces - 5 chambres,https://www.vizzit.fr/fr/property/immobilier/lyon-8eme/Ap4zgcx58eda16i3,2026-10-08,45.7372320014557,4.868760205757087
Lyon 7ème (Rhône),1 550 €/mois,68 m² - 2 chambres,https://www.vizzit.fr/fr/property/appartement/lyon-7eme/Aqa24qw4j83imeot,2026-10-08,45.74691312768266,4.84249428188463
Lyon 7ème (Rhône),1 240 €/mois,65 m² - 3 pièces - 2 chambres,https://www.vizzit.fr/fr/property/appartement/lyon-7eme/A8gmhhdjy7iugq5f,2026-10-08,45.74591344432774,4.84351804338043
Lyon 7ème (Rhône),562 €/mois,14 m² - Studio,https://www.vizzit.fr/fr/property/appartement/lyon-7eme/A1scufwtl1tt5cbz,2026-10-08,45.74440956162805,4.840293367126797
Lyon 8ème (Rhône),590 €/mois,96 m² - 6 pièces - 5 chambres,https://www.vizzit.fr/fr/property/immobilier/lyon-8eme/A5h4z16qmc4r5sqs,2026-10-08,45.73775959649773,4.868455816847628
Lyon 3ème (Rhône),595 €/mois,85 m² - 5 pièces - 5 chambres,https://www.vizzit.fr/fr/property/immobilier/lyon-3eme/Asd0u1xupaviv0qt,2026-10-08,45.761434732649725,4.846779058397743
Lyon 7ème (Rhône),682 €/mois,15 m² - Studio,https://www.vizzit.fr/fr/property/appartement/lyon-7eme/Am91aajged3omijw,2026-10-08,45.744908400145675,4.843432876240445
Lyon 7ème (Rhône),896 €/mois,42 m² - 2 pièces - 1 chambre,https://www.vizzit.fr/fr/property/appartement/lyon-7eme/Auuuuxkzhny300i5,2026-10-08,45.74563415784142,4.842553059998144
Lyon 8ème (Rhône),990 €/mois,41 m² - 2 pièces - 1 chambre,https://www.vizzit.fr/fr/property/immobilier/lyon-8eme/Aeyywbhyiqkkkbt6,2026-10-08,45.72357,4.87561
Lyon 9ème (Rhône),470 €/mois,81 m² - 5 pièces - 4 chambres,https://www.vizzit.fr/fr/property/immobilier/lyon-9eme/A2b4g8426g1h8bg5,2026-10-08,45.774094572083925,4.805999009342848
Lyon 8ème (Rhône),658 €/mois,93 m² - 4 pièces - 3 chambres,https://www.vizzit.fr/fr/property/immobilier/lyon-8eme/A67bav13lpvwcbr9,2026-10-08,45.73587878039937,4.867443631854525
Lyon 1er (Rhône),687 €/mois,20 m² - Studio,https://www.vizzit.fr/fr/property/appartement/lyon-1er/Avqcynqss7x3z2qd,2026-10-08,45.76885608938204,4.833800758019232
Lyon 6ème (Rhône),725 €/mois,20 m² - Studio,https://www.vizzit.fr/fr/property/appartement/lyon-6eme/A1wde2rllzg9ze3g,2026-10-08,45.76748538074295,4.851679214132506
Lyon 8ème (Rhône),500 €/mois,75 m² - 5 pièces - 4 chambres,https://www.vizzit.fr/fr/property/immobilier/lyon-8eme/A1fscl9hl8p3x1co,2026-10-08,45.73486420407776,4.87068927891335
Lyon 3ème (Rhône),925 €/mois,44 m² - 2 pièces - 1 chambre,https://www.vizzit.fr/fr/property/appartement/lyon-3eme/Aq57kt0gpcxbqc2r,2026-10-08,45.76134945685393,4.850443332243021
Lyon 9ème (Rhône),553 €/mois,120 m² - 5 pièces - 5 chambres,https://www.vizzit.fr/fr/property/immobilier/lyon-9eme/Alybw0cincyrxohw,2026-10-08,45.77337907568663,4.805025051341966
Lyon 9ème (Rhône),858 €/mois,30 m² - 2 pièces - 1 chambre,https://www.vizzit.fr/fr/property/appartement/lyon-9eme/Av1j8dl7ygq5z11q,2026-10-08,45.773968749858966,4.804170045101917
Lyon 1er (Rhône),660 €/mois,20 m² - Studio,https://www.vizzit.fr/fr/property/appartement/lyon-1er/Aoc93nm3sr2rqm3u,2026-10-08,45.7663148337869,4.832943734145973
Lyon 3ème (Rhône),600 €/mois,18 m² - Studio,https://www.vizzit.fr/fr/property/appartement/lyon-3eme/Amjy43gudaxmye4s,2026-10-08,45.74848,4.86526
Lyon 8ème (Rhône),1 543 €/mois,95 m² - 4 pièces - 3 chambres,https://www.vizzit.fr/fr/property/appartement/lyon-8eme/A7hme0gafvk6x602,2026-10-08,45.73713833877405,4.858193045205751
Lyon 7ème (Rhône),1 005 €/mois,54 m² - 3 pièces - 2 chambres,https://www.vizzit.fr/fr/property/appartement/lyon-7eme/A7s0ewbit9ol0xkw,2026-10-08,45.74677446981148,4.843063192085763
Lyon 5ème (Rhône),630 €/mois,26 m² - Studio,https://www.vizzit.fr/fr/property/appartement/lyon-5eme/At2i74wvi7b9hy2s,2026-10-08,45.76009511788731,4.827828702446621
Lyon 8ème (Rhône),600 €/mois,18 m² - Studio,https://www.vizzit.fr/fr/property/appartement/lyon-8eme/Aonkk9cnqekq25ra,2026-10-08,45.73529095137848,4.871794290834707
Lyon 3ème (Rhône),948 €/mois,49 m² - 2 pièces - 1 chambre,https://www.vizzit.fr/fr/property/appartement/lyon-3eme/Aqufmu7yak54plx0,2026-10-08,45.76114467512544,4.851053817156999
Lyon 9ème (Rhône),470 €/mois,81 m² - 5 pièces - 4 chambres,https://www.vizzit.fr/fr/property/immobilier/lyon-9eme/Asmcl56i6aj88g7v,2026-10-08,45.77423315443055,4.806344590865331
Lyon 6ème (Rhône),2 100 €/mois,80 m² - 2 chambres,https://www.vizzit.fr/fr/property/appartement/lyon-6eme/Aze4hisj09gjq0hb,2026-10-08,45.767201870975974,4.851664033494725
Lyon 6ème (Rhône),1 390 €/mois,44 m² - 1 chambre,https://www.vizzit.fr/fr/property/appartement/lyon-6eme/A10b71sty5xmuv1m,2026-10-08,45.76919315442707,4.851045233647001
Lyon 4ème (Rhône),591 €/mois,29 m² - Studio,https://www.vizzit.fr/fr/property/appartement/lyon-4eme/Amq1qpx4dph8c2oc,2026-10-08,45.7759664726959,4.826514971684046
Lyon 5ème (Rhône),1 217 €/mois,64 m² - 4 pièces - 3 chambres,https://www.vizzit.fr/fr/property/appartement/lyon-5eme/A7qu4evujnoef8eq,2026-10-08,45.76081145310649,4.828409711612555
Lyon 3ème (Rhône),595 €/mois,85 m² - 5 pièces - 5 chambres,https://www.vizzit.fr/fr/property/immobilier/lyon-3eme/Ak8c3acddsds1rmv,2026-10-08,45.75918265844523,4.847264122220264
Lyon 6ème (Rhône),683 €/mois,18 m² - Studio,https://www.vizzit.fr/fr/property/appartement/lyon-6eme/Aktpdgdwf67dj1y2,2026-10-08,45.76747745279093,4.852544779696555
Lyon 3ème (Rhône),698 €/mois,16 m² - Studio,https://www.vizzit.fr/fr/property/appartement/lyon-3eme/Arlw0yj27k15taj5,2026-10-08,45.75904944519694,4.8503119947839055
Lyon 2ème (Rhône),690 €/mois,31 m²,https://www.vizzit.fr/fr/property/appartement/lyon-2eme/Ab6un631zttp5dtg,2026-10-08,45.75507302916934,4.828144892293252
Lyon 3ème (Rhône),900 €/mois,50 m² - Studio,https://www.vizzit.fr/fr/property/appartement/lyon-3eme/A2l6qzmg51wvfvjy,2026-10-08,45.748887,4.878115
Lyon 3ème (Rhône),1 580 €/mois,83 m² - 2 chambres,https://www.vizzit.fr/fr/property/appartement/lyon-3eme/Alp7txgdny0d33ho,2026-10-08,45.76123991342984,4.848732784116013
Lyon 3ème (Rhône),1 269 €/mois,63 m² - 3 pièces - 2 chambres,https://www.vizzit.fr/fr/property/appartement/lyon-3eme/Ai52uxzk42ql29rm,2026-10-08,45.760227915056475,4.850773350219127
Lyon 4ème (Rhône),583 €/mois,21 m² - Studio,https://www.vizzit.fr/fr/property/appartement/lyon-4eme/Ahzpd83826cwwol6,2026-10-08,45.77553279592171,4.826167784223486
Lyon 8ème (Rhône),648 €/mois,18 m² - Studio,https://www.vizzit.fr/fr/property/appartement/lyon-8eme/Aawd9uhov6u2y1o0,2026-10-08,45.735028735168065,4.869662671375457
Lyon 2ème (Rhône),1 112 €/mois,38 m² - 2 pièces - 1 chambre,https://www.vizzit.fr/fr/property/appartement/lyon-2eme/Assodxujnbi9bdse,2026-10-08,45.75328137938003,4.829142534230379
Lyon 7ème (Rhône),850 €/mois,32 m² - 2 pièces - 1 chambre,https://www.vizzit.fr/fr/property/appartement/lyon-7eme/A7nhz4k1cbp3nam2,2026-10-08,45.74430023920253,4.84158558498105
Lyon 1er (Rhône),1 270 €/mois,55 m² - 2 pièces - 1 chambre,https://www.vizzit.fr/fr/property/appartement/lyon-1er/Avlkcy7xrzp0k62u,2026-10-08,45.768190913351454,4.832190577412917
Lyon 7ème (Rhône),738 €/mois,24 m² - Studio,https://www.vizzit.fr/fr/property/appartement/lyon-7eme/A83d2j9giyhxu6ax,2026-10-08,45.74505654122414,4.842755772853487
Lyon 3ème (Rhône),1 108 €/mois,61 m² - 3 pièces - 2 chambres,https://www.vizzit.fr/fr/property/appartement/lyon-3eme/Ad9pnmmajwg2i9dq,2026-10-08,45.759206702561734,4.847980873887091
Lyon 3ème (Rhône),805 €/mois,255 m² - 8 pièces - 8 chambres,https://www.vizzit.fr/fr/property/immobilier/lyon-3eme/Al7uwzsl6tqht5ox,2026-10-08,45.76077458694344,4.851279654903781
Lyon 2ème (Rhône),1 638 €/mois,89 m² - 4 pièces - 3 chambres,https://www.vizzit.fr/fr/property/appartement/lyon-2eme/A8w82tlzxf48xwjd,2026-10-08,45.75400097446909,4.831447669121425
Lyon 3ème (Rhône),1 490 €/mois,65 m² - 4 pièces - 3 chambres,https://www.vizzit.fr/fr/property/appartement/lyon-3eme/Act2zqeyzdqujs9i,2026-10-08,45.75941969041045,4.847812505113957
Lyon 3ème (Rhône),1 314 €/mois,71 m² - 3 pièces - 2 chambres,https://www.vizzit.fr/fr/property/appartement/lyon-3eme/Ar7qyq80w98cna0v,2026-10-08,45.76051389698553,4.8482797419953085
Lyon 9ème (Rhône),697 €/mois,28 m² - Studio,https://www.vizzit.fr/fr/property/appartement/lyon-9eme/Ar83yrm51dao5fzn,2026-10-08,45.77461586677573,4.803943468762478
Lyon 7ème (Rhône),650 €/mois,19 m² - Studio,https://www.vizzit.fr/fr/property/appartement/lyon-7eme/A750o05lj38w37n3,2026-10-08,45.74634750881884,4.8425782754297755
Lyon 3ème (Rhône),576 €/mois,25 m² - Studio,https://www.vizzit.fr/fr/property/appartement/lyon-3eme/Avry11ls5s6pdx39,2026-10-08,45.76106914938035,4.8473898957879795
Lyon 3ème (Rhône),930 €/mois,35 m² - 2 pièces - 1 chambre,https://www.vizzit.fr/fr/property/appartement/lyon-3eme/Ax1mqff536tdas12,2026-10-08,45.76034460122343,4.846877052292461
Lyon 4ème (Rhône),737 €/mois,17 m² - Studio,https://www.vizzit.fr/fr/property/appartement/lyon-4eme/Ahovf4h8rtzt2xsv,2026-10-08,45.77442749144899,4.826637628014666
Lyon 1er (Rhône),1 396 €/mois,55 m² - 3 pièces - 2 chambres,https://www.vizzit.fr/fr/property/appartement/lyon-1er/Adex3slix4nkue0b,2026-10-08,45.76687681110991,4.836594297489853
Lyon 8ème (Rhône),1 744 €/mois,62 m² - 4 pièces - 3 chambres,https://www.vizzit.fr/fr/property/appartement/lyon-8eme/A3f760cjxffp3m49,2026-10-08,45.73518005514455,4.868661677498952
Lyon 8ème (Rhône),530 €/mois,65 m² - 4 pièces - 3 chambres,https://www.vizzit.fr/fr/property/immobilier/lyon-8eme/Ab6aru1uu118q3zh,2026-10-08,45.7365156112725,4.869863839244538
Lyon 3ème (Rhône),1 392 €/mois,72 m² - 3 pièces - 2 chambres,https://www.vizzit.fr/fr/property/appartement/lyon-3eme/A5ibdaiqjskigm7k,2026-10-08,45.76046689138088,4.848015828733694
Lyon 3ème (Rhône),968 €/mois,33 m² - 2 pièces - 1 chambre,https://www.vizzit.fr/fr/property/appartement/lyon-3eme/A3jzalz1o0qotdr6,2026-10-08,45.76042755298449,4.848411905416827
Lyon 7ème (Rhône),613 €/mois,108 m² - 5 pièces - 5 chambres,https://www.vizzit.fr/fr/property/immobilier/lyon-7eme/Aljhbnqpewjcxdsi,2026-10-08,45.74629721074369,4.8435914506209405
Lyon 3ème (Rhône),786 €/mois,27 m² - Studio,https://www.vizzit.fr/fr/property/appartement/lyon-3eme/Adwnn70qwrazrxeu,2026-10-08,45.76077431730032,4.84989579017377
Lyon 1er (Rhône),831 €/mois,31 m² - Studio,https://www.vizzit.fr/fr/property/appartement/lyon-1er/A6tb1j19iof8q30q,2026-10-08,45.76854402001797,4.832290444544112
Lyon 8ème (Rhône),500 €/mois,75 m² - 5 pièces - 4 chambres,https://www.vizzit.fr/fr/property/immobilier/lyon-8eme/Aa4vb07bf4k3aalu,2026-10-08,45.73772079196477,4.869777380192105
Lyon 9ème (Rhône),470 €/mois,81 m² - 5 pièces - 4 chambres,https://www.vizzit.fr/fr/property/immobilier/lyon-9eme/Ah0gp734fj4wbyzt,2026-10-08,45.7733330829455,4.805035575732398
Lyon 8ème (Rhône),555 €/mois,15 m² - Studio,https://www.vizzit.fr/fr/property/appartement/lyon-8eme/Azobzbnes0w2tljh,2026-10-08,45.735925909335755,4.8680171494393205
Lyon 7ème (Rhône),826 €/mois,33 m² - Studio,https://www.vizzit.fr/fr/property/appartement/lyon-7eme/Aiycw4nm8rwjk695,2026-10-08,45.74591790408628,4.841279036536873
Lyon 7ème (Rhône),850 €/mois,28 m² - 1 pièce,https://www.vizzit.fr/fr/property/appartement/lyon-7eme/A1bc9009pa5j9ycg,2026-10-08,45.75121,4.85088
Lyon 3ème (Rhône),610 €/mois,18 m² - Studio,https://www.vizzit.fr/fr/property/appartement/lyon-3eme/Ag0df3c3plsudyra,2026-10-08,45.75882823082949,4.849053501565466
Lyon 9ème (Rhône),506 €/mois,19 m² - Studio,https://www.vizzit.fr/fr/property/appartement/lyon-9eme/Aoan28ktfpoh01u8,2026-10-08,45.772860920716084,4.8039601791634325
Lyon 1er (Rhône),1 240 €/mois,54 m² - 2 pièces - 1 chambre,https://www.vizzit.fr/fr/property/appartement/lyon-1er/Aay8v6rnde19gvkm,2026-10-08,45.767213953596794,4.834730479205766
Lyon 7ème (Rhône),604 €/mois,108 m² - 5 pièces - 5 chambres,https://www.vizzit.fr/fr/property/immobilier/lyon-7eme/Ai81t3yxk5pdapis,2026-10-08,45.74601495724761,4.8402362316296
Lyon 5ème (Rhône),970 €/mois,64 m² - 3 pièces - 2 chambres,https://www.vizzit.fr/fr/property/appartement/lyon-5eme/A97uzfrzapu15ncb,2026-10-08,45.76182139528928,4.829243324066606
Lyon 9ème (Rhône),470 €/mois,81 m² - 5 pièces - 4 chambres,https://www.vizzit.fr/fr/property/immobilier/lyon-9eme/Aw1a5d1bzg9a365q,2026-10-08,45.773381809292545,4.8056767021802385
Lyon 8ème (Rhône),660 €/mois,27 m² - Studio,https://www.vizzit.fr/fr/property/appartement/lyon-8eme/Aws8hy7sw8cfzea1,2026-10-08,45.737763597805454,4.8697591705713075
Lyon 8ème (Rhône),1 056 €/mois,75 m² - 4 pièces - 3 chambres,https://www.vizzit.fr/fr/property/appartement/lyon-8eme/Au5hka3t2sc8p7aa,2026-10-08,45.73665201648646,4.8706493358295875
Lyon 8ème (Rhône),580 €/mois,75 m² - 4 pièces - 3 chambres,https://www.vizzit.fr/fr/property/immobilier/lyon-8eme/Ao2oilgfczlk1gxv,2026-10-08,45.7357174663196,4.871390776019548
Lyon 7ème (Rhône),997 €/mois,54 m² - 2 pièces - 1 chambre,https://www.vizzit.fr/fr/property/appartement/lyon-7eme/Axoz7xjir9rovsnk,2026-10-08,45.743791072782514,4.841534469777474
Lyon 7ème (Rhône),767 €/mois,15 m² - Studio,https://www.vizzit.fr/fr/property/appartement/lyon-7eme/Agfskp77mz3vhlft,2026-10-08,45.7440984076395,4.840970782443328
Lyon 3ème (Rhône),1 030 €/mois,59 m² - 2 pièces - 1 chambre,https://www.vizzit.fr/fr/property/appartement/lyon-3eme/Adhq264bzqms59w9,2026-10-08,45.761246874620426,4.8480527325788065
Lyon 6ème (Rhône),1 300 €/mois,50 m² - 1 chambre,https://www.vizzit.fr/fr/property/appartement/lyon-6eme/Azoeypewqr6hal6z,2026-10-08,45.76982199528326,4.8496666941801685
Lyon 1er (Rhône),1 570 €/mois,66 m² - 4 pièces - 2 chambres,https://www.vizzit.fr/fr/property/appartement/lyon-1er/An3dsr3gbcm3yql3,2026-10-08,45.768263985264184,4.83452921932428
Lyon 8ème (Rhône),500 €/mois,65 m² - 4 pièces - 3 chambres,https://www.vizzit.fr/fr/property/immobilier/lyon-8eme/Ao7n2i9xrq22jjq5,2026-10-08,45.73672613847614,4.870631120812468
Lyon 8ème (Rhône),2 780 €/mois,178 m² - 6 pièces - 5 chambres,https://www.vizzit.fr/fr/property/immobilier/lyon-8eme/Ajf554ut4luo3ya7,2026-10-08,45.73372,4.88337
Lyon 3ème (Rhône),595 €/mois,85 m² - 5 pièces - 5 chambres,https://www.vizzit.fr/fr/property/immobilier/lyon-3eme/Abtrp80z6ya2hg62,2026-10-08,45.7597354022999,4.850206470554266
Lyon 6ème (Rhône),1 335 €/mois,44 m² - 3 pièces - 2 chambres,https://www.vizzit.fr/fr/property/appartement/lyon-6eme/A1tdtr5l0a092uei,2026-10-08,45.768846418113924,4.849950616335568
Lyon 3ème (Rhône),1 290 €/mois,59 m² - 93 m² de terrain - 3 pièces,https://www.vizzit.fr/fr/property/appartement/lyon-3eme/A9ng90epyrfigp27,2026-10-08,45.75936314079057,4.848161594886769
Lyon 1er (Rhône),674 €/mois,21 m² - Studio,https://www.vizzit.fr/fr/property/appartement/lyon-1er/Aluf2ozlciijvt1p,2026-10-08,45.76766627578994,4.836662544309074
Lyon 3ème (Rhône),1 374 €/mois,65 m² - 3 pièces - 2 chambres,https://www.vizzit.fr/fr/property/appartement/lyon-3eme/A3p325z34wfkxmsa,2026-10-08,45.76015231538399,4.84900850318378
Lyon 7ème (Rhône),1 100 €/mois,41 m² - 2 pièces - 1 chambre,https://www.vizzit.fr/fr/property/appartement/lyon-7eme/Avctms291f5e3zpg,2026-10-08,45.752483,4.850765
Lyon 7ème (Rhône),558 €/mois,14 m² - Studio,https://www.vizzit.fr/fr/property/appartement/lyon-7eme/Am1klbhch5td9j4s,2026-10-08,45.74671677831239,4.841978890064596
Lyon 2ème (Rhône),821 €/mois,27 m² - Studio,https://www.vizzit.fr/fr/property/appartement/lyon-2eme/Akpvykvbzo5uig4n,2026-10-08,45.75348951937565,4.827989191889178
Lyon 6ème (Rhône),1 297 €/mois,48 m² - 2 pièces - 1 chambre,https://www.vizzit.fr/fr/property/appartement/lyon-6eme/Acjlcyxlp3d5xrt0,2026-10-08,45.76805058877787,4.852302700639841
Lyon 5ème (Rhône),1 245 €/mois,43 m² - 1 chambre,https://www.vizzit.fr/fr/property/appartement/lyon-5eme/Ajlexlntyvjlwyh1,2026-10-08,45.762392026038164,4.828962756174487
Lyon 3ème (Rhône),1 431 €/mois,66 m² - 3 pièces - 2 chambres,https://www.vizzit.fr/fr/property/appartement/lyon-3eme/Aq0ciid8htzagr3z,2026-10-08,45.76052880143131,4.8474493080662695
Lyon 3ème (Rhône),768 €/mois,38 m² - 2 pièces - 1 chambre,https://www.vizzit.fr/fr/property/appartement/lyon-3eme/An3ucthhwyl01vzt,2026-10-08,45.75869185851853,4.848554603271302
Lyon 5ème (Rhône),620 €/mois,89 m² - 5 pièces - 1 chambre,https://www.vizzit.fr/fr/property/appartement/lyon-5eme/Apwbo7p2t485towj,2026-10-08,45.7636107,4.8261055
Lyon 3ème (Rhône),1 200 €/mois,33 m² - 1 chambre,https://www.vizzit.fr/fr/property/appartement/lyon-3eme/Azsevac4rizam9c5,2026-10-08,45.7614999523386,4.850451072317203
Lyon 7ème (Rhône),750 €/mois,17 m² - Studio,https://www.vizzit.fr/fr/property/appartement/lyon-7eme/Axu4c0g4bpibeaai,2026-10-08,45.7456446423114,4.842504202762822
Lyon 8ème (Rhône),595 €/mois,96 m² - 6 pièces - 5 chambres,https://www.vizzit.fr/fr/property/immobilier/lyon-8eme/Aak16cdob483vwq6,2026-10-08,45.73664129438432,4.871979387916577
Lyon 8ème (Rhône),895 €/mois,55 m² - 3 pièces - 2 chambres,https://www.vizzit.fr/fr/property/appartement/lyon-8eme/Aibf9i4lr6ttzevl,2026-10-08,45.73474,4.85601
Lyon 8ème (Rhône),731 €/mois,46 m² - 2 pièces - 1 chambre,https://www.vizzit.fr/fr/property/appartement/lyon-8eme/Aqu2b8zoyy883h99,2026-10-08,45.73666257086196,4.867419629145538
Lyon 7ème (Rhône),613 €/mois,108 m² - 5 pièces - 5 chambres,https://www.vizzit.fr/fr/property/immobilier/lyon-7eme/Ab3g437wssoivya3,2026-10-08,45.745313287537826,4.843876888281896
Lyon 7ème (Rhône),681 €/mois,58 m² - 4 pièces - 3 chambres,https://www.vizzit.fr/fr/property/immobilier/lyon-7eme/Aso1fy4ytaw75c82,2026-10-08,45.744207147848385,4.841580179620724
Lyon 8ème (Rhône),1 650 €/mois,71 m² - 2 chambres,https://www.vizzit.fr/fr/property/appartement/lyon-8eme/Aqia39t46e6h40ie,2026-10-08,45.73636933122399,4.86961844047286
Lyon 1er (Rhône),445 €/mois,27 m² - Studio,https://www.vizzit.fr/fr/property/appartement/lyon-1er/A0zqfp7dsjjzfp4d,2026-10-08,45.767932303429774,4.834792049841871
Lyon 2ème (Rhône),1 200 €/mois,61 m² - 3 pièces - 2 chambres,https://www.vizzit.fr/fr/property/appartement/lyon-2eme/Agyn9cq7d6w6661m,2026-10-08,45.754018361040366,4.832100118521981
Lyon 2ème (Rhône),1 761 €/mois,93 m² - 4 pièces - 3 chambres,https://www.vizzit.fr/fr/property/appartement/lyon-2eme/Ac7n9333ua0ezwoa,2026-10-08,45.75430542368994,4.828835288263761
Lyon 7ème (Rhône),566 €/mois,79 m² - 4 pièces - 3 chambres,https://www.vizzit.fr/fr/property/immobilier/lyon-7eme/Anrnc4epdhtu0ck2,2026-10-08,45.74690854209275,4.842179218865884
Lyon 7ème (Rhône),695 €/mois,24 m² - 2 pièces - 1 chambre,https://www.vizzit.fr/fr/property/appartement/lyon-7eme/At8llnpe9blujhsy,2026-10-08,45.745184386230235,4.8423243780362135
Lyon 7ème (Rhône),568 €/mois,14 m² - Studio,https://www.vizzit.fr/fr/property/appartement/lyon-7eme/A3ewrv8ryj5v8zzt,2026-10-08,45.74532215826562,4.84413697171653
Lyon 7ème (Rhône),680 €/mois,14 m² - Studio,https://www.vizzit.fr/fr/property/appartement/lyon-7eme/Aymyqrmp467cst8j,2026-10-08,45.74426950954822,4.841672822397406
Lyon 8ème (Rhône),90 €/mois,,https://www.vizzit.fr/fr/property/immobilier/lyon-8eme/Ai6v2nfhtkeo5ek2,2026-10-08,45.74827,4.86151
Lyon 1er (Rhône),673 €/mois,26 m² - 2 pièces - 1 chambre,https://www.vizzit.fr/fr/property/appartement/lyon-1er/Aw35vmnw35l94051,2026-10-08,45.76707025850731,4.835845101539585
Lyon 4ème (Rhône),1 090 €/mois,50 m² - 1 chambre,https://www.vizzit.fr/fr/property/appartement/lyon-4eme/A4h426pkfcp2zywo,2026-10-08,45.77438382905461,4.826828870818404
Lyon 7ème (Rhône),1 190 €/mois,54 m² - 1 chambre,https://www.vizzit.fr/fr/property/appartement/lyon-7eme/Ap5cv2cmdnpfxfsj,2026-10-08,45.7436888725259,4.842446924587154
Lyon 6ème (Rhône),903 €/mois,39 m² - 2 pièces - 1 chambre,https://www.vizzit.fr/fr/property/appartement/lyon-6eme/A8a4lmjfz0qpzx0u,2026-10-08,45.76789900974183,4.850539768560445
Lyon 6ème (Rhône),2 052 €/mois,91 m² - 3 chambres,https://www.vizzit.fr/fr/property/appartement/lyon-6eme/Am1fgxi42gexd4vc,2026-10-08,45.7692309133461,4.852186132741502
Lyon 9ème (Rhône),578 €/mois,120 m² - 5 pièces - 5 chambres,https://www.vizzit.fr/fr/property/immobilier/lyon-9eme/Ay147kbty2op9cft,2026-10-08,45.7733517993711,4.8039093337466205
Lyon 8ème (Rhône),575 €/mois,17 m² - Studio,https://www.vizzit.fr/fr/property/appartement/lyon-8eme/A1zfv1do2c1nqkyd,2026-10-08,45.735828033118715,4.869015872926951
Lyon 3ème (Rhône),1 293 €/mois,69 m² - 3 pièces - 3 chambres,https://www.vizzit.fr/fr/property/appartement/lyon-3eme/Amt3qbdfa6dwuqgi,2026-10-08,45.7613502854577,4.84933902688562
Lyon 8ème (Rhône),1 102 €/mois,64 m² - 3 pièces - 2 chambres,https://www.vizzit.fr/fr/property/appartement/lyon-8eme/Areh56jvvh4zuook,2026-10-08,45.737605556002265,4.868997048081749
Lyon 3ème (Rhône),702 €/mois,109 m² - 7 pièces - 6 chambres,https://www.vizzit.fr/fr/property/immobilier/lyon-3eme/A5cbkpqx9jca5s0q,2026-10-08,45.75953900072679,4.851067189628265
Lyon 6ème (Rhône),790 €/mois,37 m² - 1 chambre,https://www.vizzit.fr/fr/property/appartement/lyon-6eme/Agpc0lfybllqgw63,2026-10-08,45.767686984750405,4.852208834860626
Lyon 3ème (Rhône),850 €/mois,28 m² - 2 pièces - 1 chambre,https://www.vizzit.fr/fr/property/appartement/lyon-3eme/A7cu3zv8odfp53jd,2026-10-08,45.75953943677474,4.8478686658858425
Lyon 6ème (Rhône),900 €/mois,37 m² - Studio,https://www.vizzit.fr/fr/property/appartement/lyon-6eme/Adt0ia6nf3l4gvk1,2026-10-08,45.769319905709374,4.850534785129428
Lyon 6ème (Rhône),1 201 €/mois,64 m² - 3 pièces - 2 chambres,https://www.vizzit.fr/fr/property/appartement/lyon-6eme/Alvjm6y9lm7ytxl7,2026-10-08,45.76814316810494,4.848378266857722
Lyon 7ème (Rhône),778 €/mois,26 m² - Studio,https://www.vizzit.fr/fr/property/appartement/lyon-7eme/A69553f3y7bx8pc1,2026-10-08,45.74577502798435,4.842906732282874
Lyon 7ème (Rhône),700 €/mois,58 m² - 4 pièces - 3 chambres,https://www.vizzit.fr/fr/property/immobilier/lyon-7eme/Aio3fwmwq5tpybjd,2026-10-08,45.745922600016385,4.840754350728905
Lyon 7ème (Rhône),784 €/mois,35 m² - Studio,https://www.vizzit.fr/fr/property/appartement/lyon-7eme/Anvj0l9ebn5ot1fb,2026-10-08,45.74537094998514,4.8430483984091826
Lyon 3ème (Rhône),738 €/mois,109 m² - 7 pièces - 6 chambres,https://www.vizzit.fr/fr/property/immobilier/lyon-3eme/A4418c53x2jmkhty,2026-10-08,45.75949496882763,4.850754867914127
Lyon 3ème (Rhône),933 €/mois,40 m² - 2 pièces - 1 chambre,https://www.vizzit.fr/fr/property/appartement/lyon-3eme/Amf7592dqu49byby,2026-10-08,45.75919125872344,4.848949587285994
Lyon 8ème (Rhône),653 €/mois,17 m² - Studio,https://www.vizzit.fr/fr/property/appartement/lyon-8eme/Al5p3u5s9urlooq1,2026-10-08,45.735287489100784,4.870231816314204
Lyon 3ème (Rhône),1 430 €/mois,78 m² - 4 pièces - 3 chambres,https://www.vizzit.fr/fr/property/appartement/lyon-3eme/Amlo7x6s7sjnalko,2026-10-08,45.76163447015237,4.848047996438379
Lyon 8ème (Rhône),699 €/mois,18 m² - Studio,https://www.vizzit.fr/fr/property/appartement/lyon-8eme/Arwgdqteeljthym6,2026-10-08,45.73639623494719,4.870730623406183
Lyon 7ème (Rhône),1 535 €/mois,88 m² - 4 pièces - 3 chambres,https://www.vizzit.fr/fr/property/appartement/lyon-7eme/Aeittz832bwuaxow,2026-10-08,45.74639582873966,4.840350242253879
Lyon 9ème (Rhône),580 €/mois,31 m² - Studio,https://www.vizzit.fr/fr/property/appartement/lyon-9eme/A3p3lu23ebnwhjdf,2026-10-08,45.77521575028719,4.8048332755746195
Lyon 3ème (Rhône),690 €/mois,20 m²,https://www.vizzit.fr/fr/property/appartement/lyon-3eme/Ascnvgp49bvn1qjo,2026-10-08,45.760996834296726,4.846602991002943
Lyon 7ème (Rhône),599 €/mois,17 m² - Studio,https://www.vizzit.fr/fr/property/appartement/lyon-7eme/A59j3w2kraztz6j6,2026-10-08,45.74534376601424,4.839485434666801
Lyon 4ème (Rhône),863 €/mois,24 m² - Studio,https://www.vizzit.fr/fr/property/appartement/lyon-4eme/Aynuhpa2l2dzubrb,2026-10-08,45.77495442712004,4.82541422263195
Lyon 7ème (Rhône),715 €/mois,30 m² - 1 pièce,https://www.vizzit.fr/fr/property/appartement/lyon-7eme/Aa49vbgpmoreeudh,2026-10-08,45.72920204335633,4.839615606185048
Lyon 8ème (Rhône),1 154 €/mois,60 m² - 2 pièces - 2 chambres,https://www.vizzit.fr/fr/property/appartement/lyon-8eme/A1iry1mjka75bfki,2026-10-08,45.737177797591215,4.871041572166929
Lyon 7ème (Rhône),1 786 €/mois,120 m² - 5 pièces,https://www.vizzit.fr/fr/property/appartement/lyon-7eme/Adr87llhf5ygjjvx,2026-10-08,45.73542,4.8271
Lyon 2ème (Rhône),2 800 €/mois,108 m² - 3 chambres,https://www.vizzit.fr/fr/property/appartement/lyon-2eme/Aepn2a3t40djqqq4,2026-10-08,45.753041768157345,4.829599035230769
Lyon 3ème (Rhône),625 €/mois,255 m² - 8 pièces - 8 chambres,https://www.vizzit.fr/fr/property/immobilier/lyon-3eme/Azfeedsbour5e3n6,2026-10-08,45.75975954314982,4.850407992802617
Lyon 7ème (Rhône),590 €/mois,17 m² - 1 pièce,https://www.vizzit.fr/fr/property/appartement/lyon-7eme/Apbt9sbe6cg81olo,2026-10-08,45.743407,4.849411
Lyon 8ème (Rhône),677 €/mois,20 m² - Studio,https://www.vizzit.fr/fr/property/appartement/lyon-8eme/A910hkxq4gt2osb1,2026-10-08,45.736979355959946,4.870998185973504
Lyon 8ème (Rhône),475 €/mois,19 m² - 1 pièce,https://www.vizzit.fr/fr/property/appartement/lyon-8eme/Agdqzoagnc94olj9,2026-10-08,45.7380922,4.886179
Lyon 5ème (Rhône),1 095 €/mois,49 m² - 1 chambre,https://www.vizzit.fr/fr/property/appartement/lyon-5eme/Au1pkvdvp89natz0,2026-10-08,45.762744858197024,4.828300175300319
Lyon 4ème (Rhône),1 080 €/mois,49 m² - 2 pièces - 2 chambres,https://www.vizzit.fr/fr/property/appartement/lyon-4eme/Axdbwqfbggkihy18,2026-10-08,45.77502342829476,4.828750592493174
Lyon 7ème (Rhône),1 355 €/mois,47 m² - 1 chambre,https://www.vizzit.fr/fr/property/appartement/lyon-7eme/A7gaar385p16lbh2,2026-10-08,45.743921023026395,4.840453802313059
Lyon 2ème (Rhône),2 490 €/mois,86 m² - 2 chambres,https://www.vizzit.fr/fr/property/appartement/lyon-2eme/Awemst83fdz4nrdi,2026-10-08,45.755110896855726,4.830765591862245
Lyon 7ème (Rhône),708 €/mois,22 m² - Studio,https://www.vizzit.fr/fr/property/appartement/lyon-7eme/Azsslw71uuxxa6ru,2026-10-08,45.74419662427767,4.841530438091232
Lyon 3ème (Rhône),941 €/mois,40 m² - 2 pièces - 1 chambre,https://www.vizzit.fr/fr/property/appartement/lyon-3eme/A7g0yj04zhtrz40n,2026-10-08,45.76005796756855,4.846751844214009
Lyon 8ème (Rhône),512 €/mois,15 m² - Studio,https://www.vizzit.fr/fr/property/appartement/lyon-8eme/Ad7q2z446u34vwj2,2026-10-08,45.73483945088709,4.870174968349268
Lyon 7ème (Rhône),611 €/mois,108 m² - 5 pièces - 5 chambres,https://www.vizzit.fr/fr/property/immobilier/lyon-7eme/Ajn22b67c3my3olg,2026-10-08,45.746875771274375,4.841461687103254
Lyon 9ème (Rhône),682 €/mois,92 m² - 4 pièces - 3 chambres,https://www.vizzit.fr/fr/property/immobilier/lyon-9eme/A8jts4isdc1qneez,2026-10-08,45.77579630273732,4.804232133684354
Lyon 3ème (Rhône),639 €/mois,109 m² - 7 pièces - 6 chambres,https://www.vizzit.fr/fr/property/immobilier/lyon-3eme/Aoxt3ffltnmo4ng2,2026-10-08,45.760079348998,4.8509856121807795
Lyon 1er (Rhône),1 150 €/mois,39 m² - 3 pièces - 2 chambres,https://www.vizzit.fr/fr/property/appartement/lyon-1er/Awuvimjdsd08o3eo,2026-10-08,45.7660135311737,4.833624923358702
Lyon 7ème (Rhône),577 €/mois,79 m² - 4 pièces - 3 chambres,https://www.vizzit.fr/fr/property/immobilier/lyon-7eme/At0hw5pmpuvxyrt0,2026-10-08,45.7462191333759,4.8433939466749205
Lyon 7ème (Rhône),520 €/mois,19 m² - Studio,https://www.vizzit.fr/fr/property/appartement/lyon-7eme/Aeop68w7loql6tv2,2026-10-08,45.749026,4.850773
Lyon 1er (Rhône),658 €/mois,42 m² - 2 pièces - 1 chambre,https://www.vizzit.fr/fr/property/appartement/lyon-1er/A4isrpuuqzi9xxg9,2026-10-08,45.76885002597371,4.834993113639871
Lyon 3ème (Rhône),720 €/mois,18 m² - Studio,https://www.vizzit.fr/fr/property/appartement/lyon-3eme/Asyyl73t3u7rik2h,2026-10-08,45.76150155532,4.847665270135658
Lyon 3ème (Rhône),746 €/mois,48 m² - 2 pièces - 1 chambre,https://www.vizzit.fr/fr/property/appartement/lyon-3eme/A1rx37y4tkmjbmgq,2026-10-08,45.761663112579875,4.847942077684486
Lyon 6ème (Rhône),3 990 €/mois,116 m² - 3 chambres,https://www.vizzit.fr/fr/property/appartement/lyon-6eme/Al2jzd4mg1xpvihm,2026-10-08,45.767861818508536,4.852253275893162
Lyon 9ème (Rhône),1 100 €/mois,36 m² - 1 chambre,https://www.vizzit.fr/fr/property/appartement/lyon-9eme/Amr3y2hxx2za3nx1,2026-10-08,45.77438587646079,4.804331869566835
Lyon 8ème (Rhône),1 367 €/mois,89 m² - 3 pièces - 2 chambres,https://www.vizzit.fr/fr/property/appartement/lyon-8eme/Am57t8kog8axt3dp,2026-10-08,45.736520923445745,4.868301418085309
Lyon 1er (Rhône),583 €/mois,20 m² - Studio,https://www.vizzit.fr/fr/property/appartement/lyon-1er/Ajczpx32wacjjujn,2026-10-08,45.768522117807386,4.834884109075177
Lyon 7ème (Rhône),668 €/mois,19 m² - Studio,https://www.vizzit.fr/fr/property/appartement/lyon-7eme/Azu1qlqzkcted6wi,2026-10-08,45.745803999610494,4.843403827842645
Lyon 8ème (Rhône),1 771 €/mois,115 m² - 5 pièces - 4 chambres,https://www.vizzit.fr/fr/property/appartement/lyon-8eme/A583qaegyh2rekc2,2026-10-08,45.735780649509145,4.868263731464365
Lyon 1er (Rhône),1 196 €/mois,71 m² - 2 chambres,https://www.vizzit.fr/fr/property/appartement/lyon-1er/Awkc0oyqcie1roir,2026-10-08,45.76877510777509,4.835728078664587
Lyon 2ème (Rhône),620 €/mois,17 m² - Studio,https://www.vizzit.fr/fr/property/appartement/lyon-2eme/Awmf3yazz81kusr5,2026-10-08,45.75618565007987,4.829929423868278
Lyon 9ème (Rhône),1 300 €/mois,68 m² - 3 pièces - 2 chambres,https://www.vizzit.fr/fr/property/appartement/lyon-9eme/Ah3jvomf802uxj5d,2026-10-08,45.77484804712195,4.804322636089166
Lyon 8ème (Rhône),1 291 €/mois,106 m² - 4 pièces - 3 chambres,https://www.vizzit.fr/fr/property/appartement/lyon-8eme/Axirvn65ptkxvtps,2026-10-08,45.7317,4.8735
Lyon 1er (Rhône),1 190 €/mois,60 m² - 2 pièces - 1 chambre,https://www.vizzit.fr/fr/property/appartement/lyon-1er/As3h8e5ydrtru4qe,2026-10-08,45.76888937671226,4.8355444141828245
Lyon 7ème (Rhône),750 €/mois,21 m² - Studio,https://www.vizzit.fr/fr/property/appartement/lyon-7eme/Anljxpir8sm01mhy,2026-10-08,45.743843405586034,4.842826759453034
Lyon 3ème (Rhône),969 €/mois,61 m² - 3 pièces - 2 chambres,https://www.vizzit.fr/fr/property/appartement/lyon-3eme/Ad1w2qfz29j3i79w,2026-10-08,45.76188262652859,4.850270366221593
Lyon 7ème (Rhône),645 €/mois,18 m² - Studio,https://www.vizzit.fr/fr/property/appartement/lyon-7eme/A0erijy9erfb88ra,2026-10-08,45.74491220847442,4.840750188558068
Lyon 3ème (Rhône),1 290 €/mois,52 m² - 2 chambres,https://www.vizzit.fr/fr/property/appartement/lyon-3eme/Aixsttn5ahiwjhs3,2026-10-08,45.759394868119465,4.847677214824217
Lyon 8ème (Rhône),850 €/mois,33 m² - Studio,https://www.vizzit.fr/fr/property/appartement/lyon-8eme/A2q3gdre6dd7inxh,2026-10-08,45.73694,4.86899
Lyon 8ème (Rhône),1 234 €/mois,52 m² - 3 pièces - 2 chambres,https://www.vizzit.fr/fr/property/appartement/lyon-8eme/Alb3usblar72e3bi,2026-10-08,45.7372613902827,4.867734030540582
Lyon 9ème (Rhône),2 385 €/mois,65 m² - 2 chambres,https://www.vizzit.fr/fr/property/appartement/lyon-9eme/Ak2vr73hdmovf2g8,2026-10-08,45.77500552292166,4.806501755044252
Lyon 1er (Rhône),990 €/mois,28 m²,https://www.vizzit.fr/fr/property/appartement/lyon-1er/A8ufdo0cpd2g11j4,2026-10-08,45.76628852814646,4.833289654932218
Lyon 8ème (Rhône),1 185 €/mois,26 m²,https://www.vizzit.fr/fr/property/appartement/lyon-8eme/A171d7c367mf2tdz,2026-10-08,45.73482829731754,4.869339294998732
Lyon 7ème (Rhône),453 €/mois,19 m² - Studio,https://www.vizzit.fr/fr/property/appartement/lyon-7eme/Akah5mlwxlxw1juy,2026-10-08,45.74951,4.8561
Lyon 5ème (Rhône),3 100 €/mois,170 m² - 4 chambres,https://www.vizzit.fr/fr/property/appartement/lyon-5eme/Auqtdz5g4714qto4,2026-10-08,45.76230374342061,4.8268357942624585
Lyon 7ème (Rhône),890 €/mois,47 m² - 2 pièces - 1 chambre,https://www.vizzit.fr/fr/property/appartement/lyon-7eme/Arqp5jfr6e69kp2c,2026-10-08,45.72849814829884,4.84113393137398
Lyon 1er (Rhône),1 390 €/mois,53 m² - 1 chambre,https://www.vizzit.fr/fr/property/appartement/lyon-1er/A9q5iqgh15ppncee,2026-10-08,45.7667070862314,4.8343807148201625
Lyon 6ème (Rhône),1 495 €/mois,71 m² - 2 chambres,https://www.vizzit.fr/fr/property/appartement/lyon-6eme/Anmr54z9xee11qym,2026-10-08,45.76981983865642,4.851439959718362
Lyon 3ème (Rhône),1 290 €/mois,50 m² - 1 chambre,https://www.vizzit.fr/fr/property/appartement/lyon-3eme/A1i33304fb2ggneh,2026-10-08,45.759853364211104,4.847834017266659
Lyon 3ème (Rhône),1 600 €/mois,65 m² - 2 chambres,https://www.vizzit.fr/fr/property/appartement/lyon-3eme/Aoznck7g5kvke8ce,2026-10-08,45.76164277712081,4.8504308970260075
Lyon 1er (Rhône),1 940 €/mois,81 m² - 3 chambres,https://www.vizzit.fr/fr/property/appartement/lyon-1er/Azpggxsdknag5v6b,2026-10-08,45.76717714522594,4.834471934454381
Lyon 6ème (Rhône),1 185 €/mois,30 m²,https://www.vizzit.fr/fr/property/appartement/lyon-6eme/A510am4rhe7dcx9a,2026-10-08,45.770225491177875,4.849908631035819
Lyon 4ème (Rhône),950 €/mois,53 m² - 1 chambre,https://www.vizzit.fr/fr/property/appartement/lyon-4eme/Axfstl5af206vtsh,2026-10-08,45.77603603406913,4.827791697679847
Lyon 6ème (Rhône),990 €/mois,63 m² - 2 chambres,https://www.vizzit.fr/fr/property/appartement/lyon-6eme/A1jcbmwr2refi61y,2026-10-08,45.76983216805013,4.85061362399273
Lyon 3ème (Rhône),853 €/mois,37 m² - 1 chambre,https://www.vizzit.fr/fr/property/appartement/lyon-3eme/Aoex0vetq0lchsgm,2026-10-08,45.759019547824224,4.848473708080797
Lyon 5ème (Rhône),1 077 €/mois,45 m² - 2 pièces - 1 chambre,https://www.vizzit.fr/fr/property/appartement/lyon-5eme/Av7khe552rrjftc3,2026-10-08,45.7654237,4.8277412
Lyon 7ème (Rhône),1 750 €/mois,62 m² - 2 chambres,https://www.vizzit.fr/fr/property/appartement/lyon-7eme/Amks2ghgoyvldwk0,2026-10-08,45.74572837660999,4.84375691304291
Lyon 2ème (Rhône),2 015 €/mois,65 m² - 2 chambres,https://www.vizzit.fr/fr/property/appartement/lyon-2eme/Akufqxbxjrhx2gvq,2026-10-08,45.754142730977776,4.829790381622317
Lyon 7ème (Rhône),1 900 €/mois,75 m² - 3 chambres,https://www.vizzit.fr/fr/property/appartement/lyon-7eme/Aske95htsevs1ce2,2026-10-08,45.74444760609804,4.841433203326819
Lyon 5ème (Rhône),896 €/mois,40 m² - 1 chambre,https://www.vizzit.fr/fr/property/appartement/lyon-5eme/A83zyyyus82emtpe,2026-10-08,45.76312319075724,4.82597189153975
Lyon 6ème (Rhône),2 600 €/mois,96 m² - 3 chambres,https://www.vizzit.fr/fr/property/appartement/lyon-6eme/Adwzlrebcopj227l,2026-10-08,45.76779937642194,4.852639626375484
Lyon 3ème (Rhône),971 €/mois,40 m² - 2 pièces - 1 chambre,https://www.vizzit.fr/fr/property/appartement/lyon-3eme/Aadmtvmxu1j01iou,2026-10-08,45.761677730863425,4.847396451526062
Lyon 2ème (Rhône),1 165 €/mois,42 m² - 1 chambre,https://www.vizzit.fr/fr/property/appartement/lyon-2eme/Azturkh39tt3xukl,2026-10-08,45.755669754106705,4.8318197830891005
Lyon 7ème (Rhône),1 800 €/mois,114 m² - 4 pièces - 3 chambres,https://www.vizzit.fr/fr/property/appartement/lyon-7eme/Amu6vinbrmdhh8zb,2026-10-08,45.737647,4.838943
Lyon 7ème (Rhône),1 090 €/mois,19 m² - Studio,https://www.vizzit.fr/fr/property/appartement/lyon-7eme/Apbtagw1bi9zn4lf,2026-10-08,45.729182,4.831169
Lyon 3ème (Rhône),880 €/mois,,https://www.vizzit.fr/fr/property/appartement/lyon-3eme/Acwzgl7t9kdtjj3s,2026-10-08,45.75967029858631,4.849133669377198
Lyon 9ème (Rhône),729 €/mois,92 m² - 4 pièces - 3 chambres,https://www.vizzit.fr/fr/property/immobilier/lyon-9eme/Azey024jv7zjxfgn,2026-10-08,45.77565593095067,4.804794191339264
Lyon 7ème (Rhône),1 800 €/mois,75 m² - 2 chambres,https://www.vizzit.fr/fr/property/appartement/lyon-7eme/Arenzwz6yjagsrrz,2026-10-08,45.745674062415056,4.8405989600841055
Lyon 2ème (Rhône),580 €/mois,26 m² - 1 chambre,https://www.vizzit.fr/fr/property/appartement/lyon-2eme/Ad3ig10l76k3jyqo,2026-10-08,45.75600117747904,4.829588771929954
Lyon 6ème (Rhône),1 183 €/mois,18 m²,https://www.vizzit.fr/fr/property/appartement/lyon-6eme/Anbx02mqrarwc1yd,2026-10-08,45.7696504641397,4.850557667162581
Lyon 3ème (Rhône),1 335 €/mois,66 m² - 2 chambres,https://www.vizzit.fr/fr/property/appartement/lyon-3eme/Ab31hhpewhqmspwg,2026-10-08,45.75911084512569,4.849386005946635
Lyon 3ème (Rhône),995 €/mois,30 m² - 1 chambre,https://www.vizzit.fr/fr/property/appartement/lyon-3eme/Azldiwtdfq08ibvw,2026-10-08,45.760054259276956,4.849882322876267
Lyon 8ème (Rhône),860 €/mois,39 m² - 2 pièces,https://www.vizzit.fr/fr/property/appartement/lyon-8eme/Airbc92vidzfsd51,2026-10-08,45.744,4.8747
Lyon 1er (Rhône),1 045 €/mois,44 m² - 1 chambre,https://www.vizzit.fr/fr/property/appartement/lyon-1er/A66sf3h1ho94dddo,2026-10-08,45.76657059084468,4.834643360717656
Lyon 2ème (Rhône),1 290 €/mois,42 m² - 1 chambre,https://www.vizzit.fr/fr/property/appartement/lyon-2eme/Aoz4t029nx15axd3,2026-10-08,45.75478051267638,4.8285224599921435
Lyon 4ème (Rhône),530 €/mois,19 m²,https://www.vizzit.fr/fr/property/appartement/lyon-4eme/A1zsnmtfu03v6rkm,2026-10-08,45.77413755231348,4.828501508235806
Lyon 2ème (Rhône),2 490 €/mois,61 m² - 2 chambres,https://www.vizzit.fr/fr/property/appartement/lyon-2eme/A5hod7pzx62ucaqi,2026-10-08,45.75352429477127,4.828564470118512
Lyon 6ème (Rhône),745 €/mois,25 m²,https://www.vizzit.fr/fr/property/appartement/lyon-6eme/A8jnv43696g7axse,2026-10-08,45.76771490139243,4.849090376032139
Lyon 3ème (Rhône),865 €/mois,19 m²,https://www.vizzit.fr/fr/property/appartement/lyon-3eme/Avw2zmjk9l9lqzfx,2026-10-08,45.762119504936344,4.849183730688668
Lyon 3ème (Rhône),450 €/mois,18 m²,https://www.vizzit.fr/fr/property/appartement/lyon-3eme/Ajpo429a13qz7fo1,2026-10-08,45.76147116618657,4.847657530764495
Lyon 3ème (Rhône),595 €/mois,22 m²,https://www.vizzit.fr/fr/property/appartement/lyon-3eme/Aafxxlj836pfelz2,2026-10-08,45.759167336243564,4.8490187584800655
Lyon 1er (Rhône),985 €/mois,48 m² - 2 pièces - 1 chambre,https://www.vizzit.fr/fr/property/immobilier/lyon-1er/Ay1t1sa8qstfe5o9,2026-10-08,45.767380785314586,4.832282050585873
Lyon 2ème (Rhône),2 775 €/mois,96 m² - 2 chambres,https://www.vizzit.fr/fr/property/appartement/lyon-2eme/Aeoco041oet6oeiu,2026-10-08,45.75478545207767,4.8311964078154634
Lyon 8ème (Rhône),940 €/mois,57 m² - 3 pièces - 2 chambres,https://www.vizzit.fr/fr/property/appartement/lyon-8eme/Ani26yz9yoth37ss,2026-10-08,45.725036,4.876814
Lyon 8ème (Rhône),1 185 €/mois,25 m²,https://www.vizzit.fr/fr/property/appartement/lyon-8eme/Ay9dzji3pi164us3,2026-10-08,45.73704869416447,4.870953941537532
Lyon 3ème (Rhône),1 185 €/mois,52 m² - 1 chambre,https://www.vizzit.fr/fr/property/appartement/lyon-3eme/A2wu3anigzkxfwsw,2026-10-08,45.75895807963895,4.848415642535989
Lyon 3ème (Rhône),1 050 €/mois,39 m² - 1 chambre,https://www.vizzit.fr/fr/property/appartement/lyon-3eme/A7w0fr8k6bhx02ix,2026-10-08,45.759962821604134,4.848205452912074
Lyon 6ème (Rhône),1 090 €/mois,32 m²,https://www.vizzit.fr/fr/property/appartement/lyon-6eme/Ag9xy4v529h2qw2g,2026-10-08,45.76786812527401,4.852686872497803
Lyon 2ème (Rhône),2 200 €/mois,60 m² - 2 chambres,https://www.vizzit.fr/fr/property/appartement/lyon-2eme/Aawp51t4tghpbn01,2026-10-08,45.75531397621796,4.829280056961457
Lyon 7ème (Rhône),1 150 €/mois,58 m² - 3 pièces - 2 chambres,https://www.vizzit.fr/fr/property/appartement/lyon-7eme/A66dzx72ygvkv2e7,2026-10-08,45.74514,4.84205
Lyon 8ème (Rhône),583 356 €/mois,1 883 m²,https://www.vizzit.fr/fr/property/immobilier/lyon-8eme/A2ai9afmljbq3rmr,2026-10-08,45.73443694108754,4.8683096248819675
Lyon 8ème (Rhône),120 €/mois,,https://www.vizzit.fr/fr/property/immobilier/lyon-8eme/Am5269iaanehgpkq,2026-10-08,45.73469629664289,4.869795464922655
Lyon 9ème (Rhône),688 €/mois,92 m² - 4 pièces - 3 chambres,https://www.vizzit.fr/fr/property/immobilier/lyon-9eme/A3m3gd6b0p8qkhq9,2026-10-08,45.77480816973378,4.805242375095786
Lyon 1er (Rhône),3 180 €/mois,122 m² - 3 pièces - 2 chambres,https://www.vizzit.fr/fr/property/immobilier/lyon-1er/Avdlo2qdrjpx4pkd,2026-10-08,45.76819680621355,4.83451037617557
Lyon 8ème (Rhône),558 €/mois,75 m² - 4 pièces - 3 chambres,https://www.vizzit.fr/fr/property/immobilier/lyon-8eme/Aczbh6td8mi0ryd6,2026-10-08,45.735791614903434,4.869879690191153
Lyon 8ème (Rhône),956 €/mois,55 m² - 3 pièces - 2 chambres,https://www.vizzit.fr/fr/property/appartement/lyon-8eme/A0uso5ys0l5ghjyx,2026-10-08,45.73637953772253,4.871678049855482
Lyon 3ème (Rhône),670 €/mois,80 m²,https://www.vizzit.fr/fr/property/appartement/lyon-3eme/Ae208xxwb85nxliy,2026-10-08,45.760600925122105,4.847575830964539
Lyon 1er (Rhône),680 €/mois,60 m²,https://www.vizzit.fr/fr/property/appartement/lyon-1er/A557pgpglwb0f630,2026-10-08,45.76612805540834,4.834418496983156
Lyon 7ème (Rhône),9 108 €/mois,26 m²,https://www.vizzit.fr/fr/property/immobilier/lyon-7eme/Ak400gxdvi8krih9,2026-10-08,45.73583968967715,4.845733230744825
Lyon 3ème (Rhône),625 €/mois,200 m²,https://www.vizzit.fr/fr/property/appartement/lyon-3eme/Adcw01pia7fxc8x8,2026-10-08,45.759280696354246,4.849803897435747
Lyon 8ème (Rhône),918 €/mois,63 m² - 3 pièces,https://www.vizzit.fr/fr/property/immobilier/lyon-8eme/Avq19tukff1lld70,2026-10-08,45.734901314424164,4.8707833395999
Lyon 7ème (Rhône),1 247 €/mois,76 m² - 4 pièces,https://www.vizzit.fr/fr/property/appartement/lyon-7eme/Avrfcm1ngp66d1xz,2026-10-08,45.74642888212009,4.843577987338549
Lyon 7ème (Rhône),18 000 €/mois,70 m²,https://www.vizzit.fr/fr/property/immobilier/lyon-7eme/Ar5b01b61ifjdcrh,2026-10-08,45.73618816682303,4.8451373280833785
Lyon 9ème (Rhône),1 250 €/mois,31 m²,https://www.vizzit.fr/fr/property/appartement/lyon-9eme/A5h2csxpu6huiqwv,2026-10-08,45.773560187573715,4.8068309092478785
Lyon 8ème (Rhône),1 319 €/mois,84 m² - 4 pièces,https://www.vizzit.fr/fr/property/immobilier/lyon-8eme/A1c11blei3k9at4j,2026-10-08,45.736845492662354,4.868936890805215
Lyon 2ème (Rhône),725 €/mois,80 m²,https://www.vizzit.fr/fr/property/appartement/lyon-2eme/Abmdxsn4yseby0b0,2026-10-08,45.75615043914763,4.829726239842851
Lyon 7ème (Rhône),13 788 €/mois,65 m²,https://www.vizzit.fr/fr/property/immobilier/lyon-7eme/An6fkw7v92wcyldj,2026-10-08,45.734525712173394,4.842304416690182
Lyon 7ème (Rhône),840 €/mois,40 m² - 1 pièce,https://www.vizzit.fr/fr/property/appartement/lyon-7eme/Ai91zwc4u8lmz6kx,2026-10-08,45.75103,4.853
Lyon 8ème (Rhône),13 056 €/mois,87 m²,https://www.vizzit.fr/fr/property/immobilier/lyon-8eme/A7bk3zok4yvcify5,2026-10-08,45.735345342376725,4.869023593569615
Lyon 7ème (Rhône),643 896 €/mois,3 679 m²,https://www.vizzit.fr/fr/property/immobilier/lyon-7eme/Apsss53j8y6fial2,2026-10-08,45.7361046931954,4.844779400804843
Lyon 8ème (Rhône),150 000 €/mois,551 m²,https://www.vizzit.fr/fr/property/immobilier/lyon-8eme/A6atpjftipe06wit,2026-10-08,45.734684925641886,4.868975555166681
Lyon 7ème (Rhône),128 952 €/mois,755 m²,https://www.vizzit.fr/fr/property/immobilier/lyon-7eme/Ahrdcy0znkrqinvi,2026-10-08,45.73520420986226,4.841643146839154
Lyon 7ème (Rhône),15 204 €/mois,78 m²,https://www.vizzit.fr/fr/property/immobilier/lyon-7eme/A9bn9zcgg36gfgj8,2026-10-08,45.73542265599908,4.844046782602349
Lyon 7ème (Rhône),777 420 €/mois,,https://www.vizzit.fr/fr/property/immobilier/lyon-7eme/A3ikykwafa2lbmrv,2026-10-08,45.731924966754114,4.841059723108138
Lyon 7ème (Rhône),27 000 €/mois,135 m²,https://www.vizzit.fr/fr/property/immobilier/lyon-7eme/Agudq5p7lphtda7v,2026-10-08,45.736863600696104,4.843577949731953
Lyon 7ème (Rhône),11 508 €/mois,46 m²,https://www.vizzit.fr/fr/property/immobilier/lyon-7eme/A53ziprh2cc24ia1,2026-10-08,45.73509045992429,4.842144540515224
Lyon 7ème (Rhône),54 744 €/mois,322 m²,https://www.vizzit.fr/fr/property/immobilier/lyon-7eme/A3ty668yn8pfkam6,2026-10-08,45.73611060972791,4.843470876608807
Lyon 8ème (Rhône),16 800 €/mois,124 m²,https://www.vizzit.fr/fr/property/immobilier/lyon-8eme/Aw9l1jilypa4g2kl,2026-10-08,45.73468009541303,4.870603032351719
Lyon 7ème (Rhône),103 008 €/mois,526 m²,https://www.vizzit.fr/fr/property/immobilier/lyon-7eme/A46sp1z4juhgjx9f,2026-10-08,45.73642476161488,4.845080249117459
Lyon 6ème (Rhône),2 660 €/mois,127 m² - 4 pièces - 3 chambres,https://www.vizzit.fr/fr/property/appartement/lyon-6eme/Auv2e4kuc5gbx38y,2026-10-08,45.776481,4.844984
Lyon 7ème (Rhône),22 500 €/mois,150 m²,https://www.vizzit.fr/fr/property/immobilier/lyon-7eme/Aml0jh2gx0fngv5q,2026-10-08,45.73518600963148,4.842114367166555
Lyon 7ème (Rhône),13 092 €/mois,76 m²,https://www.vizzit.fr/fr/property/immobilier/lyon-7eme/Af22itykf0ik31uo,2026-10-08,45.73552770871357,4.841936176883395
Lyon 7ème (Rhône),14 400 €/mois,51 m²,https://www.vizzit.fr/fr/property/immobilier/lyon-7eme/Akkoohcc41ezb8kv,2026-10-08,45.73620889916915,4.843080683221295
Lyon 7ème (Rhône),45 012 €/mois,364 m²,https://www.vizzit.fr/fr/property/immobilier/lyon-7eme/A6a7n5328vltfvc1,2026-10-08,45.735954828728396,4.8430550798378595
Lyon 7ème (Rhône),120 000 €/mois,967 m²,https://www.vizzit.fr/fr/property/immobilier/lyon-7eme/Awogfkgz93tp9lnh,2026-10-08,45.734013087699786,4.845308920138711
Lyon 7ème (Rhône),22 800 €/mois,152 m²,https://www.vizzit.fr/fr/property/immobilier/lyon-7eme/Agpd9kx72ikdfuku,2026-10-08,45.73674628818684,4.842564494587478
Lyon 7ème (Rhône),339 612 €/mois,1 698 m²,https://www.vizzit.fr/fr/property/immobilier/lyon-7eme/Ao2p9tovvpn3easl,2026-10-08,45.736790978959775,4.845224670965086
Lyon 7ème (Rhône),770 €/mois,35 m² - 2 pièces - 1 chambre,https://www.vizzit.fr/fr/property/appartement/lyon-7eme/A2nio2bu5znec3r9,2026-10-08,45.73497,4.83956
Lyon 8ème (Rhône),161 508 €/mois,1 900 m²,https://www.vizzit.fr/fr/property/immobilier/lyon-8eme/A0trqp7nig5xjhij,2026-10-08,45.73295919182556,4.868737922434641
Lyon 8ème (Rhône),37 200 €/mois,372 m²,https://www.vizzit.fr/fr/property/immobilier/lyon-8eme/Ahng8ec7eyxrq3a3,2026-10-08,45.73341082516446,4.868347931538561
Lyon 7ème (Rhône),19 008 €/mois,88 m²,https://www.vizzit.fr/fr/property/immobilier/lyon-7eme/A0l5p83oigf06on3,2026-10-08,45.7340836946727,4.844272069185251
Lyon 7ème (Rhône),712 €/mois,19 m² - Studio,https://www.vizzit.fr/fr/property/appartement/lyon-7eme/Afdpn6eo9zdfbxuk,2026-10-08,45.74033,4.85145
Lyon 7ème (Rhône),36 564 €/mois,94 m²,https://www.vizzit.fr/fr/property/immobilier/lyon-7eme/Ak91qvmmkq00ykxh,2026-10-08,45.734151168352675,4.843883723454515
Lyon 8ème (Rhône),938 €/mois,51 m² - 2 pièces,https://www.vizzit.fr/fr/property/appartement/lyon-8eme/Aat19t3c1j5k7ylj,2026-10-08,45.74178,4.86743
Lyon 7ème (Rhône),18 804 €/mois,110 m²,https://www.vizzit.fr/fr/property/immobilier/lyon-7eme/A6popwwwh1477dbn,2026-10-08,45.735216268901034,4.8439922728371565
Lyon 8ème (Rhône),972 €/mois,46 m² - 2 pièces - 1 chambre,https://www.vizzit.fr/fr/property/appartement/lyon-8eme/Acicj8llfx9j5v93,2026-10-08,45.736389,4.855317
Lyon 7ème (Rhône),56 352 €/mois,342 m²,https://www.vizzit.fr/fr/property/immobilier/lyon-7eme/A1a6enkp006qkuza,2026-10-08,45.73518682713172,4.842578420466838
Lyon 7ème (Rhône),44 880 €/mois,408 m²,https://www.vizzit.fr/fr/property/immobilier/lyon-7eme/Au994e6reu6rgbvr,2026-10-08,45.73466852393876,4.845681362775513
Lyon 3ème (Rhône),550 €/mois,125 m² - 6 pièces - 5 chambres,https://www.vizzit.fr/fr/property/immobilier/lyon-3eme/Aa6ekj1klcbh86xt,2026-10-08,45.74306,4.88982
Lyon 8ème (Rhône),600 €/mois,32 m² - 2 pièces - 1 chambre,https://www.vizzit.fr/fr/property/appartement/lyon-8eme/Ax1n9uhxhfz3lf40,2026-10-08,45.74418,4.8733
Lyon 7ème (Rhône),35 208 €/mois,220 m²,https://www.vizzit.fr/fr/property/immobilier/lyon-7eme/Axrggv3g3pw9e1m3,2026-10-08,45.73482055044386,4.842481519640267
Lyon 7ème (Rhône),18 000 €/mois,71 m²,https://www.vizzit.fr/fr/property/immobilier/lyon-7eme/Apksf6tj97ium33m,2026-10-08,45.736956702665225,4.843368078581531
Lyon 8ème (Rhône),1 170 €/mois,,https://www.vizzit.fr/fr/property/appartement/lyon-8eme/Az1fjfbwklqdbiyq,2026-10-08,45.735504911778804,4.870207919161875
Lyon 7ème (Rhône),21 252 €/mois,125 m²,https://www.vizzit.fr/fr/property/immobilier/lyon-7eme/Asb8t4l6lsfjnkgl,2026-10-08,45.73558252487243,4.8464698256873575
Lyon 7ème (Rhône),120 000 €/mois,967 m²,https://www.vizzit.fr/fr/property/immobilier/lyon-7eme/Avw2oy1upu8hqtfn,2026-10-08,45.734401933077116,4.843517011813691
Lyon 7ème (Rhône),93 000 €/mois,547 m²,https://www.vizzit.fr/fr/property/immobilier/lyon-7eme/Aa1h9hvkgdnc6msg,2026-10-08,45.73568377608716,4.84326401070878
Lyon 7ème (Rhône),1 044 €/mois,68 m² - 3 pièces,https://www.vizzit.fr/fr/property/appartement/lyon-7eme/Av0iqdwrxsttp6gs,2026-10-08,45.73402,4.82672
Lyon 7ème (Rhône),94 008 €/mois,884 m²,https://www.vizzit.fr/fr/property/immobilier/lyon-7eme/Awdrp2pbz1ngvuxo,2026-10-08,45.73606561862308,4.846143202851453
Lyon 7ème (Rhône),332 220 €/mois,2 373 m²,https://www.vizzit.fr/fr/property/immobilier/lyon-7eme/Abcfdap4cx332lwh,2026-10-08,45.73609949204331,4.845456527958164
Lyon 7ème (Rhône),52 548 €/mois,339 m²,https://www.vizzit.fr/fr/property/immobilier/lyon-7eme/Axju17et21kk2vv3,2026-10-08,45.73427273970947,4.843238762606556
Lyon 7ème (Rhône),33 660 €/mois,187 m²,https://www.vizzit.fr/fr/property/immobilier/lyon-7eme/A63dmi6dsbki73xm,2026-10-08,45.73610531910337,4.842264934979571
Lyon 8ème (Rhône),547 €/mois,30 m² - 1 pièce,https://www.vizzit.fr/fr/property/appartement/lyon-8eme/A64ykhu6jlqboh7p,2026-10-08,45.74203,4.85911
Lyon 8ème (Rhône),470 €/mois,20 m² - Studio,https://www.vizzit.fr/fr/property/appartement/lyon-8eme/A3g49naaq8lf9c8m,2026-10-08,45.72844,4.88307
Lyon 7ème (Rhône),600 €/mois,21 m² - Studio,https://www.vizzit.fr/fr/property/appartement/lyon-7eme/Ayytqgm27f5ureen,2026-10-08,45.74359,4.83943
Lyon 7ème (Rhône),630 €/mois,18 m² - Studio,https://www.vizzit.fr/fr/property/appartement/lyon-7eme/Aa2960a9xak3cdh4,2026-10-08,45.743407,4.849411
Lyon 8ème (Rhône),593 €/mois,45 m² - 2 pièces - 1 chambre,https://www.vizzit.fr/fr/property/appartement/lyon-8eme/Abc71cwwtbkfb9kd,2026-10-08,45.72624,4.88335
Lyon 7ème (Rhône),367 €/mois,20 m² - 1 pièce,https://www.vizzit.fr/fr/property/appartement/lyon-7eme/A83ow3igfmauv0p6,2026-10-08,45.726744,4.827211
Lyon 8ème (Rhône),680 €/mois,18 m² - 1 pièce,https://www.vizzit.fr/fr/property/appartement/lyon-8eme/A78kg3vilnq0rdii,2026-10-08,45.741647,4.8595624
Lyon 8ème (Rhône),670 €/mois,37 m² - 2 pièces,https://www.vizzit.fr/fr/property/appartement/lyon-8eme/Abqgi4bf2q81kwyk,2026-10-08,45.727461,4.853697
Lyon 7ème (Rhône),700 €/mois,39 m² - 2 pièces - 1 chambre,https://www.vizzit.fr/fr/property/appartement/lyon-7eme/A1c16y1swskadtil,2026-10-08,45.73122,4.84021
Lyon 3ème (Rhône),650 €/mois,17 m² - Studio,https://www.vizzit.fr/fr/property/appartement/lyon-3eme/A3q8azkwp28u39n2,2026-10-08,45.7464,4.88501
Lyon 3ème (Rhône),700 €/mois,32 m² - 1 pièce,https://www.vizzit.fr/fr/property/appartement/lyon-3eme/A05eee31bmif20fz,2026-10-08,45.7564,4.84442
Lyon 7ème (Rhône),441 €/mois,21 m² - 1 pièce,https://www.vizzit.fr/fr/property/appartement/lyon-7eme/A5109ks4wyxnb5nl,2026-10-08,45.74424,4.84239
Lyon 3ème (Rhône),690 €/mois,29 m² - Studio,https://www.vizzit.fr/fr/property/appartement/lyon-3eme/Ayyll6ur3tedkcu7,2026-10-08,45.75485,4.86209
Lyon 7ème (Rhône),520 €/mois,21 m² - Studio,https://www.vizzit.fr/fr/property/appartement/lyon-7eme/A5kg2r7ly5e84lc5,2026-10-08,45.74608,4.84186
Lyon 3ème (Rhône),681 €/mois,42 m² - 2 pièces - 1 chambre,https://www.vizzit.fr/fr/property/appartement/lyon-3eme/Aqvnrho0ao1ozlnj,2026-10-08,45.75268,4.868504
Lyon 7ème (Rhône),629 €/mois,18 m² - 1 pièce,https://www.vizzit.fr/fr/property/appartement/lyon-7eme/A9k2hewqdiibf1gf,2026-10-08,45.7485964,4.8513825
Lyon 2ème (Rhône),655 €/mois,80 m²,https://www.vizzit.fr/fr/property/appartement/lyon-2eme/A0yw81g1dwozyugu,2026-10-08,45.75343498629466,4.8284834455206695
Lyon 8ème (Rhône),660 €/mois,40 m² - Studio,https://www.vizzit.fr/fr/property/appartement/lyon-8eme/Ak8m58x8scm1oreo,2026-10-08,45.72966,4.86673
Lyon 8ème (Rhône),530 €/mois,18 m² - Studio,https://www.vizzit.fr/fr/property/appartement/lyon-8eme/A60yibdnn377l2qk,2026-10-08,45.74329,4.87397
Lyon 8ème (Rhône),440 €/mois,19 m² - Studio,https://www.vizzit.fr/fr/property/appartement/lyon-8eme/Alz5cf12yxg3s8us,2026-10-08,45.72549,4.86749
Lyon 3ème (Rhône),690 €/mois,15 m² - Studio,https://www.vizzit.fr/fr/property/appartement/lyon-3eme/A0s8aae9c5j2k0it,2026-10-08,45.75597,4.84459
Lyon 8ème (Rhône),391 €/mois,19 m² - 1 pièce,https://www.vizzit.fr/fr/property/appartement/lyon-8eme/Aiy5t19ryfaze4cv,2026-10-08,45.73521,4.860246
Lyon 8ème (Rhône),690 €/mois,31 m² - 1 pièce,https://www.vizzit.fr/fr/property/appartement/lyon-8eme/Aiz3bzz5ciza5b6a,2026-10-08,45.74139,4.86025
Lyon 3ème (Rhône),680 €/mois,80 m²,https://www.vizzit.fr/fr/property/appartement/lyon-3eme/Ank1gsme1jz9q3d6,2026-10-08,45.76148080365193,4.848869622777448
Lyon 8ème (Rhône),650 €/mois,18 m² - Studio,https://www.vizzit.fr/fr/property/appartement/lyon-8eme/A86kz2zawpx1nenl,2026-10-08,45.73964,4.88953
Lyon 7ème (Rhône),500 €/mois,23 m² - 1 pièce,https://www.vizzit.fr/fr/property/appartement/lyon-7eme/Ac6xiknyu96tnm6v,2026-10-08,45.753125,4.846734
Lyon 3ème (Rhône),695 €/mois,28 m² - Studio,https://www.vizzit.fr/fr/property/appartement/lyon-3eme/Ak22a6hhx77rgg3l,2026-10-08,45.74836,4.8812
Lyon 7ème (Rhône),690 €/mois,32 m² - 1 pièce,https://www.vizzit.fr/fr/property/appartement/lyon-7eme/Ay8jzrtwtn53mozd,2026-10-08,45.748898,4.848361
Lyon 8ème (Rhône),520 €/mois,23 m² - Studio,https://www.vizzit.fr/fr/property/appartement/lyon-8eme/A4tn54347nebalht,2026-10-08,45.74484,4.8598
Lyon 6ème (Rhône),700 €/mois,20 m² - Studio,https://www.vizzit.fr/fr/property/appartement/lyon-6eme/Am9mv6dq8siq7o0c,2026-10-08,45.76897883376766,4.84913072534815
Lyon 7ème (Rhône),630 €/mois,21 m² - Studio,https://www.vizzit.fr/fr/property/appartement/lyon-7eme/Axnc04ygm2e5e9es,2026-10-08,45.72898,4.84038
Lyon 7ème (Rhône),642 €/mois,19 m²,https://www.vizzit.fr/fr/property/appartement/lyon-7eme/A0zlvw8528htk2a2,2026-10-08,45.74083,4.85055
Lyon 8ème (Rhône),445 €/mois,84 m² - 4 pièces - 3 chambres,https://www.vizzit.fr/fr/property/appartement/lyon-8eme/A8aadhgckwwaql9j,2026-10-08,45.72548,4.87199
Lyon 3ème (Rhône),476 €/mois,16 m² - Studio,https://www.vizzit.fr/fr/property/appartement/lyon-3eme/Auy8dfgokm706olu,2026-10-08,45.74736,4.88163
Lyon 8ème (Rhône),495 €/mois,18 m² - Studio,https://www.vizzit.fr/fr/property/appartement/lyon-8eme/Agkhl8bcphk05grg,2026-10-08,45.73819,4.88559
Lyon 3ème (Rhône),560 €/mois,20 m² - Studio,https://www.vizzit.fr/fr/property/appartement/lyon-3eme/A6y0duceizedn3lh,2026-10-08,45.75553,4.8451
Lyon 5ème (Rhône),500 €/mois,,https://www.vizzit.fr/fr/property/appartement/lyon-5eme/Axc58mzavccu4l1x,2026-10-08,45.761706727759396,4.826980553003847
Lyon 5ème (Rhône),500 €/mois,,https://www.vizzit.fr/fr/property/appartement/lyon-5eme/Ad9nqp4zkx3d3l9z,2026-10-08,45.76240358862213,4.827081701528993
Lyon 3ème (Rhône),630 €/mois,,https://www.vizzit.fr/fr/property/appartement/lyon-3eme/Alb1qfoginz4xlnt,2026-10-08,45.76005942160054,4.847321240839708
Lyon 3ème (Rhône),610 €/mois,,https://www.vizzit.fr/fr/property/appartement/lyon-3eme/A82lati9fr5h3gvi,2026-10-08,45.760066998129844,4.8466252897380055
Lyon 3ème (Rhône),590 €/mois,,https://www.vizzit.fr/fr/property/appartement/lyon-3eme/A0mcz2naa5pfg7i5,2026-10-08,45.75953933179847,4.848744820015681
Lyon 3ème (Rhône),560 €/mois,,https://www.vizzit.fr/fr/property/appartement/lyon-3eme/Aq25yktfvpr5aujs,2026-10-08,45.75915983224002,4.847849168343318
Lyon 7ème (Rhône),600 €/mois,70 m²,https://www.vizzit.fr/fr/property/appartement/lyon-7eme/Anolkw8krz62kw3g,2026-10-08,45.746030432416546,4.8440178185615235
Lyon 5ème (Rhône),590 €/mois,,https://www.vizzit.fr/fr/property/appartement/lyon-5eme/A5wdeln0upcaxmjw,2026-10-08,45.760177401244334,4.826711730968053
Lyon 3ème (Rhône),590 €/mois,,https://www.vizzit.fr/fr/property/appartement/lyon-3eme/A6f75rocbq1fcozc,2026-10-08,45.760338975996255,4.846544794156226
Lyon 2ème (Rhône),550 €/mois,36 m²,https://www.vizzit.fr/fr/property/appartement/lyon-2eme/As1ewbs1hinwjrxc,2026-10-08,45.75627713393417,4.829234720375853
Lyon 5ème (Rhône),630 €/mois,,https://www.vizzit.fr/fr/property/appartement/lyon-5eme/Adnvbj6a2ifd7dhw,2026-10-08,45.76165128160175,4.824793965705724
Lyon 5ème (Rhône),600 €/mois,,https://www.vizzit.fr/fr/property/appartement/lyon-5eme/A04g84wscyhwpxz9,2026-10-08,45.763225843573885,4.827102274968836
Lyon 5ème (Rhône),615 €/mois,,https://www.vizzit.fr/fr/property/appartement/lyon-5eme/A081nqu2svagsnnl,2026-10-08,45.76139502106847,4.825176249836632
Lyon 5ème (Rhône),620 €/mois,,https://www.vizzit.fr/fr/property/appartement/lyon-5eme/Aof34uycexai4w9z,2026-10-08,45.762479715076104,4.825291375252417
Lyon 2ème (Rhône),500 €/mois,36 m²,https://www.vizzit.fr/fr/property/appartement/lyon-2eme/A5zh68yki89vbdj2,2026-10-08,45.755297602963964,4.830554467053678
Lyon 2ème (Rhône),500 €/mois,34 m²,https://www.vizzit.fr/fr/property/appartement/lyon-2eme/A8n8r182fycyc13i,2026-10-08,45.75493366321764,4.829293562377649
Lyon 3ème (Rhône),560 €/mois,,https://www.vizzit.fr/fr/property/appartement/lyon-3eme/Az06yxxl5700ssgf,2026-10-08,45.75913941497449,4.84944846879834
Lyon 3ème (Rhône),670 €/mois,100 m²,https://www.vizzit.fr/fr/property/appartement/lyon-3eme/Ap8uqhs88ro0mcek,2026-10-08,45.758997109265614,4.849920162693392
Lyon 7ème (Rhône),590 €/mois,120 m²,https://www.vizzit.fr/fr/property/appartement/lyon-7eme/A6ncnz06mcc0y8n0,2026-10-08,45.746512975490795,4.840244447751523
Lyon 7ème (Rhône),600 €/mois,70 m²,https://www.vizzit.fr/fr/property/appartement/lyon-7eme/Apzmlx7aldyf4g3h,2026-10-08,45.74498391402814,4.839951329227039
Lyon 3ème (Rhône),700 €/mois,,https://www.vizzit.fr/fr/property/appartement/lyon-3eme/A5h2myr4ckjf88cl,2026-10-08,45.76143539022332,4.847960016971383
Lyon 7ème (Rhône),697 €/mois,45 m² - 2 pièces - 1 chambre,https://www.vizzit.fr/fr/property/appartement/lyon-7eme/Ageucalg1zw179gi,2026-10-08,45.747224,4.847048
Lyon 8ème (Rhône),525 €/mois,60 m² - 4 pièces - 3 chambres,https://www.vizzit.fr/fr/property/appartement/lyon-8eme/A8oh2sib0dvy9gfr,2026-10-08,45.73283,4.87206
Lyon 3ème (Rhône),676 €/mois,18 m² - Studio,https://www.vizzit.fr/fr/property/appartement/lyon-3eme/A65ojr8upzp7b3ux,2026-10-08,45.75071,4.88809
Lyon 7ème (Rhône),685 €/mois,15 m² - Studio,https://www.vizzit.fr/fr/property/appartement/lyon-7eme/Ae7ew9rtovaaukh1,2026-10-08,45.73497,4.8277
Lyon 8ème (Rhône),647 €/mois,28 m² - 1 pièce,https://www.vizzit.fr/fr/property/appartement/lyon-8eme/A4gqpule9pnb7gd3,2026-10-08,45.73867,4.86969
Lyon 7ème (Rhône),690 €/mois,38 m² - 2 pièces - 1 chambre,https://www.vizzit.fr/fr/property/appartement/lyon-7eme/An030sz3sceqdi2n,2026-10-08,45.75304,4.84468
Lyon 3ème (Rhône),565 €/mois,80 m²,https://www.vizzit.fr/fr/property/immobilier/lyon-3eme/Afi2jo85izwvpw5n,2026-10-08,45.7608820554807,4.846805721524762
Lyon 7ème (Rhône),659 €/mois,29 m² - 1 pièce,https://www.vizzit.fr/fr/property/appartement/lyon-7eme/Aqrwvdc2ed7x3nx3,2026-10-08,45.752304,4.851281
Lyon 9ème (Rhône),645 €/mois,24 m²,https://www.vizzit.fr/fr/property/appartement/lyon-9eme/Aqoros8i411tie3f,2026-10-08,45.774696727199995,4.80333292622936
Lyon 3ème (Rhône),682 €/mois,46 m² - 2 pièces - 1 chambre,https://www.vizzit.fr/fr/property/appartement/lyon-3eme/A84eapgxitqjlzu4,2026-10-08,45.74552,4.87743
Lyon 7ème (Rhône),660 €/mois,17 m² - Studio,https://www.vizzit.fr/fr/property/appartement/lyon-7eme/Av7f52c2248tfj1m,2026-10-08,45.74423619636044,4.840570548999584
Lyon 7ème (Rhône),651 €/mois,23 m² - Studio,https://www.vizzit.fr/fr/property/appartement/lyon-7eme/Aak2evekk727kw77,2026-10-08,45.744339890523385,4.842198681297402
Lyon 7ème (Rhône),578 €/mois,21 m² - Studio,https://www.vizzit.fr/fr/property/appartement/lyon-7eme/Agmxx36xrjm4oajh,2026-10-08,45.745861622286114,4.843426191782097
Lyon 7ème (Rhône),629 €/mois,18 m² - 1 pièce,https://www.vizzit.fr/fr/property/appartement/lyon-7eme/Agnyjwsc6pmd2n1c,2026-10-08,45.748011,4.8363273
Lyon 7ème (Rhône),878 €/mois,46 m² - 2 pièces - 1 chambre,https://www.vizzit.fr/fr/property/appartement/lyon-7eme/A92wywk3328ycoml,2026-10-08,45.75693750826029,4.8456758239608835
Lyon 8ème (Rhône),995 €/mois,50 m² - 2 pièces - 1 chambre,https://www.vizzit.fr/fr/property/appartement/lyon-8eme/A2hf440e9z8z23jl,2026-10-08,45.7424,4.87437
Lyon 3ème (Rhône),865 €/mois,47 m² - 3 pièces - 2 chambres,https://www.vizzit.fr/fr/property/appartement/lyon-3eme/Azuupmdgvfzi1lbn,2026-10-08,45.74362,4.87856
Lyon 3ème (Rhône),885 €/mois,39 m² - 2 pièces - 1 chambre,https://www.vizzit.fr/fr/property/appartement/lyon-3eme/Aclyt572wtj2jnrq,2026-10-08,45.74551,4.8889
Lyon 7ème (Rhône),996 €/mois,68 m² - 3 pièces,https://www.vizzit.fr/fr/property/appartement/lyon-7eme/Anpdzwkrqrma01sb,2026-10-08,45.74132,4.83303
Lyon 8ème (Rhône),920 €/mois,62 m² - 3 pièces,https://www.vizzit.fr/fr/property/appartement/lyon-8eme/A4z483zdqxd04urh,2026-10-08,45.75056619271267,4.8714753536064554
Lyon 7ème (Rhône),950 €/mois,45 m² - 2 pièces - 1 chambre,https://www.vizzit.fr/fr/property/appartement/lyon-7eme/Axcsaauxcu5szu4z,2026-10-08,45.74784,4.8484
Lyon 8ème (Rhône),940 €/mois,42 m² - 2 pièces - 1 chambre,https://www.vizzit.fr/fr/property/appartement/lyon-8eme/Asjf6qjevdcu8ey7,2026-10-08,45.73236,4.86788
Lyon 3ème (Rhône),846 €/mois,56 m² - 2 pièces - 1 chambre,https://www.vizzit.fr/fr/property/appartement/lyon-3eme/Awtz3b1009a0099u,2026-10-08,45.74464,4.89179
Lyon 7ème (Rhône),970 €/mois,50 m² - 2 pièces - 1 chambre,https://www.vizzit.fr/fr/property/appartement/lyon-7eme/Arbe9m83a5y1gwpt,2026-10-08,45.74736,4.8511
Lyon 8ème (Rhône),950 €/mois,39 m² - 2 pièces - 1 chambre,https://www.vizzit.fr/fr/property/appartement/lyon-8eme/Ao89ejk2k1ewu6tr,2026-10-08,45.74029,4.86165
Lyon 7ème (Rhône),948 €/mois,57 m² - 3 pièces - 2 chambres,https://www.vizzit.fr/fr/property/appartement/lyon-7eme/Azl790qwnhxioamk,2026-10-08,45.736782,4.837606
Lyon 3ème (Rhône),990 €/mois,52 m² - 2 pièces - 1 chambre,https://www.vizzit.fr/fr/property/appartement/lyon-3eme/Al66b6oh00gt76sv,2026-10-08,45.75902030327249,4.850053583681152
Lyon 8ème (Rhône),999 €/mois,63 m² - 3 pièces - 2 chambres,https://www.vizzit.fr/fr/property/appartement/lyon-8eme/Aeww5va984z8tqqv,2026-10-08,45.7434,4.873353
Lyon 7ème (Rhône),890 €/mois,60 m² - 3 pièces,https://www.vizzit.fr/fr/property/appartement/lyon-7eme/Aqhborygkr0w2f3o,2026-10-08,45.72185,4.82498
Lyon 5ème (Rhône),930 €/mois,73 m² - 3 pièces - 2 chambres,https://www.vizzit.fr/fr/property/appartement/lyon-5eme/Aipd9hge8lnqjofi,2026-10-08,45.762255701409885,4.825598800027749
Lyon 8ème (Rhône),950 €/mois,39 m² - 2 pièces - 1 chambre,https://www.vizzit.fr/fr/property/appartement/lyon-8eme/Aayi66731fvvaij9,2026-10-08,45.74043,4.86274
Lyon 6ème (Rhône),832 €/mois,30 m² - 2 pièces,https://www.vizzit.fr/fr/property/appartement/lyon-6eme/Avw9vyzrv1a8d71l,2026-10-08,45.767166397215526,4.849660368940729
Lyon 7ème (Rhône),852 €/mois,43 m² - 2 pièces,https://www.vizzit.fr/fr/property/appartement/lyon-7eme/A2fvqemjts22d7qy,2026-10-08,45.73843,4.83604
Lyon 3ème (Rhône),790 €/mois,,https://www.vizzit.fr/fr/property/appartement/lyon-3eme/Acl2e2yn7v28gfeu,2026-10-08,45.7618933644873,4.849780642257548
Lyon 7ème (Rhône),795 €/mois,55 m² - 2 pièces - 1 chambre,https://www.vizzit.fr/fr/property/appartement/lyon-7eme/Anqcg791ldo5wd50,2026-10-08,45.751216,4.852166
Lyon 7ème (Rhône),792 €/mois,44 m² - 2 pièces - 1 chambre,https://www.vizzit.fr/fr/property/appartement/lyon-7eme/A4yzl33zmwtrcai5,2026-10-08,45.73188,4.83838
Lyon 7ème (Rhône),865 €/mois,39 m² - 2 pièces - 1 chambre,https://www.vizzit.fr/fr/property/appartement/lyon-7eme/Auf0klmbgo72eeoq,2026-10-08,45.74223,4.84975
Lyon 3ème (Rhône),790 €/mois,,https://www.vizzit.fr/fr/property/appartement/lyon-3eme/Akpwy69na8upis16,2026-10-08,45.760748452167775,4.8489597478649085
Lyon 2ème (Rhône),760 €/mois,90 m²,https://www.vizzit.fr/fr/property/appartement/lyon-2eme/Ai3z4pd1pu0xn8p7,2026-10-08,45.75437329366217,4.831286013781424
Lyon 2ème (Rhône),750 €/mois,80 m²,https://www.vizzit.fr/fr/property/appartement/lyon-2eme/A3426w6asyfprqs9,2026-10-08,45.755118126597935,4.831558380637601
Lyon 1er (Rhône),980 €/mois,130 m²,https://www.vizzit.fr/fr/property/appartement/lyon-1er/A7pb212rxtlxe3bn,2026-10-08,45.768417417237856,4.833545622592435
Lyon 8ème (Rhône),965 €/mois,54 m² - 2 pièces - 1 chambre,https://www.vizzit.fr/fr/property/appartement/lyon-8eme/Ag55gy50npxriil0,2026-10-08,45.738716,4.871738
Lyon 3ème (Rhône),821 €/mois,35 m² - 1 pièce,https://www.vizzit.fr/fr/property/appartement/lyon-3eme/Ae9hge8dvpd2q1u5,2026-10-08,45.75117,4.87985
Lyon 7ème (Rhône),895 €/mois,57 m² - 2 pièces - 1 chambre,https://www.vizzit.fr/fr/property/appartement/lyon-7eme/Aqefe8gbyog5ttp1,2026-10-08,45.74312,4.84805
Lyon 3ème (Rhône),850 €/mois,50 m² - 2 pièces - 1 chambre,https://www.vizzit.fr/fr/property/appartement/lyon-3eme/Akal92ov6jmjn2g0,2026-10-08,45.74914,4.88229
Lyon 3ème (Rhône),980 €/mois,42 m² - 2 pièces - 1 chambre,https://www.vizzit.fr/fr/property/appartement/lyon-3eme/Ayhxgrtutbrgw90c,2026-10-08,45.75417,4.85787
Lyon 7ème (Rhône),900 €/mois,50 m² - 2 pièces - 1 chambre,https://www.vizzit.fr/fr/property/appartement/lyon-7eme/Appmscgo49utdi1x,2026-10-08,45.74919,4.85654
Lyon 7ème (Rhône),815 €/mois,38 m² - 2 pièces - 1 chambre,https://www.vizzit.fr/fr/property/appartement/lyon-7eme/Aw14uorxswk4uyn9,2026-10-08,45.73862,4.83146
Lyon 8ème (Rhône),959 €/mois,40 m²,https://www.vizzit.fr/fr/property/appartement/lyon-8eme/Avyixxvhgxf84xzp,2026-10-08,45.73961,4.88141
Lyon 3ème (Rhône),760 €/mois,29 m² - 1 pièce,https://www.vizzit.fr/fr/property/appartement/lyon-3eme/Aaf430f4twr1ciff,2026-10-08,45.74979,4.87687
Lyon 8ème (Rhône),893 €/mois,74 m² - 3 pièces,https://www.vizzit.fr/fr/property/appartement/lyon-8eme/Ahayou7hatjvu2eu,2026-10-08,45.73459,4.85204
Lyon 7ème (Rhône),871 €/mois,45 m² - 2 pièces - 1 chambre,https://www.vizzit.fr/fr/property/appartement/lyon-7eme/Az0klxhpgq8rg1vi,2026-10-08,45.75227,4.84676
Lyon 8ème (Rhône),874 €/mois,63 m² - 3 pièces - 2 chambres,https://www.vizzit.fr/fr/property/appartement/lyon-8eme/Acu8h5352vk51qhs,2026-10-08,45.72443,4.8848
Lyon 3ème (Rhône),730 €/mois,37 m² - 2 pièces - 1 chambre,https://www.vizzit.fr/fr/property/appartement/lyon-3eme/Atkmxvokyw0633j1,2026-10-08,45.75512426992045,4.8570090051171775
Lyon 7ème (Rhône),706 €/mois,34 m² - 2 pièces - 1 chambre,https://www.vizzit.fr/fr/property/appartement/lyon-7eme/A28ful7eoomb0lnr,2026-10-08,45.744043,4.838608
Lyon 8ème (Rhône),838 €/mois,40 m² - 2 pièces - 1 chambre,https://www.vizzit.fr/fr/property/appartement/lyon-8eme/Anyxgytmjqlipmeh,2026-10-08,45.737248,4.868646
Lyon 8ème (Rhône),880 €/mois,48 m² - 2 pièces,https://www.vizzit.fr/fr/property/appartement/lyon-8eme/Ajycf07fqwrne2hx,2026-10-08,45.750880539905275,4.877138261647329
Lyon 8ème (Rhône),850 €/mois,46 m² - 2 pièces,https://www.vizzit.fr/fr/property/appartement/lyon-8eme/Aiccrnqaaptsjekv,2026-10-08,45.72653,4.87702
Lyon 3ème (Rhône),770 €/mois,,https://www.vizzit.fr/fr/property/appartement/lyon-3eme/Aw3i4ni571mzx4y5,2026-10-08,45.76170888056675,4.849611984362456
Lyon 3ème (Rhône),870 €/mois,42 m² - 2 pièces - 1 chambre,https://www.vizzit.fr/fr/property/appartement/lyon-3eme/A0r1wss4s1o5lm5p,2026-10-08,45.760098635232836,4.85006626095872
Lyon 6ème (Rhône),945 €/mois,35 m² - 1 chambre,https://www.vizzit.fr/fr/property/appartement/lyon-6eme/Ath7hp2eldt47gfq,2026-10-08,45.767698582345766,4.852462045687454
Lyon 8ème (Rhône),765 €/mois,41 m² - 2 pièces - 1 chambre,https://www.vizzit.fr/fr/property/appartement/lyon-8eme/Awkjj5fnvbyciuos,2026-10-08,45.73190554402238,4.860096110635633
Lyon 3ème (Rhône),827 €/mois,27 m² - Studio,https://www.vizzit.fr/fr/property/appartement/lyon-3eme/Ak9nxkdfzk6yndt7,2026-10-08,45.74945,4.8867
Lyon 8ème (Rhône),731 €/mois,42 m² - 2 pièces - 1 chambre,https://www.vizzit.fr/fr/property/appartement/lyon-8eme/A02th1pqup4zlm27,2026-10-08,45.723355,4.876476
Lyon 3ème (Rhône),850 €/mois,49 m² - 2 pièces - 1 chambre,https://www.vizzit.fr/fr/property/appartement/lyon-3eme/Aum2zs8yvcf6wp2s,2026-10-08,45.75332,4.86943
Lyon 8ème (Rhône),971 €/mois,66 m² - 3 pièces - 2 chambres,https://www.vizzit.fr/fr/property/appartement/lyon-8eme/Azaqirq6skdzzzc3,2026-10-08,45.73374,4.87212
Lyon 8ème (Rhône),900 €/mois,56 m² - 3 pièces - 2 chambres,https://www.vizzit.fr/fr/property/appartement/lyon-8eme/Ajrth5jm2v71fl16,2026-10-08,45.73475,4.87178
Lyon 7ème (Rhône),952 €/mois,57 m² - 3 pièces - 1 chambre,https://www.vizzit.fr/fr/property/appartement/lyon-7eme/Axdtyj64dvh7jez9,2026-10-08,45.74332,4.83821
Lyon 8ème (Rhône),790 €/mois,56 m² - 3 pièces,https://www.vizzit.fr/fr/property/appartement/lyon-8eme/Ax84w8uc17lfm7hf,2026-10-08,45.72569,4.88077
Lyon 8ème (Rhône),841 €/mois,39 m² - 2 pièces,https://www.vizzit.fr/fr/property/appartement/lyon-8eme/Amjoy8sxpmon2klj,2026-10-08,45.744845,4.868538
Lyon 3ème (Rhône),790 €/mois,,https://www.vizzit.fr/fr/property/appartement/lyon-3eme/Akeuq43yuxqzmmv5,2026-10-08,45.75956818633566,4.848506881596552
Lyon 7ème (Rhône),892 €/mois,84 m² - 4 pièces - 3 chambres,https://www.vizzit.fr/fr/property/appartement/lyon-7eme/Adtv3ej8t9kmggtf,2026-10-08,45.74548,4.85069
Lyon 3ème (Rhône),995 €/mois,58 m² - 3 pièces - 2 chambres,https://www.vizzit.fr/fr/property/appartement/lyon-3eme/Azioggpx1ovffk1q,2026-10-08,45.75108,4.88952
Lyon 3ème (Rhône),780 €/mois,35 m² - 2 pièces - 1 chambre,https://www.vizzit.fr/fr/property/appartement/lyon-3eme/Axn5e2lhh0z4a10x,2026-10-08,45.752718,4.850878
Lyon 8ème (Rhône),805 €/mois,53 m² - 3 pièces,https://www.vizzit.fr/fr/property/appartement/lyon-8eme/Axo0hg87brqv5oga,2026-10-08,45.72881,4.86114
Lyon 1er (Rhône),920 €/mois,19 m²,https://www.vizzit.fr/fr/property/appartement/lyon-1er/Agtut6iaipvg3l94,2026-10-08,45.76576286076192,4.8345927192523135
Lyon 7ème (Rhône),987 €/mois,53 m²,https://www.vizzit.fr/fr/property/appartement/lyon-7eme/Agtyr8xfvrerselx,2026-10-08,45.74656,4.84874
Lyon 8ème (Rhône),965 €/mois,53 m² - 2 pièces,https://www.vizzit.fr/fr/property/appartement/lyon-8eme/Akk87yvejbuswdbk,2026-10-08,45.74387,4.87126
Lyon 7ème (Rhône),850 €/mois,28 m² - 1 chambre,https://www.vizzit.fr/fr/property/appartement/lyon-7eme/Auqj8ffm50ptxhlc,2026-10-08,45.74486062010779,4.839987064531322
Lyon 8ème (Rhône),760 €/mois,40 m² - 1 pièce,https://www.vizzit.fr/fr/property/appartement/lyon-8eme/Adso17chv70s8jil,2026-10-08,45.724832,4.872477
Lyon 8ème (Rhône),709 €/mois,33 m² - 1 pièce,https://www.vizzit.fr/fr/property/appartement/lyon-8eme/Aq3d4f2abuvepz9k,2026-10-08,45.72698,4.869829
Lyon 7ème (Rhône),754 €/mois,47 m² - 2 pièces - 1 chambre,https://www.vizzit.fr/fr/property/appartement/lyon-7eme/Am4hzags4ej7kbal,2026-10-08,45.73049,4.833302
Lyon 8ème (Rhône),812 €/mois,35 m² - 1 pièce,https://www.vizzit.fr/fr/property/appartement/lyon-8eme/Ako5j6rjm1rvqxyd,2026-10-08,45.74076,4.869576
Lyon 1er (Rhône),834 €/mois,29 m² - Studio,https://www.vizzit.fr/fr/property/appartement/lyon-1er/Afp0zarpx2foe69p,2026-10-08,45.76748580858222,4.832188988650732
Lyon 7ème (Rhône),710 €/mois,29 m² - 2 pièces - 1 chambre,https://www.vizzit.fr/fr/property/appartement/lyon-7eme/Au830jjfuwai04zy,2026-10-08,45.74434,4.84726
Lyon 8ème (Rhône),746 €/mois,47 m² - 2 pièces - 1 chambre,https://www.vizzit.fr/fr/property/appartement/lyon-8eme/Auz1sgw6tr0ash0i,2026-10-08,45.72813,4.85051
Lyon 7ème (Rhône),935 €/mois,43 m² - 2 pièces - 1 chambre,https://www.vizzit.fr/fr/property/appartement/lyon-7eme/Ayvhsh8vtyanmb2r,2026-10-08,45.73203,4.83402
Lyon 3ème (Rhône),708 €/mois,,https://www.vizzit.fr/fr/property/appartement/lyon-3eme/Auqdg2s2jwqxkter,2026-10-08,45.76059523653553,4.850491439070242
Lyon 1er (Rhône),920 €/mois,17 m²,https://www.vizzit.fr/fr/property/appartement/lyon-1er/Ar82ts5hor0h8qmi,2026-10-08,45.7673399653298,4.836535769634957
Lyon 7ème (Rhône),755 €/mois,110 m²,https://www.vizzit.fr/fr/property/appartement/lyon-7eme/Aao04hiac80yfvtj,2026-10-08,45.74653605562674,4.843416712489308
Lyon 1er (Rhône),830 €/mois,130 m²,https://www.vizzit.fr/fr/property/appartement/lyon-1er/Ac31r9yehitqcwz3,2026-10-08,45.767839946609676,4.836478289170759
Lyon 8ème (Rhône),980 €/mois,,https://www.vizzit.fr/fr/property/appartement/lyon-8eme/Astikz4u17p97dw2,2026-10-08,45.73709420816834,4.86887100860856
Lyon 2ème (Rhône),740 €/mois,90 m²,https://www.vizzit.fr/fr/property/appartement/lyon-2eme/Aafargr28a5q7o2f,2026-10-08,45.75456364054878,4.828100367138238
Lyon 2ème (Rhône),825 €/mois,150 m²,https://www.vizzit.fr/fr/property/appartement/lyon-2eme/Aqsrsvtitiycxwv2,2026-10-08,45.75379632290712,4.828945736335824
Lyon 3ème (Rhône),790 €/mois,,https://www.vizzit.fr/fr/property/appartement/lyon-3eme/Abzj4tagtf87g046,2026-10-08,45.76114765161995,4.849524147540408
Lyon 3ème (Rhône),800 €/mois,,https://www.vizzit.fr/fr/property/appartement/lyon-3eme/Alew4erhuht1m5s2,2026-10-08,45.75893447969533,4.848172262660747
Lyon 3ème (Rhône),810 €/mois,,https://www.vizzit.fr/fr/property/appartement/lyon-3eme/Ahefn5x0jsirnxng,2026-10-08,45.76098639221486,4.849048521118467
Lyon 3ème (Rhône),880 €/mois,,https://www.vizzit.fr/fr/property/appartement/lyon-3eme/Aqylfn3n11vri8sc,2026-10-08,45.76216886950578,4.8485908874771395
Lyon 7ème (Rhône),845 €/mois,42 m² - 2 pièces - 1 chambre,https://www.vizzit.fr/fr/property/appartement/lyon-7eme/Agc8w13lzqkpkh8f,2026-10-08,45.7364,4.83119
Lyon 3ème (Rhône),830 €/mois,48 m² - 2 pièces - 1 chambre,https://www.vizzit.fr/fr/property/appartement/lyon-3eme/Aji48g93yinus1b7,2026-10-08,45.750737,4.874743
Lyon 8ème (Rhône),790 €/mois,38 m² - 2 pièces - 1 chambre,https://www.vizzit.fr/fr/property/appartement/lyon-8eme/Aao1lrtd6a57o099,2026-10-08,45.735063,4.86476
Lyon 3ème (Rhône),790 €/mois,28 m² - 1 pièce,https://www.vizzit.fr/fr/property/appartement/lyon-3eme/Afd911wos02dsa8i,2026-10-08,45.74795,4.86465
Lyon 8ème (Rhône),920 €/mois,27 m² - 2 pièces - 1 chambre,https://www.vizzit.fr/fr/property/appartement/lyon-8eme/Amkcahftmiiw9x0e,2026-10-08,45.7395,4.86261
Lyon 7ème (Rhône),780 €/mois,27 m² - 2 pièces - 1 chambre,https://www.vizzit.fr/fr/property/appartement/lyon-7eme/Asmni3qt1us948cc,2026-10-08,45.75152,4.84797
Lyon 3ème (Rhône),950 €/mois,41 m² - 2 pièces - 1 chambre,https://www.vizzit.fr/fr/property/appartement/lyon-3eme/Af6n4p1yva1xcjg0,2026-10-08,45.75423,4.86907
Lyon 7ème (Rhône),790 €/mois,35 m² - 2 pièces - 1 chambre,https://www.vizzit.fr/fr/property/appartement/lyon-7eme/Ac3jxr621bbo7m0b,2026-10-08,45.7494,4.85372
Lyon 8ème (Rhône),750 €/mois,9 m² - 3 pièces - 2 chambres,https://www.vizzit.fr/fr/property/appartement/lyon-8eme/Aga6pjyjmfu1j3aq,2026-10-08,45.73276,4.88448
Lyon 3ème (Rhône),880 €/mois,36 m²,https://www.vizzit.fr/fr/property/immobilier/lyon-3eme/Akaferfsvr47xdl9,2026-10-08,45.75958450147871,4.850195413622542
Lyon 3ème (Rhône),770 €/mois,38 m² - 2 pièces - 1 chambre,https://www.vizzit.fr/fr/property/immobilier/lyon-3eme/Avtax4a3k1o6b0n1,2026-10-08,45.75929330731067,4.847470543071829
Lyon 3ème (Rhône),865 €/mois,53 m² - 2 pièces - 1 chambre,https://www.vizzit.fr/fr/property/appartement/lyon-3eme/Agu1zxg4a3ishoop,2026-10-08,45.74814,4.86644
Lyon 3ème (Rhône),850 €/mois,26 m² - 2 pièces - 1 chambre,https://www.vizzit.fr/fr/property/appartement/lyon-3eme/Ak7mbaeeh128fxzf,2026-10-08,45.76065272082821,4.850277896599743
Lyon 7ème (Rhône),960 €/mois,63 m² - 2 pièces - 1 chambre,https://www.vizzit.fr/fr/property/appartement/lyon-7eme/A4u30s7t2x2rqpyf,2026-10-08,45.747337,4.848801
Lyon 8ème (Rhône),1 400 €/mois,89 m² - 4 pièces - 3 chambres,https://www.vizzit.fr/fr/property/appartement/lyon-8eme/Ahudwv91ikrt7bzl,2026-10-08,45.724848,4.884514
Lyon 7ème (Rhône),1 160 €/mois,63 m² - 3 pièces - 2 chambres,https://www.vizzit.fr/fr/property/appartement/lyon-7eme/A0qzf1fu5fm537tx,2026-10-08,45.73883,4.8306
Lyon 7ème (Rhône),1 202 €/mois,87 m² - 4 pièces - 3 chambres,https://www.vizzit.fr/fr/property/appartement/lyon-7eme/A1q71p2wwo2uebrf,2026-10-08,45.74406,4.85164
Lyon 7ème (Rhône),1 044 €/mois,72 m² - 3 pièces - 2 chambres,https://www.vizzit.fr/fr/property/appartement/lyon-7eme/Ajadnb4rfoy1i1m2,2026-10-08,45.742801,4.836555
Lyon 6ème (Rhône),1 378 €/mois,73 m² - 2 pièces - 1 chambre,https://www.vizzit.fr/fr/property/appartement/lyon-6eme/A9wf4yh051s3fr5h,2026-10-08,45.769497,4.851804
Lyon 3ème (Rhône),1 312 €/mois,89 m² - 4 pièces - 3 chambres,https://www.vizzit.fr/fr/property/appartement/lyon-3eme/A958jyac4i3n05np,2026-10-08,45.75146,4.85422
Lyon 7ème (Rhône),1 094 €/mois,75 m² - 2 chambres,https://www.vizzit.fr/fr/property/appartement/lyon-7eme/Atjmigzurtqzx872,2026-10-08,45.73027,4.83779
Lyon 3ème (Rhône),1 400 €/mois,69 m² - 3 pièces - 2 chambres,https://www.vizzit.fr/fr/property/appartement/lyon-3eme/A0klnhvemddlfbxz,2026-10-08,45.74821233514693,4.857194622340618
Lyon 3ème (Rhône),1 190 €/mois,57 m² - 2 pièces - 1 chambre,https://www.vizzit.fr/fr/property/appartement/lyon-3eme/Amrqgkho4dsiq6c3,2026-10-08,45.74767,4.8744
Lyon 8ème (Rhône),1 080 €/mois,56 m² - 4 pièces - 3 chambres,https://www.vizzit.fr/fr/property/appartement/lyon-8eme/Aug8un0wq1733iom,2026-10-08,45.72868157172257,4.85230403265578
Lyon 2ème (Rhône),1 115 €/mois,68 m² - 3 pièces - 2 chambres,https://www.vizzit.fr/fr/property/appartement/lyon-2eme/A41po64vdmz00g8b,2026-10-08,45.758983,4.832605
Lyon 8ème (Rhône),1 097 €/mois,62 m² - 3 pièces,https://www.vizzit.fr/fr/property/appartement/lyon-8eme/A0rsu35ltebr51ob,2026-10-08,45.74337,4.86651
Lyon 7ème (Rhône),1 099 €/mois,51 m² - 2 pièces - 1 chambre,https://www.vizzit.fr/fr/property/appartement/lyon-7eme/Ara2d5oyw1h4tmgu,2026-10-08,45.7515762,4.8475089
Lyon 3ème (Rhône),1 198 €/mois,45 m² - 2 pièces - 1 chambre,https://www.vizzit.fr/fr/property/appartement/lyon-3eme/A5t23ujs5f5zj0yi,2026-10-08,45.76212,4.84606
Lyon 8ème (Rhône),1 300 €/mois,68 m² - 3 pièces - 2 chambres,https://www.vizzit.fr/fr/property/appartement/lyon-8eme/Anbaeramud10zn47,2026-10-08,45.73784,4.88147
Lyon 7ème (Rhône),1 090 €/mois,43 m² - 1 chambre,https://www.vizzit.fr/fr/property/appartement/lyon-7eme/A6s206tpbiiwp8ms,2026-10-08,45.74457177947774,4.841022678328865
Lyon 8ème (Rhône),1 277 €/mois,82 m² - 4 pièces - 3 chambres,https://www.vizzit.fr/fr/property/appartement/lyon-8eme/Awapm4ms6of6gaur,2026-10-08,45.737364,4.866068
Lyon 8ème (Rhône),1 265 €/mois,86 m² - 4 pièces - 3 chambres,https://www.vizzit.fr/fr/property/appartement/lyon-8eme/Aavuce69mw17m06a,2026-10-08,45.73654,4.87474
Lyon 1er (Rhône),1 195 €/mois,57 m² - 2 pièces - 1 chambre,https://www.vizzit.fr/fr/property/appartement/lyon-1er/Acoxuzqc843422ti,2026-10-08,45.767738808453565,4.8354569542831145
Lyon 8ème (Rhône),1 180 €/mois,58 m² - 3 pièces - 2 chambres,https://www.vizzit.fr/fr/property/appartement/lyon-8eme/Asu8m2nuhlqqwxlu,2026-10-08,45.73553,4.86732
Lyon 3ème (Rhône),1 120 €/mois,66 m² - 3 pièces - 2 chambres,https://www.vizzit.fr/fr/property/appartement/lyon-3eme/Ajkv9q0xam119fd6,2026-10-08,45.74985428106401,4.856351313840777
Lyon 7ème (Rhône),1 007 €/mois,47 m² - 2 pièces - 1 chambre,https://www.vizzit.fr/fr/property/appartement/lyon-7eme/Ajhmfzt1c3wsmhbe,2026-10-08,45.742876,4.848855
Lyon 3ème (Rhône),1 107 €/mois,63 m² - 3 pièces - 2 chambres,https://www.vizzit.fr/fr/property/appartement/lyon-3eme/A4x1tj4j0p7yub7p,2026-10-08,45.760864466712455,4.848334500670331
Lyon 8ème (Rhône),1 095 €/mois,59 m² - 3 pièces,https://www.vizzit.fr/fr/property/appartement/lyon-8eme/Apmj32n5aux7o4up,2026-10-08,45.73062,4.86344
Lyon 8ème (Rhône),1 075 €/mois,67 m² - 3 pièces - 2 chambres,https://www.vizzit.fr/fr/property/appartement/lyon-8eme/Avwz6mewtchrt273,2026-10-08,45.74022,4.883967
Lyon 7ème (Rhône),1 048 €/mois,77 m² - 3 pièces - 2 chambres,https://www.vizzit.fr/fr/property/appartement/lyon-7eme/Azc7i0h1iuiycd84,2026-10-08,45.74349,4.85224
Lyon 6ème (Rhône),1 200 €/mois,20 m²,https://www.vizzit.fr/fr/property/appartement/lyon-6eme/A22j5eoqlh1bqg1d,2026-10-08,45.76945969638466,4.848335557108438
Lyon 7ème (Rhône),1 120 €/mois,62 m² - 3 pièces,https://www.vizzit.fr/fr/property/appartement/lyon-7eme/Awvivwk59g8we68k,2026-10-08,45.73027,4.83779
Lyon 3ème (Rhône),1 140 €/mois,39 m² - 2 pièces - 1 chambre,https://www.vizzit.fr/fr/property/appartement/lyon-3eme/Aq93afcnct3em8aw,2026-10-08,45.75208,4.86468
Lyon 3ème (Rhône),1 090 €/mois,60 m² - 3 pièces - 2 chambres,https://www.vizzit.fr/fr/property/appartement/lyon-3eme/Ag3a1j3uyvg7837v,2026-10-08,45.7479,4.86766
Lyon 7ème (Rhône),1 150 €/mois,,https://www.vizzit.fr/fr/property/appartement/lyon-7eme/Ax17m1i8ugo223gi,2026-10-08,45.74509076887932,4.843552147403082
Lyon 6ème (Rhône),1 230 €/mois,30 m² - 1 chambre,https://www.vizzit.fr/fr/property/appartement/lyon-6eme/A50nxms1hxh7x0yg,2026-10-08,45.76870348032021,4.849831922797004
Lyon 8ème (Rhône),1 100 €/mois,20 m²,https://www.vizzit.fr/fr/property/appartement/lyon-8eme/A7j9vyqucc38yzl1,2026-10-08,45.73803225350143,4.869554300760766
Lyon 1er (Rhône),1 200 €/mois,22 m²,https://www.vizzit.fr/fr/property/appartement/lyon-1er/A35l1m7cfdcgk2bm,2026-10-08,45.766118765911706,4.834409824085378
Lyon 6ème (Rhône),1 200 €/mois,20 m²,https://www.vizzit.fr/fr/property/appartement/lyon-6eme/Ahz5p188q6z0py6n,2026-10-08,45.76862460874202,4.852492159138909
Lyon 7ème (Rhône),1 150 €/mois,22 m²,https://www.vizzit.fr/fr/property/appartement/lyon-7eme/Apcotq75475mwol7,2026-10-08,45.74673490941144,4.842683796444007
Lyon 6ème (Rhône),1 230 €/mois,1 chambre,https://www.vizzit.fr/fr/property/appartement/lyon-6eme/Ad0atfn7kqz62ngt,2026-10-08,45.76840539537071,4.851057370067172
Lyon 8ème (Rhône),1 020 €/mois,26 m²,https://www.vizzit.fr/fr/property/appartement/lyon-8eme/A17g88jiinec1u6l,2026-10-08,45.7361847409511,4.872099160610526
Lyon 1er (Rhône),1 290 €/mois,32 m² - 1 chambre,https://www.vizzit.fr/fr/property/appartement/lyon-1er/A63n3w1m01dzjrpm,2026-10-08,45.76805511187427,4.836729477506809
Lyon 3ème (Rhône),1 100 €/mois,30 m²,https://www.vizzit.fr/fr/property/appartement/lyon-3eme/Albix38ovtgk8dm0,2026-10-08,45.75956026908355,4.848566517413507
Lyon 6ème (Rhône),1 275 €/mois,30 m²,https://www.vizzit.fr/fr/property/appartement/lyon-6eme/Au2kqstk57aotghh,2026-10-08,45.769700055916246,4.85222361857337
Lyon 3ème (Rhône),1 150 €/mois,27 m²,https://www.vizzit.fr/fr/property/appartement/lyon-3eme/Aouf1yvhvg5yg71j,2026-10-08,45.75986568530455,4.850179461768098
Lyon 6ème (Rhône),1 150 €/mois,20 m²,https://www.vizzit.fr/fr/property/appartement/lyon-6eme/Ab6rphywe280w2js,2026-10-08,45.7674998207422,4.849883486522717
Lyon 1er (Rhône),1 090 €/mois,23 m²,https://www.vizzit.fr/fr/property/appartement/lyon-1er/Alaatwexgmq3el3v,2026-10-08,45.76576886582416,4.834418737153858
Lyon 3ème (Rhône),1 230 €/mois,55 m² - 1 chambre,https://www.vizzit.fr/fr/property/appartement/lyon-3eme/Acqs37vsw2qa6muq,2026-10-08,45.76068525093401,4.850882185756912
Lyon 3ème (Rhône),1 250 €/mois,40 m² - 1 chambre,https://www.vizzit.fr/fr/property/appartement/lyon-3eme/Ahhvmg26jbdizvxm,2026-10-08,45.76037126029015,4.850834756599041
Lyon 4ème (Rhône),1 280 €/mois,20 m²,https://www.vizzit.fr/fr/property/appartement/lyon-4eme/A1491fql2n40w75w,2026-10-08,45.774425834067124,4.826780213089736
Lyon 3ème (Rhône),1 200 €/mois,1 chambre,https://www.vizzit.fr/fr/property/appartement/lyon-3eme/Aehbsnv9qfn5dks9,2026-10-08,45.760110948949155,4.8493417907398735
Lyon 7ème (Rhône),1 150 €/mois,,https://www.vizzit.fr/fr/property/appartement/lyon-7eme/Av31gps6r8cb88v3,2026-10-08,45.74504059177346,4.840568091841825
Lyon 3ème (Rhône),1 150 €/mois,30 m²,https://www.vizzit.fr/fr/property/appartement/lyon-3eme/Aol00v07loyvdcz8,2026-10-08,45.75973356544211,4.850371961315426
Lyon 3ème (Rhône),1 150 €/mois,30 m²,https://www.vizzit.fr/fr/property/appartement/lyon-3eme/A2jg2pmjcedc6zsq,2026-10-08,45.76059144545648,4.847368985046003
Lyon 7ème (Rhône),1 275 €/mois,28 m²,https://www.vizzit.fr/fr/property/appartement/lyon-7eme/Amqdkk4n8t1hz0q5,2026-10-08,45.7453649108752,4.84241744740374
Lyon 7ème (Rhône),1 190 €/mois,63 m² - 3 pièces - 2 chambres,https://www.vizzit.fr/fr/property/appartement/lyon-7eme/Ao830a82h13qnnqy,2026-10-08,45.75207,4.8452
Lyon 8ème (Rhône),1 395 €/mois,69 m² - 3 pièces - 2 chambres,https://www.vizzit.fr/fr/property/appartement/lyon-8eme/A2mzihy0ndxqysn5,2026-10-08,45.73671,4.87257
Lyon 7ème (Rhône),1 130 €/mois,52 m² - 2 pièces - 1 chambre,https://www.vizzit.fr/fr/property/appartement/lyon-7eme/Ardokdydydpha4kn,2026-10-08,45.73108,4.82788
Lyon 8ème (Rhône),1 260 €/mois,63 m² - 3 pièces - 2 chambres,https://www.vizzit.fr/fr/property/appartement/lyon-8eme/A9k1kqo1t9qfqnn0,2026-10-08,45.73978,4.86144
Lyon 8ème (Rhône),1 300 €/mois,64 m² - 3 pièces - 2 chambres,https://www.vizzit.fr/fr/property/appartement/lyon-8eme/Afnkmb1t8ijasg0s,2026-10-08,45.73663,4.87662
Lyon 3ème (Rhône),1 400 €/mois,69 m² - 3 pièces - 2 chambres,https://www.vizzit.fr/fr/property/appartement/lyon-3eme/Aq9j86rz0d3emb07,2026-10-08,45.75021,4.85922
Lyon 2ème (Rhône),1 235 €/mois,34 m² - 1 chambre,https://www.vizzit.fr/fr/property/appartement/lyon-2eme/A18la3ntwto5wm13,2026-10-08,45.755871044217265,4.830464096963057
Lyon 5ème (Rhône),1 060 €/mois,87 m² - 3 pièces - 2 chambres,https://www.vizzit.fr/fr/property/immobilier/lyon-5eme/A8esu5025732sknh,2026-10-08,45.762259164799296,4.8263440329266825
Lyon 2ème (Rhône),1 156 €/mois,32 m² - 2 pièces - 1 chambre,https://www.vizzit.fr/fr/property/appartement/lyon-2eme/Aet962pf5o303mws,2026-10-08,45.75444496191682,4.829826127833272
Lyon 8ème (Rhône),1 300 €/mois,21 m² - Studio,https://www.vizzit.fr/fr/property/appartement/lyon-8eme/A7xe4xdu3kb3x3p6,2026-10-08,45.73914,4.88793
Lyon 3ème (Rhône),1 295 €/mois,50 m² - 2 chambres,https://www.vizzit.fr/fr/property/appartement/lyon-3eme/A3obpeh51f6wevoe,2026-10-08,45.76078410077508,4.848608687348728
Lyon 5ème (Rhône),1 052 €/mois,47 m² - 3 pièces - 2 chambres,https://www.vizzit.fr/fr/property/appartement/lyon-5eme/Anh904rvo3ajz1l8,2026-10-08,45.762833126492275,4.827232322158972
Lyon 7ème (Rhône),1 200 €/mois,50 m² - 2 pièces,https://www.vizzit.fr/fr/property/appartement/lyon-7eme/Am95c9zaka2bt5dv,2026-10-08,45.75330927577967,4.859353206050336
Lyon 7ème (Rhône),1 300 €/mois,56 m² - 1 chambre,https://www.vizzit.fr/fr/property/appartement/lyon-7eme/Afqtg7p07kh72f5s,2026-10-08,45.745437645788236,4.841630732228815
Lyon 8ème (Rhône),1 130 €/mois,66 m² - 3 pièces - 2 chambres,https://www.vizzit.fr/fr/property/appartement/lyon-8eme/A9svvyk78y25ff1d,2026-10-08,45.73693119205961,4.869345543993846
Lyon 6ème (Rhône),2 500 €/mois,152 m² - 5 pièces - 4 chambres,https://www.vizzit.fr/fr/property/appartement/lyon-6eme/Amxckhtm4z9ib0v2,2026-10-08,45.775283797955744,4.8463560138602375
Lyon 7ème (Rhône),1 775 €/mois,92 m² - 4 pièces - 3 chambres,https://www.vizzit.fr/fr/property/appartement/lyon-7eme/Aqrsetbdc949iw5h,2026-10-08,45.73518,4.82531
Lyon 2ème (Rhône),1 895 €/mois,69 m² - 3 pièces - 2 chambres,https://www.vizzit.fr/fr/property/appartement/lyon-2eme/Aa2crnrlhawnobhs,2026-10-08,45.75725,4.82922
Lyon 2ème (Rhône),2 950 €/mois,157 m² - 5 pièces - 4 chambres,https://www.vizzit.fr/fr/property/appartement/lyon-2eme/An9lmfr6ryh7cnzk,2026-10-08,45.76267,4.83279
Lyon 6ème (Rhône),2 552 €/mois,136 m² - 4 pièces - 3 chambres,https://www.vizzit.fr/fr/property/appartement/lyon-6eme/Aqruou850ljs4eme,2026-10-08,45.75892,4.84681
Lyon 3ème (Rhône),1 650 €/mois,45 m² - 2 pièces - 1 chambre,https://www.vizzit.fr/fr/property/appartement/lyon-3eme/Ag3aj2nlxf32rm30,2026-10-08,45.750328,4.886729
Lyon 7ème (Rhône),1 600 €/mois,38 m² - 1 pièce,https://www.vizzit.fr/fr/property/appartement/lyon-7eme/A361byo5b1a3g9xr,2026-10-08,45.74073,4.8378
Lyon 6ème (Rhône),3 200 €/mois,140 m² - 4 pièces - 3 chambres,https://www.vizzit.fr/fr/property/immobilier/lyon-6eme/A9xize9fsg86rdg5,2026-10-08,45.76977100203683,4.851167016691713
Lyon 2ème (Rhône),1 600 €/mois,83 m² - 3 pièces - 2 chambres,https://www.vizzit.fr/fr/property/appartement/lyon-2eme/Aicokmha5suko30p,2026-10-08,45.74805,4.82893
Lyon 8ème (Rhône),1 650 €/mois,88 m² - 4 pièces - 3 chambres,https://www.vizzit.fr/fr/property/immobilier/lyon-8eme/Auu7cnn40crqmliz,2026-10-08,45.73546175939579,4.869041311858009
Lyon 7ème (Rhône),1 424 €/mois,75 m² - 3 pièces - 2 chambres,https://www.vizzit.fr/fr/property/appartement/lyon-7eme/A65wffwf8ib7e9s3,2026-10-08,45.730272,4.837793
Lyon 8ème (Rhône),1 650 €/mois,88 m² - 4 pièces - 3 chambres,https://www.vizzit.fr/fr/property/immobilier/lyon-8eme/Ajdijrrrbr6gqba7,2026-10-08,45.73482554775033,4.871518313530194
Lyon 7ème (Rhône),1 920 €/mois,,https://www.vizzit.fr/fr/property/appartement/lyon-7eme/A006nu41qhmwfk51,2026-10-08,45.744751821675486,4.841250102718243
Lyon 7ème (Rhône),1 430 €/mois,81 m² - 4 pièces - 3 chambres,https://www.vizzit.fr/fr/property/appartement/lyon-7eme/Akiuqmq2giia6dmc,2026-10-08,45.73098,4.83123
Lyon 9ème (Rhône),1 560 €/mois,,https://www.vizzit.fr/fr/property/appartement/lyon-9eme/A1c6uvmaoi28trys,2026-10-08,45.77281353520997,4.806487995594691
Lyon 7ème (Rhône),2 410 €/mois,193 m² - 6 pièces - 2 chambres,https://www.vizzit.fr/fr/property/appartement/lyon-7eme/A89538ify9d09dhr,2026-10-08,45.7413,4.84874
Lyon 8ème (Rhône),55 344 €/mois,307 m²,https://www.vizzit.fr/fr/property/immobilier/lyon-8eme/Ahru3j4kw9eywi74,2026-10-08,45.73344438814674,4.867737104708186
Lyon 7ème (Rhône),84 012 €/mois,679 m²,https://www.vizzit.fr/fr/property/immobilier/lyon-7eme/Ainacwcmog711jly,2026-10-08,45.736779135351156,4.844719076298496
Lyon 7ème (Rhône),103 008 €/mois,526 m²,https://www.vizzit.fr/fr/property/immobilier/lyon-7eme/Ab4z5l3bx9s1123j,2026-10-08,45.73359320070515,4.843852088451873
Lyon 7ème (Rhône),21 288 €/mois,152 m²,https://www.vizzit.fr/fr/property/immobilier/lyon-7eme/A4el6z4ivcp22s89,2026-10-08,45.73640003421932,4.842343946077117
Lyon 8ème (Rhône),91 236 €/mois,608 m²,https://www.vizzit.fr/fr/property/immobilier/lyon-8eme/A5g5ixmf18u7tj6m,2026-10-08,45.73293785104722,4.86965484219665
Lyon 8ème (Rhône),19 908 €/mois,80 m²,https://www.vizzit.fr/fr/property/immobilier/lyon-8eme/Asaj6osmq09t3oz2,2026-10-08,45.73496546124475,4.8700751681483485
Lyon 7ème (Rhône),38 220 €/mois,136 m²,https://www.vizzit.fr/fr/property/immobilier/lyon-7eme/Adex3hcqixvskpd2,2026-10-08,45.73634785120437,4.842456301101737
Lyon 7ème (Rhône),803 520 €/mois,3 348 m²,https://www.vizzit.fr/fr/property/immobilier/lyon-7eme/Ah1kk4mbi9m86kmz,2026-10-08,45.735076763575854,4.842206687454676
Lyon 7ème (Rhône),1 545 €/mois,69 m² - 3 pièces - 2 chambres,https://www.vizzit.fr/fr/property/appartement/lyon-7eme/A7y0yl0gwbyk8nc3,2026-10-08,45.735863016693216,4.843069528508709
Lyon 8ème (Rhône),1 446 €/mois,69 m² - 3 pièces - 2 chambres,https://www.vizzit.fr/fr/property/appartement/lyon-8eme/A0fc6n2y455a7i1v,2026-10-08,45.74418,4.8733
Lyon 7ème (Rhône),17 604 €/mois,110 m²,https://www.vizzit.fr/fr/property/immobilier/lyon-7eme/A9d9mi9z7ys2zxw6,2026-10-08,45.735146216342,4.843265531506889
Lyon 8ème (Rhône),55 344 €/mois,307 m²,https://www.vizzit.fr/fr/property/immobilier/lyon-8eme/Ae5a2mc0rp1zcdya,2026-10-08,45.73407927014541,4.87077205246512
Lyon 7ème (Rhône),28 008 €/mois,141 m²,https://www.vizzit.fr/fr/property/immobilier/lyon-7eme/A4il8x2tnhcrwv9b,2026-10-08,45.73586593267303,4.843275444862578
Lyon 7ème (Rhône),35 652 €/mois,230 m²,https://www.vizzit.fr/fr/property/immobilier/lyon-7eme/Azexm5wz24p80mbr,2026-10-08,45.735902744274554,4.844483258906377
Lyon 8ème (Rhône),60 000 €/mois,574 m²,https://www.vizzit.fr/fr/property/immobilier/lyon-8eme/A1jdl7jc9hu0xss1,2026-10-08,45.73472057044629,4.867672064691561
Lyon 7ème (Rhône),91 128 €/mois,729 m²,https://www.vizzit.fr/fr/property/immobilier/lyon-7eme/A04hhj7ip9gjgh5e,2026-10-08,45.73677896231162,4.844534928803309
Lyon 7ème (Rhône),1 500 €/mois,134 m² - 4 pièces - 3 chambres,https://www.vizzit.fr/fr/property/appartement/lyon-7eme/Aojz7vhjd7r3xj3z,2026-10-08,45.747014,4.843655
Lyon 7ème (Rhône),13 752 €/mois,98 m²,https://www.vizzit.fr/fr/property/immobilier/lyon-7eme/A8b8crt33nois46q,2026-10-08,45.7344276173415,4.8440710966338605
Lyon 7ème (Rhône),42 000 €/mois,150 m²,https://www.vizzit.fr/fr/property/immobilier/lyon-7eme/Ahocdmjwp44fevwi,2026-10-08,45.73611266524875,4.843505415448367
Lyon 7ème (Rhône),14 004 €/mois,125 m²,https://www.vizzit.fr/fr/property/immobilier/lyon-7eme/Aszui2h860pwcx0l,2026-10-08,45.73658715123855,4.845601392330536
Lyon 9ème (Rhône),1 560 €/mois,,https://www.vizzit.fr/fr/property/appartement/lyon-9eme/A7k0etdw62u2b5aq,2026-10-08,45.77311139448687,4.805216424839849
Lyon 2ème (Rhône),2 110 €/mois,144 m² - 4 pièces - 3 chambres,https://www.vizzit.fr/fr/property/appartement/lyon-2eme/Ask3eeihxby56hkv,2026-10-08,45.75293,4.824874
Lyon 3ème (Rhône),1 680 €/mois,,https://www.vizzit.fr/fr/property/immobilier/lyon-3eme/A3vuil07xdxafoem,2026-10-08,45.760903901063664,4.8491332950274115
Lyon 7ème (Rhône),1 440 €/mois,,https://www.vizzit.fr/fr/property/appartement/lyon-7eme/Aatzpdy0455eiy3q,2026-10-08,45.74496052799557,4.842140425931478
Lyon 7ème (Rhône),1 440 €/mois,,https://www.vizzit.fr/fr/property/appartement/lyon-7eme/Anxt4trst6kvenee,2026-10-08,45.74441769697842,4.841508430661445
Lyon 7ème (Rhône),1 590 €/mois,67 m² - 3 pièces - 2 chambres,https://www.vizzit.fr/fr/property/appartement/lyon-7eme/Asrup0bgbv526avv,2026-10-08,45.734043,4.842658
Lyon 7ème (Rhône),1 920 €/mois,,https://www.vizzit.fr/fr/property/appartement/lyon-7eme/Agl9u8s4p9jzghnt,2026-10-08,45.745353409915616,4.841828910183713
Lyon 2ème (Rhône),1 980 €/mois,1 chambre,https://www.vizzit.fr/fr/property/appartement/lyon-2eme/Aml0jr4wgdl5mvuj,2026-10-08,45.7535251535248,4.829984059852613
Lyon 1er (Rhône),2 420 €/mois,2 chambres,https://www.vizzit.fr/fr/property/appartement/lyon-1er/A7oz6sh8k01alqp9,2026-10-08,45.76896831264764,4.833900267141107
Lyon 8ème (Rhône),1 900 €/mois,2 chambres,https://www.vizzit.fr/fr/property/appartement/lyon-8eme/Av99vs1kmdqboddl,2026-10-08,45.73497226594615,4.870156265029907
Lyon 2ème (Rhône),2 585 €/mois,60 m² - 2 chambres,https://www.vizzit.fr/fr/property/appartement/lyon-2eme/A3v1bcigzqrnjm5g,2026-10-08,45.754247343717,4.82928740528186
Lyon 2ème (Rhône),5 665 €/mois,245 m² - 3 chambres,https://www.vizzit.fr/fr/property/appartement/lyon-2eme/Awu1e01g0z263l1a,2026-10-08,45.75490463688838,4.8283403984235145
Lyon 1er (Rhône),2 530 €/mois,2 chambres,https://www.vizzit.fr/fr/property/appartement/lyon-1er/Ago71knrnruei5zv,2026-10-08,45.76787473409663,4.834118792246835
Lyon 2ème (Rhône),1 800 €/mois,2 chambres,https://www.vizzit.fr/fr/property/appartement/lyon-2eme/Ab8olseio1vs2ghw,2026-10-08,45.7540513267869,4.831294204512104
Lyon 5ème (Rhône),3 079 €/mois,78 m² - 2 chambres,https://www.vizzit.fr/fr/property/appartement/lyon-5eme/A2ok0q4thmntdn8v,2026-10-08,45.76176091261205,4.8261683972686065
Lyon 2ème (Rhône),2 970 €/mois,67 m² - 2 chambres,https://www.vizzit.fr/fr/property/appartement/lyon-2eme/A9sff3v8yk9kz81l,2026-10-08,45.75495247636752,4.8284366676017845
Lyon 5ème (Rhône),1 750 €/mois,1 chambre,https://www.vizzit.fr/fr/property/appartement/lyon-5eme/Amyvg8ip88e98zu2,2026-10-08,45.76060190477197,4.827082377621948
Lyon 6ème (Rhône),1 485 €/mois,,https://www.vizzit.fr/fr/property/appartement/lyon-6eme/Ai2n0wq35rjvusmm,2026-10-08,45.76868389208603,4.851992421058588
Lyon 6ème (Rhône),2 640 €/mois,57 m² - 2 chambres,https://www.vizzit.fr/fr/property/appartement/lyon-6eme/Az8elc7ux3ks83p2,2026-10-08,45.76936151915023,4.8524584590970985
Lyon 3ème (Rhône),1 600 €/mois,42 m² - 1 chambre,https://www.vizzit.fr/fr/property/appartement/lyon-3eme/Acquhsu15vimhf5a,2026-10-08,45.76120583729146,4.8491112815062145
Lyon 6ème (Rhône),1 760 €/mois,28 m² - 1 chambre,https://www.vizzit.fr/fr/property/appartement/lyon-6eme/Akblp7is4zj2rlad,2026-10-08,45.768757925395,4.849493060018129
Lyon 9ème (Rhône),1 600 €/mois,1 chambre,https://www.vizzit.fr/fr/property/appartement/lyon-9eme/A1rjv2yssziut0y2,2026-10-08,45.77376111615707,4.807082430115603
Lyon 1er (Rhône),2 530 €/mois,60 m² - 2 chambres,https://www.vizzit.fr/fr/property/appartement/lyon-1er/Amhmtk11ur7slt3f,2026-10-08,45.76735953035494,4.833845920971759
Lyon 4ème (Rhône),3 520 €/mois,64 m² - 2 chambres,https://www.vizzit.fr/fr/property/appartement/lyon-4eme/Ad33k2h7zs60o40t,2026-10-08,45.774644507946725,4.828898266429977
Lyon 1er (Rhône),2 200 €/mois,65 m²,https://www.vizzit.fr/fr/property/appartement/lyon-1er/Aud3n94qls8bmhaf,2026-10-08,45.76839653715674,4.832599826873239
Lyon 7ème (Rhône),2 000 €/mois,3 chambres,https://www.vizzit.fr/fr/property/appartement/lyon-7eme/Abct06j1qpzxvdpq,2026-10-08,45.7450622530106,4.842831061619593
Lyon 3ème (Rhône),1 700 €/mois,70 m² - 1 chambre,https://www.vizzit.fr/fr/property/appartement/lyon-3eme/Avhlimkiqm5b17ax,2026-10-08,45.761188390017296,4.850786182357559
Lyon 7ème (Rhône),2 000 €/mois,64 m² - 2 chambres,https://www.vizzit.fr/fr/property/appartement/lyon-7eme/Ad0xicnu91h67bbp,2026-10-08,45.74623400083443,4.8404655993515595
Lyon 8ème (Rhône),2 450 €/mois,65 m² - 2 chambres,https://www.vizzit.fr/fr/property/appartement/lyon-8eme/A5cofkiwjfgo2bi4,2026-10-08,45.735632435381724,4.867613341921471
Lyon 1er (Rhône),3 520 €/mois,110 m² - 2 chambres,https://www.vizzit.fr/fr/property/appartement/lyon-1er/An2yyaqgatii8geu,2026-10-08,45.7676069527127,4.836797677423993
Lyon 1er (Rhône),1 430 €/mois,25 m²,https://www.vizzit.fr/fr/property/appartement/lyon-1er/Axufgtvu5mjsa7pm,2026-10-08,45.76796133349466,4.83202244922915
Lyon 2ème (Rhône),1 980 €/mois,1 chambre,https://www.vizzit.fr/fr/property/appartement/lyon-2eme/A89cmmolz29njc76,2026-10-08,45.754537197073645,4.830442427086982
Lyon 2ème (Rhône),1 550 €/mois,35 m²,https://www.vizzit.fr/fr/property/appartement/lyon-2eme/Ao0yfzov1ef9ia1k,2026-10-08,45.75323765698245,4.828555118179195
Lyon 2ème (Rhône),1 815 €/mois,1 chambre,https://www.vizzit.fr/fr/property/appartement/lyon-2eme/Ady6tnd2kab5jy3g,2026-10-08,45.755234146869,4.831811265609868
Lyon 2ème (Rhône),1 980 €/mois,50 m²,https://www.vizzit.fr/fr/property/appartement/lyon-2eme/A0n2ofds5uoj1qfz,2026-10-08,45.754316975973474,4.831669975318604
Lyon 1er (Rhône),1 540 €/mois,26 m²,https://www.vizzit.fr/fr/property/appartement/lyon-1er/Ag1dtf0qyaf8frjn,2026-10-08,45.76583760775438,4.834510663170673
Lyon 1er (Rhône),1 540 €/mois,32 m²,https://www.vizzit.fr/fr/property/appartement/lyon-1er/Ako8xyp3zfg8atqb,2026-10-08,45.76747660959813,4.836875353551956
Lyon 2ème (Rhône),1 430 €/mois,25 m²,https://www.vizzit.fr/fr/property/appartement/lyon-2eme/Aqoilbrxmdwrfxif,2026-10-08,45.75565534128427,4.8284984805635025
Lyon 5ème (Rhône),2 090 €/mois,47 m² - 1 chambre,https://www.vizzit.fr/fr/property/appartement/lyon-5eme/Azer5rlodi7i5jln,2026-10-08,45.762735162187575,4.827370824747604
Lyon 1er (Rhône),4 070 €/mois,162 m² - 3 chambres,https://www.vizzit.fr/fr/property/appartement/lyon-1er/Apojwv9pizscv62b,2026-10-08,45.76749211827795,4.8354918714497535
Lyon 1er (Rhône),2 750 €/mois,3 chambres,https://www.vizzit.fr/fr/property/appartement/lyon-1er/Ac1fml0r68bd0arx,2026-10-08,45.7679083248864,4.8345501631691725
Lyon 2ème (Rhône),2 640 €/mois,60 m² - 2 chambres,https://www.vizzit.fr/fr/property/appartement/lyon-2eme/Al3hy9xy4zcdnyke,2026-10-08,45.75552065238755,4.829353209585234
Lyon 2ème (Rhône),1 485 €/mois,28 m² - 1 chambre,https://www.vizzit.fr/fr/property/appartement/lyon-2eme/Az2fqgjp587351m9,2026-10-08,45.75505901393851,4.827493311937379
Lyon 2ème (Rhône),6 600 €/mois,219 m² - 3 chambres,https://www.vizzit.fr/fr/property/appartement/lyon-2eme/Aywf1jlug5msyy0x,2026-10-08,45.755745134585375,4.827931755656666
Lyon 6ème (Rhône),1 760 €/mois,34 m²,https://www.vizzit.fr/fr/property/appartement/lyon-6eme/Aochl0g960imv1d0,2026-10-08,45.76823292600847,4.851294362686923
Lyon 1er (Rhône),1 815 €/mois,38 m² - 1 chambre,https://www.vizzit.fr/fr/property/appartement/lyon-1er/Ayg56359287smt37,2026-10-08,45.76734561580541,4.833302182459859
Lyon 1er (Rhône),1 980 €/mois,50 m² - 1 chambre,https://www.vizzit.fr/fr/property/appartement/lyon-1er/Aqrw898n9mejkpps,2026-10-08,45.76732247100498,4.836282110696826
Lyon 7ème (Rhône),1 600 €/mois,50 m² - 1 chambre,https://www.vizzit.fr/fr/property/appartement/lyon-7eme/A2ytg0b3ztt72tfm,2026-10-08,45.74428348323285,4.8398040724247995
Lyon 1er (Rhône),2 090 €/mois,48 m²,https://www.vizzit.fr/fr/property/appartement/lyon-1er/A0145rg8uqlvkl5f,2026-10-08,45.767615463203434,4.832212601010199
Lyon 1er (Rhône),2 090 €/mois,1 chambre,https://www.vizzit.fr/fr/property/appartement/lyon-1er/Am1q523ogwu3b169,2026-10-08,45.76648936636974,4.832722534512252
Lyon 3ème (Rhône),2 475 €/mois,2 chambres,https://www.vizzit.fr/fr/property/appartement/lyon-3eme/A541x4w4b0pn7m1z,2026-10-08,45.76044202984243,4.848394336563715
Lyon 3ème (Rhône),1 450 €/mois,45 m² - 1 chambre,https://www.vizzit.fr/fr/property/appartement/lyon-3eme/An0oncyz0s6ayckc,2026-10-08,45.7610833328499,4.850857393003864
Lyon 2ème (Rhône),2 530 €/mois,45 m² - 1 chambre,https://www.vizzit.fr/fr/property/appartement/lyon-2eme/Asu8934dxisj5s0u,2026-10-08,45.75613050208721,4.830352101676922
Lyon 1er (Rhône),1 980 €/mois,50 m²,https://www.vizzit.fr/fr/property/appartement/lyon-1er/Apj44cfq82ltr23x,2026-10-08,45.767658710260584,4.835462142998409
Lyon 1er (Rhône),2 500 €/mois,2 chambres,https://www.vizzit.fr/fr/property/appartement/lyon-1er/A5ffsmjp6m283j5f,2026-10-08,45.76790212450589,4.833090513561975
Lyon 2ème (Rhône),2 090 €/mois,58 m²,https://www.vizzit.fr/fr/property/appartement/lyon-2eme/A7zu7keq99tlbfx2,2026-10-08,45.75514631021523,4.831265650479237
Lyon 2ème (Rhône),2 860 €/mois,95 m² - 3 chambres,https://www.vizzit.fr/fr/property/appartement/lyon-2eme/Aoayn7hbr0cbm16a,2026-10-08,45.756172792349645,4.828455544243498
Lyon 1er (Rhône),1 540 €/mois,26 m²,https://www.vizzit.fr/fr/property/appartement/lyon-1er/Awx4cdu62dw71ceo,2026-10-08,45.76593271357441,4.835069126491143
Lyon 1er (Rhône),1 837 €/mois,1 chambre,https://www.vizzit.fr/fr/property/appartement/lyon-1er/Aoiav50woavkqkdg,2026-10-08,45.76769315648377,4.834281697945391
Lyon 1er (Rhône),2 090 €/mois,1 chambre,https://www.vizzit.fr/fr/property/appartement/lyon-1er/A4zi7xlrcb0ap1mm,2026-10-08,45.76793122112542,4.835342358390444
Lyon 3ème (Rhône),2 750 €/mois,2 chambres,https://www.vizzit.fr/fr/property/appartement/lyon-3eme/Aagwal7l5xhdbayy,2026-10-08,45.76113951715707,4.847889766836572
Lyon 1er (Rhône),1 815 €/mois,37 m²,https://www.vizzit.fr/fr/property/appartement/lyon-1er/Aib8iemig57cr4x8,2026-10-08,45.76787620069025,4.835376967456843
Lyon 3ème (Rhône),1 500 €/mois,32 m² - 1 chambre,https://www.vizzit.fr/fr/property/appartement/lyon-3eme/Aok1r2loctnzn9f1,2026-10-08,45.75947512441943,4.849533358036106
Lyon 2ème (Rhône),2 640 €/mois,68 m² - 2 chambres,https://www.vizzit.fr/fr/property/appartement/lyon-2eme/Alwbnkuj23nw0noe,2026-10-08,45.75433416260724,4.831108742673867
Lyon 7ème (Rhône),1 500 €/mois,42 m² - 1 chambre,https://www.vizzit.fr/fr/property/appartement/lyon-7eme/A09f31kc950l621y,2026-10-08,45.744651265665716,4.840571633875681
Lyon 2ème (Rhône),2 200 €/mois,32 m²,https://www.vizzit.fr/fr/property/appartement/lyon-2eme/An5vd3dgpb5ud6xu,2026-10-08,45.75476686240248,4.830742607364107
Lyon 6ème (Rhône),3 245 €/mois,72 m² - 3 chambres,https://www.vizzit.fr/fr/property/appartement/lyon-6eme/Ax9wlp8yltrvih1s,2026-10-08,45.76680234397792,4.850806569337242
Lyon 4ème (Rhône),1 980 €/mois,29 m²,https://www.vizzit.fr/fr/property/appartement/lyon-4eme/Aheiw12fu7lef46w,2026-10-08,45.774032989697474,4.826636662173057
Lyon 1er (Rhône),3 500 €/mois,80 m² - 2 chambres,https://www.vizzit.fr/fr/property/appartement/lyon-1er/A87bufo03t3do16j,2026-10-08,45.767935428565714,4.833851126378305
Lyon 1er (Rhône),3 520 €/mois,110 m² - 2 chambres,https://www.vizzit.fr/fr/property/appartement/lyon-1er/Al75v0u183h8r8l0,2026-10-08,45.76851423057318,4.8343891700084445
Lyon 7ème (Rhône),1 700 €/mois,70 m² - 1 chambre,https://www.vizzit.fr/fr/property/appartement/lyon-7eme/Av1agtbcsu90qwjf,2026-10-08,45.74530859347278,4.840777071484249
Lyon 7ème (Rhône),1 595 €/mois,45 m² - 1 chambre,https://www.vizzit.fr/fr/property/appartement/lyon-7eme/Asgi2crgdw6jthco,2026-10-08,45.743843230824595,4.842917170698618
Lyon 3ème (Rhône),1 600 €/mois,53 m² - 1 chambre,https://www.vizzit.fr/fr/property/appartement/lyon-3eme/Abguk54dc9fvz14w,2026-10-08,45.760461780448075,4.848719954487331
Lyon 1er (Rhône),2 420 €/mois,68 m² - 2 chambres,https://www.vizzit.fr/fr/property/appartement/lyon-1er/A6w3munwpbsv87kv,2026-10-08,45.76764785594795,4.834361807969786
Lyon 6ème (Rhône),2 541 €/mois,55 m² - 2 chambres,https://www.vizzit.fr/fr/property/appartement/lyon-6eme/A33h7dmabe8jn1jv,2026-10-08,45.76870801298886,4.848594304154328
Lyon 1er (Rhône),2 035 €/mois,53 m² - 2 chambres,https://www.vizzit.fr/fr/property/appartement/lyon-1er/Aba2ezv6jqpd3hk6,2026-10-08,45.76810038603004,4.8351480696384
Lyon 4ème (Rhône),2 530 €/mois,60 m² - 2 chambres,https://www.vizzit.fr/fr/property/appartement/lyon-4eme/Aw1p44hamvqhqxdh,2026-10-08,45.774755316775284,4.827138103802563
Lyon 3ème (Rhône),2 600 €/mois,2 chambres,https://www.vizzit.fr/fr/property/appartement/lyon-3eme/Ataudxqakhvpusj4,2026-10-08,45.76030596609393,4.846927678612162
Lyon 7ème (Rhône),1 450 €/mois,1 chambre,https://www.vizzit.fr/fr/property/appartement/lyon-7eme/Api205bo30dgm5fn,2026-10-08,45.743769457193395,4.840522453045639
Lyon 6ème (Rhône),1 760 €/mois,1 chambre,https://www.vizzit.fr/fr/property/appartement/lyon-6eme/A4fx674t1nfkfiqb,2026-10-08,45.76852642401284,4.852373355984394
Lyon 4ème (Rhône),2 100 €/mois,1 chambre,https://www.vizzit.fr/fr/property/appartement/lyon-4eme/Aunyvg3gm30858e2,2026-10-08,45.77540669948794,4.828311861203173
Lyon 5ème (Rhône),2 100 €/mois,47 m²,https://www.vizzit.fr/fr/property/appartement/lyon-5eme/Aqqycczrh206bvo1,2026-10-08,45.76075486505846,4.825725713348977
Lyon 6ème (Rhône),1 500 €/mois,1 chambre,https://www.vizzit.fr/fr/property/appartement/lyon-6eme/Ar7wf7jczl8s26b9,2026-10-08,45.76956415541701,4.852136957321268
Lyon 3ème (Rhône),1 600 €/mois,46 m² - 2 pièces - 1 chambre,https://www.vizzit.fr/fr/property/immobilier/lyon-3eme/Atueggtekv6856nf,2026-10-08,45.75994996170374,4.849590963903494
Lyon 3ème (Rhône),1 741 €/mois,101 m² - 4 pièces - 3 chambres,https://www.vizzit.fr/fr/property/appartement/lyon-3eme/A7h8tldsgk4wt6ww,2026-10-08,45.751366,4.867534
Lyon 8ème (Rhône),2 645 €/mois,190 m²,https://www.vizzit.fr/fr/property/immobilier/lyon-8eme/A9ag95spk8ybqsiz,2026-10-08,45.7306,4.8774
Lyon 7ème (Rhône),3 070 €/mois,106 m² - 5 pièces - 4 chambres,https://www.vizzit.fr/fr/property/appartement/lyon-7eme/A2mjusz5mnkahjj9,2026-10-08,45.7398,4.83338
Lyon 7ème (Rhône),1 534 €/mois,128 m² - 4 pièces - 3 chambres,https://www.vizzit.fr/fr/property/appartement/lyon-7eme/Ah227r8v2qeuqrfz,2026-10-08,45.7407,4.85021
Lyon 6ème (Rhône),1 990 €/mois,76 m² - 4 pièces - 3 chambres,https://www.vizzit.fr/fr/property/appartement/lyon-6eme/Akb965yfre730hi8,2026-10-08,45.76863940765416,4.850907625121498
Lyon 1er (Rhône),2 500 €/mois,93 m² - 2 chambres,https://www.vizzit.fr/fr/property/appartement/lyon-1er/A74oqisyb911tri8,2026-10-08,45.768575379111695,4.834763478648966
Lyon 6ème (Rhône),1 850 €/mois,59 m² - 2 pièces - 1 chambre,https://www.vizzit.fr/fr/property/immobilier/lyon-6eme/Aodn26ja5iz52a0h,2026-10-08,45.76880974670411,4.85010009206423
