Titre,Prix,Lieu,Infos,Lien,Image,DerniereVue
Appartement à louer,940 €,Lille,"3 pièces, 2 chambres, 70,9 m², 3ème étage",https://www.seloger.com/wl-cdp/26HLIM2M3DY3,,2026-08-12
Maison à louer,525 €,Lille,"8 pièces, 7 chambres, 165 m²",https://www.seloger.com/annonces/locations/maison/lille-59/moulins/265435343.htm,,2026-08-12
Maison à louer,1 720 €,Lille,"6 pièces, 5 chambres, 108 m²",https://www.seloger.com/annonce/location/hauts-de-france/nord-59/lille-59000/26E5UADXQYND,,2026-08-12
Maison à louer,550 €,Lille,"5 pièces, 4 chambres, 95 m²",https://www.seloger.com/annonce/location/hauts-de-france/nord-59/lille-59000/264V8P5XNCI3,,2026-08-12
Maison à louer,534 €,Lille,"9 pièces, 8 chambres, 243 m²",https://www.seloger.com/annonce/location/hauts-de-france/nord-59/lille-59000/26R4SUW5JM2S,,2026-08-12
Studio à louer,460 €,Lille,"6 pièces, 5 chambres, 1er étage",https://www.seloger.com/annonces/locations/appartement/lille-59/lille-sud/272759887.htm,,2026-08-12
Studio à louer,435 €,Lille,"6 pièces, 5 chambres, 1er étage",https://www.seloger.com/annonces/locations/appartement/lille-59/lille-sud/272759889.htm,,2026-08-12
Studio à louer,460 €,Lille,"6 pièces, 5 chambres, 1er étage",https://www.seloger.com/annonces/locations/appartement/lille-59/lille-sud/272759881.htm,,2026-08-12
Maison à louer,566 €,Lille,"9 pièces, 8 chambres, 243 m²",https://www.seloger.com/annonce/location/hauts-de-france/nord-59/lille-59000/26JY3YPNDH6X,,2026-08-12
Appartement à louer,1 100 €,Lambersart,"3 pièces, 2 chambres, 68 m², 2ème étage",https://www.seloger.com/annonce/location/hauts-de-france/nord-59/lambersart-59130/26DW1YPICMQH,,2026-08-12
Appartement à louer,979 €,Lille,"3 pièces, 2 chambres, 66,9 m², RDC",https://www.seloger.com/annonce/location/hauts-de-france/nord-59/lille-59000/26HIGHTB9A1M,,2026-08-12
Colocation à louer,439 €,Lille,"5 pièces, 5 chambres, 1er étage",https://www.seloger.com/annonce/location/hauts-de-france/nord-59/lille-59000/262SY6LRGZWC,,2026-08-12
Studio à louer,495 €,Lille,"7 pièces, 6 chambres, 1er étage",https://www.seloger.com/annonce/location/hauts-de-france/nord-59/lille-59000/26JE4HQJJ3CW,,2026-08-12
Appartement à louer,899 €,Lille,"2 pièces, 1 chambre, 45 m²",https://www.seloger.com/annonce/location/hauts-de-france/nord-59/lille-59000/26U5RZY3EW3F,,2026-08-12
Maison à louer,500 €,Lille,"7 pièces, 6 chambres, 140 m², dès le 01/09/2026",https://www.seloger.com/annonces/locations/maison/lille-59/caulier/276428409.htm,,2026-08-12
Studio à louer,445 €,Lille,"1 pièce, 15 m², dès le 17/08/2026",https://www.seloger.com/annonce/location/hauts-de-france/nord-59/lille-59000/26AFD99MQ6FH,,2026-08-12
Studio à louer,520 €,Lille,"1 pièce, 15 m², 2ème étage, dès le 17/08/2026",https://www.seloger.com/annonce/location/hauts-de-france/nord-59/lille-59000/261JVVZ71A7C,,2026-08-12
Appartement à louer,1 264 €,Lille,"2 pièces, 1 chambre, 84 m²",https://www.seloger.com/annonce/location/hauts-de-france/nord-59/lille-59000/26EZFE5V2TFM,,2026-08-12
Studio à louer,720 €,logement étudiant,"Lille - 1 pièce, 19 m²",https://www.seloger.com/annonce/location/hauts-de-france/nord-59/lille-59000/25HJMN7HERRZ,,2026-08-12
Studio à louer,550 €,logement étudiant,"Lille - 1 pièce, 18 m²",https://www.seloger.com/annonces/locations/appartement/lille-59/vauban-esquermes/237114473.htm,,2026-08-12
Colocation à louer,510 €,Lille,"1 pièce, 15 m², 5ème étage, dès le 20/08/2026",https://www.seloger.com/annonce/location/hauts-de-france/nord-59/lille-59000/26T73Q193WLP,,2026-08-12
Maison à louer,600 €,Lille,"10 pièces, 8 chambres, 200 m²",https://www.seloger.com/annonce/location/hauts-de-france/nord-59/lille-59000/261RIZ2A3EQK,,2026-08-12
Colocation à louer,475 €,Lille,"1 pièce, 15 m², dès le 20/08/2026",https://www.seloger.com/annonce/location/hauts-de-france/nord-59/lille-59000/266ZIUS7RT9Q,,2026-08-12
Appartement à louer,586 €,Villeneuve-d'Ascq,"1 pièce, 17 m²",https://www.seloger.com/annonces/locations/appartement/villeneuve-d-ascq-59/252788015.htm,,2026-08-12
Colocation à louer,515 €,Lille,"1 pièce, 15 m², dès le 20/08/2026",https://www.seloger.com/annonce/location/hauts-de-france/nord-59/lille-59000/26JLRZB85D4M,,2026-08-12
Colocation à louer,594 €,Lille,"1 pièce, 15 m², dès le 16/08/2026",https://www.seloger.com/annonce/location/hauts-de-france/nord-59/lille-59000/26XC7ULH4F2E,,2026-08-12
Maison à louer,890 €,Lille,"3 pièces, 2 chambres, 62 m²",https://www.seloger.com/annonce/location/hauts-de-france/nord-59/lille-59000/26S8K2ACKC7P,,2026-08-12
Appartement à louer,1 650 €,Lille,"5 pièces, 4 chambres, 93 m²",https://www.seloger.com/wl-cdp/26N7572EQXUC,,2026-08-12
Appartement à louer,1 490 €,Lille,"2 pièces, 1 chambre, 56,1 m², RDC/2",https://www.seloger.com/annonces/locations/appartement/lille-59/vieux-lille/272279793.htm,,2026-08-12
Colocation à louer,450 €,Lille,"1 pièce, 15 m², 1er étage, dès le 20/08/2026",https://www.seloger.com/annonce/location/hauts-de-france/nord-59/lille-59000/268ESR4N3GRC,,2026-08-12
Appartement à louer,1 940 €,Lille,"5 pièces, 4 chambres, 141,4 m², 1er étage",https://www.seloger.com/annonce/location/hauts-de-france/nord-59/lille-59000/26444AQ66JTF,,2026-08-12
Colocation à louer,1 040 €,Lille,"3 pièces, 2 chambres, 38,7 m², RDC",https://www.seloger.com/annonces/locations/appartement/lille-59/vauban-esquermes/262359059.htm,,2026-08-12
Appartement à louer,515 €,Lille,"1 pièce, 10,3 m², Étage 3/3",https://www.seloger.com/annonces/locations/appartement/lille-59/vauban-esquermes/266921697.htm,,2026-08-12
Appartement à louer,1 450 €,Lille,"3 pièces, 2 chambres, 82,9 m², 6ème étage",https://www.seloger.com/annonces/locations/appartement/lille-59/centre/268194889.htm,,2026-08-12
Appartement à louer,1 300 €,Lille,"3 pièces, 2 chambres, 81 m², RDC/3",https://www.seloger.com/annonces/locations/appartement/lille-59/vieux-lille/266095381.htm,,2026-08-12
Appartement à louer,615 €,Lille,"1 pièce, 23,9 m², Étage 3/5",https://www.seloger.com/annonces/locations/appartement/lille-59/centre/265264507.htm,,2026-08-12
Appartement à louer,955 €,Lille,"3 pièces, 2 chambres, 62,4 m², Étage 2/5",https://www.seloger.com/annonce/location/hauts-de-france/nord-59/lille-59000/261236JQH2HB,,2026-08-12
Appartement à louer,1 162 €,Lille,"4 pièces, 3 chambres, 83 m², Étage 3/4",https://www.seloger.com/annonce/location/hauts-de-france/nord-59/lille-59000/26YUTNYJ4QST,,2026-08-12
Appartement à louer,412 €,Lille,"1 pièce, 15,7 m², RDC/2",https://www.seloger.com/annonce/location/hauts-de-france/nord-59/lille-59000/26U5PRRE64QZ,,2026-08-12
Colocation à louer,340 €,Lille,"4 pièces, 3 chambres, 66 m², 3ème étage",https://www.seloger.com/annonce/location/hauts-de-france/nord-59/lille-59000/26IVP556DFII,,2026-08-12
Appartement à louer,1 135 €,Lille,"4 pièces, 3 chambres, 87,1 m², 1er étage",https://www.seloger.com/annonce/location/hauts-de-france/nord-59/lille-59000/26C7MCQZPSK7,,2026-08-12
Appartement à louer,830 €,Lille,"1 pièce, 39,9 m², Étage 4/4",https://www.seloger.com/annonces/locations/appartement/lille-59/centre/266899963.htm,,2026-08-12
Appartement à louer,953 €,Lille,"2 pièces, 1 chambre, 58 m², 4ème étage",https://www.seloger.com/annonces/locations/appartement/lille-59/275611617.htm,,2026-08-12
Studio à louer,600 €,Lille,"1 pièce, 25 m²",https://www.seloger.com/annonce/location/hauts-de-france/nord-59/lille-59000/26FDJK3ASBSS,,2026-08-12
Appartement à louer,575 €,Lille,"2 pièces, 1 chambre, 35 m²",https://www.seloger.com/wl-cdp/26Z9YKSMH3W3,,2026-08-12
Appartement à louer,890 €,Lille,"2 pièces, 1 chambre, 53,9 m², Étage 1/1",https://www.seloger.com/annonce/location/hauts-de-france/nord-59/lille-59000/26TCYPY5Q34Z,,2026-08-12
Duplex à louer,1 000 €,Lille,"4 pièces, 2 chambres, 92 m², Étage 2/2",https://www.seloger.com/annonce/location/hauts-de-france/nord-59/lille-59000/26INGH9YD9HR,,2026-08-12
Appartement à louer,1 850 €,Lille,"3 pièces, 2 chambres, 124 m², Étage 6/8",https://www.seloger.com/annonces/locations/appartement/lille-59/centre/254865627.htm,,2026-08-12
Appartement à louer,655 €,Lille,"1 pièce, 40 m², RDC, dès le 10/09/2026",https://www.seloger.com/wl-cdp/262DFGYU4FIR,,2026-08-12
Maison à louer,579 €,Lille,"6 pièces, 5 chambres, 150 m², dès le 16/09/2026",https://www.seloger.com/wl-cdp/26VSXMJ8L7H9,,2026-08-12
Appartement à louer,614 €,Lille,"1 pièce, 26 m², 3ème étage",https://www.seloger.com/annonce/location/hauts-de-france/nord-59/lille-59000/26SQIBTR1G33,,2026-08-12
Appartement à louer,780 €,Lille,"2 pièces, 1 chambre, 33 m², Étage 4/4",https://www.seloger.com/annonce/location/hauts-de-france/nord-59/lille-59000/26U86Y5VVPEU,,2026-08-12
Studio à louer,680 €,logement étudiant,"Lille - 1 pièce, 26 m², RDC",https://www.seloger.com/annonce/location/hauts-de-france/nord-59/lille-59000/26S3SX1M4TQN,,2026-08-12
Colocation à louer,1 110 €,Lille,"3 pièces, 2 chambres, 76 m², Étage 2/4",https://www.seloger.com/annonce/location/hauts-de-france/nord-59/lille-59000/261GSYTTRL7M,,2026-08-12
Colocation à louer,440 €,Lille,"5 pièces, 4 chambres, RDC",https://www.seloger.com/annonce/location/hauts-de-france/nord-59/lille-59000/261PWZIAV9Q9,,2026-08-12
Colocation à louer,440 €,Lille,"5 pièces, 4 chambres, RDC",https://www.seloger.com/annonce/location/hauts-de-france/nord-59/lille-59000/263CDA7WACNS,,2026-08-12
Appartement à louer,690 €,Lille,"1 pièce, 28,2 m², Étage 3/5, dès le 14/09/2026",https://www.seloger.com/wl-cdp/26INPGVPVF78,,2026-08-12
Maison à louer,675 €,Lille,"16 pièces, 11 chambres, 254 m², 254 m² de terrain",https://www.seloger.com/annonces/locations/maison/lille-59/275790853.htm,,2026-08-12
Appartement à louer,875 €,Lille,"3 pièces, 2 chambres, 51,6 m², 6ème étage",https://www.seloger.com/wl-cdp/26NSZKZ8JEJU,,2026-08-12
Colocation à louer,520 €,Lille,"1 pièce, 1 chambre, 11 m², 1er étage",https://www.seloger.com/annonce/location/hauts-de-france/nord-59/lille-59000/26NMDPUNWA7N,,2026-08-12
Maison à louer,670 €,Lille,"9 pièces, 1 chambre, 20 m², dès le 17/08/2026",https://www.seloger.com/wl-cdp/266U1X62EAA5,,2026-08-12
Appartement à louer,1 650 €,Lille,"4 pièces, 3 chambres, 70,5 m², Étage 1/5",https://www.seloger.com/annonce/location/hauts-de-france/nord-59/lille-59000/25DHI1HSMZZN,,2026-08-12
Colocation à louer,755 €,Lille,"2 pièces, 1 chambre, 38 m², Étage 1/2",https://www.seloger.com/annonces/locations/appartement/lille-59/wazemmes/2611SB13DXHE.htm,,2026-08-12
Appartement à louer,989 €,Lille,"3 pièces, 2 chambres, 54 m², 1er étage",https://www.seloger.com/annonce/location/hauts-de-france/nord-59/lille-59000/26JX41KG7CFM,,2026-08-12
Appartement à louer,600 €,Lille,"1 pièce, 15 m², 1er étage",https://www.seloger.com/annonce/location/hauts-de-france/nord-59/lille-59000/26V7SI6V2ZTL,,2026-08-12
Colocation à louer,550 €,Lille,"2 pièces, 2 chambres, 50 m², 2ème étage",https://www.seloger.com/annonce/location/hauts-de-france/nord-59/lille-59000/26ISGSY8RPN5,,2026-08-12
Colocation à louer,520 €,Lille,"3 pièces, 2 chambres, 59 m², 2ème étage",https://www.seloger.com/annonce/location/hauts-de-france/nord-59/lambersart-59130/26IJFJ32KV4C,,2026-08-12
Colocation à louer,500 €,Lille,"5 pièces, 4 chambres, 82 m², 6ème étage",https://www.seloger.com/annonce/location/hauts-de-france/nord-59/lille-59000/26HQK5K2S48X,,2026-08-12
Appartement à louer,720 €,Lille,"1 pièce, 27 m², Étage 2/3, dès le 16/08/2026",https://www.seloger.com/annonce/location/hauts-de-france/nord-59/lille-59000/26VP8R4PYG7Y,,2026-08-12
Appartement à louer,923 €,Lille,"3 pièces, 2 chambres, 64 m², Étage 2/2",https://www.seloger.com/wl-cdp/265HUT8L11HZ,,2026-08-12
Appartement à louer,1 058 €,Lille,"3 pièces, 2 chambres, 73 m², Étage 6/6",https://www.seloger.com/annonces/locations/appartement/lille-59/lille-sud/273461147.htm,,2026-08-12
Appartement à louer,846 €,logement étudiant,"Lille - 2 pièces, 1 chambre, 44 m², 1er étage",https://www.seloger.com/annonce/location/hauts-de-france/nord-59/lille-59000/26CHCMDEN3PR,,2026-08-12
Appartement à louer,869 €,Lille,"2 pièces, 1 chambre, 51 m², Étage 4/7",https://www.seloger.com/annonce/location/hauts-de-france/nord-59/lille-59000/26KMX1ACRM78,,2026-08-12
Appartement à louer,630 €,Lille,"1 pièce, 19 m², RDC/2, dès le 24/08/2026",https://www.seloger.com/annonce/location/hauts-de-france/nord-59/lille-59000/261GUYWEWMIJ,,2026-08-12
Appartement à louer,705 €,Lille,"2 pièces, 1 chambre, 24,5 m², 2ème étage",https://www.seloger.com/annonce/location/hauts-de-france/nord-59/lille-59000/26LWVFDNSWIU,,2026-08-12
Duplex à louer,1 252 €,Lille,"4 pièces, 3 chambres, 96,9 m², Étage 1/5",https://www.seloger.com/annonce/location/hauts-de-france/nord-59/lille-59000/26AC6BVB19NI,,2026-08-12
Appartement à louer,700 €,Lille,"2 pièces, 1 chambre, 40 m²",https://www.seloger.com/wl-cdp/26KESE5LTYCK,,2026-08-12
Appartement à louer,363 €,Lille,"1 pièce, 15 m², 4ème étage",https://www.seloger.com/annonce/location/hauts-de-france/nord-59/lille-59000/26MUAFWNRUGQ,,2026-08-12
Colocation à louer,450 €,Lille,"4 pièces, 3 chambres, 65 m², 1er étage",https://www.seloger.com/annonce/location/hauts-de-france/nord-59/lille-59000/26B91KXSXBW1,,2026-08-12
Colocation à louer,1 230 €,Lille,"3 pièces, 1 chambre, 83,7 m², RDC",https://www.seloger.com/annonces/locations/appartement/lille-59/vauban-esquermes/275507559.htm,,2026-08-12
Appartement à louer,965 €,Lille,"2 pièces, 1 chambre, 40 m², RDC",https://www.seloger.com/annonce/location/hauts-de-france/nord-59/lille-59000/26U11HX6G3H1,,2026-08-12
Appartement à louer,860 €,Lille,"2 pièces, 1 chambre, 49,8 m², Étage 1/1",https://www.seloger.com/annonce/location/hauts-de-france/nord-59/lille-59000/2657PZAEMV25,,2026-08-12
Appartement à louer,900 €,Lille,"2 pièces, 1 chambre, 51,4 m², 1er étage",https://www.seloger.com/annonces/locations/appartement/lille-59/275832153.htm,,2026-08-12
Appartement à louer,710 €,logement étudiant,"Lille - 1 pièce, 1 chambre, 35,9 m², RDC",https://www.seloger.com/annonce/location/hauts-de-france/nord-59/lille-59000/263DDC3URQL4,,2026-08-12
Colocation à louer,528 €,Lille,"1 pièce, 15 m², dès le 09/09/2026",https://www.seloger.com/wl-cdp/261BYJ351A5E,,2026-08-12
Appartement à louer,680 €,Lille,"1 pièce, 33 m², 8 étages",https://www.seloger.com/annonce/location/hauts-de-france/nord-59/lille-59000/26PVM75DVBT3,,2026-08-12
Duplex à louer,895 €,Lille,"2 pièces, 1 chambre, 46 m², Étage 2/3",https://www.seloger.com/annonce/location/hauts-de-france/nord-59/lille-59000/26FU6I66ATZM,,2026-08-12
Loft à louer,1 950 €,Lille,"4 pièces, 3 chambres, 132 m²",https://www.seloger.com/annonce/location/hauts-de-france/nord-59/lille-59000/263H8EL4EI6B,,2026-08-12
Maison à louer,360 €,Lille,"6 pièces, 5 chambres, 120 m²",https://www.seloger.com/annonce/location/hauts-de-france/nord-59/lille-59000/26BKTF9XYNW9,,2026-08-12
Studio à louer,510 €,Lille,"5 pièces, 4 chambres, RDC",https://www.seloger.com/annonces/locations/appartement/lille-59/lille-sud/272759823.htm,,2026-08-12
Colocation à louer,580 €,Lille,"1 pièce, 7 chambres, 10 m², dès le 15/08/2026",https://www.seloger.com/annonce/location/hauts-de-france/nord-59/lille-59000/26RRPDIYDIR7,,2026-08-12
Studio à louer,697 €,logement étudiant,"Lille - 1 pièce, 28 m², 2ème étage",https://www.seloger.com/annonce/location/hauts-de-france/nord-59/lille-59000/265EK26VSX7Z,,2026-08-12
Maison à louer,350 €,Lille,"1 pièce, 9 m², disponible dès maintenant",https://www.seloger.com/annonce/location/hauts-de-france/nord-59/lille-59000/269B9AL2TYSY,,2026-08-12
Colocation à louer,350 €,Lille,"9 m², disponible dès maintenant",https://www.seloger.com/annonce/location/hauts-de-france/nord-59/lille-59000/267MRXNIQZSA,,2026-08-12
Colocation à louer,485 €,Lille,"4 pièces, 3 chambres, 61 m², RDC",https://www.seloger.com/annonces/locations/appartement/lille-59/vauban-esquermes/271794235.htm,,2026-08-12
Maison à louer,530 €,Lille,"5 pièces, 4 chambres, 105 m²",https://www.seloger.com/annonces/locations/maison/lille-59/moulins/271457731.htm,,2026-08-12
Maison à louer,495 €,Lille,"7 pièces, 6 chambres, 159 m²",https://www.seloger.com/annonces/locations/maison/lille-59/lomme-le-marais/264538909.htm,,2026-08-12
Maison à louer,495 €,Lille,"7 pièces, 6 chambres, 159 m²",https://www.seloger.com/annonces/locations/maison/lille-59/lomme-le-marais/267973163.htm,,2026-08-12
Maison à louer,659 €,Lille,"6 pièces, 5 chambres, 90 m²",https://www.seloger.com/annonces/locations/maison/lille-59/hellemmes-epine-mont-de-terre/265116545.htm,,2026-08-12
Maison à louer,648 €,Lille,"9 pièces, 8 chambres, 258 m²",https://www.seloger.com/annonces/locations/maison/lille-59/moulins/255710571.htm,,2026-08-12
Studio à louer,574 €,Lille,"1 pièce, 15 m², 2ème étage, dès le 16/09/2026",https://www.seloger.com/annonce/location/hauts-de-france/nord-59/lille-59000/26NX61EE95PR,,2026-08-12
Appartement à louer,1 720 €,Lille,"5 pièces, 5 chambres, 108 m², dès le 17/08/2026",https://www.seloger.com/annonce/location/hauts-de-france/nord-59/lille-59000/26LNAUYIBLQC,,2026-08-12
Studio à louer,525 €,Lille,"1 pièce, 15 m², 3ème étage, dès le 17/08/2026",https://www.seloger.com/annonce/location/hauts-de-france/nord-59/lille-59000/26U48244YB15,,2026-08-12
Studio à louer,520 €,Lille,"1 pièce, 15 m², 2ème étage, dès le 17/08/2026",https://www.seloger.com/annonce/location/hauts-de-france/nord-59/lille-59000/26GGB14Q4DPJ,,2026-08-12
Studio à louer,533 €,Lille,"1 pièce, 15 m², 2ème étage, dès le 17/08/2026",https://www.seloger.com/annonce/location/hauts-de-france/nord-59/lille-59000/26SVNMHPTABL,,2026-08-12
Studio à louer,565 €,Lille,"1 pièce, 15 m², 2ème étage, dès le 17/08/2026",https://www.seloger.com/annonce/location/hauts-de-france/nord-59/lille-59000/267EASQYNTCK,,2026-08-12
Studio à louer,486 €,Lille,"1 pièce, 15 m², 4ème étage, dès le 17/08/2026",https://www.seloger.com/annonce/location/hauts-de-france/nord-59/lille-59000/262BECQ393HY,,2026-08-12
Colocation à louer,400 €,Lille,"1 pièce, 15 m², dès le 20/08/2026",https://www.seloger.com/annonce/location/hauts-de-france/nord-59/lille-59000/267DV8LK5ZFE,,2026-08-12
Appartement à louer,904 €,Lille,"3 pièces, 2 chambres, 72,6 m², 4ème étage",https://www.seloger.com/annonce/location/hauts-de-france/nord-59/lille-59000/26BHCRX9GWVQ,,2026-08-12
Maison de ville à louer,1 185 €,Lille,"3 pièces, 2 chambres, 92 m²",https://www.seloger.com/annonces/locations/maison/lille-59/bois-blanc/276420483.htm,,2026-08-12
Appartement à louer,609 €,Lille,"1 pièce, 14 m², Étage 1/2, disponible dès maintenant",https://www.seloger.com/annonce/location/hauts-de-france/nord-59/lille-59000/26XB9XWEULG3,,2026-08-12
Maison à louer,595 €,Lille,"9 pièces, 8 chambres, 258 m²",https://www.seloger.com/annonce/location/hauts-de-france/nord-59/lille-59000/26AT4QSR67IB,,2026-08-12
Maison à louer,645 €,Lille,"9 pièces, 8 chambres, 258 m²",https://www.seloger.com/annonce/location/hauts-de-france/nord-59/lille-59000/26DMQ6FR6JZI,,2026-08-12
Maison à louer,550 €,Lille,"5 pièces, 4 chambres, 95 m²",https://www.seloger.com/annonce/location/hauts-de-france/nord-59/lille-59000/26KDRAY9798M,,2026-08-12
Colocation à louer,520 €,Lille,"1 pièce, 2 chambres, 11 m², 1er étage",https://www.seloger.com/annonce/location/hauts-de-france/nord-59/lille-59000/26ZS21ELVB9Z,,2026-08-12
Maison à louer,500 €,Lille,"5 pièces, 4 chambres, 95 m²",https://www.seloger.com/annonce/location/hauts-de-france/nord-59/lille-59000/264KQBSXJ5FA,,2026-08-12
Maison à louer,650 €,Lille,"5 pièces, 4 chambres, 95 m²",https://www.seloger.com/annonce/location/hauts-de-france/nord-59/lille-59000/26YN44YS326W,,2026-08-12
Maison à louer,595 €,Lille,"9 pièces, 8 chambres, 258 m²",https://www.seloger.com/annonces/locations/maison/lille-59/moulins/255031579.htm,,2026-08-12
Colocation à louer,486 €,Lille,"4 pièces, 3 chambres, 91 m², 4ème étage",https://www.seloger.com/annonces/locations/appartement/lille-59/wazemmes/266854263.htm,,2026-08-12
Appartement à louer,885 €,Lille,"2 pièces, 1 chambre, 58,6 m², RDC",https://www.seloger.com/annonce/location/hauts-de-france/nord-59/lille-59000/26IKSUKMXABX,,2026-08-12
Studio à louer,550 €,Lille,"1 pièce, 15 m², dès le 17/08/2026",https://www.seloger.com/annonce/location/hauts-de-france/nord-59/lille-59000/26UWPEFJ72BU,,2026-08-12
Studio à louer,645 €,Lille,"1 pièce, 15 m², dès le 17/08/2026",https://www.seloger.com/annonce/location/hauts-de-france/nord-59/lille-59000/26G2YBMU8PYE,,2026-08-12
Studio à louer,490 €,Lille,"1 pièce, 15 m², dès le 17/08/2026",https://www.seloger.com/annonce/location/hauts-de-france/nord-59/lille-59000/26MQ5DLCKIZV,,2026-08-12
Studio à louer,500 €,Lille,"1 pièce, 15 m², dès le 17/08/2026",https://www.seloger.com/annonce/location/hauts-de-france/nord-59/lille-59000/26GV117SJUCT,,2026-08-12
Studio à louer,648 €,Lille,"1 pièce, 15 m², dès le 17/08/2026",https://www.seloger.com/annonce/location/hauts-de-france/nord-59/lille-59000/2674YSV4AYS3,,2026-08-12
Studio à louer,595 €,Lille,"1 pièce, 15 m², dès le 17/08/2026",https://www.seloger.com/annonce/location/hauts-de-france/nord-59/lille-59000/263EEZ3UBP97,,2026-08-12
Studio à louer,530 €,Lille,"1 pièce, 15 m², dès le 17/08/2026",https://www.seloger.com/annonce/location/hauts-de-france/nord-59/lille-59000/26R7WSY2ZPU9,,2026-08-12
Studio à louer,650 €,Lille,"1 pièce, 15 m², dès le 17/08/2026",https://www.seloger.com/annonce/location/hauts-de-france/nord-59/lille-59000/26VV4XXFTLZJ,,2026-08-12
Studio à louer,659 €,Lille,"1 pièce, 15 m², dès le 17/08/2026",https://www.seloger.com/annonce/location/hauts-de-france/nord-59/lille-59000/26B9CPX8T971,,2026-08-12
Studio à louer,495 €,Lille,"1 pièce, 15 m², dès le 17/08/2026",https://www.seloger.com/annonce/location/hauts-de-france/nord-59/lille-59000/26E1DIH9DRJR,,2026-08-12
Studio à louer,595 €,Lille,"1 pièce, 15 m², dès le 17/08/2026",https://www.seloger.com/annonce/location/hauts-de-france/nord-59/lille-59000/26QDP6DYS6EN,,2026-08-12
Studio à louer,485 €,Lille,"1 pièce, 15 m², dès le 17/08/2026",https://www.seloger.com/annonce/location/hauts-de-france/nord-59/lille-59000/26CAJUZJ3LHQ,,2026-08-12
Studio à louer,550 €,Lille,"1 pièce, 15 m², dès le 17/08/2026",https://www.seloger.com/annonce/location/hauts-de-france/nord-59/lille-59000/266M2X3V35T4,,2026-08-12
Colocation à louer,1 700 €,Lille,"5 pièces, 4 chambres, 91 m², Étage 1/3",https://www.seloger.com/annonces/locations/appartement/lille-59/vauban-esquermes/274770073.htm,,2026-08-12
Colocation à louer,470 €,Lille,"1 pièce, 4 chambres, 11 m², 2ème étage",https://www.seloger.com/annonce/location/hauts-de-france/nord-59/lille-59000/26741BHGBB6N,,2026-08-12
Colocation à louer,470 €,Lille,"1 pièce, 4 chambres, 9 m², 2ème étage",https://www.seloger.com/annonce/location/hauts-de-france/nord-59/lille-59000/263YCN1I17ZV,,2026-08-12
Colocation à louer,470 €,Lille,"1 pièce, 4 chambres, 10 m², 2ème étage",https://www.seloger.com/annonce/location/hauts-de-france/nord-59/lille-59000/26IWY7JSVXMY,,2026-08-12
Appartement à louer,945 €,Lille,"3 pièces, 2 chambres, 62,4 m², Étage 3/3",https://www.seloger.com/annonces/locations/appartement/lille-59/mitterie/275729601.htm,,2026-08-12
Appartement à louer,1 726 €,Lille,"4 pièces, 2 chambres, 105 m², 3ème étage",https://www.seloger.com/annonces/locations/appartement/lille-59/centre/276279579.htm,,2026-08-12
Appartement à louer,890 €,Lille,"2 pièces, 40 m², 2ème étage, dès le 02/10/2026",https://www.seloger.com/annonce/location/hauts-de-france/nord-59/lille-59000/26I3ZDS6U62G,,2026-08-12
Appartement à louer,1 495 €,Lille,"5 pièces, 4 chambres, 86 m², Étage 1/6",https://www.seloger.com/annonce/location/hauts-de-france/nord-59/lille-59000/26GKWH9ZSHRJ,,2026-08-12
Colocation à louer,450 €,Lille,"1 pièce, 15 m², dès le 20/08/2026",https://www.seloger.com/annonce/location/hauts-de-france/nord-59/lille-59000/263YEZXJT2PK,,2026-08-12
Maison à louer,520 €,Lille,"9 pièces, 8 chambres, 243 m²",https://www.seloger.com/annonces/locations/maison/lille-59/mont-a-camp-marais/268260851.htm,,2026-08-12
Colocation à louer,630 €,Lille,"1 pièce, 7 chambres, 10 m²",https://www.seloger.com/annonce/location/hauts-de-france/nord-59/lille-59000/26JDBK5UPKBL,,2026-08-12
Colocation à louer,575 €,Lille,"1 pièce, 15 m², dès le 16/08/2026",https://www.seloger.com/annonce/location/hauts-de-france/nord-59/lille-59000/265NY4E1UZAW,,2026-08-12
Colocation à louer,560 €,Lille,"1 pièce, 15 m², dès le 20/08/2026",https://www.seloger.com/annonce/location/hauts-de-france/nord-59/lille-59000/26S42TFIFNWL,,2026-08-12
Colocation à louer,575 €,Lille,"1 pièce, 15 m², dès le 16/08/2026",https://www.seloger.com/annonce/location/hauts-de-france/nord-59/lille-59000/26FWT9NJRCP2,,2026-08-12
Colocation à louer,515 €,Lille,"1 pièce, 1 chambre, 11 m², 1er étage",https://www.seloger.com/wl-cdp/2691KQEIWW2V,,2026-08-12
Appartement à louer,2 136 €,Lille,"5 pièces, 3 chambres, 124,9 m², Étage 5/5",https://www.seloger.com/annonces/locations/appartement/lille-59/276313035.htm,,2026-08-12
Colocation à louer,1 020 €,Lille,"3 pièces, 2 chambres, 57 m², Étage 3/4",https://www.seloger.com/annonce/location/hauts-de-france/nord-59/lille-59000/26Q53SU2B8TX,,2026-08-12
Colocation à louer,450 €,Lille,"1 pièce, 15 m², dès le 20/08/2026",https://www.seloger.com/annonce/location/hauts-de-france/nord-59/lille-59000/26EK8LRKJ5QK,,2026-08-12
Appartement à louer,1 580 €,Lille,"3 pièces, 2 chambres, 80 m², 1er étage",https://www.seloger.com/wl-cdp/26CJYGRXQTMW,,2026-08-12
Appartement à louer,927 €,Lille,"2 pièces, 2 chambres, 64,4 m²",https://www.seloger.com/wl-cdp/26E6EF6HMHK3,,2026-08-12
Appartement à louer,756 €,Lille,"2 pièces, 1 chambre, 48 m², RDC",https://www.seloger.com/annonce/location/hauts-de-france/nord-59/lille-59000/26AIJDXGE7U3,,2026-08-12
Colocation à louer,575 €,Lille,"1 pièce, 3 chambres, 9 m², 1er étage",https://www.seloger.com/annonce/location/hauts-de-france/nord-59/lille-59000/26CJPL82UGL6,,2026-08-12
Appartement à louer,988 €,Lille,"3 pièces, 2 chambres, 64,7 m², 4 étages",https://www.seloger.com/annonce/location/hauts-de-france/nord-59/lille-59000/263PTK1HD9QU,,2026-08-12
Colocation à louer,475 €,Lille,"1 pièce, 15 m², dès le 20/08/2026",https://www.seloger.com/annonce/location/hauts-de-france/nord-59/lille-59000/26MXK3NHYKEL,,2026-08-12
Appartement à louer,750 €,Lille,"2 pièces, 1 chambre, 31 m², 2ème étage",https://www.seloger.com/annonce/location/hauts-de-france/nord-59/lille-59000/262CJW4RXQPE,,2026-08-12
Appartement à louer,716 €,Lille,"2 pièces, 1 chambre, 34 m², Étage 1/3",https://www.seloger.com/annonce/location/hauts-de-france/nord-59/lille-59000/26VEBS4EG9QR,,2026-08-12
Appartement à louer,1 385 €,Lille,"3 pièces, 1 chambre, 82,9 m², 3ème étage",https://www.seloger.com/annonce/location/hauts-de-france/nord-59/lille-59000/26Z7RLGPZ8TX,,2026-08-12
Appartement à louer,665 €,Lille,"1 pièce, 11 chambres, 15,2 m², Étage 2/3",https://www.seloger.com/annonces/locations/appartement/lille-59/276162809.htm,,2026-08-12
Appartement à louer,890 €,Lille,"3 pièces, 2 chambres, 49,8 m², 3ème étage",https://www.seloger.com/wl-cdp/26773ZCJD8GK,,2026-08-12
Appartement à louer,950 €,Lille,"2 pièces, 1 chambre, 40 m², RDC/4",https://www.seloger.com/annonce/location/hauts-de-france/nord-59/lille-59000/26PY7NCN671H,,2026-08-12
Appartement à louer,595 €,Lille,"1 pièce, 12 m², RDC/3, disponible dès maintenant",https://www.seloger.com/annonces/locations/appartement/lille-59/vauban-esquermes/254GG752P3CV.htm,,2026-08-12
Maison à louer,520 €,Lille,"9 pièces, 8 chambres, 243 m²",https://www.seloger.com/annonces/locations/maison/lille-59/mont-a-camp-marais/254670883.htm,,2026-08-12
Appartement à louer,2 100 €,Lille,"4 pièces, 1 chambre, 90 m², 2ème étage",https://www.seloger.com/annonce/location/hauts-de-france/nord-59/lille-59000/269MH758IFK9,,2026-08-12
Appartement à louer,1 850 €,Lille,"3 pièces, 2 chambres, 124 m², Étage 6/8",https://www.seloger.com/annonce/location/hauts-de-france/nord-59/lille-59000/26IE5RVS9BBC,,2026-08-12
Appartement à louer,950 €,Lille,"2 pièces, 1 chambre, 53 m², Étage 3/3",https://www.seloger.com/annonce/location/hauts-de-france/nord-59/lille-59000/26BXIY14EF2W,,2026-08-12
Appartement à louer,750 €,Lille,"2 pièces, 1 chambre, 38 m², 1er étage",https://www.seloger.com/annonce/location/hauts-de-france/nord-59/lille-59000/26NBAN841WAW,,2026-08-12
Appartement à louer,1 180 €,Lille,"2 pièces, 1 chambre, 49,1 m²",https://www.seloger.com/annonce/location/hauts-de-france/nord-59/lille-59000/26ZPR4Q2DFQM,,2026-08-12
Appartement à louer,920 €,Lille,"2 pièces, 42 m², RDC/2, dès le 20/08/2026",https://www.seloger.com/annonce/location/hauts-de-france/nord-59/lille-59000/265IJU2C38UV,,2026-08-12
Appartement à louer,914 €,Lille,"2 pièces, 2 chambres, 57,3 m², 4 étages",https://www.seloger.com/wl-cdp/262LSXWGSB2Z,,2026-08-12
Colocation à louer,439 €,Lille,"5 pièces, 5 chambres, 1er étage",https://www.seloger.com/annonce/location/hauts-de-france/nord-59/lille-59000/2691549QM65D,,2026-08-12
Colocation à louer,399 €,Lille,"5 pièces, 5 chambres, 1er étage",https://www.seloger.com/annonce/location/hauts-de-france/nord-59/lille-59000/26ZYR943CF1L,,2026-08-12
Colocation à louer,495 €,Lille,"7 pièces, 6 chambres, 17 m², 1er étage",https://www.seloger.com/annonce/location/hauts-de-france/nord-59/lille-59000/26BZE31L4T47,,2026-08-12
Colocation à louer,445 €,Lille,"7 pièces, 6 chambres, 1er étage",https://www.seloger.com/annonce/location/hauts-de-france/nord-59/lille-59000/26LMAQQT8J7H,,2026-08-12
Studio à louer,808 €,logement étudiant,"Lille - 1 pièce, 19 m²",https://www.seloger.com/annonce/location/hauts-de-france/nord-59/lille-59000/26MLC112ZK71,,2026-08-12
Colocation à louer,576 €,Lille,"5 pièces, 4 chambres, 82 m², 3ème étage",https://www.seloger.com/annonce/location/hauts-de-france/nord-59/lille-59000/26GRJXEP3HI6,,2026-08-12
Colocation à louer,525 €,Lille,"1 pièce, 11 m², RDC",https://www.seloger.com/annonces/locations/appartement/lille-59/caulier/258272125.htm,,2026-08-12
Colocation à louer,525 €,Lille,"1 pièce, 10 m², RDC",https://www.seloger.com/annonces/locations/appartement/lille-59/caulier/258171949.htm,,2026-08-12
Appartement à louer,599 €,Lille,"1 pièce, 16 m², Étage 2/2, disponible dès maintenant",https://www.seloger.com/annonces/locations/appartement/lille-59/moulins/25HDST2ALT2Y.htm,,2026-08-12
Appartement à louer,1 264 €,Lille,"2 pièces, 2 chambres, 84 m²",https://www.seloger.com/annonce/location/hauts-de-france/nord-59/lille-59000/266QSU9SU9AT,,2026-08-12
Appartement à louer,910 €,Lille,"3 pièces, 2 chambres, 68 m², dès le 05/09/2026",https://www.seloger.com/annonce/location/hauts-de-france/nord-59/lille-59000/26QMI1BB5M23,,2026-08-12
Appartement à louer,1 320 €,Lille,"1 pièce, 48 m², 1er étage, dès le 30/08/2026",https://www.seloger.com/annonce/location/hauts-de-france/nord-59/lille-59000/262IP53E3NJG,,2026-08-12
Appartement à louer,890 €,Lille,"2 pièces, 1 chambre, 55 m², Étage 1/2",https://www.seloger.com/annonces/locations/appartement/lille-59/276394059.htm,,2026-08-12
Appartement à louer,819 €,Lille,"3 pièces, 2 chambres, 58,6 m², Étage 3/4",https://www.seloger.com/annonce/location/hauts-de-france/nord-59/lille-59000/265VG8MNAS7F,,2026-08-12
Appartement à louer,750 €,Lille,"3 pièces, 1 chambre, 38 m², 1er étage",https://www.seloger.com/annonce/location/hauts-de-france/nord-59/lille-59000/26PZTIGUFBT1,,2026-08-12
Appartement à louer,494 €,Lille,"1 pièce, 26,5 m², dès le 02/09/2026",https://www.seloger.com/wl-cdp/26UAQNAAJNEE,,2026-08-12
Appartement à louer,570 €,Lille,"1 pièce, 16,9 m², 1er étage",https://www.seloger.com/annonce/location/hauts-de-france/nord-59/lille-59000/262EKXLIZI2M,,2026-08-12
Maison à louer,1 490 €,Lille,"4 pièces, 3 chambres, 94 m²",https://www.seloger.com/annonce/location/hauts-de-france/nord-59/lille-59000/26F7BPQV1PMM,,2026-08-12
Appartement à louer,1 408 €,Lille,"4 pièces, 3 chambres, 107,6 m², RDC/2",https://www.seloger.com/annonce/location/hauts-de-france/nord-59/lille-59000/26MYVSIC3FLB,,2026-08-12
Appartement à louer,655 €,Lille,"1 pièce, 28,6 m², Étage 2/4",https://www.seloger.com/annonce/location/hauts-de-france/nord-59/lille-59000/26A9BX93N685,,2026-08-12
Colocation à louer,475 €,Lille,"1 pièce, 15 m², dès le 20/08/2026",https://www.seloger.com/annonce/location/hauts-de-france/nord-59/lille-59000/264QJUJ1QXTC,,2026-08-12
Appartement à louer,890 €,Lille,"1 pièce, 32 m², Étage 5/8",https://www.seloger.com/annonces/locations/appartement/lille-59/saint-maurice-pellevoisin/26P38UGNESP2.htm,,2026-08-12
Colocation à louer,500 €,logement étudiant,"Lille - 1 pièce, 4 chambres, 9 m², dès le 01/09/2026",https://www.seloger.com/annonce/location/hauts-de-france/nord-59/lille-59000/266X6V2TC1BG,,2026-08-12
Studio à louer,693 €,Lille,"1 pièce, 25 m²",https://www.seloger.com/annonce/location/hauts-de-france/nord-59/lille-59000/269E1LALLD28,,2026-08-12
Appartement à louer,990 €,Lille,"2 pièces, 1 chambre, 42 m², Étage 5/6",https://www.seloger.com/annonces/locations/appartement/lille-59/moulins/26EJ9F4QN86F.htm,,2026-08-12
Appartement à louer,1 184 €,Lille,"3 pièces, 2 chambres, 81,6 m², Étage 1/5",https://www.seloger.com/annonce/location/hauts-de-france/nord-59/lille-59000/26SV8DKN7P4Q,,2026-08-12
Appartement à louer,2 300 €,Lille,"4 pièces, 3 chambres, 151 m²",https://www.seloger.com/annonce/location/hauts-de-france/nord-59/lille-59000/262LACK8R8QI,,2026-08-12
Studio à louer,580 €,Lille,"1 pièce, 16 m², 4ème étage",https://www.seloger.com/annonce/location/hauts-de-france/nord-59/lille-59000/26KCBRJHFX1W,,2026-08-12
Appartement à louer,998 €,Lille,"3 pièces, 2 chambres, 55,2 m², 2ème étage",https://www.seloger.com/annonces/locations/appartement/lille-59/vieux-lille/274670575.htm,,2026-08-12
Appartement à louer,420 €,Lille,"1 pièce, 17,5 m², Étage 3/3",https://www.seloger.com/annonce/location/hauts-de-france/nord-59/lille-59000/26RA49MB2GIM,,2026-08-12
Appartement à louer,850 €,Lille,"2 pièces, 1 chambre, 42 m², 1er étage",https://www.seloger.com/annonce/location/hauts-de-france/nord-59/lille-59000/26IYAVZ46FCJ,,2026-08-12
Colocation à louer,530 €,Lille,"1 pièce, 1 chambre, 9 m², 6ème étage",https://www.seloger.com/annonce/location/hauts-de-france/nord-59/lille-59000/26EDB1HHX54B,,2026-08-12
Colocation à louer,545 €,Lille,"1 pièce, 15 m², dès le 20/08/2026",https://www.seloger.com/annonce/location/hauts-de-france/nord-59/lille-59000/26NGV2FZZN8R,,2026-08-12
Appartement à louer,889 €,Lille,"3 pièces, 2 chambres, 63,6 m², RDC",https://www.seloger.com/wl-cdp/26M5IAPQAHYF,,2026-08-12
Appartement à louer,565 €,Lille,"2 pièces, 1 chambre, 34,9 m², Étage 1/3",https://www.seloger.com/annonces/locations/appartement/lille-59/276162645.htm,,2026-08-12
Colocation à louer,550 €,Lille,"2 pièces, 5 chambres, 112,6 m²",https://www.seloger.com/annonces/locations/appartement/lille-59/fives/271161925.htm,,2026-08-12
Appartement à louer,605 €,Lille,"1 pièce, 29 m², Étage 2/4",https://www.seloger.com/annonce/location/hauts-de-france/nord-59/lille-59000/265YB48EMGCQ,,2026-08-12
Colocation à louer,570 €,Lille,"1 pièce, 5 chambres, 14 m², RDC",https://www.seloger.com/annonce/location/hauts-de-france/nord-59/lille-59000/26KMT5IYMFNP,,2026-08-12
Appartement à louer,1 015 €,Lille,"3 pièces, 2 chambres, 54,8 m², RDC",https://www.seloger.com/annonces/locations/appartement/lille-59/vieux-lille/271787893.htm,,2026-08-12
Studio à louer,495 €,Lille,"5 pièces, 4 chambres, RDC",https://www.seloger.com/annonces/locations/appartement/lille-59/272759137.htm,,2026-08-12
Studio à louer,495 €,Lille,"5 pièces, 4 chambres, RDC",https://www.seloger.com/annonce/location/hauts-de-france/nord-59/lille-59000/26F4Q874IUCI,,2026-08-12
Maison à louer,450 €,Lille,"6 pièces, 5 chambres, 144 m²",https://www.seloger.com/annonce/location/hauts-de-france/nord-59/lille-59000/266GR1BBLW57,,2026-08-12
Colocation à louer,600 €,Lille,"1 pièce, 1 chambre, 10 m², Étage 1/3",https://www.seloger.com/wl-cdp/26KHZPBX3LSI,,2026-08-12
Colocation à louer,415 €,logement étudiant,"Lille - 1 pièce, 1 chambre, 12 m², 1er étage",https://www.seloger.com/annonce/location/hauts-de-france/nord-59/lille-59000/26VXVESILX98,,2026-08-12
Appartement à louer,750 €,Lille,"1 pièce, 39 m², 1er étage",https://www.seloger.com/annonces/locations/appartement/lille-59/270369581.htm,,2026-08-12
Colocation à louer,560 €,Lille,"1 pièce, 2 chambres, 9 m², RDC",https://www.seloger.com/annonce/location/hauts-de-france/nord-59/lille-59000/26DZQB67U254,,2026-08-12
Colocation à louer,566 €,Lille,"1 pièce, 10 chambres, 14 m², 1er étage",https://www.seloger.com/annonce/location/hauts-de-france/nord-59/lille-59000/26IM3TKKKY11,,2026-08-12
Appartement à louer,1 900 €,Lille,"2 pièces, 1 chambre, 43 m²",https://www.seloger.com/annonces/locations/appartement/lille-59/275575821.htm,,2026-08-12
Colocation à louer,550 €,Lille,"5 pièces, 4 chambres, 79 m², 4ème étage",https://www.seloger.com/annonce/location/hauts-de-france/nord-59/lille-59000/266NGRHMPJ4Y,,2026-08-12
Appartement à louer,670 €,Lille,"4 pièces, 5 chambres, 80 m², 2ème étage",https://www.seloger.com/annonce/location/hauts-de-france/nord-59/lille-59000/26SE26HMA7MA,,2026-08-12
Appartement à louer,910 €,Lille,"2 pièces, 1 chambre, 56 m², RDC",https://www.seloger.com/annonce/location/hauts-de-france/nord-59/lille-59000/26RJITTSURM8,,2026-08-12
Appartement à louer,1 450 €,Lille,"3 pièces, 2 chambres, 84 m², 5ème étage",https://www.seloger.com/annonce/location/hauts-de-france/nord-59/lille-59000/26TA7ZZNNEWG,,2026-08-12
Colocation à louer,545 €,Lille,"1 pièce, 3 chambres, 10 m², 1er étage",https://www.seloger.com/annonce/location/hauts-de-france/nord-59/lille-59000/263E18V815IS,,2026-08-12
Colocation à louer,530 €,Lille,"1 pièce, 3 chambres, 11 m², 1er étage",https://www.seloger.com/annonce/location/hauts-de-france/nord-59/lille-59000/26URAA5QUG79,,2026-08-12
Colocation à louer,510 €,Lille,"1 pièce, 1 chambre, 13 m², 1er étage",https://www.seloger.com/annonce/location/hauts-de-france/nord-59/lille-59000/26P3RN3BDJ9P,,2026-08-12
Colocation à louer,490 €,Lille,"1 pièce, 1 chambre, 9 m², 1er étage",https://www.seloger.com/annonces/locations/appartement/lille-59/bois-blanc/259345929.htm,,2026-08-12
Colocation à louer,545 €,Lille,"1 pièce, 4 chambres, 11 m², 1er étage",https://www.seloger.com/annonces/locations/appartement/lille-59/moulins/274005883.htm,,2026-08-12
Colocation à louer,530 €,Lille,"1 pièce, 2 chambres, 9 m², 1er étage",https://www.seloger.com/annonce/location/hauts-de-france/nord-59/lille-59000/26C38UJDW9KR,,2026-08-12
Maison à louer,1 004 €,Lille,"3 pièces, 2 chambres, 83,4 m², 12 m² de terrain",https://www.seloger.com/annonces/locations/maison/lille-59/vauban-esquermes/273836615.htm,,2026-08-12
Colocation à louer,515 €,Lille,"10 m², RDC/2, disponible dès maintenant",https://www.seloger.com/annonces/locations/appartement/lille-59/lomme-le-marais/26P4QDQU5KDQ.htm,,2026-08-12
Colocation à louer,1 050 €,Lille,"3 pièces, 2 chambres, 48 m², RDC/4",https://www.seloger.com/annonces/locations/appartement/lille-59/wazemmes/25M3YRJ42NIY.htm,,2026-08-12
Colocation à louer,470 €,Lille,"1 pièce, 1 chambre, 11 m², Étage 1/2",https://www.seloger.com/annonce/location/hauts-de-france/nord-59/lille-59000/26BB6A8TJW5H,,2026-08-12
Colocation à louer,600 €,Lille,"1 pièce, 2 chambres, 13 m², 6ème étage",https://www.seloger.com/annonce/location/hauts-de-france/nord-59/lille-59000/26QNSZ5IAJWK,,2026-08-12
Colocation à louer,580 €,Lille,"1 pièce, 3 chambres, 11 m², 3ème étage",https://www.seloger.com/annonce/location/hauts-de-france/nord-59/lille-59000/26XXYZ2AMEX1,,2026-08-12
Colocation à louer,510 €,logement étudiant,"Lille - 1 pièce, 9 chambres, 10 m², 1er étage",https://www.seloger.com/annonce/location/hauts-de-france/nord-59/lille-59000/26DUYT8V5RGV,,2026-08-12
Appartement à louer,645 €,Lille,"4 pièces, 5 chambres, 80 m², 1er étage",https://www.seloger.com/annonce/location/hauts-de-france/nord-59/lille-59000/26KII2SYGPRI,,2026-08-12
Colocation à louer,555 €,Lille,"1 pièce, 2 chambres, 11 m², 1er étage",https://www.seloger.com/annonce/location/hauts-de-france/nord-59/lille-59000/26SN89G8322D,,2026-08-12
Colocation à louer,600 €,Lille,"1 pièce, 1 chambre, 11 m², 1er étage",https://www.seloger.com/annonce/location/hauts-de-france/nord-59/lille-59000/26667RTQKETT,,2026-08-12
Colocation à louer,590 €,Lille,"1 pièce, 2 chambres, 10 m², 1er étage",https://www.seloger.com/annonce/location/hauts-de-france/nord-59/lille-59000/26M82NNR5AF4,,2026-08-12
Colocation à louer,510 €,Lille,"1 pièce, 1 chambre, 9 m², 1er étage",https://www.seloger.com/annonce/location/hauts-de-france/nord-59/lille-59000/26AG2I1TZBB9,,2026-08-12
Colocation à louer,585 €,Lille,"1 pièce, 6 chambres, 15 m², 1er étage",https://www.seloger.com/annonce/location/hauts-de-france/nord-59/lille-59000/266JJ4MVX6GY,,2026-08-12
Colocation à louer,580 €,Lille,"1 pièce, 1 chambre, 10 m², 1er étage",https://www.seloger.com/annonce/location/hauts-de-france/nord-59/lille-59000/2624T8CCN2GC,,2026-08-12
Appartement à louer,1 680 €,Lille,"3 pièces, 1 chambre, 91 m², Étage 2/6",https://www.seloger.com/annonces/locations/appartement/lille-59/271443183.htm,,2026-08-12
Studio à louer,515 €,Lille,"1 pièce, 15 m², dès le 17/08/2026",https://www.seloger.com/annonce/location/hauts-de-france/nord-59/lille-59000/26WFTA8K1EGS,,2026-08-12
Appartement à louer,991 €,Lille,"3 pièces, 2 chambres, 68,5 m², Étage 6/4",https://www.seloger.com/annonce/location/hauts-de-france/nord-59/lille-59000/26ZN8SXMH7GK,,2026-08-12
Duplex à louer,950 €,Lille,"3 pièces, 73,1 m², RDC/3",https://www.seloger.com/annonce/location/hauts-de-france/nord-59/lille-59000/26FWBTE23MFB,,2026-08-12
Appartement à louer,498 €,Lille,"1 pièce, 28 m², Étage 1/3",https://www.seloger.com/annonce/location/hauts-de-france/nord-59/lille-59000/26WAK2Q9ADMU,,2026-08-12
Appartement à louer,599 €,Lille,"1 pièce, 30,9 m², 1er étage, dès le 21/08/2026",https://www.seloger.com/annonce/location/hauts-de-france/nord-59/lille-59000/26AQP9YMFR18,,2026-08-12
Colocation à louer,510 €,Lille,"1 pièce, 3 chambres, 9 m², RDC",https://www.seloger.com/annonce/location/hauts-de-france/nord-59/lille-59000/26JX82ADYGW3,,2026-08-12
Colocation à louer,480 €,Lille,"1 pièce, 1 chambre, 11 m², Étage 1/2",https://www.seloger.com/wl-cdp/2692WEXA7HIH,,2026-08-12
Colocation à louer,560 €,Lille,"1 pièce, 7 chambres, 11 m², dès le 15/08/2026",https://www.seloger.com/annonce/location/hauts-de-france/nord-59/lille-59000/265RGB73JTDP,,2026-08-12
Colocation à louer,610 €,Lille,"1 pièce, 2 chambres, 10 m², RDC",https://www.seloger.com/annonce/location/hauts-de-france/nord-59/lille-59000/26S25U6TESBJ,,2026-08-12
Maison à louer,1 040 €,Lille,"4 pièces, 3 chambres, 80 m²",https://www.seloger.com/annonce/location/hauts-de-france/nord-59/lille-59000/26W8VV92XCI7,,2026-08-12
Colocation à louer,545 €,logement étudiant,"Lille - 1 pièce, 4 chambres, 12 m², 1er étage",https://www.seloger.com/annonce/location/hauts-de-france/nord-59/lille-59000/26SXYRVZUAHL,,2026-08-12
Colocation à louer,595 €,Lille,"1 pièce, 2 chambres, 10 m², 1er étage",https://www.seloger.com/annonce/location/hauts-de-france/nord-59/lille-59000/26QHJIY4UJXK,,2026-08-12
Colocation à louer,545 €,Lille,"1 pièce, 3 chambres, 13 m², 1er étage",https://www.seloger.com/annonce/location/hauts-de-france/nord-59/lille-59000/26YMVVWZBUKZ,,2026-08-12
Colocation à louer,545 €,Lille,"1 pièce, 2 chambres, 13 m², 1er étage",https://www.seloger.com/annonces/locations/appartement/lille-59/wazemmes/269728513.htm,,2026-08-12
Colocation à louer,550 €,Lille,"1 pièce, 4 chambres, 9 m², 1er étage",https://www.seloger.com/annonces/locations/appartement/lille-59/vauban-esquermes/261149119.htm,,2026-08-12
Colocation à louer,585 €,Lille,"1 pièce, 2 chambres, 11 m², 1er étage",https://www.seloger.com/annonces/locations/appartement/lille-59/274001153.htm,,2026-08-12
Colocation à louer,570 €,Lille,"1 pièce, 3 chambres, 10 m², 1er étage",https://www.seloger.com/annonce/location/hauts-de-france/nord-59/lille-59000/26GIAE1S82YG,,2026-08-12
Colocation à louer,595 €,Lille,"1 pièce, 3 chambres, 10 m², 3ème étage",https://www.seloger.com/annonce/location/hauts-de-france/nord-59/lille-59000/26BDTRZUB4F8,,2026-08-12
Colocation à louer,620 €,Lille,"1 pièce, 2 chambres, 10 m², 1er étage",https://www.seloger.com/annonce/location/hauts-de-france/nord-59/lille-59000/26YUENFQ1WND,,2026-08-12
Appartement à louer,780 €,Lille,"3 pièces, 2 chambres, 45 m²",https://www.seloger.com/annonce/location/hauts-de-france/nord-59/lille-59000/267N96WSIDE9,,2026-08-12
Appartement à louer,1 900 €,Lille,"4 pièces, 3 chambres, 120,6 m², Étage 4/4",https://www.seloger.com/annonces/locations/appartement/lille-59/saint-maurice-pellevoisin/275473315.htm,,2026-08-12
Colocation à louer,590 €,Lille,"5 pièces, 4 chambres, 26,2 m², 1er étage",https://www.seloger.com/annonce/location/hauts-de-france/nord-59/lille-59000/26PRHSWQX77E,,2026-08-12
Appartement à louer,900 €,Lille,"3 pièces, 2 chambres, 71,1 m², 3ème étage",https://www.seloger.com/annonces/locations/appartement/lille-59/275551257.htm,,2026-08-12
Appartement à louer,502 €,logement étudiant,"Lille - 1 pièce, 24 m², 4ème étage",https://www.seloger.com/annonce/location/hauts-de-france/nord-59/lille-59000/26Z38BJDEQJT,,2026-08-12
Appartement à louer,700 €,logement étudiant,"Lille - 1 pièce, 28 m², 5ème étage",https://www.seloger.com/annonce/location/hauts-de-france/nord-59/lille-59000/26YNKRLZKH87,,2026-08-12
Appartement à louer,1 080 €,Lille,"2 pièces, 1 chambre, 53,6 m², Étage 2/3",https://www.seloger.com/annonce/location/hauts-de-france/nord-59/lille-59000/26LZKXT4YTW3,,2026-08-12
Appartement à louer,1 200 €,Lille,"3 pièces, 2 chambres, 69,2 m², 1er étage",https://www.seloger.com/annonces/locations/appartement/lille-59/275454175.htm,,2026-08-12
Appartement à louer,1 995 €,Lille,"3 pièces, 2 chambres, 69,7 m², RDC/1",https://www.seloger.com/annonces/locations/appartement/lille-59/vieux-lille/273642497.htm,,2026-08-12
Appartement à louer,640 €,Lille,"2 pièces, 1 chambre, 36,1 m², 3ème étage",https://www.seloger.com/annonces/locations/appartement/lille-59/lille-sud/274670537.htm,,2026-08-12
Colocation à louer,575 €,Lille,"1 pièce, 2 chambres, 10 m², 3ème étage",https://www.seloger.com/annonce/location/hauts-de-france/nord-59/lille-59000/2691X1KHEPWV,,2026-08-12
Colocation à louer,470 €,Lille,"1 pièce, 2 chambres, 9 m², 1er étage",https://www.seloger.com/annonce/location/hauts-de-france/nord-59/lille-59000/26GZS3HT5HLI,,2026-08-12
Colocation à louer,530 €,Lille,"1 pièce, 3 chambres, 10 m², 2ème étage",https://www.seloger.com/annonce/location/hauts-de-france/nord-59/lille-59000/269ITGGFC26X,,2026-08-12
Appartement à louer,695 €,Lille,"1 pièce, 1 chambre, 28 m², RDC",https://www.seloger.com/annonce/location/hauts-de-france/nord-59/lille-59000/26SFKEQZE1WA,,2026-08-12
Colocation à louer,520 €,Lille,"1 pièce, 1 chambre, 11 m², RDC",https://www.seloger.com/annonce/location/hauts-de-france/nord-59/lille-59000/26LS3X74891F,,2026-08-12
Colocation à louer,585 €,Lille,"1 pièce, 1 chambre, 9 m², 1er étage",https://www.seloger.com/annonce/location/hauts-de-france/nord-59/lille-59000/26XCS33CFUKL,,2026-08-12
Colocation à louer,555 €,Lille,"1 pièce, 4 chambres, 10 m², 1er étage",https://www.seloger.com/annonce/location/hauts-de-france/nord-59/lille-59000/26GQCTHDRLGX,,2026-08-12
Colocation à louer,620 €,Lille,"1 pièce, 1 chambre, 10 m², 1er étage",https://www.seloger.com/annonce/location/hauts-de-france/nord-59/lille-59000/26UGHVGZCBVU,,2026-08-12
Colocation à louer,570 €,Lille,"1 pièce, 2 chambres, 13 m², 1er étage",https://www.seloger.com/annonces/locations/appartement/lille-59/wazemmes/264557805.htm,,2026-08-12
Colocation à louer,530 €,Lille,"1 pièce, 4 chambres, 11 m², 1er étage",https://www.seloger.com/annonce/location/hauts-de-france/nord-59/lille-59000/26MTZPPL1DCR,,2026-08-12
Appartement à louer,1 195 €,Lille,"2 pièces, 1 chambre, 47 m², 1er étage",https://www.seloger.com/annonce/location/hauts-de-france/nord-59/lille-59000/26LWNTNNN4XP,,2026-08-12
Colocation à louer,630 €,Lille,"1 pièce, 2 chambres, 10 m², 1er étage",https://www.seloger.com/annonce/location/hauts-de-france/nord-59/lille-59000/26JIM3L2C56N,,2026-08-12
Studio à louer,570 €,Lille,"1 pièce, 16 m², 2ème étage",https://www.seloger.com/annonce/location/hauts-de-france/nord-59/lille-59000/261EJIN46AC1,,2026-08-12
Colocation à louer,550 €,Lille,"1 pièce, 3 chambres, 11 m², 1er étage",https://www.seloger.com/annonce/location/hauts-de-france/nord-59/lille-59000/26F9FVNM4UQN,,2026-08-12
Duplex à louer,540 €,Lille,"1 pièce, 15 m², Étage 1/3",https://www.seloger.com/annonces/locations/appartement/lille-59/261956241.htm,,2026-08-12
Appartement à louer,516 €,Lille,"1 pièce, 1 chambre, 11 m², RDC/2",https://www.seloger.com/annonces/locations/appartement/lille-59/wazemmes/276250469.htm,,2026-08-12
Appartement à louer,1 558 €,Lille,"3 pièces, 2 chambres, 93 m², Étage 3/5",https://www.seloger.com/annonces/locations/appartement/lille-59/271648885.htm,,2026-08-12
Appartement à louer,731 €,Lille,"2 pièces, 1 chambre, 45,4 m², 1er étage",https://www.seloger.com/annonce/location/hauts-de-france/nord-59/lille-59000/26X33Q1I8AEG,,2026-08-12
Appartement à louer,779 €,Lille,"2 pièces, 1 chambre, 39 m², Étage 3/5",https://www.seloger.com/annonces/locations/appartement/lille-59/276118171.htm,,2026-08-12
Appartement à louer,1 450 €,Lille,"2 pièces, 1 chambre, 75 m², 3ème étage",https://www.seloger.com/annonce/location/hauts-de-france/nord-59/lille-59000/26TGQ92Q9C9N,,2026-08-12
Appartement à louer,487 €,Lille,"1 pièce, 18,2 m², RDC",https://www.seloger.com/wl-cdp/263PTGJ3RIH9,,2026-08-12
Appartement à louer,1 051 €,Lille,"3 pièces, 2 chambres, 60,5 m², Étage 2/3",https://www.seloger.com/annonces/locations/appartement/lille-59/275779493.htm,,2026-08-12
Appartement à louer,1 145 €,Lille,"3 pièces, 2 chambres, 71,1 m², RDC/5",https://www.seloger.com/annonces/locations/appartement/lille-59/vauban-esquermes/270165525.htm,,2026-08-12
Appartement à louer,625 €,logement étudiant,"Lille - 1 pièce, 28,3 m², RDC",https://www.seloger.com/annonce/location/hauts-de-france/nord-59/lille-59000/26GUHB2KHJ7K,,2026-08-12
Colocation à louer,1 399 €,Lille,"4 pièces, 3 chambres, 77 m², Étage 1/3",https://www.seloger.com/annonce/location/hauts-de-france/nord-59/lille-59000/267MVMIIJR65,,2026-08-12
Appartement à louer,1 208 €,Lille,"3 pièces, 2 chambres, 84,3 m², 6ème étage",https://www.seloger.com/annonces/locations/appartement/lille-59/centre/275043953.htm,,2026-08-12
Colocation à louer,620 €,Lille,"1 pièce, 2 chambres, 16 m², 1er étage",https://www.seloger.com/annonce/location/hauts-de-france/nord-59/lille-59000/26HJNGD68ZWP,,2026-08-12
Appartement à louer,1 500 €,Lille,"4 pièces, 3 chambres, 148,9 m², RDC",https://www.seloger.com/annonces/locations/appartement/lille-59/vauban-esquermes/271140453.htm,,2026-08-12
Colocation à louer,505 €,Lille,"1 pièce, 1 chambre, 12 m², 1er étage",https://www.seloger.com/annonce/location/hauts-de-france/nord-59/lille-59000/26C37S6Q5PHY,,2026-08-12
Appartement à louer,970 €,Lille,"2 pièces, 1 chambre, 49,6 m², 4ème étage",https://www.seloger.com/annonce/location/hauts-de-france/nord-59/lille-59000/26PNKSU6DWA7,,2026-08-12
Appartement à louer,1 392 €,Lille,"4 pièces, 3 chambres, 67 m², 4ème étage",https://www.seloger.com/annonces/locations/appartement/lille-59/276324227.htm,,2026-08-12
Appartement à louer,1 600 €,Lille,"4 pièces, 3 chambres, 80 m²",https://www.seloger.com/annonces/locations/appartement/lille-59/vauban-esquermes/276513917.htm,,2026-08-12
Appartement à louer,898 €,Lille,"3 pièces, 2 chambres, 79,3 m², 3ème étage",https://www.seloger.com/annonces/locations/appartement/lille-59/275523967.htm,,2026-08-12
Appartement à louer,949 €,Lille,"2 pièces, 1 chambre, 44,5 m², Étage 1/2",https://www.seloger.com/annonce/location/hauts-de-france/nord-59/lille-59000/26IDTPGKBXLK,,2026-08-12
Appartement à louer,750 €,logement étudiant,"Lille - 2 pièces, 1 chambre, 48 m², Étage 2/3",https://www.seloger.com/annonce/location/hauts-de-france/nord-59/lille-59000/26B1BRPNZQ7P,,2026-08-12
Colocation à louer,570 €,Lille,"1 pièce, 1 chambre, 11 m², 1er étage",https://www.seloger.com/annonce/location/hauts-de-france/nord-59/lille-59000/26CV6YVP3E96,,2026-08-12
Appartement à louer,1 290 €,Lille,"3 pièces, 2 chambres, 64,9 m², 1er étage",https://www.seloger.com/annonces/locations/appartement/lille-59/vieux-lille/274670583.htm,,2026-08-12
Colocation à louer,510 €,Lille,"1 pièce, 1 chambre, 10 m², 1er étage",https://www.seloger.com/annonce/location/hauts-de-france/nord-59/lille-59000/26YRZSYAY3NA,,2026-08-12
Appartement à louer,920 €,Lille,"3 pièces, 2 chambres, 75 m², 3ème étage",https://www.seloger.com/annonces/locations/appartement/lille-59/274670569.htm,,2026-08-12
Maison de ville à louer,1 399 €,Lille,"4 pièces, 3 chambres, 77 m²",https://www.seloger.com/annonces/locations/maison/lille-59/268405575.htm,,2026-08-12
Studio à louer,623 €,Lille,"1 pièce, 16 m², 1er étage",https://www.seloger.com/annonce/location/hauts-de-france/nord-59/lille-59000/264XJD3MWFUB,,2026-08-12
Colocation à louer,495 €,Lille,"4 pièces, 3 chambres, 64 m², Étage 2/3",https://www.seloger.com/annonces/locations/appartement/lille-59/faubourg-de-bethune-concorde/26J8JPDE5MQG.htm,,2026-08-12
Colocation à louer,580 €,Lille,"1 pièce, 2 chambres, 9 m², 1er étage",https://www.seloger.com/annonces/locations/appartement/lille-59/centre/260980049.htm,,2026-08-12
Colocation à louer,670 €,Lille,"1 pièce, 6 chambres, 15 m², 8ème étage",https://www.seloger.com/annonce/location/hauts-de-france/nord-59/lille-59000/26DRW4JWE7B4,,2026-08-12
Appartement à louer,1 049 €,Lille,"3 pièces, 2 chambres, 70 m², 2ème étage",https://www.seloger.com/annonces/locations/appartement/lille-59/271216025.htm,,2026-08-12
Appartement à louer,1 228 €,Lille,"3 pièces, 2 chambres, 73 m², Étage 3/3",https://www.seloger.com/annonce/location/hauts-de-france/nord-59/lille-59000/26X3113YSZSE,,2026-08-12
Colocation à louer,470 €,Lille,"1 pièce, 1 chambre, 10 m², 1er étage",https://www.seloger.com/annonces/locations/appartement/lille-59/276270673.htm,,2026-08-12
Appartement à louer,1 250 €,Lille,"1 pièce, 30 m², RDC",https://www.seloger.com/annonce/location/hauts-de-france/nord-59/lille-59000/26LHJZN9Q6F2,,2026-08-12
Maison à louer,630 €,Lille,"4 pièces, 3 chambres, 110 m², dès le 14/08/2026",https://www.seloger.com/annonce/location/hauts-de-france/nord-59/lille-59000/26WIWZJLCR98,,2026-08-12
Appartement à louer,1 406 €,Lille,"4 pièces, 3 chambres, 88,1 m², 6ème étage",https://www.seloger.com/annonces/locations/appartement/lille-59/caulier/276315773.htm,,2026-08-12
Colocation à louer,520 €,Lille,"1 pièce, 1 chambre, 13 m²",https://www.seloger.com/wl-cdp/26MHWTSFPZD3,,2026-08-12
Appartement à louer,1 247 €,Lille,"3 pièces, 2 chambres, 79,1 m², RDC/2",https://www.seloger.com/annonce/location/hauts-de-france/nord-59/lille-59000/26595MT9P2K8,,2026-08-12
Colocation à louer,620 €,Lille,"1 pièce, 3 chambres, 15 m², 3 étages",https://www.seloger.com/annonce/location/hauts-de-france/nord-59/lille-59000/26EN88U2LZYV,,2026-08-12
Appartement à louer,1 113 €,Lille,"3 pièces, 2 chambres, 69 m², dès le 31/08/2026",https://www.seloger.com/wl-cdp/26S3IRZ22VVG,,2026-08-12
Appartement à louer,823 €,logement étudiant,"Lille - 1 pièce, 10 chambres, 255 m², RDC",https://www.seloger.com/annonce/location/hauts-de-france/nord-59/lille-59000/25W8BQHFM4PT,,2026-08-12
Appartement à louer,436 €,Lille,"1 pièce, 16,7 m², Étage 1/1",https://www.seloger.com/annonce/location/hauts-de-france/nord-59/lille-59000/26U39WFVMR9K,,2026-08-12
Appartement à louer,694 €,Lille,"1 pièce, 42,7 m², Étage 5/5",https://www.seloger.com/annonce/location/hauts-de-france/nord-59/lille-59000/26X5NF44VLMW,,2026-08-12
Appartement à louer,770 €,Lille,"2 pièces, 1 chambre, 48 m², Étage -2/2",https://www.seloger.com/annonce/location/hauts-de-france/nord-59/lille-59000/26VEEMFGFYBK,,2026-08-12
Appartement à louer,900 €,Lille,"1 pièce, 40 m², 2 étages",https://www.seloger.com/annonce/location/hauts-de-france/nord-59/lille-59000/2654ARWSF1LR,,2026-08-12
Appartement à louer,505 €,Lille,"1 pièce, 21,6 m², Étage 4/4",https://www.seloger.com/annonces/locations/appartement/lille-59/276162653.htm,,2026-08-12
Appartement à louer,810 €,Lille,"2 pièces, 1 chambre, 34,2 m², Étage 3/3",https://www.seloger.com/annonces/locations/appartement/lille-59/centre/274040205.htm,,2026-08-12
Appartement à louer,2 919 €,Lille,"4 pièces, 3 chambres, 184,9 m², 1er étage",https://www.seloger.com/annonces/locations/appartement/lille-59/centre/234372627.htm,,2026-08-12
Appartement à louer,610 €,Lille,"2 pièces, 1 chambre, 35 m², RDC",https://www.seloger.com/annonces/locations/appartement/lille-59/275832335.htm,,2026-08-12
Appartement à louer,790 €,Lille,"2 pièces, 1 chambre, 50 m², Étage 1/3",https://www.seloger.com/annonces/locations/appartement/lille-59/caulier/273837709.htm,,2026-08-12
Appartement à louer,850 €,Lille,"3 pièces, 1 chambre, 51 m², disponible dès maintenant",https://www.seloger.com/annonces/locations/appartement/lille-59/faubourg-de-bethune-concorde/26PNWSX4IPZJ.htm,,2026-08-12
Appartement à louer,1 250 €,Lille,"2 pièces, 1 chambre, 63,1 m², 5ème étage",https://www.seloger.com/annonces/locations/appartement/lille-59/centre/273839767.htm,,2026-08-12
Colocation à louer,765 €,Lille,"1 pièce, 1 chambre, 15 m², 2ème étage",https://www.seloger.com/annonce/location/hauts-de-france/nord-59/lille-59000/2639YSWY947V,,2026-08-12
Appartement à louer,880 €,Lille,"2 pièces, 1 chambre, 43 m², Étage 3/3",https://www.seloger.com/annonce/location/hauts-de-france/nord-59/lille-59000/26TUHLYQLR16,,2026-08-12
Appartement à louer,806 €,Lille,"2 pièces, 1 chambre, 46,3 m², Étage 5/5",https://www.seloger.com/annonces/locations/appartement/lille-59/moulins/275404311.htm,,2026-08-12
Maison à louer,515 €,Lille,"4 pièces, 3 chambres, 67 m²",https://www.seloger.com/annonces/locations/maison/lille-59/276388801.htm,,2026-08-12
Appartement à louer,700 €,Lille,"1 pièce, 37 m², 3 étages",https://www.seloger.com/annonce/location/hauts-de-france/nord-59/lille-59000/26YVBN16P1T5,,2026-08-12
Appartement à louer,1 400 €,Lille,"4 pièces, 3 chambres, 81,9 m², Étage 1/2",https://www.seloger.com/annonces/locations/appartement/lille-59/276193559.htm,,2026-08-12
Colocation à louer,900 €,Lille,"2 pièces, 1 chambre, 52 m², 2ème étage",https://www.seloger.com/annonce/location/hauts-de-france/nord-59/lille-59000/26G5Y73545PA,,2026-08-12
Appartement à louer,585 €,Lille,"1 pièce, 11 m², Étage 3/3, disponible dès maintenant",https://www.seloger.com/annonces/locations/appartement/lille-59/moulins/26C758W217AF.htm,,2026-08-12
Appartement à louer,559 €,logement étudiant,"Lille - 1 pièce, 25 m², RDC",https://www.seloger.com/annonce/location/hauts-de-france/nord-59/lille-59000/26733KAUZLRI,,2026-08-12
Appartement à louer,478 €,Lille,"1 pièce, 11 m², Étage 6/6, disponible dès maintenant",https://www.seloger.com/annonce/location/hauts-de-france/nord-59/lille-59000/26LNAY9S6K1U,,2026-08-12
Colocation à louer,500 €,Lille,"1 pièce, 1 chambre, 9 m², 2ème étage",https://www.seloger.com/annonce/location/hauts-de-france/nord-59/lille-59000/26LHY7PUMLR7,,2026-08-12
Appartement à louer,700 €,Lille,"2 pièces, 1 chambre, 50 m², RDC/2",https://www.seloger.com/annonces/locations/appartement/lille-59/saint-maurice-pellevoisin/273805035.htm,,2026-08-12
Colocation à louer,565 €,Lille,"1 pièce, 1 chambre, 19 m², RDC",https://www.seloger.com/annonce/location/hauts-de-france/nord-59/lille-59000/26213G96R1TK,,2026-08-12
Colocation à louer,650 €,Lille,"1 pièce, 1 chambre, 17 m², 3ème étage",https://www.seloger.com/annonce/location/hauts-de-france/nord-59/lille-59000/26Z2LBSBQHB9,,2026-08-12
Appartement à louer,650 €,Lille,"1 pièce, 34,5 m², RDC",https://www.seloger.com/annonces/locations/appartement/lille-59/wazemmes/249191571.htm,,2026-08-12
Colocation à louer,665 €,Lille,"1 pièce, 1 chambre, 12,9 m², 1er étage",https://www.seloger.com/annonces/locations/appartement/lille-59/centre/268858377.htm,,2026-08-12
Appartement à louer,1 286 €,Lille,"4 pièces, 3 chambres, 73,2 m², 4ème étage",https://www.seloger.com/annonces/locations/appartement/lille-59/vauban-esquermes/271666213.htm,,2026-08-12
Appartement à louer,839 €,Lille,"2 pièces, 1 chambre, 56 m², Étage 3/7",https://www.seloger.com/annonces/locations/appartement/lille-59/vauban-esquermes/272671087.htm,,2026-08-12
Appartement à louer,1 470 €,Lille,"3 pièces, 2 chambres, 66 m², Étage 9/11",https://www.seloger.com/annonces/locations/appartement/lille-59/centre/26GPTX8HFH1C.htm,,2026-08-12
Duplex à louer,410 €,Première occupation,"Lille - 1 pièce, 12 m², RDC",https://www.seloger.com/annonces/locations/appartement/lille-59/263372717.htm,,2026-08-12
Colocation à louer,567 €,logement étudiant,"Lille - 1 pièce, 23 m², Étage 2/2",https://www.seloger.com/annonces/locations/appartement/lille-59/bois-blanc/154476261.htm,,2026-08-12
Studio à louer,607 €,Lille,"1 pièce, 5 chambres, 15 m², RDC",https://www.seloger.com/annonce/location/hauts-de-france/nord-59/lille-59000/26E26CRQDCEJ,,2026-08-12
Colocation à louer,510 €,Lille,"1 pièce, 1 chambre, 10 m², 1er étage",https://www.seloger.com/annonce/location/hauts-de-france/nord-59/lille-59000/26RSQZKL6FR1,,2026-08-12
Appartement à louer,500 €,Lille,"1 pièce, 20,7 m², Étage 1/3",https://www.seloger.com/annonce/location/hauts-de-france/nord-59/lille-59000/26GPUUQQ7SAY,,2026-08-12
Appartement à louer,1 140 €,Lille,"3 pièces, 2 chambres, 115,3 m², 1er étage",https://www.seloger.com/annonce/location/hauts-de-france/nord-59/lille-59000/26WLEGW73PUR,,2026-08-12
Colocation à louer,2 270 €,Lille,"6 pièces, 5 chambres, 106,2 m², 1er étage",https://www.seloger.com/annonce/location/hauts-de-france/nord-59/lille-59000/26Y3S3NDCJWU,,2026-08-12
Colocation à louer,900 €,Lille,"3 pièces, 2 chambres, 61,8 m², 4ème étage",https://www.seloger.com/wl-cdp/269LTFR42AKB,,2026-08-12
Appartement à louer,517 €,logement étudiant,"Lille - 1 pièce, 21,4 m², Étage 3/6, dès le 12/09/2026",https://www.seloger.com/annonce/location/hauts-de-france/nord-59/lille-59000/26LW4YCIL2WI,,2026-08-12
Appartement à louer,609 €,logement étudiant,"Lille - 1 pièce, 20 m², 1er étage",https://www.seloger.com/annonce/location/hauts-de-france/nord-59/lille-59000/26FGJKI2IERK,,2026-08-12
Appartement à louer,865 €,logement étudiant,"Lille - 1 pièce, 28 m², Étage 1/4",https://www.seloger.com/annonce/location/hauts-de-france/nord-59/lille-59000/238U33TZRKZW,,2026-08-12
Colocation à louer,363 €,Lille,"4 pièces, 3 chambres, 56 m², 1er étage",https://www.seloger.com/annonce/location/hauts-de-france/nord-59/lille-59000/2694CZULDABE,,2026-08-12
Colocation à louer,520 €,Lille,"1 pièce, 2 chambres, 13 m², 1er étage",https://www.seloger.com/annonces/locations/appartement/lille-59/264552469.htm,,2026-08-12
Appartement à louer,750 €,Lille,"1 pièce, 26 m², 2 étages",https://www.seloger.com/annonce/location/hauts-de-france/nord-59/lille-59000/26D3I1SNIVZ8,,2026-08-12
Colocation à louer,700 €,Lille,"2 pièces, 1 chambre, 33 m², Étage 1/2",https://www.seloger.com/annonces/locations/appartement/lille-59/caulier/26TYAVF1V92U.htm,,2026-08-12
Colocation à louer,584 €,Lille,"20 m², Étage 1/3, disponible dès maintenant",https://www.seloger.com/annonces/locations/appartement/lille-59/wazemmes/26FDG3Q2SXKF.htm,,2026-08-12
Colocation à louer,555 €,Lille,"1 pièce, 4 chambres, 12 m², 1er étage",https://www.seloger.com/annonce/location/hauts-de-france/nord-59/lille-59000/26SV85EBN5LM,,2026-08-12
Appartement à louer,527 €,logement étudiant,"Lille - 1 pièce, 27 m², Étage 3/3",https://www.seloger.com/annonce/location/hauts-de-france/nord-59/lille-59000/26M9D247DCZC,,2026-08-12
Colocation à louer,520 €,Lille,"9 m², 2 étages, dès le 15/08/2026",https://www.seloger.com/annonces/locations/appartement/lille-59/vauban-esquermes/26ZEKD8G9MF8.htm,,2026-08-12
Duplex à louer,901 €,Lille,"2 chambres, 68,9 m², 5ème étage",https://www.seloger.com/annonces/locations/appartement/lille-59/276316813.htm,,2026-08-12
Appartement à louer,1 280 €,Lille,"3 pièces, 2 chambres, 72,8 m², 5ème étage",https://www.seloger.com/annonces/locations/appartement/lille-59/275613961.htm,,2026-08-12
Maison à louer,528 €,Lille,"6 pièces, 5 chambres, 128 m²",https://www.seloger.com/annonces/locations/maison/lille-59/274892413.htm,,2026-08-12
Colocation à louer,510 €,Lille,"1 pièce, 15 m², 1er étage, dès le 20/08/2026",https://www.seloger.com/annonce/location/hauts-de-france/nord-59/lille-59000/26YXFSY5PCFG,,2026-08-12
Duplex à louer,1 790 €,Première occupation,"Lille - 5 pièces, 4 chambres, 136 m², Étage 9/9",https://www.seloger.com/annonces/locations/appartement/lille-59/centre/270720083.htm,,2026-08-12
Appartement à louer,1 070 €,Lille,"3 pièces, 2 chambres, 76 m², 3 étages",https://www.seloger.com/annonce/location/hauts-de-france/nord-59/lille-59000/26ZFRT67EML3,,2026-08-12
Appartement à louer,1 070 €,Lille,"3 pièces, 2 chambres, 76 m², 3 étages",https://www.seloger.com/annonce/location/hauts-de-france/nord-59/lille-59000/26J8CDLL4THV,,2026-08-12
Appartement à louer,950 €,Lille,"2 pièces, 1 chambre, 55,3 m², Étage 2/4",https://www.seloger.com/annonce/location/hauts-de-france/nord-59/lille-59000/2698NQ9U5RRE,,2026-08-12
Colocation à louer,670 €,Lille,"1 pièce, 4 chambres, 12 m², 3ème étage",https://www.seloger.com/annonce/location/hauts-de-france/nord-59/lille-59000/26PJY8Y3EQL8,,2026-08-12
Appartement à louer,1 312 €,Lille,"4 pièces, 3 chambres, 90,6 m², 4ème étage",https://www.seloger.com/annonce/location/hauts-de-france/nord-59/lille-59000/26JGD961A7WE,,2026-08-12
Appartement à louer,1 105 €,Lille,"3 pièces, 1 chambre, 61 m², RDC",https://www.seloger.com/annonce/location/hauts-de-france/nord-59/lille-59000/26MZSDH3WTHZ,,2026-08-12
Appartement à louer,947 €,Lille,"3 pièces, 2 chambres, 72,4 m², 3ème étage",https://www.seloger.com/annonces/locations/appartement/lille-59/lille-sud/273547431.htm,,2026-08-12
Duplex à louer,2 077 €,Lille,"3 pièces, 2 chambres, 125 m², RDC",https://www.seloger.com/annonce/location/hauts-de-france/nord-59/lille-59000/26RU9PXUTZ8E,,2026-08-12
Appartement à louer,1 554 €,Lille,"2 pièces, 1 chambre, 60 m²",https://www.seloger.com/annonce/location/hauts-de-france/nord-59/lille-59000/26GNPAPQ77EG,,2026-08-12
Appartement à louer,3 500 €,Lille,"5 pièces, 4 chambres, 243,6 m², RDC",https://www.seloger.com/annonce/location/hauts-de-france/nord-59/lille-59000/267XPZZTEP8J,,2026-08-12
Colocation à louer,590 €,Lille,"1 pièce, 2 chambres, 12 m², 1er étage",https://www.seloger.com/wl-cdp/26P1CSKKD6P8,,2026-08-12
Colocation à louer,630 €,Lille,"1 pièce, 2 chambres, 14 m², 1er étage",https://www.seloger.com/annonce/location/hauts-de-france/nord-59/lille-59000/263N1BAUV33W,,2026-08-12
Colocation à louer,969 €,Lille,"3 pièces, 2 chambres, 67 m², Étage 1/3",https://www.seloger.com/annonces/locations/appartement/lille-59/mitterie/273349713.htm,,2026-08-12
Appartement à louer,711 €,Lille,"2 pièces, 1 chambre, 56,8 m², RDC",https://www.seloger.com/annonces/locations/appartement/lille-59/saint-maurice-pellevoisin/275454179.htm,,2026-08-12
Maison à louer,1 335 €,Lille,"4 pièces, 3 chambres, 76 m², dès le 25/08/2026",https://www.seloger.com/annonce/location/hauts-de-france/nord-59/lille-59000/2667HVNC6HBB,,2026-08-12
Appartement à louer,710 €,Lille,"1 pièce, 28 m²",https://www.seloger.com/annonces/locations/appartement/lille-59/276068423.htm,,2026-08-12
Appartement à louer,1 350 €,Lille,"3 pièces, 2 chambres, 76 m², Étage 6/50",https://www.seloger.com/annonces/locations/appartement/lille-59/centre/26V8RF5UIANF.htm,,2026-08-12
Maison à louer,520 €,Lille,"7 pièces, 1 chambre, 27,5 m², 87 m² de terrain",https://www.seloger.com/annonce/location/hauts-de-france/nord-59/lille-59000/26MM164XCI93,,2026-08-12
Colocation à louer,550 €,Lille,"1 pièce, 10 chambres, 12 m², dès le 15/09/2026",https://www.seloger.com/annonce/location/hauts-de-france/nord-59/lille-59000/2648ITW5ZF73,,2026-08-12
Studio à louer,550 €,Lille,"1 pièce, 20 m²",https://www.seloger.com/annonces/locations/appartement/lille-59/vauban-esquermes/275659227.htm,,2026-08-12
Appartement à louer,841 €,Lille,"2 pièces, 1 chambre, 35 m²",https://www.seloger.com/annonces/locations/appartement/lille-59/hellemmes-centre/26F2KUMKFJM7.htm,,2026-08-12
Appartement à louer,1 034 €,Lille,"2 pièces, 1 chambre, 49,4 m², 3ème étage",https://www.seloger.com/annonce/location/hauts-de-france/nord-59/lille-59000/26R3J6JT2JBK,,2026-08-12
Colocation à louer,890 €,Lille,"3 pièces, 2 chambres, 50 m², Étage 2/4",https://www.seloger.com/annonce/location/hauts-de-france/nord-59/lille-59000/26FE126D9L4V,,2026-08-12
Appartement à louer,1 189 €,Lille,"3 pièces, 2 chambres, 65,3 m², 2ème étage",https://www.seloger.com/annonce/location/hauts-de-france/nord-59/lille-59000/26W2ZZC28SWD,,2026-08-12
Appartement à louer,800 €,Lille,"2 pièces, 1 chambre, 46 m², Étage 1/3",https://www.seloger.com/annonce/location/hauts-de-france/nord-59/lille-59000/26DQH3HGKG6F,,2026-08-12
Appartement à louer,3 375 €,Lille,"2 pièces, 1 chambre, 45 m², RDC",https://www.seloger.com/annonce/location/hauts-de-france/nord-59/lille-59000/263TLTRDIAFG,,2026-08-12
Appartement à louer,824 €,Lille,"3 pièces, 1 chambre, 64 m², 2ème étage",https://www.seloger.com/annonce/location/hauts-de-france/nord-59/lille-59000/26BHCS3ABK4V,,2026-08-12
Appartement à louer,1 644 €,Lille,"5 pièces, 4 chambres, 97 m², Étage 2/3",https://www.seloger.com/annonces/locations/appartement/lille-59/vieux-lille/271750401.htm,,2026-08-12
Appartement à louer,900 €,Lille,"3 pièces, 2 chambres, 50 m²",https://www.seloger.com/annonces/locations/appartement/lille-59/vauban-esquermes/275276655.htm,,2026-08-12
Appartement à louer,1 575 €,Lille,"3 pièces, 2 chambres, 86 m²",https://www.seloger.com/annonces/locations/appartement/lille-59/centre/275137013.htm,,2026-08-12
Appartement à louer,1 340 €,Lille,"3 pièces, 2 chambres, 80 m², Étage 3/5",https://www.seloger.com/annonces/locations/appartement/lille-59/wazemmes/271766243.htm,,2026-08-12
Colocation à louer,450 €,Lille,"10 m², Étage 2/2, disponible dès maintenant",https://www.seloger.com/annonces/locations/appartement/lille-59/caulier/263PXF6M5DN4.htm,,2026-08-12
Appartement à louer,745 €,Lille,"2 pièces, 1 chambre, 48 m², Étage 3/3",https://www.seloger.com/annonces/locations/appartement/lille-59/centre/123850073.htm,,2026-08-12
Appartement à louer,1 504 €,Lille,"2 pièces, 1 chambre, 60 m²",https://www.seloger.com/annonce/location/hauts-de-france/nord-59/lille-59000/26RIZ32WWV4C,,2026-08-12
Loft à louer,1 700 €,Lille,"4 pièces, 3 chambres, 97 m², 3 étages",https://www.seloger.com/annonce/location/hauts-de-france/nord-59/lille-59000/26SA4KTPVN1D,,2026-08-12
Appartement à louer,440 €,Lille,"1 pièce, 10 m², Étage 3/3, disponible dès maintenant",https://www.seloger.com/annonces/locations/appartement/lille-59/vauban-esquermes/26AK3KJHN87N.htm,,2026-08-12
Appartement à louer,926 €,Lille,"3 pièces, 2 chambres, 64,4 m², RDC/4",https://www.seloger.com/annonces/locations/appartement/lille-59/bois-blanc/275467829.htm,,2026-08-12
Appartement à louer,1 270 €,Lille,"2 pièces, 1 chambre, 72 m², Étage 3/3",https://www.seloger.com/annonce/location/hauts-de-france/nord-59/lille-59000/26H3NQAILAV3,,2026-08-12
Appartement à louer,840 €,Lille,"2 pièces, 1 chambre, 40,2 m², 1er étage",https://www.seloger.com/annonce/location/hauts-de-france/nord-59/lille-59000/26AUXCLVXULG,,2026-08-12
Duplex à louer,905 €,Lille,"1 pièce, 1 chambre, 53 m²",https://www.seloger.com/wl-cdp/26CIQ74EBK6E,,2026-08-12
Appartement à louer,1 124 €,Lille,"3 pièces, 2 chambres, 70 m², 3ème étage",https://www.seloger.com/wl-cdp/268UCN7RFE5Q,,2026-08-12
Maison à louer,2 300 €,Lille,"6 pièces, 4 chambres, 177 m²",https://www.seloger.com/annonce/location/hauts-de-france/nord-59/lille-59000/264U3PY8EGUG,,2026-08-12
Appartement à louer,916 €,Lille,"3 pièces, 2 chambres, 71,8 m², Étage 1/7",https://www.seloger.com/annonces/locations/appartement/lille-59/centre/269544463.htm,,2026-08-12
Appartement à louer,450 €,logement étudiant,"Lille - 1 pièce, 19 m², 4ème étage",https://www.seloger.com/annonce/location/hauts-de-france/nord-59/lille-59000/26W9VPAXRSVC,,2026-08-12
Appartement à louer,750 €,Lille,"2 pièces, 1 chambre, 33,5 m²",https://www.seloger.com/wl-cdp/25KPK9D9T1S8,,2026-08-12
Colocation à louer,520 €,Lille,"1 pièce, 3 chambres, 14 m²",https://www.seloger.com/annonce/location/hauts-de-france/nord-59/lille-59000/2653YUNB1RZV,,2026-08-12
Colocation à louer,640 €,Lille,"1 pièce, 1 chambre, 15 m², 1er étage",https://www.seloger.com/annonce/location/hauts-de-france/nord-59/lille-59000/268CZ1PRQ74K,,2026-08-12
Appartement à louer,382 €,logement étudiant,"Lille - 1 pièce, 17 m², 2 étages",https://www.seloger.com/wl-cdp/24VDS8RDQUI9,,2026-08-12
Colocation à louer,670 €,Lille,"1 pièce, 1 chambre, 15 m², 2ème étage",https://www.seloger.com/annonce/location/hauts-de-france/nord-59/lille-59000/26TLREQR6YD5,,2026-08-12
Appartement à louer,1 300 €,Lille,"4 pièces, 2 chambres, 102 m², Étage 4/4",https://www.seloger.com/annonces/locations/appartement/lille-59/centre/271768319.htm,,2026-08-12
Appartement à louer,950 €,Lille,"3 pièces, 2 chambres, 72 m², 2ème étage",https://www.seloger.com/annonces/locations/appartement/lille-59/wazemmes/271883509.htm,,2026-08-12
Appartement à louer,969 €,Lille,"3 pièces, 2 chambres, 64,7 m², 2ème étage",https://www.seloger.com/annonces/locations/appartement/lille-59/vieux-lille/272286119.htm,,2026-08-12
Duplex à louer,1 350 €,Lille,"3 pièces, 2 chambres, 73,1 m², RDC",https://www.seloger.com/annonces/locations/appartement/lille-59/vieux-lille/270398497.htm,,2026-08-12
Appartement à louer,1 080 €,Lille,"3 pièces, 2 chambres, 65 m², Étage 2/6",https://www.seloger.com/annonces/locations/appartement/lille-59/wazemmes/268ZS2RFJ5MJ.htm,,2026-08-12
Appartement à louer,827 €,Lille,"2 pièces, 1 chambre, 31,8 m², RDC/2",https://www.seloger.com/annonces/locations/appartement/lille-59/saint-maurice-pellevoisin/270862603.htm,,2026-08-12
Colocation à louer,670 €,Lille,"3 pièces, 2 chambres, 65 m², Étage 2/2",https://www.seloger.com/annonces/locations/appartement/lille-59/vieux-lille/26GP5GMSEHBI.htm,,2026-08-12
Appartement à louer,595 €,Lille,"6 pièces, 5 chambres, 97 m², Étage 1/2",https://www.seloger.com/annonces/locations/appartement/lille-59/moulins/26XXNJ65IVHN.htm,,2026-08-12
Colocation à louer,500 €,Lille,"1 pièce, 15 m², 9ème étage, dès le 20/08/2026",https://www.seloger.com/annonce/location/hauts-de-france/nord-59/lille-59000/26BN2ZECSXYX,,2026-08-12
Colocation à louer,450 €,Lille,"1 pièce, 15 m², 4ème étage, dès le 20/08/2026",https://www.seloger.com/annonce/location/hauts-de-france/nord-59/lille-59000/26WD7SVI1ARC,,2026-08-12
Colocation à louer,475 €,Lille,"1 pièce, 15 m², 3ème étage, dès le 20/08/2026",https://www.seloger.com/annonce/location/hauts-de-france/nord-59/lille-59000/26ADPJD6LCZV,,2026-08-12
Colocation à louer,470 €,Lille,"1 pièce, 15 m², 3ème étage, dès le 20/08/2026",https://www.seloger.com/annonce/location/hauts-de-france/nord-59/lille-59000/26BFPSSDQN5I,,2026-08-12
Colocation à louer,470 €,Lille,"1 pièce, 15 m², 5ème étage, dès le 20/08/2026",https://www.seloger.com/annonce/location/hauts-de-france/nord-59/lille-59000/26661CATESRD,,2026-08-12
Colocation à louer,475 €,Lille,"1 pièce, 15 m², 3ème étage, dès le 20/08/2026",https://www.seloger.com/annonce/location/hauts-de-france/nord-59/lille-59000/26XS2N6WULBR,,2026-08-12
Colocation à louer,475 €,Lille,"1 pièce, 15 m², 3ème étage, dès le 20/08/2026",https://www.seloger.com/annonce/location/hauts-de-france/nord-59/lille-59000/26QPG927FJGT,,2026-08-12
Colocation à louer,420 €,Lille,"1 pièce, 15 m², 5ème étage, dès le 20/08/2026",https://www.seloger.com/annonce/location/hauts-de-france/nord-59/lille-59000/265PHR8SJ9UM,,2026-08-12
Colocation à louer,570 €,Lille,"1 pièce, 1 chambre, 13 m², RDC",https://www.seloger.com/annonce/location/hauts-de-france/nord-59/lille-59000/26FDPGY3B5GH,,2026-08-12
Colocation à louer,450 €,Lille,"1 pièce, 15 m², 4ème étage, dès le 20/08/2026",https://www.seloger.com/annonce/location/hauts-de-france/nord-59/lille-59000/26Q8XY89BSBB,,2026-08-12
Colocation à louer,450 €,Lille,"1 pièce, 15 m², 4ème étage, dès le 20/08/2026",https://www.seloger.com/annonce/location/hauts-de-france/nord-59/lille-59000/26VJNLTLFVLY,,2026-08-12
Colocation à louer,626 €,Lille,"1 pièce, 1 chambre, 15 m², Étage 2/2",https://www.seloger.com/annonces/locations/appartement/lille-59/wazemmes/255803163.htm,,2026-08-12
Studio à louer,770 €,Lille,"1 pièce, 15 m², dès le 15/08/2026",https://www.seloger.com/annonces/locations/appartement/lille-59/centre/269634947.htm,,2026-08-12
Colocation à louer,510 €,Lille,"1 pièce, 10 chambres, 12 m², 2ème étage",https://www.seloger.com/annonce/location/hauts-de-france/nord-59/lille-59000/26QZ9GETKCAL,,2026-08-12
Maison à louer,530 €,Lille,"7 pièces, 5 chambres, 125 m², disponible dès maintenant",https://www.seloger.com/annonces/locations/maison/lille-59/wazemmes/26EB235FR7ZX.htm,,2026-08-12
Colocation à louer,540 €,logement étudiant,"Lille - 1 pièce, 1 chambre, 12 m², dès le 15/08/2026",https://www.seloger.com/annonce/location/hauts-de-france/nord-59/lille-59000/26YLIQJGZ28M,,2026-08-12
Appartement à louer,550 €,Lille,"1 pièce, 22 m², RDC/1, disponible dès maintenant",https://www.seloger.com/annonces/locations/appartement/lille-59/caulier/26US8K8PSFR4.htm,,2026-08-12
Colocation à louer,500 €,Lille,"1 pièce, 15 m², dès le 20/08/2026",https://www.seloger.com/annonce/location/hauts-de-france/nord-59/lille-59000/2641NV6MUHH1,,2026-08-12
Maison à louer,520 €,Lille,"7 pièces, 1 chambre, 27,5 m², 87 m² de terrain",https://www.seloger.com/annonce/location/hauts-de-france/nord-59/lille-59000/26P4MQ8FACE7,,2026-08-12
Appartement à louer,927 €,Lille,"3 pièces, 2 chambres, 55,6 m², Étage 2/3",https://www.seloger.com/annonce/location/hauts-de-france/nord-59/lille-59000/26SGSNCAINLY,,2026-08-12
Appartement à louer,740 €,Lille,"1 pièce, 32,3 m², 4ème étage",https://www.seloger.com/annonces/locations/appartement/lille-59/centre/275534021.htm,,2026-08-12
Appartement à louer,890 €,logement étudiant,"Lille - 2 pièces, 1 chambre, 56 m², 3ème étage",https://www.seloger.com/annonce/location/hauts-de-france/nord-59/lille-59000/269R167BCTFZ,,2026-08-12
Appartement à louer,2 136 €,Lille,"5 pièces, 4 chambres, 164,9 m², Étage 5/5",https://www.seloger.com/annonce/location/hauts-de-france/nord-59/lille-59000/26NE2EM8Z3G6,,2026-08-12
Appartement à louer,1 278 €,Lille,"3 pièces, 2 chambres, 64,6 m², 4ème étage",https://www.seloger.com/annonce/location/hauts-de-france/nord-59/lille-59000/268E4N5JFTZL,,2026-08-12
Appartement à louer,1 100 €,Lille,"3 pièces, 2 chambres, 77 m², Étage 3/3",https://www.seloger.com/annonce/location/hauts-de-france/nord-59/lille-59000/26JM461FBK4A,,2026-08-12
Colocation à louer,545 €,Lille,"1 pièce, 1 chambre, 9 m², 1er étage",https://www.seloger.com/annonce/location/hauts-de-france/nord-59/lille-59000/2635B3114TNM,,2026-08-12
Appartement à louer,479 €,logement étudiant,"Lille - 1 pièce, 19 m², 2ème étage",https://www.seloger.com/annonce/location/hauts-de-france/nord-59/lille-59000/261VXJUNAS6S,,2026-08-12
Colocation à louer,475 €,Lille,"1 pièce, 12 m², Étage 1/4",https://www.seloger.com/annonce/location/hauts-de-france/nord-59/lille-59000/26511GG272Q7,,2026-08-12
Colocation à louer,530 €,Lille,"1 pièce, 1 chambre, 11 m², 2 étages",https://www.seloger.com/annonce/location/hauts-de-france/nord-59/lille-59000/26JJHHI21JN1,,2026-08-12
Appartement à louer,852 €,Lille,"3 pièces, 2 chambres, 53,8 m², 6ème étage",https://www.seloger.com/annonce/location/hauts-de-france/nord-59/lille-59000/26CYG5F5GA2H,,2026-08-12
Colocation à louer,520 €,Lille,"1 pièce, 3 chambres, 11 m², 2 étages",https://www.seloger.com/annonces/locations/appartement/lille-59/lille-sud/263319037.htm,,2026-08-12
Appartement à louer,887 €,Lille,"3 pièces, 2 chambres, 51 m², Étage 7/7",https://www.seloger.com/annonces/locations/appartement/lille-59/vieux-lille/132459679.htm,,2026-08-12
Appartement à louer,846 €,Lille,"3 pièces, 2 chambres, 77,1 m², 2ème étage",https://www.seloger.com/annonces/locations/appartement/lille-59/274697479.htm,,2026-08-12
Appartement à louer,1 400 €,Lille,"2 pièces, 37 m², 1er étage, dès le 04/09/2026",https://www.seloger.com/annonce/location/hauts-de-france/nord-59/lille-59000/2635YVF8DG6A,,2026-08-12
Appartement à louer,620 €,logement étudiant,"Lille - 2 pièces, 1 chambre, 27,3 m², Étage 2/2",https://www.seloger.com/annonces/locations/appartement/lille-59/wazemmes/270885021.htm,,2026-08-12
Appartement à louer,1 519 €,Lille,"2 pièces, 1 chambre, 47 m², dès le 13/10/2026",https://www.seloger.com/annonces/locations/appartement/lille-59/271986123.htm,,2026-08-12
Appartement à louer,1 050 €,Lille,"3 pièces, 2 chambres, 55 m², Étage 1/1",https://www.seloger.com/annonces/locations/appartement/lille-59/lille-sud/26661179JIJ1.htm,,2026-08-12
Appartement à louer,1 250 €,Lille,"3 pièces, 2 chambres, 66 m², Étage 5/5",https://www.seloger.com/annonces/locations/appartement/lille-59/lille-sud/234379161.htm,,2026-08-12
Colocation à louer,595 €,Lille,"11 m², 3 étages, disponible dès maintenant",https://www.seloger.com/annonces/locations/appartement/lille-59/moulins/26IPY8GJSIMF.htm,,2026-08-12
Appartement à louer,700 €,Lille,"1 pièce, 29 m², RDC, dès le 16/08/2026",https://www.seloger.com/annonces/locations/appartement/lille-59/hellemmes-les-sarts/265370855.htm,,2026-08-12
Colocation à louer,823 €,Lille,"1 pièce, 3 chambres, 16 m², RDC",https://www.seloger.com/annonces/locations/appartement/lille-59/centre/259351061.htm,,2026-08-12
Appartement à louer,1 258 €,Lille,"3 pièces, 2 chambres, 70 m²",https://www.seloger.com/annonces/locations/appartement/lille-59/lille-sud/262677819.htm,,2026-08-12
Colocation à louer,500 €,Lille,"1 pièce, 15 m², dès le 20/08/2026",https://www.seloger.com/annonce/location/hauts-de-france/nord-59/lille-59000/26UWFX9ILZYP,,2026-08-12
Maison à louer,520 €,Lille,"7 pièces, 1 chambre, 27,5 m², 87 m² de terrain",https://www.seloger.com/annonce/location/hauts-de-france/nord-59/lille-59000/26G9UHY6WK1E,,2026-08-12
Appartement à louer,600 €,Lille,"1 pièce, 19 m², Étage 1/2, disponible dès maintenant",https://www.seloger.com/annonces/locations/appartement/lille-59/caulier/26VYGFFWEWM9.htm,,2026-08-12
Appartement à louer,704 €,Lille,"2 pièces, 1 chambre, 40,9 m², 3ème étage",https://www.seloger.com/wl-cdp/26J3DVM66VMA,,2026-08-12
Appartement à louer,650 €,logement étudiant,"Lille - 2 pièces, 1 chambre, 31 m², 3ème étage",https://www.seloger.com/annonce/location/hauts-de-france/nord-59/lille-59000/26DQ96N8JUC4,,2026-08-12
Colocation à louer,500 €,Lille,"9 m², Étage 1/4, disponible dès maintenant",https://www.seloger.com/annonces/locations/appartement/lille-59/moulins/26TJ429CM75A.htm,,2026-08-12
Appartement à louer,600 €,Lille,"2 pièces, 1 chambre, 29 m², Étage 1/2",https://www.seloger.com/annonce/location/hauts-de-france/nord-59/lille-59000/26EIR2JJ7D9V,,2026-08-12
Appartement à louer,1 295 €,Lille,"2 pièces, 1 chambre, 66 m², Étage 1/3",https://www.seloger.com/annonces/locations/appartement/lille-59/wazemmes/2653M45QUKRE.htm,,2026-08-12
Colocation à louer,475 €,Lille,"1 pièce, 15 m², 2ème étage, dès le 20/08/2026",https://www.seloger.com/annonce/location/hauts-de-france/nord-59/lille-59000/26C6U57ZSP1H,,2026-08-12
Colocation à louer,475 €,Lille,"1 pièce, 15 m², 3ème étage, dès le 20/08/2026",https://www.seloger.com/wl-cdp/26E9D339QZ65,,2026-08-12
Colocation à louer,505 €,Lille,"1 pièce, 15 m², 5ème étage, dès le 20/08/2026",https://www.seloger.com/annonce/location/hauts-de-france/nord-59/lille-59000/26N19ERJ9RBT,,2026-08-12
Colocation à louer,605 €,Lille,"1 pièce, 15 m², 1er étage",https://www.seloger.com/wl-cdp/26QLSXFHCDDP,,2026-08-12
Colocation à louer,510 €,Lille,"1 pièce, 15 m², 5ème étage, dès le 20/08/2026",https://www.seloger.com/annonce/location/hauts-de-france/nord-59/lille-59000/26Z5REEDIFXX,,2026-08-12
Colocation à louer,505 €,Lille,"1 pièce, 15 m², 5ème étage, dès le 20/08/2026",https://www.seloger.com/annonce/location/hauts-de-france/nord-59/lille-59000/268K9V5WRC8F,,2026-08-12
Colocation à louer,495 €,Lille,"5 pièces, 4 chambres, 81 m², 1er étage",https://www.seloger.com/annonce/location/hauts-de-france/nord-59/lille-59000/26IAUKB7IEIX,,2026-08-12
Colocation à louer,450 €,Lille,"9 m², disponible dès maintenant",https://www.seloger.com/annonces/locations/appartement/lille-59/caulier/26UF21AA74MG.htm,,2026-08-12
Colocation à louer,540 €,Lille,"1 pièce, 15 m², dès le 20/08/2026",https://www.seloger.com/annonce/location/hauts-de-france/nord-59/lille-59000/265CPW9G22CZ,,2026-08-12
Colocation à louer,480 €,Lille,"1 pièce, 15 m², dès le 20/08/2026",https://www.seloger.com/annonce/location/hauts-de-france/nord-59/lille-59000/26SKGREHUR54,,2026-08-12
Colocation à louer,430 €,Lille,"1 pièce, 15 m², dès le 20/08/2026",https://www.seloger.com/annonce/location/hauts-de-france/nord-59/lille-59000/26X14RFNXYJI,,2026-08-12
Colocation à louer,470 €,Lille,"1 pièce, 15 m², dès le 20/08/2026",https://www.seloger.com/annonce/location/hauts-de-france/nord-59/lille-59000/2667AMB68QXT,,2026-08-12
Appartement à louer,1 200 €,Lille,"4 pièces, 3 chambres, 86,4 m², Étage 1/3",https://www.seloger.com/annonce/location/hauts-de-france/nord-59/lille-59000/26T3S2NR9HAR,,2026-08-12
Colocation à louer,350 €,Lille,"1 pièce, 15 m², dès le 20/08/2026",https://www.seloger.com/annonce/location/hauts-de-france/nord-59/lille-59000/268KLS82HNJ3,,2026-08-12
Colocation à louer,335 €,Lille,"1 pièce, 15 m², dès le 20/08/2026",https://www.seloger.com/annonce/location/hauts-de-france/nord-59/lille-59000/26MSS34NSSFX,,2026-08-12
Colocation à louer,550 €,Lille,"1 pièce, 15 m², dès le 20/08/2026",https://www.seloger.com/annonce/location/hauts-de-france/nord-59/lille-59000/26GDT33GMWBQ,,2026-08-12
Colocation à louer,430 €,Lille,"1 pièce, 15 m², dès le 20/08/2026",https://www.seloger.com/annonce/location/hauts-de-france/nord-59/lille-59000/268BL99U3VKX,,2026-08-12
Colocation à louer,430 €,Lille,"1 pièce, 15 m², dès le 20/08/2026",https://www.seloger.com/annonce/location/hauts-de-france/nord-59/lille-59000/26UFXZ5R6UAT,,2026-08-12
Colocation à louer,475 €,Lille,"1 pièce, 15 m², dès le 20/08/2026",https://www.seloger.com/annonce/location/hauts-de-france/nord-59/lille-59000/267YP5T7C1MR,,2026-08-12
Colocation à louer,470 €,Lille,"1 pièce, 15 m², dès le 20/08/2026",https://www.seloger.com/annonce/location/hauts-de-france/nord-59/lille-59000/26XUQTX9PYAL,,2026-08-12
Colocation à louer,450 €,Lille,"1 pièce, 15 m², dès le 20/08/2026",https://www.seloger.com/annonce/location/hauts-de-france/nord-59/lille-59000/26P68FT46FJ7,,2026-08-12
Colocation à louer,450 €,Lille,"1 pièce, 15 m², dès le 20/08/2026",https://www.seloger.com/annonce/location/hauts-de-france/nord-59/lille-59000/26KPPABDF57E,,2026-08-12
Colocation à louer,475 €,Lille,"1 pièce, 15 m², dès le 20/08/2026",https://www.seloger.com/annonce/location/hauts-de-france/nord-59/lille-59000/26YHZMRGS271,,2026-08-12
Colocation à louer,400 €,Lille,"1 pièce, 15 m², dès le 20/08/2026",https://www.seloger.com/annonce/location/hauts-de-france/nord-59/lille-59000/26BRPZ6IIPTD,,2026-08-12
Colocation à louer,430 €,Lille,"1 pièce, 15 m², dès le 20/08/2026",https://www.seloger.com/annonce/location/hauts-de-france/nord-59/lille-59000/261ZJIJB28GE,,2026-08-12
Colocation à louer,430 €,Lille,"1 pièce, 15 m², dès le 20/08/2026",https://www.seloger.com/annonce/location/hauts-de-france/nord-59/lille-59000/2664AA1A8IS7,,2026-08-12
Colocation à louer,475 €,Lille,"1 pièce, 15 m², dès le 20/08/2026",https://www.seloger.com/annonce/location/hauts-de-france/nord-59/lille-59000/264U5UNCR1KV,,2026-08-12
Colocation à louer,430 €,Lille,"1 pièce, 15 m², dès le 20/08/2026",https://www.seloger.com/annonce/location/hauts-de-france/nord-59/lille-59000/26S8DLWW371W,,2026-08-12
Colocation à louer,480 €,Lille,"1 pièce, 15 m², dès le 20/08/2026",https://www.seloger.com/annonce/location/hauts-de-france/nord-59/lille-59000/26EDFLAI39LW,,2026-08-12
Colocation à louer,410 €,Lille,"1 pièce, 15 m², dès le 20/08/2026",https://www.seloger.com/annonce/location/hauts-de-france/nord-59/lille-59000/26W19RZ4L51R,,2026-08-12
Colocation à louer,445 €,Lille,"1 pièce, 15 m², dès le 20/08/2026",https://www.seloger.com/annonce/location/hauts-de-france/nord-59/lille-59000/268ZJJAG59WM,,2026-08-12
Colocation à louer,450 €,Lille,"1 pièce, 15 m², dès le 20/08/2026",https://www.seloger.com/annonce/location/hauts-de-france/nord-59/lille-59000/26BPEYL3NMNT,,2026-08-12
Colocation à louer,470 €,Lille,"1 pièce, 15 m², dès le 20/08/2026",https://www.seloger.com/annonce/location/hauts-de-france/nord-59/lille-59000/26PTWF2EFY2Z,,2026-08-12
Colocation à louer,445 €,Lille,"1 pièce, 15 m², dès le 20/08/2026",https://www.seloger.com/annonce/location/hauts-de-france/nord-59/lille-59000/26SKJBIQYGMX,,2026-08-12
Colocation à louer,475 €,Lille,"1 pièce, 15 m², dès le 20/08/2026",https://www.seloger.com/annonce/location/hauts-de-france/nord-59/lille-59000/26DFBZ4A3CUB,,2026-08-12
Colocation à louer,430 €,Lille,"1 pièce, 15 m², dès le 20/08/2026",https://www.seloger.com/annonce/location/hauts-de-france/nord-59/lille-59000/26BEXCUQ8EP7,,2026-08-12
Colocation à louer,450 €,Lille,"1 pièce, 15 m², dès le 20/08/2026",https://www.seloger.com/annonce/location/hauts-de-france/nord-59/lille-59000/26GGWB9LCKU3,,2026-08-12
Colocation à louer,430 €,Lille,"1 pièce, 15 m², dès le 20/08/2026",https://www.seloger.com/annonce/location/hauts-de-france/nord-59/lille-59000/26LZQLKGDKTT,,2026-08-12
Colocation à louer,410 €,Lille,"1 pièce, 15 m², dès le 20/08/2026",https://www.seloger.com/annonce/location/hauts-de-france/nord-59/lille-59000/26RTPR5RYRWA,,2026-08-12
Colocation à louer,445 €,Lille,"1 pièce, 15 m², dès le 20/08/2026",https://www.seloger.com/annonce/location/hauts-de-france/nord-59/lille-59000/26X6CJL2CWFW,,2026-08-12
Colocation à louer,430 €,Lille,"1 pièce, 15 m², dès le 20/08/2026",https://www.seloger.com/annonce/location/hauts-de-france/nord-59/lille-59000/26E7ZPB18IZR,,2026-08-12
Colocation à louer,430 €,Lille,"1 pièce, 15 m², dès le 20/08/2026",https://www.seloger.com/annonce/location/hauts-de-france/nord-59/lille-59000/26JKIDWK8IT1,,2026-08-12
Colocation à louer,475 €,Lille,"1 pièce, 15 m², dès le 20/08/2026",https://www.seloger.com/annonce/location/hauts-de-france/nord-59/lille-59000/26E1CDPGH91T,,2026-08-12
Colocation à louer,475 €,Lille,"1 pièce, 15 m², dès le 20/08/2026",https://www.seloger.com/annonce/location/hauts-de-france/nord-59/lille-59000/26TIUN46AVII,,2026-08-12
Colocation à louer,430 €,Lille,"1 pièce, 15 m², dès le 20/08/2026",https://www.seloger.com/annonce/location/hauts-de-france/nord-59/lille-59000/2678WNTMMRXK,,2026-08-12
Colocation à louer,430 €,Lille,"1 pièce, 15 m², dès le 20/08/2026",https://www.seloger.com/annonce/location/hauts-de-france/nord-59/lille-59000/26CVHX9769L3,,2026-08-12
Colocation à louer,430 €,Lille,"1 pièce, 15 m², dès le 20/08/2026",https://www.seloger.com/annonce/location/hauts-de-france/nord-59/lille-59000/26IEN69SMV6M,,2026-08-12
Colocation à louer,430 €,Lille,"1 pièce, 15 m², dès le 20/08/2026",https://www.seloger.com/annonce/location/hauts-de-france/nord-59/lille-59000/26Y989GDG9EJ,,2026-08-12
Colocation à louer,430 €,Lille,"1 pièce, 15 m², dès le 20/08/2026",https://www.seloger.com/annonce/location/hauts-de-france/nord-59/lille-59000/26GUVIIMQV2D,,2026-08-12
Colocation à louer,430 €,Lille,"1 pièce, 15 m², dès le 20/08/2026",https://www.seloger.com/annonce/location/hauts-de-france/nord-59/lille-59000/26MPZ7CD2S8T,,2026-08-12
Colocation à louer,495 €,Lille,"1 pièce, 15 m², dès le 20/08/2026",https://www.seloger.com/annonce/location/hauts-de-france/nord-59/lille-59000/26XNYC2LDM51,,2026-08-12
Colocation à louer,450 €,Lille,"1 pièce, 15 m², dès le 20/08/2026",https://www.seloger.com/annonce/location/hauts-de-france/nord-59/lille-59000/26V1FXKHIJ8H,,2026-08-12
Colocation à louer,470 €,Lille,"1 pièce, 15 m², dès le 20/08/2026",https://www.seloger.com/annonce/location/hauts-de-france/nord-59/lille-59000/267PT9VM7QEF,,2026-08-12
Colocation à louer,425 €,Lille,"1 pièce, 15 m², dès le 20/08/2026",https://www.seloger.com/annonce/location/hauts-de-france/nord-59/lille-59000/26ZAM91IPC6V,,2026-08-12
Colocation à louer,385 €,Lille,"1 pièce, 15 m², dès le 20/08/2026",https://www.seloger.com/annonce/location/hauts-de-france/nord-59/lille-59000/26477F7DWWYY,,2026-08-12
Colocation à louer,460 €,Lille,"1 pièce, 15 m², dès le 20/08/2026",https://www.seloger.com/annonce/location/hauts-de-france/nord-59/lille-59000/269T333VC1HQ,,2026-08-12
Studio à louer,715 €,Lille,"1 pièce, 15 m², dès le 15/08/2026",https://www.seloger.com/annonce/location/hauts-de-france/nord-59/lille-59000/26I8N4QNKHZD,,2026-08-12
Colocation à louer,580 €,Lille,"11 pièces, 10 chambres, 238 m², Étage 3/3",https://www.seloger.com/annonce/location/hauts-de-france/nord-59/lille-59000/262C4NRY5NJ7,,2026-08-12
Colocation à louer,510 €,Lille,"1 pièce, 15 m², dès le 20/08/2026",https://www.seloger.com/annonce/location/hauts-de-france/nord-59/lille-59000/26H3EKRB7VSN,,2026-08-12
Colocation à louer,475 €,Lille,"1 pièce, 15 m², dès le 20/08/2026",https://www.seloger.com/annonce/location/hauts-de-france/nord-59/lille-59000/26959UZFJEJT,,2026-08-12
Colocation à louer,540 €,Lille,"1 pièce, 1 chambre, 14 m², 2 étages",https://www.seloger.com/annonce/location/hauts-de-france/nord-59/lille-59000/26X531KBHUDL,,2026-08-12
Colocation à louer,340 €,Lille,"1 pièce, 15 m², dès le 20/08/2026",https://www.seloger.com/annonce/location/hauts-de-france/nord-59/lille-59000/26RTKKD16R6Z,,2026-08-12
Colocation à louer,455 €,Lille,"1 pièce, 15 m², dès le 20/08/2026",https://www.seloger.com/annonce/location/hauts-de-france/nord-59/lille-59000/264TJ6P7CQC4,,2026-08-12
Colocation à louer,495 €,Lille,"1 pièce, 15 m², dès le 20/08/2026",https://www.seloger.com/annonce/location/hauts-de-france/nord-59/lille-59000/26653VQW7QQY,,2026-08-12
Colocation à louer,445 €,Lille,"1 pièce, 15 m², dès le 20/08/2026",https://www.seloger.com/annonce/location/hauts-de-france/nord-59/lille-59000/26PPJGYFBIX8,,2026-08-12
Colocation à louer,450 €,Lille,"1 pièce, 15 m², dès le 20/08/2026",https://www.seloger.com/annonce/location/hauts-de-france/nord-59/lille-59000/26L6DFFE3DIG,,2026-08-12
Colocation à louer,400 €,Lille,"1 pièce, 15 m², dès le 20/08/2026",https://www.seloger.com/annonce/location/hauts-de-france/nord-59/lille-59000/26VRJILLKL1G,,2026-08-12
Colocation à louer,430 €,Lille,"1 pièce, 15 m², dès le 20/08/2026",https://www.seloger.com/annonce/location/hauts-de-france/nord-59/lille-59000/266UUGPEJZVK,,2026-08-12
Colocation à louer,515 €,Lille,"1 pièce, 15 m², dès le 20/08/2026",https://www.seloger.com/annonce/location/hauts-de-france/nord-59/lille-59000/26PXIBQZGTAR,,2026-08-12
Colocation à louer,460 €,Lille,"1 pièce, 15 m², dès le 20/08/2026",https://www.seloger.com/annonce/location/hauts-de-france/nord-59/lille-59000/2642IERND3DH,,2026-08-12
Colocation à louer,470 €,Lille,"1 pièce, 15 m², dès le 20/08/2026",https://www.seloger.com/annonce/location/hauts-de-france/nord-59/lille-59000/263UQHTU4K3K,,2026-08-12
Colocation à louer,460 €,Lille,"1 pièce, 15 m², dès le 20/08/2026",https://www.seloger.com/annonce/location/hauts-de-france/nord-59/lille-59000/265754GANE3V,,2026-08-12
Colocation à louer,430 €,Lille,"1 pièce, 15 m², dès le 20/08/2026",https://www.seloger.com/annonce/location/hauts-de-france/nord-59/lille-59000/26HJENVQU2MG,,2026-08-12
Colocation à louer,500 €,Lille,"1 pièce, 15 m², dès le 20/08/2026",https://www.seloger.com/annonce/location/hauts-de-france/nord-59/lille-59000/26R4KTHM1K5L,,2026-08-12
Colocation à louer,475 €,Lille,"1 pièce, 15 m², dès le 20/08/2026",https://www.seloger.com/annonce/location/hauts-de-france/nord-59/lille-59000/26UQBRIAPYWZ,,2026-08-12
Colocation à louer,515 €,Lille,"1 pièce, 15 m², dès le 20/08/2026",https://www.seloger.com/annonce/location/hauts-de-france/nord-59/lille-59000/26RPFX9156FV,,2026-08-12
Colocation à louer,455 €,Lille,"1 pièce, 15 m², dès le 20/08/2026",https://www.seloger.com/annonce/location/hauts-de-france/nord-59/lille-59000/26W7NL44UZ3M,,2026-08-12
Colocation à louer,410 €,Lille,"1 pièce, 15 m², dès le 20/08/2026",https://www.seloger.com/annonces/locations/appartement/lille-59/mont-a-camp-marais/268319289.htm,,2026-08-12
Colocation à louer,480 €,Lille,"1 pièce, 15 m², dès le 20/08/2026",https://www.seloger.com/annonce/location/hauts-de-france/nord-59/lille-59000/26K7WIAANSIY,,2026-08-12
Colocation à louer,510 €,Lille,"1 pièce, 15 m², dès le 20/08/2026",https://www.seloger.com/annonce/location/hauts-de-france/nord-59/lille-59000/26ZJ24RGCY1N,,2026-08-12
Colocation à louer,500 €,Lille,"1 pièce, 15 m², dès le 20/08/2026",https://www.seloger.com/annonce/location/hauts-de-france/nord-59/lille-59000/2655TRTDV7VC,,2026-08-12
Colocation à louer,515 €,Lille,"1 pièce, 15 m², dès le 20/08/2026",https://www.seloger.com/annonce/location/hauts-de-france/nord-59/lille-59000/26NUHFMPJABN,,2026-08-12
Colocation à louer,470 €,Lille,"1 pièce, 15 m², dès le 20/08/2026",https://www.seloger.com/annonce/location/hauts-de-france/nord-59/lille-59000/26FM5UYLRKXM,,2026-08-12
Colocation à louer,450 €,Lille,"1 pièce, 15 m², dès le 20/08/2026",https://www.seloger.com/annonce/location/hauts-de-france/nord-59/lille-59000/26Z66K5XDE22,,2026-08-12
Colocation à louer,410 €,Lille,"1 pièce, 15 m², dès le 20/08/2026",https://www.seloger.com/annonce/location/hauts-de-france/nord-59/lille-59000/26TV3SCXYWZF,,2026-08-12
Colocation à louer,450 €,Lille,"1 pièce, 15 m², dès le 20/08/2026",https://www.seloger.com/annonce/location/hauts-de-france/nord-59/lille-59000/26T34XDPN8QQ,,2026-08-12
Colocation à louer,470 €,Lille,"1 pièce, 15 m², dès le 20/08/2026",https://www.seloger.com/annonce/location/hauts-de-france/nord-59/lille-59000/26KENEYQX5F6,,2026-08-12
Colocation à louer,430 €,Lille,"1 pièce, 15 m², dès le 20/08/2026",https://www.seloger.com/annonce/location/hauts-de-france/nord-59/lille-59000/26IM3GWGME9Q,,2026-08-12
Colocation à louer,430 €,Lille,"1 pièce, 15 m², dès le 20/08/2026",https://www.seloger.com/annonce/location/hauts-de-france/nord-59/lille-59000/26JUW9H454HC,,2026-08-12
Colocation à louer,400 €,Lille,"1 pièce, 15 m², dès le 20/08/2026",https://www.seloger.com/annonce/location/hauts-de-france/nord-59/lille-59000/26WGNJGTW6YB,,2026-08-12
Colocation à louer,430 €,Lille,"1 pièce, 15 m², dès le 20/08/2026",https://www.seloger.com/annonces/locations/appartement/lille-59/mont-a-camp-marais/268319297.htm,,2026-08-12
Colocation à louer,400 €,Lille,"1 pièce, 15 m², dès le 20/08/2026",https://www.seloger.com/annonce/location/hauts-de-france/nord-59/lille-59000/26XKSHS5BS37,,2026-08-12
Colocation à louer,410 €,Lille,"1 pièce, 15 m², dès le 20/08/2026",https://www.seloger.com/annonce/location/hauts-de-france/nord-59/lille-59000/26HS5C9YR32N,,2026-08-12
Colocation à louer,490 €,Lille,"1 pièce, 15 m², dès le 20/08/2026",https://www.seloger.com/annonce/location/hauts-de-france/nord-59/lille-59000/26MD74RXHR8H,,2026-08-12
Studio à louer,706 €,Lille,"1 pièce, 15 m²",https://www.seloger.com/annonces/locations/appartement/lille-59/moulins/268318089.htm,,2026-08-12
Studio à louer,759 €,Lille,"1 pièce, 15 m²",https://www.seloger.com/annonce/location/hauts-de-france/nord-59/lille-59000/26RUW28XNFIG,,2026-08-12
Colocation à louer,650 €,Lille,"1 pièce, 15 m²",https://www.seloger.com/annonce/location/hauts-de-france/nord-59/lille-59000/26VJ7B9TLSSW,,2026-08-12
Colocation à louer,712 €,Lille,"1 pièce, 15 m²",https://www.seloger.com/annonces/locations/appartement/lille-59/centre/268318095.htm,,2026-08-12
Colocation à louer,410 €,Lille,"1 pièce, 15 m², dès le 20/08/2026",https://www.seloger.com/annonce/location/hauts-de-france/nord-59/lille-59000/26L7QQC689PE,,2026-08-12
Studio à louer,737 €,Lille,"1 pièce, 15 m², dès le 15/08/2026",https://www.seloger.com/annonces/locations/appartement/lille-59/centre/269634487.htm,,2026-08-12
Colocation à louer,340 €,Lille,"1 pièce, 15 m², dès le 20/08/2026",https://www.seloger.com/annonce/location/hauts-de-france/nord-59/lille-59000/264YPQ6I1D7F,,2026-08-12
Colocation à louer,475 €,Lille,"1 pièce, 15 m², dès le 20/08/2026",https://www.seloger.com/annonce/location/hauts-de-france/nord-59/lille-59000/263KDT9A2A6F,,2026-08-12
Studio à louer,790 €,Lille,"1 pièce, 15 m²",https://www.seloger.com/annonce/location/hauts-de-france/nord-59/lille-59000/26RCK5DXINEG,,2026-08-12
Colocation à louer,495 €,Lille,"1 pièce, 15 m², dès le 02/09/2026",https://www.seloger.com/annonces/locations/appartement/lille-59/lille-sud/268316809.htm,,2026-08-12
Colocation à louer,430 €,Lille,"1 pièce, 15 m², dès le 20/08/2026",https://www.seloger.com/annonce/location/hauts-de-france/nord-59/lille-59000/26NX43KTJCN4,,2026-08-12
Colocation à louer,706 €,Lille,"1 pièce, 15 m²",https://www.seloger.com/annonce/location/hauts-de-france/nord-59/lille-59000/26C5WEFEPVT2,,2026-08-12
Colocation à louer,530 €,Lille,"1 pièce, 3 chambres, 37 m², 1er étage",https://www.seloger.com/annonces/locations/appartement/lille-59/centre/261238287.htm,,2026-08-12
Colocation à louer,500 €,Lille,"1 pièce, 4 chambres, 10 m², RDC/2",https://www.seloger.com/wl-cdp/264DB1BGR9HZ,,2026-08-12
Colocation à louer,400 €,Lille,"1 pièce, 15 m², dès le 20/08/2026",https://www.seloger.com/annonce/location/hauts-de-france/nord-59/lille-59000/26PXYK773ZT9,,2026-08-12
Colocation à louer,445 €,Lille,"1 pièce, 15 m², dès le 20/08/2026",https://www.seloger.com/annonce/location/hauts-de-france/nord-59/lille-59000/26JRXQS1ZKVI,,2026-08-12
Studio à louer,765 €,Lille,"1 pièce, 15 m², dès le 15/08/2026",https://www.seloger.com/annonces/locations/appartement/lille-59/centre/269635175.htm,,2026-08-12
Colocation à louer,517 €,Lille,"1 pièce, 9 chambres, 9 m², RDC",https://www.seloger.com/annonce/location/hauts-de-france/nord-59/lille-59000/26WCPVUQZA7U,,2026-08-12
Colocation à louer,445 €,Lille,"1 pièce, 15 m², dès le 20/08/2026",https://www.seloger.com/annonce/location/hauts-de-france/nord-59/lille-59000/261AI5H2556B,,2026-08-12
Colocation à louer,445 €,Lille,"1 pièce, 15 m², dès le 20/08/2026",https://www.seloger.com/annonce/location/hauts-de-france/nord-59/lille-59000/26E5K8SMMFY2,,2026-08-12
Appartement à louer,740 €,logement étudiant,"Lille - 2 pièces, 1 chambre, 46 m², Étage 1/2",https://www.seloger.com/annonces/locations/appartement/lille-59/127899589.htm,,2026-08-12
Appartement à louer,1 023 €,Lille,"3 pièces, 2 chambres, 68,6 m², RDC",https://www.seloger.com/annonces/locations/appartement/lille-59/vauban-esquermes/271789135.htm,,2026-08-12
Appartement à louer,521 €,Lille,"1 pièce, 19,3 m², Étage 5/5",https://www.seloger.com/annonces/locations/appartement/lille-59/wazemmes/268231229.htm,,2026-08-12
Appartement à louer,678 €,Lille,"2 pièces, 1 chambre, 30 m², Étage 1/3",https://www.seloger.com/annonces/locations/appartement/lille-59/vieux-lille/256237047.htm,,2026-08-12
Maison à louer,890 €,Lille,"13 pièces, 10 chambres, 270 m², disponible dès maintenant",https://www.seloger.com/annonces/locations/maison/lille-59/wazemmes/26CQKCVCBDNM.htm,,2026-08-12
Appartement à louer,695 €,Lille,"1 pièce, 24 m², Étage 1/3, disponible dès maintenant",https://www.seloger.com/annonces/locations/appartement/lille-59/vauban-esquermes/26XXX8PU14DE.htm,,2026-08-12
Colocation à louer,1 380 €,Lille,"3 pièces, 2 chambres, 53 m², Étage 3/3",https://www.seloger.com/annonces/locations/appartement/lille-59/centre/26HCZAPU53IZ.htm,,2026-08-12
Colocation à louer,595 €,Lille,"11 m², 3 étages, disponible dès maintenant",https://www.seloger.com/annonces/locations/appartement/lille-59/moulins/268KA2KJ3MFD.htm,,2026-08-12
Appartement à louer,1 110 €,Lille,"3 pièces, 2 chambres, 64,3 m², Étage 2/4",https://www.seloger.com/annonces/locations/appartement/lille-59/vieux-lille/265735029.htm,,2026-08-12
Duplex à louer,780 €,Lille,"2 pièces, 47,6 m², Étage 2/2",https://www.seloger.com/annonces/locations/appartement/lille-59/fives/257503855.htm,,2026-08-12
Appartement à louer,980 €,Première occupation,"Lille - 1 pièce, 23 m²",https://www.seloger.com/annonces/locations/appartement/lille-59/246730053.htm,,2026-08-12
Appartement à louer,439 €,logement étudiant,"Lille - 1 pièce, 17,9 m², Étage 2/3, dès le 04/09/2026",https://www.seloger.com/annonce/location/hauts-de-france/nord-59/lille-59000/26C27FE6LJR2,,2026-08-12
Colocation à louer,750 €,logement étudiant,"Lille - 1 pièce, 4 chambres, 16 m²",https://www.seloger.com/annonce/location/hauts-de-france/nord-59/lille-59000/26EEZBZWUJBH,,2026-08-12
Duplex à louer,504 €,logement étudiant,"Lille - 2 pièces, 1 chambre, 22,6 m², RDC",https://www.seloger.com/annonce/location/hauts-de-france/nord-59/lille-59000/26AIYDBHN36H,,2026-08-12
Appartement à louer,990 €,Lille,"2 pièces, 1 chambre, 62,3 m², RDC",https://www.seloger.com/wl-cdp/26HXTM8YU2L3,,2026-08-12
Maison à louer,2 950 €,Lille,"8 pièces, 7 chambres, 310 m²",https://www.seloger.com/annonce/location/hauts-de-france/nord-59/lille-59000/26PMTC319CBM,,2026-08-12
Appartement à louer,640 €,logement étudiant,"Lille - 2 pièces, 1 chambre, 26 m², 1er étage",https://www.seloger.com/annonce/location/hauts-de-france/nord-59/lille-59000/26W3ZKX15NJ6,,2026-08-12
Appartement à louer,515 €,Lille,"1 pièce, 22 m², Étage 1/3",https://www.seloger.com/annonce/location/hauts-de-france/nord-59/lille-59000/26N3QXUSMISN,,2026-08-12
Colocation à louer,1 280 €,Lille,"6 pièces, 3 chambres, 110 m², Étage 1/1",https://www.seloger.com/annonce/location/hauts-de-france/nord-59/lille-59000/26HDSLZRD8DS,,2026-08-12
Appartement à louer,407 €,Lille,"1 pièce, 16 m², 1er étage",https://www.seloger.com/annonce/location/hauts-de-france/nord-59/lille-59000/263MZEBHSAPI,,2026-08-12
Maison à louer,520 €,Lille,"7 pièces, 1 chambre, 27,5 m², 87 m² de terrain",https://www.seloger.com/annonce/location/hauts-de-france/nord-59/lille-59000/26KVVNL6GABB,,2026-08-12
Appartement à louer,690 €,Lille,"2 pièces, 1 chambre, 38 m², RDC",https://www.seloger.com/annonce/location/hauts-de-france/nord-59/lille-59000/26G1HXZIFPZH,,2026-08-12
Colocation à louer,535 €,Lille,"1 pièce, 15 m², dès le 20/08/2026",https://www.seloger.com/annonce/location/hauts-de-france/nord-59/lille-59000/26BUUEV7RUW4,,2026-08-12
Colocation à louer,550 €,Lille,"1 pièce, 15 m², dès le 20/08/2026",https://www.seloger.com/annonce/location/hauts-de-france/nord-59/lille-59000/264IVIDUWN3A,,2026-08-12
Colocation à louer,550 €,Lille,"1 pièce, 15 m², dès le 20/08/2026",https://www.seloger.com/annonce/location/hauts-de-france/nord-59/lille-59000/26IGY2P7N72Y,,2026-08-12
Colocation à louer,430 €,Lille,"1 pièce, 15 m², dès le 20/08/2026",https://www.seloger.com/annonce/location/hauts-de-france/nord-59/lille-59000/26DTHBKGIMZB,,2026-08-12
Colocation à louer,475 €,Lille,"1 pièce, 15 m², dès le 20/08/2026",https://www.seloger.com/annonce/location/hauts-de-france/nord-59/lille-59000/26DHINZFHFT8,,2026-08-12
Appartement à louer,1 088 €,Lille,"1 pièce, 20 m², dès le 16/08/2026",https://www.seloger.com/wl-cdp/26Y4IXV97XLX,,2026-08-12
Colocation à louer,425 €,Lille,"1 pièce, 15 m², dès le 20/08/2026",https://www.seloger.com/annonce/location/hauts-de-france/nord-59/lille-59000/265ZNU9S45M9,,2026-08-12
Colocation à louer,601 €,Lille,"1 pièce, 15 m², dès le 16/08/2026",https://www.seloger.com/wl-cdp/26THXL4S9G5A,,2026-08-12
Colocation à louer,781 €,Lille,"1 pièce, 15 m², dès le 16/08/2026",https://www.seloger.com/wl-cdp/26VE9JTLN1C8,,2026-08-12
Colocation à louer,781 €,Lille,"1 pièce, 15 m², dès le 16/08/2026",https://www.seloger.com/annonce/location/hauts-de-france/nord-59/lille-59000/268XH58RPM7B,,2026-08-12
Colocation à louer,475 €,Lille,"1 pièce, 15 m², dès le 20/08/2026",https://www.seloger.com/annonce/location/hauts-de-france/nord-59/lille-59000/26SJFWVUK825,,2026-08-12
Colocation à louer,475 €,Lille,"1 pièce, 15 m², dès le 20/08/2026",https://www.seloger.com/annonce/location/hauts-de-france/nord-59/lille-59000/26ZF6BUGMEUK,,2026-08-12
Colocation à louer,495 €,Lille,"1 pièce, 15 m², dès le 20/08/2026",https://www.seloger.com/annonce/location/hauts-de-france/nord-59/lille-59000/263HBGRGIAFC,,2026-08-12
Appartement à louer,1 180 €,Lille,"3 pièces, 2 chambres, 40 m², RDC/3",https://www.seloger.com/annonce/location/hauts-de-france/nord-59/lille-59000/26I1FGYZRG3S,,2026-08-12
Colocation à louer,680 €,logement étudiant,"Lille - 1 pièce, 1 chambre, 11 m², dès le 01/09/2026",https://www.seloger.com/annonce/location/hauts-de-france/nord-59/lille-59000/26X2H15A9YCL,,2026-08-12
Appartement à louer,1 150 €,Lille,"3 pièces, 2 chambres, 85 m², 4ème étage",https://www.seloger.com/annonce/location/hauts-de-france/nord-59/lille-59000/26U8TRU7MIZL,,2026-08-12
Colocation à louer,500 €,Lille,"14 m², Étage 1/3, disponible dès maintenant",https://www.seloger.com/annonce/location/hauts-de-france/nord-59/lille-59000/266QF3NM17BT,,2026-08-12
Maison à louer,450 €,Lille,"7 pièces, 6 chambres, 132 m²",https://www.seloger.com/annonce/location/hauts-de-france/nord-59/lille-59000/264R8HQCQ79U,,2026-08-12
Colocation à louer,710 €,logement étudiant,"Lille - 1 pièce, 4 chambres, 15 m²",https://www.seloger.com/annonce/location/hauts-de-france/nord-59/lille-59000/26T5DZGHBQU1,,2026-08-12
Colocation à louer,423 €,Lille,"1 pièce, 5 chambres, 10 m², 2ème étage",https://www.seloger.com/annonce/location/hauts-de-france/nord-59/lille-59000/26F9UMISFJ6T,,2026-08-12
Colocation à louer,570 €,Lille,"1 pièce, 9 chambres, 15 m², 1er étage",https://www.seloger.com/annonce/location/hauts-de-france/nord-59/lille-59000/26UHYRA9PLRX,,2026-08-12
Appartement à louer,1 257 €,Lille,"3 pièces, 2 chambres, 77 m², Étage 1/3",https://www.seloger.com/annonces/locations/appartement/lille-59/276428545.htm,,2026-08-12
Appartement à louer,770 €,Lille,"2 pièces, 1 chambre, 41,7 m², 2ème étage",https://www.seloger.com/annonces/locations/appartement/lille-59/vieux-lille/268763553.htm,,2026-08-12
Duplex à louer,1 304 €,Lille,"3 pièces, 2 chambres, 76 m², Étage 1/2",https://www.seloger.com/annonces/locations/appartement/lille-59/vieux-lille/267682087.htm,,2026-08-12
Appartement à louer,880 €,Lille,"3 pièces, 2 chambres, 46,7 m², 2ème étage",https://www.seloger.com/annonces/locations/appartement/lille-59/274666767.htm,,2026-08-12
Maison à louer,440 €,Lille,"3 pièces, 2 chambres, 35,9 m²",https://www.seloger.com/annonces/locations/maison/lille-59/moulins/262968345.htm,,2026-08-12
Appartement à louer,1 195 €,Lille,"2 pièces, 1 chambre, 47 m², Étage 4/6",https://www.seloger.com/annonces/locations/appartement/lille-59/wazemmes/26DA3TA895SN.htm,,2026-08-12
Appartement à louer,700 €,Lille,"1 pièce, 30 m², disponible dès maintenant",https://www.seloger.com/annonces/locations/appartement/lille-59/bourg-delivrance/267I82UDKEGB.htm,,2026-08-12
Appartement à louer,890 €,Lille,"2 pièces, 1 chambre, 50 m², Étage 1/3",https://www.seloger.com/annonces/locations/appartement/lille-59/moulins/26IEQTQ4GSF4.htm,,2026-08-12
Appartement à louer,789 €,Lille,"2 pièces, 1 chambre, 48 m²",https://www.seloger.com/wl-cdp/24Z97I9HSRUZ,,2026-08-12
Colocation à louer,560 €,Lille,"1 pièce, 1 chambre, 101 m², 1er étage",https://www.seloger.com/annonce/location/hauts-de-france/nord-59/lille-59000/26DNHSART2T9,,2026-08-12
Appartement à louer,1 550 €,Lille,"1 pièce, 52 m²",https://www.seloger.com/annonce/location/hauts-de-france/nord-59/lille-59000/26H3KRS1E1ZM,,2026-08-12
Maison à louer,4 500 €,Lille,"6 pièces, 4 chambres, 97 m²",https://www.seloger.com/annonce/location/hauts-de-france/nord-59/lille-59000/26EL3ATPU14Q,,2026-08-12
Appartement à louer,790 €,Lille,"2 pièces, 1 chambre, 42 m², 1er étage",https://www.seloger.com/annonces/locations/appartement/lille-59/lille-sud/274445397.htm,,2026-08-12
Colocation à louer,610 €,Lille,"1 pièce, 11 chambres, 200 m², RDC",https://www.seloger.com/annonces/locations/appartement/lille-59/264571075.htm,,2026-08-12
Colocation à louer,1 900 €,Lille,"4 pièces, 3 chambres, 70 m², RDC/3",https://www.seloger.com/annonces/locations/appartement/lille-59/vauban-esquermes/26G3CZKF4JRH.htm,,2026-08-12
Appartement à louer,1 119 €,Lille,"2 pièces, 1 chambre, 48 m², dès le 31/08/2026",https://www.seloger.com/annonces/locations/appartement/lille-59/centre/275400753.htm,,2026-08-12
Appartement à louer,790 €,Lille,"1 pièce, 40,6 m², RDC",https://www.seloger.com/wl-cdp/26P5QRTU1UMF,,2026-08-12
Appartement à louer,988 €,Lille,"2 pièces, 1 chambre, 54 m², dès le 31/08/2026",https://www.seloger.com/annonce/location/hauts-de-france/nord-59/lille-59000/26MMIZUHL139,,2026-08-12
Appartement à louer,500 €,logement étudiant,"Lille - 1 pièce, 20 m²",https://www.seloger.com/annonces/locations/appartement/lille-59/276364397.htm,,2026-08-12
Appartement à louer,912 €,Lille,"3 pièces, 2 chambres, 61 m², 6ème étage",https://www.seloger.com/annonces/locations/appartement/lille-59/276101327.htm,,2026-08-12
Colocation à louer,555 €,Lille,"1 pièce, 1 chambre, 9 m², 1er étage",https://www.seloger.com/annonce/location/hauts-de-france/nord-59/lille-59000/26WXUN9ALTDG,,2026-08-12
Appartement à louer,952 €,Lille,"4 pièces, 3 chambres, 81,7 m², Étage 3/4",https://www.seloger.com/annonces/locations/appartement/lille-59/centre/272321081.htm,,2026-08-12
Colocation à louer,500 €,Lille,"5 pièces, 4 chambres, 79 m², 4ème étage",https://www.seloger.com/annonce/location/hauts-de-france/nord-59/lille-59000/26RPAC12U6QD,,2026-08-12
Appartement à louer,713 €,Lille,"2 pièces, 1 chambre, 39,8 m², Étage 2/2",https://www.seloger.com/annonces/locations/appartement/lille-59/caulier/264020153.htm,,2026-08-12
Duplex à louer,1 050 €,Lille,"3 pièces, 2 chambres, 62,4 m², Étage 3/4",https://www.seloger.com/annonces/locations/appartement/lille-59/centre/265264517.htm,,2026-08-12
Appartement à louer,474 €,Lille,"1 pièce, 18,9 m², Étage 2/3",https://www.seloger.com/annonces/locations/appartement/lille-59/wazemmes/263709685.htm,,2026-08-12
Appartement à louer,1 000 €,Lille,"2 pièces, 1 chambre, 40,8 m², Étage 3/4",https://www.seloger.com/annonces/locations/appartement/lille-59/centre/265932027.htm,,2026-08-12
Colocation à louer,550 €,Lille,"1 pièce, 5 chambres, 13 m², 1er étage",https://www.seloger.com/annonces/locations/appartement/lille-59/caulier/261486693.htm,,2026-08-12
Maison à louer,622 €,Lille,"2 pièces, 37,2 m²",https://www.seloger.com/annonces/locations/maison/lille-59/vauban-esquermes/265116513.htm,,2026-08-12
Maison à louer,2 099 €,Lille,"4 pièces, 3 chambres, 111 m²",https://www.seloger.com/annonce/location/hauts-de-france/nord-59/lille-59000/264F95NN7FNW,,2026-08-12
Appartement à louer,940 €,Lille,"2 pièces, 1 chambre, 48 m²",https://www.seloger.com/annonce/location/hauts-de-france/nord-59/lille-59000/26H5WEC8XBEB,,2026-08-12
Appartement à louer,650 €,Lille,"2 pièces, 1 chambre, 40 m², Étage 2/3",https://www.seloger.com/annonces/locations/appartement/lille-59/moulins/26BF1R97GAPI.htm,,2026-08-12
Duplex à louer,800 €,Lille,"4 pièces, 3 chambres, 55 m², 2ème étage",https://www.seloger.com/annonce/location/hauts-de-france/nord-59/lille-59000/26FP2FJAGKMS,,2026-08-12
Appartement à louer,1 280 €,Lille,"3 pièces, 2 chambres, 72 m²",https://www.seloger.com/annonces/locations/appartement/lille-59/vauban-esquermes/276409161.htm,,2026-08-12
Maison à louer,955 €,Lille,"3 pièces, 2 chambres, 71 m²",https://www.seloger.com/annonce/location/hauts-de-france/nord-59/lille-59000/26QGXK5WJTT4,,2026-08-12
Maison à louer,1 276 €,Lille,"4 pièces, 3 chambres, 108,1 m², 19 m² de terrain",https://www.seloger.com/annonce/location/hauts-de-france/nord-59/lille-59000/263UBZG3QSVW,,2026-08-12
Studio à louer,700 €,Lille,"1 pièce, 25 m²",https://www.seloger.com/annonce/location/hauts-de-france/nord-59/lille-59000/26Z1D8ZSIVYA,,2026-08-12
Appartement à louer,725 €,Lille,"2 pièces, 1 chambre, 39,3 m², Étage 1/4",https://www.seloger.com/annonces/locations/appartement/lille-59/wazemmes/276544431.htm,,2026-08-12
Appartement à louer,490 €,Lille,"1 pièce, 18,7 m², 3ème étage",https://www.seloger.com/annonces/locations/appartement/lille-59/275653433.htm,,2026-08-12
Appartement à louer,800 €,Lille,"2 pièces, 1 chambre, 30 m², 2ème étage",https://www.seloger.com/annonce/location/hauts-de-france/nord-59/lille-59000/26TJQFVVBNKR,,2026-08-12
Appartement à louer,620 €,logement étudiant,"Lille - 2 pièces, 1 chambre, 32 m², 2ème étage",https://www.seloger.com/annonce/location/hauts-de-france/nord-59/lille-59000/265CEZD7BHS1,,2026-08-12
Appartement à louer,575 €,Lille,"2 pièces, 1 chambre, 38,1 m², RDC",https://www.seloger.com/annonce/location/hauts-de-france/nord-59/lille-59000/266RKTU4HPWS,,2026-08-12
Appartement à louer,830 €,Lille,"2 pièces, 1 chambre, 46,1 m², Étage 2/3",https://www.seloger.com/annonces/locations/appartement/lille-59/wazemmes/259869889.htm,,2026-08-12
Triplex à louer,530 €,Lille,"1 pièce, 9 m², RDC",https://www.seloger.com/annonces/locations/appartement/lille-59/caulier/261298331.htm,,2026-08-12
Triplex à louer,530 €,Lille,"1 pièce, 9 m², RDC",https://www.seloger.com/annonces/locations/appartement/lille-59/caulier/273858257.htm,,2026-08-12
Triplex à louer,530 €,Lille,"1 pièce, 9 m², RDC",https://www.seloger.com/annonces/locations/appartement/lille-59/caulier/252868963.htm,,2026-08-12
Appartement à louer,700 €,Lille,"1 pièce, 32 m²",https://www.seloger.com/annonce/location/hauts-de-france/nord-59/lille-59000/268AXHKL6F1R,,2026-08-12
Appartement à louer,680 €,logement étudiant,"Lille - 2 pièces, 1 chambre, 41 m², 1er étage",https://www.seloger.com/annonce/location/hauts-de-france/nord-59/lille-59000/26EN4MHIRQJE,,2026-08-12
Appartement à louer,600 €,logement étudiant,"Lille - 2 pièces, 1 chambre, 28 m², 1er étage",https://www.seloger.com/annonce/location/hauts-de-france/nord-59/lille-59000/26PY57BJY453,,2026-08-12
Colocation à louer,475 €,Lille,"1 pièce, 12 m², Étage 1/4",https://www.seloger.com/annonce/location/hauts-de-france/nord-59/lille-59000/26PB65DAQL8W,,2026-08-12
Colocation à louer,2 200 €,Lille,"5 pièces, 4 chambres, 88,5 m², 6ème étage",https://www.seloger.com/annonce/location/hauts-de-france/nord-59/lille-59000/265KUELVS3QY,,2026-08-12
Studio à louer,750 €,Première occupation,"Lille - 1 pièce, 20 m², 6 étages, dès le 30/08/2026",https://www.seloger.com/annonces/locations/appartement/lille-59/mitterie/265194761.htm,,2026-08-12
Appartement à louer,770 €,Lille,"1 pièce, 31,1 m², Étage 1/1",https://www.seloger.com/annonces/locations/appartement/lille-59/centre/268388209.htm,,2026-08-12
Appartement à louer,750 €,Lille,"2 pièces, 1 chambre, 31 m², Étage 2/2",https://www.seloger.com/annonces/locations/appartement/lille-59/saint-maurice-pellevoisin/253IGEAS1XZM.htm,,2026-08-12
Colocation à louer,660 €,Lille,"5 pièces, 3 chambres, 91 m², Étage 4/8",https://www.seloger.com/annonces/locations/appartement/lille-59/wazemmes/251J1YFQU5WI.htm,,2026-08-12
Colocation à louer,577 €,Lille,"1 pièce, 8 m²",https://www.seloger.com/annonces/locations/appartement/lille-59/lille-sud/271130763.htm,,2026-08-12
Maison à louer,900 €,Lille,"3 pièces, 2 chambres, 71 m², disponible dès maintenant",https://www.seloger.com/annonce/location/hauts-de-france/nord-59/lille-59000/26TIKIYR2LTG,,2026-08-12
Colocation à louer,495 €,Lille,"1 pièce, 19,6 m², RDC",https://www.seloger.com/annonce/location/hauts-de-france/nord-59/lille-59000/26ZADKLWAWN1,,2026-08-12
Studio à louer,431 €,Lille,"1 pièce, 13 m², Étage 2/3",https://www.seloger.com/annonces/locations/appartement/lille-59/wazemmes/276044473.htm,,2026-08-12
Appartement à louer,650 €,Lille,"2 pièces, 1 chambre, 40 m²",https://www.seloger.com/annonce/location/hauts-de-france/nord-59/lille-59000/26T61MHF4ZF6,,2026-08-12
Maison à louer,645 €,Lille,"3 pièces, 2 chambres, 49,6 m²",https://www.seloger.com/annonce/location/hauts-de-france/nord-59/lille-59000/26KXS8IHK1PA,,2026-08-12
Appartement à louer,910 €,Lille,"1 pièce, 1 chambre, 29,1 m², Étage 1/3",https://www.seloger.com/annonces/locations/appartement/lille-59/274377207.htm,,2026-08-12
Appartement à louer,520 €,logement étudiant,"Lille - 1 pièce, 16 m², 1er étage",https://www.seloger.com/annonce/location/hauts-de-france/nord-59/lille-59000/26V4ZTDJWULJ,,2026-08-12
Appartement à louer,630 €,logement étudiant,"Lille - 2 pièces, 1 chambre, 30 m², 2ème étage",https://www.seloger.com/annonce/location/hauts-de-france/nord-59/lille-59000/26GGFYW13Y6D,,2026-08-12
Colocation à louer,590 €,Lille,"1 pièce, 5 chambres, 11 m²",https://www.seloger.com/annonce/location/hauts-de-france/nord-59/lille-59000/26FV1TAZ4Q3T,,2026-08-12
Appartement à louer,689 €,logement étudiant,"Lille - 2 pièces, 1 chambre, 32,5 m², RDC",https://www.seloger.com/annonce/location/hauts-de-france/nord-59/lille-59000/26T364LNMMD2,,2026-08-12
Appartement à louer,650 €,Lille,"1 pièce, 11 chambres, 9 m², Étage 3/3",https://www.seloger.com/annonces/locations/appartement/lille-59/centre/268827713.htm,,2026-08-12
Appartement à louer,665 €,Lille,"1 pièce, 11 chambres, 14,1 m², Étage 2/3",https://www.seloger.com/annonces/locations/appartement/lille-59/centre/268826841.htm,,2026-08-12
Appartement à louer,650 €,Lille,"1 pièce, 11 chambres, 12,3 m², Étage 2/3",https://www.seloger.com/annonces/locations/appartement/lille-59/centre/271654741.htm,,2026-08-12
Appartement à louer,650 €,Lille,"1 pièce, 11 chambres, 11 m², Étage 3/3",https://www.seloger.com/annonces/locations/appartement/lille-59/centre/268825799.htm,,2026-08-12
Appartement à louer,665 €,Lille,"1 pièce, 11 chambres, 14,6 m², Étage 3/3",https://www.seloger.com/annonces/locations/appartement/lille-59/centre/272408479.htm,,2026-08-12
Colocation à louer,550 €,logement étudiant,"Lille - 1 pièce, 18 m², 1er étage",https://www.seloger.com/annonces/locations/appartement/lille-59/centre/265654677.htm,,2026-08-12
Appartement à louer,649 €,Lille,"1 pièce, 31,1 m², RDC",https://www.seloger.com/annonces/locations/appartement/lille-59/vauban-esquermes/262933143.htm,,2026-08-12
Appartement à louer,850 €,Lille,"2 pièces, 1 chambre, 45,8 m², Étage 1/2",https://www.seloger.com/annonce/location/hauts-de-france/nord-59/lille-59000/26GEHH3M4UML,,2026-08-12
Appartement à louer,888 €,Lille,"2 pièces, 1 chambre, 63,1 m², RDC",https://www.seloger.com/annonce/location/hauts-de-france/nord-59/lille-59000/26PQ8VEWQKIQ,,2026-08-12
Maison à louer,1 270 €,Lille,"4 pièces, 3 chambres, 93 m²",https://www.seloger.com/annonces/locations/maison/lille-59/bourg-delivrance/274098493.htm,,2026-08-12
Studio à louer,695 €,logement étudiant,"Lille - 1 pièce, 19 m²",https://www.seloger.com/annonces/locations/appartement/lille-59/wazemmes/242706951.htm,,2026-08-12
Appartement à louer,1 231 €,Lille,"4 pièces, 3 chambres, 89,1 m², 1er étage",https://www.seloger.com/annonces/locations/appartement/lille-59/vieux-lille/261184947.htm,,2026-08-12
Appartement à louer,480 €,logement étudiant,"Lille - 1 pièce, 94 m², RDC",https://www.seloger.com/annonce/location/hauts-de-france/nord-59/lille-59000/26TTKSM5W2BS,,2026-08-12
Studio à louer,300 €,Lille,"1 pièce, 13 m²",https://www.seloger.com/annonce/location/hauts-de-france/nord-59/lille-59000/26TY199X5CHB,,2026-08-12
Appartement à louer,630 €,Lille,"1 pièce, 41,1 m², RDC, dès le 29/08/2026",https://www.seloger.com/annonces/locations/appartement/lille-59/275598623.htm,,2026-08-12
Appartement à louer,1 400 €,Lille,"5 pièces, 4 chambres, 99,3 m², Étage 11/11",https://www.seloger.com/annonces/locations/appartement/lille-59/centre/273858221.htm,,2026-08-12
Appartement à louer,806 €,Lille,"2 pièces, 1 chambre, 47 m², 2ème étage",https://www.seloger.com/annonces/locations/appartement/lille-59/wazemmes/275669165.htm,,2026-08-12
Colocation à louer,950 €,Lille,"4 pièces, 3 chambres, 79 m², RDC/2",https://www.seloger.com/annonces/locations/appartement/lille-59/faubourg-de-bethune-concorde/26KSSGZ2C9V3.htm,,2026-08-12
Colocation à louer,1 380 €,Lille,"4 pièces, 3 chambres, 74 m², RDC/3",https://www.seloger.com/annonces/locations/appartement/lille-59/vieux-lille/26TRJSQMJT61.htm,,2026-08-12
Studio à louer,460 €,Lille,"1 pièce, 14 m²",https://www.seloger.com/annonces/locations/appartement/lille-59/276155875.htm,,2026-08-12
Appartement à louer,550 €,Lille,"5 pièces, 4 chambres, 70 m², 1er étage",https://www.seloger.com/annonce/location/hauts-de-france/nord-59/lille-59000/2627C3MX84CC,,2026-08-12
Appartement à louer,701 €,Lille,"2 pièces, 43,6 m², Étage 2/1",https://www.seloger.com/annonce/location/hauts-de-france/nord-59/lille-59000/26XLWANV6SAS,,2026-08-12
Appartement à louer,950 €,Lille,"3 pièces, 2 chambres, 80 m², Étage 1/3",https://www.seloger.com/annonce/location/hauts-de-france/nord-59/lille-59000/26ANHKTQYLJR,,2026-08-12
Colocation à louer,580 €,logement étudiant,"Lille - 2 pièces, 1 chambre, 20,8 m², RDC",https://www.seloger.com/annonce/location/hauts-de-france/nord-59/lille-59000/26NEYTXNMXSE,,2026-08-12
Colocation à louer,500 €,logement étudiant,"Lille - 1 pièce, 4 chambres, 10 m²",https://www.seloger.com/annonce/location/hauts-de-france/nord-59/lille-59000/269P1JQKXHWM,,2026-08-12
Colocation à louer,601 €,Lille,"1 pièce, 1 chambre, 10 m², 1er étage",https://www.seloger.com/annonce/location/hauts-de-france/nord-59/lille-59000/26WIA7GY2DA9,,2026-08-12
Studio à louer,750 €,logement étudiant,"Lille - 1 pièce, 21 m², 6 étages",https://www.seloger.com/annonces/locations/appartement/lille-59/267809031.htm,,2026-08-12
Studio à louer,480 €,Lille,"1 pièce, 15 m²",https://www.seloger.com/annonces/locations/appartement/lille-59/vauban-esquermes/274354379.htm,,2026-08-12
Appartement à louer,1 222 €,Lille,"3 pièces, 2 chambres, 68 m², Étage 1/1",https://www.seloger.com/annonces/locations/appartement/lille-59/caulier/26WJ51I3C32T.htm,,2026-08-12
Appartement à louer,825 €,Lille,"2 pièces, 1 chambre, 41,2 m², 2ème étage",https://www.seloger.com/annonce/location/hauts-de-france/nord-59/lille-59000/26QF6M8HKYWG,,2026-08-12
Appartement à louer,768 €,Lille,"2 pièces, 1 chambre, 61,8 m², 5ème étage",https://www.seloger.com/annonce/location/hauts-de-france/nord-59/lille-59000/26CDWT2ENIYR,,2026-08-12
Studio à louer,595 €,Lille,"1 pièce, 13 m², 2ème étage",https://www.seloger.com/annonce/location/hauts-de-france/nord-59/lille-59000/26YYEKDJ7NJX,,2026-08-12
Appartement à louer,739 €,Lille,"2 pièces, 1 chambre, 31,8 m², Étage 1/3",https://www.seloger.com/wl-cdp/266YLE3WENUI,,2026-08-12
Appartement à louer,630 €,Lille,"1 pièce, 19 m², RDC/2, disponible dès maintenant",https://www.seloger.com/annonces/locations/appartement/lille-59/caulier/265SAJ9CLNJL.htm,,2026-08-12
Studio à louer,340 €,Lille,"1 pièce, 24 m²",https://www.seloger.com/annonce/location/hauts-de-france/nord-59/lille-59000/26DPTY83YM4U,,2026-08-12
Appartement à louer,660 €,Lille,"2 pièces, 1 chambre, 42,1 m², 1er étage",https://www.seloger.com/annonces/locations/appartement/lille-59/moulins/276212691.htm,,2026-08-12
Appartement à louer,995 €,Lille,"3 pièces, 2 chambres, 71,4 m², 4ème étage",https://www.seloger.com/annonces/locations/appartement/lille-59/274932367.htm,,2026-08-12
Appartement à louer,750 €,logement étudiant,"Lille - 2 pièces, 1 chambre, 36 m², 1er étage",https://www.seloger.com/annonce/location/hauts-de-france/nord-59/lille-59000/26NM357M3B3P,,2026-08-12
Maison à louer,1 289 €,Lille,"5 pièces, 4 chambres, 105 m²",https://www.seloger.com/annonce/location/hauts-de-france/nord-59/lille-59000/264YHGED6BNC,,2026-08-12
Appartement à louer,1 005 €,Lille,"3 pièces, 63,7 m², Étage 8/99",https://www.seloger.com/annonce/location/hauts-de-france/nord-59/lille-59000/26DE96EN1SJW,,2026-08-12
Colocation à louer,1 290 €,Lille,"4 pièces, 2 chambres, 70 m², Étage 5/7",https://www.seloger.com/annonces/locations/appartement/lille-59/bois-blanc/267W2YZ3S4UL.htm,,2026-08-12
Appartement à louer,738 €,Lille,"2 pièces, 1 chambre, 44,9 m², 2ème étage",https://www.seloger.com/annonces/locations/appartement/lille-59/274457789.htm,,2026-08-12
Appartement à louer,995 €,Lille,"3 pièces, 79,8 m², Étage 3/5",https://www.seloger.com/annonces/locations/appartement/lille-59/vauban-esquermes/251264859.htm,,2026-08-12
Colocation à louer,630 €,Lille,"3 pièces, 2 chambres, 65 m², Étage 2/2",https://www.seloger.com/annonces/locations/appartement/lille-59/vieux-lille/269CITUTRAVD.htm,,2026-08-12
Appartement à louer,780 €,logement étudiant,"Lille - 1 pièce, 31 m², 1er étage",https://www.seloger.com/annonce/location/hauts-de-france/nord-59/lille-59000/263J1UXH4L8X,,2026-08-12
Colocation à louer,520 €,Lille,"1 pièce, 1 chambre, 14 m², 1er étage",https://www.seloger.com/annonce/location/hauts-de-france/nord-59/lille-59000/26LD9AXZ8RXA,,2026-08-12
Appartement à louer,615 €,logement étudiant,"Lille - 2 pièces, 1 chambre, 41 m², 2ème étage",https://www.seloger.com/annonce/location/hauts-de-france/nord-59/lille-59000/267GCG15VWQ2,,2026-08-12
Appartement à louer,990 €,Lille,"2 pièces, 1 chambre, 45 m², 3ème étage",https://www.seloger.com/annonce/location/hauts-de-france/nord-59/lille-59000/26915HMITKNX,,2026-08-12
Appartement à louer,615 €,logement étudiant,"Lille - 1 pièce, 27 m², 5ème étage",https://www.seloger.com/annonce/location/hauts-de-france/nord-59/lille-59000/266L8R8TFLMJ,,2026-08-12
Colocation à louer,818 €,Lille,"1 pièce, 15 m², dès le 16/08/2026",https://www.seloger.com/wl-cdp/26F1MITFH35C,,2026-08-12
Colocation à louer,894 €,Lille,"1 pièce, 15 m², dès le 16/08/2026",https://www.seloger.com/wl-cdp/26BLWPPRYZG3,,2026-08-12
Colocation à louer,823 €,Lille,"1 pièce, 15 m², dès le 16/08/2026",https://www.seloger.com/wl-cdp/26A4XG52TJYQ,,2026-08-12
Colocation à louer,770 €,Lille,"1 pièce, 6 chambres, 16 m²",https://www.seloger.com/annonce/location/hauts-de-france/nord-59/lille-59000/26ME6PWDTM3V,,2026-08-12
Duplex à louer,3 510 €,Lille,"6 pièces, 5 chambres, 148 m², Étage 2/3",https://www.seloger.com/annonces/locations/appartement/lille-59/vieux-lille/271150599.htm,,2026-08-12
Appartement à louer,700 €,Lille,"1 pièce, 29 m², 1er étage",https://www.seloger.com/annonces/locations/appartement/lille-59/centre/268130619.htm,,2026-08-12
Appartement à louer,1 250 €,Lille,"3 pièces, 2 chambres, 56,9 m², 3ème étage",https://www.seloger.com/annonce/location/hauts-de-france/nord-59/lille-59000/26FDKJZ8RMFB,,2026-08-12
Studio à louer,1 620 €,Lille,"1 pièce, 24 m², dès le 01/09/2026",https://www.seloger.com/annonces/locations/appartement/lille-59/centre/261035741.htm,,2026-08-12
Appartement à louer,400 €,logement étudiant,"Lille - 1 pièce, 13,2 m², RDC/4, dès le 28/08/2026",https://www.seloger.com/annonces/locations/appartement/lille-59/276282987.htm,,2026-08-12
Colocation à louer,550 €,Lille,"2 pièces, 1 chambre, 13 m²",https://www.seloger.com/annonces/locations/appartement/lille-59/bois-blanc/263811141.htm,,2026-08-12
Duplex à louer,860 €,Lille,"2 pièces, 1 chambre, 47,9 m², Étage 2/2",https://www.seloger.com/annonce/location/hauts-de-france/nord-59/lille-59000/26MLTVCP7SN3,,2026-08-12
Appartement à louer,815 €,Lille,"1 pièce, 33 m², Étage 3/3",https://www.seloger.com/annonces/locations/appartement/lille-59/276113977.htm,,2026-08-12
Appartement à louer,615 €,logement étudiant,"Lille - 1 pièce, 25 m², 2ème étage",https://www.seloger.com/annonce/location/hauts-de-france/nord-59/lille-59000/2652TZHI22PZ,,2026-08-12
Appartement à louer,680 €,Lille,"1 pièce, 36 m², disponible dès maintenant",https://www.seloger.com/annonce/location/hauts-de-france/nord-59/lille-59000/26B7MT4K7P73,,2026-08-12
Colocation à louer,680 €,logement étudiant,"Lille - 1 pièce, 1 chambre, 11 m², dès le 01/09/2026",https://www.seloger.com/annonces/locations/appartement/lomme-59/276518029.htm,,2026-08-12
Appartement à louer,550 €,Lille,"4 pièces, 3 chambres, 75 m², Étage 2/4",https://www.seloger.com/annonces/locations/appartement/lille-59/caulier/25X78ELWYN2J.htm,,2026-08-12
Appartement à louer,850 €,Lille,"2 pièces, 1 chambre, 55 m², Étage 1/2",https://www.seloger.com/annonces/locations/appartement/lille-59/saint-maurice-pellevoisin/26J82524QQKF.htm,,2026-08-12
Appartement à louer,580 €,logement étudiant,"Lille - 2 pièces, 1 chambre, 32 m², 1er étage",https://www.seloger.com/annonce/location/hauts-de-france/nord-59/lille-59000/26J25HN1CGGM,,2026-08-12
Appartement à louer,670 €,logement étudiant,"Lille - 1 pièce, 1 chambre, 30 m², 3ème étage",https://www.seloger.com/annonce/location/hauts-de-france/nord-59/lille-59000/26HP3CLA58JT,,2026-08-12
Appartement à louer,898 €,Lille,"2 pièces, 1 chambre, 59,5 m², 5ème étage",https://www.seloger.com/annonce/location/hauts-de-france/nord-59/lille-59000/26L51PBZMPQB,,2026-08-12
Appartement à louer,595 €,Lille,"1 pièce, 25 m², 2 étages, disponible dès maintenant",https://www.seloger.com/annonces/locations/appartement/lille-59/caulier/24G9WC8EL7A1.htm,,2026-08-12
Appartement à louer,1 040 €,Lille,"3 pièces, 2 chambres, 70 m²",https://www.seloger.com/annonce/location/hauts-de-france/nord-59/lille-59000/261E3YQS1NND,,2026-08-12
Appartement à louer,775 €,Lille,"2 pièces, 1 chambre, 27,7 m², Étage 2/2",https://www.seloger.com/annonces/locations/appartement/lille-59/moulins/274284931.htm,,2026-08-12
Appartement à louer,941 €,Lille,"2 pièces, 2 chambres, 61,8 m², Étage 2/4",https://www.seloger.com/annonces/locations/appartement/lille-59/bois-blanc/265080117.htm,,2026-08-12
Maison à louer,550 €,Lille,"2 pièces, 1 chambre, 128 m²",https://www.seloger.com/annonces/locations/maison/lille-59/263811137.htm,,2026-08-12
Appartement à louer,872 €,Lille,"2 pièces, 1 chambre, 61,7 m², 4ème étage",https://www.seloger.com/annonces/locations/appartement/lille-59/wazemmes/269544447.htm,,2026-08-12
Maison à louer,490 €,Lille,"7 pièces, 6 chambres, 102 m², disponible dès maintenant",https://www.seloger.com/annonces/locations/maison/lille-59/bois-blanc/25DXR9QZRYLN.htm,,2026-08-12
Colocation à louer,480 €,Lille,"103 m², Étage 1/4, disponible dès maintenant",https://www.seloger.com/annonces/locations/appartement/lille-59/hellemmes-centre/264FA3MZGMUF.htm,,2026-08-12
Appartement à louer,1 290 €,Lille,"3 pièces, 2 chambres, 81 m², Étage 1/4",https://www.seloger.com/annonces/locations/appartement/lille-59/vieux-lille/263300427.htm,,2026-08-12
Colocation à louer,595 €,Lille,"1 pièce, 2 chambres, 13 m², Étage 1/3",https://www.seloger.com/annonce/location/hauts-de-france/nord-59/lille-59000/26PPAP13BRQX,,2026-08-12
Appartement à louer,500 €,Lille,"1 pièce, 18 m², RDC/1, disponible dès maintenant",https://www.seloger.com/annonce/location/hauts-de-france/nord-59/lille-59000/26WIKDC74S4K,,2026-08-12
Colocation à louer,540 €,Lille,"1 pièce, 3 chambres, 22 m², 1er étage",https://www.seloger.com/annonce/location/hauts-de-france/nord-59/lille-59000/26FN4T1F1A3C,,2026-08-12
Appartement à louer,1 429 €,Lille,"3 pièces, 2 chambres, 80 m²",https://www.seloger.com/annonce/location/hauts-de-france/nord-59/lille-59000/26ALZHSX8HHN,,2026-08-12
Appartement à louer,520 €,logement étudiant,"Lille - 1 pièce, 30 m², 2ème étage",https://www.seloger.com/annonce/location/hauts-de-france/nord-59/lille-59000/26M6P5EACZW4,,2026-08-12
Colocation à louer,530 €,Lille,"3 pièces, 5 chambres, 2 étages",https://www.seloger.com/annonces/locations/appartement/lille-59/274406355.htm,,2026-08-12
Appartement à louer,625 €,logement étudiant,"Lille - 1 pièce, 28 m², 1er étage",https://www.seloger.com/annonce/location/hauts-de-france/nord-59/lille-59000/26485XPID2UY,,2026-08-12
Appartement à louer,1 175 €,Lille,"3 pièces, 2 chambres, 58 m², RDC",https://www.seloger.com/annonce/location/hauts-de-france/nord-59/lille-59000/26G18Y5V7CN7,,2026-08-12
Appartement à louer,600 €,logement étudiant,"Lille - 1 pièce, 23 m², 1er étage",https://www.seloger.com/annonce/location/hauts-de-france/nord-59/lille-59000/26VKWCN6NGM2,,2026-08-12
Appartement à louer,930 €,Lille,"2 pièces, 40 m², 1er étage, dès le 15/08/2026",https://www.seloger.com/annonce/location/hauts-de-france/nord-59/lille-59000/264YLFVWWUBI,,2026-08-12
Appartement à louer,1 054 €,Lille,"3 pièces, 2 chambres, 51 m²",https://www.seloger.com/annonces/locations/appartement/lille-59/vieux-lille/273078169.htm,,2026-08-12
Appartement à louer,350 €,Lille,"1 pièce, 9 m², disponible dès maintenant",https://www.seloger.com/annonce/location/hauts-de-france/nord-59/lille-59000/252GFS9M994E,,2026-08-12
Colocation à louer,450 €,Lille,"95 m², Étage 3/3, disponible dès maintenant",https://www.seloger.com/annonce/location/hauts-de-france/nord-59/lille-59000/264ECFR2FUT7,,2026-08-12
Colocation à louer,500 €,Lille,"1 pièce, 1 chambre, 10 m², 2ème étage",https://www.seloger.com/annonce/location/hauts-de-france/nord-59/lille-59000/26YWKXXI78KW,,2026-08-12
Colocation à louer,1 595 €,Lille,"5 pièces, 4 chambres, 112,4 m², RDC/3",https://www.seloger.com/annonce/location/hauts-de-france/nord-59/lille-59000/26EPD1XEFJMW,,2026-08-12
Colocation à louer,610 €,logement étudiant,"Lille - 1 pièce, 1 chambre, 9 m², 1er étage",https://www.seloger.com/annonce/location/hauts-de-france/nord-59/lille-59000/26FLPQZD4B7J,,2026-08-12
Colocation à louer,645 €,logement étudiant,"Lille - 1 pièce, 1 chambre, 14 m², 1er étage",https://www.seloger.com/annonce/location/hauts-de-france/nord-59/lille-59000/26XVX32W5C7N,,2026-08-12
Colocation à louer,440 €,Lille,"1 pièce, 1 chambre, 11 m², RDC/2",https://www.seloger.com/wl-cdp/26RKD3Z5TZ7F,,2026-08-12
Maison à louer,445 €,Lille,"5 pièces, 4 chambres, 70,1 m²",https://www.seloger.com/wl-cdp/26D34MSWVAD2,,2026-08-12
Appartement à louer,941 €,Lille,"3 pièces, 2 chambres, 62,1 m², 8ème étage",https://www.seloger.com/annonce/location/hauts-de-france/nord-59/lille-59000/26DIKYFVYLQU,,2026-08-12
Colocation à louer,410 €,Lille,"1 pièce, 4 chambres, 9 m², 1er étage",https://www.seloger.com/annonces/locations/appartement/lomme-59/261151427.htm,,2026-08-12
Appartement à louer,1 700 €,Lille,"2 pièces, 1 chambre, 43 m², 1er étage",https://www.seloger.com/annonce/location/hauts-de-france/nord-59/lille-59000/26J3M2IIUG4P,,2026-08-12
Appartement à louer,790 €,Lille,"1 pièce, 46,9 m², RDC/2",https://www.seloger.com/annonces/locations/appartement/lille-59/bois-blanc/268456053.htm,,2026-08-12
Appartement à louer,749 €,Lille,"2 pièces, 1 chambre, 48,8 m², 3ème étage",https://www.seloger.com/annonces/locations/appartement/lille-59/lille-sud/273463111.htm,,2026-08-12
Appartement à louer,1 065 €,Lille,"2 pièces, 1 chambre, 39 m²",https://www.seloger.com/annonces/locations/appartement/lille-59/hellemmes-epine-mont-de-terre/274086465.htm,,2026-08-12
Colocation à louer,470 €,Lille,"1 pièce, 1 chambre, 10 m², 1er étage",https://www.seloger.com/annonces/locations/appartement/lille-59/caulier/265765471.htm,,2026-08-12
Appartement à louer,700 €,Lille,"1 pièce, 20,7 m², Étage 2/3",https://www.seloger.com/annonces/locations/appartement/lille-59/centre/265387269.htm,,2026-08-12
Colocation à louer,750 €,Lille,"2 pièces, 1 chambre, 46 m², Étage -1/8",https://www.seloger.com/annonces/locations/appartement/lille-59/lille-sud/26S43R5SGAYK.htm,,2026-08-12
Appartement à louer,650 €,Lille,"1 pièce, 33 m², dès le 31/10/2026",https://www.seloger.com/annonces/locations/appartement/lille-59/273834773.htm,,2026-08-12
Appartement à louer,920 €,Lille,"2 pièces, 1 chambre, 65 m², Étage 2/2",https://www.seloger.com/annonces/locations/appartement/lille-59/wazemmes/26E58EEIS3VN.htm,,2026-08-12
Appartement à louer,500 €,logement étudiant,"Lille - 2 pièces, 1 chambre, 30 m², 2ème étage",https://www.seloger.com/annonce/location/hauts-de-france/nord-59/lille-59000/26M4W43YTE73,,2026-08-12
Appartement à louer,650 €,logement étudiant,"Lille - 1 pièce, 30 m², 1er étage",https://www.seloger.com/annonce/location/hauts-de-france/nord-59/lille-59000/26HPX4ETK8EY,,2026-08-12
Appartement à louer,545 €,Lille,"2 pièces, 1 chambre, 29 m², dès le 22/08/2026",https://www.seloger.com/annonce/location/hauts-de-france/nord-59/lille-59000/26FVEKR7QIKE,,2026-08-12
Appartement à louer,631 €,logement étudiant,"Lille - 1 pièce, 1 chambre, 23 m², 1er étage",https://www.seloger.com/annonce/location/hauts-de-france/nord-59/lille-59000/269P6QP11VKX,,2026-08-12
Colocation à louer,630 €,Lille,"2 pièces, 1 chambre, 20,8 m², RDC",https://www.seloger.com/annonces/locations/appartement/lille-59/269701673.htm,,2026-08-12
Maison à louer,1 995 €,Lille,"5 pièces, 3 chambres, 104,7 m²",https://www.seloger.com/annonces/locations/maison/lille-59/vieux-lille/269948131.htm,,2026-08-12
Colocation à louer,601 €,Lille,"5 pièces, 4 chambres, 92 m², 1er étage",https://www.seloger.com/annonce/location/hauts-de-france/nord-59/lille-59000/263Y87KSVF5G,,2026-08-12
Colocation à louer,500 €,logement étudiant,"Lille - 1 pièce, 3 chambres, 23 m², RDC",https://www.seloger.com/annonce/location/hauts-de-france/nord-59/lille-59000/2647YJ35G9DN,,2026-08-12
Colocation à louer,665 €,Lille,"1 pièce, 11 chambres, 16,5 m², RDC",https://www.seloger.com/annonces/locations/appartement/lille-59/centre/273184859.htm,,2026-08-12
Appartement à louer,1 283 €,Lille,"3 pièces, 2 chambres, 72,7 m², RDC",https://www.seloger.com/annonces/locations/appartement/lille-59/centre/268349211.htm,,2026-08-12
Appartement à louer,728 €,Lille,"2 pièces, 1 chambre, 40,9 m², Étage 3/3",https://www.seloger.com/annonces/locations/appartement/lille-59/wazemmes/273858321.htm,,2026-08-12
Appartement à louer,750 €,Lille,"2 pièces, 1 chambre, 37 m², RDC/3",https://www.seloger.com/annonces/locations/appartement/lille-59/wazemmes/26932I2LC7UW.htm,,2026-08-12
Maison à louer,500 €,Lille,"7 pièces, 6 chambres, 135 m², disponible dès maintenant",https://www.seloger.com/annonces/locations/maison/lille-59/fives/261PFQ9DS4WX.htm,,2026-08-12
Colocation à louer,710 €,Lille,"1 pièce, 15 m², dès le 02/12/2026",https://www.seloger.com/wl-cdp/269EP3R9H4L8,,2026-08-12
Colocation à louer,715 €,Lille,"1 pièce, 15 m², dès le 02/12/2026",https://www.seloger.com/wl-cdp/26NBDJTIKR5U,,2026-08-12
Colocation à louer,550 €,Lille,"1 pièce, 12 m², 2 étages",https://www.seloger.com/annonces/locations/appartement/lille-59/270926725.htm,,2026-08-12
Colocation à louer,493 €,Lille,"1 pièce, 13 m²",https://www.seloger.com/annonce/location/hauts-de-france/nord-59/lille-59000/262ECL4NZRA2,,2026-08-12
Duplex à louer,1 004 €,Première occupation,"Lille - 3 pièces, 2 chambres, 67 m², RDC",https://www.seloger.com/annonces/locations/appartement/lille-59/255547663.htm,,2026-08-12
Appartement à louer,530 €,Lille,"1 pièce, 13 m², Étage 3/3",https://www.seloger.com/annonce/location/hauts-de-france/nord-59/lille-59000/26VF7NFK5M7D,,2026-08-12
Appartement à louer,900 €,Lille,"1 pièce, 35 m², Étage 2/2",https://www.seloger.com/annonces/locations/appartement/lille-59/centre/275049121.htm,,2026-08-12
Appartement à louer,720 €,Lille,"2 pièces, 46,4 m², RDC/1, dès le 17/08/2026",https://www.seloger.com/annonce/location/hauts-de-france/nord-59/lille-59000/26C5T9EVS6PE,,2026-08-12
Appartement à louer,849 €,Lille,"2 pièces, 1 chambre, 50,1 m², Étage 2/6",https://www.seloger.com/annonce/location/hauts-de-france/nord-59/lille-59000/268KV3FTFVFN,,2026-08-12
Colocation à louer,520 €,Lille,"1 pièce, 8 chambres, 9 m², dès le 15/08/2026",https://www.seloger.com/annonce/location/hauts-de-france/nord-59/lille-59000/26VSSVSGW8M3,,2026-08-12
Appartement à louer,850 €,Lille,"2 pièces, 1 chambre, 49,6 m², 1er étage",https://www.seloger.com/annonces/locations/appartement/lille-59/wazemmes/274666773.htm,,2026-08-12
Colocation à louer,560 €,Lille,"6 pièces, 5 chambres, 101 m², 1er étage",https://www.seloger.com/annonce/location/hauts-de-france/nord-59/lille-59000/265L7QSSU3AU,,2026-08-12
Appartement à louer,1 035 €,Lille,"3 pièces, 2 chambres, 77 m², Étage 11/12",https://www.seloger.com/annonces/locations/appartement/lille-59/vauban-esquermes/269554215.htm,,2026-08-12
Studio à louer,660 €,Lille,"1 pièce, 26 m²",https://www.seloger.com/annonces/locations/appartement/lille-59/vauban-esquermes/273903393.htm,,2026-08-12
Appartement à louer,389 €,logement étudiant,"Lille - 1 pièce, 16,5 m², RDC/1, dès le 27/08/2026",https://www.seloger.com/annonce/location/hauts-de-france/nord-59/lille-59000/24WYWE5PDPW7,,2026-08-12
Appartement à louer,846 €,Lille,"2 pièces, 1 chambre, 59,1 m², Étage 4/4",https://www.seloger.com/annonces/locations/appartement/lille-59/271419099.htm,,2026-08-12
Appartement à louer,630 €,Lille,"1 pièce, 18,1 m², RDC/3",https://www.seloger.com/annonces/locations/appartement/lille-59/centre/274020907.htm,,2026-08-12
Appartement à louer,781 €,Lille,"2 pièces, 1 chambre, 37,3 m², 1er étage",https://www.seloger.com/annonces/locations/appartement/lille-59/mont-a-camp-marais/272906933.htm,,2026-08-12
Appartement à louer,550 €,Lille,"1 pièce, 18 m², Étage 4/4, disponible dès maintenant",https://www.seloger.com/annonces/locations/appartement/lille-59/vauban-esquermes/26N1TXNFSBGA.htm,,2026-08-12
Colocation à louer,1 500 €,Lille,"3 pièces, 2 chambres, 68 m², Étage 2/5",https://www.seloger.com/annonces/locations/appartement/lille-59/vieux-lille/26PDC1WUQ8VA.htm,,2026-08-12
Colocation à louer,550 €,Lille,"2 pièces, 7 chambres, 170 m²",https://www.seloger.com/annonces/locations/appartement/lille-59/270926755.htm,,2026-08-12
Appartement à louer,602 €,Lille,"1 pièce, 33 m², RDC, dès le 28/08/2026",https://www.seloger.com/annonce/location/hauts-de-france/nord-59/lille-59000/26PA2DLZLXAE,,2026-08-12
Duplex à louer,470 €,Lille,"1 pièce, 1 chambre, 19,3 m², dès le 16/08/2026",https://www.seloger.com/annonces/locations/appartement/lille-59/275237507.htm,,2026-08-12
Appartement à louer,1 179 €,Lille,"3 pièces, 2 chambres, 100,4 m², RDC",https://www.seloger.com/annonces/locations/appartement/lille-59/vauban-esquermes/274029365.htm,,2026-08-12
Appartement à louer,850 €,Lille,"1 pièce, 32 m², 2 étages",https://www.seloger.com/annonce/location/hauts-de-france/nord-59/lille-59000/26SXWWSYY14P,,2026-08-12
Colocation à louer,1 060 €,Lille,"3 pièces, 2 chambres, 54 m², Étage 1/3",https://www.seloger.com/annonce/location/hauts-de-france/nord-59/lille-59000/26ZPAK5R6AA5,,2026-08-12
Appartement à louer,1 300 €,Lille,"3 pièces, 2 chambres, 88 m², Étage 2/5",https://www.seloger.com/annonces/locations/appartement/lille-59/vauban-esquermes/259512491.htm,,2026-08-12
Maison à louer,3 420 €,Lille,"7 pièces, 6 chambres, 138 m², disponible dès maintenant",https://www.seloger.com/annonce/location/hauts-de-france/nord-59/lille-59000/26P3Y1G7R9JA,,2026-08-12
Appartement à louer,490 €,Lille,"1 pièce, 23 m², 2ème étage",https://www.seloger.com/annonce/location/hauts-de-france/nord-59/lille-59000/26E94LQ2KH84,,2026-08-12
Appartement à louer,1 600 €,Lille,"4 pièces, 3 chambres, 130,9 m², Étage 3/4",https://www.seloger.com/annonce/location/hauts-de-france/nord-59/lille-59000/267BIV79UJXI,,2026-08-12
Appartement à louer,691 €,Lille,"2 pièces, 1 chambre, 41,4 m², 1er étage",https://www.seloger.com/annonce/location/hauts-de-france/nord-59/lille-59000/26K7KDRRZZIN,,2026-08-12
Appartement à louer,900 €,Lille,"2 pièces, 1 chambre, 52,9 m², Étage 2/2",https://www.seloger.com/annonce/location/hauts-de-france/nord-59/lille-59000/26LEKGJ2U4P1,,2026-08-12
Colocation à louer,600 €,Lille,"1 pièce, 2 chambres, 12 m², RDC",https://www.seloger.com/annonce/location/hauts-de-france/nord-59/lille-59000/26UVDZP58H1J,,2026-08-12
Appartement à louer,770 €,Lille,"2 pièces, 1 chambre, 34 m², RDC",https://www.seloger.com/annonces/locations/appartement/lille-59/vauban-esquermes/274762535.htm,,2026-08-12
Appartement à louer,1 896 €,Lille,"3 pièces, 2 chambres, 79 m², 1er étage",https://www.seloger.com/annonces/locations/appartement/lille-59/271417977.htm,,2026-08-12
Appartement à louer,3 300 €,Lille,"5 pièces, 3 chambres, 218,7 m², Étage 1/3",https://www.seloger.com/annonces/locations/appartement/lille-59/vieux-lille/269948115.htm,,2026-08-12
Appartement à louer,1 200 €,Lille,"3 pièces, 2 chambres, 66 m², Étage 4/4",https://www.seloger.com/annonces/locations/appartement/lille-59/centre/262271KBP12A.htm,,2026-08-12
Appartement à louer,790 €,Lille,"2 pièces, 1 chambre, 40,4 m²",https://www.seloger.com/annonces/locations/appartement/lille-59/centre/272294953.htm,,2026-08-12
Appartement à louer,3 036 €,Lille,"4 pièces, 3 chambres, 184,9 m², Étage 5/5",https://www.seloger.com/annonces/locations/appartement/lille-59/265928253.htm,,2026-08-12
Colocation à louer,1 000 €,Lille,"4 pièces, 3 chambres, 62,5 m², Étage 2/2",https://www.seloger.com/annonces/locations/appartement/lille-59/270836511.htm,,2026-08-12
Appartement à louer,929 €,Lille,"2 pièces, 1 chambre, 48 m², Étage 2/4",https://www.seloger.com/annonces/locations/appartement/lille-59/centre/265061193.htm,,2026-08-12
Maison à louer,950 €,Lille,"3 pièces, 2 chambres, 83 m²",https://www.seloger.com/annonce/location/hauts-de-france/nord-59/lille-59000/26SEKFBPJIB1,,2026-08-12
Colocation à louer,400 €,Lille,"12 m², dès le 15/08/2026",https://www.seloger.com/annonce/location/hauts-de-france/nord-59/lille-59000/26KYZ5P6MZDS,,2026-08-12
Appartement à louer,660 €,Lille,"1 pièce, 38,5 m², 3ème étage",https://www.seloger.com/annonce/location/hauts-de-france/nord-59/lille-59000/26JWCP5H2PUJ,,2026-08-12
Appartement à louer,900 €,Lille,"2 pièces, 1 chambre, 44 m², -3ème sous-sol",https://www.seloger.com/annonce/location/hauts-de-france/nord-59/lille-59000/266AHPMYK5TR,,2026-08-12
Appartement à louer,1 075 €,Lille,"3 pièces, 2 chambres, 85,9 m², 1er étage",https://www.seloger.com/annonces/locations/appartement/lille-59/vieux-lille/275152273.htm,,2026-08-12
Appartement à louer,901 €,Lille,"2 pièces, 1 chambre, 48,3 m², RDC",https://www.seloger.com/annonces/locations/appartement/lille-59/centre/264020157.htm,,2026-08-12
Appartement à louer,785 €,Lille,"2 pièces, 1 chambre, 41,2 m², RDC",https://www.seloger.com/annonces/locations/appartement/lille-59/vauban-esquermes/265932035.htm,,2026-08-12
Appartement à louer,621 €,Lille,"1 pièce, 30,3 m², Étage 4/4",https://www.seloger.com/annonces/locations/appartement/lille-59/wazemmes/258597835.htm,,2026-08-12
Appartement à louer,550 €,logement étudiant,"Lille - 2 pièces, 1 chambre, 30 m², RDC",https://www.seloger.com/annonce/location/hauts-de-france/nord-59/lille-59000/26QWJX18QWWY,,2026-08-12
Colocation à louer,594 €,Lille,"16 pièces, 15 chambres, 384 m², RDC",https://www.seloger.com/annonce/location/hauts-de-france/nord-59/lille-59000/2583PT928E8P,,2026-08-12
Appartement à louer,771 €,Lille,"13 pièces, 11 chambres, 260 m², RDC",https://www.seloger.com/annonce/location/hauts-de-france/nord-59/lille-59000/251ZHZQXZW4V,,2026-08-12
Appartement à louer,1 032 €,Lille,"3 pièces, 2 chambres, 74,8 m², RDC/1",https://www.seloger.com/annonce/location/hauts-de-france/nord-59/lille-59000/269EDPQWUQ58,,2026-08-12
Appartement à louer,522 €,Lille,"1 pièce, 16 m², Étage 2/2",https://www.seloger.com/annonce/location/hauts-de-france/nord-59/lille-59000/26LU6TDW3MGH,,2026-08-12
Appartement à louer,494 €,Lille,"1 pièce, 12,7 m², 1 étages",https://www.seloger.com/annonces/locations/appartement/lille-59/caulier/265504723.htm,,2026-08-12
Colocation à louer,580 €,Lille,"1 pièce, 13 m², 2ème étage",https://www.seloger.com/annonces/locations/appartement/lille-59/254911167.htm,,2026-08-12
Colocation à louer,650 €,Lille,"1 pièce, 30 m², Étage 1/4, disponible dès maintenant",https://www.seloger.com/annonces/locations/appartement/lille-59/wazemmes/267MUEP68C5M.htm,,2026-08-12
Colocation à louer,540 €,Lille,"1 pièce, 4 chambres, 21 m², 1er étage",https://www.seloger.com/annonce/location/hauts-de-france/nord-59/lille-59000/26Z9IDWK3A8I,,2026-08-12
Appartement à louer,1 200 €,Lille,"3 pièces, 2 chambres, 65,6 m², Étage 2/2",https://www.seloger.com/wl-cdp/26CDZVAZ1GKW,,2026-08-12
Maison à louer,2 001 €,Lille,"4 pièces, 2 chambres, 100 m², dès le 08/09/2026",https://www.seloger.com/annonces/locations/maison/lille-59/vieux-lille/26UK321DLU2M.htm,,2026-08-12
Colocation à louer,472 €,Lille,"1 pièce, 3 chambres, 12 m², RDC",https://www.seloger.com/annonces/locations/appartement/lille-59/275282975.htm,,2026-08-12
Appartement à louer,695 €,Lille,"1 pièce, 30 m², RDC, disponible dès maintenant",https://www.seloger.com/annonce/location/hauts-de-france/nord-59/lille-59000/26Z9LE6C52SM,,2026-08-12
Duplex à louer,1 784 €,Lille,"5 pièces, 4 chambres, 144 m², 9ème étage",https://www.seloger.com/annonces/locations/appartement/lille-59/centre/274666729.htm,,2026-08-12
Colocation à louer,670 €,Lille,"1 pièce, 1 chambre, 14 m², 2ème étage",https://www.seloger.com/annonce/location/hauts-de-france/nord-59/lille-59000/26T9H696BQ9H,,2026-08-12
Colocation à louer,520 €,Lille,"1 pièce, 2 chambres, 9 m², 3ème étage",https://www.seloger.com/annonces/locations/appartement/lomme-59/261052275.htm,,2026-08-12
Appartement à louer,635 €,Lille,"1 pièce, Étage 1/4",https://www.seloger.com/annonces/locations/appartement/lille-59/centre/267925659.htm,,2026-08-12
Appartement à louer,460 €,Lille,"1 pièce, 14 m², 1er étage, disponible dès maintenant",https://www.seloger.com/annonce/location/hauts-de-france/nord-59/lille-59000/26AAZXE1W4VF,,2026-08-12
Appartement à louer,800 €,logement étudiant,"Lille - 2 pièces, 1 chambre, 46 m², 3ème étage",https://www.seloger.com/annonce/location/hauts-de-france/nord-59/lille-59000/26JUU4LI86W6,,2026-08-12
Appartement à louer,495 €,Lille,"1 pièce, 14,7 m², Étage 1/2",https://www.seloger.com/annonce/location/hauts-de-france/nord-59/lille-59000/269JXDBD8NAC,,2026-08-12
Colocation à louer,480 €,Lille,"1 pièce, 4 chambres, 11 m², 1er étage",https://www.seloger.com/annonce/location/hauts-de-france/nord-59/lille-59000/26JZJ5WZSKIY,,2026-08-12
Studio à louer,613 €,Lille,"1 pièce, 18 m²",https://www.seloger.com/annonce/location/hauts-de-france/nord-59/lille-59000/26UTB2BVDR8X,,2026-08-12
Appartement à louer,773 €,Lille,"3 pièces, 2 chambres, 42,4 m², Étage 1/3",https://www.seloger.com/annonces/locations/appartement/lille-59/vauban-esquermes/270287057.htm,,2026-08-12
Colocation à louer,590 €,Lille,"12 m², Étage 3/4, disponible dès maintenant",https://www.seloger.com/annonces/locations/appartement/lille-59/vauban-esquermes/269L2S22BPVT.htm,,2026-08-12
Appartement à louer,442 €,logement étudiant,"Lille - 1 pièce, 19 m², 1er étage",https://www.seloger.com/annonces/locations/appartement/lille-59/wazemmes/274670547.htm,,2026-08-12
Maison à louer,497 €,Lille,"5 pièces, 84 m², disponible dès maintenant",https://www.seloger.com/annonces/locations/maison/lille-59/moulins/263RQ1DUDSCG.htm,,2026-08-12
Colocation à louer,490 €,Lille,"4 pièces, 3 chambres, 54 m², Étage 2/2",https://www.seloger.com/annonces/locations/appartement/lille-59/faubourg-de-bethune-concorde/26WGZITI6PCL.htm,,2026-08-12
Appartement à louer,735 €,Lille,"2 pièces, 1 chambre, 52,2 m², 3ème étage",https://www.seloger.com/annonce/location/hauts-de-france/nord-59/lille-59000/2699M4REPKFX,,2026-08-12
Maison à louer,450 €,Lille,"1 pièce, 1 chambre, 20 m²",https://www.seloger.com/annonce/location/hauts-de-france/nord-59/lille-59000/26LMHE3HGLAV,,2026-08-12
Appartement à louer,870 €,Lille,"2 pièces, 47 m², 12ème étage",https://www.seloger.com/annonces/locations/appartement/lille-59/caulier/276408645.htm,,2026-08-12
Appartement à louer,925 €,Lille,"3 pièces, 2 chambres, 69,6 m², 2ème étage",https://www.seloger.com/annonce/location/hauts-de-france/nord-59/lille-59000/26P3ARKA8G4Y,,2026-08-12
Appartement à louer,395 €,logement étudiant,"Lille - 1 pièce, 17,6 m², Étage 1/3, dès le 24/08/2026",https://www.seloger.com/annonce/location/hauts-de-france/nord-59/lille-59000/26896T3FGP3K,,2026-08-12
Appartement à louer,1 290 €,Lille,"4 pièces, 3 chambres, 99,2 m², 4ème étage",https://www.seloger.com/annonces/locations/appartement/lille-59/273899965.htm,,2026-08-12
Colocation à louer,450 €,Lille,"1 pièce, 6 chambres, 9 m², disponible dès maintenant",https://www.seloger.com/annonce/location/hauts-de-france/nord-59/lille-59000/26ITRMZMG4TQ,,2026-08-12
Appartement à louer,687 €,Lille,"1 pièce, 31,5 m², Étage 2/6",https://www.seloger.com/annonces/locations/appartement/lille-59/centre/267803493.htm,,2026-08-12
Colocation à louer,465 €,Lille,"2 pièces, 5 chambres, 1er étage",https://www.seloger.com/wl-cdp/2682Q3278DTL,,2026-08-12
Appartement à louer,550 €,Lille,"1 pièce, 18 m², Étage 12/12, disponible dès maintenant",https://www.seloger.com/annonces/locations/appartement/lille-59/centre/26V8N2TH9MZX.htm,,2026-08-12
Colocation à louer,490 €,Lille,"5 pièces, 4 chambres, 105 m², disponible dès maintenant",https://www.seloger.com/annonces/locations/appartement/lille-59/caulier/269J6G96RTVZ.htm,,2026-08-12
Colocation à louer,450 €,Lille,"1 pièce, 15 m², 1er étage, dès le 20/08/2026",https://www.seloger.com/annonce/location/hauts-de-france/nord-59/lille-59000/26PB3IEIKZUW,,2026-08-12
Colocation à louer,445 €,Lille,"1 pièce, 15 m², 1er étage, dès le 20/08/2026",https://www.seloger.com/annonce/location/hauts-de-france/nord-59/lille-59000/26EYN57TT34H,,2026-08-12
Appartement à louer,560 €,Lille,"1 pièce, 13 m², Étage 2/2",https://www.seloger.com/annonces/locations/appartement/lille-59/fives/274585733.htm,,2026-08-12
Colocation à louer,1 600 €,Lille,"5 pièces, 4 chambres, 130 m², 4ème étage",https://www.seloger.com/annonce/location/hauts-de-france/nord-59/lille-59000/26WB8W6L2PBX,,2026-08-12
Appartement à louer,1 900 €,Lille,"2 pièces, 45 m², 4ème étage, disponible dès maintenant",https://www.seloger.com/annonce/location/hauts-de-france/nord-59/lille-59000/26CDFYV2J1BN,,2026-08-12
Appartement à louer,998 €,Lille,"2 pièces, 1 chambre, 39 m²",https://www.seloger.com/annonce/location/hauts-de-france/nord-59/lille-59000/266I43SS4VI2,,2026-08-12
Appartement à louer,770 €,Lille,"2 pièces, 1 chambre, 41,1 m², Étage 1/1",https://www.seloger.com/annonce/location/hauts-de-france/nord-59/lille-59000/26ATWM192GMJ,,2026-08-12
Colocation à louer,480 €,Lille,"7 pièces, 6 chambres, 125 m², RDC",https://www.seloger.com/annonce/location/hauts-de-france/nord-59/lille-59000/26LLWIP2HHNY,,2026-08-12
Duplex à louer,1 840 €,Lille,"4 pièces, 2 chambres, 82 m², Étage 2/2",https://www.seloger.com/annonces/locations/appartement/lille-59/271432071.htm,,2026-08-12
Colocation à louer,437 €,Lille,"1 pièce, 27,6 m², RDC",https://www.seloger.com/annonces/locations/appartement/lille-59/hellemmes-epine-mont-de-terre/274442311.htm,,2026-08-12
Appartement à louer,430 €,Lille,"1 pièce, 18,9 m², Étage 1/2",https://www.seloger.com/annonces/locations/appartement/lille-59/saint-maurice-pellevoisin/268823873.htm,,2026-08-12
Maison à louer,540 €,Lille,"6 pièces, 5 chambres, 145 m², 330 m² de terrain",https://www.seloger.com/annonces/locations/maison/lille-59/caulier/26IA84JJ2CVB.htm,,2026-08-12
Duplex à louer,730 €,Lille,"2 pièces, 1 chambre, 46 m², Étage 3/4",https://www.seloger.com/annonces/locations/appartement/lille-59/centre/264688941.htm,,2026-08-12
Colocation à louer,440 €,Lille,"1 pièce, 15 m², 2ème étage, dès le 20/08/2026",https://www.seloger.com/annonce/location/hauts-de-france/nord-59/lille-59000/26CEVQPC2L6G,,2026-08-12
Colocation à louer,440 €,Lille,"1 pièce, 15 m², 2ème étage, dès le 20/08/2026",https://www.seloger.com/annonce/location/hauts-de-france/nord-59/lille-59000/26YGR3BAL7G2,,2026-08-12
Colocation à louer,440 €,Lille,"1 pièce, 15 m², 2ème étage, dès le 20/08/2026",https://www.seloger.com/annonce/location/hauts-de-france/nord-59/lille-59000/266NAPXUJVSK,,2026-08-12
Colocation à louer,495 €,Lille,"1 pièce, 15 m², 1er étage, dès le 20/08/2026",https://www.seloger.com/annonces/locations/appartement/lille-59/vauban-esquermes/268319327.htm,,2026-08-12
Colocation à louer,495 €,Lille,"1 pièce, 15 m², 1er étage, dès le 20/08/2026",https://www.seloger.com/annonces/locations/appartement/lille-59/vauban-esquermes/268319325.htm,,2026-08-12
Appartement à louer,708 €,Lille,"1 pièce, 24,8 m², RDC/3",https://www.seloger.com/annonces/locations/appartement/lille-59/centre/276092119.htm,,2026-08-12
Appartement à louer,448 €,Lille,"1 pièce, 18,2 m², RDC",https://www.seloger.com/annonce/location/hauts-de-france/nord-59/lille-59000/26SN3HIAJ3MF,,2026-08-12
Appartement à louer,780 €,Lille,"2 pièces, 1 chambre, 54,6 m², Étage 3/3",https://www.seloger.com/annonces/locations/appartement/lille-59/moulins/273821565.htm,,2026-08-12
Colocation à louer,540 €,Lille,"1 pièce, 21 m², Étage 1/2",https://www.seloger.com/annonces/locations/appartement/lille-59/wazemmes/274763157.htm,,2026-08-12
Appartement à louer,950 €,Lille,"3 pièces, 2 chambres, 48 m², RDC",https://www.seloger.com/annonce/location/hauts-de-france/nord-59/lille-59000/26HHQ11UKXCB,,2026-08-12
Maison à louer,500 €,Lille,"7 pièces, 135 m², disponible dès maintenant",https://www.seloger.com/annonces/locations/maison/lille-59/caulier/26Q1HI3B5BLW.htm,,2026-08-12
Appartement à louer,490 €,Lille,"1 pièce, 26,3 m², RDC/3",https://www.seloger.com/annonces/locations/appartement/lille-59/centre/266650397.htm,,2026-08-12
Appartement à louer,453 €,Lille,"2 pièces, 1 chambre, 28,5 m², 1er étage",https://www.seloger.com/annonces/locations/appartement/lille-59/caulier/265322753.htm,,2026-08-12
Duplex à louer,655 €,Lille,"2 pièces, 1 chambre, 35,4 m², RDC",https://www.seloger.com/annonces/locations/appartement/lille-59/vieux-lille/265264467.htm,,2026-08-12
Colocation à louer,450 €,Lille,"1 pièce, 15 m², dès le 20/08/2026",https://www.seloger.com/annonce/location/hauts-de-france/nord-59/lille-59000/26SDYDQ6SFK3,,2026-08-12
Colocation à louer,440 €,Lille,"1 pièce, 15 m², dès le 20/08/2026",https://www.seloger.com/annonce/location/hauts-de-france/nord-59/lille-59000/262MZNISTRM5,,2026-08-12
Colocation à louer,425 €,Lille,"1 pièce, 15 m², dès le 20/08/2026",https://www.seloger.com/annonce/location/hauts-de-france/nord-59/lille-59000/26W6M3MS1LSP,,2026-08-12
Colocation à louer,450 €,Lille,"1 pièce, 15 m², dès le 20/08/2026",https://www.seloger.com/annonce/location/hauts-de-france/nord-59/lille-59000/26GJWIRU4Z35,,2026-08-12
Colocation à louer,485 €,Lille,"1 pièce, 15 m², dès le 20/08/2026",https://www.seloger.com/annonce/location/hauts-de-france/nord-59/lille-59000/26K1ARN52NCG,,2026-08-12
Colocation à louer,440 €,Lille,"1 pièce, 15 m², dès le 20/08/2026",https://www.seloger.com/annonce/location/hauts-de-france/nord-59/lille-59000/268BD2JXWJBV,,2026-08-12
Colocation à louer,440 €,Lille,"1 pièce, 15 m², dès le 20/08/2026",https://www.seloger.com/annonces/locations/appartement/lille-59/saint-maurice-pellevoisin/268319877.htm,,2026-08-12
Colocation à louer,1 300 €,Lille,"5 pièces, 4 chambres, 85 m², 2ème étage",https://www.seloger.com/annonces/locations/appartement/lille-59/centre/270792377.htm,,2026-08-12
Appartement à louer,830 €,Lille,"2 pièces, 1 chambre, 25 m², RDC",https://www.seloger.com/annonces/locations/appartement/lille-59/276115239.htm,,2026-08-12
Appartement à louer,1 000 €,Lille,"3 pièces, 2 chambres, 73,5 m², Étage 3/4",https://www.seloger.com/annonces/locations/appartement/lille-59/wazemmes/275307577.htm,,2026-08-12
Colocation à louer,550 €,Lille,"1 pièce, 17 m², Étage 1/2",https://www.seloger.com/annonces/locations/appartement/lille-59/wazemmes/274763159.htm,,2026-08-12
Appartement à louer,980 €,Lille,"3 pièces, 2 chambres, 58 m², 1er étage",https://www.seloger.com/annonces/locations/appartement/lille-59/270835359.htm,,2026-08-12
Appartement à louer,1 378 €,Lille,"4 pièces, 3 chambres, 113 m²",https://www.seloger.com/annonce/location/hauts-de-france/nord-59/lille-59000/26K1UPGJEJKJ,,2026-08-12
Appartement à louer,1 172 €,Lille,"4 pièces, 3 chambres, 92 m², Étage 10/12",https://www.seloger.com/annonces/locations/appartement/lille-59/271772201.htm,,2026-08-12
Maison à louer,470 €,Lille,"7 pièces, 5 chambres, 126 m², disponible dès maintenant",https://www.seloger.com/annonces/locations/maison/lille-59/caulier/26NU9SMHGJFM.htm,,2026-08-12
Appartement à louer,926 €,Lille,"3 pièces, 2 chambres, 61,7 m², RDC/2",https://www.seloger.com/annonce/location/hauts-de-france/nord-59/lille-59000/26HBVNNFCUYJ,,2026-08-12
Appartement à louer,469 €,Lille,"1 pièce, 22,1 m², RDC",https://www.seloger.com/annonces/locations/appartement/lille-59/centre/273920643.htm,,2026-08-12
Maison à louer,910 €,Lille,"2 pièces, 2 chambres, 66 m², 40 m² de terrain",https://www.seloger.com/annonces/locations/maison/lille-59/246954145.htm,,2026-08-12
Appartement à louer,574 €,Lille,"1 pièce, 30,2 m², dès le 14/08/2026",https://www.seloger.com/annonces/locations/appartement/lille-59/276164063.htm,,2026-08-12
Studio à louer,620 €,Lille,"1 pièce, 30 m²",https://www.seloger.com/annonces/locations/appartement/lille-59/275575853.htm,,2026-08-12
Appartement à louer,690 €,logement étudiant,"Lille - 1 pièce, 38 m², RDC",https://www.seloger.com/annonce/location/hauts-de-france/nord-59/lille-59000/266T5XUL3U6S,,2026-08-12
Duplex à louer,699 €,Lille,"2 pièces, 1 chambre, 36 m², Étage 2/2",https://www.seloger.com/annonces/locations/appartement/lille-59/273394121.htm,,2026-08-12
Duplex à louer,457 €,Lille,"4 pièces, 3 chambres, Étage 3/3",https://www.seloger.com/annonces/locations/appartement/lille-59/271018701.htm,,2026-08-12
Appartement à louer,910 €,Lille,"3 pièces, 2 chambres, 46,2 m², RDC",https://www.seloger.com/annonce/location/hauts-de-france/nord-59/lille-59000/26HNPEUTHDE6,,2026-08-12
Appartement à louer,995 €,Lille,"3 pièces, 2 chambres, 58,7 m², Étage 1/4",https://www.seloger.com/annonce/location/hauts-de-france/nord-59/lille-59000/265KCEKVUALS,,2026-08-12
Appartement à louer,824 €,Lille,"2 pièces, 50 m², Étage 6/7",https://www.seloger.com/annonces/locations/appartement/lille-59/centre/273900325.htm,,2026-08-12
Appartement à louer,430 €,Lille,"1 pièce, 13,9 m², 2ème étage",https://www.seloger.com/annonces/locations/appartement/lille-59/wazemmes/271793041.htm,,2026-08-12
Appartement à louer,1 515 €,Lille,"5 pièces, 4 chambres, 96,6 m², RDC",https://www.seloger.com/annonces/locations/appartement/lille-59/moulins/272188571.htm,,2026-08-12
Colocation à louer,440 €,Lille,"1 pièce, 12,5 m², RDC",https://www.seloger.com/annonces/locations/appartement/lille-59/moulins/273858281.htm,,2026-08-12
Maison à louer,1 105 €,Lille,"3 pièces, 2 chambres, 84 m², disponible dès maintenant",https://www.seloger.com/annonces/locations/maison/lille-59/bois-blanc/26URYWJ7PHIH.htm,,2026-08-12
Appartement à louer,1 100 €,Lille,"3 pièces, 2 chambres, 68,1 m², 1er étage",https://www.seloger.com/annonces/locations/appartement/lille-59/centre/256303409.htm,,2026-08-12
Colocation à louer,550 €,Lille,"1 pièce, 4 chambres, 15 m², 2ème étage",https://www.seloger.com/annonce/location/hauts-de-france/nord-59/lille-59000/26UGVYCMC8S3,,2026-08-12
Appartement à louer,849 €,Lille,"2 pièces, 1 chambre, 37 m²",https://www.seloger.com/annonces/locations/appartement/lille-59/moulins/26V9Y1KW6XW9.htm,,2026-08-12
Appartement à louer,700 €,Lille,"2 pièces, 1 chambre, 29 m², 1er étage",https://www.seloger.com/annonce/location/hauts-de-france/nord-59/lille-59000/26IZUGP8A3GD,,2026-08-12
Appartement à louer,700 €,logement étudiant,"Lille - 2 pièces, 1 chambre, 32,4 m², Étage 2/3",https://www.seloger.com/annonces/locations/appartement/lille-59/wazemmes/275779563.htm,,2026-08-12
Colocation à louer,650 €,Lille,"15 m², Étage 2/3, disponible dès maintenant",https://www.seloger.com/annonces/locations/appartement/lille-59/vauban-esquermes/26GHFF546GQT.htm,,2026-08-12
Colocation à louer,1 080 €,Lille,"3 pièces, 2 chambres, 50 m², Étage 2/4",https://www.seloger.com/annonces/locations/appartement/lille-59/vieux-lille/268GY99UE3JD.htm,,2026-08-12
Colocation à louer,1 160 €,Lille,"3 pièces, 2 chambres, 50 m², Étage 1/4",https://www.seloger.com/annonce/location/hauts-de-france/nord-59/lille-59000/261WT6HFEBJ5,,2026-08-12
Appartement à louer,580 €,Lille,"1 pièce, 27,4 m², Étage 2/3",https://www.seloger.com/annonces/locations/appartement/lille-59/wazemmes/267651285.htm,,2026-08-12
Appartement à louer,1 945 €,Lille,"4 pièces, 3 chambres, 95 m², Étage 4/4",https://www.seloger.com/annonce/location/hauts-de-france/nord-59/lille-59000/265ZP5IA9L4V,,2026-08-12
Appartement à louer,725 €,Lille,"1 pièce, 27,2 m², RDC/3",https://www.seloger.com/annonce/location/hauts-de-france/nord-59/lille-59000/26JAR6DX24DK,,2026-08-12
Appartement à louer,750 €,Lille,"2 pièces, 1 chambre, 58,3 m², RDC",https://www.seloger.com/annonces/locations/appartement/lille-59/moulins/271181163.htm,,2026-08-12
Colocation à louer,435 €,Lille,"1 pièce, 27,9 m², RDC",https://www.seloger.com/annonces/locations/appartement/lille-59/hellemmes-epine-mont-de-terre/263865819.htm,,2026-08-12
Appartement à louer,430 €,Lille,"1 pièce, 21,8 m², Étage 4/5",https://www.seloger.com/annonces/locations/appartement/lille-59/centre/260930733.htm,,2026-08-12
Appartement à louer,655 €,Lille,"1 pièce, 26,8 m², 4ème étage",https://www.seloger.com/annonces/locations/appartement/lille-59/centre/267153535.htm,,2026-08-12
Appartement à louer,800 €,Lille,"1 pièce, 33 m², Étage 6/10, dès le 01/09/2026",https://www.seloger.com/annonces/locations/appartement/lille-59/saint-maurice-pellevoisin/26UDK94P74HR.htm,,2026-08-12
Appartement à louer,622 €,Lille,"2 pièces, 1 chambre, 42,4 m², Étage 3/5",https://www.seloger.com/annonces/locations/appartement/lille-59/276188301.htm,,2026-08-12
Studio à louer,620 €,Lille,"1 pièce, 32 m²",https://www.seloger.com/wl-cdp/26NDCMPUEL5I,,2026-08-12
Appartement à louer,612 €,logement étudiant,"Lille - 1 pièce, 25 m², 1er étage",https://www.seloger.com/annonces/locations/appartement/lille-59/vauban-esquermes/262720745.htm,,2026-08-12
Appartement à louer,490 €,Lille,"1 pièce, 25,9 m², RDC/2",https://www.seloger.com/annonces/locations/appartement/lille-59/centre/265932029.htm,,2026-08-12
Appartement à louer,569 €,Lille,"1 pièce, 18,9 m², 2ème étage",https://www.seloger.com/annonces/locations/appartement/lille-59/vauban-esquermes/265932033.htm,,2026-08-12
Appartement à louer,631 €,Lille,"1 pièce, 23,9 m², 3ème étage",https://www.seloger.com/annonces/locations/appartement/lille-59/centre/260035663.htm,,2026-08-12
Studio à louer,528 €,Lille,"1 pièce, 21 m², RDC/2",https://www.seloger.com/annonces/locations/appartement/lille-59/wazemmes/273394133.htm,,2026-08-12
Appartement à louer,629 €,Lille,"2 pièces, 1 chambre, 28,7 m², 1er étage",https://www.seloger.com/annonces/locations/appartement/lille-59/wazemmes/269481045.htm,,2026-08-12
Colocation à louer,495 €,Lille,"1 pièce, 2 chambres, 10 m², 1er étage",https://www.seloger.com/annonces/locations/appartement/lille-59/lille-sud/259346383.htm,,2026-08-12
Studio à louer,550 €,Lille,"1 pièce, 12 m²",https://www.seloger.com/annonce/location/hauts-de-france/nord-59/lille-59000/2694UHMSBGK7,,2026-08-12
Colocation à louer,1 650 €,Lille,"4 pièces, 3 chambres, 110 m², Étage 3/3",https://www.seloger.com/annonce/location/hauts-de-france/nord-59/lille-59000/26CC5WDG281C,,2026-08-12
Colocation à louer,500 €,Lille,"1 pièce, 2 chambres, 11 m², dès le 15/08/2026",https://www.seloger.com/annonces/locations/appartement/lille-59/wazemmes/270998727.htm,,2026-08-12
Appartement à louer,1 370 €,Lille,"5 pièces, 2 chambres, 87,4 m², Étage 1/4",https://www.seloger.com/annonces/locations/appartement/lille-59/252610335.htm,,2026-08-12
Appartement à louer,800 €,Lille,"2 pièces, 1 chambre, 42,9 m², RDC",https://www.seloger.com/annonce/location/hauts-de-france/nord-59/lille-59000/26634NHMCTQ6,,2026-08-12
Appartement à louer,460 €,logement étudiant,"Lille - 1 pièce, 22 m², RDC",https://www.seloger.com/annonce/location/hauts-de-france/nord-59/lille-59000/269Q69JI718P,,2026-08-12
Colocation à louer,500 €,Lille,"6 pièces, 5 chambres, 116,8 m², Étage 1/2",https://www.seloger.com/annonces/locations/appartement/lille-59/270836507.htm,,2026-08-12
Colocation à louer,650 €,Lille,"9 pièces, 1 chambre, 14 m²",https://www.seloger.com/annonces/locations/appartement/lille-59/275673153.htm,,2026-08-12
Appartement à louer,650 €,Lille,"3 pièces, 2 chambres, 38 m²",https://www.seloger.com/annonces/locations/appartement/lille-59/vauban-esquermes/273371125.htm,,2026-08-12
Appartement à louer,610 €,Lille,"2 pièces, 1 chambre, 26 m²",https://www.seloger.com/annonces/locations/appartement/lille-59/vauban-esquermes/273364877.htm,,2026-08-12
Appartement à louer,800 €,Lille,"2 pièces, 1 chambre, 55 m²",https://www.seloger.com/annonces/locations/appartement/lille-59/274354223.htm,,2026-08-12
Appartement à louer,626 €,Lille,"1 pièce, 18,7 m², 3ème étage",https://www.seloger.com/annonces/locations/appartement/lille-59/vauban-esquermes/272286101.htm,,2026-08-12
Appartement à louer,750 €,Lille,"7 pièces, 6 chambres, 200 m², RDC/2",https://www.seloger.com/annonces/locations/appartement/lille-59/266036365.htm,,2026-08-12
Appartement à louer,1 120 €,Lille,"2 pièces, 1 chambre, 68 m², Étage 5/7",https://www.seloger.com/annonces/locations/appartement/lille-59/centre/269NIUNYZDCQ.htm,,2026-08-12
Appartement à louer,570 €,Lille,"1 pièce, 25 m²",https://www.seloger.com/annonces/locations/appartement/lille-59/wazemmes/272259811.htm,,2026-08-12
Appartement à louer,700 €,Lille,"1 pièce, 15,7 m², 1er étage",https://www.seloger.com/annonces/locations/appartement/lille-59/centre/252116061.htm,,2026-08-12
Colocation à louer,450 €,Lille,"115 m², RDC/1, disponible dès maintenant",https://www.seloger.com/annonce/location/hauts-de-france/nord-59/lille-59000/26Z1YLZRYHJD,,2026-08-12
Colocation à louer,450 €,Lille,"4 pièces, 3 chambres, 62,5 m², 2ème étage",https://www.seloger.com/annonces/locations/appartement/lille-59/273286267.htm,,2026-08-12
Studio à louer,640 €,Lille,"1 pièce, 33 m², 2ème étage",https://www.seloger.com/annonce/location/hauts-de-france/nord-59/lille-59000/26LB67P6P6XD,,2026-08-12
Appartement à louer,591 €,Lille,"2 pièces, 1 chambre, 33,8 m², Étage 3/3",https://www.seloger.com/annonces/locations/appartement/lille-59/centre/262909479.htm,,2026-08-12
Appartement à louer,630 €,Lille,"1 pièce, 12,6 m², Étage 2/2",https://www.seloger.com/annonces/locations/appartement/lille-59/centre/266670901.htm,,2026-08-12
Appartement à louer,400 €,Lille,"1 pièce, 10 m², Étage 2/2",https://www.seloger.com/annonces/locations/appartement/lille-59/moulins/268436757.htm,,2026-08-12
Appartement à louer,850 €,Lille,"2 pièces, 1 chambre, 38 m²",https://www.seloger.com/annonces/locations/appartement/lille-59/vauban-esquermes/273364525.htm,,2026-08-12
Appartement à louer,1 420 €,Lille,"3 pièces, 2 chambres, 92 m²",https://www.seloger.com/annonces/locations/appartement/lille-59/273364813.htm,,2026-08-12
Appartement à louer,520 €,Lille,"1 pièce, 25 m², 1er étage",https://www.seloger.com/annonces/locations/appartement/lille-59/264680155.htm,,2026-08-12
Appartement à louer,1 271 €,Lille,"4 pièces, 3 chambres, 81,7 m², RDC",https://www.seloger.com/annonces/locations/appartement/lille-59/centre/266234355.htm,,2026-08-12
Appartement à louer,694 €,Lille,"3 pièces, 65,1 m²",https://www.seloger.com/annonce/location/hauts-de-france/nord-59/lille-59000/26YU1U5HPG3Q,,2026-08-12
Appartement à louer,1 644 €,Lille,"4 pièces, 3 chambres, 107,6 m², 3ème étage",https://www.seloger.com/annonces/locations/appartement/lille-59/wazemmes/274891641.htm,,2026-08-12
Appartement à louer,995 €,Lille,"2 pièces, 1 chambre, 52,1 m², Étage 2/3",https://www.seloger.com/annonces/locations/appartement/lille-59/273946605.htm,,2026-08-12
Maison à louer,938 €,Lille,"3 pièces, 2 chambres, 59 m²",https://www.seloger.com/annonces/locations/maison/lille-59/wazemmes/274465429.htm,,2026-08-12
Colocation à louer,1 990 €,Lille,"6 pièces, 5 chambres, 127,3 m², RDC",https://www.seloger.com/annonces/locations/appartement/lille-59/vauban-esquermes/272722503.htm,,2026-08-12
Appartement à louer,660 €,Lille,"1 pièce, 25 m²",https://www.seloger.com/annonces/locations/appartement/lille-59/vauban-esquermes/273577457.htm,,2026-08-12
Maison à louer,520 €,Lille,"7 pièces, 5 chambres, 100 m², 40 m² de terrain",https://www.seloger.com/annonces/locations/maison/lille-59/lille-sud/223400931.htm,,2026-08-12
Appartement à louer,690 €,Lille,"2 pièces, 1 chambre, 47,7 m², 1er étage",https://www.seloger.com/annonces/locations/appartement/lille-59/hellemmes-centre/256303953.htm,,2026-08-12
Studio à louer,565 €,logement étudiant,"Lille - 1 pièce, 20 m²",https://www.seloger.com/annonce/location/hauts-de-france/nord-59/lille-59000/268GEJQTZB4J,,2026-08-12
Appartement à louer,500 €,Lille,"1 pièce, 19 m², Étage 2/2, disponible dès maintenant",https://www.seloger.com/annonce/location/hauts-de-france/nord-59/lille-59000/26NPM24CVB5P,,2026-08-12
Colocation à louer,500 €,logement étudiant,"Lille - 1 pièce, 1 chambre, 9 m²",https://www.seloger.com/annonce/location/hauts-de-france/nord-59/lille-59000/26JCGZBE1V2J,,2026-08-12
Maison à plusieurs étages à louer,630 €,logement étudiant,"Lille - 1 pièce, 24 m²",https://www.seloger.com/annonces/locations/appartement/lille-59/lille-sud/234566735.htm,,2026-08-12
Studio à louer,459 €,Lille,"1 pièce, 18 m²",https://www.seloger.com/annonces/locations/appartement/lille-59/vauban-esquermes/273370949.htm,,2026-08-12
Studio à louer,590 €,Lille,"1 pièce, 17 m²",https://www.seloger.com/annonces/locations/appartement/lille-59/vauban-esquermes/273367415.htm,,2026-08-12
Colocation à louer,480 €,Lille,"1 pièce, 1 chambre, 9 m², RDC",https://www.seloger.com/annonce/location/hauts-de-france/nord-59/lille-59000/262G4GBEN8F9,,2026-08-12
Colocation à louer,552 €,Lille,"10 pièces, 9 chambres, 14,1 m², RDC",https://www.seloger.com/annonce/location/hauts-de-france/nord-59/lille-59000/269UGCPC9APH,,2026-08-12
Colocation à louer,600 €,Lille,"7 pièces, 1 chambre, 258 m², RDC",https://www.seloger.com/annonces/locations/appartement/lille-59/266036091.htm,,2026-08-12
Appartement à louer,895 €,Lille,"3 pièces, 2 chambres, 64 m², RDC/4",https://www.seloger.com/annonces/locations/appartement/lille-59/269612347.htm,,2026-08-12
Studio à louer,604 €,Lille,"1 pièce, 29 m²",https://www.seloger.com/annonces/locations/appartement/lille-59/vauban-esquermes/273371649.htm,,2026-08-12
Colocation à louer,625 €,Lille,"1 pièce, 16 m², 1er étage",https://www.seloger.com/annonces/locations/appartement/lille-59/263344651.htm,,2026-08-12
Appartement à louer,1 411 €,Lille,"3 pièces, 2 chambres, 85 m², Étage 1/2",https://www.seloger.com/annonces/locations/appartement/lille-59/centre/268JUEZZZHSC.htm,,2026-08-12
Appartement à louer,640 €,Lille,"1 pièce, 30 m², RDC/3, disponible dès maintenant",https://www.seloger.com/annonces/locations/appartement/lille-59/vieux-lille/268FK9H4F9KI.htm,,2026-08-12
Colocation à louer,450 €,Lille,"12 m², disponible dès maintenant",https://www.seloger.com/annonce/location/hauts-de-france/nord-59/lille-59000/26L6RFPZDBBF,,2026-08-12
Studio à louer,710 €,Lille,"1 pièce, 37 m²",https://www.seloger.com/wl-cdp/26YGEC4N2BWT,,2026-08-12
Colocation à louer,480 €,Lille,"1 pièce, 15 m², dès le 29/08/2026",https://www.seloger.com/annonce/location/hauts-de-france/nord-59/lille-59000/26DRNL6K1NET,,2026-08-12
Appartement à louer,500 €,Lille,"1 pièce, 18 m², 2ème étage",https://www.seloger.com/annonces/locations/appartement/lille-59/267819845.htm,,2026-08-12
Maison à louer,590 €,Lille,"5 pièces, 3 chambres, 75 m², disponible dès maintenant",https://www.seloger.com/annonces/locations/maison/lille-59/vauban-esquermes/26RK5QVCBNMZ.htm,,2026-08-12
Colocation à louer,480 €,Lille,"12 m², RDC/3, disponible dès maintenant",https://www.seloger.com/annonces/locations/appartement/lille-59/moulins/26SQK9Y2NQPY.htm,,2026-08-12
Colocation à louer,450 €,Lille,12 m²,https://www.seloger.com/annonce/location/hauts-de-france/nord-59/lille-59000/26XTGAESCMHZ,,2026-08-12
Studio à louer,350 €,Lille,"1 pièce, 11 m²",https://www.seloger.com/annonces/locations/appartement/lille-59/vauban-esquermes/273438941.htm,,2026-08-12
Appartement à louer,880 €,Lille,"4 pièces, 1 chambre, 69 m², Étage 1/2",https://www.seloger.com/annonces/locations/appartement/lille-59/wazemmes/26I3JHX8N9K8.htm,,2026-08-12
Appartement à louer,950 €,Lille,"3 pièces, 2 chambres, 63 m²",https://www.seloger.com/annonces/locations/appartement/lille-59/vauban-esquermes/273372105.htm,,2026-08-12
Appartement à louer,670 €,Lille,"3 pièces, 2 chambres, 35 m²",https://www.seloger.com/annonces/locations/appartement/lille-59/vauban-esquermes/273364827.htm,,2026-08-12
Appartement à louer,509 €,Lille,"1 pièce, 10 m², 4 étages, disponible dès maintenant",https://www.seloger.com/annonces/locations/appartement/lille-59/vieux-lille/26CR1AHE157R.htm,,2026-08-12
Colocation à louer,890 €,Lille,"3 pièces, 2 chambres, 55 m², Étage 1/4",https://www.seloger.com/annonces/locations/appartement/lille-59/centre/265W6HDWU3UV.htm,,2026-08-12
Colocation à louer,1 290 €,Lille,"4 pièces, 75 m², RDC",https://www.seloger.com/annonces/locations/appartement/lille-59/wazemmes/265807881.htm,,2026-08-12
Appartement à louer,520 €,Lille,"2 pièces, 1 chambre, 25 m², RDC",https://www.seloger.com/annonce/location/hauts-de-france/nord-59/lille-59000/26RFSR9QI9M6,,2026-08-12
Duplex à louer,780 €,Lille,"3 pièces, 2 chambres, 60 m², Étage 1/2",https://www.seloger.com/annonces/locations/appartement/lomme-59/274472385.htm,,2026-08-12
Appartement à louer,949 €,Lille,"2 pièces, 1 chambre, 44 m²",https://www.seloger.com/annonce/location/hauts-de-france/nord-59/lille-59000/26IX16CWQSC8,,2026-08-12
Appartement à louer,2 608 €,Lille,"4 pièces, 3 chambres, 147,2 m², 2ème étage",https://www.seloger.com/annonces/locations/appartement/lille-59/centre/271763881.htm,,2026-08-12
Appartement à louer,610 €,Lille,"1 pièce, 25 m², RDC",https://www.seloger.com/annonce/location/hauts-de-france/nord-59/lille-59000/269AWYN3ZNQX,,2026-08-12
Appartement à louer,970 €,Lille,"3 pièces, 57 m², Étage 2/2, disponible dès maintenant",https://www.seloger.com/annonces/locations/appartement/lille-59/centre/26BP54QXXIXS.htm,,2026-08-12
Appartement à louer,917 €,Lille,"3 pièces, 2 chambres, 66 m², Étage 1/3",https://www.seloger.com/annonces/locations/appartement/lille-59/273674763.htm,,2026-08-12
Colocation à louer,580 €,Lille,"11 pièces, 10 chambres, 208 m², RDC",https://www.seloger.com/annonces/locations/appartement/lille-59/238272677.htm,,2026-08-12
Studio à louer,550 €,Lille,"1 pièce, 20 m²",https://www.seloger.com/annonces/locations/appartement/lille-59/vauban-esquermes/273365469.htm,,2026-08-12
Appartement à louer,691 €,Lille,"2 chambres, 57,2 m², RDC",https://www.seloger.com/annonces/locations/appartement/lille-59/272596373.htm,,2026-08-12
Appartement à louer,770 €,Lille,"1 pièce, 33 m², 3ème étage",https://www.seloger.com/annonces/locations/appartement/lille-59/vieux-lille/275307557.htm,,2026-08-12
Maison à louer,450 €,Lille,"7 pièces, 6 chambres, 110 m², disponible dès maintenant",https://www.seloger.com/annonces/locations/maison/lille-59/caulier/26MHUICM86W3.htm,,2026-08-12
Colocation à louer,1 001 €,Lille,"4 pièces, 3 chambres, 60 m², 1er étage",https://www.seloger.com/annonce/location/hauts-de-france/nord-59/lille-59000/265KHMZEAQ7U,,2026-08-12
Colocation à louer,460 €,Lille,"13 m², disponible dès maintenant",https://www.seloger.com/annonces/locations/appartement/lille-59/lille-sud/268BRXHKL4T3.htm,,2026-08-12
Appartement à louer,700 €,logement étudiant,"Lille - 1 pièce, 26 m², Étage 2/6",https://www.seloger.com/annonces/locations/appartement/lille-59/224923457.htm,,2026-08-12
Appartement à louer,790 €,Lille,"2 pièces, 1 chambre, 40 m², RDC",https://www.seloger.com/annonces/locations/appartement/lille-59/271484299.htm,,2026-08-12
Appartement à louer,785 €,Lille,"2 pièces, 1 chambre, 41 m², RDC",https://www.seloger.com/annonces/locations/appartement/lille-59/vauban-esquermes/265822127.htm,,2026-08-12
Colocation à louer,1 300 €,Lille,"4 pièces, 3 chambres, 68 m², Étage 3/4",https://www.seloger.com/annonces/locations/appartement/lille-59/vieux-lille/26CPAPBRFPZU.htm,,2026-08-12
Appartement à louer,610 €,Lille,"2 pièces, 1 chambre, 26 m², Étage -3/4",https://www.seloger.com/annonces/locations/appartement/lille-59/caulier/261PKKLL4KSB.htm,,2026-08-12
Appartement à louer,550 €,Lille,"1 pièce, 12,8 m², Étage 1/3",https://www.seloger.com/annonce/location/hauts-de-france/nord-59/lille-59000/26TN2FJZ4R8Q,,2026-08-12
Appartement à louer,715 €,Lille,"2 pièces, 53,7 m², Étage 1/5",https://www.seloger.com/annonces/locations/appartement/lille-59/lille-sud/274100051.htm,,2026-08-12
Studio à louer,390 €,Lille,"1 pièce, 12,3 m², 2 étages",https://www.seloger.com/annonce/location/hauts-de-france/nord-59/lille-59000/269Z6BBVGYH3,,2026-08-12
Colocation à louer,442 €,Lille,"1 pièce, 25 m², disponible dès maintenant",https://www.seloger.com/annonces/locations/appartement/lille-59/caulier/26U2VEN5X8WW.htm,,2026-08-12
Colocation à louer,550 €,Lille,"5 pièces, 1 chambre, 111 m², RDC",https://www.seloger.com/annonces/locations/appartement/lille-59/272128939.htm,,2026-08-12
Appartement à louer,1 518 €,Lille,"4 pièces, 3 chambres, 87 m², RDC/2",https://www.seloger.com/annonces/locations/appartement/lille-59/centre/257WM8YIYELM.htm,,2026-08-12
Appartement à louer,854 €,Lille,"2 pièces, 1 chambre, 50,8 m², 3ème étage",https://www.seloger.com/annonces/locations/appartement/lille-59/274457793.htm,,2026-08-12
Appartement à louer,530 €,logement étudiant,"Lambersart - 1 pièce, 16 m², RDC, dès le 24/08/2026",https://www.seloger.com/annonce/location/hauts-de-france/nord-59/lambersart-59130/26I7BHY834VG,,2026-08-12
Colocation à louer,445 €,Faches-Thumesnil,"1 pièce, 3 chambres, 11 m², 1er étage",https://www.seloger.com/annonces/locations/appartement/faches-thumesnil-59/croisette/259345955.htm,,2026-08-12
Colocation à louer,400 €,Faches-Thumesnil,"1 pièce, 15 m², dès le 20/08/2026",https://www.seloger.com/annonce/location/hauts-de-france/nord-59/faches-thumesnil-59155/269CI27G3B8T,,2026-08-12
Colocation à louer,420 €,Faches-Thumesnil,"1 pièce, 15 m², dès le 20/08/2026",https://www.seloger.com/annonce/location/hauts-de-france/nord-59/faches-thumesnil-59155/26IFFSWSFMQ8,,2026-08-12
Colocation à louer,375 €,Faches-Thumesnil,"1 pièce, 15 m², dès le 20/08/2026",https://www.seloger.com/annonce/location/hauts-de-france/nord-59/faches-thumesnil-59155/26TIPPIGTL6C,,2026-08-12
Maison à louer,550 €,Faches-Thumesnil,"5 pièces, 4 chambres, 128 m², disponible dès maintenant",https://www.seloger.com/annonces/locations/maison/faches-thumesnil-59/croisette/26V6X6CKQ1UL.htm,,2026-08-12
Appartement à louer,880 €,Lambersart,"3 pièces, 2 chambres, 61 m², Étage 1/3",https://www.seloger.com/wl-cdp/26AW1A45UCDR,,2026-08-12
Appartement à louer,947 €,Première occupation,"Lambersart - 3 pièces, 2 chambres, 67 m², Étage 1/4",https://www.seloger.com/wl-cdp/24EDJ4VPBPPT,,2026-08-12
Colocation à louer,470 €,Faches-Thumesnil,"14 m², Étage 2/3, disponible dès maintenant",https://www.seloger.com/annonces/locations/appartement/faches-thumesnil-59/croisette/26FKHYDPFTK4.htm,,2026-08-12
Colocation à louer,450 €,Faches-Thumesnil,"1 pièce, 3 chambres, 13 m², Étage 1/2",https://www.seloger.com/annonce/location/hauts-de-france/nord-59/faches-thumesnil-59155/26N2VKI9EK2M,,2026-08-12
Studio à louer,1 740 €,La Madeleine,"1 pièce, 18 m²",https://www.seloger.com/annonce/location/hauts-de-france/nord-59/la-madeleine-59110/26HSMSKGA9TI,,2026-08-12
Appartement à louer,462 €,Faches-Thumesnil,"2 pièces, 1 chambre, 25 m², 3ème étage",https://www.seloger.com/annonce/location/hauts-de-france/nord-59/faches-thumesnil-59155/26KDGQHD1XHK,,2026-08-12
Appartement à louer,461 €,Faches-Thumesnil,"1 pièce, 25 m², 3ème étage, dès le 10/09/2026",https://www.seloger.com/wl-cdp/26IABELJZDQ8,,2026-08-12
Appartement à louer,538 €,Faches-Thumesnil,"2 pièces, 1 chambre, 38 m², 2ème étage",https://www.seloger.com/annonce/location/hauts-de-france/nord-59/faches-thumesnil-59155/24GRTHLP41Q6,,2026-08-12
Appartement à louer,828 €,La Madeleine,"2 pièces, 1 chambre, 46 m², Étage 4/5",https://www.seloger.com/annonces/locations/appartement/la-madeleine-59/grand-boulevard/274021039.htm,,2026-08-12
Appartement à louer,850 €,La Madeleine,"2 pièces, 1 chambre, 42,9 m², Étage 5/5",https://www.seloger.com/annonces/locations/appartement/la-madeleine-59/grand-boulevard/272340375.htm,,2026-08-12
Appartement à louer,960 €,La Madeleine,"2 pièces, 1 chambre, 43,3 m², Étage 3/4",https://www.seloger.com/annonce/location/hauts-de-france/nord-59/la-madeleine-59110/26MKQEA6434W,,2026-08-12
Maison à louer,850 €,Faches-Thumesnil,"3 pièces, 1 chambre, 47 m², 41 m² de terrain",https://www.seloger.com/annonce/location/hauts-de-france/nord-59/faches-thumesnil-59155/26IVP6EGHYRA,,2026-08-12
Maison de ville à louer,1 400 €,Lambersart,"4 pièces, 3 chambres, 125,5 m², 50 m² de terrain",https://www.seloger.com/annonces/locations/maison/lambersart-59/canteleu-ampere/276127493.htm,,2026-08-12
Studio à louer,500 €,Lambersart,"1 pièce, 19 m²",https://www.seloger.com/annonce/location/hauts-de-france/nord-59/lambersart-59130/26Y57YCFIBD7,,2026-08-12
Colocation à louer,440 €,Lambersart,"1 pièce, 15 m², dès le 20/08/2026",https://www.seloger.com/annonce/location/hauts-de-france/nord-59/lambersart-59130/26J8E2JDZR68,,2026-08-12
Appartement à louer,1 500 €,La Madeleine,"1 pièce, 1 chambre, 55 m², dès le 07/09/2026",https://www.seloger.com/annonces/locations/appartement/la-madeleine-59/grand-boulevard/268412229.htm,,2026-08-12
Colocation à louer,450 €,Lambersart,"1 pièce, 15 m², dès le 20/08/2026",https://www.seloger.com/annonce/location/hauts-de-france/nord-59/lambersart-59130/267CSEBYSI2T,,2026-08-12
Colocation à louer,450 €,Lambersart,"1 pièce, 15 m², dès le 20/08/2026",https://www.seloger.com/annonce/location/hauts-de-france/nord-59/lambersart-59130/26ZL9G8DQ236,,2026-08-12
Maison à louer,1 450 €,Lambersart,"5 pièces, 4 chambres, 100 m², disponible dès maintenant",https://www.seloger.com/annonces/locations/maison/lambersart-59/canteleu-ampere/26VCVBDX75Z3.htm,,2026-08-12
Appartement à louer,1 002 €,Première occupation,"La Madeleine - 3 pièces, 2 chambres, 60,7 m², 1er étage",https://www.seloger.com/annonce/location/hauts-de-france/nord-59/la-madeleine-59110/26TWTNUG8M72,,2026-08-12
Colocation à louer,445 €,Lambersart,"1 pièce, 15 m², dès le 11/09/2026",https://www.seloger.com/annonce/location/hauts-de-france/nord-59/lambersart-59130/268RFTNW1MCC,,2026-08-12
Appartement à louer,820 €,Faches-Thumesnil,"3 pièces, 2 chambres, 57,8 m², RDC",https://www.seloger.com/annonces/locations/appartement/faches-thumesnil-59/croisette/266912173.htm,,2026-08-12
Appartement à louer,603 €,Faches-Thumesnil,"2 pièces, 1 chambre, 42,9 m², 1er étage",https://www.seloger.com/annonces/locations/appartement/faches-thumesnil-59/croisette/274666703.htm,,2026-08-12
Appartement à louer,810 €,Faches-Thumesnil,"3 pièces, 2 chambres, 54 m², Étage 1/3",https://www.seloger.com/annonce/location/hauts-de-france/nord-59/faches-thumesnil-59155/26F4HRRZ733B,,2026-08-12
