Lieu,Prix,Details,Description,Lien,Image,DerniereVue
Lyon 2ème (69002),790 €,37 m² - 2 pièces,"Votre Régie Galyo à le plaisir de vous proposer à la location, proche de transports en commun, des commerces et de toutes commodités, cet appartement 2 pièces de 37m².  Au 4ème étage d'une résidence sécurisée, situé rue montcharmont, il se compose, d'un séjour avec cuisine aménagée et équipée, d'une chambre, d'une salle d'eau et d'un Wc séparé.  Zone soumise à encadrement des loyers :  Loyer de référence : 561.10 euros HC Loyer de référence majoré : 672.12 euros HC Complément de loyer : 87.88 euros  Contact : Eva  Les informations sur les risques auxquels ce bien est exposé sont disponibles sur le site Géorisques :",https://www.vizzit.fr/fr/property/appartement/lyon-2/A35i0mshebnannbp,,
Lyon 7ème (69007),1 200 €,84 m² - 4 pièces,"Votre nouveau logement à partir de 299€ Ttc Faites votre dossier directement sur notre site pour candidater. Un seul dossier, plusieurs propositions de logement ciblées en fonction de celui-ci. Un fonctionnement simple : - premier arrivé, premier logé pour ch... Voir plus sur seloger.com",https://www.vizzit.fr/fr/property/appartement/lyon-7/Ay9qilldi03z17dp,,
Lyon 2ème (69002),1 580 €,110 m² - 5 pièces,"Situé au dernier étage d'un immeuble ancien de caractère avec ascenseur, ce magnifique appartement en duplex de 110 m² entièrement rénové offre de beaux volumes et une atmosphère chaleureuse au cœur du très recherché 2e Lyon - Sainte Blandine. L'appartement se compose de 5 pièces réparties sur deux niveaux, permettant une organisation idéale entre espaces de vie et espaces nuit. La rénovation récente allie le charme de l'ancien au confort moderne, dans un cadre lumineux et agréable. L'immeuble est sécurisé par interphone. Classe énergétique : D. Conditions financières : Loyer mensuel : 1 580 € charges comprises Charges : 60 € / mois Dépôt de garantie : 3 058 € Honoraires d'agence : 1 100 € Un bien rare à la location, idéal pour une famille ou un couple recherchant espace, cachet et emplacement privilégié en plein centre de Lyon. Contact My Casa Immobilier :",https://www.vizzit.fr/fr/property/appartement/lyon-2/A11oren1gjmmsydb,,
Lyon 7ème (69007),898 €,38 m² - 2 pièces,"T2 Meuble Lyon 7 - Rue Grillet Quartier Saint Louis Appartement T2 meublé de 38,89 m², situé au cœur du quartier recherché de Saint-Louis, dans une petite rue calme, venez découvrir ce bel appartement meublé alliant cachet et confort. Il se compose : d'une ent... Voir plus sur seloger.com",https://www.vizzit.fr/fr/property/appartement/lyon-7/Ax2tioxss9fb96w4,,
Lyon 2ème (69002),775 €,60 m² - 2 pièces,"Quartier Perrache : Ce Spacieux T2 de 60.14 M2 est situé au 4o étage sans ascenseur : 1 quai Rambaud 69002. Cet appartement sera disponible le . !! Imperatif !! Avant d'organiser une visite, merci de nous faire suivre votre dossier locatif svp- Notre mail que vous retrouverez sur notre site Pierrede Saone- Photos et coordonnées de l'agence sur notre site. 1O contact par textos. Merci de nous indiquer la référence Rambaud. Venez découvrir cet appartement de charme avec sa belle hauteur sous plafond, son parquet a chevrons, ses 2 cheminées décoratives. Les pièces sont de belles proportions : très grande chambre de presque 20m2, le salon de 22m2. La cuisine, séparée, est équipée de placards de rangement. La pièces d'eau est composée d'une baignoire 'sabot' et d'un espace séparé Wc. Chauffage électrique, double vitrage, volets roulants électriques. Côté pratique, vous êtes a 2 pas de nombreux commerces (alimentaires, restaurants, boulangerie, boucherie etc ..) et transports en commun : Métro station 'Perrache' 400m a pied , Tramway T1 et T2 a moins de 10 mn a pied. Proximité zone commerciale 'Confluence' et place 'Carnot' a quelques minutes a pied. Loyer : 750.00Eur + charges 25.00Eur (charges copropriété et Tom) A très vite pour vous présenter cet appartement ! Reference : Rambaud Les informations sur les risques auxquels ce bien est exposé sont disponibles sur le site Géorisques",https://www.vizzit.fr/fr/property/appartement/lyon-2/Axnno2cyggab1i4k,,
Lyon 2ème (69002),1 160 €,33 m² - 1 pièce,"Cet appartement est proposé en formule tout inclus (eau, électricité, internet, linge), sans contraintes ni frais d’ouverture de comptes, et est disponible immédiatement. En plein cœur de Lyon, à quelques pas de la Place Bellecour, ce T3 meublé de 40,60 m² a... Voir plus sur seloger.com",https://www.vizzit.fr/fr/property/appartement/lyon-2/A1m9odzlv4k20y0o,,
Lyon 7ème (69007),681 €,35 m² - 2 pièces,"Le cabinet Ginet vous propose ce T2 meublé rénové de 35,35 m² au 2ème étage de la résidence sans ascenseur. Le logement se compose d'une entrée, d'un salon avec coin cuisine de 16,60 m² équipé d'un réfrigérateur/congélateur, d'un four, d'une hotte, d'une plaque ... Voir plus sur seloger.com",https://www.vizzit.fr/fr/property/appartement/lyon-7/Ajls3g2wuztndaz8,,
Lyon 7ème (69007),967 €,48 m² - 2 pièces,"L'agence Laforêt Lyon 7 vous propose un appartement en location non meublé situé rue Victorien Sardou à Lyon 7. A proximité immédiate du métro Garibaldi et sa vie de quartier. Au 3ème étage sur 5. L'appartement est composé d'une entrée avec placard, d'une cui... Voir plus sur seloger.com",https://www.vizzit.fr/fr/property/appartement/lyon-7/Azhpoxt7nuwj6bgg,,
Lyon 7ème (69007),995 €,55 m² - 2 pièces,"Plusse vous propose un appartement Meublé de 55 m2 situé au 48 rue Georges Gouy Lyon 69007 : Le quartier développe son habitat et des entreprises non polluantes avec un style architectural de verre et d'acier. Il est reconnu pour sa qualité de vie, son aspect fami... Voir plus sur seloger.com",https://www.vizzit.fr/fr/property/appartement/lyon-7/Aq0an27l4p52nh51,,
Lyon 4ème (69004),1 845 €,75 m² - 3 pièces,"Emmanuel vous présente dans la résidence Saint Bernard, au pied du métro croix rousse et du Gros Caillou, ce superbe 75 m² entièrement rénové avec de belles prestations. Cet Appartement est composé d'un hall d'entrée avec rangements, un grand séjour double dess... Voir plus sur seloger.com",https://www.vizzit.fr/fr/property/appartement/lyon-4/Aasdy4266caqqgwp,,
Lyon 2ème (69002),950 €,56 m² - 2 pièces,"Ainay, 16 Rue Laurencin, à deux pas du métro ampère, dans bel immeuble ancien, grand T2 de 57 m2 traversant au 3ème étage avec ascenseur. Ce bien comprend un hall d'entrée avec grand placard, desservant un grand séjour de 22m2 exposé plein sud très lumineux s... Voir plus sur seloger.com",https://www.vizzit.fr/fr/property/appartement/lyon-2/A1b1pp6prmqb0fuw,,
Lyon 3ème (69003),787 €,45 m² - 2 pièces,"Appartement Situe Route De Genas - Comprenant - Entree - Sejour - Cuisine - Chambre - Salle De Bains - Wc Independants - Equipements Autres : Carrelage Et Parquet Aux Sols Raccordement Machine A Laver - Raccordement Gaz - Vitrages Isolants Chauffage Et Eau Chaude Individuels Par Chaudiere Gaz - Proximite Commerces Et Transports En Commun Annexe : Garage Double Immeuble Avec Ascenseur - Interphone A Defilement- Digicode. Loyer de 787,00 euros par mois charges comprises dont 87,00 euros par mois de provision pour charges (soumis la régularisation annuelle). Les honoraires charge locataire sont de 601,56 euros ( soit 13,12 euros/m² ) dont 138,93 euros pour état des lieux ( soit 3,03 euros/m² ). Montant estimé des dépenses annuelles d'énergie pour un usage standard : 970 euros. Prix moyens des énergies indexés en 2023.",https://www.vizzit.fr/fr/property/appartement/lyon-3/Asthwtrdrcfc5quf,,
Lyon 8ème (69008),895 €,38 m² - 2 pièces,"Au 29 rue Edouard Nieuport Lyon 8, proche du tram T2 arrêt Bachut , proche de l'hôpital privé Jean Mermoz au 1er étage d'un immeuble récent au clame, un appartement T2 d'environ 38 m² en très bon état et lumineux. Une entrée avec placard mural, un séjour ouvrant s... Voir plus sur seloger.com",https://www.vizzit.fr/fr/property/appartement/lyon-8/Aachvx726d3c1pur,,
Lyon 7ème (69007),1 270 €,64 m² - 3 pièces,"Appartement T3 meublé de 64,26 m², lumineux et particulièrement calme, situé au 94 rue Jaboulay à Lyon 7, dans une copropriété récente, sécurisée et bien entretenue. Donnant sur une rue piétonne, il bénéficie d’un environnement paisible et d’un cadre de vie très agréable. Idéalement situé à proximité immédiate de Jean Macé, des transports et des commerces, cet appartement confortable et fonctionnel offre une excellente qualité de vie. Appartement lumineux comprenant : séjour balcon privatif deux chambres cuisine équipée salle de bain wc indépendants cave. Copropriété sécurisée avec ascenseur. Appartement entièrement meublé et équipé, prêt à vivre. La copropriété : immeuble sécurisé ascenseur parties communes propres et bien entretenues voisinage calme Localisation idéale : tramway T2 métro B – Jean Macé à proximité gare Jean Macé commerces, restaurants, services à pied Conditions financières : Loyer mensuel : 1 270 € charges comprises Loyer hors charges : 1 175 € Charges forfaitaires : 95 € Loyer de référence : 899,64 € Loyer de référence majoré : 1 079,23 € Complément de loyer : 96 € Dépôt de garantie : 2 350 € Charges incluant notamment : entretien des parties communes, ascenseur, eau froide. Électricité, gaz et internet à la charge du locataire. Conditions de location : Location meublée – bail 1 an disponible de suite Location meublée en direct propriétaire – aucun frais d’agence. Dossier sérieux demandé. Garant ou garantie équivalente (Visale) apprécié selon profil.",https://www.vizzit.fr/fr/property/appartement/lyon-7/Awbxfl396j74hnfm,,
Lyon 3ème (69003),1 200 €,54 m² - 2 pièces,"Au pied du métro Garibaldi, beau T2 de 54,09 m² avec balcon et garage Situé au 3 € étage d'une résidence récente des années 2000, ce T2 lumineux bénéficie d'un balcon exposé sud-ouest et d'un garage fermé en sous-sol. L'appartement se compose : d'une entrée de 5 m², d'une pièce de vie de 19,66 m² avec cuisine meublée et équipée (plaque de cuisson, hotte et four) donnant sur le balcon, d'un dégagement desservant une chambre de 12,67 m² avec placard mural, d'un Wc séparé et d'une salle de bains. Prestations et informations financières : Garage fermé en sous-sol Logement sous encadrement de loyer : Loyer de référence : 15,10 €/m² Loyer de référence majoré : 18,10 €/m² Loyer : 1 150 €, dont 171 € de complément de loyer justifié par la proximité immédiate du métro Garibaldi, de la Part-Dieu, des commerces et la qualité supérieure du logement Charges de copropriété : 50 € Frais d'agence (incluant l'état des lieux) : 709,66 € Commodités et environnement : Transports : Métro Garibaldi (ligne B) au pied de la résidence, accès rapide à Part-Dieu et au centre-ville Commerces et services : supermarchés, boulangeries, pharmacies, restaurants et cafés à proximité immédiate Quartier dynamique et bien desservi, idéal pour profiter de la vie urbaine tout en restant au calme dans une résidence sécurisée. Informations légales : Les informations sur les risques auxquels ce bien est exposé sont disponibles sur le site",https://www.vizzit.fr/fr/property/appartement/lyon-3/Atrhqur11n9i6v63,,
Lyon 8ème (69008),403 €,21 m² - Studio,Studio + terrasse privative À Louer. Merci De Prendre Rdv En Ligne Via Le Formulaire De Contact Agence - Vous recevrez un lien par mail pour la prise de rendez-vous en ligne.  Dispositif Pinel - Merci de vérifier vos plafonds de ressources. 90 Rue Croix Ba... Voir plus sur orpi.com,https://www.vizzit.fr/fr/property/appartement/lyon-8/A154kxcws3ittrvw,,
Lyon 2ème (69002),1 470 €,81 m² - 3 pièces,"Superbe appartement T3 entièrement meublé quartier Ainay. Situé rue de Castries, au cœur du quartier très recherché d'Ainay, cet appartement de trois pièces meublé décoré et rénové avec soin. Il combine le charme de l'ancien avec une rénovation contemporaine. ... Voir plus sur seloger.com",https://www.vizzit.fr/fr/property/appartement/lyon-2/Awp9gh23038mdyj6,,
Lyon 2ème (69002),1 347 €,59 m² - 2 pièces,"Angle place Carnot / rue Victor Hugo - Superbe T2 bis rénové de 59 m² - Idéalement situé au coeur du 2e arrondissement de Lyon, l'angle de la place Carnot et de la rue Victor Hugo, ce magnifique T2 bis de 59.33 m² a été entièrement rénové avec des materiaux de haut de gamme. Situé au 5 eme étage avec ascenseur, l'appartement, lumineux et au calme, vous séduira par son confort moderne et le charme de l'ancien preservé. - Cuisine neuve meublée et entièrement équipée (four, plaque, hotte, réfrigérateur-congélateur, lave vaisselle), ouverturesur un séjour spacieux avec parquet en chêne, cheminée en marbre et grands placards intégrés. - Grande chambre avec parquet en chêne et dressing toute hauteur aménagé. - Espace bureau séparé par une verrière atelier, disposant également d'un large dressing aménagé. - Salle de bains carrelée toute hauteur, équipée d'une douche l'italienne (90x120 cm) - Belle hauteur sous plafond ( entre 3 m et 3,30 m). -Eclairages encastrés dans un plafond entierement isolé la laine de verre. - Chauffage et eau chaude individuels électriques connectés, pour un meilleur confort et des économies d'énergies. - Immeuble sécurisé : interphone, vigik et vidéosurveillance. Un bien d'exception alliant élégance, modernité et emplacement privilègié. Disponible partir du 25/02/26 Proximité immédiate Ainay, Perrache, Bellecour et tous commerces. Métro A : station Ampère - Victor Hugo seulement 100 m. Zone soumise encadrement des loyers. Loyer de référence : 889.95 € Loyer de référence majoré : 1067.94 € Complément de loyer: 224 €, appartement entièrement rénové avec des prestations haut de gamme. Si ce bien vous intéresse, nous vous invitons déposer votre dossier de candidature sur notre site . Loyer de 1 347,00 euros par mois charges comprises dont 55,00 euros par mois de provision pour charges (soumis la régularisation annuelle). Les honoraires charge locataire sont de 778,41 euros ( soit 13,12 euros/m² ) dont 179,77 euros pour état des lieux ( soit 3,03 euros/m² ). Montant estimé des dépenses annuelles d'énergie pour un usage standard : entre 920 et 1270 euros. Prix moyens des énergies indexés en 2023. Zone soumise encadrement des loyers. Le loyer de base du bien proposé est de 1292 euros, le loyer de référence majoré (fixé par arrêté préfectoral) est de 1067,94 euros et le complément de loyer est de 224 euros par mois.",https://www.vizzit.fr/fr/property/appartement/lyon-2/A3zghjd755l4co5k,,
Lyon 6ème (69006),1 950 €,105 m² - 3 pièces,"Meuble - Belles Prestations - Sejour De 40 M² - 94, boulevard des Belges, au 2ème étage avec ascenseur d'un immeuble de caractère, T3 de 105 m² environ comprenant entrée, Wc séparés, Sdb avec douche et baignoire, cuisine aménagée et équipée, généreuse séjour de 40 m² et deux chambres. Appartement avec cachet (parquet, moulures, cheminées, belle hauteur sous plafond). Lumineux, traversant Nord / Sud. Bel emplacement. Une cave complète ce lot. Loyer de 1850 €. Complément de loyer de 50 € pour la cuisine aménagée. Loyer total hors charges, complément inclus : 1900 € Charges de copropriété de 50 €.",https://www.vizzit.fr/fr/property/appartement/lyon-6/A1xqteyld2ut6lvs,,
Lyon 4ème (69004),685 €,40 m² - Studio,"Appartement 1 pièce 40 m² Lyon 4ème Rue d'Austerlitz : Situé au coeur du très prisé quartier de la Croix-Rousse, à 2 pas de la Place du Gros-Caillou dans un immeuble ancien de bonne facture, découvrez ce ravissant T1 bis meublé de 39,52 m² au sol pour 22,08 m² habitables avec une grande mezzanine. Au 2ème étage avec ascenseur, Il se compose d'une entrée avec placard double, d'une grande pièce de vie confortable de 16 m² avec cuisine aménagée et équipée (plaques de cuisson, hotte, four , micro-ondes, réfrigérateur et placards de rangement), d'une salle d'eau et d'un Wc indépendant. Côté nuit, vous bénéficierez d'une grande chambre en mezzanine de 12 m² avec un coin bureau. Idéalement situé à proximité immédiate des commerces, restaurants et des transports en commun avec le métro C station 'Croix-Rousse', les lignes de bus C13 et C18, ainsi que des stations Vélo'V. Disponible à partir du , à visiter sans tarder ! Pour tout renseignement contactez Essentiel Gestion Locative au [Coordonnées masquées]. Ce loyer de 685 € charges comprises intègre un loyer de référence majoré de 525 €, un complément de loyer de 110 € justifié par la mezzanine de 12 m² et une provision pour charges de 50 € incluant l'eau froide et l'entretien des parties communes. Dépôt de garantie : 1270 € Honoraires d'agence : 288 € (222 € pour Visites / Constitution de dossier / Rédaction du bail et 66 € d'états des lieux). (Encadrement des loyers : Loyer de référence : 437,18 € / Loyer de référence majoré : 525,50 €) Surface : 40 m² Modalité de récupération des charges locatives : Prévisionnelles mensuelles avec régularisation annuelle Date de réalisation du diagnostic énergétique : Consommation énergie primaire : 329 kWh/m²/an Consommation énergie finale : 143 kWh/m²/an Montant estimé des dépenses annuelles d'énergie pour un usage standard : entre 490 € et 710 € par an. Prix moyens des énergies indexés sur l'année 2021 (abonnements compris)",https://www.vizzit.fr/fr/property/appartement/lyon-4/Abj6j3igvad3z4l0,,
Lyon 7ème (69007),655 €,27 m² - 1 pièce,"Location t1bis 27 M2 avec mezzanine 16M2 hors loi carrez, ensoleillé, calme, Lyon 7ème. Loyer 625 € Dépôt de garantie 625 €",https://www.vizzit.fr/fr/property/appartement/lyon-7/Ahzre22hlavldejg,,
Lyon 3ème (69003),1 045 €,75 m² - 2 pièces,"Votre Régie Galyo a le plaisir de vous proposer à la location, proche des transports en commun, des commerces et de toutes commodités, ce T2 de 75m².  Au 5ème étage d'une résidence sécurisée, située 53 cours de la liberté, il se compose d'une entrée desservant chacune des pièces, d'un séjour avec accès au balcon, d'une cuisine aménagée et équipée (plaque de cuisson et four), d'une salle de bain et d'un Wc séparé.  Vous saurez profiter de son grand balcon de 14 m². L'appartement bénéficie de nombreux rangements.  Local à vélo.  Zone soumise à encadrement des loyers :  Loyer de référence : 1065.96 euros HC Loyer de référence majoré : 1277.64 euros HC  contact : Eva  Les informations sur les risques auxquels ce bien est exposé sont disponibles sur le site Géorisques :",https://www.vizzit.fr/fr/property/appartement/lyon-3/Ainpl32eelz5fx2n,,
Lyon 2ème (69002),1 215 €,82 m² - 3 pièces,"Votre Régie Galyo a le plaisir de vous proposer à la location, proche des transports en commun, des commerces et de toutes commodités, ce T3 de 82m².  Au 6ème étage d'une résidence sécurisée, située rue de Jussieu, il se compose d'une entrée d'un séjour, d'un cuisine aménagée, de deux chambres (dont l'une de 20m²), d'une salle de bain et d'un Wc séparé.  Zone soumise à encadrement des loyers :  Loyer de référence : 1094.15 euros Loyer de référence majoré : 1309.66 euros  Contact : Eva  Les informations sur les risques auxquels ce bien est exposé sont disponibles sur le site Géorisques :",https://www.vizzit.fr/fr/property/appartement/lyon-2/Ag06cz8p1zmfwxwn,,
Lyon 3ème (69003),1 368 €,70 m² - 3 pièces,"Visite Virtuelle Disponible Sur Demande Le Logement Coup de foudre assuré pour ce superbe T3 meublé de 70 m2 avec balcon situé au 7e étage (avec ascenseur) du 25 rue du docteur Bonhomme, au cœur du quartier de Montplaisir Lumière. L'appartement est traversant, lumi... Voir plus sur seloger.com",https://www.vizzit.fr/fr/property/appartement/lyon-3/Akx3x719idarlq2w,,
Lyon 8ème (69008),700 €,21 m² - 1 pièce,"Lyon 8, au 155 Route de Vienne, a proximité des commerces et des transports. Dans une petite copropriété au calme appartement meublé avec goût au 1er étage. Il se compose d'une pièce principale, dune cuisine aménagée et équipée, d'une salle d'eau avec Wc. S... Voir plus sur century21.fr",https://www.vizzit.fr/fr/property/appartement/lyon-8/A9rckhrzlbb6v1vl,,
Lyon 6ème (69006),460 €,58 m² - 3 pièces,"Appartement meublé T3 Lyon centre ville (situé entre Lyon 5eme et Lyon 2eme) Appartement entièrement rénové, meublé et équipé, de type T3 de plus de 58m2, avec 2 chambres, cuisine et salon équipés, salle de bain et Wc séparés, lumière d'ambiance, table en marbre Situé au 1er étage, sans vis-à-vis, place de parking disponible en supplément, dans la résidence voisine, avec portail fermé chauffage individuel au gaz Loyer : 460€ Non Compris dans le loyer : box internet, place de parking.",https://www.vizzit.fr/fr/property/appartement/lyon-6/A3y6bre9kz3n2o8c,,
Lyon 2ème (69002),850 €,26 m² - 2 pièces,"T2 de 26m2 situé à proximité de la place Carnot, rue Général Plessier à Lyon 2eme disponible le Au premier étage sans ascenseur de la résidence sécurisé , l'appartement est composé d'un espace séjour, d'une cuisine équipé (frigo, plaque, micro onde), une chambre et deux salle d'eau avec Wc. Il est loué meublé et équipé. Idéalement situé dans le quartier Perrache , Metro A à 3 minutes à pied. Loyer : 730 € Charges : 120 € ( comprenant eau, électricité et chauffage ) Dépôt de garantie : 1460 € Frais de dossier et rédaction du bail : 260 € (soit 10 € / m2) Honoraires d'état des lieux : 78 € (soit 3 € / m2) Dpe En Cours De Realisation Merci de déposer votre dossier directement sur notre site internet Zone soumise à encadrement des loyers : Loyer de référence majoré (loyer de base à ne pas dépasser) 507.30 € / complément de loyer justifié par des éléments de confort additionnels 222.7 € Les informations sur les risques auxquels ce bien est exposé sont disponibles sur le site Géorisques : Contact : Agence immobilière Néoloc - 21 place Carnot 69002 Lyon Référence annonce : n° 525-3/4 Informations Loi Alur Titre professionnel : Agent immobilier et administrateurs de biens - Carte professionnelle T et G n° Cpi 024 045 délivrée par la Cci de Lyon Métropole Saint-Étienne Roanne Activité Transaction et Gestion - Garantie financière Transaction et Gestion 1 340 000 € Galian, 89 rue de la Boetie, 75008 Paris - N° B - Assurance Rcp Mma Police",https://www.vizzit.fr/fr/property/appartement/lyon-2/Aylytgiv76stkorn,,
Lyon 7ème (69007),1 062 €,54 m² - 2 pièces,"Loyer : 1 062 € par mois charges comprises Loyer de base : 1 002 € Loyer de référence majoré (loyer de base à ne pas dépasser) : 1 002 € Complément de loyer : 28 €   - 31 € par mois de provision pour charges - régularisation annuelle Dépôt de garantie : 2 062 € Honoraires charge locataire : 697 € Ttc dont   - 161 € Ttc pour état des lieux 18 rue de Marseille, idéalement situé au pied du tram et à proximité immédiate des berges du Rhône. Magnifique T2 meublé de 53,62m², situé au 4ème étage et dernier étage avec ascenseur, en excellent état et récemment rénové avec des matériaux de qualité, comprenant : une entrée, belle cuisine aménagée et équipée (réfrigérateur, plaque induction, four, lave-vaisselle) ouverte sur le séjour/salle à manger, 1 chambre avec placards séparée du séjour par une verrière, salle d'eau avec machine à laver, Wc indépendants. Nombreux rangements. Chauffage individuel électrique. Disponible le 10 Mars Prochain. Loyer 1031,06? (Dont 28,37? de complément de loyer jalousies électriques, prestations de qualité) + 31? charges (entretien des parties communes, Teom). Dépôt de garantie 2062,12?. Loyer de référence majoré de 1002.69?. Honoraires agence 697,06? Ttc ou 1 mois de loyer Hc en cas de bail de droit commun (visites, étude de dossier et rédaction de bail, état des lieux entrant de 160,86? inclus). Merci de le X.Honoraires de 697,06 ? Ttc à la charge du locataire comprenant 160,86 ? Ttc pour l'état des lieux. Zone soumise à encadrement des loyers. Loyer de référence majoré (loyer de base à ne pas dépasser) 1002.69 ?/mois. Loyer de base 1002.69 ?/mois. Provision sur charges 31 ?/mois, régularisation annuelle. Complément de loyer 28,37 ?/mois. Dépôt de garantie 2 062,12 ?. Classe énergie D, Classe climat B Montant estimé des dépenses annuelles d'énergie pour un usage standard : entre 980.00 ? et 1390.00 ? sur les années 2021, 2022 et 2023 (abonnements compris). Les informations sur les risques auxquels ce bien est exposé sont disponibles sur le site Géorisques : .",https://www.vizzit.fr/fr/property/appartement/lyon-7/Aoe3nl78d9vl6z3m,,
Lyon 9ème (69009),1 325 €,82 m² - 4 pièces,"Je loue ce bel appartement T4 de 82,27 m² situé au 3ème étage , à Lyon 9ème. Cet appartement comprend 3 chambres ,grand salon et 1 salle de bain. - Bon état général - 2 Balcons de 19,44 M2 - Cave - Garage fermé et sécurisé (Bip et porte fermée à clef) - Interphone L'appartement est situé dans un environnement calme. Chauffage au gaz. Classe énergie C - Classe climat C. Appartement disponible en mars (2026). N'hésitez pas à me pour plus d'informations ou pour organiser une visite.",https://www.vizzit.fr/fr/property/appartement/lyon-9/Az331u8cg2rdyi3d,,
Lyon 7ème (69007),544 €,23 m² - Studio,"Contact Uniquement Via La Messagerie Leboncoin, Merci D’Indiquer Vos Coordonnées Téléphoniques 50 rue Montesquieu 69007 Lyon – Adresse stratégique à proximité du Tramways T1 Saint-André et du métro B Saxe Gambetta - toutes commodités à proximité - accès rapide à la gare Part Dieu et au centre-ville. Dans un immeuble sécurisé - Au premier étage, Studio lumineux de 23.26 m2 entièrement meublé composé d’une pièce de vie donnant sur une kitchenette équipée (frigo, plaques, micro-onde), une salle d’eau avec Wc. Chauffage individuel électrique. Loyer hors charges : 509€ / mois Forfait de charges : 35€ / mois Dépôt de garantie : 1018€ Honoraires : 302.38€ Zone soumise à l’encadrement des loyers Loyer plafonné : 539€ / mois Complément de loyer : 0€ / mois Montant estimé des dépenses annuelles d'énergie pour un usage standard : entre 400 euros et 600 euros par an. Prix moyens des énergies indexés au 1er janvier 2021 (abonnements compris). Les informations sur les risques auxquels ce bien est exposé sont disponibles sur le site Géorisques :",https://www.vizzit.fr/fr/property/appartement/lyon-7/Aji9tkgvdk1ne267,,
Lyon 2ème (69002),2 800 €,150 m² - 5 pièces,"? 2 700 € / mois + 100 € de charges locatives Disponible le 1er Mars, bel appartement lumineux et parfaitement entretenu, idéal pour une famille recherchant un cadre de vie agréable et calme.:: ✨ Le bien comprend : ?️ Une belle pièce de vie lumineuse ?️ Une cuisine équipée ?️ Trois chambres confortables dont deux équipées de salles d'eaux ? Une buanderie avec lave-linge ? Une salle de bain fonctionnelle avec baignoire ? Balcon ? Fibre ? Chauffage individuel gaz ? Proche des commerces, transports et commodités (Gare Perrache - Métro Ampère / Bellecour) ? Conditions financières Loyer mensuel : 2 700 € Charges : 100 € (entretien des parties communes)",https://www.vizzit.fr/fr/property/appartement/lyon-2/Akx2nrjdc7hjed3z,,
Lyon 1er (69001),690 €,18 m² - Studio,"Studio-Cap Garant(s) physique(s) obligatoire ! Situé au 2ᵉ étage avec ascenseur d'un immeuble bien entretenu, ce studio de 18 m² se trouve en plein cœur du 1er arrondissement de Lyon, dans un quartier central, dynamique et très recherché. Pièce principale lumineuse et fonctionnelle Mezzanine aménagée en espace nuit Salle d'eau avec Wc Le studio est loué non meublé. Toutefois, certains équipements sont laissés à disposition gratuitement (cuisine équipée et meublée avec lave vaisselle, canapé + table basse, 2 chaises +machien à laver + armoire + matelas dans la mezzanine Eau froide incluse dans les charges Internet inclus Chauffage individuel électrique Appartement idéal pour étudiant(e) ou jeune actif(ve), à proximité immédiate des commerces, transports en commun, restaurants et toutes commodités. Zone soumise à l'encadrement des loyers. Loyer de base : 307 € Loyer de référence majoré : 369 € Complément de loyer : 281 € (mise à disposition de services) Référence annonce : Studio-Cap Honoraires à la charge du locataire : 234 € Ttc Dépôt de garantie : 650 € Montant des charges : 40 € / mois Complément de loyer : 281 € / mois (inclus dans le loyer Cc)",https://www.vizzit.fr/fr/property/appartement/lyon-1/A68zcpc354v9pf1m,,
Lyon 3ème (69003),940 €,52 m² - 2 pièces,Meublé T2 très propre de 52 m2 entièrement rénové situé proche part Dieu. Hall/Séjour/Cuisine équipée/cellier/salle de bain/wc indépendants/chambre et Balcon de 4m2. Appartement lumineux avec une belle vue sur Lyon situé au 7eme étage d'une copropriété très calme. Proximité tous commerces (superU à 50M) +petit marché . Trame T1 ou T6 à 600 m . Bus C9 et C11 et piste cyclables au pied de l'immeuble. Dpe de 2024 Loyer 940 charges comprises. Visite uniquement avec dossier locataire complet.,https://www.vizzit.fr/fr/property/appartement/lyon-3/A7n72ukkeqdgdvxg,,
Lyon 3ème (69003),1 070 €,50 m² - 3 pièces,"Bonjour, Nous louons notre appartement proche du cours de la Liberté et des quais, situé rue de l'Epée. Appartement meublé très lumineux, traversant et sans vis à vis situé au 5 étage (sans ascenseur), sur cour. Quartier dynamique avec de nombreux commerces (épicerie, supermarché, bars...) et transports proche de l'immeuble. Appartement meublé de 50m² entièrement rénové avec 2 chambres (non attenantes) avec des rangements, cuisine ouverte sur le séjour extrêmement bien agencé. L'appartement est entièrement équipé : - Cuisine récente (four-frigo-plaques-...) - Salon meublé - 2 chambres avec des lits queensize et des rangements. Salle de bain rénovée avec une baignoire et des rangements. Wc séparés. Loyer mensuel 1 000€ + 70€ de charges pour l’eau froide, l’entretien de l’immeuble ainsi que les ordures ménagères. Caution de 2 mois demandée. L'appartement est disponible dès mi février.",https://www.vizzit.fr/fr/property/appartement/lyon-3/Ajan00dxrcpsewjn,,
Lyon 4ème (69004),470 €,19 m² - Studio,"A louer studio 19,5 m2 meublé, équipé avec chauffage électrique. 1 pièce avec lit 0,90, grand bureau, étagères et grand placard mural. 1 kitchenette avec évier, réfrigérateur, plaques de cuisson, micro ondes. 1 salle d'eau avec lavabo, douche, Wc, porte serviette, miroir. Gardien sur place, digicode, Wifi, garage vélos, ascenseur. Laverie payante. Tarif mensuel 470 € charges comprises, électricité à la charge de l'étudiant. Réservé aux Étudiantes / Étudiants uniquement. Tél à partir de vendredi 13/02 de 9h à 12h",https://www.vizzit.fr/fr/property/appartement/lyon-4/Azhsw32g5n8ohoz8,,
Lyon 8ème (69008),650 €,26 m² - Studio,"A proximité Tram et métro Grange Blanche (500 mètres ) Studio 26,5m2, meublé , à louer avec balcon et place de parking dans parking souterrain sécurisé. Dpe D février 2026. Loyer mensuel: 550€ + 100€ charges comprenant chauffage collectif, eau chaude et entretien de l'immeuble.",https://www.vizzit.fr/fr/property/appartement/lyon-8/Agizn8lx71ttiblw,,
Lyon 7ème (69007),1 070 €,40 m² - 2 pièces,"À louer bel appartement meublé de 40 m². Situé au 4ème étage/5 sans ascenseur, entièrement rénové disponible fin mars, début avril. ➡️ Si l'appartement est en ligne il est disponible, et attends son futur locataire pour en prendre soin ) ❊ Caractéristiques : - Charme de l'ancien entièrement rénover - Trois fenêtres neuves, double vitrage = bonne isolation - Cuisine moderne équipée : Four, Plaque induction, Lave vaisselle, Machine à laver, Grand frigo + Congélateur - Séjour avec canapé Bobochic + mobilier Laredoute Interieur - Chambre avec lit 160 cm et matelas Emma, sommier tapissier - Rangement : Dressing Ikea avec penderie + Malm x2 + 3 penderies - Salle de bain avec baignoire et miroir rétroéclairé - Wc suspendu séparé - Luminosité : Expo Sud + étage élevé - Buanderie: espace de stockage de 2 m² sur le même palier (idéal pour skis, bagages, vélos ou trottinettes, sécurisé) - Emplacement : Au cœur du 7ème arrondissement, à 50 m des quais du Rhône et de la piscine du Rhône, Nombreux restaurants et commerces à proximité - Transport : Tram (rue de l’Université) et Métro D accessibles rapidement (Guillotière) ? Loyer : 990 € + 80 € de charges = 1 070 € Cc ?+⚡️ Eau chaude et chauffage électriques individuels. (Chauffage de la marque Sauter et chauffe eau électrique) ?️ Frais de dossier : 1 mois de loyer Hc Caution : 2 mois de loyer pour un meublé 1980€ ✨ Idéal pour un couple ou une personne seule souhaitant s’installer dans un petit nid douillet. ? Disponible à partir de fin Mars / Début Avril ?️ Votre Candidature : 1- Nom prénom, age, activité (étudiant ou salarié) 2- Présentation de votre projet : durée de la location, nombre de personne 3- Revenu / ressource + vos garants Ou Garantie Visale 4- Vos coordonnées pour que je puisse vous re par téléphone et organiser une visite",https://www.vizzit.fr/fr/property/appartement/lyon-7/A002r688tedsrgjm,,
Lyon 7ème (69007),571 €,18 m² - Studio,"Rue De Gerland Résidence située à Lyon dans le 7ème arrondissement, proche de toutes commodités : commerces, restaurants, transports en commun, etc.. Studio meublé de 18.35 m² au 3ème étage avec ascenseur. Il se compose d'une pièce de vie ouverte sur une cuisine équipée (évier, meuble sous évier, plaque de cuisson, hotte, micro onde, frigo top, meubles de rangement) et d'une salle d'eau (meuble vasque, miroir, douche, Wc). Chauffage individuel électrique. Complément de loyer : - Appartement rénové. - Cuisine entièrement équipée. - Douche à l'italienne. Valority Adb. Les informations sur les risques auxquels ce bien est exposé sont disponibles sur le site Géorisques :",https://www.vizzit.fr/fr/property/appartement/lyon-7/Anlelaeqd5yfi3vr,,
Lyon 7ème (69007),473 €,31 m² - 2 pièces,"Appartement 2 pièces 31 m² Rue Montesquieu, Dans un immeuble ancien, appartement 2 pièces de 30.62m2 environ comprenant un séjour avec une cuisine ouverte, une chambre séparée, une salle de bains avec des Wc. Proche des transports et commerces.Lumineux. Honoraires 308Eur + 92Eur Frais d'état des lieux / Zone soumise à l'encadrement des loyers / Loyer de référence médian : 398Hc / Loyer majoré : 477Eurhc / Complément de loyer : 0Eurhc La prise de rendez-vous s'effectue en ligne, merci de vous rediriger sur notre site Ibt Gestion et de cliquer sur la rubrique 'prendre rendez-vous', celle-ci se situe au niveau du descriptif de l'annonce . Il vous suffira de réserver votre créneau de visite ou de remplir le formulaire afin d'être placé sur la liste d'attente en attendant de recevoir une invitation. Les locataires et les garants physiques couvrants 3X le montant du loyer sont obligatoires pour pouvoir visiter le logement. Nous ne prenons pas de dossier de candidature sans visite. Surface : 31 m² Modalité de récupération des charges locatives : Prévisionnelles mensuelles avec régularisation annuelle Date de réalisation du diagnostic énergétique : Consommation énergie primaire : 256 kWh/m²/an Consommation énergie finale : 0 kWh/m²/an Montant estimé des dépenses annuelles d'énergie pour un usage standard : entre 670 € et 940 € sur les années 2021, 2022 et 2023 (abonnements compris).",https://www.vizzit.fr/fr/property/appartement/lyon-7/Af0px6n6rfugx6t9,,
Lyon 9ème (69009),1 210 €,76 m² - 4 pièces,"Direct propriétaire - pas de frais d'agence. St Rambert, au coeur d'une résidence totalement réhabilitée en 2019 dans un écrin de verdure. Proche Saint-Cyr-au-Mont-d'Or. À proximité toutes commodités : commerces, collège, lycée, transport (bus), à 5mn métro ligne D, ... T4 de 76m2 refait à neuf en 2019 + terrasse en rez-de-jardin 15 m2 Appartement traversant Est/Ouest. Composé d'une cuisine / séjour de 25m² avec une cuisine meublée et semi équipée (plaques +hotte+four), de 3 chambres (entre 12 et 15m2) avec placards, d'une salle de bains (double vasques, baignoire) et d'un wc indépendant. Belles prestations. Comporte également une cave, une place de parking et un local à vélo (collectif). Le chauffage et l'eau chaude sont individuels électriques. Prévisionnel de charges : 90 €/mois",https://www.vizzit.fr/fr/property/appartement/lyon-9/A6wsienb1lvvc0hs,,
Lyon 3ème (69003),1 340 €,67 m² - 3 pièces,"T3 haute gamme à Lyon Manufacture Résidence récente à l'architecture contemporaine à Lyon 3, quartier Part-Dieu. Découvrez ce superbe T3 de 67.1 m² avec une agréable loggia de 16,3 m². L'appartement se compose d'une pièce de vie ouverte sur une cuisine équipée (évier, meuble sous évier, plaque de cuisson, hotte, four, plan de travail, meubles de rangement) prolongée par l'extérieur. Vous bénéficierez également de deux chambres, d'une salle de bains (meuble vasque, miroir, baignoire) et Wc séparés. Les charges comprennent le chauffage, l'eau chaude ainsi que l'eau froide. Complément de loyer : - Prestations hautes gammes. Valority Adb. Les informations sur les risques auxquels ce bien est exposé sont disponibles sur le site Géorisques : Référence annonce : 25689 Date de réalisation du diagnostic : Honoraires à la charge du locataire : 872 € Ttc dont 201 € pour l’état des lieux Dépôt de garantie : 1190 € Montant des charges : 150 € / mois Modalité de récupération des charges locatives : provision avec régularisation annuelle Montant estimé des dépenses annuelles d'énergie pour un usage standard : entre 561 € et 759 € sur les années 2021, 2022 et 2023 (abonnements compris).",https://www.vizzit.fr/fr/property/appartement/lyon-3/Ay9r3b2xfd2ue8de,,
Lyon 3ème (69003),1 480 €,69 m² - 3 pièces,"Appartement lumineux et calme situé au 4ᵉ étage avec ascenseur dans un immeuble moderne des années 2000. La terrasse donne sur un parc, offrant un cadre agréable et sans nuisances. Entièrement rénové et meublé, l’appartement dispose d’une superficie de 69 m² ainsi que d’une terrasse de 11 m². Il comprend une chambre avec lit double, un bureau ou chambre d’appoint, avec des rangements encastrés dans les deux pièces. Vous y trouverez également un salon lumineux, une salle de bain avec baignoire et des Wc séparés. Un garage double est inclus. Le métro se situe à 5 minutes à pied. Loyer mensuel : 1 480 € charges comprises. Loyer hors charges : 1 160 € Charges : 320 € (entretien et électricité des parties communes, etc.) L’eau, le gaz (chauffage individuel au gaz) et l’électricité sont à la charge du locataire. Plus de photos sur demande.",https://www.vizzit.fr/fr/property/appartement/lyon-3/Atm66etxwq6e7f47,,
Lyon 7ème (69007),676 €,20 m² - Studio,"Trois Rois - T1 Meuble Lyon 7 - Les Mages - Trois Rois - Studio Meuble Description de l'offre : Au cœur de la résidence Les Mages, venez découvrir un studio meublé de 20.38m² à Lyon 7e au sein d'une copropriété calme et sécurisée. Situé au 6eme et dernier étage, vous découvrirez une entrée ouverte sur la pièce de vie avec une cuisine aménagée et équipée, salle d'eau avec toilettes et machine à laver, 1 chambre avec dressing en mezzanine. Emplacement idéal pour étudiant, donne sur une cour intérieure calme sans vis à vis Très lumineux Grande hauteur sous plafond Le chauffage et l'eau chaude sont individuel électrique L'eau froide collective. Loyer : 606 € dont 104.65 € de complément de loyer et 70 € de forfait de charges soit un loyer mensuel de 676 € Cc - Caution : 1 212 € - Honoraires : 264.94 € dont 61.14 € pour la réalisation de l'EDL. Encadrement du loyer : Loyer de référence : 20.50 €/m² Loyer majoré : 24.60 €/m² Logement disponible à partir du . Dpe : E : 312 kWh/m²/an et B : 9 kgCO²/m²/an Dépenses annuelles comprises entre 610 € et 870 € / an Référence annonce : 3 Rois - T1 Meuble Date de réalisation du diagnostic : Honoraires à la charge du locataire : 264 € Ttc Dépôt de garantie : 1212 € Montant des charges : 70 € / mois",https://www.vizzit.fr/fr/property/appartement/lyon-7/Akrqffc194vev8gd,,
Lyon 3ème (69003),960 €,38 m² - 2 pièces,"A louer 2 pièces 38m2 meublé à neuf dans un immeuble récent Quartier Montchat / Parc Bazin limite Lyon 3 - Villeurbanne 2é étage avec ascenseur, au calme sur cour, expo est, très lumineux Terrasse de 9 m2 sur cour L’appartement est loué meublé et équipé à neuf : - Cuisine ouverte équipée (frigo avec congélateur, plaque de cuisson, lave-linge, four, four micro-ondes…) - Canapé (convertible avec matelas en 140 cm), meuble Tv et télévision - Chambre sommier et matelas en 160 cm + dressing - Une salle de douche, Wc séparés - Table d’extérieur et ses deux chaises Chauffage individuel gaz basse consommation, réglable, dernière génération Immeuble récent de 2018 (Dpe C) Garage fermé et sécurisé en 2é sous-sol + local à vélos A proximité immédiate des commerces (notamment Carrefour, Franprix, boulangeries) et des transports  Tram T3 arrêt Reconnaissance Balzac (2 stations de Part-Dieu)  Tram T6 arrêt St Exupéry-Jaurès  Tram Bus 12 (Cyrano ou Grand Clément)  Bus C9 (direction Bellecour / Hôpitaux est), C26, C11 etc Libre début mars Loyer mensuel Hc : 900€ (yc complément de loyer) Charges mensuelles : 60€ de provision sur charges (eau froide, entretien des parties communes, taxe des ordures ménagères, maintenance annuelle chaudière) Garantie : 2 mois de loyer Hc Premier contact par message avec présentation de votre situation (dossier solide demandé)",https://www.vizzit.fr/fr/property/appartement/lyon-3/A4kyzntxzfferzuw,,
Lyon 2ème (69002),930 €,31 m² - Studio,"Au 2° étage sans ascenseur, ce T1 de 31 m2, meublé, est situé Rue des Quatre Chapeaux, 69002 Hypercentre, dans une rue au calme et sans voitures. Disponible de suite. Vous apprécierez ses beaux volumes, son calme et sa proximité des commerces et transport en commun. La cuisine est bien équipée, composée de nombreux meubles de rangement, vaisselles, table, chaises, cafetière, four. Elle s’ouvre directement sur le salon, très lumineux. La chambre est située en mezzanine, avec rangements. Le salon est équipé d’un canapé convertible, utile pour recevoir ses amis (1 couchage supplémentaire), table basse, étagère/bibliothèque, meuble Tv + Tv. L’Appartement est lumineux et dispose de 3 grandes fenêtres, double vitrage. A deux pas de nombreux commerces du quartier : plusieurs petits supermarchés, Tabac/presse, boulangerie, restaurants et à proximité de la Place de la République, de la Place des Jacobins, ainsi que des nombreux transports en commun : Métro Cordeliers, bus ….. Loyer : 890€ Hc / mois + 40€ de Charges (eau, ménage, parties communes, taxe d'ordure ménagère) Soit 930 € Charges incluses Dépôt de garantie: 1 mois de loyer soit 930€ Pas d'honoraire car Particulier",https://www.vizzit.fr/fr/property/appartement/lyon-2/Axfu6acnqhyzaimy,,
Lyon 9ème (69009),1 180 €,70 m² - 3 pièces,"A voir absolument. En plein cœur du plateau de St Rambert, à proximité immédiate de tous les commerces, bel appartement spacieux et lumineux (exposition sud/ouest), entièrement rénové. Le bien se situe au 1er étage, avec ascenseur. Belle pièce à vivre, cuisine équipée, salle de bain avec baignoire et sèche serviette, toilettes indépendant, deux belles chambres, un balcon qui donne sur la place rouge, Le bien est accompagné d’une grande cave sécurisée, et d’un garage box au sous-sol sécurisé (accès et vidéosurveillance). Digicode, ascenseur, double vitrage, placards intégrés. Location meublée. Cuisine blanche (film de protection bleu, car vient d’être posé). 1180€ CC/mois (1130€+50€), Frais d’agence 1000 €.",https://www.vizzit.fr/fr/property/appartement/lyon-9/Ahd8gdt9k5bz033z,,
Lyon 3ème (69003),880 €,50 m² - 2 pièces,"Loyer : 880 € par mois charges comprises Loyer de base : 775 € Loyer de référence majoré (loyer de base à ne pas dépasser) : 775 €   - 105 € par mois de provision pour charges - régularisation annuelle Dépôt de garantie : 775 € Honoraires charge locataire : 650 € Ttc dont   - 150 € Ttc pour état des lieux 19bis Rue Saint Antoine 69003 (Part Dieu). T2 non-meublé et entièrement repeint de 50 m², situé au 5ème étage sur 6 par ascenseur. Il est composé d'une cuisine indépendante meublée et séjour donnant tous deux sur un balcon de 7m² avec vue dégagée, 1 chambre de 12m² avec rangements, salle d'eau, Wc séparés. Provision de charges comprenant le chauffage, eau chaude et eau froide. Disponible De Suite. Dpe C (réalisé le ). Dépôt de garantie 1 mois de Loyer Hc. Loyer de référence majoré : 775,47? Hc. Honoraires agence Loi Alur 650,39? Ttc ou 1 mois de loyer en cas de bail de droit civil (Visites, étude de dossiers, rédaction de bail et état des lieux entrant). Merci de Amanda Cook . .Honoraires de 650,39 ? Ttc à la charge du locataire comprenant 150,09 ? Ttc pour l'état des lieux. Zone soumise à encadrement des loyers. Loyer de référence majoré (loyer de base à ne pas dépasser) 775.47 ?/mois. Loyer de base 775.00 ?/mois. Provision sur charges 105 ?/mois, régularisation annuelle. Dépôt de garantie 775 ?. Classe énergie C, Classe climat C Montant estimé des dépenses annuelles d'énergie pour un usage standard : entre 641.00 ? et 867.00 ? sur les années 2021, 2022 et 2023 (abonnements compris). Les informations sur les risques auxquels ce bien est exposé sont disponibles sur le site Géorisques : .",https://www.vizzit.fr/fr/property/appartement/lyon-3/A7ckxb0sivifi90p,,
Lyon 6ème (69006),660 €,27 m² - Studio,Loue Studio Meublé avec coin lit (alcôve) + cuisine indépendante + Salle de bains avec douche a l'italienne + dressing + Balcon. Gardien + Accès Laverie privée interne dans l'immeuble. Très Proche du lycée du parc et parc de la tête d'or. Tous commerces a proximités. 10 mm de la gare de la part dieu. Loyer charges incluses (Sauf Électricité et Eau avec compteur individuel),https://www.vizzit.fr/fr/property/appartement/lyon-6/Av2ihzevv77wgx0b,,
Lyon 7ème (69007),1 390 €,82 m² - 3 pièces,"Venez découvrir ce superbe appartement T3 meublé de 82,79 m², traversant et lumineux, situé au 5ᵉ étage d’un immeuble sécurisé. Le séjour, baigné de lumière naturelle, offre un espace idéal pour se détendre ou recevoir, et s’ouvre sur un balcon agréable. La cuisine moderne, dispose d’un garde-manger intégré et de tous les équipements nécessaires pour cuisiner en toute simplicité. L’espace nuit comprend deux chambres meublées avec des placards intégrés, offrant confort et rangement. L’Appartement dispose également d’une salle d’eau et de toilettes séparées. Une cave vient compléter ce logement pour vous offrir encore plus de rangement. Situé à proximité immédiate des transports, des commerces et de toutes les commodités, cet appartement combine confort, luminosité et emplacement idéal. Le chauffage et l’eau froide sont individuels, vous permettant de gérer votre consommation en toute autonomie. Cet appartement traversant, lumineux et fonctionnel est prêt à accueillir ses futurs occupants. N’Hésitez pas à nous dès maintenant pour organiser une visite.",https://www.vizzit.fr/fr/property/appartement/lyon-7/Ai5gaju591i8f839,,
Lyon 9ème (69009),910 €,42 m² - 2 pièces,"Merci De L'annonce Jusqu'au Bout. À 200 m du métro Valmy (ligne D) et à 5 min de Gorge de Loup, dans une rue calme, T2 de 42 m² entièrement rénové, situé au 4ᵉ étage avec ascenseur dans une résidence sécurisée récente. L’Appartement comprend : • Entrée avec dressing • Salon lumineux avec cuisine ouverte entièrement équipée • Chambre indépendante avec dressing • Salle de bain avec baignoire • Wc séparés • Balcon de 5 m² exposé sud-ouest Parquet en chêne, carreaux ciment. Électroménager récent (lave-vaisselle, machine à laver, micro-ondes…). Fibre installée dans l’immeuble. Garage à vélos. Voisinage calme. ⚠️ À noter : canapé et table basse différents des photos, quelques éléments déco modifiés. Quartier dynamique (commerces, restaurants, marchés, transports directs vers Terreaux, Perrache et Part-Dieu, quais de Saône, écoles, médiathèque, théâtre). Loyer : 830 € + 80 € charges Dépôt de garantie : 2 mois Disponible à partir du 29 mars 2026 (état des lieux le 29 mars) Visites prévues le 23 février au soir Pas de colocation – Pas d’agence – Garants sérieux exigés.",https://www.vizzit.fr/fr/property/appartement/lyon-9/Agonzpdx25z5v7wa,,
Lyon 8ème (69008),983 €,39 m² - 2 pièces,"Appartement 2 pièces 39 m² T2 Premium ? 38 m² ? Disponible le Superbe T2 d'environ 38 m², entièrement rénové et meublé en 2024, situé dans une copropriété sécurisée. L'appartement comprend : Séjour avec cuisine ouverte Chambre avec placard Salle d'eau avec Wc Équipements inclus : Frigo-congélateur, lave-linge, plaques de cuisson, four, micro-ondes, Tv. Localisation : Quartier Sans Souci, à 5 minutes à pied du métro et du tram T4 (station Lycée Colbert). Conditions financières : Loyer : 958 € Charges : 25 € Dépôt de garantie : 1 916 € Frais d'agence (rédaction du bail + état des lieux) : 503 € Dpe D estimation des coûts : entre 630 € et 890 € Zone soumise à encadrement des loyers : Loyer de référence majoré (loyer de base à ne pas dépasser) 712.82€ / complément de loyer justifié par des éléments de confort additionnels 270.46€ « Les informations sur les risques auxquels ce bien est exposé sont disponibles sur le site Géorisques : » merci de déposer votre dossier sur notre site internet : [Url masquée pour votre sécurité] Contact : Agence immobilière Néoloc - 21 Place Carnot 69002 Lyon Référence annonce : n° 579 Informations Loi Alur Titre professionnel : Agent immobilier et administrateurs de biens - Carte professionnelle T et G n° Cpi 024 045 délivrée par la Cci de Lyon Métropole Saint-Étienne Roanne Activité Transaction et Gestion - Garantie financière Transaction et Gestion 1 340 000€ Galian, 89 rue de la Boetie, 75008 Paris - N° B - Assurance Rcp Mma Police Surface : 39 m² Modalité de récupération des charges locatives : Prévisionnelles mensuelles avec régularisation annuelle Date de réalisation du diagnostic énergétique : Consommation énergie primaire : 247 kWh/m²/an Consommation énergie finale : Non communiqué",https://www.vizzit.fr/fr/property/appartement/lyon-8/Aqahiddeoc9eihrl,,
Lyon 3ème (69003),795 €,29 m² - 1 pièce,"Pied-À-Terre meublé au coeur de Montchat, au calme et sans vis-à-vis côté jardin, dans résidence de standing de 2018, au 2ème étage/3. Placard aménagé, cuisine équipée. Très bon état. Proximité des commerces, écoles (infirmières, médecine, ...) et des transports (T3 Part Dieu, C13 Part Dieu/Presqu'ile, C16 Villeurbanne, métro D Grange Blanche). Bail civil.",https://www.vizzit.fr/fr/property/appartement/lyon-3/A2ng11x7ga4iekl7,,
Lyon 4ème (69004),721 €,36 m² - 2 pièces,"Appartement T2 Meublé - 36.79 m² - Lyon 4 - 721,50€ Cc Impasse Viard - Appartement T2 meublé de 36.79m² au 3ème et dernier étage sans ascenseur, composé d'une belle pièce à vivre avec cuisine américaine aménagée et équipée, une chambre avec placard, une salle d'eau avec Wc. Disponible à partir du 02 Mars 2026. Loyer 707,50 € + Charges 14 € (communs). Référence annonce : 2Sfn-Crl-76Y Date de réalisation du diagnostic : Honoraires à la charge du locataire : 482 € Ttc dont 111 € pour l’état des lieux Dépôt de garantie : 707 € Montant des charges : 14 € / mois Montant estimé des dépenses annuelles d'énergie pour un usage standard : entre 930 € et 1 310 € par an. Prix moyens des énergies indexés sur l'année 2021 (abonnements compris)",https://www.vizzit.fr/fr/property/appartement/lyon-4/Aoic3v6ylct40dpa,,
Lyon 3ème (69003),685 €,33 m² - 1 pièce,,https://www.vizzit.fr/fr/property/appartement/lyon-3/As5fz2v21tgpk77q,,
Lyon 2ème (69002),550 €,15 m² - 1 pièce,"Situé au 44 rue Franklin dans le quartier prisé d'Ainay Lyon 2e, ce studio meublé de 15 m² se trouve au 2ème étage sans ascenseur d'un immeuble bien entretenu.  L'appartement donne exclusivement sur cour intérieure, offrant un calme appréciable en plein coeur de la Presqu'île.  Entièrement refait à neuf, il a été rénové avec soin et des matériaux de qualité. Il se compose : d'une pièce de vie fonctionnelle et meublée avec un espace kitchenette équipé, d'une salle de bain séparée avec WC.  Idéal pour étudiant(e), pied-à-terre ou personne en mobilité professionnelle, à proximité immédiate des commerces, transports et commodités du centre-ville.  Conditions financières Loyer mensuel : 535 euros avec 15 euros de provisions de charges avec régularisation  Dépôt de garantie : 1070 euros soit 2 mois de loyer hors charges (location meublée)  Honoraires locataire : 195 euros décomposés Visite, constitution du dossier, rédaction du bail : 151 euros État des lieux : 45 euros (plafonds réglementaires - zone tendue)  Zone soumise à l'encadrement des loyers (Lyon)  DPE : C / Ges : B  Ce Studio Correspond A Vos Attentes ? Faites Une Demande De Contact Via Ce Site Vous Recevrez En Retour Un Lien Zelok Pour Deposer Votre Dossier - Une Visite Pourra Etre Organisee Uniquement Si Le Service Solvabilite Valide Votre Dossier Merci Par AVANCE  Pour visiter et vous accompagner dans votre projet, contactez Anne Marie Garrigues, ou, par courriel à Montant estimé des dépenses annuelles d'énergie pour un usage standard entre 354 et 478 euros indexées aux années 2021, 2022 et 2023 (ou 2021 uniquement) (si logement F ou G 'Logement à consommation énergétique excessive : classe F ou G') Pour visiter et vous accompagner dans votre projet, contactez Anne Marie Garrigues, ou, par courriel à Selon l'article L.561.5 du Code Monétaire et Financier, pour l'organisation de la visite, la présentation d'une pièce d'identité vous sera demandée. Cette présente annonce a été rédigée sous la responsabilité éditoriale de Anne Marie Garrigues agissant sous le statut d'agent commercial immatriculé au Rsac lyon auprès de Sas Proprietes Privees, au capital de 44 920 euros, Zac Le Chêne Ferré - 44 Allée Des Cinq Continents 44120 Vertou Siret 487 624 , Rcs Nantes. Carte Professionnelle Transactions sur immeubles et fonds de commerce (T) et Gestion immobilière (G) n°CPI 010 388 délivrée par la Cci Nantes - Saint Nazaire. Compte séquestre n° Bpa Saint-Sebastien-Sur-Loire (44230). Garantie Galian-Smabtp - 89 rue de la Boétie, 75008 Paris - n°28137 J pour 2 000 000 euros pour T et 120 000 euros pour G. Assurance responsabilité civile professionnelle par Galian-Smabtp n° de police 28137.J  Mandat réf : 438295 - Le professionnel garantit et sécurise votre projet immobilier. Copropriété de 27 lots - dont 145 lots habitation. ().  Charges annuelles : 156 euros. Anne Marie Garrigues (Ei) Agent Commercial - Numéro Rsac : lyon - .",https://www.vizzit.fr/fr/property/appartement/lyon-2/A8nl1ht9yavhahzt,,
Lyon 7ème (69007),1 476 €,106 m² - 5 pièces,"8 Rue Elie Rochette 69007 Lyon, à proximité des commerces et des transports (Métro B et D / Arrêt Saxe), situé au 3ᵉ étage avec ascenseur d'un immeuble bien entretenu, venez découvrir cet appartement T5 doté d'une entrée, un séjour double spacieux et lumineux donnant accès à une longue terrasse, la cuisine est séparée, meublée et équipée. Vous trouverez également 3 chambres ainsi qu'une salle d'eau et un wc.Un garage ainsi qu'une cave accompagnent la location de ce bien.Le chauffage et l'eau chaude sont collectifs.",https://www.vizzit.fr/fr/property/appartement/lyon-7/A1peougvmn1i0y4a,,
Lyon 4ème (69004),650 €,32 m² - Studio,"Découvrez ce joli studio Montée Kubler composé d'une pièce de vie avec cuisine meublée, d'une salle de bain avec toilette et d'une entrée avec placard de rangement. Eau froide comprise dans les charges. Disponible de suite. Contactez : Laforet Lyon 4",https://www.vizzit.fr/fr/property/appartement/lyon-4/A1g8blpvhc35h1yh,,
Lyon 7ème (69007),957 €,50 m² - 2 pièces,"Proche facs quais du Rhone, et place Jean Mace, nombreux commerces et transports, dans un quartier vivant, situé 77 Rue De Marseille, dans un immeuble ancien sécurisé, venez décrouvrir ce beau T2 de 50,89m2 entièrement meublé au 2ᵉ étage sans ascenseur. Il se compose d'une entrée avec placard, un séjour au calme sur cour, une cuisine entièrement équipée, une grande chambre, une salle d'eau avec douche à l'italienne et Wc séparé. Chauffage individuel électrique.",https://www.vizzit.fr/fr/property/appartement/lyon-7/Aqw5457veepn7kbn,,
Lyon 3ème (69003),616 €,29 m² - Studio,"121 Rue Baraban - 69003 Lyon Visite Virtuelle Uniquement ! Proche de la Gare part-Dieu, dans un immeuble réhabilité en 2018, nous vous proposons ce T1 non meublé se composant d'une entrée, d'une pièce de vie avec un coin cuisine aménagée et équipée (plaque et hotte) disposant d'un rangement et donnant sur un balcon et d'une salle d'eau avec Wc. Le chauffage et l'eau chaude sont individuels électrique. L'eau froide est individuelle.N'hésitez pas à déposer votre dossier de candidature !",https://www.vizzit.fr/fr/property/appartement/lyon-3/Acjhthh0r9to4f5w,,
Lyon 9ème (69009),1 090 €,72 m² - 3 pièces,"21 quai Arloing en plein centre du quartier Vaise métro Valmy, Foncia vous propose en exclusivité cet appartement spacieux, lumineux, double exposition avec vue sur Saône, dans une Résidence de Bon Standing des années 70, au 5ᵉ étage avec ascenseur, composé d'un séjour donnant sur balcon, cuisine équipée, 2 chambres en parquet, salle de bains avec douche, wc, chauffage et eaux inclus dans les charges, cave, garage - Disponible Fin Du Mois - Nous Sans Tarder - Visites Accompagnees",https://www.vizzit.fr/fr/property/appartement/lyon-9/A63l9dmwyxl8newa,,
Lyon 3ème (69003),552 €,25 m² - 1 pièce,"23 Cours Gambetta - 69003Location non meubléeAu coeur du quartier de la Guillotière, appartement une pièce situé au 6ᵉ et dernier étage de l'immeuble (ascenseur j'usqu'au 4ᵉ) comprenant une pièce principale avec coin cuisine (plaque de cuisson et hotte) et une salle d'eau avec W.C.",https://www.vizzit.fr/fr/property/appartement/lyon-3/A263dnmt6oyadzzc,,
Lyon 6ème (69006),1 155 €,78 m² - 3 pièces,"Rue Bugeaud 69006 Lyon - Quais Du Rhone - Metro FOCH Proche de toutes les commodités, commerces et transports en commun  Bel appartement T3 composé d'une entrée, d'une cuisine aménagée et équipée (éléments hauts et bas, plaque de cuisson, hotte, emplacement four), d'un séjour avec placards et cheminée décorative, de deux chambres avec placards, d'une salle de bains et de wc indépendants.  Bien soumis à l'encadrement des loyers : - Loyer de référence : 1 035.54 € - Loyer de référence majoré : 1 239.51 €  Contact : Pauline  Les informations sur les risques auxquels ce bien est exposé sont disponibles sur le site Géorisques :",https://www.vizzit.fr/fr/property/appartement/lyon-6/Aulguom5j564odyu,,
Lyon 9ème (69009),955 €,47 m² - 2 pièces,"Quai Du Commerce 69009 Lyon - Quais De SAONE Proche de toutes les commodités, commerces et transports en commun  Appartement T2, meublé, dans résidence récente composé d'une entrée, d'une cuisine aménagée et équipée (éléments hauts et bas, plaque de cuisson, réfrigérateur, micro-ondes) ouverte sur le séjour donnant sur un balcon de 6.81 m², d'une chambre, d'une salle de bains (lave-linge) et de wc indépendants.  Un garage en sous-sol est compris dans le loyer.  Bien soumis à l'encadrement des loyers : - Loyer de référence : 784.08 € - Loyer de référence majoré : 941.86 €  Contact : Pauline  Les informations sur les risques auxquels ce bien est exposé sont disponibles sur le site Géorisques :",https://www.vizzit.fr/fr/property/appartement/lyon-9/A0fdshvkt63npli4,,
Lyon 2ème (69002),540 €,21 m² - 1 pièce,"Votre régie Galyo a le plaisir de vous proposer à la location, ce studio de 22m².  Au deuxième étage d'une résidence sécurisée située Rue de condé, il se compose d'une entrée avec placard, d'une pièce de vie avec cuisine équipée et d'une salle d'eau avec WC.  L'eau froide est comprise dans les charges.  zone soumise à encadrement des loyers :  Loyer de référence : 410.08 € HC Loyer de référence majoré : 491.66 € HC  Contact : Eva  Les informations sur les risques auxquels ce bien est exposé sont disponibles sur le site Géorisques :",https://www.vizzit.fr/fr/property/appartement/lyon-2/Azlw4ia2i5ag5bji,,
Lyon 7ème (69007),469 €,18 m² - Studio,"Secteur facultés Lyon 2 et 3 quai du Rhône, studio à louer 18 m² au 1er étage, résidence étudiante Donatello, kitchenette équipée, salle de bain, location kit mobilier 210 euros / an, chauffage individuel électrique, disponible de suite. Assurance habitation (facultative) à partir de 10.01 euros par mois. Zone soumise à encadrement des loyers : loyer de base 390.60 euros. Loyer de référence majoré (loyer de base à ne pas dépasser) : 390.60 euros. Complément de loyer 30 euros. Les informations sur les risques auxquels ce bien est exposé sont disponibles sur le Site Géorisques :",https://www.vizzit.fr/fr/property/appartement/lyon-7/Atwphl7coyaeykx9,,
Lyon 3ème (69003),750 €,30 m² - 1 pièce,"Clcv Immobilier vous propose à la location ce T1 bis meublé et entièrement équipé, situé à 5 minutes à pied de la gare Part-Dieu, au sein d’une résidence récente et calme, avec ascenseur. L’Appartement, entièrement rénové, se compose : D’une pièce de vie lumineuse a... Voir plus sur seloger.com",https://www.vizzit.fr/fr/property/appartement/lyon-3/Adg2y1lbqbzqyjej,,
Lyon 2ème (69002),1 094 €,60 m² - 2 pièces,"Magnifique T2 de plus de 60m2 entièrement rénové dans un esprit ""loft"". Dans une rue très calme proche de la palce Bellecour et de la rue Auguste comte. Il se compose d'une très belle pièce de vie avec cuisine ouverte meublée et équipée de four/plaques/hotte/lave vais... Voir plus sur seloger.com",https://www.vizzit.fr/fr/property/appartement/lyon-2/Alm2ws0dyvt787sx,,
Lyon 1er (69001),950 €,40 m² - 2 pièces,"Appartement de 2 pièces meublées - Dans le coeur vibrant de Lyon, découvrez ce superbe appartement rénové, idéalement situé au dernier étage d'un bel immeuble ancien, à deux pas des commerces, restaurants et transports du centre-ville. Bénéficiant d'une rénovation soi... Voir plus sur seloger.com",https://www.vizzit.fr/fr/property/appartement/lyon-1/Ar90a2qje59c9x33,,
Lyon 7ème (69007),1 395 €,75 m² - 3 pièces,"Location Meublee Lodgis (Référence : 3L721305) : Idéalement situé à 4 min à pied de la Place Jean-Jaures, à proximité de la gare Sncf, du tram et du métro, venez découvir un appartement type 3 entièrement meublé de 74m². Ce bien comprend une pièce de vie donnant ac... Voir plus sur seloger.com",https://www.vizzit.fr/fr/property/appartement/lyon-7/Ahh1sm0uzi0bo3nm,,
Lyon 1er (69001),805 €,35 m² - 1 pièce,"F1 de 35,70m2 à 2 pas de la Place des Terreaux rue Donnée dans un immeuble ancien avec digicode, asc. Calme et claire. Chauffage ind élec Dpe en cours. Eau froide collec. Libre le Il se compose d'une entrée, d'un séjour avec un coin cuisine équipée, d'une salle d'eau et wc. Loyer 805 €/ mois Cc dont 105 € de provision pour charges locatives régularisation annuelle). Dépôt de garantie 700 € Honoraires à la charge du locataire: 468,17 € Ttc dont 108,17 €pour l'état des lieux.",https://www.vizzit.fr/fr/property/appartement/lyon-1/A6i9fyvjksjd1za1,,
Lyon 2ème (69002),910 €,27 m² - Studio,"Cet appartement est proposé en formule tout inclus (eau, électricité, internet, linge), sans contraintes ni frais d’ouverture de comptes, et est disponible immédiatement. En plein cœur de Lyon, à quelques pas de la Place Bellecour, ce studio meublé de 21,40 ... Voir plus sur seloger.com",https://www.vizzit.fr/fr/property/appartement/lyon-2/Azipzjo7lxz7zl0o,,
Lyon 3ème (69003),1 450 €,68 m² - 3 pièces,"Secteur Place Guichard, Rue Clos Suiphon. Vous serez a proximité immédiate de toutes les commodités dont les transports (Métro Ligne B - Place Guichard, Tramway T1 - Rue Servient et bus), Gare Part Dieu en moins de 15 minutes à pied. Appartement au 5ème étage a... Voir plus sur seloger.com",https://www.vizzit.fr/fr/property/appartement/lyon-3/A0crq3zyjvesla2s,,
Lyon 7ème (69007),518 €,13 m² - 1 pièce,"En Exclusivité chez Pietrapolis : Disponible le 23 Février 2026 Découvrez ce T1 loué meublé, situé au rdc d'une résidence avec gardien. Le bien est en intérieur de résidence au calme. Cet appartement se compose d'une cuisine équipée et tout l'ameublement nécessaire. ... Voir plus sur seloger.com",https://www.vizzit.fr/fr/property/appartement/lyon-7/Aq99xyre5zdlli0b,,
Lyon 6ème (69006),920 €,37 m² - 2 pièces,"Appartement de 37 m² à louer sur Lyon Cours Vitton – Metro Massena - T2 entièrement meublé et équipé idéalement situé sur le cours Vitton, à deux pas des commerces et des transports. Charmant T2 d'environ 37 m² intégralement rénové : - Une pièce à vivre avec cuisine équipée (four, plaques, frigo, lave-vaisselle) - Une chambre avec salle d'eau, lave-linge et dressing - Wc indépendant Au 5éme étage sans ascenseur. Chauffage individuel électrique. Chercher un logement, c'est l'enfer, alors on a créé 123 Loger pour vous simplifier la vie. Combien ça coûte ? Vous réglez le pass de 34 euros (29 euros pour les étudiants). Le pass est mensuel, votre profil reste actif tant que vous restez abonné-e. Sans engagement, vous pouvez vous désabonner très facilement. Nous offrons une garantie satisfait-e ou remboursé-e pendant 3 mois. Comment ça marche ? Sur 123 Loger, ce sont les propriétaires qui contactent les locataires et ça change tout. 1- Vous définissez vos critères : villes, surface, budget, etc 2- Vous décrivez votre profil locataire : Cdi, étudiant, indépendant, revenus, garant, etc… Une fois pour toute ! 3- Les propriétaires consultent votre profil et vous contactent directement. À bientôt sur 123 Loger.",https://www.vizzit.fr/fr/property/appartement/lyon-6/Axrnfaid8boiqrew,,
Lyon 1er (69001),356 €,16 m² - 1 pièce,"Rue Valfenière. Situé sur la Presqu'il a proximité de toutes les commodités. Appartement au 2ème étage sans ascenseur. Il se compose d'une pièce avec coin cuisine meublé et équipé de plaques de cuisson et frigo, une salle d'eau avec douche et toilettes non sép... Voir plus sur seloger.com",https://www.vizzit.fr/fr/property/appartement/lyon-1/A6g1sqo1ebh8mgjc,,
Lyon 3ème (69003),1 200 €,18 m² - Studio,"Studio 1 pièce 18 m² Magnifique Studio de 18.45m2 entièrement rénové, meublé et décoré avec goût. L'appartement est composé d'une pièce de vie attenante à une cuisine entièrement équipée, ainsi que d'une salle d'eau avec Wc. Idéalement située en pleins coeur du 3ème arrondissement. Vie de quartier agréable, à proximité des commerces . L'appartement est loué entièrement meublé : frigo-congélateur, plaque de cuisson, micro-onde, Tv, lave-linge, literie Loyer Hc : 760 € Charges : 30 € (comprenant l'entretien des parties communes) Loyer Cc : 800€ Dépôt de garantie : 1520€ Honoraires de location : 239,85€ Disponibilité : Immédiatement Pour information, les réponses aux messages/demandes de contacts sont faites par emails. Vous pouvez déposer votre dossier directement sur notre site internet : [Url masquée pour votre sécurité] Zone soumise à encadrement des loyers : Loyer de référence majoré (loyer de base à ne pas dépasser) 411.44€/ complément de loyer justifié par des éléments de confort additionnels 388.56€. Estimation des coûts annuels d'énergie du logement : entre 420€ et 620 €. Les informations sur les risques auxquels ce bien est exposé sont disponibles sur le site Géorisques : Contact : Agence immobilière Néoloc - 21 Place Carnot 69002 Lyon [Coordonnées masquées] [Coordonnées masquées] Référence annonce : n°866 Informations Loi Alur Titre professionnel : Agent immobilier et administrateurs de biens - Carte professionnelle T et G n° Cpi 024 045 délivrée par la Cci de Lyon Métropole Saint-Étienne Roanne Activité Transaction et Gestion - Garantie financière Transaction et Gestion 1 340 000€ Galian, 89 rue de la Boetie, 75008 Paris - N° B - Assurance Rcp Mma Police Surface : 18 m² Date de réalisation du diagnostic énergétique : Consommation énergie primaire : 327 kWh/m²/an Consommation énergie finale : Non communiqué",https://www.vizzit.fr/fr/property/appartement/lyon-3/A1hc9g9ew8x4lbzj,,
Lyon 3ème (69003),1 200 €,18 m² - Studio,"Magnifique Studio de 18.45m2 entièrement rénové, meublé et décoré avec goût. L'appartement est composé d'une pièce de vie attenante à une cuisine entièrement équipée, ainsi que d'une salle d'eau avec Wc. Idéalement située en pleins coeur du 3ème arrondissement. Vie de quartier agréable, à proximité des commerces . L'appartement est loué entièrement meublé : frigo-congélateur, plaque de cuisson, micro-onde, Tv, lave-linge, literie Loyer Hc : 760 € Charges : 30 € (comprenant l'entretien des parties communes) Loyer Cc : 800 € Dépôt de garantie : 1520 € Honoraires de location : 239,85 € Disponibilité : Immédiatement Pour information, les réponses aux messages/demandes de contacts sont faites par emails. Vous pouvez déposer votre dossier directement sur notre site internet : Zone soumise à encadrement des loyers : Loyer de référence majoré (loyer de base à ne pas dépasser) 411.44 €/ complément de loyer justifié par des éléments de confort additionnels 388.56 €. Estimation des coûts annuels d'énergie du logement : entre 420 € et 620 €. Les informations sur les risques auxquels ce bien est exposé sont disponibles sur le site Géorisques : Contact : Agence immobilière Néoloc - 21 Place Carnot 69002 Lyon Référence annonce : n°866 Informations Loi Alur Titre professionnel : Agent immobilier et administrateurs de biens - Carte professionnelle T et G n° Cpi 024 045 délivrée par la Cci de Lyon Métropole Saint-Étienne Roanne Activité Transaction et Gestion - Garantie financière Transaction et Gestion 1 340 000 € Galian, 89 rue de la Boetie, 75008 Paris - N° B - Assurance Rcp Mma Police",https://www.vizzit.fr/fr/property/appartement/lyon-3/Ai8teeoqc7hqek0v,,
Lyon 4ème (69004),820 €,37 m² - 2 pièces,"À louer – Studio meublé 36 m² – Vue Saône – quartier Vaise (Rue d’Ypres) - Charmant studio meublé de 36 m², situé au rez-de-chaussée d’un immeuble calme, en bas de la rue d’Ypres, avec une vue dégagée sur la Saône et sans vis-à-vis. Le logement : - Surface : 36 m² -Entièrement meublé -Cuisine équipée (électroménager inclus) -Placards intégrés -Chauffage électrique -Appartement lumineux, bien agencé Cadre de vie : -Au bord des quais de Saône, idéal pour se balader, courir ou faire du vélo sur plusieurs kilomètres -Environnement agréable et paisible -Vue directe sur la Saône -Pas de vis à vis Transports & commodités -À proximité de la gare de Vaise -Bus direct en bas de l’immeuble pour rejoindre Bellecour -Station Vélo’v à côté -Accès rapide aux commerces et services Conditions -Loyer : 820 € / mois tout inclus (électricité, eau, chauffage et charges de copropriété) -Assurance loyers à la charge du locataire -Idéal pour un(e) jeune professionnel(le) vivant seul(e) Disponibilité : mi-mars 2026 Diagnostic énergétique C. Pour plus d’informations, photos, ou organiser une visite, n’hésitez pas à me .",https://www.vizzit.fr/fr/property/appartement/lyon-4/A0lynry1tq909f15,,
Lyon 5ème (69005),1 467 €,72 m² - 3 pièces,"A Louer, appartement T3 Meuble de 72m2. Appartement à louer, idéalement situé dans le centre historique de Lyon 5ème, il est à proximité de toutes commodités et des transports en commun. Ce T3 en bon état (rénové en 2019) offre une belle pièce à vivre traversante de 35m2 avec une belle hauteur sous plafond et sa cuisine ouverte, deux grandes chambres, dont l'une avec un grand placard de rangement, une salle de bains, un grand dressing. Disponible immédiatement. Loyer : 1467 euros charges comprises (100 euros de charges) Dépôt de garantie : 2734 euros Honoraires : 936,26 euros (dont 216,06 euros de frais d'état des lieux) Pour visiter ou obtenir plus d'informations, contactez-nous dès aujourd'hui",https://www.vizzit.fr/fr/property/appartement/lyon-5/A29ebami9h47cl9z,,
Lyon 3ème (69003),1 845 €,95 m² - 3 pièces,"Appartement 3 pièces 95 m² Nous vous proposons un T3 meublé de 93,3 M2 dans résidence de grand [Url masquée pour votre sécurité] se situe au 74 avenue de saxe 69003 Lyon .Au deuxième étage avec ascenseur , il dessert un hall d 'entrée qui donne sur un spacieux sé... Voir plus sur lesiteimmo.com",https://www.vizzit.fr/fr/property/appartement/lyon-3/Aj8hgqjoloyuppgm,,
Lyon 2ème (69002),907 €,45 m² - 2 pièces,"À louer - Appartement T2 avec terrasse - Lyon 2 Appartement de type 2 d'une superficie de 45,25 m², situé au 12 rue Bichat, 69002 Lyon. Il se trouve au 1er étage avec ascenseur et se compose d'une cuisine ouverte sur le séjour, d'une chambre, d'une salle d'eau, d... Voir plus sur seloger.com",https://www.vizzit.fr/fr/property/appartement/lyon-2/Are9qxxqgs09ua7m,,
Lyon 1er (69001),800 €,46 m² - 2 pièces,"Rue René Leynaud - Venez découvrir ce charmant appartement T2, situé au 3 € étage sans ascenseur d?un immeuble sécurisé. Il se compose d?une entrée, d?une agréable pièce de vie avec alcôve, intégrant un coin cuisine, d?une chambre, d?une salle de bains et de wc séparés. Chauffage individuel électrique. Appartement idéalement situé, au cœur d?un quartier vivant et recherché des Pentes de la Croix-Rousse, à proximité des commerces et des transports. Assurance Multirisques Privilège : 14.69 euros / mois Services facultatifs, voir conditions en agences Les informations sur les risques auxquels ce bien est exposé sont disponibles sur le site Géorisques : georisques. Gouv. Fr",https://www.vizzit.fr/fr/property/appartement/lyon-1/A6d3landgzcz3zk2,,
Lyon 2ème (69002),1 500 €,83 m² - 3 pièces,"Location Appartement 3 pièces Lyon 2ème 83m² meublé : 1500€/mois Emplacement privilégié proche Bellecour (100m de la place). Dans une résidence de standing, appartement entièrement rénové en 2021 avec 2 chambres et salon, de 83m², situé au 6 rue François dauphin 69002 Lyon. Appartement au 3ème étage sur 5 avec ascenseur Ce bien comprend, un hall d'entrée en mosaïque avec un grand placard, d’une cuisine ouverte sur le salon de 35m² en parquet (avec cuisson électrique), de très grands placards et de 2 chambres de 10m² et de 20m² en parquet, d’une salle de douche en mosaïque avec Wc et d’un balcon de 1m². Appartement en très bon état et à proximité de toutes les commodités. Date de réalisation du diagnostic : Dépôt de garantie : 1500 € Loyer : 1500 Cc Montant des charges : 100 € / mois Le montant du loyer de référence majoré est de 17.90 € par mètre carré. En dessous du montant loyer majoré (1485,70€ hors charges.) et pas de complément de loyer : 0€ Le montant du loyer de base initial hors charge est de mille quatre cents euros (1400€). L’Appartement a été entièrement rénové en 2021. Dans l’appartement il y a un balcon et une cave. Chauffage électrique individuel, Eau chaude : Cumulus électrique Les charges incluent, les charges générales et l'eau froide. Disponible le Montant estimé des dépenses annuelles d'énergie pour un usage standard : entre 900 € et 1280€ par an (classe C en performance énergétique et A en Ges).",https://www.vizzit.fr/fr/property/appartement/lyon-2/Ab7ei0neo6znkbdf,,
Lyon 7ème (69007),1 425 €,102 m² - 4 pièces,"A proximité bus, tram, métro et petits commerces. Dernier étage, traversant vue dégagée - calme et lumineux. 3 chambres sol parquet sur cour intérieure sans vis à cuisine sol carrelé équipée et aménagée - salle d'eau refaite à neuf - wc séparé - séjour salon sol parquet neuf ouvert sur balcon vue sur Part Dieu - chauffage individuel au gaz. Parking et cave -",https://www.vizzit.fr/fr/property/appartement/lyon-7/A1fyv01lqtzjsyk5,,
Lyon 3ème (69003),1 520 €,87 m² - 4 pièces,"A l'angle du cours Lafayette , à 2 pas des halles Paul Bocuse, et proximité gare de la Part Dieu, dans résidence de standing, F4 en très bon état, situé au 4ème étage avec ascenseur, se composant d'un rand couloir d'entrée avec placard-penderie, d'un séjour avec balcon, d'une cuisine aménagée et semi-équipée, de 3 chambres avec placard-penderie, d'une salle d'eau, et d'un wc. Cave et Parking en sous-sol. Loyer mensuel de 1 520 € ( loyer 1 220 € + parking 80 € + provision sur charges locatives 100 € + provision sur chauffage 90 € + provision sur consommation eau froide 30 € ). Honoraires loi Alur : 1 321,75 €.",https://www.vizzit.fr/fr/property/appartement/lyon-3/Adk3ndklwqmyennd,,
Lyon 7ème (69007),655 €,27 m² - 2 pièces,"Particulier loue appartement meublé en rez-de-jardin d’environ 27m2 à Lyon 7. Idéal étudiant ou jeune actif (10mn à pied Ens, Em Lyon, Tram Debourg, Métro pl. Jean Jaurès/Debourg) dans une résidence fermée. Complément de loyer basé sur : jardin privatif 35m2, absence de vis à vis, local vélo et commerces à proximité immédiate. Ce bien se compose d’une pièce séjour cuisine équipée, d’une chambre et d’une salle de douche. Chauffage individuel (Pac réversible), charges comprises, sauf électricité à charge locataire. Appartement rénové libre de suite.",https://www.vizzit.fr/fr/property/appartement/lyon-7/Ayt04lofl185mgtr,,
Lyon 4ème (69004),755 €,52 m² - 2 pièces,"Place commandant Arnaud, 52 m2 au 1er étage sur cour, au calme et lumineux, vaste séjour, parquet stratifié, sur cuisine ouverte avec éléments hauts et bas, une chambre, salle de bains, wc séparé, chauffage ind par radiateur gaz ""auer"" + convecteurs électrique, double vitrage, volets roulants dans immeuble entretenu avec ascenseur libre le 5 mars, 738.08 € + 16 € charges., Dpe E/C Les informations sur les risques auxquels ce bien est exposé sont disponibles sur le site Géorisques : georisques. Gouv. Fr",https://www.vizzit.fr/fr/property/appartement/lyon-4/Au8jv092pzuk5wq7,,
Lyon 4ème (69004),715 €,30 m² - 2 pièces,"A saisir ! Sur cour intérieur ! T2 de 30.49 m² rénové situé 53 grande rue de la Croix Rousse 69004 Lyon. Logement au 1er étage sans ascenseur comprenant un séjour avec cuisine ouverte équipée et aménagée, une chambre, une salle d'eau avec toilette. Individuel électrique. Zone soumise à encadrements des loyers. Loyer de base : 533.58 €. Loyer de base majoré : 640.29 €. Complément du loyer : 64.71 € justifié par la rénovation du logement. Montant estimé des dépenses annuelles d'énergie pour un usage standard : entre 700.00 € et 990.00 € par an. Prix moyens des énergies indexés au . Adresse : 69004 - Lyon 4E Arrondissement - 53 Grande Rue De La Croix Rousse. Loyer Hc : 705 €. Charges mensuelles : 10 €. Honoraires de location : 400.03 €. Dépôt de garantie : 705 €. Dpe : 226 (D). Pour découvrir cette réelle opportunité de location, contactez-moi : régie gindre - 3 Grande rue de la Croix Rousse - 69004 Lyon - Consultez pour plus de photos et d'informations sur ce bien. Nos honoraires : Les informations sur les risques auxquels ce bien est exposé sont disponibles sur le site Géorisques :",https://www.vizzit.fr/fr/property/appartement/lyon-4/A3sm1uar7queca31,,
Lyon 9ème (69009),650 €,23 m² - Studio,"Studio meublé libre de suite de 23m2 au Rdc d'une maison entré indépendante et terrasse sans vis à vis au sud. 1 place de parking dans la propriété vous disposerez d'un cuisine équipée table de cuisson, four, et frigo d'un canapé convertible et d'un coin repas l'appartement est climatisé le loyer est de 650 euros charge comprise, c'est à dire électricité, eau froid et chaude ainsi qu'un accès internet partagé entre les 2 autres appartements.",https://www.vizzit.fr/fr/property/appartement/lyon-9/Al6kf36bnqik74g9,,
Lyon 7ème (69007),721 €,35 m² - 2 pièces,"Lyon Métropole Habitat propose à la location un logement étudiant de 35,20 m², situé dans un secteur agréable et dynamique du 7 € arrondissement de Lyon. A proximité immédiate des commerces, cafés, équipements sportifs et espaces de promenade, le quartier of... Voir plus sur seloger.com",https://www.vizzit.fr/fr/property/appartement/lyon-7/Awjxlr2dcsk5o8in,,
Lyon 4ème (69004),635 €,23 m² - 1 pièce,"Votre nouveau logement à partir de 299€ Ttc Faites votre dossier directement sur notre site pour candidater. Un seul dossier, plusieurs propositions de logement ciblées en fonction de celui-ci. Un fonctionnement simple : - premier arrivé, premier logé pour ch... Voir plus sur seloger.com",https://www.vizzit.fr/fr/property/appartement/lyon-4/Aqbcxqkjre8if68l,,
Lyon 8ème (69008),832 €,40 m² - 2 pièces,"Location 69008 Lyon - Appartement T2 - Meublé - proche écoles, transports et commerces. Cet appartement de 40.33m2 au 4ème étage est composé d'une entrée avec placard, un séjour salon avec cheminée décorative, une cuisine séparée meublée et semi-équipée, une sa... Voir plus sur seloger.com",https://www.vizzit.fr/fr/property/appartement/lyon-8/A3t7d62l46e53uth,,
Lyon 6ème (69006),795 €,41 m² - 2 pièces,"Votre nouveau logement à partir de 299€ Ttc Faites votre dossier directement sur notre site pour candidater. Un seul dossier, plusieurs propositions de logement ciblées en fonction de celui-ci. Un fonctionnement simple : - premier arrivé, premier logé pour ch... Voir plus sur seloger.com",https://www.vizzit.fr/fr/property/appartement/lyon-6/Asxyn3bqyr73l9wh,,
Lyon 3ème (69003),1 120 €,77 m² - 4 pièces,"Bonjour, A partir du 11 mars 2026, notre appartement sera libre. Chauffage poele a granule. 2 chambres",https://www.vizzit.fr/fr/property/appartement/lyon-3/A1ihzunsnvaxdvpj,,
Lyon 1er (69001),995 €,51 m² - 1 pièce,"6 Quai de la Pecherie Lyon, idéalement situé, au pied des quais de Saone, à deux pas des commerces et des transports, appartement en parfait état meublé composé d?une entrée, une cuisine ouverte sur le séjour, un coin chambre, une salle d?eau avec douche et Wc. Chauffage et eau chaude individuels électriques. Assurance Multirisques Privilège : 12.03 euros / mois Services facultatifs, voir conditions en agences Les informations sur les risques auxquels ce bien est exposé sont disponibles sur le site Géorisques : georisques. Gouv. Fr",https://www.vizzit.fr/fr/property/appartement/lyon-1/Akzd9mqb33753yj6,,
Lyon 7ème (69007),650 €,36 m² - Studio,"Loue à Lyon 7 appartement T1 de 36 m² situé au 5ème étage d'un immeuble de 7 étages, dans résidence de 1970 propre et bien entretenue sécurisée avec gardien. Cet appartement dispose d' une pièce principale, une cuisine ouverte meublée et une salle de bain avec baignoire avec cave en sous-sol L'appartement est situé dans un quartier agréable et calme, situé à 5 mn de Jean Macé. Proche tous commerces et transports ( gare Sncf Métro B Tram T2 + nombreux bus et station Vélov ) Chauffage collectif gaz. Classe énergie D - Classe climat D. L' appartement est disponible de suite. N'hésitez pas à me pour plus d'informations Sérieuses garanties exigées. Honos + dépôt de garantie + engagement de caution",https://www.vizzit.fr/fr/property/appartement/lyon-7/Asejir4qc9q3ow5x,,
Lyon 5ème (69005),800 €,21 m² - 2 pièces,"Appartement meublé propose à la location, minimum 1 mois (pas assujetti aux Apl) Cet appartement est situé à proximité immédiate du quartier résidentiel du point du jour. Très bien desservi pour se rendre sur le centre de Lyon. Il se situe au sein d'un immeuble avec une façade en court de rénovation. Il s'agit d'un T1 de 21m. Complètement rénové, avec goût. Vous vous sentirez comme chez vous. Cuisine équipée, chambre avec Tv, wifi 4G, machine à laver. Contrats Eau, électricité inclus. Le ménage et changement de draps/serviettes peuvent être ajoutés au séjour sur demande. Disponible dès à présent.",https://www.vizzit.fr/fr/property/appartement/lyon-5/Ahgj87wex3rdm3vt,,
Lyon 8ème (69008),600 €,18 m² - Studio,"Retour à la location – Suite changement orientation scolaire locataire actuel Tant que l’annonce est active sur le site, je prends encore des dossiers, donc pas la peine de simplement demander si le logement est encore disponible, mais je vous laisse répondre aux demandes ci-dessous. En direct avec le propriétaire, pas de frais d’agence pour vous. Caution Solidaire Obligatoire. Studio récemment rénové et équipé de 18 m2 situé rue Saint Agnan à Lyon 8, il est idéalement situé dans le quartier Montplaisir, parfaitement desservi par les lignes de métro D et les trams T2 et T4. Les gares de la Part Dieu et de Perrache se trouvent à moins de 15 minutes, en Tramway porte à porte de l’appartement. Il est également possible de se rendre facilement sur la Presqu’île du centre-ville, le quartier de Confluence ou même le Parc de la tête d’Or. Appartement au Rdc, fenêtre donnant du bon côté, côté jardin donc très agréable, sans vis-à-vis. Il comprend une entrée, séjour/bureau – chambre avec un lit 1 personne + matelas – coin cuisine équipé d’un frigo et plaque cuisson avec placard intégré, salle de bain – Wc. Logement non fumeur. Exposition sud est. Loyer : 600€ avec charges (eau et copropriétés), hors électricité et hors internet qui sera à souscrire par vous directement. Dépôt de garantie : 2 mois de loyer hors charges Possibilité visite uniquement sur rdv Disponible février à voir avec le locataire actuel, signature du bail suite visite et 1 mois de loyer hors charge pour bloquer le logement (avance du futur dépôt de garantie) Recherche personne sérieuse et soignée, Non Fumeur, 1er contact par la messagerie du site en me communiquant votre situation afin de faciliter l’échange : Nom, prénom, études avec le nombre d’années prévues et/ou travail et salaire mensuel net si c’est le cas, durée initiale du bail souhaité et situations des 2 garants (travail et salaires mensuels nets pour chacun). Pas De Reponse De Ma Part S’Il Manque Des Informations Demandees Ci Dessus, Je Recois Enormement De Dossiers Donc Pas Le Temps De Vous Relancer Pour Completer. Je Receptionne Donc Vos Informations Sur La Messagerie Du Site Apres La Publication De L’Annonce, Et C’Est Moi Qui Revient Vers Vous Lorsque Vos Informations Sont Completes Et Que J’Ai Selectionne Votre Dossier. Inutile De Relancer. Je vous donnerai ensuite mon adresse mail pour l’envoi de votre dossier de candidature : votre carte identité et celle de vos garants, 3 dernières fiches de paie et dernier avis d'imposition, pour vous si vous travaillez et vos 2 garants. Après la visite ou confirmation directe de votre part sans visite, une avance du dépôt de garantie, correspondant à 1 mois de loyer, vous permettra de bloquer le logement. Le solde de la caution sera à régler à la signature du bail. Le bail sera ensuite enregistré au service juridique du cabinet d’expertise comptable qui m’accompagne. Le quartier Montplaisir est proche des campus d’universités et facultés.",https://www.vizzit.fr/fr/property/appartement/lyon-8/Afclkzsafydcqee9,,
Lyon 1er (69001),947 €,40 m² - 2 pièces,"Appartement de 40 m2 à louer sur Lyon 2 Pièces · 40 m² · Lyon 69001 · Quartier: Croix-Rousse - Chartreux Appartement 2 pièces Non Meublé de 40 m², au 1er étage avec petit balconnet d'un bâtiment comportant 2 étages, sur place dégagée et au calme. Résidence quali... Voir plus sur seloger.com",https://www.vizzit.fr/fr/property/appartement/lyon-1/A0mkzfdasie9zeqs,,
Lyon 1er (69001),1 394 €,69 m² - 2 pièces,"Bail Societe Exclusivement ! 15 Rue de la République - Lyon 1er - Situé en plein cœur de Lyon, dans un immeuble ancien de caractère, cet appartement de type 2 de 69,57 m² se trouve au 4ème étage avec ascenseur. Il comprend : une entrée, un séjour lumineux, une cuisine indépendante et fonctionnelle, une chambre, une salle d'eau et des toilettes séparées. Assurance Multirisques Privilège : 14.69 euros / mois Services facultatifs, voir conditions en agences Les informations sur les risques auxquels ce bien est exposé sont disponibles sur le site Géorisques : georisques. Gouv. Fr",https://www.vizzit.fr/fr/property/appartement/lyon-1/Aaz1wm4shxz12q90,,
Lyon 2ème (69002),1 398 €,124 m² - 4 pièces,"Situé quai Perrache, à deux pas de toutes les commodités, cet appartement T4 au 4 € étage avec ascenseur vous offre un cadre de vie agréable. Il comprend une entrée, un séjour lumineux avec une belle vue sur le Rhône, une cuisine séparée, trois chambres dont une avec salle d?eau privative, une salle de bains et des toilettes séparées. De nombreux rangements complètent ce bien pratique et fonctionnel. Assurance Multirisques Privilège : 21.08 euros / mois Services facultatifs, voir conditions en agences Les informations sur les risques auxquels ce bien est exposé sont disponibles sur le site Géorisques : georisques. Gouv. Fr",https://www.vizzit.fr/fr/property/appartement/lyon-2/Awzx9ypjurhvftjw,,
Lyon 3ème (69003),600 €,17 m² - Studio,"Studio meublé Lyon 7 - Proximité métro, commerces, centre-ville Studio en très bon état de 17 m² avec Mezzanine - 560 € Hc Situé à 2 min à pied du Métro Garibaldi – 2ème étage avec digicode et sans ascenseur, entrée avec serrure de sécurité– côté rue Garibaldi. Loyer : 580 euros et 20 euros de charges (d'entretien de copropriété) Une caution correspondant à 2 mois de loyer hors charges est demandée. Un garant exigé. Pièce de vie en parquet avec Kitchenette équipée : réfrigérateur, micro-ondes, 2 plaques de cuisson, un évier. Un grand placard de rangement, une table, deux chaises et une télévision, canapé 2 places. Appartement équipé en fibre optique. Fenêtre avec double vitrage. Salle de bain avec douche, sèche serviettes et lave-linge. Wc séparé Chambre sur Mezzanine avec un matelas double, Le dossier de candidature doit impérativement être constitué de Toutes les pièces suivantes : - Copie de la carte d'identité du locataire et du garant - 3 derniers bulletins de paie du locataire et/ou du garant - Dernier avis d'imposition du locataire et/ou du garant - Contrat de travail si salarié, carte d'étudiant si étudiant Disponible à partir du14 Février 2026. Merci de me par email en précisant toutes vos coordonnées, rappel sous 24 heures pour organiser les visites",https://www.vizzit.fr/fr/property/appartement/lyon-3/Avvxcbji6ioxaug9,,
Lyon 6ème (69006),1 121 €,77 m² - 3 pièces,"F3 de 78m2, en bon état, au 1er étage sans ascenseur, se composant d'un hall d'entrée, un séjour avec un coin cuisine avec meubles et plaques induction, deux chambres avec placards, une salle de bains avec branchement machine à laver et un wc. Le chauffage est électrique avec des fenêtres en doubles vitrages. Le sol principal est en carrelage et parquets flottants dans les chambres. La taxe d'ordures ménagères est comprise dans les honoraires. Proximité commerces, transports, métro ligne A et Part Dieu. Charges du locataire : 60€ Honoraires à la charge du locataire : 983€ Dépôt de garantie : 1061€ L'état des lieux est compris dans les honoraires. Encadrement Des Loyers Loyer de base : 1029.34€ Loyer de base majoré : 1232.08€ Les informations sur les risques auxquels ce bien est exposé sont disponibles sur le site Géorisques :",https://www.vizzit.fr/fr/property/appartement/lyon-6/Ab0pragfc3rd97cj,,
Lyon 7ème (69007),860 €,30 m² - 2 pièces,"Appartement de 30 m2 à louer sur Lyon Loue très bel appartement rue Jean Vallier (Lyon 7) à 2 pas du métro Débourg (Métro B) et de plusieurs écoles : Ens, Em Lyon.. En location pour 860€ / mois, charges comprises. Les charges incluent l'électricité des parties com... Voir plus sur seloger.com",https://www.vizzit.fr/fr/property/appartement/lyon-7/Ac0jtyyixary2szv,,
Lyon 5ème (69005),600 €,25 m² - Studio,"Appartement de 25 m2 à louer sur Lyon A louer studio de 26 m² environ au sein d'une résidence de bon standing situé 1 rue de la Quarantaine, Lyon 5. L'appartement situé au 2ème étage avec ascenseur se compose d'une belle pièce de vie lumineuse avec placard ... Voir plus sur seloger.com",https://www.vizzit.fr/fr/property/appartement/lyon-5/Aqk45y0upr7zc59o,,
Lyon 7ème (69007),728 €,34 m² - 1 pièce,"A Louer - Appartement T1 de 34m² avec parking - Rue Cavenne Lyon 7 Appartement de type T1 au 1er étage de 34m² composé d'une grande pièce, d'une cuisine ouverte, d'un balcon, d'une salle de bain avec Wc. Une place de parking en sous-sol est loué avec l'appartement (N°20B) Chauffage : Individuel électrique Eau chaude : Individuelle électrique Eau froide : Collective avec compteur individuel Loyer : 668 € Charges : 60 € -- Les nouveaux diagnostics sont en cours de réalisation Loyer de référence : 16.6 € /m² Loyer majoré : 19.9 € /m² Référence annonce : Cavenne7-32 Dépôt de garantie : 668 € Les informations sur les risques auxquels ce bien est exposé sont disponibles sur le site Géorisques :",https://www.vizzit.fr/fr/property/appartement/lyon-7/A2uxd14a1nsa8qno,,
Lyon 8ème (69008),1 205 €,48 m² - 2 pièces,"Situé dans le quartier des hôpitaux, l'appartement est situé au 3ème étage donnant sur une rue calme, orienté sud-ouest. Il comporte : 1 entrée avec placard, 1 cuisine équipée, séjour avec un canapé une table et des chaises, 1 chambre avec un lit double et un dressing. 1 salle de bains et 1 Wc. Autres parties du logement : un balcon de 7,83 mètres carrés. Elément annexe au logement : un box de parking fermé",https://www.vizzit.fr/fr/property/appartement/lyon-8/A0hfb82tp3xgpqmi,,
Lyon 1er (69001),1 430 €,71 m² - 2 pièces,"Dans un secteur très prisé de la Croix Rousse, à proximité du Métro Croix Rousse, proche de la magnifique place Bellevue et du parking du Gros Cailloux, appartement T2 meublé et lumineux de 71,4 m2 au premier étage, donnant sur une rue calme et proche des commerces. Ce bel appartement canut comprend un grand salon avec une cuisine bien équipée, ouverte, de 4 m sous plafond, incluant une cave à vin, une chambre en mezzanine, un espace bureau, un espace dressing ou chambre d’enfant, une salle de bain et un Wc séparé. Une pièce annexe de 7 m2 sert de buanderie, de débarras (incluant une machine à laver ainsi que le chauffe-eau et la Vmc) et de garage a vélo. Entièrement rénové en 2016 avec des matériaux de qualité, cet appartement bénéficie de beaucoup de charme et de beaux espaces. Par ailleurs, chose très rare dans ce secteur de Lyon, cet appartement a un balcon de 4m2 environ. Fibre installée. Pas d’honoraire. Disponible à partir du 1er avril 2026.",https://www.vizzit.fr/fr/property/appartement/lyon-1/Aktcs40p8yo8c497,,
Lyon 7ème (69007),535 €,26 m² - 1 pièce,"A saisir ! Appartement entièrement repeint récemment ! T1 non meublé de 26.75 m² situé au 67 rue Domer 69007 Lyon. Appartement au 2ème étage avec ascenseur comprenant une pièce principale avec coin couchage, une cuisine ouverte semi équipée et aménagée, une salle de bains avec toilette. Appartement en bon état, clair et à proximité de toutes les commodités. Chauffage et eaux individuels électrique. Zone soumise à encadrements des loyers. Loyer de base : 425.33 €. Loyer de base majoré : 510.93 €. Montant estimé des dépenses annuelles d'énergie pour un usage standard : entre 720.00 € et 1020.00 € par an. Prix moyens des énergies indexés au . Adresse : 69007 - Lyon 7E Arrondissement - 67 Rue Domer. Loyer Hc : 490 €. Charges mensuelles : 45 €. Honoraires de location : 350.43 €. Dépôt de garantie : 490 €. Dpe : 348 (E). Pour découvrir cette réelle opportunité de location, contactez-moi : régie gindre - 3 Grande rue de la Croix Rousse - 69004 Lyon - Consultez pour plus de photos et d'informations sur ce bien. Nos honoraires : Les informations sur les risques auxquels ce bien est exposé sont disponibles sur le site Géorisques :",https://www.vizzit.fr/fr/property/appartement/lyon-7/A4unovbbafe2oxod,,
Lyon 4ème (69004),803 €,59 m² - 2 pièces,"Appartement de type T2 bis situé au rez-de-chaussée du 1 Place Commandant Arnaud, 69004. Ce logement se compose d'un salon, d'une cuisine aménagée ouverte sur le séjour, d'une chambre avec rangements, d'un bureau pouvant faire office de seconde chambre, d'une salle de bain et d'un Wc séparé. Chauffage gaz individuel. Une cave vient compléter ce logement. Possibilité de louer ce bien pour un usage professionnel : Loyer en local professionnel 850€ charges comprises. Appartement idéalement situé à proximité des transports, écoles et commerces. Les informations sur les risques auxquels ce bien est exposé sont disponibles sur le site Géorisques :",https://www.vizzit.fr/fr/property/appartement/lyon-4/Abxsqpsk7od2xhbq,,
Lyon 1er (69001),1 380 €,98 m² - 3 pièces,"Rue Pleney - Idéalement situé au cœur de la Presqu?île, à proximité immédiate de la place des Terreaux, dans un bel immeuble ancien avec ascenseur, cet appartement offre de beaux volumes et une distribution fonctionnelle. Il se compose d?un hall d?entrée, d?une cuisine, d?un séjour lumineux, de deux chambres, d?une salle de bains, de wc séparés. Assurance Multirisques Privilège : 18.02 euros / mois Services facultatifs, voir conditions en agences Les informations sur les risques auxquels ce bien est exposé sont disponibles sur le site Géorisques : georisques. Gouv. Fr",https://www.vizzit.fr/fr/property/appartement/lyon-1/A88zcmj1j1m1caei,,
Lyon 5ème (69005),720 €,36 m² - 1 pièce,"Bonjour, Libre fin février Si interessé(s), merci de préciser votre situation et vos garants. D'autres photos seront transmises. Nous louons notre appartement meublé de 36m2 loi carrez + 9m2 mezzanine, proche du funiculaire St Just, à moins de 30 min à pied du Vieux Lyon dans le 5e. Appartement en rdc, dans petite copropriété calme de 8 logements. Commerces et Tcl à proximité L'appartement se compose d'une entrée par la cuisine, d'une salle d'eau récente, d'une pièce à vivre avec une belle hauteur sous plafond et des murs en pierre. Nombreux placards Lit 2 places en mezzanine Canapé lit rapido dans salon. Radiateurs à inertie neufs. Entièrement meublé Disponible fin février, visites possibles dès le 22/02. 720€ dont 20€ de provisions sur charge. Fibre ok",https://www.vizzit.fr/fr/property/appartement/lyon-5/Ag0jhprc792w4en2,,
Lyon 1er (69001),1 150 €,60 m² - 2 pièces,"Loue superbe appartement T2 de 60m² de type canut situé au 2ème étage d'un immeuble de 4 étages à Lyon 1er , pentes de la croix rousse. Refait à neuf en 2020, il est non meublé. Il comprend 1 grande pièce de vie avec cuisine ouverte et équipée, 1 chambre et 1 salle de bains avec baignoire et Wc séparé. Chauffage individuel électrique. L'appartement bénéficie d'une belle orientation sud-est. Proches des commerces et transport. Classe énergie C - Classe climat C. Appartement disponible à la location à partir du 09 mars (2026). N'hésitez pas à me pour plus d'informations ou pour organiser une visite.",https://www.vizzit.fr/fr/property/appartement/lyon-1/A3uw4244m4kavm13,,
Lyon 9ème (69009),950 €,42 m² - 2 pièces,"Loue appartement T2 meublé, 42m2, Lyon 9 Vaise, Avenue Joannes Masset, avec cave, balcon et garage. Résidence récente sécurisée, avec grand parc au calme et à proximité de toutes commodités (Métro Valmy à 7 minutes à pieds, gare de Vaise, autoroute…). 1Er étage avec ascenseur. Il se compose : Entrée avec placard, Wc séparé, Une pièce de vie principale avec cuisine aménagée (plaque de cuisson, four, frigo-congélateur), grands rangements, salon avec accès balcon. Chambre avec lit double, dressing aménagé, Salle de bain avec baignoire et meuble vasque, lave linge. Très bon état, lumineux. Chauffage individuel au gaz. Equipement fibre. Garage fermé en sous-sol. Encadrement des loyers : Loyer majoré 790 € + 40 € prov charges (entretien espaces communs, ascenseur, éclairage, espaces verts). Complément loyer : cave, garage : 120 € Sans frais d’agence Renseignements et photos complémentaires sur demande. Premier contact par mail, merci de laisser vos coordonnées téléphoniques. Références exigées 3 x le montant du loyer + garant(s). Dossier de location complet (pièce d’identité, justificatif de domicile, 3 dernières quittances de loyer, justificatif de situation professionnelle (contrat de travail), justificatifs de ressource (3 dernières fiches de paie), 2 derniers avis d’imposition. Pour le garant ces mêmes pièces vous seront demandées. Visite possible uniquement après analyse des dossiers. Merci de votre compréhension.",https://www.vizzit.fr/fr/property/appartement/lyon-9/A467xavnftihh315,,
Lyon 2ème (69002),530 €,27 m² - 2 pièces,"Situé rue Sala, au cœur du très recherché 2 € arrondissement de Lyon, ce T2 de 27 m² offre un cadre de vie confortable, moderne et parfaitement optimisé. Dès l'entrée, on découvre un séjour lumineux avec un canapé confortable et une Tv murale, ouvrant sur une cuisine ouverte . Celle-Ci est entièrement équipée : réfrigérateur plaques de cuisson four micro-ondes table bar conviviale, idéale pour les repas ou le télétravail La chambre séparée est calme et bien agencée, avec lit double et grande armoire de rangement. La salle de bain, moderne et fonctionnelle, dispose d'une baignoire et d'une machine à laver, parfaite pour le quotidien. - Climatisation neuve, tout juste installée -Appartement récemment rénové, décoration sobre et actuelle - Place de parking incluse, un vrai plus en centre-ville Loyer : 530 € Un appartement clé en main, idéal pour une personne seule ou un couple, à deux pas des commerces, transports et de la Presqu'île. Disponible rapidement – à visiter sans tarder !",https://www.vizzit.fr/fr/property/appartement/lyon-2/Aeimt4lyg2g7tuoy,,
Lyon 1er (69001),2 950 €,205 m² - 6 pièces,"Au cœur du 1er arrondissement de Lyon, 46 quai Saint-Vincent - Au 4 € étage d?un remarquable immeuble ancien, se dévoile un somptueux appartement T6 de 205 m² offrant une vue spectaculaire et dégagée sur la Saône et la colline de Fourvière. Ce bien de caractère séduit par ses volumes généreux, sa luminosité et le charme de l?ancien. Il se compose d?une élégante entrée desservant un vaste séjour de réception, une salle à manger, quatre chambres dont une suite avec salle de bains attenante, un dressing, une cuisine indépendante meublée, une seconde salle de bains avec wc ainsi que des wc indépendants. Les prestations sont complétées par un chauffage et une eau chaude individuels au gaz, une eau froide individuelle et une cave. Un appartement d?exception, idéal pour les amateurs de beaux volumes, de vues emblématiques et d?adresses prestigieuses. Disponible dès le 19 février Assurance Multirisques Privilège : 27.35 euros / mois Services facultatifs, voir conditions en agences Les informations sur les risques auxquels ce bien est exposé sont disponibles sur le site Géorisques : georisques. Gouv. Fr",https://www.vizzit.fr/fr/property/appartement/lyon-1/Afl41892hv8t0xp3,,
Lyon 2ème (69002),745 €,47 m² - 2 pièces,"A Louer - Lyon 2, rue Adélaïde Perrin, Proximité métro Ampère et gare Perrache. Appartement F2 au 5ème étage avec ascenseur, comprenant : une cuisine, un séjour, une chambre , une salle d'eau et Wc. Chauffage individuel électrique. Zone soumise à l'encadrement des loyers - loyer référence : 15 €/m² - loyer majoré : 18/m² . « Les informations sur les risques auxquels ce bien est exposé sont disponibles sur le site Géorisques : »",https://www.vizzit.fr/fr/property/appartement/lyon-2/Af0n9xhpir25gssd,,
Lyon 3ème (69003),629 €,26 m² - 2 pièces,"Appartement 2 pièces 26 m² Lyon 3Eme - 27 Rue Paul Bert F2 (Lot 15) 26 M² - 1er étage Gauche Location Meublee entrée donnant sur pièces de vie, wc, chambre et salle d'eau Disponible : . Loyer de 629,00 euros par mois charges comprises dont 20,00 euros par mois de provision pour charges (soumis à la régularisation annuelle). Les honoraires charge locataire sont de 338,00 euros ( soit 13,00 euros/m² ) dont 78,78 euros pour état des lieux ( soit 3,03 euros/m² ). Dpe Ancienne Version. Surface : 26 m² Consommation énergie primaire : Non communiqué Consommation énergie finale : Non communiqué",https://www.vizzit.fr/fr/property/appartement/lyon-3/Aalr3p83vw7u1eth,,
Lyon 4ème (69004),788 €,33 m² - 1 pièce,"A saisir ! Place Tabareau ! Joli T1 bis meublé de 33.14 m² situé 10 place Tabareau 69004 Lyon. Appartement au 2 étage sans ascenseur comprenant une cuisine semi séparée équipée et aménagée, un séjour avec coin couchage en alcôve, une salle de bains avec toilette. Logement en très bon état, au calme, sans vis-à-vis et à proximité de toutes les commodités. Chauffage individuel électrique. Zone soumise à encadrements des loyers. Loyer de base : 656.17 €. Loyer de base majoré : 788.73 €. Montant estimé des dépenses annuelles d'énergie pour un usage standard : entre 560.00 € et 810.00 € par an. Prix moyens des énergies indexés au . Adresse : 69004 - Lyon 4E Arrondissement - 10 Place Tabareau. Meublé : Oui. Loyer Hc : 778 €. Charges mensuelles : 10 €. Honoraires de location : 434.13 €. Dépôt de garantie : 1556 €. Dpe : 300 (E). Pour découvrir cette réelle opportunité de location, contactez-moi : régie gindre - 3 Grande rue de la Croix Rousse - 69004 Lyon - Consultez pour plus de photos et d'informations sur ce bien. Nos honoraires : Les informations sur les risques auxquels ce bien est exposé sont disponibles sur le site Géorisques :",https://www.vizzit.fr/fr/property/appartement/lyon-4/Af093cswhliwlba5,,
Lyon 7ème (69007),620 €,36 m² - 2 pièces,"Appartement 2 pièces 36 m² Lyon 7, rue Bechevelin, proche des quais et des facultés, au 2ème étage d'un immeuble avec ascenseur Appartement 32,51m2 comprenant : hall d'entrée, séjour avec cheminée, alcôve, chambre, cuisine séparée, salle de douche et Wc séparé. Eau chaude individuelle électrique Chauffage individuel au gaz Placards muraux Proximité transports (bus, tram T1/T2, métro) Loyer : 597 euros / mois Charges : 23 euros / mois Honoraires de location : 426,53 euros Ttc (honoraires visite, constitution dossier, rédaction bail, état des lieux d'entrée) Disponible immédiatement Surface : 36 m² Modalité de récupération des charges locatives : Prévisionnelles mensuelles avec régularisation annuelle Date de réalisation du diagnostic énergétique : Consommation énergie primaire : 252 kWh/m²/an Consommation énergie finale : 209 kWh/m²/an Montant estimé des dépenses annuelles d'énergie pour un usage standard : entre 950 € et 1 300 € sur les années 2021, 2022 et 2023 (abonnements compris). Les informations sur les risques auxquels ce bien est exposé sont disponibles sur le site Géorisques :",https://www.vizzit.fr/fr/property/appartement/lyon-7/Ate7ta7o84h1mkng,,
Lyon 2ème (69002),1 350 €,62 m² - 4 pièces,"Bonjour Nous louons un appartement meublé de deux chambres qui a été refait à neuf en 2025 (nouvelle cuisine, isolation, peintures, sols). Je peux vous envoyer une vidéo supplémentaire car je n’ai pas plus de photos. L’Appartement est disponible de suite N’hésitez pas à m’écrire :) Attention, nous recherchons: - uniquement des locataires sur le long terme. - envoi du dossier avant visite - pas d’ascenseur Maï-Ly",https://www.vizzit.fr/fr/property/appartement/lyon-2/Awz14mxp0v59c2o1,,
Lyon 9ème (69009),950 €,50 m² - 2 pièces,Très beau T2 en Rdc de 50m2 + mezzanine / Belle hauteur sur plafond nombreux rangements Douche et wc indépendant Très lumineux expo sud Tout commerces et transports Appartenant en limite du 69005 Entièrement meublé,https://www.vizzit.fr/fr/property/appartement/lyon-9/Ahaaj1716l6718s7,,
Lyon 4ème (69004),650 €,20 m² - Studio,"Location Exclusive à un(e) étudiant(e) dans Résidence Etudiante rue Eugène Pons Lyon 4ème, au bas des pentes Croix-Rousse, proche Parc de la Tête d'Or et berges du Rhône. Studio refait à neuf en août 2024. Fenêtre double vitrage, chauffage électrique à accumulation Placard : penderie + étagères Canapé clic-clac 140 x 190 Bureau + caisson + fauteuil de bureau Meuble bibliothèque Table pour repas + 2 chaises Coin cuisine avec évier + plaque de cuisson vitrocéramique 2 feux Réfrigérateur/Congélateur Four micro-ondes Cabinet de toilette : lavabo et douche avec mitigeurs, radiateur sèche serviettes. Résidence avec digicode, connexion Wi-Fi, gardien, laverie automatique, local à vélo sécurisé. Nombreuses lignes de bus à moins de 300m, station Vélo'V à 100 m de la résidence. Loyer : 650,00 € charges, eau, et connexion Wi-Fi comprises. Présentation carte d'étudiant obligatoire, caution parentale demandée.",https://www.vizzit.fr/fr/property/appartement/lyon-4/A53k3vlz2ui1q6qr,,
Lyon 3ème (69003),649 €,37 m² - 2 pièces,"Appartement T2 Lyon 3ème arrondissement - A proximité des quartiers de Grange-Blanche et de Monplaisir-Lumière, dans la résidence ""Urban Lodge"", nous vous proposons un appartement T2 n° 11 de 37.62 m². Situé au 1er étage avec ascenseur, il comprend un séjour avec cuisine ouverte aménagée et équipée donnant sur une loggia de 1.64m², une chambre avec dressing et une salle d'eau avec Wc. Au sous-sol un box n°G07 . Eau chaude et chauffage (individuel). Entretien parties communes, entretien ascenseur et espaces verts communs, compris dans les provisions sur charges mensuelles et donnant lieu à une régularisation annuelle. Les honoraires de location Ttc (à la charge du locataire) incluent le montant de rédaction des états des lieux facturé pour 113euros Ttc, après réalisation lors de l'entrée dans les lieux. Disponible le . Pour plus de détails sur ce logement, vous pouvez consulter la fiche descriptive de ce bien, sur votre site internet Afedim. Les informations sur les risques auxquels ce bien est exposé sont disponibles sur le site Géorisques : Référence annonce : Date de réalisation du diagnostic : Honoraires à la charge du locataire : 492 € Ttc Dépôt de garantie : 585 € Montant des charges : 64 € / mois Montant estimé des dépenses annuelles d'énergie pour un usage standard : entre 410 € et 610 € sur les années 2021, 2022 et 2023 (abonnements compris).",https://www.vizzit.fr/fr/property/appartement/lyon-3/Akkr88s5xekd14o0,,
Lyon 6ème (69006),700 €,30 m² - 3 pièces,"Apparemment calme,sécurisé dans une copropriété tranquille",https://www.vizzit.fr/fr/property/appartement/lyon-6/Afuhaa932jiszglz,,
Lyon 6ème (69006),920 €,35 m² - 1 pièce,Dans une résidence de standing calme et sécurisée Appartement donnant sur cour privé de la résidence D une surface au sol de plus de 40 mètres carrés coin cuisine aménagé Pièce de vie lumineuse avec placard mural Un couloir avec placard mural Salle de bain spacieuse fonctionnelle à aménager .,https://www.vizzit.fr/fr/property/appartement/lyon-6/Abujzi6fu3911tnj,,
Lyon 7ème (69007),920 €,42 m² - 2 pièces,"Coup de cœur pour ce duplex meublé de 42 m² Carrez (50 m² au sol), plein de cachet et prêt à vivre. Belle pièce de vie chaleureuse avec parquet ancien (canapé convertible confortable pour recevoir), Cuisine ouverte sur le salon, moderne et entièrement équipée : grand réfrigérateur / congélateur, plaques à induction, four, lave-vaisselle… Chambre sous les toits avec poutres apparentes, joli miroir effet verrière, salle de bain, machine à laver et rangements Petit balcon agréable d'1m² Cour intérieure commune sécurisée pour stationner son vélo. L'appartement est situé 5ème étage (sans ascenseur), à 1min de la place Jean Macé, quartier animé, dynamique (marché local / grandes surfaces) et bien desservi (métro B + tram + gare Jean Macé). Loyer : 900 € + 20€ charges parties communes comprises. Eau, électricité, gaz à la charge du locataire. Disponible à la location à partir de mars 2026. N'hésitez pas à me pour plus d'informations ou pour organiser une visite.",https://www.vizzit.fr/fr/property/appartement/lyon-7/At0dqgapspbz2gjm,,
Lyon 3ème (69003),660 €,20 m² - Studio,Loue studio meublé 20.8m² proche place Saint-Anne dans petite copropriété très au calme avec place de parking couvert.,https://www.vizzit.fr/fr/property/appartement/lyon-3/Appx7jc8qej13one,,
Lyon 8ème (69008),1 300 €,69 m² - 4 pièces,"——————————————————————— ? Le Logement Appartement T4 de 69 m2 ——————————————————————— Bel appartement traversant refait à neuf, composé d’une belle entrée, d’un large salon, d’une cuisine ouverte avec salle à manger, d’une loggia, de trois chambres, de nombreux dressing, d’un balcon ensoleillée (avec volet roulant), d’une Sdb avec douche et d’un Wc séparé. Très lumineux, offrant de très belles prestations, bien isolé (fenêtre et façade), il se situe sur l’avenue Générale Frère à Lyon (69008) d’un immeuble parfaitement entretenu, avec interphone et digicode. Derniers travaux : ravalement de façade, entretien de la copropriété, rénovation de la salle de bains, … ——————————————— ?Services Et Équipements ——————————————— Vous allez adorer le parc de cette belle résidence calme et sécurisée. Garage et parking sécurisés à l’intérieur de la résidence. Parking disponible et gratuit le long de la résidence. Doubles entrée. ————————————————— ?Informations Essentielles? ————————————————— Proximité Idéale : - Enseignements : écoles, facultés universités ... - Transport En Commun : Métro D, Tram T6, Bus, Gare Sncf, accès au périphérique et autoroute - Commerces : supermarchés, restaurant, poste, tabac presse, boucherie, boulangerie, fleuriste, coiffeur, piscine, stade sportif, ... - Parking : sécurisé + garage privatif ! ——————————————————— ?? Disponible Fevrier 2026 ?? ——————————————————— Loyer : 1100 euros Charges : 200 euros Box : 90 euros Les + : balcon + garage + parking + cave + Tcl (Pas d’honoraire agence - Particulier à Particulier - 0 frais) ——————————————— ?Disponibilités ——————————————— Restant disponible pour tout renseignements. D’Autres photos et vidéos sont disponibles. Premier contact par l’App Leboncoin.",https://www.vizzit.fr/fr/property/appartement/lyon-8/A5tp7m0xd2b6turt,,
Lyon 7ème (69007),990 €,28 m² - 2 pièces,"Appartement T1 Bis de 28m2 Idéalement situé Jean Macé Lyon 7 Appartement refait à neuf au 1er étage d’une petite copropriété de type Hausmannien () situé à 100m de la Place Jean Macé avec ses commodités, commerces et accès Métro. A 2 pas des universités Lyon 2 et 3 et autres écoles des quais accessibles à pied. L’Appartement est composé comme suit : 1 petit hall d’entrée désservant : - la salle d’eau avec douche à l’italienne, Wc suspendu et lave-linge - le séjour avec cuisine ouverte (entièrement équipée : réfrigérateur / congélateur, four combiné micro-ondes, plaques induction, lave-vaisselle, cafetière, hotte, vaisselle et ustensiles) - un canapé convertible complète le séjour avec sa cheminée ancienne (non fonctionnelle) et sa Tv écran plat 43’ ainsi qu’un espace bureau - un espace nuit séparé avec dressing - Chauffage électrique avec radiateurs connectés Zone soumise à l’encadrement des loyers : - loyer de référence : 540,40€ - loyer de référence majoré : 649,60€ - Complément de loyer justifié par la rénovation récente ainsi que les équipements mis à disposition et une cave en sous-sol) : 290,40€ - Charges locatives : 50€ - Loyer global charges comprises : 990€ - Dépôt de garantie : 1880€ Classe énergétique : D Un dossier complet devra être fourni préalablement à toute visite (fiches de paie, avis d’imposition, 2 garants) D'autres photos sont disponibles sur demande",https://www.vizzit.fr/fr/property/appartement/lyon-7/A0k5vpi9sgg30r0n,,
Lyon 7ème (69007),1 300 €,48 m² - 2 pièces,"L’Appartement, refait à neuf en 2025, se situe au première étage surélevé (6 mètres) d’un immeuble de standing à proximité de la piscine du Rhône. Baigné de lumière, l’appartement bénéficie de prestations haut de gamme : parquets, cheminée, moulures, plafonds hauts, cuisine aménagée et équipée, fibre, chauffage électrique connecté et intelligent. La partie nuit comprend un lit queen size (160cm), une salle de bain et un dressing. L’Appartement est à proximité immédiate des transports : tramway (station Saint-André), Vélov (station piscine du Rhône), métro (station Guillotière) et à 10 minutes à pied de la place Bellecour.",https://www.vizzit.fr/fr/property/appartement/lyon-7/Atz2heno9l0x5wfm,,
Lyon 8ème (69008),850 €,32 m² - 1 pièce,"Situé rue Emile Combe Lyon 8, ce T1 bis meublé se trouve dans un quartier calme pavillonnaire et recherché, à proximité immédiate du tramway T4/T2 et de nombreux commerces. Vous bénéficierez d’un accès facile aux transports en commun, facilitant vos déplacements vers le centre-ville et les différents pôles universitaires. L’Appartement, propre et bien entretenu, se compose de : une grande pièce de vie lumineuse avec tous le mobilier un coin nuit séparé avec une salle de bain avec Wc. Ce logement conviendra parfaitement à une personne seule ou un jeune couple recherchant un cadre de vie agréable, proche de toutes commodités. Disponible à partir du 28 février 2026 Electricité à la charge locataire Caution : 1500 € Frais de dossier : 416 € Ttc Pour tout renseignement complémentaire ou pour organiser une visite, n’hésitez pas à nous .",https://www.vizzit.fr/fr/property/appartement/lyon-8/Aqz1ld2becpho399,,
Lyon 8ème (69008),1 230 €,81 m² - 4 pièces,"Appartement 4 pièces 81 m² 49 rue Saint-Mathieu (69008) Lyon Quartier Monplaisir, au 3ème étage d'un immeuble des années 90, Tesserim vous propose à la location un appartement T4 de 80,71 m2 se composant : d'un hall d'entrée, un séjour avec balcon, une cuisine séparée et équipée, 3 chambres, une salle de bain, un Wc séparé et des rangements. Un garage en sous sol complète ce bien. Chauffage individuel électrique Eau chaude individuelle électrique Loyer : 1150,00 euros / mois Provisions pour charges : 80,00euros / mois Loyer C.C. : 1230,00 euros Dépôt de garantie : 1 mois de loyer hors charges Honoraires de location : 1058,92euros Ttc (visites, constitution dossier, rédaction bail, état des lieux) dont 244,55 euros pour l'état des lieux. Disponible de suite Surface : 81 m² Modalité de récupération des charges locatives : Prévisionnelles mensuelles avec régularisation annuelle Date de réalisation du diagnostic énergétique : Consommation énergie primaire : 163 kWh/m²/an Consommation énergie finale : 85 kWh/m²/an Montant estimé des dépenses annuelles d'énergie pour un usage standard : entre 1 000 € et 1 370 € par an. Prix moyens des énergies indexés sur l'année 2021 (abonnements compris) Les informations sur les risques auxquels ce bien est exposé sont disponibles sur le site Géorisques :",https://www.vizzit.fr/fr/property/appartement/lyon-8/Aofxg36oxhrs4tmh,,
Lyon 3ème (69003),1 206 €,57 m² - 2 pièces,"Particulier loue appartement T2 +alcôve dernier étage (5ème étage avec ascenseur) Appartement tout équipé et meublé : cuisine toute équipée, séjour , salle de bain avec machine à laver. Grands placards, belle cheminée. 1 alcôve dans séjour et 1 chambre indépendante De 57 m2 Local à vélo Quartier sécurisé de la préfecture à qq minutes des cordeliers. A 10 mn de marche de la gare part dieu. Métro B place Guichard, tram T1 arrêt préfecture, métro À foch. Libre de suite. Appelez sur le numéro de téléphone pour visite Loyer 1160€ Charges 45€ Total 1206 €",https://www.vizzit.fr/fr/property/appartement/lyon-3/A13knecgt7olkg62,,
Lyon 7ème (69007),568 €,16 m² - Studio,"Appartement de 16m2 Au cœur d'un quartier étudiant et dynamique, Studéa Berthelot Garibaldi se situe au pied de la station de tramway sur la ligne T2 « Garibaldi Berthelot » et à 5 minutes de l'arrêt de métro « Jean Macé » sur la ligne B. Dans cet arrondissement de Lyon, vous disposerez de toutes les commodités à proximité et de la présence de grandes écoles: Iep, Université Lyon Ii, Lyon Iii ainsi que le lycée International. Vous aurez un accès Internet (très haut débit) par fibre optique Illimité et offert dans chaque appartement. Le propriétaire de ce bien utilise Studapart pour louer son logement en toute sécurité. Comment ça marche ? Vous recevez un email Studapart et cliquez sur le lien de l'annonce. Vous créez votre compte Studapart et envoyez votre candidature (dossier + message) sans aucun frais. Si votre profil est retenu, vous pourrez faire une demande de réservation. Les frais Studapart ne sont débités qu'en cas de confirmation de réservation afin de vous garantir une location 100% sécurisée. Mise à jour le Ref : 595 Référence annonce : R-",https://www.vizzit.fr/fr/property/appartement/lyon-7/At3kymipm4ip99y1,,
Lyon 9ème (69009),450 €,17 m² - Studio,"Studio Meublé au premier étage, 17 m2, entièrement meublé. Lit 140, cabine de douche et coin cuisine. Le wc est séparé du logement, il est privatif et se trouve au RdC. Proximité des Campus René Cassin- Hep - Ionis (5 min à pieds - 800 m) Métro station Gorge de Loup (7 min à pieds) Prix 380 Eur + 70 Eur de charges (eau-electricité-chauffage-accès Wifi inclus) Merci de laisser un message vocal vous présentant et précisant.",https://www.vizzit.fr/fr/property/appartement/lyon-9/Aby5uyn2r0tyi6jy,,
Lyon 7ème (69007),1 200 €,50 m² - 2 pièces,"Beau 2P meublé 50m² équipé et décoré Appartement de 50 m2 à louer sur Lyon A 10 mn à pied de gare Part Dieu, et 1 min du métro Garibaldi, beau 2 pièces équipé et décoré, premier etage. 50 m2 + Cave. Cuisine indépendante et buanderie complètement équipées… Wc séparé. Chauffage + eau chaude indiv. Impeccable. Ameublement et équipement complets et soignés… Prêt à vivre L'appartement est en cours d'ameublement. Référence annonce : leb Consommation énergétique : 330 kWh/m²/an Emission de gaz à effet de serre : 50 CO2/m²/an Dépôt de garantie : 1200 € Montant des charges : 100 € / mois Modalité de récupération des charges locatives : provision avec régularisation annuelle",https://www.vizzit.fr/fr/property/appartement/lyon-7/As219pv3q404x2am,,
Lyon 3ème (69003),1 350 €,67 m² - 3 pièces,"Appartement disponible début Mars 2026, ce très beau T3 de 70m², rénové avec climatisation et matériaux de qualité, est situé au 6ᵉ étage, traversant Est-Ouest et sans vis-à-vis, dans une résidence sécurisée avec gardien et espaces verts, à 2 minutes à pied de la gare Part-Dieu, du centre commercial, et des transports (T1, T3, T4, C3, métro B). ?️ Séjour / Salon • Grand séjour lumineux ouvert sur le balcon • Canapé d’angle en cuir, table basse • Bibliothèque d’angle, Tv écran plat suspendue ?️ Cuisine ouverte • Cuisine de standing sur mesure • Plan de travail & bar en bois massif • Entièrement équipée : four chaleur tournante, induction, lave-vaisselle, frigo-congélateur, micro-ondes ? Hall d’entrée • Placard intégré • Meuble de rangement • Séparation claire coin jour / coin nuit ?️ Chambre parentale • Grand lit double + cadre • Dressing • Commode ?️ Chambre 2 • Lit double • Grand bureau • Étagères murales • Dressing ? Salle de bain • Meuble vasque + grand rangement • Étagères • Douche italienne • Sèche-serviette • Lave-linge + sèche-linge inclus ? Toilette séparée ? Balcon extérieur • Mobilier : table + chaises pliantes • Petit potager ? Prestations & équipements • Double vitrage • Pompe à chaleur (chauffage + clim – installée en 2022) • Chauffe-eau neuf (2022) ? Conditions • Loyer : 1 350 € Cc (1150 € + 200 € de charges : eau + copropriété) • Dépôt de garantie : 2 000 € ? Photos supplémentaires disponibles sur demande",https://www.vizzit.fr/fr/property/appartement/lyon-3/Avozoshwevhbosuv,,
Lyon 7ème (69007),1 050 €,60 m² - 3 pièces,"Appartement très lumineux, vue dégagée Très économique en énergie (""Bbc"": bâtiment basse consommation) Garage et local à vélos Provision sur charges incluant chauffage, eau chaude, eau froide",https://www.vizzit.fr/fr/property/appartement/lyon-7/Aw62lrlevzf537jo,,
Lyon 3ème (69003),800 €,54 m² - 3 pièces,"Le cabinet Ginet vous propose ce T2 bis de 54.84m² au 3ème étage de la résidence. Le logement est composé d'une entrée de 8,22m² et desservant toutes les pièces de l'appartement. Un séjour de 15,69m² en parquet avec alcôve, cheminée décorative et placard. Une grande chambre de 18,69 m² avec alcôve, parquet au sol, placard et cheminée décorative. Une salle d'eau avec douche, vasque sur meuble et Wc. Un emplacement de stationnement situé 45 rue des Rancy complète ce bien. L'eau chaude et le chauffage sont individuel par chaudière. L'eau froide est individuelle par relevé compteurs. Disponible A Partir Du Appartement soumis à l'encadrement des loyers Le loyer demandé est 800.00 € Cc. Loyer de référence majoré : 926.80 € Hc Loyer Hc : 780.00 € Charges : 20.00 € Dépôt de garantie : 780.00 € Les informations sur les risques auxquels ce bien est exposé sont disponibles sur le site Géorisques : georisques. Gouv. Fr",https://www.vizzit.fr/fr/property/appartement/lyon-3/Ans7rkk2kghzu09p,,
Lyon 8ème (69008),630 €,60 m² - 4 pièces,"A louer au 1er avril Si vous souhaitez visiter, faire message de présentation indiquant votre situation (étudiant ou salarié) et vos revenus et mêmes informations pour les garants. Visale acceptée. 1 chambre dans un appartement de 3Ch. Les deux autres chambres sont occupées par deux étudiantes, qui cherchent un/une 3ème étudiant pour partager l’appartement. Appartement situé au 23 rue Saint Mathieu, entre les métros Sans Soucis et Monplaisir. Il est en Rdc surélevé donnant uniquement à l’intérieur d’une résidence sécurisée et arborée, au calme. L’Appartement a été rénové dans sa totalité fin 2022. Chaque chambre est équipée d’un lit 1 place, 1 table de chevet, 1 armoire, 1 bureau et 1 chaise. La pièce de vie avec cuisine ouverte est équipée d’un réfrigérateur, lave-vaisselle, machine à laver, four, micro-onde, plaque de cuisson. Loyer Total De 630€ : 500€ Loyer hors charges + 70€ de charges de copropriété + 60€ pour l’eau, électricité, gaz, internet (fibre)",https://www.vizzit.fr/fr/property/appartement/lyon-8/Adli6qazpg3mg6ic,,
Lyon 8ème (69008),590 €,17 m² - Studio,"Reference : 151viennegauche disponible le 7 mars 2026 a proximité de tous les transports dans le secteur de lyon 8e, un studio meublé avec goût d'une surface de 17.97 m² au 5e étage sans ascenseur. Ce bien récemment rénové et bénéficiant d'une belle vue sur lyon, se compose d'une pièce de vie avec une cuisine aménagée et équipée, une salle d'eau avec wc. Chauffage, eau chaude, eau froide, électricité sont compris dans les charges. loyer : 470.00 hc / mois dont 90.83 de complément de loyer justifié par la qualité du mobilier et le matériel électroménager mis à disposition et pas de vis à vis provision sur charges : 120.00 / mois honoraires de location : 235.77 ttc (dont 54.45 pour l'edl) dépôt de garantie : 2 mois de loyers hors charges - le loyer de référence est de 316.27  hc / mois (17.60 / m²). Le loyer plafonné est de 379.17 hc / mois (21.10 / m²). Pour visiter, merci de notre service location / 58.",https://www.vizzit.fr/fr/property/appartement/lyon-8/Aqz6gs2dwl6j6u61,,
Lyon 3ème (69003),1 390 €,75 m² - 3 pièces,"T3 meublée - 75m² Lyon 3. Situé rue Professeur Rochaix, dans le 3ᵉ arrondissement de Lyon, cet appartement T3 meublé de 75,3 m² se trouve au 1er étage d’une copropriété récente et bien entretenue datant de 2004, avec ascenseur.  L’appartement, entièrement meu... Voir plus sur orpi.com",https://www.vizzit.fr/fr/property/appartement/lyon-3/Axncbquj9h3r7alc,,
Lyon 3ème (69003),800 €,38 m² - 2 pièces,"Charmant T2 meublé - Montchat - 69003 Lyon. 108 bis avenue Lacassagne, 69003 Lyon.  Proche de toutes commodités (commerces et transports), venez découvrir ce charmant T2 meublé d’une superficie de 38,41 m², situé au 3e étage avec ascenseur d’un petit immeuble ca... Voir plus sur seloger.com",https://www.vizzit.fr/fr/property/appartement/lyon-3/Ayobmiv4caau69st,,
Lyon 3ème (69003),901 €,51 m² - 2 pièces,"Location sur visite virtuelle uniquement.PLACE Bir Hakeim, à deux minutes du métro Garibaldi, dans une résidence récente de bon standing,T2 composé d'une entrée avec placard, une cuisine ouverte sur séjour,une chambre,une salle de bains et wc, la chauffage est individuel, garage en sous sol.",https://www.vizzit.fr/fr/property/appartement/lyon-3/Ahxd2o44kgkc7jkk,,
Lyon 7ème (69007),710 €,31 m² - Studio,Appartement À Louer - Studio meublé - Lyon. Pour Candidater Cliquez sur « Envoyer un message » ou cliquez sur « l’agence ». Vous recevrez un lien par e-mail et Sms pour pré valider votre dossier et obtenir un rendez-vous.  À louer: Studio meublé de 32 ... Voir plus sur orpi.com,https://www.vizzit.fr/fr/property/appartement/lyon-7/Am7miq8sup14jm8m,,
Lyon 5ème (69005),1 355 €,85 m² - 4 pièces,"Lyon 5ème, Appartement 4 pièce(s) 85.48 m². Lyon 5ème, rue Joliot Curie, dans une résidence sécurisée, bel appartement familial de 85 m² au rez-de-chaussée, composé d'un séjour double donnant sur un balcon, avec cuisine ouverte aménagée, de 3 chambres, une sa... Voir plus sur orpi.com",https://www.vizzit.fr/fr/property/appartement/lyon-5/Ac54v42h7bwkefdu,,
Lyon 8ème (69008),700 €,32 m² - Studio,"128 Ter Rue Challemel Lacour, dans une résidence récente et sécurisée, venez découvrir ce spacieux studio de 32,01m2 au 4ᵉ étage avec ascenseur. Il se compose d'une entrée avec placard, une agréable pièce de vie avec une cuisine ouverte et équipée, une belle salle d'eau, volets électriques. Garage en sous-sol.",https://www.vizzit.fr/fr/property/appartement/lyon-8/Aewvsk0sx7ga1r34,,
Lyon 7ème (69007),845 €,45 m² - 2 pièces,"118 Avenue Berthelot, venez visiter ce beau T2 au 45,64m2 entièrement meublé au 2ᵉ étage. Il se compose d'une grande et agréable pièce de vie avec une cuisine ouverte entièrement équipée, une chambre avec grand rangement, une salle d'eau. Chauffage individuel au gaz",https://www.vizzit.fr/fr/property/appartement/lyon-7/Ahi5kzibv66vioiz,,
Lyon 7ème (69007),612 €,38 m² - 2 pièces,"Location sur visite virtuelle uniquement.T2 non meublé.Situé au 74 rue Jaboulay, cet appartement T2 fonctionnel vous séduira par son agencement pratique. La grande pièce à vivre constitue le cœur de ce logement, offrant un espace convivial pour vos moments de détente.L'entrée avec placard vous accueille et facilite le rangement de vos effets personnels. La chambre, également dotée d'un placard intégré, garantit un espace nuit confortable. Une salle de bain avec Wc complète ce bien équipé d'une kitchenette fonctionnelle comprenant plaque de cuisson et réfrigérateur. Le chauffage individuel électrique vous permet de gérer votre consommation selon vos besoins.N'hésitez pas à déposer votre dossier sur notre site internet Foncia au plus vite.",https://www.vizzit.fr/fr/property/appartement/lyon-7/Acmdnidq8482y0l9,,
Lyon 7ème (69007),728 €,34 m² - 1 pièce,"Appartement de type T1 au 1er étage de 34m² composé d'une grande pièce, d'une cuisine ouverte, d'un balcon, d'une salle de bain avec WC.  Une place de parking en sous-sol est loué avec l'appartement (N°20B)  Chauffage : Individuel électrique Eau chaude : Individuelle électrique Eau froide : Collective avec compteur individuel  LOYER : 668 € Charges : 60 €  -- Les nouveaux diagnostics sont en cours de réalisation  Loyer de référence : 16.6 € /m² Loyer majoré : 19.9 € /m²",https://www.vizzit.fr/fr/property/appartement/lyon-7/Arwmauj78vca1wxc,,
Lyon 3ème (69003),653 €,48 m² - 2 pièces,"À Louer : Découvrez cet appartement T2 idéalement situé dans le quartier dynamique de Lyon, dans le 3ème arrondissement. Avec une superficie de 48 m², cet espace de vie lumineux et fonctionnel saura répondre à toutes vos attentes. Voir plus     Dès vo... Voir plus sur citya.com",https://www.vizzit.fr/fr/property/appartement/lyon-3/Are6c8u777v93e9j,,
Lyon 3ème (69003),1 227 €,62 m² - 3 pièces,"Au 12 rue Carry, Era Lacassagne vous propose à la location ce beau T3 meublé de 62m2 avec balcon de 7m2. Situé au 3ème étage d'une copropriété récente sécurisée, et donnant côté jardin, il se compose d'une entrée avec placard, d'un séjour de 20m2 ouvrant sur le balcon, d'une cuisine indépendante, de 2 jolies chambres et d'une salle de bains, Wc indépendants. Electroménager neuf, literie neuve. Chauffage individuel gaz. Un garage box en sous-sol et une cave complètent le bien. A proximité des commerces et transports (Tram T3 et bus) gare Part Dieu à 15 mns à pied. Loyer 1227€ charges comprises, dont 80€ de forfait de charges, incluant l'eau froide et l'entretien annuel de la chaudière. Dépôt de garantie 2294€. Honoraires de location Ttc à la charge du locataire : 806€ dont 186€ de frais d'état des lieux.  L'Etat des Risques et Pollution peut être consulté sur",https://www.vizzit.fr/fr/property/appartement/lyon-3/Akf0ntu8gi0lesto,,
Lyon 7ème (69007),912 €,41 m² - Studio,"T1 Bis - Meuble - Lyon 7 Venez visiter ce grand T1 Bis meublé de 41,91 m² situé au 2 étage d'un immeuble sécurisé, au pied du tramway T2 arrêt ""Route de Vienne"", et à proximité immédiate des commerces (boulangerie, pharmacie, superette). L'appartement se compose d'une entrée avec un grand dressing, d'un vaste séjour lumineux ouvert sur une cuisine aménagée et entièrement équipée (lave-vaisselle, plaques de cuisson, hotte, four, micro-ondes). La salle d'eau est équipée d'une machine à laver et les Wc sont séparés. Une chambre, séparé par une verrière, offre une vraie pièce supplémentaire (moins de 9 m²). Eau chaude et Electricité Individuel",https://www.vizzit.fr/fr/property/appartement/lyon-7/Ajf3l74w4gl5wz60,,
Lyon 3ème (69003),914 €,60 m² - 3 pièces,"A Louer // Appartement T3// 7 Rue Prof. Sisley 69003 LYON  Citya Vendôme Lumière vous propose à la location, dans une belle résidence sécurisée et arborée, un appartement T3. Voir plus    Celui-ci se compose d'une spacieuse entrée desservant une cuisine sép... Voir plus sur citya.com",https://www.vizzit.fr/fr/property/appartement/lyon-3/Ao6rhg8ipkjttwpy,,
Lyon 3ème (69003),659 €,20 m² - Studio,"Lyon 3E Arrondissement - A Louer Studio de 20m². Loyer: 600€ Hc + 59€ de charges. Composé d'une entrée, d'un séjour, d'une cuisine équipée, d'une salle de bain et d'un Wc. Proche transports et commerces. Pour visite Loc Express frais de dossier 240 euros",https://www.vizzit.fr/fr/property/appartement/lyon-3/A5v0olqmk6er1vqt,,
Lyon 7ème (69007),1 500 €,93 m² - 3 pièces,"Disponible de suite. Déposez votre dossier directement sur notre site internet . Nous vous proposons cet appartement, T3 non meublé de 93 m2 avec balcon situé au 4 rue Sébastien Gryphe à Lyon 3éme. Le logement se compose d'une entrée desservant une cuisine séparée et équipée (plaques de cuisson, hotte, réfrigérateur, four, lave-vaisselle) , un salon avec salle à manger, une deuxième chambre et une salle de bain. Zone soumise à l'encadrement des loyers. Loyer médian : 13,20 euros/m2, loyer majoré : 15,80 euros/m2. Les informations sur les risques auxquels ce bien est exposé sont disponibles sur le site Géorisques, deux points, .",https://www.vizzit.fr/fr/property/appartement/lyon-7/Atuo42q9m1bc68qw,,
Lyon 5ème (69005),990 €,56 m² - 2 pièces,"Découvrez ce charmant appartement situé dans le quartier paisible de Tassin la demi, a proximité de tous les commerces. Niché dans un immeuble moderne construit en 2010, cet espace de 56 m² se compose de 2 pièces chaleureuses, offrant une belle luminosité. V... Voir plus sur seloger.com",https://www.vizzit.fr/fr/property/appartement/lyon-5/Ayx9dgjqse77kej7,,
Lyon 6ème (69006),2 350 €,100 m² - 4 pièces,"Situé au 5 € et dernier étage d'un immeuble sécurisé avec ascenseur, ce très bel appartement en duplex de 102 m² séduit par sa luminosité et sa vue entièrement dégagée, grâce à une agréable terrasse exposée plein ouest. L'appartement dispose d'une belle pièce de vie lumineuse, comprenant un coin salon, un coin salle à manger et une cuisine ouverte entièrement équipée (réfrigérateur américain double ouverture, four, lave-vaisselle, micro-ondes encastrés, nombreux rangements). Un Wc complète ce niveau. À l'étage, l'espace nuit se compose de trois chambres avec rangements, d'une salle de bains et d'un Wc indépendant. Un garage fermé en sous-sol en sus à 150 euros/mois, accessible directement par ascenseur. Idéalement situé à proximité immédiate de la gare Part-Dieu, des Halles, et à seulement 10 minutes à pied de Charpennes, l'appartement bénéficie d'un environnement pratique, proche des commerces et transports. Disponible de suite Dépot de dossier en ligne Zone Soumise A L'encadrement Des Loyers, loyer médian : 13,80 euros/m2, loyer majoré : 16,60 euros/m2, complément de loyer : 680 euros Les informations sur les risques auxquels ce bien est exposé sont disponibles sur le site Géorisques :",https://www.vizzit.fr/fr/property/appartement/lyon-6/Anay0eyc968if05i,,
Lyon 7ème (69007),1 045 €,66 m² - 3 pièces,"218 grande rue Guillotière 69007 Lyon Etage 5 Avec Ascenseur Secteur manufacture de tabacs, métro Garibaldi. Dans un immeuble avec ascenseur. En étage élevé, appartement comprenant un hall d’entrée, une cuisine meublée et équipée (une hotte et une plaque), un séjour, 2 chambres, une salle de bains avec meuble sous vasque et miroir, wc séparés, rangements. Cave n°23 et garage n°34. Double vitrage. Chauffage électrique à fluide caloporteur de qualité. Loyer Cc 1045.00 € Loyer de référence : 712.48 € / Loyer majoré : 857.61 € / Complément de loyer de 112.39 € (garage) Honoraires 665.63 € + Frais d’état des lieux 199.89 € Total 865.52 €",https://www.vizzit.fr/fr/property/appartement/lyon-7/Apy3tx1vtaghqf8r,,
Lyon 8ème (69008),950 €,64 m² - 3 pièces,".. Lyon 8, rue Chantal Sandrin- Au sein d'une résidence récente, à louer appartement 3 pièces (2 chambres) d'une surface d'environ 65 m2. Appartement en rez-de-chaussée / Terrasse - La cuisine ouverte sur séjour est meublée et équipée d'une plaque de cuisson ... Voir plus sur seloger.com",https://www.vizzit.fr/fr/property/appartement/lyon-8/Awurr3dwlr4ziwoh,,
Lyon 5ème (69005),738 €,51 m² - 2 pièces,"Quartier historique Vieux Lyon, charmant et vivant - A proximité de la Gare Saint Paul, Vieux Lyon, à 5 minutes de la Presqu'île. Spacieux deux pièces dans un immeuble de caractère. Il se compose d'un agréable séjour, d'une cuisine indépendante avec alcôve, d'... Voir plus sur seloger.com",https://www.vizzit.fr/fr/property/appartement/lyon-5/As63zd7r0ni6si4y,,
Lyon 3ème (69003),830 €,43 m² - 2 pièces,"À proximité de la Place Ronde, dans le 3 € arrondissement de Lyon, découvrez ce superbe T2 situé au 1étage d'un immeuble sans ascenseur. Entièrement refait à neuf, cet appartement offre un cadre de vie calme. Il se compose d'un séjour avec cuisine meublée et équipée (plaque cuisson, four, micro-ondes, hotte), d'une chambre, d'une salle d'eau et d'un Wc indépendant. Eau Chaude et Chauffage Individuel Pompe à Chaleur. Charges avec régularisation annuelle. Zone soumise à l'encadrement des loyers. Loyer de référence majoré : 715.63 euros. Loyer de base : 800.00 euros. Complément de loyer : 84.37 euros. Classe énergétique : C. Classe climatique : B. Montant estimé des dépenses annuelles d'énergie pour un usage standard entre 690.00 euros et 980.00 euros par an selon prix moyens des énergies indexés sur les années 2021, 2022, 2023 (abonnement compris). Les informations sur les risques auxquels ce bien est exposé sont consultables sur le site Géorisques : (C. Envir., art. R. 125-25, I). Nous vous invitons à déposer votre dossier via le lien ci dessous : ?lotId=xnwk8y Le dépôt d'un dossier complet est requis avant toute visite, merci de votre compréhension. Honoraires de 560,43 euros Ttc à la charge du locataire comprenant 129,33 euros Ttc pour l'état des lieux. Zone soumise à encadrement des loyers. Loyer de référence majoré (loyer de base à ne pas dépasser) 698.38 euros/mois. Loyer de base 715.63 euros/mois. Provision sur charges 30 euros/mois, régularisation annuelle. Complément de loyer 84,37 euros/mois. Dépôt de garantie 800 euros. Classe énergie C, Classe climat B Montant estimé des dépenses annuelles d'énergie pour un usage standard : entre 690.00 euros et 980.00 euros sur les années 2021, 2022 et 2023 (abonnements compris). Les informations sur les risques auxquels ce bien est exposé sont disponibles sur le site Géorisques : .",https://www.vizzit.fr/fr/property/appartement/lyon-3/Ay4uygm5wocglohh,,
Lyon 2ème (69002),731 €,37 m² - 2 pièces,"Confluences jolie 2 pièces en étage avec ascenseur disposant d'un garage privatif et d'une cave - Chauffage et eaux compris dans le loyer. Il se compose d'une pièce de vie parquetée avec cuisine ouverte équipée, d'une chambre avec placard, d'une salle de douche ... Voir plus sur seloger.com",https://www.vizzit.fr/fr/property/appartement/lyon-2/A59q73og58w859ev,,
Lyon 6ème (69006),870 €,34 m² - 1 pièce,"À deux pas du Parc de la Tête d'Or, situé rue Boileau, nous vous proposons un charmant T2 meublé de 35 m², situé au 1er étage d'un petit immeuble ancien, au calme sur cour. Cet appartement se compose d'une agréable pièce de vie ( canapé convertible et table) avec une cuisine ouverte, aménagée et équipée (plaque de cuisson, hotte, réfrigérateur top, micro-ondes four grill, lave-linge). La chambre,(lit 140) en alcôve semi-fermée, offre un espace nuit cosy. Salle d'eau avec douche, Wc séparés. Chauffage individuel au gaz – Dpe : D. Volets roulants électriques Une cave en sous-sol (avec prise et lumière) complète ce bien, idéale pour du rangement ou pour entreposer un vélo. Logement soumis à encadrement de loyer Loyer de 830 € Hc dont 16 € de complément de loyer pour la cave + 40€ de charges Soit 870€ Dépôt de garantie 1660€ Frais d'agence 445.12€ dont frais d'état des lieux Loyer de référence 19.20€ /m2 Loyer de référence majoré 23€ /m2 Les informations sur les risques auxquels ce bien est exposé sont disponibles sur le site Géorisques : """".",https://www.vizzit.fr/fr/property/appartement/lyon-6/Admfixxv1ev5pb1i,,
Lyon 3ème (69003),570 €,38 m² - 2 pièces,"F1 + Mezz de 39m2 au Rch / Cour rue Auguste Lacroix à prox du M° Guillotière dans un immeuble ancien. Chauff ind élec. Dpe: En cours. Libre de suite Il se compose d'un grand séjour avec un coin cuisine, d'une chambre en mezzanine, salle d'eau et Wc Loyer: 570 € / mois dont 20 € de provision pour charges locatives (régularisation annuelle). Dépôt de garantie: 550 € Honoraires à la charge du locataire: 511,68 € Ttc dont 118,17 € Ttc pour l'état des lieux.",https://www.vizzit.fr/fr/property/appartement/lyon-3/Ac8941yy9n634lx0,,
Lyon 3ème (69003),692 €,39 m² - 2 pièces,"Location 69003 Lyon Appartement T2 - Balcons - Proche Ecoles Et Transports - Cet appartement de 39.20m2 est composé d'une entrée avec placard, une pièce de vie ouvrant sur un balcon, une cuisine séparée avec bloc évier, une salle de bains avec lavabo, un Wc sép... Voir plus sur seloger.com",https://www.vizzit.fr/fr/property/appartement/lyon-3/Asugkg198w8zmgi2,,
Lyon 9ème (69009),495 €,19 m² - Studio,À louer studio de 19 m² à Lyon 9 entre particuliers. Studio disponible à la location le 08 / 03 / 26 pour un loyer de 495 euros. Avantages du logement : - Cuisine équipée - Balcon - Transport - Proche commerce Ce propriétaire utilise LocService pour sélectionner s... Voir plus sur lesiteimmo.com,https://www.vizzit.fr/fr/property/appartement/lyon-9/A9e7yrgzovxsyyg4,,
Lyon 4ème (69004),786 €,30 m² - 1 pièce,"Lyon 4 - Place Bertone - Venez découvrir cet appartement T1 Meuble de 30 m2 en plein coeur de la Croix-Rousse. Il vous offre une belle pièce de vie avec cuisine Us, un coin nuit en mezzanine, une salle d'eau avec Wc. Belles prestations, rénové avec goût et b... Voir plus sur laforet.com",https://www.vizzit.fr/fr/property/appartement/lyon-4/Augzmrni5e17e87t,,
Lyon 5ème (69005),1 025 €,50 m² - 3 pièces,Plusse vous propose un appartement de 50 m2 plein de charme et meublé situé au 1 bis rue de la Loge dans le 5ème arrondissement de Lyon Le Vieux Lyon est le quartier médiéval de la métropole. Il s'étend sur la partie basse de la colline de Fourvière et le l... Voir plus sur seloger.com,https://www.vizzit.fr/fr/property/appartement/lyon-5/Aly13kdgwalvi7l1,,
Lyon 2ème (69002),1 350 €,97 m² - 3 pièces,"Appartement Lyon - Non Meuble Situé à proximité de toutes les commodités (commerces, transports en commun, école, Teo) au sein d'une charmante copropriété, au 4ème étage sans ascenseur, venez découvrir ce bel appartement de type 3 pièces de 98 m², très bien amé... Voir plus sur seloger.com",https://www.vizzit.fr/fr/property/appartement/lyon-2/Aaxhw203hwadfji5,,
Lyon 8ème (69008),481 €,20 m² - Studio,"Studio meublé - Idéal étudiant - Quartier Jet d'eau, à 5 minutes à pied de sans soucis – Résidence sécurisée avec gardien - Proche Tramway- Accès facile gare et facs- Résidence sécurisée - Venez visiter ce bel appartement meublé et tout équipé au calme donnant s... Voir plus sur seloger.com",https://www.vizzit.fr/fr/property/appartement/lyon-8/Aiixwrqufapqjory,,
Lyon 9ème (69009),1 150 €,66 m² - 3 pièces,"T3 -Métro Valmy avec Terrasse, cave et Garage - 24A rue des Tuileries : Appartement de type 3, il se compose d'un hall d'entrée, de deux chambres, d'une cuisine aménagée et équipée, d'un couloir, d'une salle de bains, d'un toilettes séparé, d'une terrasse, d'... Voir plus sur seloger.com",https://www.vizzit.fr/fr/property/appartement/lyon-9/A6aaqpeovxqpjrig,,
Lyon 6ème (69006),990 €,60 m² - 2 pièces,"Secteur Brotteaux/Part-Dieu - Renove Appartement en cours de rénovation, de type 2 au 3ème étage avec balcon, d'une surface de 60 m² comprenant un séjour, une chambre, une cuisine, une salle de bains et wc. Chauffage + eau froide inclus dans la provision de... Voir plus sur seloger.com",https://www.vizzit.fr/fr/property/appartement/lyon-6/Aypm4qzvu706pn6w,,
Lyon 6ème (69006),650 €,40 m² - 1 pièce,"Lyon 6ème, 71 rue Montgolfier, au quatrième étage sans ascenseur. T1bis non meublé de 22m² (40m² de surface au sol), composé d'une pièce de vie avec coin cuisine, d'une alcôve, d'une salle d'eau et d'un Wc. Loyer de référence : 385,00 € Loyer de référence ma... Voir plus sur seloger.com",https://www.vizzit.fr/fr/property/appartement/lyon-6/Afx877ztqmotpzg8,,
Lyon 2ème (69002),685 €,29 m² - 2 pièces,"Dans un immeuble sécurisé, et très bien entretenu, on vous propose un appartement de type F2 composé d'un hall d'entrée, d'une pièce de vie/séjour avec coin cuisine aménagée (placards hauts, 2 plaques de cuisson, un frigo Top), une chambre séparée avec parquet, u... Voir plus sur seloger.com",https://www.vizzit.fr/fr/property/appartement/lyon-2/A79py5fqjw537c8e,,
Lyon 4ème (69004),800 €,48 m² - 2 pièces,"A Louer - Lyon 4 - Rue des entrepôts, Proche des Quais de Saône, appartement F2 rénové de 48.34m² au 2ème étage d'une résidence datant de 1989, comprenant un hall d'entrée avec placards de rangements aménagés, séjour avec cuisine ouverte aménagée et équipée de plaques, hotte, micro ondes et lave vaisselle, une chambre avec placard de rangement, une salle de bains, un wc indépendant. Chauffage individuel électrique, eau chaude par cumulus et eau froide dans les charges. Garage possible avec l'appartement pour 90 € en sus. Zone Soumise A L'encadrement Des Loyers Loyer de référence = 14.5 €/m2 Loyer de référence majoré = 17.4 €/m2 Les informations sur les risques auxquels ce bien est exposé sont disponibles sur le site géorisques :",https://www.vizzit.fr/fr/property/appartement/lyon-4/Awrnrlth6nl1cim7,,
Lyon 6ème (69006),715 €,30 m² - 1 pièce,"Appt F1 bis Meublé situé au 23 rue Bugeaud, Lyon 6è, 30 m2 dont 6 m2 de mezzanine, est disponible à la location à partir du 1er mars. 5 ème étage / 6 , hall d’entrée, séjour, salle de bain avec douche, cuisine équipée, carrelage, parquets, placards, interphone, e... Voir plus sur seloger.com",https://www.vizzit.fr/fr/property/appartement/lyon-6/Ajlmbgk6ecged6o7,,
Lyon 3ème (69003),1 100 €,54 m² - 2 pièces,"Appartement T2 meublé de 54 m² – Dernier étage – Rue Marius Audin, Lyon 3e Situé rue Marius Audin, au cœur du très recherché 3e arrondissement de Lyon, ce charmant appartement de type T2 d'une superficie de 54 m² se trouve au 2e et dernier étage d'une petite copro... Voir plus sur seloger.com",https://www.vizzit.fr/fr/property/appartement/lyon-3/Apb136lse76zxxg8,,
Lyon 4ème (69004),850 €,42 m² - Studio,"Bel appartement de type T1, rénové en 2022 et situé au 2ème étage du 1/3 rue Perrod 69004. Ce logement est spacieux et lumineux, composé d'un séjour avec cuisine ouverte aménagée et semi-équipée (plaque de cuisson et hotte). Un espace nuit avec placard de rangement, une salle d'eau et Wc séparés. Appartement donnant sur cour. Immeuble avec ascenseur, fibré et idéalement situé sur le plateau de la Croix-Rousse, à proximité des commerces et transports en communs. Les informations sur les risques auxquels ce bien est exposé sont disponibles sur le site Géorisques :",https://www.vizzit.fr/fr/property/appartement/lyon-4/Atu930cqtj3cq3jt,,
Lyon 4ème (69004),1 308 €,73 m² - 3 pièces,"Un appartement de type 3 situé proche d'Henon dans le quatrième arrondissement de Lyon. Au deuxième étage d'une copropriété récente, composé de : D'un séjour, d'une cuisine meublé non équipée, de deux chambres, d'une salle de bain et d'un wc indépendant. Un bal... Voir plus sur seloger.com",https://www.vizzit.fr/fr/property/appartement/lyon-4/A0wocjqv9n6z75b9,,
Lyon 7ème (69007),626 €,25 m² - Studio,"Situé dans une petite copropriété, quartier tranquille. Coquet studio meublé. L'appartement est composé d'un canapé, une commode, une tv, une table basse, des éléments de cuisine : mini frigo, plaque de cuisson, micro-ondes, grille pain, bouilloire. Espace n... Voir plus sur seloger.com",https://www.vizzit.fr/fr/property/appartement/lyon-7/Axgnnnkpiafapzro,,
Lyon 1er (69001),777 €,34 m² - 1 pièce,"Lyon - A Louer T1 de 34m². Loyer: 777€ Cc. Composé d'une entrée, d'un séjour, d'une cuisine équipée, d'une chambre, d'une salle d'eau et d'un Wc. Proche transports et commerces. Pour visite Loc Express frais de dossier 240 euros",https://www.vizzit.fr/fr/property/appartement/lyon-1/Aacem29i210vjl9a,,
Lyon 5ème (69005),805 €,50 m² - 2 pièces,"Lyon 5ème, Saint Iréné, dans une résidence sécurisée, beau T2 d'environ 51 m², comprenant un hall d'entrée avec placard mural, un séjour avec balcon, 1 chambre avec placard, une cuisine aménagée, un cellier et une salle de bains. Une place de stationnement privative et une cave viennent compléter ce bien. Le chauffage, l'eau chaude et l'eau froide sont compris dans la provision sur charges. Les informations sur les risques auxquels ce bien est exposé sont disponibles sur le site Géorisques : georisques. Gouv. Fr",https://www.vizzit.fr/fr/property/appartement/lyon-5/A924c4qm7op8qy6i,,
Lyon 8ème (69008),896 €,37 m² - Studio,"Studio meublé Lyon 8ème - Oralia vous propose la location rue Saint Romain dans le 8ème arrondissement de Lyon, proche de l'arrêt de métro D ""Sans Souci"" un studio meublé de 37.31 m² situé au rez-de-chaussée. L'appartement se trouve près de la manufacture des tabacs, côté de l'hôtel de police, des métros, des commerces dans une résidence sécurisée avec parc. L'appartement comprend : une entrée avec placard, un séjour avec cuisine ouverte aménagée et équipée (four, plaques de cuisson, hotte, frigo, machine laver), un coin nuit séparé et une salle d'eau carrelé avec coin toilette. Fenêtres double vitrage Pvc Entrée sécurisée (badge + code) L'immeuble dispose d'un gardien et d'espaces verts. Une cave et un parking complète ce bien. Chauffage : Collectif Eau chaude : Collective Eau froide : Collective Loyer : 816 € Charges : 80 € Libre Le Important ! Pour vous permettre de visiter le bien il convient de déposer votre dossier au préalable sur notre site lien directement sur l'annonce. Loyer de 896,00 euros par mois charges comprises dont 80,00 euros par mois de provision pour charges (soumis la régularisation annuelle). Les honoraires charge locataire sont de 485,03 euros ( soit 13,00 euros/m² ) dont 113,05 euros pour état des lieux ( soit 3,03 euros/m² ). Montant estimé des dépenses annuelles d'énergie pour un usage standard : entre 520 et 760 euros. Prix moyens des énergies indexés en 2021. Zone soumise encadrement des loyers. Le loyer de base du bien proposé est de 816 euros, le loyer de référence majoré (fixé par arrêté préfectoral) est de 865,592 euros",https://www.vizzit.fr/fr/property/appartement/lyon-8/A4ne0dyke1i9h0md,,
Lyon 2ème (69002),883 €,50 m² - 2 pièces,"En plein centre ville, à deux pas de la gare de Perrache, cet appartement de type F2 Meuble, à l'entresol, se compose d'une entrée, un séjour, un cuisine, une chambre, une salle d'eau et un wc. Le sol est en moquette, parquet et carrelage. Le chauffage est assuré par des radiateurs électriques et les fenêtres sont à double vitrage. Charges du locataire : 15€ Honoraires à la charge du locataire : 665€ Dépôt de garantie : 1736€ L'état des lieux est compris dans les honoraires. Zone soumise à encadrements des loyers Loyer de base : 862.75€ Loyer de base majoré : 1035.30€ Les informations sur les risques auxquels ce bien est exposé sont disponibles sur le site Géorisques :",https://www.vizzit.fr/fr/property/appartement/lyon-2/Apu8lcrw3hq216zq,,
Lyon 2ème (69002),560 €,31 m² - 1 pièce,"Idéalement situé au cœur du quartier prisé de Confluence/Perrache, à deux pas des transports en commun, des commerces et des commodités, découvrez ce bel appartement de type T1 de 31.45 m², situé au 2 étage. Il se compose d'une entrée accueillante, d'un séjour lumi... Voir plus sur seloger.com",https://www.vizzit.fr/fr/property/appartement/lyon-2/A5s68mx5wkcaiuaw,,
Lyon 3ème (69003),1 050 €,47 m² - 2 pièces,"Appartement T2 de 47 m² avec stationnement privatif et cave – Rue de la Part-Dieu, Lyon 3e Idéalement situé rue de la Part-Dieu, au sein du très prisé 3e arrondissement de Lyon, cet appartement de type T2 d'une superficie de 47 m² offre un cadre de vie confortable ... Voir plus sur seloger.com",https://www.vizzit.fr/fr/property/appartement/lyon-3/Agie364rn9x2l6jl,,
Lyon 8ème (69008),820 €,46 m² - 2 pièces,"Plusse vous propose un appartement meublé de 46,35 m² situé 3 rue Miriam Makeba, 69008 Lyon. [Disponible : ] Ce logement vous séduira par ses nombreux atouts : -Un espace de vie agréable et bien agencé avec une belle luminosité naturelle -Une chambre confortable -... Voir plus sur lesiteimmo.com",https://www.vizzit.fr/fr/property/appartement/lyon-8/Aiax3lsc1q7o7odl,,
Lyon 8ème (69008),950 €,42 m² - 2 pièces,"Bel appartement meublé neuf, lumineux et entièrement équipé, situé dans une résidence récente (2025), à 5 minutes à pied du métro Mermoz-Pinel (ligne D) et du tram T6. Surface : 42,15 m² + balcon de 6,55 m² au calme. Composition : • Séjour avec cuisine ouverte entiè... Voir plus sur seloger.com",https://www.vizzit.fr/fr/property/appartement/lyon-8/Az3cq9jlmjih8n22,,
Lyon 2ème (69002),1 660 €,94 m² - 3 pièces,"Magnifique T3 avec belles prestations, dans immeuble de standing, 1 hall, 1 cuisine ouverte aménagée et équipée sur grand séjour très lumineux donnant plein sud sur la verdure du square, avec parquet et placards, 2 chambres climatisées avec parquet et placards don... Voir plus sur seloger.com",https://www.vizzit.fr/fr/property/appartement/lyon-2/A5lxn3lr0acwmsjz,,
Lyon 2ème (69002),1 473 €,118 m² - 4 pièces,"Prenez Votre Rendez-Vous : Cliquez sur "" l'agence"" ou ""Envoyer un message"". Un lien vous sera envoyé par Sms et par mail afin de pré-valider votre dossier pour obtenir un rendez-vous. 5 Rue Des Marronniers Dans L'hyper-Centre, A Une Minute A Pied De La Place Bellecour, Du Métro A Et D Et De Toutes Commodités, au troisième étage sans ascenseur, Découvrez cet Appartement avec de beaux volumes et du cachet (parquet et cheminées). Il est composé d'un Hall d'entrée avec placard, d'un grand Séjour avec Cuisine ouverte, d'une première Chambre avec dressing et Salle d'eau attenants, de deux autres Chambres avec placards, d'une Salle de bains et Wc séparés.",https://www.vizzit.fr/fr/property/appartement/lyon-2/Ao6jd6sf04ylxn9d,,
Lyon 9ème (69009),1 000 €,64 m² - 3 pièces,"Appartement - T3 - Lyon - 1000 Lyon - A Louer T3 de 64m² avec un balcon. Loyer: 850€ Hc + 150€ de charges ( Eau Et Chauffage Compris) Composé d'une entrée, d'un séjour, d'une cuisine, de deux chambres, d'une salle de bain et d'un Wc. Proche transports et commerces. Pour visite Loc Express numéro [Coordonnées masquées] frais de dossier 240 euros Référence annonce : Pro-",https://www.vizzit.fr/fr/property/appartement/lyon-9/A7et6l6vjsk1o6gz,,
Lyon 6ème (69006),1 020 €,54 m² - 2 pièces,"Situé dans le quartier bellecombe, cet appartement meublé offre un logement fonctionnel et bien agencé, à 5 min de la Part-Dieu. Il se compose de deux pièces, dont une pièce de vie comprenant un espace salon et un espace salle à manger, ainsi que d’une cuisine séparée, aménagée et équipée. La chambre dispose d’un dressing et d’un placard intégré. L’Immeuble comprend également un espace de rangement dédié aux vélos. Loyer : 990 € + Charges : 30 € / mois ? Quartier Bellecombe ?️ Appartement meublé ?️ Cuisine séparée ? Local vélos Conditions de location : – Locataire en Cdi – Hors période d’essai Avant toute visite, merci de transmettre un descriptif de votre profil (situation, emploi, garants etc..) Disponible rapidement",https://www.vizzit.fr/fr/property/appartement/lyon-6/Ayahh3ykq1gtdpug,,
Lyon 5ème (69005),662 €,39 m² - 2 pièces,"Secteur Place de Trion, rue des Anges, nous vous proposons à la location un appartement T2 de 39,33 m² entièrement rénové, situé en rez-de-chaussée.Ce bien se compose d'un hall d'entrée, d'une cuisine équipée (plaques de cuisson et réfrigérateur top) ouverte sur séjour, d'une chambre, d'une salle de douche et d'un Wc. Le chauffage est individuel électrique.L'appartement est disponible immédiatement. Assurance habitation (facultative) à partir de 17.8 euros par mois. Zone soumise à encadrement des loyers : loyer de base 641 euros. Loyer de référence majoré (loyer de base à ne pas dépasser) : 641.08 euros. Les informations sur les risques auxquels ce bien est exposé sont disponibles sur le Site Géorisques :",https://www.vizzit.fr/fr/property/appartement/lyon-5/Ax37smu6tf61pvq2,,
Lyon 6ème (69006),2 478 €,111 m² - 3 pièces,"Proche du Parc de la Tête d'or, au 17ème et dernier étage d'un immeuble de standing avec accès Pmr, très bel appartement contemporain de 111,40m² avec un panorama à 180° sur les monts du Lyonnais ainsi que sur le Parc. Il se compose d'une entrée avec un dressing, un grand séjour - salle à manger (poss 3ème chambre) avec cuisine ouverte équipée donnant accès à une terrasse, une buanderie, deux grandes chambres dont une avec un dressing aménagé, une salle de bains avec douche et baignoire, un wc indépendant. Un garage en sous-sol ainsi qu'une cave à vins complètent l'ensemble. L'appartement est climatisé. Immeuble en copropriété avec un local vélo sécurisé, 250 lots, Honoraires à la charge du vendeur. Honoraires 1122€ + 336 Frais d'état des lieux / Zone soumise à l'encadrement des loyers / Loyer de référence médian : 1403Hc / Loyer majoré : 1682€Hc / Complément de loyer : 591€Hc Contact Jérémy Mougin au zéro ou par mail à l'adresse",https://www.vizzit.fr/fr/property/appartement/lyon-6/A9vhhu13niqq3q3x,,
Lyon 8ème (69008),905 €,50 m² - 2 pièces,Particulier loue T2 meublé de 50m2 proche métro Grange Blanche. Loyer de 905 euros par mois (provisions de chages incluses). Disponible début Mars. Pas de frais d'agence.,https://www.vizzit.fr/fr/property/appartement/lyon-8/Ak4dmxxdh65gkzdy,,
Lyon 8ème (69008),1 350 €,65 m² - 3 pièces,"À Louer T3 Meublé 65 m² Lyon 8e Surface : 65 m² 4ème étage avec ascenseur Résidence sécurisée Description du bien : Dans une résidence sécurisée, calme et sécurisée, venez découvrir ce T3 meublé de 65 m² situé au 4 étage avec ascenseur, offrant des prestations de qualité et un cadre de vie agréable, à deux pas des commodités et transports. Détail des pièces : Séjour / salon : spacieux et lumineux, équipé d'un canapé, table basse, meuble Tv, table à manger. Accès à un balcon Cuisine ouverte : entièrement aménagée et équipée (four, plaques, hotte, réfrigérateur-congélateur, micro-ondes, lave-vaisselle, nombreux rangements). 1Ère chambre avec accès sur le balcon et deuxième chambre avec un lit simple. Salle de bain : équipée d'une baignoire, meuble double vasque avec rangements. Wc séparés. Commerces à proximité : Supermarché Monoprix à 300 m Boulangerie, pharmacie, tabac, banque à moins de 5 minutes à pied Restaurants, cafés et petits commerces dans le quartier Conditions de location : Loyer mensuel : 1 280 € Charges : 70 € / mois (comprenant les charges communes) Loyer charges comprises : 1 350 € / mois Dépôt de garantie : 2 560 € Frais d'agence : 849 € Ttc (incluant visites, dossier, bail, état des lieux) Atouts du logement : Meublé et prêt à vivre Résidence sécurisée avec ascenseur Quartier bien desservi et très vivant Zone soumise à encadrement des loyers : Loyer de référence majoré : 986.70 € Complément de loyer justifié par le confort supplémentaire : 363.3 € Informations importantes : Les informations sur les risques auxquels ce bien est exposé sont disponibles sur le site Géorisques : Postuler : Pour soumettre votre dossier, rendez-vous sur notre site : neoloc-. Contact : Agence immobilière Néoloc 9 rue du Général Plessier, 69002 Lyon Email : Référence annonce : n° 788 Informations Loi Alur : Carte professionnelle T et G n° Cpi 024 045 délivrée par la Cci de Lyon Métropole Saint-Étienne Roanne Garantie financière 1 340 000 € - Galian, 89 rue de la Boétie, 75008 Paris Assurance Rcp : Mma Police Copropriété de 20 lots.",https://www.vizzit.fr/fr/property/appartement/lyon-8/Aegu9x890j7xh6bj,,
Lyon 3ème (69003),980 €,35 m² - 3 pièces,"Appartement 3 pièces 35 m² Nouveauté Sur Lyon 3 appartement à louer meublé de 34.50m² carrez et 71 m² au sol comprenant un séjour / salle à manger, cuisine Us aménagée, sans vis à vis, 2 chambres avec rangement ainsi qu'une salle de bains avec Wc. Proche de l'arrêt des transports Dauphiné-Lacassagne, école et collège Charles de Foucauld . 16 min à pied du métro sans-souci, et 2 min de l'avenue Felix-Faure. Pour plus de renseignements , contactez le [Coordonnées masquées]. Surface : 35 m² Date de réalisation du diagnostic énergétique : Consommation énergie primaire : Non communiqué Consommation énergie finale : Non communiqué Montant estimé des dépenses annuelles d'énergie pour un usage standard : 391 € par an. Prix moyens des énergies indexés sur l'année Non communiqué (abonnements compris)",https://www.vizzit.fr/fr/property/appartement/lyon-3/Az4uaziv6rhoq2z3,,
Lyon 8ème (69008),890 €,40 m² - 2 pièces,"Appartement 2 pièces 40 m² A ne pas rater : joli T1 Bis meublé à Lyon 8e - T1 Bis meublé situé Boulevard Jean Xxiii à Lyon 8e, à proximité immédiate des transports, commerces et commodités. Proche des grandes écoles ( Institut techniques d'ingénieur de l'industrie de Lyon, Institut de formation en kinésithérapie etc...) Appartement entièrement rénové situé au 5e étage avec ascenseur comprenant : une entrée avec grand placard de rangement, une salle de douche spacieuse, une cuisine équipée ( avec une plaque de cuisson, un four à micro-onde, une table avec deux chaises et un réfrigérateur), un grand séjour faisant office de chambre entièrement meublé. Un logement fonctionnel, lumineux et prêt à habiter. Le chauffage et l'eau chaude sont individuels électrique L'eau froide est comprise dans les charges Dpe (Diagnostic de Performance Énergétique) : « Dpe C - Ges A » Ce logement est éligible au dépôt de garantie simplifié avec DepoZen. Zone soumise à encadrement des loyers : Oui Loyer de base : 960 € Loyer de référence majoré (loyer de base à ne pas dépasser) : 962.92€ Loyer 1010€ charges comprises ""Les informations sur les risques auxquels ce bien est exposé sont disponibles sur le site Géorisques : Loyer de 890,00 euros par mois charges comprises dont 50,00 euros par mois de provision pour charges (soumis à la régularisation annuelle). Les honoraires charge locataire sont de 522,04 euros ( soit 13,12 euros/m² ) dont 120,56 euros pour état des lieux ( soit 3,03 euros/m² ). Montant estimé des dépenses annuelles d'énergie pour un usage standard : entre 440 et 630 euros. Zone soumise à encadrement des loyers. Le loyer de base du bien proposé est de 840 euros, le loyer de référence majoré (fixé par arrêté préfectoral) est de 38 314,586 euros Surface : 40 m² Date de réalisation du diagnostic énergétique : Consommation énergie primaire : 144 kWh/m²/an Consommation énergie finale : Non communiqué Montant estimé des dépenses annuelles d'énergie pour un usage standard : entre 440 € et 630 € par an. Prix moyens des énergies indexés sur l'année Non communiqué (abonnements compris)",https://www.vizzit.fr/fr/property/appartement/lyon-8/Al16u5jjt5g37hhd,,
Lyon 1er (69001),795 €,26 m² - Studio,"Je loue ce charmant appartement de type T1 mezzanine de 26m² hab et 19m2 loi Carrez. Il est situé au 2ème étage d'un immeuble de 5 étages en plein coeur du 1er arrondissement. Cet appartement possède un coin chambre en mezzanine, un espace de vie avec un coin cuisine équipé ainsi qu’une salle de bains avec Wc. Disponible à la location dès maintenant. Premier contact par messagerie leboncoin.",https://www.vizzit.fr/fr/property/appartement/lyon-1/Abg5l3j3gk1uss1o,,
Lyon 8ème (69008),690 €,25 m² - Studio,"Conditions De Location Etudiant Avec Garant Ou 3 Fois Le Loyer Obligatoire ( Visite Apres Reception Fiche Locataire ) Idéalement situé 9 Rue Pierre Sonnerat Lyon 8 à 5 mn de grange blanche écoles, commerces, métro, tram . Au calme absolu un Studio meublé au Rdj donnant sur espaces vert , il est composé d'une entrée sur cuisine et pièce de vie ( meublé ) une kitchenette avec placard, plaques de cuisson, petit frigo, hotte, vaisselles , une table et deux chaises, micro ondes ) salon un canapé convertible , table basse, bureau , armoire, télévision. Une salle de bain douche à l'italienne et un wc . Chauffage électrique convecteur . Bail meublé classique : loyer avec charges 690 euros Charges ( 50 euros comprenant eau froide , taxe ordure ménagère, charge part locataire immeuble ) Loyer : 640 euros caution : 1200 euros Bail mobilité toute charges comprises : 10 mois maximum : 915 euros Loyer soumis à la réglementation des loyers : Loyer Majoré : 532,01 euros Hc Loyer majoré m2 : 21,60 euros Hc complément de loyer : 108 euros Charges honoraires visites , bail et Edl : 319 euros",https://www.vizzit.fr/fr/property/appartement/lyon-8/A5e9g1qcfw0r81o0,,
Lyon 9ème (69009),585 €,23 m² - Studio,"Studio rénové (2024) de 23,5 m² – Lyon 9 (Valmy) – Rez-de-chaussée sur cour intérieure Situé à 4 minutes à pied du métro Valmy, ce studio de 23,5 m², entièrement refait début 2024, offre un cadre de vie agréable au cœur du 9ᵉ arrondissement de Lyon. Idéalement placé et au calme, il donne sur une cour intérieure. Description du logement : Studio de 23,5 m² Situé en rez-de-chaussée sur cour intérieure Pièce de vie fonctionnelle Cuisine ouverte Salle d’eau avec douche et Wc Rangements Stationnement vélo possible dans la cour Performances énergétiques : Dpe : D Ges : B Loyer : 570 € / mois + 15 € de charges Atouts du bien : Emplacement recherché, à proximité immédiate du métro Valmy, commerces, services et restaurants Studio rénové, propre et fonctionnel Environnement calme grâce à la cour intérieure Idéal pour étudiant(e) ou jeune actif(ve)",https://www.vizzit.fr/fr/property/appartement/lyon-9/A411gmrrxg53fz13,,
Lyon 4ème (69004),746 €,38 m² - 2 pièces,"Appartement 2 pièces 38 m² Charmant T1 Au Coeur De La Croix Rousse - Charmant T1 situé au cœur de la Croix Rousse, rue du chariot d'or, à proximité des commerces et transports (Métro C à 10 minutes à pied). Ce T1 de 37.63m² est composé d'un hall, une cuisine séparée, séjour de 14.74m², une chambre en mezzanine avec rangements, une salle de bains, et un wc. Chauffage électrique individuel Eau froide individuelle Dpe (Diagnostic de Performance Énergétique) : « Dpe E - Ges E » Ancienne version du Dpe : « Dpe E - Ges E » Nouvelle version en cours d'actualisation Ce logement est éligible au dépôt de garantie simplifié avec DepoZen. Explorez ce bien en détail grâce à notre visite virtuelle immersive. Zone soumise à encadrement des loyers : Oui Loyer de base : 617.13 € Loyer de référence majoré (loyer de base à ne pas dépasser) : 741.31 € ""Les informations sur les risques auxquels ce bien est exposé sont disponibles sur le site Géorisques : Loyer de 746,00 euros par mois charges comprises dont 13,00 euros par mois de provision pour charges (soumis à la régularisation annuelle). Les honoraires charge locataire sont de 493,71 euros ( soit 13,12 euros/m² ) dont 114,02 euros pour état des lieux ( soit 3,03 euros/m² ). Dpe Ancienne Version. Surface : 38 m² Consommation énergie primaire : Non communiqué Consommation énergie finale : Non communiqué",https://www.vizzit.fr/fr/property/appartement/lyon-4/Aae6dbnvuef6d48b,,
Lyon 6ème (69006),900 €,34 m² - 2 pièces,"Lyon 6ème - secteur Brotteaux, rue Masséna – T1 Bis meublé de 34m² au 5ème étage sans ascenseur dans immeuble ravalé. Appartement rénové en 2020. Pièce de vie avec coin cuisine (équipé avec réfrigérateur congélateur, four, plaques à induction, hotte, micro-ondes, lave-linge et lave-vaisselle). Chambre (ancienne alcôve fermée) avec lit 140. Espace douche et Wc séparés. A proximité de toutes les commodités : commerces et transports. A 11 min à pied de la Gare Part-Dieu, 7 min du métro Masséna et 6 min du métro Brotteaux. Le loyer est de 860 € hors charges. Les charges de copropriété sont de 40 €. Loyer charges comprises de 900 €. Dépôt de garantie : deux mois de loyer. Abonnements à souscrire par le locataire : eau, électricité, et internet. Disponible le 1er mars 2026. Pièces à prévoir pour l’étude de votre dossier : - étudiant : votre Cni, Cni de votre garant, dernier avis d'impôts de votre garant, et ses 3 dernières fiches de paie. - travailleur : votre Cni, votre dernier avis d'impôts, vos 3 dernières fiches de paie, et même documents pour votre garant.",https://www.vizzit.fr/fr/property/appartement/lyon-6/Au3wkcai3lxw8f4a,,
Lyon 9ème (69009),777 €,40 m² - 1 pièce,"Secteur Valmy proche des commerces, des écoles, des quais de Saône et des transports(bus, metro D Valmy) Appartement traversant, T1 bis de 40.5m² en rez de chaussée surélevé dans un immeuble ancien proche de valmy. Le bien se compose d'une entrée donnant sur une pièce de vie avec alcôve, d'une cuisine indépendante aménagée, d'une salle d'eau, de wc et d'une cave. Stationnement possible dans la cour de la copropriété Pour visiter le bien, merci de déposer un dossier pour vous et vos garants sur le lien Clac : Cl Immo Les informations sur les risques auxquels ce bien est exposé sont disponibles sur le site Géorisques :",https://www.vizzit.fr/fr/property/appartement/lyon-9/Acl9jvop006n0obj,,
Lyon 7ème (69007),655 €,17 m² - Studio,"Rdclyon7 Dans le 7ᵉ arrondissement de Lyon, à proximité immédiate du campus de la Manufacture des Tabacs et aux portes de Monplaisir, studio meublé situé en rez-de-chaussée, idéal pour étudiant. Le logement offre une surface d'environ 18 m² et se compose d'une pièce principale avec espace cuisine aménagé, ainsi que d'une salle d'eau équipée d'une cabine de douche. Chauffage individuel électrique production d'eau chaude par ballon Eau froide incluse Connexion internet comprise dans les charges Disponible à la location tout de suite Zone soumise à encadrement des loyers : Loyer de base - 287 euros / Loyer de référence majoré - 345 euros / complément de loyer -260 € mise à disposition de services Référence annonce : Rdclyon7 Dépôt de garantie : 1210 € Montant des charges : 50 € / mois Complément de loyer : 260 € / mois (inclus dans le loyer Cc)",https://www.vizzit.fr/fr/property/appartement/lyon-7/Ahgwpc300ppnq2vl,,
Lyon 7ème (69007),860 €,41 m² - 2 pièces,"Appartement 2 pièces 41 m² Découvrez cet appartement T2 exceptionnel, situé dans une résidence de standing construite en 2010 et récemment rénové. Ce bijou immobilier allie élégance et fonctionnalité, offrant un cadre de vie idéal pour ceux qui recherchent à la fois confort et modernité. Avec ses 41 m² de surface habitable, cet appartement non meublé se compose d'un spacieux séjour de 20 m² baigné de lumière naturelle, d'une chambre confortable, d'une salle de bains moderne et d'un Wc indépendant. L'appartement est en excellent état, avec des parties communes en bon état, et est équipé d'un ascenseur pour un accès facile. Profitez d'un balcon de 7 m², parfait pour des moments de détente en plein air. Imaginez-Vous en train de prendre votre café du matin ou de lire un livre en profitant de la vue. Cet appartement est un véritable havre de paix, idéal pour les professionnels ou les couples. Les commodités à proximité incluent plusieurs commerces de proximité à moins de 5 minutes à pied, une école primaire à 10 minutes à pied, et une station de métro à 15 minutes à pied. Ne manquez pas cette opportunité unique de vivre dans un appartement moderne et bien situé. Contactez-Nous dès aujourd'hui pour organiser une visite et laissez-vous séduire par ce cadre de vie exceptionnel. Surface : 41 m² Modalité de récupération des charges locatives : Prévisionnelles mensuelles avec régularisation annuelle Date de réalisation du diagnostic énergétique : Consommation énergie primaire : 280 kWh/m²/an Consommation énergie finale : Non communiqué Montant estimé des dépenses annuelles d'énergie pour un usage standard : entre 500 € et 600 € sur les années 2021, 2022 et 2023 (abonnements compris).",https://www.vizzit.fr/fr/property/appartement/lyon-7/Ava1qira8y3y3pqr,,
Lyon 4ème (69004),800 €,45 m² - 4 pièces,"A louer - Appartement 4 pièces - 45m2 - Lyon 4e - Rue d'Ypres vue sur Saône Situé dans le 4ᵉ arrondissement de Lyon (Croix-Rousse), au 1 rue d’Ypres, cet appartement de 45m² refait à neuf se trouve au 2ᵉ étage avec ascenseur d’une copropriété bien entretenue. Il se compose d’un séjour spacieux et lumineux, d’une cuisine moderne, de 1 chambres confortables, d’une salle de bains et de Wc. Son agencement optimisé offre un cadre de vie agréable, fonctionnel et moderne. Une grande cave complète ce bien, offrant un espace de stockage appréciable. Surface : 45 m² Étage : 2ᵉ avec ascenseur Chambres : 3 État : Refait à neuf Annexe : Grande cave Si vous avez besoin d'un renseignement ou une questions n'hésitez pas a m'envoyer un message",https://www.vizzit.fr/fr/property/appartement/lyon-4/A0cylnq6g2gubx8y,,
Lyon 9ème (69009),1 307 €,76 m² - 3 pièces,"44 Rue du 24 Mars 1852, Lyon 9 (Métro Vaise/Valmy). Bel et spacieux appartement T3 meublé de 77 m² avec grande terrasse de 32 m² exposée sud-ouest, situé au 4ème étage d'une résidence de 2012. Il est composé d'une entrée, cuisine américaine moderne très bien équipée (four, plaques induction, hotte, lave-vaisselle, frigidaire, four micro-ondes), double salon/séjour, 2 chambres, grande salle d'eau avec douche à l'italienne, Wc séparé avec lave-linge. Calme, nombreux placards. Chauffage individuel électrique par caloporteurs. Garage au sous-sol. Charges comprenant l'entretien des parties communes et la provision pour eau froide. Disponible De Suite. Dpe D (réalisé le ). Loyer de référence majoré: 1302,03 euros Hc. Dépôt de garantie 2 mois de Loyer Hc. Honoraires agence Loi Alur: 995,67 euros Ttc ou 1 mois de loyer Hc en cas de bail de droit commun (Visites, étude de dossiers et rédaction de bail, état des lieux entrant). Merci de Amanda Cook . . Honoraires de 995,67 euros Ttc à la charge du locataire comprenant 229,77 euros Ttc pour l'état des lieux. Zone soumise à encadrement des loyers. Loyer de référence majoré (loyer de base à ne pas dépasser) 1302.03 euros/mois. Loyer de base 1222.00 euros/mois. Provision sur charges 85 euros/mois, régularisation annuelle. Dépôt de garantie 2 444 euros. Classe énergie D, Classe climat B Montant moyen estimé des dépenses annuelles d'énergie pour un usage standard, établi à partir des prix de l'énergie de l'année 2021 : entre 1200.00 et 1670.00 euros. Les informations sur les risques auxquels ce bien est exposé sont disponibles sur le site Géorisques : .",https://www.vizzit.fr/fr/property/appartement/lyon-9/Ayb85p4x5357siy0,,
Lyon 1er (69001),800 €,30 m² - 2 pièces,"Je loue ce bel appartement T2 de 30m² situé au 2ème étage d'un immeuble de 5 étages, dans le 1er arrondissement de Lyon à 50 mètres de la place des Terreaux et de l’hôtel de ville. Cet appartement non meublé comprend une pièce principale, une chambre et une salle de bains. Il bénéficie d'une exposition au sud-est. Construction ancienne inscrit au bâtiment de France, refait à neuf avec parquet et fenêtres double vitrage . L'appartement est situé dans un quartier bien desservi, à proximité des commerces et des transports en commun. Cuisine équipée avec frigo, plaque induction avec hotte. Chauffage électrique. - Appartement disponible à la location à partir de février (2026). N'hésitez pas à l’agence immobilière qui gère le bien pour plus de photos ou renseignements complémentaires.",https://www.vizzit.fr/fr/property/appartement/lyon-1/A97v01s9mlb7msy1,,
Lyon 6ème (69006),1 100 €,46 m² - 2 pièces,"Je loue en direct un charmant T2 très clair traversant Est/Ouest, très lumineux, sans vis à vis, séjour avec cheminée, moulures, parquet chêne 2 grandes fenêtres en bois neuves pour une meilleure isolation thermique et phonique. Cuisine avec plaque induction et hotte. Emplacement pour Ll, frigo et four. Chambre Ouest avec Gde porte fenêtre donnant sur un petit balcon sur cour. Salle d’eau avec meuble, douche et Wc. Climatisation réversible : chauffage en hiver et climatisation en été.",https://www.vizzit.fr/fr/property/appartement/lyon-6/Ad8d7yfluv3dmqik,,
Lyon 4ème (69004),740 €,35 m² - Studio,"À louer Grand Studio meublé cosy et fonctionnel à Lyon Situé au cœur de Lyon, au 6 rue Bony, 69004 Lyon, ce charmant studio meublé de 35 m² au 3e étage avec ascenseur vous offre un cadre de vie idéal, à quelques pas des commerces, bars, restaurants et transports. Points forts : Grand lit confortable, pour des nuits paisibles Cuisine moderne entièrement équipée : réfrigérateur, cuisinière, four, micro-ondes et lave-vaisselle Salle de bain complète avec douche, lave-linge & sèche-linge Espace de rangement privé Wifi et Tv par câble inclus pour votre confort connecté Chauffage électrique performant, classé énergie C (103), Ges D (23) Loyer mensuel : 700 € + 40 € de charges Garantie locative : 700 € Location directe propriétaire – sans frais d’agence ! Vous cherchez un logement pratique, cosy et parfaitement situé à Lille ? Ne tardez pas, cet appartement est idéal pour une personne seule ou un couple à la recherche d’un pied-à-terre fonctionnel et agréable. Contactez moi : Autres photos disponibles",https://www.vizzit.fr/fr/property/appartement/lyon-4/A125b4icohs3p0v9,,
Lyon 8ème (69008),930 €,42 m² - 2 pièces,"[Contact Par Whatsapp Ou Mail Uniquement] Un agréable appartement de 42 m2 meublé loué avec un garage fermé et sécurisé. Il est situé dans le secteur de Bachut avec toutes les commodités. Près des écoles/universités, des commerces et des transports (T2 / T4 / Ligne D). 25 min de gare de Perrache 30 min de Lyon Part Dieu 25 min de Bellecour. Loyer mensuel : 850€ / mois. Charges forfaitaires : 80€/mois (incluant chauffage, eau chaude, autres...) Montant du dépôt de garantie : 2 mois de loyer soit 1.700€. Catégorie Dpe : C. Détails du logement : Un grand salon lumineux et équipé Une grande chambre avec lit double équipée Un dressing Une salle de bains avec baignoire Une terrasse + un jardin Cuisine équipée Garage fermé Fibre optique. ---- N'hésitez pas à me par mail ou WhatsApp pour obtenir des photos et/ou informations supplémentaires.",https://www.vizzit.fr/fr/property/appartement/lyon-8/Ac3zap28ezkww1b9,,
Lyon 2ème (69002),995 €,45 m² - 2 pièces,"Dans bel immeuble ancien entièrement rénové en 2001, loue T2 de 45 m2 au 5e étage avec ascenseur. Adresse : 60, cours Charlemagne 69002 Lyon Lumineux et très calme, exposition ouest. Cuisine équipée ouverte sur la pièce de vie. Entièrement meublé et équipé (literie neuve). Nombreux rangements. Chauffage gaz individuel (chaudière changée en 2023). Interphone, digicode, cave, local 2 roues sécurisé. Arrêt tram et Velo'v devant l'immeuble. Gare et centre commercial à 8 minutes à pied. Disponible en mars. Loyer 950 euros (loyer encadré : 886 euros + cave 64 euros) - Charges (uniquement parties communes de l'immeuble) : 45 euros. Dépôt de garantie : 950 euros Honoraires de location : 500 euros Garant privé demandé Visite soumise à présentation préalable : situation personnelle, professionnelle et revenus du locataire et du garant.",https://www.vizzit.fr/fr/property/appartement/lyon-2/Ajep9oeofeu8juh3,,
Lyon 8ème (69008),500 €,18 m² - Studio,"Je suis un particulier qui loue un appartement proche lycée-prépa La martinière et de la place Montplaisir (marché & lieu agréable à vivre). L'appartement est non meublé, et est équipée d'un plan de travail / rangement pour la cuisine, dans un immeuble comprenant des machines à laver collectives à disposition au sous-sol. Pour le processus de visite / sélection : Première prise de contact par courriel avec votre situation (étudiant / actif) et si vous avez un garant, vos dispos pour des visites. J'organiserai un premier tri, puis je vous demanderai un dossier à fournir (références possible sur internet, je vous épargne le détail) Je devrais lancer les visites autour du Mardi 24 - Ve 27 Février Ensuite état des lieux / une remise des clefs au maximum avant le 2 Mars. Le dernier Dpe date de mars 2017 - logement à consommation énergétique excessive (mention légale)",https://www.vizzit.fr/fr/property/appartement/lyon-8/Aji2v2x7jwd53mdt,,
Lyon 8ème (69008),423 €,21 m² - Studio,"129 Rue Villon 69008 Lyon, situé à proximité des commerces et des transports (Tram T6 / Arrêt Petite Guille et T4 / Arrêt Lycée Lumière), venez découvrir cet appartement T1 situé au 1ᵉʳ étage sans ascenseur comprenant une cuisine aménagée et équipée (frigo, plaque de cuisson) ouverte sur la pièce principale ainsi qu'une salle d'eau avec W.C.Chauffage et eau chaude électrique individuelEau froide comprise dans les charges.",https://www.vizzit.fr/fr/property/appartement/lyon-8/Awru12cf5qfh7u4z,,
Lyon 2ème (69002),1 400 €,25 m² - Studio,"Studio meublé – Location longue durée – Place des Archives, Lyon Charmant studio meublé situé place des Archives, emplacement central et recherché, à proximité immédiate des transports et commerces. Le logement est prêt à vivre : Télévision Lave-linge Kitchenette équipée + vaisselle Fibre internet haut débit Loyer : 1 400 € / mois, charges incluses Location longue durée – 1 mois minimum Disponible à partir du 01 juin 2026 ? Me via Le Bon Coin pour plus d’informations.",https://www.vizzit.fr/fr/property/appartement/lyon-2/Ajd4mbwtprrdxoq6,,
Lyon 8ème (69008),"1 040 €
-4%",42 m² - 1 pièce,,https://www.vizzit.fr/fr/property/appartement/lyon-8/A951s3ww28bpo19i,,
Lyon 7ème (69007),803 €,24 m² - 2 pièces,"Logement Manda ! Visitez et déposez votre dossier uniquement sur notre plateforme ! Nous ne vous enverrons jamais le bail ou le Rib par mail - tout est sécurisé sur notre plateforme. À proximité de la station de tramway Garibaldi-Berthelot (T2) et de la gare Jean Macé, Manda vous présente un T2 meublé récemment rénové, au 4e étage sans ascenseur. L'appartement est proche de toutes commodités. La pièce de vie possède un canapé-lit, une table basse, une télévision écran plat, des étagères, une lampe à pied, un grand miroir et une fenêtre sur rue. La cuisine est ouverte et équipée de plaques de cuisson, d'une hotte, d'un four, d'un micro-ondes et d'un lave-linge. La chambre dispose d'un lit double, d'un bureau, d'une armoire et une fenêtre sur rue. La salle de bain est dotée d'un meuble-vasque avec rangements, d'une cabine de douche, d'un sèche-serviettes et de Wc. Ce joli T2 n'attend plus que vous ! Pour rappel, cet appartement est situé dans une zone soumise à encadrement des loyers. Loyer de base : 355,2€ Loyer de référence majoré (Loyer de base à ne pas dépasser) : 427,2€ Complément de loyer : 325,07€ Vous Pouvez Visiter Plus De 3 000 Logements (visite virtuelle + vidéos) Et Déposer Votre Candidature Sur Le Site Web Manda (Ref : Manda-04705) Référence du bien : Manda-04705",https://www.vizzit.fr/fr/property/appartement/lyon-7/Ag01jycnp3x6gw4b,,
Lyon 7ème (69007),725 €,21 m² - Studio,"Studio Meuble Lyon 7/Manufacture Des Tabacs 21 m² Loue T1 meublé entièrement rénové de 21m² Toutes Charges Comprises ! Véritable coup de cœur à 50m de la manufacture des tabacs, très lumineux , entièrement refait à neuf au premier étage avec ascenseur d'une copropriété au 32 Rue Pierre Robin - Grande Rue de la Guillotière (Lyon 7) Les fenêtres sont en double vitrage neuves. Il est composé d'une pièce de vie avec cuisine aménagée de standing (frigo, plaque de cuisson, four micro , couverts, vaisselles, ustensiles de cuisine, machine à laver le linge). Canapé, Tv écran plat et table basse dans le salon. Loyer de 600 € Charges forfaitaires de 125 € soit un loyer charges comprises de 725€ Il est compris l'eau, l électricité, le chauffage et internet. Disponible À Partir Du 3 Mars ! Zone soumise à encadrement des loyers : Loyer de base - 350 euros / Loyer de référence majoré - 420 euros / complément de loyer - 180€ mise à disposition de services Référence annonce : Studio-Lyon7 Honoraires à la charge du locataire : 273 € Ttc Dépôt de garantie : 1200 € Montant des charges : 125 € / mois Complément de loyer : 185 € / mois (inclus dans le loyer Cc)",https://www.vizzit.fr/fr/property/appartement/lyon-7/A2t76los6tq3k4qr,,
Lyon 8ème (69008),250 €,15 m² - Studio,"Studio meublé de 15m² disponible au 4ème étage d'un immeuble à Lyon 8e arrondissement, metro montplaisir lumière Studio disponible en février 2026, n'hésitez pas à me pour plus d'informations et organiser une visite.",https://www.vizzit.fr/fr/property/appartement/lyon-8/Awz1m2t5r7ximm8s,,
Lyon 7ème (69007),800 €,48 m² - 2 pièces,Je sous loue mon appartement pour tout le mois de mars. Il est très bien situé,https://www.vizzit.fr/fr/property/appartement/lyon-7/At3vd9oypb4zectq,,
Lyon 1er (69001),700 €,25 m² - Studio,Appartemet entièrement rénové en 2025 d'une surface de 25m2 avec une mezanine de 8m2 Pièce principale avec kitchenette + Salle de douche avec Wc Visite possible ce soir le 10/2 à partir de 20h00 au 3 rue Chavanne Loyer 650€ + charges 50€,https://www.vizzit.fr/fr/property/appartement/lyon-1/Age74c4o6ydxrqso,,
Lyon 6ème (69006),620 €,24 m² - Studio,"Appartement de 24m² à louer Rue de Seze 69006 Lyon, au 3ème étage sans ascenseur, dans un immeuble entièrement rénové construit en 1905. Ce studio est disponible en location meublé. Les baies sont équipées de rideaux et le chauffage est individuel électrique avec ballon d’eau chaude. Le bien comprend un lit double en mezzanine. Il est équipé avec un réfrigérateur, un micro-ondes, un bureau … Une cuisine et une salle de bains sont également disponible. Le loyer mensuel est de 600€ plus 20€ de charges courantes de copropriétés (ordures, nettoyage, etc.). Le dépôt de garantie est de 2 mois de loyer. Frais d’agences : 13€/m² L’appartement vous intéresse ? Contactez moi !",https://www.vizzit.fr/fr/property/appartement/lyon-6/A0j2e0pzorckeoqs,,
Lyon 9ème (69009),600 €,24 m² - Studio,"Studio à louer Lyon 9 ème, bon état, 24 M2 avec mezzanine, rez de chaussée . 2 grandes fenêtres équipées de film sans tain. Sol parquet, chauffage électrique à inertie fluide, salle de douches avec Wc, porte blindée, immeuble calme. Tous commerces ( + marché) , métro à proximité. Prix 540 € + 60 € de charges eau comprise dans charges. Libre de suite.",https://www.vizzit.fr/fr/property/appartement/lyon-9/Asixran8pj2t0nkx,,
Lyon 2ème (69002),715 €,32 m² - 1 pièce,"Appartement T1 de 32,90 m2 habitable, dans un immeuble sur cour. Il comprend un hall d'entrée, un coin cuisine ouvert sur le séjour, une mezzanine, une salle de bains, un Wc. Le chauffage est individuel électrique. Loyer de 715,00 euros par mois charges comprises dont 15,00 euros par mois de provision pour charges (soumis la régularisation annuelle). Les honoraires charge locataire sont de 431,65 euros ( soit 13,12 euros/m² ) dont 99,69 euros pour état des lieux ( soit 3,03 euros/m² ). Montant estimé des dépenses annuelles d'énergie pour un usage standard : entre 1010 et 1390 euros. Prix moyens des énergies indexés en 2021. Zone soumise encadrement des loyers. Le loyer de base du bien proposé est de 700 euros, le loyer de référence majoré (fixé par arrêté préfectoral) est de 690,9 euros et le complément de loyer est de 9,1 euros par mois.",https://www.vizzit.fr/fr/property/appartement/lyon-2/Aescekqovuau48ue,,
Lyon 9ème (69009),500 €,18 m² - Studio,"Loue studio pour un(e) étudiant(e), équipé et meublé situé à Vaise Lyon 9e, Tous les commerces sont à proximités. Métro Valmy à 5 mn à pieds. Il y a un lit Bz, un coin cuisine (frigo et plaque 2 feux) et des ustensiles cuisines. Il y a un Wc et une douche hydromassante. (Pièce indépendante) Reste l'électricité à votre charge (20 à 25€/mois) Il ne convient qu'à une personne qui sera étudiant(e).",https://www.vizzit.fr/fr/property/appartement/lyon-9/A5ojmulq4t0eoxzc,,
Lyon 9ème (69009),590 €,12 m² - Studio,25 avenue Sergent Michel Berthet,https://www.vizzit.fr/fr/property/appartement/lyon-9/Aq3rrwzbyh4bi7qp,,
Lyon 7ème (69007),1 500 €,87 m² - 4 pièces,"102 Rue De Gerland, dans une résidence sécurisée, venez visiter de T4 de 87,22m2 entièrement meublé au 2ᵉ étage avec ascenseur. Il se compose d'une entrée avec placard, un vaste séjour, une cuisine ouverte entièrement équipée, trois chambres donc une suite parentale avec placard et salle d'eau, une salle de bains, Wc séparé. Garage en sous-sol. Chauffage individuel au gaz.",https://www.vizzit.fr/fr/property/appartement/lyon-7/Atxyxncnamvo3zxw,,
Lyon 9ème (69009),535 €,26 m² - Studio,"10 Rue De Saint Cyr proche Métro Gare de Vaise, dans un petit immeuble ancien en dernier étage sans ascenseur, grand T1 mansardé de 26m2 (38m2 en surface utile) comprenant une grande pièce de vie, un coin cuisine avec meubles, plaques et hotte, une salle d'eau avec wc et chauffe serviettes. Chauffage individuel électrique.",https://www.vizzit.fr/fr/property/appartement/lyon-9/A0q0xc4ox2sx5nxp,,
Lyon 8ème (69008),730 €,40 m² - 2 pièces,"33 Rue Villon - 69008 Lyon Visite Virtuelle Uniquement! Situé dans le quartier recherché de Montplaisir, à deux pas de l?avenue des Frères Lumière et à proximité immédiate du métro Sans Souci, au sein d?un immeuble de caractère sans ascenseur, nous vous proposons ce T2 rénové bénéficiant d?une belle hauteur sous plafond.Il se compose d?une entrée desservant une cuisine ouverte sur le séjour, aménagée et équipée (plaque de cuisson et hotte), d?une chambre avec rangement mural, d?une salle de bains ainsi que de Wc séparés.Le chauffage et l?eau chaude sont individuels électriques.",https://www.vizzit.fr/fr/property/appartement/lyon-8/A1qkohd0wb2ke1jd,,
Lyon 4ème (69004),500 €,19 m² - Studio,"73 Rue Eugene Pons - 69004 Lyon Residence Etudiantelvisite Virteulle Unqiuement ! En bas des pentes de la Croix Rousse face Parc de la tête d'Or et Quais du Rhône, dans une résidence étudiante, nous vous proposons un studio meublé comprenant une entrée avec un rangement mural, d'une pièce principale avec coin cuisine, d'une salle d'eau avec Wc. Le chauffage et l?eau chaude sont individuels électriques, l?eau froide est collective.",https://www.vizzit.fr/fr/property/appartement/lyon-4/Ai3dp20o9x0z758b,,
Lyon 7ème (69007),759 €,36 m² - Studio,"67 Route De Vienne - 69007Dans un petit immeuble ancien sécurisé, venez découvrir ce T2 meublé situé au deuxième et dernier étage sans ascenseur. Il se compose d'une pièce de vie avec cuisine équipée, un coin nuit et un esapce bureau, une salle d'eau et un Wc séparé.",https://www.vizzit.fr/fr/property/appartement/lyon-7/Ahy5j4ahr7x8ravo,,
Lyon 8ème (69008),685 €,38 m² - 2 pièces,"Visite Virtuelle UNIQUEMENTDans le 8ᵉ arrondissement de Lyon, Rue Bataille, à côté de l'Hôpital privé Jean Mermoz, proche du tram T2 et T6, dans une résidence réhabilitée, nous vous proposons un appartement 2 pièces (loué vide) situé au 1ᵉʳ étage (sans ascenseur). Ce logement comprend une pièce de vie avec le coin cuisine (non meublée et non équipée), une chambre avec l'accès à la salle d'eau et le wc séparé. Le chauffage et l'eau chaude sont individuels électrique. Les candidats sont soumis à des conditions de revenus dans le cadre de la loi Pinel. Pas De Stationnement",https://www.vizzit.fr/fr/property/appartement/lyon-8/Aft2gcvb1ijn4w8c,,
Lyon 8ème (69008),1 000 €,68 m² - 3 pièces,"Rue General Frere, dans une copropriété récente, logement conventionné soumis à un plafond de ressources, venez découvrir ce Type 3, composé d'une entrée,un séjour, un balcon,une cuisine et deux chambres, salle de bauns et wc, le chauffage est inclus. Sans Frais D Agence.",https://www.vizzit.fr/fr/property/appartement/lyon-8/Ad83nsehzpaxzce2,,
Lyon 2ème (69002),830 €,47 m² - 2 pièces,"A Louer // Appartement T2 // 85 Cours Charlemagne 69002 LYON  Citya Vendôme Lumière vous propose à la location ce joli T2 en plein cœur du quartier de Confluence. Ce bien offre une surface habitable de 47 m², idéal pour un couple ou une personne seule à ... Voir plus sur citya.com",https://www.vizzit.fr/fr/property/appartement/lyon-2/Ar4tqglsul64s19v,,
Lyon 7ème (69007),485 €,18 m² - Studio,"Proche métro Garibaldi Et Manufacture Des Tabacs, dans une résidence récente, studio idéal étudiant entièrement meublé,très lumineux , en étage élevé avec ascenseur,composé d'une entrée, une pièce à vivre , un coin cuisine, une salle d'eau , wc, le chauffage est individuel",https://www.vizzit.fr/fr/property/appartement/lyon-7/A7q8ox6sr05k8m0h,,
Lyon 6ème (69006),2 350 €,100 m² - 4 pièces,,https://www.vizzit.fr/fr/property/appartement/lyon-6/Auo5qzmafjd0i84l,,
Lyon 7ème (69007),1 500 €,93 m² - 3 pièces,,https://www.vizzit.fr/fr/property/appartement/lyon-7/A5tmdj5dfpkov8p7,,
Lyon 6ème (69006),1 420 €,90 m² - 3 pièces,"Rue Vendome 69006 Lyon - Proche Parc De La Tete D'OR Proche de toutes les commodités, commerces et transports en commun  Appartement T4 au 3ème étage composé d'une entrée, d'une cuisine, d'un séjour donnant sur un balcon de 4.96 m², de deux chambres, d'une salle de bains et de wc indépendants.  Un garage est compris dans le loyer  Bien soumis à l'encadrement des loyers : - Loyer de référence : 1 064.95 € - Loyer de référence majoré : 1 281.55 €  Contact : Pauline  Les informations sur les risques auxquels ce bien est exposé sont disponibles sur le site Géorisques :",https://www.vizzit.fr/fr/property/appartement/lyon-6/Ayo0elxz9bj4l4q2,,
Lyon 9ème (69009),940 €,20 m² - 2 pièces,"Studio Meublé / Lyon 9 - Bail Residence Secondaire. Bail Residence Secondaire - Possibilité de louer pour une résidence secondaire entre le et le  Bienvenue dans cet appartement entièrement rénové, situé 40 rue de Bourgogne au cœur du 9ème arrondissement ... Voir plus sur orpi.com",https://www.vizzit.fr/fr/property/appartement/lyon-9/A3x35ht2coslvkjy,,
Lyon 2ème (69002),690 €,14 m² - Studio,"Cet appartement est proposé en formule tout inclus (eau, électricité, internet, linge), sans contraintes ni frais d’ouverture de comptes, et est disponible immédiatement. En plein cœur de Lyon, à 1min à pied de la Place Bellecour, ce studio meublé de 14.57 ... Voir plus sur seloger.com",https://www.vizzit.fr/fr/property/appartement/lyon-2/Aiz9qkmv7jn7yddt,,
Lyon 6ème (69006),1 750 €,62 m² - 3 pièces,"T3 avec vue meublé haut de gamme brotteaux - Au cœur du 6ème arrondissement, au sein du quartier des Brotteaux (rue Bugeaud), à 10 Min à pied de la gare Part Dieu, à proximité immédiate des transports en commun, venez découvrir cet appartement de prestige meu... Voir plus sur seloger.com",https://www.vizzit.fr/fr/property/appartement/lyon-6/Ape7920clxr229x0,,
Lyon 3ème (69003),900 €,40 m² - 3 pièces,"A Saisir, appartement meublé entièrement refait à neuf situé 82 Avenue Lacassagne 69003 Lyon. Composé d'un hall d'entrée,un séjour avec cuisine ouverte équipée, une chambre + bureau pouvant faire office de seconde chambre, une salle d'eau avec wc. 7Ème étage avec ascenseur, appartement clair et calme avec vue dégagée.",https://www.vizzit.fr/fr/property/appartement/lyon-3/Ac68fimq4qthq0j3,,
Lyon 6ème (69006),800 €,25 m² - 2 pièces,"Meublé Récamier - A l'angle de la rue Juliette Récamier et la rue Louis Blanc dans le 6ème arrondissement, quartier Brotteaux, à proximité de la Part Dieu et proche des Halles Bocuse, charmant petit T2 d'une superficie de 25.54 m² au 4ème étage sans ascenseur. ... Voir plus sur seloger.com",https://www.vizzit.fr/fr/property/appartement/lyon-6/Aflv6d8bqc1s4k0j,,
Lyon 8ème (69008),698 €,29 m² - 2 pièces,"Appartement T2- 29.30m²- Lyon8 - Appartement de type 2 de 29.30m² situé rue Saint Vincent de Paul, à proximité de l'arrêt de bus 35 (Audibert Lavirotte) et des commerces. Situé au 1er étage , il se compose d'un hall d'entrée, d'un séjour avec cuisine ouverte aménagée et équipée (plaque de cuisson et hotte), d'une chambre et d'une salle d'eau avec Wc. Le chauffage et l'eau chaude sont individuels et électriques. Dpe (Diagnostic de Performance Énergétique) : « Dpe E - Ges E » Zone soumise à encadrement des loyers : Oui Loyer de base : 392.62€ Loyer de référence majoré (loyer de base à ne pas dépasser) : 471.73 € Loyer 698€ charges comprises ( dont loyer de base à 471.73 € Hors charges + 201.27 € de complément de loyers justifié par la cuisine équipée (plaque de cuisson et hotte) et de 25€ de provision de charges ) ""Les informations sur les risques auxquels ce bien est exposé sont disponibles sur le site Géorisques : Loyer de 698,00 euros par mois charges comprises dont 25,00 euros par mois de provision pour charges (soumis à la régularisation annuelle). Les honoraires charge locataire sont de 384,41 euros ( soit 13,12 euros/m² ) dont 88,78 euros pour état des lieux ( soit 3,03 euros/m² ). Montant estimé des dépenses annuelles d'énergie pour un usage standard : entre 360 et 540 euros.",https://www.vizzit.fr/fr/property/appartement/lyon-8/Adx0l4jbklyoeyll,,
Lyon 9ème (69009),700 €,29 m² - 1 pièce,"Dans la résidence récente Oh St Rambert Tranche 2, située dans un environnement verdoyant à quelques minutes du centre de Lyon, à proximité du bus (gare de Vaise) qui emmène directement au métro D, vous est proposé un appartement de type 1 Bis de 29.90m². Com... Voir plus sur seloger.com",https://www.vizzit.fr/fr/property/appartement/lyon-9/A9s3gipa5mb79obi,,
Lyon 3ème (69003),854 €,54 m² - 2 pièces,"Place Gabriel Péri, au pied des transports (Tram/métro), proche des berges du Rhône, au sein d’un bel immeuble ancien sécurisé, très beau T2 de 54.58m² entièrement rénové et meublé comprenant une entrée avec rangements, un grand séjour avec une cuisine indépendante équipée, une chambre en angle avec placard. Beaux volumes. Honoraires 550€ + 164€ Frais d'état des lieux / Zone de loyer soumise à l'encadrement des loyers / Loyer de référence médian : 802€Hc / Loyer majoré : 960€Hc / Complément de loyer : 0€Hc La prise de rendez-vous s'effectue en ligne, merci de vous rediriger sur notre site Ibt Gestion et de cliquer sur la rubrique ""prendre rendez-vous"", celle-ci se situe au niveau du descriptif de l'annonce . Il vous suffira de réserver votre créneau de visite ou de remplir le formulaire afin d'être placé sur la liste d'attente en attendant de recevoir une invitation. Les locataires et les garants physiques couvrants 3X le montant du loyer sont obligatoires pour pouvoir visiter le logement. Nous ne prenons pas de dossier de candidature sans visite.",https://www.vizzit.fr/fr/property/appartement/lyon-3/A5ppd02d0d8l9yet,,
Lyon 9ème (69009),590 €,16 m² - Studio,"Studio Coup De Coeur à Lyon 9ème, Secteur Valmy situé rue Saint Pierre de Vaise, à proximité des transports, commerces et établissements supérieurs (Amos, Campus Hep Lyon René Cassin, Eklya School of Business Espi, Idrac, Ifag, Sup De Com). Idéal jeune actif ou étudiant. Au Rdc d'un immeuble récemment refait à neuf, T1 Premium meublé de 16m2. Il est loué entièrement meublé, équipé et rénové avec goût. L'appartement est composé d'une pièce de vie avec cuisine ainsi que d'une salle d'eau avec Wc. Il est loué entièrement meublé (frigo-congélateur, lave-linge, plaque de cuisson, micro-onde, Tv et enceinte connectée.). Vie de quartier agréable et Idéalement situé, à quelques minutes à pied de la station de Métro D « Valmy », vous permettant d'accéder à : la station de métro « Gorge-de-Loup » en 2mn via le Métro D la place Bellecour en 7mn via le Métro D la gare Part-Dieu en 15 via le bus C6 Loyer Hc : 570 € Charges : 20 € (comprenant l'entretien des parties communes) Frais de dossier et rédaction du bail et état des lieux : 211 € Dépôt de garantie : 1140 € Vous pouvez déposer votre dossier directement sur notre site internet. Zone soumise à encadrement des loyers : Loyer de référence majoré (loyer de base à ne pas dépasser) 416,09 €/ complément de loyer justifié par des éléments de confort additionnels 153.91 €. Estimation des coûts annuels d'énergie du logement entre 300 € et 450 € Les informations sur les risques auxquels ce bien est exposé sont disponibles sur le site Géorisques : Contact : Agence immobilière Néoloc 21 Place Carnot, 69002 Lyon Ref de l'annonce : 396 Informations Loi Alur Titre professionnel : Agent immobilier et administrateurs de biens - Carte professionnelle T et G n° Cpi 024 045 délivrée par la Cci de Lyon Métropole Saint-Étienne Roanne Activité Transaction et Gestion - Garantie financière Transaction et Gestion 1 340 000 € - Galian, 89 rue de la Boetie, 75008 Paris - N° B - Assurance Rcp Mma Police",https://www.vizzit.fr/fr/property/appartement/lyon-9/Asw27ak35tb0xhoe,,
Lyon 7ème (69007),495 €,24 m² - Studio,L'accès au dépôt de dossier et à la mise en relation avec les propriétaires via la plateforme AlloAppart nécessite un abonnement mensuel de 19.90 € sans engagement. Les logements présentés sont proposés par des propriétaires particuliers. Alloappart est une plat... Voir plus sur seloger.com,https://www.vizzit.fr/fr/property/appartement/lyon-7/A44ql35036quex2l,,
Lyon 7ème (69007),900 €,27 m² - 2 pièces,"En Exclusivite Chez Avra Immo, Venez découvrir ce beau T2 de 27m2 meublé et climatisé au 1er étage. Il se compose d'une entrée, d'une pièce de vie avec une cuisine aménagée et équipée, une chambre et une salle d'eau. Appartement rénové. Zone Soumise A Encadrement Des Loyers Loyer 850,00 euros ( comprenant un complément de loyer pour les équipements, la climatisation et la rénovation), 50,00 euros, Depot de garantie 1700,00 euros, Honoraires de location dont frais d'état des lieux 351,00 euros. Emplacement idéal proches des transports en commun et des commerces. Disponible immédiatement Dpe D- Ges B",https://www.vizzit.fr/fr/property/appartement/lyon-7/A4pmzwrpbsltvr72,,
Lyon 3ème (69003),920 €,47 m² - 2 pièces,"A saisir ! T2bis meublé de 47 m² situé au 41, rue du Dauphiné, à proximité de la manufacture des tabacs (Lyon 3 et Science U). Cet appartement est composé d'un hall d'entrée, un séjour avec une alcôve(possibilité d'une deuxième chambre), une cuisine équipée (a... Voir plus sur seloger.com",https://www.vizzit.fr/fr/property/appartement/lyon-3/Ab73izkiooc27q70,,
Lyon 9ème (69009),810 €,51 m² - 2 pièces,"A proximité des stations de métro Valmy et Gorge De Loup - Dans une résidence sécurisée avec espaces verts. Appartement de type T2 de 51.44 m² composé d'une entrée, d'un salon donnant sur un balcon de 6 m², d'une cuisine équipée (meubles hauts et bas, plaques de cuisson, hotte et four), d'une chambre, d'une salle de bains meublée et un Wc séparé. Un garage est loué avec l'appartement. Loyer : 750 euros + 60 eurosde charges soit un total de 810 euros Cc. Chauffage individuel au gaz, production d'eau chaude par gaz, eau froide collective. (Le locataire devra souscrire à un contrat d'entretien de la chaudière, entretien à faire obligatoirement 1x par an) Honoraire à la charge du locataire : 674.89 euros dont 155.86 euros pour l'état des lieux Honoraire à la charge du propriétaire : 750 euros Dépôt de garanti : 750 euros Disponible à compter du Pour tout renseignement complémentaire ou pour organiser une visite, n'hésitez pas à nous . Les informations sur les risques auxquels ce bien est exposé sont disponibles sur le site Géorisques",https://www.vizzit.fr/fr/property/appartement/lyon-9/A29mrzsp01qzk7so,,
Lyon 3ème (69003),1 810 €,91 m² - 4 pièces,"Beau T4 Lacassagne - Rue Cadets de la France Libre, proche des commerces et transports, appartement de type 4 entièrement rénové et meublé composé d'un hall d'entrée avec placard, d'un grand séjour salon avec balcon, une cuisine séparée entièrement équipée ... Voir plus sur seloger.com",https://www.vizzit.fr/fr/property/appartement/lyon-3/A09f1p5xe7i5g59u,,
Lyon 8ème (69008),1 045 €,74 m² - 3 pièces,"Situé dans un secteur recherché du 8ᵉ arrondissement de Lyon, à proximité immédiate de la mairie du 8ᵉ et de bachut, ce bel appartement T3 de 74 m² vous séduira par ses volumes, sa luminosité et son confort. ? Descriptif du logement Au 1er étage avec ascenseur, d... Voir plus sur seloger.com",https://www.vizzit.fr/fr/property/appartement/lyon-8/Ah0l4g80521ff0ex,,
Lyon 3ème (69003),630 €,22 m² - Studio,"Résidence Parc Harmonie - 66 Rue Feuillat 69003 Lyon- A proximité de tous commerces, universités et transports (métro, bus, Vélov'), Salle Fitness, salle de travail en groupe, Studio d'environ 22.35m² entièrement meublé, excellent standing d'équipements. Prestation de services: internet Wifi illimité et gratuit, accueil, digicode, salle fitness, nettoyage du logement, laverie. Possibilité de parking en supplément. A voir absolument ! Coup de coeur assuré. Loyer 553 + Charges forfaitaires 77 € / Mois ( eau, parties communes) , Honoraires agence : 450 € Dépôt de garantie: 450 € N'hésitez pas à nous pour plus de renseignements ou une visite de l'appartement. Visite Sur Rendez Vous Réf Parc Harmonie B306 Copropriété de 153 lots.",https://www.vizzit.fr/fr/property/appartement/lyon-3/Ajycbabzsbtlybjc,,
Lyon 6ème (69006),845 €,24 m² - 1 pièce,"Location Meublee Lodgis (Référence : 1L623652) : Idéalement situé, à 50m du métro Foch et de la place Maréchal Lyautey, venez découvrir un appartement de type 1 au 5ème étage entièrement meublé. Ce bien comprend une pièce principale avec espace cuisine coin cou... Voir plus sur seloger.com",https://www.vizzit.fr/fr/property/appartement/lyon-6/Axnk1gzpfp08sb8h,,
Lyon 8ème (69008),640 €,29 m² - 2 pièces,"Appartement T2 - Lyon 8 - Appartement de type 2 de 29.50m² situé rue Saint Vincent de Paul, à proximité de l'arrêt de bus 35 (Audibert Lavirotte) et des commerces. En rez-de-chaussée, il comprend une entrée, un séjour avec cuisine ouverte aménagée et équipée (avec hotte), une chambre donnant sur une terrasse, ainsi qu'une salle d'eau avec Wc. Le chauffage et l'eau chaude sont individuels et électriques. Dpe (Diagnostic de Performance Énergétique) : « Dpe D - Ges B » Zone soumise à encadrement des loyers : Oui Loyer de base : 395.30€ Loyer de référence majoré (loyer de base à ne pas dépasser) :474.95 € Loyer 640 € charges comprises ( dont loyer de base à 474.95€ Hors charges + 140.05 € de complément de loyers justifié par l'aménagement et l'équipement de la cuisine ( hotte) plus une terrasse privative et de 25 € de provision de charges ) ""Les informations sur les risques auxquels ce bien est exposé sont disponibles sur le site Géorisques : Loyer de 640,00 euros par mois charges comprises dont 25,00 euros par mois de provision pour charges (soumis à la régularisation annuelle). Les honoraires charge locataire sont de 387,04 euros ( soit 13,12 euros/m² ) dont 89,39 euros pour état des lieux ( soit 3,03 euros/m² ). Montant estimé des dépenses annuelles d'énergie pour un usage standard : entre 440 et 650 euros.",https://www.vizzit.fr/fr/property/appartement/lyon-8/A4r24lg04dn6bymp,,
Lyon 8ème (69008),990 €,44 m² - 2 pièces,"Sultimmo – À Louer – T2 de 44 m² – Calme absolu – Lyon 8e (Paul Santy) Disponible à partir du lundi 16 février Situé au 13 avenue Paul Santy, 69008 Lyon, cet appartement T2 de 44 m² se trouve au 3 € étage sans ascenseur d'un immeuble bien entretenu. Donnant exclus... Voir plus sur seloger.com",https://www.vizzit.fr/fr/property/appartement/lyon-8/Auserov9nenz4xip,,
Lyon 1er (69001),1 002 €,71 m² - 2 pièces,"Regie Conseil LYON-vous propose à la location, Vue place Saint-Nizier, 41 rue Paul Chenavard, dans bel immeuble ancien avec vidéophone, beau T2 en très bon état, de 71.63 m² au 3ème étage sans ascenseur, comprenant un hall d'entrée avec dressing, un beau séjour d'a... Voir plus sur seloger.com",https://www.vizzit.fr/fr/property/appartement/lyon-1/Auyajy6k16lqpbsv,,
Lyon 7ème (69007),1 050 €,61 m² - 3 pièces,"Le Faubourg - Rue Pauline Kergomard 69007 Lyon Au cœur du 7ème arrondissement, profitez de l'emplacement idéal de cet appartement situé à proximité de nombreux commerces mais également à quelques minutes à pied des transports en commun dont le métro D (arrêts Garibaldi et Saxe Gambetta). Venez découvrir cet appartement de type 3 de 61.65m² situé au rez de chaussé d'une agréable résidence récente et sécurisée. Il est composé d'une entrée avec placard, un séjour avec coin cuisine équipé (plaque, hotte) et aménagé de meubles hauts et bas le tout ouvrant sur une agréable loggia de 10m², deux chambres avec placard, une salle de bain et des wc séparés avec vasque. Il dispose également d'un garage en sous-sol, et d'un local vélos à dispositions des locataires. Chauffage et eau chaude individuels gaz. Eau froide collective. A Voir Rapidement !! Honoraires agence : 622.05€. Honoraires état des lieux : 186.80€ Appartement soumis à l'encadrement des loyers. Loyer de base :807.62€ Loyer de référence majoré : 967.91€ Le logement et le garage font l'objet de deux baux distincts, mais sont loués ensemble (non dissociables) Montant du garage : 95€ + 4€ de charges Les informations sur les risques auxquels ce bien est exposé sont disponibles sur le site Géorisques :",https://www.vizzit.fr/fr/property/appartement/lyon-7/A4ybeun9itexufiu,,
Lyon 6ème (69006),1 018 €,46 m² - 2 pièces,"21 cours Franklin Roosevelt 69006 Lyon - My Horea Partners vous propose à la location un appartement de type 2 au 5ème étage avec ascenseur comprenant une entrée, une cuisine semi-équipée, un séjour, une alcôve faisant office de chambre et une salle d'eau a... Voir plus sur seloger.com",https://www.vizzit.fr/fr/property/appartement/lyon-6/Arnkhib1u6hjthps,,
Lyon 2ème (69002),504 €,26 m² - 2 pièces,"Dans un immeuble situé sur les quais du Rhône, à proximité immédiate de la gare de Perrache et de toutes commodités : commerces, écoles et transports. Venez visiter ce logement au calme, donnant sur cour et exposé Ouest. Il est composé d'une pièce principale de 11m² avec coin cuisine, d'une chambre de 11m² et d'une salle d'eau avec Wc. Zone soumise à l'encadrement des loyers. Loyer de référence majoré : 565.74 euros / Loyer de référence : 471.45 euros. Classe énergétique catégorie : E. Estimation des coûts annuels d'énergie : entre 608,00 euros et 822,00 euros. Frais état des lieux 3.03/m² soit 81,00 euros Ttc (loi Alur). Honoraires de relocation 10.09 euros/m² Les informations sur les risques auxquels ce bien est exposé sont disponibles sur le site Géorisques :",https://www.vizzit.fr/fr/property/appartement/lyon-2/A58disqyxu5o7ujo,,
Lyon 2ème (69002),1 257 €,87 m² - 3 pièces,"Rue Merciere - Au coeur de Lyon 2, secteur Presqu'ile, proche quartier des Cordeliers, dans un immeuble ancien sans ascenseur, au 3ᵉ étage, un logement T3 comprenant un hall d'entrée, une cuisine, une séjour, deux chambres, une salle de bains, un wc séparé. Chauffage gaz collectif et production d'eau chaude électrique individuelle.",https://www.vizzit.fr/fr/property/appartement/lyon-2/Apz3c509d6h9b5vb,,
Lyon 3ème (69003),760 €,15 m² - Studio,"T1 Bis - Paul Bert - Disponible immédiatement Venez découvrir ce joli studio bis meublé de 16m² situé rue Paul Bert, à proximité du centre commercial et de la gare Part Dieu, proche de toutes commodités. Constitué d'une pièce de vie spacieuse avec mezzanine, déc... Voir plus sur seloger.com",https://www.vizzit.fr/fr/property/appartement/lyon-3/Anzil52v57mkryxg,,
Lyon 7ème (69007),950 €,68 m² - 3 pièces,"A Louer - Lyon 7Eme - Rue Bancel - proche métro Jean Macé - Appartement F3 de 68.96m² au 1° étage de l'immeuble avec ascenseur comprenant un séjour, cuisine, 2 chambres, salle de bains et Wc. Chauffage individuel Gaz - Eau chaude et Eau froide individuelle Gaz - Zone Soumise A L'encadrement Des Loyers Loyer de référence = 11.7 €/m2 Loyer de référence majoré = 14.0 €/m2 Les informations sur les risques auxquels ce bien est exposé sont disponibles sur le site géorisques :",https://www.vizzit.fr/fr/property/appartement/lyon-7/Aesu9rrk9tjomqls,,
Lyon 2ème (69002),650 €,20 m² - Studio,"Studio meublé situé rue duhamel, proche de la place carnot. 1Er étage sur cours (sans ascenseur). Loyer : 650 + charges : 100 tout compris (eau, électricité, chauffage et internet). Dépôt de garantie : 1300 honoraires d'agence dont états des lieux : 260.",https://www.vizzit.fr/fr/property/appartement/lyon-2/Awf17k6bbmynitcl,,
Lyon 3ème (69003),506 €,18 m² - Studio,"Lyon 3 Dans le quartier de la Place Guichard Proximité Immédiate du Métro Au 247 rue Duguesclin Au dernier Etage (5/5) Studio en Parfait état Carrelé et Meublé comprenant un hall, un pièce de vie avec kitchenette meublée et équipée, une salle d'eau avec douche ... Voir plus sur seloger.com",https://www.vizzit.fr/fr/property/appartement/lyon-3/Aet5h2w1ilvdg9os,,
Lyon 8ème (69008),1 016 €,44 m² - 2 pièces,"Je cherche un locataire pour un appartement de 44 m², avec 2 pièces et un grand séjour. Localisé à Lyon 08. Cet appartement est proposé meublé pour un loyer de 1016 € charges incluses par mois. Dpe C. Ce logement bénéficie d'un local de stockage. P... Voir plus sur locservice.fr",https://www.vizzit.fr/fr/property/appartement/lyon-8/Acqzdtxscym1bwwy,,
Lyon 2ème (69002),1 738 €,68 m² - 3 pièces,"Location Lyon 69002. Appartement T3 meublé de 67,51 m2 en très bon état, dans une résidence résente situé rue Charles Baudelaire au coeur de Confluence. Se composant d'une entrée avec rangements, un séjour ouvrant sur un grand balcon de 22 m2, une cuisine ouverte meublée et équipée (four, plaques, hotte, frigo, lave-vaisselle), deux chambres, une salle de bains avec meuble vasque et sèche-serviette et un Wc séparé. Une cave et une place de sationnement complète ce bien. La résidence met à disposition un local vélo ainsi que des espaces partagés : cour jardinée avec potagers et composteurs, espace multi-fonctions (salle de réunion, de fêtes, atelier...) Proche des transports, centre commercial, marché, crèche, école, université, salle de sport, stade, parc, gare à 5mn, berge des fleuves toutes proches. Loyer 1 438 Eur (Loyer de référence 999,15 Eur / Loyer de référence majoré 1 201,28 Eur). Complément de loyer 200 Eur (emplacement, cave, balcon). Charges 100 Eur (Eau froide, eau chaude, chauffage, copropriété, ascenseur, cour intérieure, interphone). Dépôt de garantie 2 639 Eur. Honoraires 937,63 Eur. Disponible de suite 1",https://www.vizzit.fr/fr/property/appartement/lyon-2/Azxdzpp4z82dbopg,,
Lyon 6ème (69006),1 750 €,60 m² - 2 pièces,"Situé en plein cœur du 6ᵉ arrondissement de Lyon, dans un immeuble bourgeois de standing, ce superbe appartement entièrement refait à neuf avec des prestations haut de gamme saura vous séduire par son cachet et son emplacement exceptionnel. ✨ Descriptif : • 1 grande chambre spacieuse et élégante • 1 salle de bain moderne • Cuisine entièrement équipée, ouverte sur un salon lumineux • Belle entrée avec placard de rangement • Appartement loué meublé, prêt à vivre ?️ Rénovation récente haut de gamme : matériaux de qualité, finitions soignées, aucun travaux à prévoir. ? Emplacement idéal : À proximité immédiate de toutes les commodités (commerces, transports, restaurants, écoles…), dans l’un des quartiers les plus prisés de Lyon. ? Loyer : 1 750 € / mois ? Disponible fin mars Appartement rare sur le secteur – opportunité à saisir rapidement.",https://www.vizzit.fr/fr/property/appartement/lyon-6/Aqgeo515f4egfw73,,
Lyon 1er (69001),1 121 €,76 m² - 2 pièces,"En Exclusivité Et Sans Frais D'agence. Ref: 7343 Dispo De Suite ! Montant du loyer 1 030,07 euros/mois Hc, montant des charges 91,15 euros/mois (comprennent les provisions d'ascenseur et l'entretien des communs). Loyer Cc 1 121,22 euros. T2 en plein coeur de Lyon, situé 2 Rue Desiree 69001, au 3e étage avec ascenseur. Ce bel appartement de 76m² est composé d'une cuisine séparée, d'un spacieux séjour et d'une grande chambre avec magnifique parquet, 1 salle de bain, Wc séparés. Cheminées et moulure en décoration. A proximité de tous commerces, restaurants, transports (Métro A et C arrêt Hôtel de Ville). Pour info zone soumise à encadrement des loyers - Le loyer Hc ne peut dépasser 1 284,40 euros, soit le loyer de référence Majore de la Métropole.",https://www.vizzit.fr/fr/property/appartement/lyon-1/Ab8c9lzcm9rt345y,,
Lyon 5ème (69005),1 590 €,97 m² - 3 pièces,"Vieux Lyon - Quai de Saone - Meuble - En dernier étage, très bel appartement T3 ancien atypique sur cour intérieure. D'une surface de 146 m2 au sol, sur 2 niveaux, il comprend en rdc un hall d'entrée avec rangement, un vaste séjour avec cheminée et cuisine ouverte, aménagée et entièrement équipée, une chambre, un bureau et une salle d'eau avec Wc. A l'étage, un grand espace mansardé avec rangements, une chambre enfants, une salle de bains et un Wc. Proche de toutes commodités. Charme de l'ancien avec entrée/coursive sur cour intérieure. Disponible à partir du 4 Mars 2026. Indice de performance énergétique : D Loyer charges comprises : 1.590 € (charges : 60 €) Honoraires locataire : 1.280 € Dépôt de garantie : 3.060 €",https://www.vizzit.fr/fr/property/appartement/lyon-5/A707c4vx0p8lhnko,,
Lyon 1er (69001),1 420 €,86 m² - 3 pièces,"Loue sur le plateau à proximité du métro Croix-Rousse, appartement T3 de 86 m2 plus 12 m2 de vérandas situé au quatrième étage d'une résidence avec jardin, local à vélo et composteur. Cet appartement, très lumineux et calme, se compose d'un hall d'entrée desservant un grand séjour, une cuisine dînatoire, et dans la partie nuit 2 chambres ayant chacune un placard, une salle de bains, Wc. Trois expositions : nord et ouest pour la cuisine, ouest et sud pour le salon, sud pour les chambres. Garage simple fermé et cave. Loyer de 1 420,00 euros par mois charges comprises dont 110,00 euros par mois de provision pour charges.",https://www.vizzit.fr/fr/property/appartement/lyon-1/Ay4o8o51wyd9la40,,
Lyon 6ème (69006),870 €,52 m² - 2 pièces,"Particulier loue grand t2 de 52m2, situé au dernier étage (hors greniers) d’un immeuble ancien. Merci de lire l’annonce, puis me fournir votre lien Dossier Facile si vous êtes interessé.e. L’Appartement Il se situe au 5eme et dernier étage sans ascenseur. C’Est un deux pièces non meublé, avec une petite salle de bains et une cuisine séparée équipée (lave vaisselle, lave linge, frigo, plaques). Appartement de charme lumineux avec parquet ancien, cheminées en marbre, grandes ouvertures et vue dégagée sans vis à vis. Dans le salon, un petit balcon filant. Il est traversant, avec une exposition est - ouest. Le chauffage est au gaz, Dpe C Une cave est disponible avec le logement. L’Immeuble et le quartier Il s’agit d’un immeuble des années 1930 situé dans le 6ème arrondissement de Lyon, quartier Bellecombe. À proximité : magasins d’alimentation, pharmacie, restaurants… Quartier calme et agréable à vivre. Votre profil Seules les personnes ayant un lien Dossier Facile seront invitées à visiter. Merci de le prévoir ! C’est un appartement idéal pour une personne seule ou un couple. Loyer Le loyer est de 835 euros + 35 euros de charges - conforme à la loi d’encadrement des loyers. Prévoir une caution égale à un mois de loyer. Nouveau Dpe en cours de réalisation : les notes affichées datent du Dpe effectué en 2021, avant changement de la chaudière.",https://www.vizzit.fr/fr/property/appartement/lyon-6/Alppfr7qwfchwg3r,,
Lyon 8ème (69008),950 €,65 m² - 3 pièces,"A Louer : T2/T3 de 65m2 entièrement meublé et équipé, dans une résidence sécurisée, avec un accès adsl illimité - loyer de 950€ toutes charges comprises hors Edf. §§§§§§ Disponible entre le 26 fevrier et le 4 mars 2026 §§§§§§ Commerces, centres médicaux, écoles sont faciles d'accès, parc / aire de jeux à proximité. Le métro (ligne D), station Laennec est situer au pied de la résidence (20m). En face de la faculté Laennec et à proximité immédiate de Grange Blanche (Bus, Métro, Tramway et Velo'v). L'appartements est entièrement meublé et équipé : - un grand placard/penderie dans l'entrée - une cuisine entièrement aménagé : frigo, évier, micro ondes, plaques électriques, placard muraux haut/bas, table repas avec des chaises - une grand chambre avec un canapé - une deuxieme chambre avec 2 lits, un bureau et placard mural - une salle de bain avec baignoire, lavabo, miroir, étagère - un wc séparé - un double placard/penderie dans le couloir Une connexion Adsl Wifi et filaire en Illimité est incluse dans votre loyer La résidence dispose également une laverie avec lave linge et sèche linge, de places de parkings en sous-sols.",https://www.vizzit.fr/fr/property/appartement/lyon-8/Ar1mgial88dpog5c,,
Lyon 8ème (69008),610 €,21 m² - Studio,"Studio meublé en rez-de-chaussée sur l'avenue Berthelot . Tram en face. Cuisine équipée, lave linge . Bail étudiant ou bail mobilité. Caution des parents. Libre le 8 mars 2026. Merci de vous présenter et de fournir un dossier complet avant une visite. Loyer 610 euros, charges de l'immeuble et au froide comprise.",https://www.vizzit.fr/fr/property/appartement/lyon-8/Af97xh31p5lkactr,,
Lyon 7ème (69007),980 €,56 m² - 3 pièces,"A proximité de la place Jean Macé, loue un appartement de 56 M2 meublé composé d'un salon, d'une cuisine, de deux chambres et d'une salle de bains. Nombreux rangements, rue calme, disponible au 1° mars.",https://www.vizzit.fr/fr/property/appartement/lyon-7/Alyta2hrgeap243f,,
Lyon 7ème (69007),683 €,20 m² - Studio,"Studio Coup De Coeur à Lyon 7ème, quartier Gerland - Idéal étudiant ou jeune actif Localisation : Lyon 7ème, secteur Gerland, dans une rue calme et agréable, proche des commerces, transports et écoles supérieures (Ens, École Brassart, Isara, Ecema Lyon, Isitech, Infosup Lyon, Epitech). Caractéristiques du bien Type : Studio meublé Premium Surface : 20 m² Aménagement : Séjour avec cuisine ouverte, salle d'eau avec Wc Équipements : Meubles et électroménagers modernes (réfrigérateur, plaque de cuisson, micro-ondes, Tv) Points d'accès Situé à quelques minutes à pied : Tramway T1 Station « Ens Lyon » à 5 min Métro B Station « Debourg » à 9 min, accès direct à : Gare Part-Dieu en 8 min via Métro B Place Bellecour en 16 min via Métros B et A Informations financières Loyer Hc : 653 € Charges : 30 € (entretien des parties communes) Dépôt de garantie : 1 306 € Frais de dossier et rédaction du bail : 200 € (10 €/m²) Honoraires état des lieux : 60 € (3 €/m²) Zone d'encadrement des loyers Loyer de référence majoré : 416 € Complément de loyer : 237 € pour confort additionnel. Consommation énergétique Estimation des coûts annuels : entre 280 et 420 € Les informations sur les risques auxquels ce bien est exposé sont disponibles sur Géorisques. Contact Agence immobilière Néoloc 21 place carnot 69002 Lyon Email : Réf. Annonce : 344 Informations Loi Alur Titre professionnel : Agent immobilier et administrateurs de biens Carte professionnelle T et G n° Cpi 024 045 délivrée par la Cci de Lyon Métropole Saint-Étienne Roanne Garantie financière : 1 340 000 € (Galian, 89 rue de la Boétie, 75008 Paris, N° B ) Assurance Rcp : Mma Police",https://www.vizzit.fr/fr/property/appartement/lyon-7/A05y9spg7atpi3p4,,
Lyon 1er (69001),885 €,46 m² - 2 pièces,"2 pièces de 46m² meublé sur les pentes de la Croix Rousse, Rue Burdeau. 6Eme et dernier étage sans ascenseur. Disponible de suite. L'appartement vient d'être totalement isolé et repeint. Cuisine toute équipée (plaques induction, four, réfrigérateur) Salon en parquet avec alcove et cheminée 1 chambre spacieuse Salle de douche Lave linge Toilettes séparées Cave Chauffage électrique - Eau chaude au gaz De par sa disposition, l'appartement ne convient pas à une collocation. Location direct propriétaire Pas de frais d'agence Caution un mois et demi de loyer Loyer 860 € / mois Charges 25 € / mois Dpe en cours. Nous privilégions les dossiers avec une garantie Visale. Pour les autres cas, nous passons par une assurance de loyers impayés. Pièces a fournir sur la dernière photo de l'annonce. Les visites ont lieu Vendredi soir, Samedi matin et Dimanche matin Agences Et Autres Demarcheurs Ne Pas Me",https://www.vizzit.fr/fr/property/appartement/lyon-1/Av7pce0tmkzt25uo,,
Lyon 7ème (69007),593 €,34 m² - Studio,"37 Rue Mathieu Varille - 69007 Lyonvisite Virtuelle Uniquement ! À proximité immédiate du métro Debourg, au sein d?une résidence récente et sécurisée, découvrez ce spacieux T1 non meublé, idéal pour un cadre de vie confortable et pratique.Vous apprécierez sa pièce de vie lumineuse, son coin cuisine aménagé ouvrant sur un agréable balcon exposé plein sud, parfait pour profiter de la lumière naturelle.La salle de bains avec Wc est fonctionnelle et bien agencée.Un garage privatif en sous-sol complète ce bien.Chauffage, eau chaude et eau froide inclus dans les charges, pour une meilleure maîtrise de votre budget.",https://www.vizzit.fr/fr/property/appartement/lyon-7/Asytijmmty97pcdj,,
Lyon 3ème (69003),912 €,47 m² - 2 pièces,"Appartement T2 47 m² + loggia 8,50 m² Proximité Part-Dieu Location de particulier à particulier 814 € charges comprises + garage fermé 98 € 4ème étage avec ascenseur, immeuble de qualité Cuisine aménagée (meubles hauts et bas, lave-vaisselle, plaques à induction, hotte, four) avec accés loggia Séjour 20 m² , accés loggia Wc séparés, salle de bain avec carrelage mural récent Chambre 10 m² avec parquet neuf, placard Entrée 5,20 m² avec placard Chauffage électrique individuel Espaces verts Dpe C Garage fermé au sous-sol de la résidence A pied, métro Garibaldi : 10 min, Saxe-Gambetta : 12 min, Part Dieu gare et centre commercial : 10 min Disponible à partir du 1er mars 2026 Garanties : avis d'imposition + contrat de travail + 3 dernières fiches de salaire Modalités : pas d'honoraires (particulier) Loyer appartement : 717 € Provision mensuelle charges : 97 € avec régularisation annuelle (entretien, éclairage et chauffage des parties communes, entretien des espaces verts, dépannage ascenseur, sortie et nettoyage des poubelles, eau froide individuelle) Loyer garage : 98 € Dépot de garantie : 815 € à la signature du bail Paiement mensuel de 912 € par virement le 5 du mois courant",https://www.vizzit.fr/fr/property/appartement/lyon-3/Azu02qu1c1lrs1hl,,
Lyon 7ème (69007),562 €,15 m² - Studio,"Studio 1 pièce 15 m² A louer 37 rue d'Anvers Lyon 7 - un studio meublé de 15 m² en Rdc bénéficiant d'une cour privative de 25 m². Ce studio comprend: un séjour, une kitchenette équipée d'un réfrigérateur et d'une plaque électrique, une mezzanine avec matelas , une salle d'eau avec Wc. Fenêtres double vitrage, chauffage électrique et digicode petite cour . Ce studio se situe à moins de 10 min des transports en communs et à proximité des commerces. Emotion Immobilier Surface : 15 m² Date de réalisation du diagnostic énergétique : Consommation énergie primaire : Non communiqué Consommation énergie finale : Non communiqué Montant estimé des dépenses annuelles d'énergie pour un usage standard : 352 € par an. Prix moyens des énergies indexés sur l'année Non communiqué (abonnements compris)",https://www.vizzit.fr/fr/property/appartement/lyon-7/A3hkkbpbiecvhb0t,,
Lyon 7ème (69007),680 €,32 m² - Studio,"Loue studio de 32 m2 au 3eme étage39 rue Montesquieu 69007 LyonRésidence privé, avec vue sur les jardins du CardinalBalcon et garage sont à votre disposition.L'appartement se compose ainsi :Grand salonSalle de bain et toiletteDégagementChauffage individuel électriqueCharge comprise sauf eau et électricité. Si vous êtes intéressés : merci de me faire part de : Si vous etes etudiant : votre nombre d année restant a étudier sur Lyon Votre copie carte Id Fiche imposition des garants Fiche salaires des garants 3 mois Certificat de scolarité Ancienne quittance de loyer Si vous travaillez : Fiche imposition des garants Fiche salaires des garants 3 moisou garantie visale Votre copie carte IDFiches salaires Contrat de travail Votre candidature ne sera pas étudiée si je n ai pas ces info. Merci de votre compréhension.",https://www.vizzit.fr/fr/property/appartement/lyon-7/A5isdnpgpuvpmhv1,,
Lyon 3ème (69003),695 €,25 m² - Studio,"A louer studio meublé refait à neuf, de 25 m2 à Lyon 69003 Adresse : 16 rue Lavoisier 69003 Lyon, 5ème étage, vue dégagée et sans vis à vis, ascenseur. A moins de 5 min à pieds de la gare de la Part-Dieu, Cuisine équipée (Four, Frigo, Plaque Induction, micro-ondes), nombreux rangements, table + chaises et tabourets Petite Baignoire avec Wc et machine à laver séchante Pièce de vie avec Clic-Clac + Tv écran plat + bureau Place de parking en sous sol Le tout pour 695 € charges comprises (625 + 70€) incluant eau froide (Chauffage et eau chaude avec électricité non compris dans les charges) Pas de frais d'agence ou honoraires, relation directe avec le propriétaire Dépôt de garantie 1 mois Hc : 625€ Pour un premier contact, merci d'envoyer par mail votre situation professionnelle (Cdi, étudiant, ...) et vos revenus mensuels (les parents pour étudiant) Pièces à fournir pour dossier titulaire (+ caution) : Ne pas envoyer vos dossiers par messagerie. - 3 derniers bulletins de salaire (parents si étudiant) - Garantie Visale / caution - Attestation employeur (parents si étudiant) - 3 derniers avis d'imposition (parents si étudiant) - Copie Cni + parents si étudiants - Conforme encadrement des loyers : Oui - Une visite en personne est impérative pour que je fasse connaissance avec le futur locataire.",https://www.vizzit.fr/fr/property/appartement/lyon-3/Aqe3wjf9k2h2lxjb,,
Lyon 3ème (69003),665 €,16 m² - Studio,"Appartement 1 pièce 16 m² Venez découvrir ce magnifique appartement refait à neuf dans le 3eme arrondissment de Lyon au 26 rue Turbil. Proche de tous les transports en communs et commerces, cet appartement meublé, bien équipé, vous apportera tout le confort nécéssaire. Il se compose d'une pièce de vie avec coin nuit, tv, coin repas, kitchenette équipée avec lave linge, salle d'eau avec Wc. Loué meublé toutes charges comprises. - Loyer de référence : 291,93 EUR/mois, loyer de référence majoré : 349,67 EUR/mois, complément : 165,33 EUR/mois - Loyer : 515 EUR/mois - Charges : 150 EUR/mois (forfait incluant : eau froide, eau chaude, électricité, charges des parties communes, taxe d'ordures ménagères) - Loyer charges comprises : 665EUR/mois - Dépôt de garantie : 1 030 Eur (2 mois de loyer hors charges) - Honoraires de mise en location : 208,52 Eur dont 48,12 Eur d'état des lieux. Contact : Valentin Sanz Y Prast - [Coordonnées masquées] Agence solygest Les informations sur les risques auxquels ce bien est exposé sont disponibles sur le site Géorisques : Surface : 16 m² Modalité de récupération des charges locatives : Forfaitaires mensuelles Date de réalisation du diagnostic énergétique : Consommation énergie primaire : Non communiqué Consommation énergie finale : 0 kWh/m²/an",https://www.vizzit.fr/fr/property/appartement/lyon-3/Ajy8zk3vxh2anqt8,,
Lyon 9ème (69009),430 €,12 m² - Studio,A louer studette toute équipée et meublée dans une résidence de standing sécurisée. Idéal pour un pied à terre professionnel ou un étudiant. Studette entièrement équipée toutes charges comprises Toilette commun à deux autres studettes.,https://www.vizzit.fr/fr/property/appartement/lyon-9/Aa3l7biolj6gu35t,,
Lyon 5ème (69005),1 340 €,85 m² - 3 pièces,"Découvrez ce grand T3 meublé de 85 m², situé au 2ème étage d’une résidence sécurisée. Il se compose d’un hall d’entrée, d’un spacieux séjour de 35 m², d’une cuisine fermée et aménagée, ainsi que de deux chambres avec placards intégrés.L’appartement bénéficie également d’un balcon sans vis-à-vis, offrant un cadre agréable et lumineux. Une place de parking ainsi qu’un garage complètent ce bien. Disponible immédiatementLoyer : 1 200 € +140 € de charges ( Entretien des commun et de la chaudière )",https://www.vizzit.fr/fr/property/appartement/lyon-5/Avfk2wvhvbd35aep,,
Lyon 3ème (69003),650 €,25 m² - 1 pièce,"276 Rue Garibaldi - 69003 Lyon Appartement de type 1 équipé et meublé d'une surface de 25 m² comprenant une pièce principale avec un canapé, un lit deux places, cuisine équipée, une salle de douche et Wc. Chauffage : individuelle électrique Eau chaude et froide : Individuelle électrique Loyer charges comprises : 650 € / mois Dépôt de garantie : 650 € Frais agence : 325 € Disponible à compter du 2 mars 2026",https://www.vizzit.fr/fr/property/appartement/lyon-3/Ah29b2fljtf0n6hv,,
Lyon 7ème (69007),1 400 €,79 m² - 3 pièces,"Je loue cet appartement meublé de 3 pièces de 79 m² situé au 5ème étage d'un immeuble de 5 étages, à Lyon 7e Arrondissement. Construit en 1970, cet appartement dispose d'un ascenseur. L'appartement comprend 2 chambres et 1 salle de bain. La cuisine est équipée. - Bon état général - Chauffage électrique - Classe énergie B - Classe climat B L'appartement est situé dans un quartier calme et bien desservi. Disponible immédiatement ! N'hésitez pas à me pour plus d'informations ou pour organiser une visite.",https://www.vizzit.fr/fr/property/appartement/lyon-7/Amblww51krds4zb9,,
Lyon 6ème (69006),1 890 €,78 m² - 3 pièces,"Disponible à partir du 5 mars ! Adorable T3 idéalement situé rue Bugeaud, dans un quartier commerçant proche du métro et des écoles. L'appartement est composé d'une entrée, d'une grande pièce de vie avec cuisine ouverte haut de gamme, deux chambres au calme sur cour, une salle d'eau, un toilette, une buanderie. Nombreux rangements et dressing sur mesure. Zone soumise à encadrement des loyers. Loyer de référence majoré (loyer de base à ne pas dépasser) 1357 euros/mois. Loyer de base 1131 euros/mois. Provision sur charges 50 euros/mois, régularisation annuelle. Complément de loyer 709 euros/mois. Dépôt de garantie 1 840 euros. Classe énergie D, Classe climat B Montant estimé des dépenses annuelles d'énergie pour un usage standard : entre 1488.00 euros et 2014.00 euros sur les années 2021, 2022 et 2023 (abonnements compris). Les informations sur les risques auxquels ce bien est exposé sont disponibles sur le site Géorisques : . Votre conseiller Simmone : Laurence Prohaszka Agent commercial (Entreprise individuelle)",https://www.vizzit.fr/fr/property/appartement/lyon-6/A9f3f2rwjbeoqfry,,
Lyon 3ème (69003),1 400 €,75 m² - 3 pièces,"À louer, bel appartement meublé de 75 m², traversant et très lumineux, offrant de beaux volumes et un agencement fonctionnel, situé au premier étage d’un immeuble très bien entretenu. Il se compose d’une grande entrée avec plusieurs placards de rangement, d’un spacieux salon de 20 m² agréable à vivre, d’une cuisine entièrement équipée avec de nombreux rangements et un réfrigérateur américain, ainsi que d’une buanderie pratique pour le linge et le stockage. L’Appartement comprend également deux grandes chambres, un vestiaire/dressing, une salle de bain et un Wc séparé. Un balcon de 5 m² permet de profiter d’un espace extérieur. Une place de parking ainsi qu’une cave de 8 m² complètent ce bien. Loyer : 1 400 € toutes charges comprises (chauffage et eau inclus)",https://www.vizzit.fr/fr/property/appartement/lyon-3/A7kqk3u96pxao8d0,,
Lyon 3ème (69003),1 180 €,62 m² - 2 pièces,"Particulier loue grand T2 rénové, meublé + parking, proche Part Dieu– Libre immédiatement Secteur Part Dieu Villette (avenue Lacassagne), appartement type T2 rénové, meublé + place de parking privative Superficie Carrez 53,64 m² - superficie totale 62,86 m² Situé au 8eme et dernier étage (avec ascenseur) au calme et sans aucun vis-à-vis (sous-pente), dans une copropriété de l’année 2000 sécurisée (accès badge + interphone). Composé d'une entrée ouvrant sur un grand séjour (22 m² Carrez/26 m² habitable) semi ouvert sur une cuisine entièrement équipée (9 m² Carrez/11.5 m² habitable), d’une chambre (11.7 m² Carrez/14.7 m² habitable) et d’une salle de douche + Wc. Appartement entièrement équipé : - Cuisine complète (nombreux rangements, four, plaque vitro-céramique, frigo/congélateur, four micro-ondes, hôte, bouilloire, vaisselle et ustensiles…) - Séjour : table (avec rallonge) + 4 chaises, grand canapé, table basse, nombreux rangements et bureau d’appoint. - Chambre : lit coffre 140 190, matelas, couette et rangements / penderie. - Sdb : 1 vasque, douche, machine à laver, rangements et Wc. - Étendage, aspirateur, nécessaire ménage - Fibre disponible (abonnement Internet à la charge du locataire) Place de parking privative au premier sous-sol face à l’entrée du parking Proche de toutes commodités (transports et commerces) : - Gare Lyon Part Dieu à 7 minutes à pied (env. 500M) comprenant : Bus (15 lignes), métro (4 lignes), tramway (4 lignes) et Navette Rhône Express pour un accès direct à l’aéroport St Exupéry en moins de 30 mn - Centre Commercial à 10 mn à pied (env. 100 magasins) - Petits commerces à proximité Disponible à compter du 10 février 2026 - Agences s’abstenir Dpe : - Consommation énergétique : Classe C 126 kWh/m2/an (diagnostique Mars 2023) - Émission de gaz à effet de serre : Classe C 23 kg CO2/m2/an (diagnostique Mars 2023) Chauffage individuel au gaz Montant prévisionnel des charges de copropriété : 50 €/mois (entretien de la chaudière, des parties communes et enlèvement des ordures) Zone soumise à l’encadrement des loyers : - Loyer de référence au m² : 16.40 € - Loyer de référence majoré au m² : 19.70 € - Complément de loyer : 73,29€ / mois (parking + superficie habitable supérieure aux 53,64 m² Carrez) - Loyer mensuel hors charges : 1130 € - Loyer mensuel charges comprises : 1180 € Dépôt de garantie : 2260 € (2 mois de loyer sans les charges pour un meublé) Eau, électricité, gaz et Internet à la charge du locataire Points forts de cet appartement : - 63 m² habitables - Place de parking privative - Classe énergétique C - Proche des transports et commerces - Calme et sans aucun vis-à-vis - Dernier étage - Charges faibles - Rénové en 2023 Penser à utiliser le site du gouvernement pour créer votre dossier. Photos et vidéo disponibles sur demande",https://www.vizzit.fr/fr/property/appartement/lyon-3/A7y76z6qky3cu84n,,
Lyon 2ème (69002),870 €,33 m² - 2 pièces,"Entièrement meublé et rénové - Plein cœur de la Presqu'ile - Idéal jeune couple ou étudiant(e) 870 euros charges comprises (eau + électricité non compris) 6e et dernier étage, très calme et lumineux : vue dégagée sur les toits Entrée couloir avec placard et penderie Salle de bain (baignoire) Grand Wc séparé avec rangement et machine à laver Salon/salle à manger très lumineux (3 fenêtres) et cuisine ouverte équipée (four, plaque induction, hotte, frigo, petit congélateur, machine à café, bouilloire) Chambre très calme (sur cour) avec lit double (lit coffre avec grand rangement) + étagères Chauffage électrique Entrée sécurisée (badge + interphone)",https://www.vizzit.fr/fr/property/appartement/lyon-2/Abozg5krb6jdoqj8,,
Lyon 6ème (69006),1 080 €,42 m² - 2 pièces,"Je loue un appartement, idéalement, situé à proximité du métro Massena, pratiquement à l’angle de la rue Tête d’Or et du cours Franklin Roosevelt. L’Appartement mesure 42 m². Il est composé d’un séjour avec cheminée. Alcôve attenante dans laquelle on peut mettre un grand lit et un meuble de rangement. La cuisine est séparée, elle est entièrement équipée avec lave-vaisselle, lave-linge, table de cuisson, réfrigérateur, et de nombreux rangements. À la suite, une salle d’eau avec douche italienne. Wc séparé. L’Appartement a été entièrement rénové, il y a trois ans. Très bon standing. Il est au premier étage et l’immeuble possède son ascenseur. Accès par interphone. Parquet chêne , radiateurs radiants dernière génération, eau chaude individuelle sur cumulus.",https://www.vizzit.fr/fr/property/appartement/lyon-6/Auvvohzt0f9a47bo,,
Lyon 6ème (69006),585 €,19 m² - Studio,"Plein 6eme dans bel immeuble 19eme au 5eme étage proximité tous commerces métro gare parc beau studio avec prestations de confort, meublé et équipé, calme,ensoleillé",https://www.vizzit.fr/fr/property/appartement/lyon-6/A0bctqqn2ow9f0pm,,
Lyon 8ème (69008),622 €,33 m² - Studio,"Location sur visite virtuelle uniquement.Studio non meublé.Découvrez ce charmant studio de 33,05m² situé dans un immeuble récent au 4 place Marc Sangnier. Cet espace bien agencé vous offre une pièce de vie fonctionnelle comprenant un espace cuisine aménagée et équipée (hotte, plaque de cuisson et frigo) et un espace nuit bien délimités.Profitez des beaux jours sur votre balcon privatif, parfait pour vos moments de détente. Le chauffage collectif au gaz vous assure un confort optimal tout au long de l'année avec une gestion simplifiée des charges.N'hésitez pas à déposer votre dossier sur notre site internet Foncia au plus vite.",https://www.vizzit.fr/fr/property/appartement/lyon-8/A39w3jn060bwpdgu,,
Lyon 2ème (69002),765 €,26 m² - 2 pièces,"A saisir fin février Nous vous proposons à la location un appartement meublé de 26m2 avec 3 fenêtres donnant sur la cour et sans vis à vis. Il est très lumineux. Il a été rénové entièrement en 2017. Il est composé de 1 cuisine (four, plaque à induction, frigo, machine Nespresso, vaisselles) , 1salle de bain (machine à laver séchante), 1 salon (1 canapé lit) et 1 chambre ( 1 lit double, 1 penderie dans un dressing, 1 commode) La cuisine est ouverte sur le salon offrant un espace de vie confortable et accueillant. L'emplacement de cet appartement est un véritable atout, situé à proximité de la place Bellecours, il offre ainsi un accès direct aux commerces, restaurants, transports en commun et autres commodités de la vie quotidienne. Disponible à partir du 28 février2026. Bail de type meublé. Garant (personne physique et non un organisme) impératif Zone soumise à l'encadrement des loyers : - Loyer mensuel charges comprises (internet, eau et électricité non comprises) : 795 euros - Dépôt de garantie : 795 euros",https://www.vizzit.fr/fr/property/appartement/lyon-2/Azme9o6vczcw306f,,
Lyon 4ème (69004),1 335 €,57 m² - 3 pièces,"Croix-Rousse - Rue Duviard : Très bel appartement canut avec poutres, de 91m² habitable, loué meublé, offrant une belle pièce de vie avec cuisine aménagée ouverte, une salle de douche et un Wc séparé. Vous trouverez deux mezzanines servant d'espace nuit et de bureau avec un dressing. Disponible de suite. Honoraires locataire calculés selon le barème en vigueur au janvier 2022",https://www.vizzit.fr/fr/property/appartement/lyon-4/A3v3bbxh8ewz1gma,,
Lyon 9ème (69009),850 €,47 m² - 2 pièces,"Métro Gare de Vaise, dans une résidence récente, au 3ᵉ étage avec ascenseur, venez découvrir ce logement de type 2 lumineux de 48m2 comprenant une pièce de vie carrelée avec accès terrasse couverte, une cuisine séparée meublée, une chambre avec rangements, une salle de bains avec baignoire et un wc séparé. Chauffage individuel au gaz. Garage fermé en sous sol.",https://www.vizzit.fr/fr/property/appartement/lyon-9/Ani6hx0068w846kg,,
Lyon 4ème (69004),914 €,58 m² - 2 pièces,"Location sur visite virtuelle.T2 non meublé.Niché dans une résidence du Plateau de la Croix-Rousse, cet appartement vous séduira par son agencement fonctionnel et son espace extérieur remarquable. La proximité du métro facilite vos déplacements quotidiens dans toute la ville. L'intérieur se compose d'une entrée accueillante, d'une cuisine pratique et d'un séjour lumineux. Vous profiterez d'une magnifique terrasse prolongée d'un jardin de 96 m², véritable extension de votre espace de vie pour vos moments de détente. La partie nuit offre une chambre confortable complétée par une salle de bains et des toilettes séparées. Le chauffage électrique individuel vous garantit une gestion personnalisée de votre confort.Un garage en sous-sol complète idéalement ce bien, vous assurant un stationnement sécurisé dans ce quartier prisé. N'hésitez pas à déposer votre dossier sur notre site internet Foncia au plus vite.",https://www.vizzit.fr/fr/property/appartement/lyon-4/Aq1mrl48h0pou68r,,
Lyon 2ème (69002),895 €,51 m² - 2 pièces,"T2 bis - 51m2 (60m2 au sol) – en duplex - 1er étg / 5 Quartier Ainay – proche métro A Ampère – gare. Orientation sud sur cour intérieure. Séjour 20m2 avec belle hauteur sous plafond, sol tomette, Sas d’entrée, interphone Salle de bain : douche Wc Cuisine équipée : rangements, table haute, plaque induction, hotte, vmcChambre 1 en Mezzanine + chambrette indépendante avec rangements. Parking, garage : non – Grenier, cave : non Chauffage électrique : radiateur à accumulation Fenêtres double vitrage - volets roulants Loyer : 895€ / mois charges communes incluses Caution : 1 mois de loyer. Garantie Visale exigée",https://www.vizzit.fr/fr/property/appartement/lyon-2/Aflv0flfz92fq4tk,,
Lyon 5ème (69005),1 090 €,59 m² - 3 pièces,"Le Saint Georges Résidence offrant une vue sur la Saône et à proximité de l'arrêt ""Pont Kitchener Rd"". Appartement T3 de 59.89 m². Il se compose d'une entrée, d'une pièce de vie ouverte sur un coin cuisine, de deux chambres, d'une salle de bains et d'un Wc indépendant. Chauffage individuel électrique. Un garage privatif vient compléter ce bien (135€ inclus dans le montant du loyer de 1090€ charges comprises). Valority Adb. Les informations sur les risques auxquels ce bien est exposé sont disponibles sur le site Géorisques :",https://www.vizzit.fr/fr/property/appartement/lyon-5/A5fbsxfwnno4uol3,,
Lyon 4ème (69004),843 €,39 m² - 1 pièce,"Location meublée Grand F1 Lyon 4 ème Croix Rousse Dans un immeuble ancien Grand F1 de 39 M2 meublé avec alcôve (chambre), séjour avec placard, cheminée décorative et parquet, cuisine équipée séparée, salle d'eau et séparation wc. Hall d'entrée avec placard penderie Un cagibis à l'étage 3ème étage sans ascenseur Proximité de toutes commodités (bus, métro, commerces, cinéma, théâtre etc) Exposition E/O , traversant. Pas de vis à vis Chauffage electrique individuel DPE energie E mais le remplacement du chauffage a été effectué",https://www.vizzit.fr/fr/property/appartement/lyon-4/Az4k819pr65fqace,,
Lyon 7ème (69007),720 €,28 m² - Studio,"Magnifique cocon, au calme, sur cour sans vis-à-vis. Lumineux. Disponible fin février. 720 euros",https://www.vizzit.fr/fr/property/appartement/lyon-7/Aoit1m9oxvtzwn8b,,
Lyon 6ème (69006),900 €,29 m² - 1 pièce,"Lyon 6ème - Massena / Brotteaux Nous vous proposons à la location ce magnifique appartement T1bis meublé de 29m², loué meublé. Il se compose d'un séjour, un coin nuit en mezzanine, une cuisine aménagée et équipée et d'une salle de bains avec douche et toilettes. L'appartement est équipé d'un lave-linge, et jalousies électriques. Idéalement situé en plein coeur du quartier des Brotteaux dans le 6ème arrondissement de Lyon. Disponible le 2 mars 2026 Dpe classé D Loyer charges comprises: 900 € Charges: 45 € (forfaitaires mensuelles) Dépôt de garantie: 1710 € Honoraires de location à la charge du locataire: 380,48 € dont 87,87 € pour l'état des lieux d'entrée Zone soumise à l'encadrement des loyers. Loyer de référence majoré: 690,20€. Complément de loyer: 164,80€/mois (logement entièrement refait à neuf, suréquipé). Agence Solygest -",https://www.vizzit.fr/fr/property/appartement/lyon-6/A9per9o4h5pr3jst,,
Lyon 1er (69001),1 430 €,66 m² - 3 pièces,"Situé au 3ᵉ étage avec ascenseur d’un immeuble ancien de type haussmannien, cet appartement T3 de 66 m² bénéficie d’un emplacement privilégié sur la place Gabriel Rambaud, à deux pas des quais de Saône et des commodités. Agencement : - Entrée avec rangements - Belle pièce de vie avec cuisine ouverte entièrement équipée - Deux chambres - Salle de bain avec baignoire et douche - Wc séparés. Un bien alliant charme de l’ancien et confort moderne, idéalement situé dans un secteur recherché. Entièrement rénové par un architecte. Disponible tout de suite. Zone soumise à encadrement des loyers : Loyer de base : 957 euros. Loyer de référence majoré : 1148,40 euros . Complément de loyer : 251,60 euros (rénovation haut de gamme, équipements complémentaires).",https://www.vizzit.fr/fr/property/appartement/lyon-1/A42424dpsiht761d,,
Lyon 3ème (69003),755 €,35 m² - Studio,"Merci De Prendre Rdv En Ligne Via Le Formulaire De Contact Agence - Vous recevrez un lien par mail pour la prise de rendez-vous en ligne. 9 Rue Bonnand au pied du Tram T3 arrêt reconnaissance/Balzac, Appartement T1 bis de 35.08m² comprenant une entrée, un séjour avec alcôve pour coin nuit, une grande cuisine indépendante, une salle de bain et Wc séparé. Disponible rapidement. Zone soumise à l'encadrement des loyers : Loyer Hc : 740 euros Provisions pour charges : 15 euros (parties communes)",https://www.vizzit.fr/fr/property/appartement/lyon-3/A1rhtc14cnt99xjl,,
Lyon 4ème (69004),695 €,20 m² - Studio,"Studio 20 m² à louer ? Lyon 4 (Rue Jen Julien) À louer, studio de 20 m² situé rue Jen Julien, dans le 4 € arrondissement de Lyon, au coeur d'un quartier vivant et recherché. Le studio se compose d'une pièce principale lumineuse, d'un coin cuisine et d'une salle d'eau . Logement fonctionnel, idéal pour étudiant(e), jeune actif(ve) ou personne seule. Atouts du quartier : Commerces de proximité (boulangeries, supermarchés, cafés?) Écoles et établissements d'enseignement à proximité Quartier agréable, dynamique et convivial Transports à proximité : Métro C ? station Croix-Rousse Bus C13, C18 Accès rapide à Bellecour via métro C puis correspondance métro A Emplacement recherché, très bien desservi et proche de toutes commodités. Disponible immédiatement Informations financières Loyer Hc : 670 € Charges : 25 € (entretien des parties communes) Dépôt de garantie : 1 340 € Frais agence : 262.73 Zone d'encadrement des loyers Loyer de référence majoré : 468.87 € Complément de loyer : 201.13 € pour confort additionnel. Consommation énergétique Estimation des coûts annuels : entre 460 et 670 € Les informations sur les risques auxquels ce bien est exposé sont disponibles sur Géorisques. Contact Agence immobilière Néoloc 21 place carnot 69002 Lyon Email : Réf. Annonce : 786 Informations Loi Alur Titre professionnel : Agent immobilier et administrateurs de biens Carte professionnelle T et G n° Cpi 024 045 délivrée par la Cci de Lyon Métropole Saint-Étienne Roanne Garantie financière : 1 340 000 € (Galian, 89 rue de la Boétie, 75008 Paris, N° B ) Assurance Rcp : Mma Police",https://www.vizzit.fr/fr/property/appartement/lyon-4/Ao5asvgx92dv5qb0,,
Lyon 7ème (69007),724 €,25 m² - Studio,"L'agence Avenir Investissement vous propose à la location ce joli studio entièrement meublé situé au coeur du 7è arrondissement de Lyon à deux pas du métro Saxe-Gambetta. Le bien se trouve au 2ème étage avec ascenseur. Il est composé d'une cuisine Us entièrement équipée, d'un espace repas et salon, ainsi qu'une salle d'eau avec Wc. Loyer: 724 € dont 30 € de charges. Honoraires agence: 325 € (visite, constitution du dossier et rédaction du bail) dont 75 € d'état des lieux. Dépôt de garantie: 1 388 €. Disponible le 5 mars A visiter, votre contact: Jocelyn Marcel",https://www.vizzit.fr/fr/property/appartement/lyon-7/Aulfqsb5o7fzo3pq,,
Lyon 3ème (69003),1 220 €,73 m² - 3 pièces,"Au 172 avenue Félix Faure, Era Lacassagne vous propose à la location ce grand T3 meublé de 73m2. Situé au 2ème étage d'une copropriété récemment ravalée, traversant, il offre de très beaux volumes et se compose : d'une vaste entrée avec placard, d'un séjour de 17m2, d'une grande cuisine ouvrant sur un balcon de 4m2, de deux très belles chambres lumineuses au calme, avec placards et d'une salle d'eau avec machine à laver, Wc indépendants. Chauffage individuel électrique. Cave. Excellent emplacement, à proximité des commerces, des transports (Tram T3 et T4, bus) et à 15mns à pied de la gare Part Dieu. Disponible le 1er mars. Loyer mensuel hors charges 1140€, forfait de charges 80€ comprenant l'eau froide et les charges de copropriété. Dépôt de garantie 2280€. Honoraires de location 940€ comprenant 216€ de frais d'état des lieux. L'Etat des Risques et Pollution peut être consulté sur",https://www.vizzit.fr/fr/property/appartement/lyon-3/Amjkqtet2hi66t37,,
Lyon 1er (69001),360 €,12 m² - Studio,"Je loue ce studio fonctionnel de 12 m², situé au 1er étage, à Lyon 1er. Ce logement non meublé comprend une pièce principale et une salle de bain/wc. Il dispose d’un espace couchage avec lit superposé, d’un espace de rangement ainsi que d’un coin kitchenette équipé, permettant une utilisation pratique et optimisée de l’espace. Le studio est situé dans un quartier calme, proche des transports en commun. ? Logement fonctionnel, idéal pour étudiant. ? Le studio est disponible tant que l’annonce est en ligne. Merci de ne pas me uniquement pour demander si le studio est disponible ce type de message restera sans réponse. N’Hésitez pas à me pour plus d’informations ou pour organiser une visite.",https://www.vizzit.fr/fr/property/appartement/lyon-1/Aslwiytfhxgqwi4s,,
Lyon 3ème (69003),605 €,21 m² - 1 pièce,"Merci De Prendre Rdv En Ligne Via Le Formulaire De Contact Agence - Vous recevrez un lien par mail pour la prise de rendez-vous en ligne. 36 Cours du Docteur Long, 69003. Proximité du métro Grange Blanche. Studio situé au 2ème étage d'un petit immeuble composé d'une pièce principale, une mezzanine pour le coin couchage, une cuisine ouverte, une salle de bain. Chauffage individuel électrique. Appartement disponible fin Février. Zone soumise à l'encadrement des loyers : Loyer de référence majoré : 463.57 euros Complément de loyer : 123.43 euros Provisions pour charges : 18 euros (communs)",https://www.vizzit.fr/fr/property/appartement/lyon-3/Ausuku6mopexeahj,,
Lyon 1er (69001),1 160 €,48 m² - 2 pièces,"Lyon 1er arrondissement, 17 rue leynaud, Magnifique F2 meublée de 48m² loi carrez + 20m² en mezzanine, avec cuisine équipée ouverte sur séjour, 1 chambre séparée, mezzanine salle d eau et wc. Pas de garage ni de cave. Dispo En Mars Coup De Coeur Loyer 1100euros + 60euros de charges de copropriété. Honoraires de 858 euros Ttc à la charge du locataire. Loyer de base 1100.00 euros/mois. Provision sur charges 60 euros/mois, régularisation annuelle. Dépôt de garantie 2 200 euros. Dpe en cours. Les informations sur les risques auxquels ce bien est exposé sont disponibles sur le site Géorisques : .",https://www.vizzit.fr/fr/property/appartement/lyon-1/Aspfn9roumvho6g6,,
Lyon 4ème (69004),1 400 €,83 m² - 4 pièces,"A louer - Appartement 4 pièces - 83m2 - Lyon 4e - Rue d'Ypres Situé dans le 4e arrondissement de Lyon, cet appartement entièrement refait a neuf se trouve au deuxième étage sans ascenseur vue sur Saône, il se compose de 3 chambres, un salon , salle de bain et Wc séparé une grande cave complète se bien offrant un espace de stockage agréable pour 2 roues. Bus au pieds de l'immeuble, à proximité du pont Schumann",https://www.vizzit.fr/fr/property/appartement/lyon-4/Aoukp73tvhk8k10a,,
Lyon 3ème (69003),1 065 €,89 m² - 3 pièces,"Réf 443.15- T3 de 89.55 m² - 149 rue Antoine Charial 69003 Lyon - 4e étage sans ascenseur à proximité de la place des maisons neuves. Il se compose d'un très grand hall d'entrée, une cuisine équipée (four, plaques chauffantes et hotte ) meublée. Deux grandes chambres avec parquet, un séjour avec petit balcon, une salle de bains Chauffage par convecteurs électriques. Fenêtres neuves. Loyer 1025 euros + 40 euros de charges. 890 euros Honoraires. Edl 1154.80 eurosLOYER De Reference 1029.80 euros Loyer De Reference Majore 1235.79 euros Soumis A L Encadrement Des Loyers Honoraires de 1 045 euros Ttc à la charge du locataire comprenant 155 euros Ttc pour l'état des lieux. Zone soumise à encadrement des loyers. Loyer de référence majoré (loyer de base à ne pas dépasser) 1235.79 euros/mois. Loyer de base 1025 euros/mois. Provision sur charges 40 euros/mois, régularisation annuelle. Dépôt de garantie 1 025 euros. Dpe en cours. Les informations sur les risques auxquels ce bien est exposé sont disponibles sur le site Géorisques : .",https://www.vizzit.fr/fr/property/appartement/lyon-3/At9lpevm9dtple8o,,
Lyon 7ème (69007),920 €,32 m² - 2 pièces,"Loue 7e, Manufacture des Tabacs, F2 de 32.3m2, 3e étage, plein sud, très ensoleillé, très bon état, entièrement meublé, Cuisine intégrée, lave linge, lave vaisselle, Tv. Avec Garage box fermé en sous sol. Copropriété de 2010, avec garage à vélo, et espace extérieur avec jardin. Libre le 1er Mars.",https://www.vizzit.fr/fr/property/appartement/lyon-7/Aflqxxd0t496e81e,,
Lyon 7ème (69007),940 €,43 m² - 2 pièces,"À louer T2 meublé avec terrasse Lyon 7 Situé au 9 Rue Blanche et Georges Caton, 69007 Lyon au 2ème étage , ce bel appartement T2 meublé d'environ 43 m² offre un cadre de vie agréable et fonctionnel. Il se compose d'une pièce de vie lumineuse, d'une cuisine équipée, d'une chambre séparée, d'une salle de bain et d'un Wc. Vous bénéficierez également d'une terrasse, idéale pour profiter des beaux jours. L'appartement est situé dans un quartier vivant, bien desservi par les transports en commun, à proximité des commerces et des universités. Loyer mensuel : 839 € Charges mensuelles : 94 € Dépôt de garantie : 1 674 € Honoraires d'agence : 568 € (dont état des lieux inclus) Merci de déposer votre dossier par mail ou sur notre site directement Calcul Loyer de référence majoré maximum : 839,04 € Les informations sur les risques auxquels ce bien est exposé sont disponibles sur le site Géorisques : Dpe C / residence recente Neoloc, société par actions simplifiée au capital social de 1115 €, dont le siège social est situé au 21 Place Carnot 69002 Lyon 2Eme, immatriculée au Registre du Commerce et des Sociétés de Lyon sous le numéro 954 085 874 € Carte pro G Cpi - délivrée par Cci de Lyon Métropole Saint-Étienne Roanne - Caisse de garantie Galian - 89 rue de la Boétie, 75008 Paris d'un montant de € avec maniement de fonds ? Police Responsabilité Civile Mma 120 137 405",https://www.vizzit.fr/fr/property/appartement/lyon-7/Au9rp92zv8qdkumg,,
Lyon 9ème (69009),475 €,17 m² - Studio,"Pour étudiant.e ou jeune salarié.e en Cdi. En raison de beaucoup trop de sollicitations, je vous remercie de me résumer dans un court message votre situation, qui sera votre garant Physique et vos motivations. Les demandes de type ""Ce bien est-il disponible?"" ne seront pas lues. Visite possible en appelant le numéro de téléphone de l'annonce. En vous remerciant. Pièce à vivre avec kitchenette équipée (deux plaques de cuissons électriques, évier et meuble de rangement). Salle d'eau (wc, douche, meuble de rangement et évier). L'appartement dispose d'une petite terrasse extérieure fermée avec un cabanon de rangement. Situé à 5min à pied du métro gare de Vaise. Au 35 Rue De Saint Cyr 69009 Au Rdc dans un petit immeuble calme et sécurisé. Le loyer est de 460 € + 15 € de charges soit un loyer de 475€ Charges Comprises (les charges comprennent la Taxe d'ordure ménagère + charges locatives). Eau + électricité à votre charge. La caution est de un mois de loyer hors charges (460€) et un garant Physique est Indispensable. Garantie Visale refusée. Eligible au Apl. Disponible février 2026.",https://www.vizzit.fr/fr/property/appartement/lyon-9/Ar7t2irmzmoyvs7g,,
Lyon 1er (69001),492 €,25 m² - Studio,"Studio à louer à Lyon 1er A louer à Lyon 1er au 35 rue burdeau, proche Croix Rousse, à moins de 5 minutes à pied du métro C station Croix Paquet. T1 de 25,53m² se situant au 3ème étage et se composant d'une entrée, d'un séjour, un coin cuisine, une salle de bain avec un Wc séparé. Vous disposerez dans un environnement plein de charme. Chauffage : individuel Gaz Eau froide : individuelle Loyer appartement : 492 € provisions sur charges comprises Loyer hors charges Appartement : 479€ Provisions sur charges : 13 € Dépôt de garantie Appartement : 479 € Honoraires de locations et états des lieux à la charge du locataire : 331,89 € Zone soumise à encadrement des loyers Loyer de référence majoré : 538,68 € Loyer de base : 449,33 € Si vous souhaitez nous pour plus de renseignements, merci de nous uniquement par mail. Les informations sur les risques auxquels ce bien est exposé sont disponibles sur le site Géorisques : Référence annonce : T1-129Bur-C3-13 Date de réalisation du diagnostic : Honoraires à la charge du locataire : 331 € Ttc dont 76 € pour l’état des lieux Dépôt de garantie : 479 € Montant des charges : 13 € / mois Modalité de récupération des charges locatives : provision avec régularisation annuelle Montant estimé des dépenses annuelles d'énergie pour un usage standard : entre 500 € et 740 € par an. Prix moyens des énergies indexés sur l'année 2021 (abonnements compris)",https://www.vizzit.fr/fr/property/appartement/lyon-1/Ax36jpjq43em9n3m,,
Lyon 3ème (69003),1 060 €,50 m² - 2 pièces,"Appartement meublé T2, 51 m2, situé rue du Pr Florence, à 300 m de la place d'Arsonval et de Grange Blanche, de l'Hôpital Edouard Herriot, des Facultés de médecine et de pharmacie Rockefeller, de l’école d’infirmière. Nombreux transports en commun avec métro ligne D, tramways (T2 et T5) et bus (C8). Appartement au 4ème et dernier étage avec ascenseur, exposition Sud – Nord. Entrée avec placard-penderie, toilettes séparées avec lave-mains, cuisine ouvrant par un bar sur la pièce à vivre , belle terrasse au sud sur les toits de 15 m2 environ, une chambre avec salle de bain attenante équipée d’un meuble vasque et d’une douche à l’italienne. Cuisine équipée (plaque induction, lave-vaisselle, four, micro-ondes, grand réfrigérateur avec congélateur, hotte aspirante, bouilloire, grille-pain ustensiles cuisines, vaisselle…). Salon avec table et chaises, canapé, table basse, télévision, meubles rangement et grande baie vitrée. Chambre avec 2 placards muraux, lit avec matelas hôtel, chevets (pas de couette). Salle de bain avec machine à laver, radiateur sèche serviettes, rangements. Chauffage électrique par radiateur cœur de fonte et (surtout !) climatisation réversible. Eau chaude par cumulus électrique. Un très grand garage fermé en sous-sol, accessible par ascenseur. Résidence de standing, calme et sécurisée, datant de 1991. Equipé de la fibre. Appartement disponible à partir de mi février 2026. Loyer mensuel : 970 euros Loyer mensuel de référence majoré : 918 € avec complément de loyer : 52 € (justifié par la présence d’un garage fermé en sous -sol) Charges de 90 euros par mois environ (eau froide comprise) et Taxe Ordure Ménagère (Tom) comprise et soumises à régularisation annuelle en fonction consommation d’eau froide. Loyer charges comprises : 1060 euros. Dépôt de garantie : 2000 euros. Pas de frais d’agence, gestion directe par propriétaire. Envoi de photos complémentaires su demande. Contact via messagerie le bon coin. Merci de renseigner votre profil locataire sur le bon coin. Visites réalisables uniquement en We, selon disponibilité, à partir du 14 février 2026",https://www.vizzit.fr/fr/property/appartement/lyon-3/Assdd6gu5z7bhiyt,,
Lyon 3ème (69003),890 €,27 m² - Studio,"A 2 minutes à pied de la gare Part Dieu et d’un grand centre commercial et profiter des attraits du sixième arrondissement dont les Brotteaux. Appartement de e 27m2 de surface et un grand balcon 9m², se composant d'une belle cuisine ouverte entièrement équipée, électroménager Bosch avec hotte, four à micro-onde, lave-linge, lave-vaisselle, réfrigérateur, plaque de cuisson et d'une machine Nespresso. Le séjour est composé de meuble Bo Concept : un fauteuil en cuir, 2 chaises, une table et un dressing, d'une Tv. La chambre est constitué d'un grand lit-coffre, un bureau et un fauteuil. Pensés dans les moindres détails ils offrent des prestations d'exceptions d'un confort absolu. Zone soumise à encadrement des loyers : Loyer de base: 650€ Complément de loyer: 160€ (localisation du bien, équipements de qualité) Loyer : 850€ hors charges Charges mensuelles : 140€ comprenant eau froide eau chaude et chauffage Pas de frais d'agence, dépôt de garantie : 1500€",https://www.vizzit.fr/fr/property/appartement/lyon-3/Ab4dkxdqaimps9dx,,
Lyon 8ème (69008),550 €,19 m² - Studio,"A proximité Université Lyon 3 (Manufacture des Tabacs) / Lycée Colbert. Studio 19 m² dans résidence sécurisée (gardien sur place) avec ascenseur. Une pièce principale avec bureau et grand placard intégré. Kitchenette équipée. Salle de bain avec baignoire. Nombreux rangements. Disponible fin février. A proximité Métro D, Tram T2/T4, Bus.",https://www.vizzit.fr/fr/property/appartement/lyon-8/Af4ei1ig086j1aip,,
Lyon 8ème (69008),760 €,31 m² - Studio,"Vous cherchez un appartement confortable, fonctionnel et bien situé à Lyon ? Ce T1 de 31 m² au cœur du quartier Grand Trou dans le 8ᵉ arrondissement, n’attend plus que vous ! ?️ Appartement cosy et bien agencé - Au 6ème étage sur 7 avec ascenseur avec une très belle vue dégagée, exposé sud-est, - Cuisine équipée : frigo avec freezer, plaque induction, micro ondes combiné et emplacement prévu pour installer un lave linge top. - Salon/séjour lumineux équipé avec table et chaises, grands meubles de rangement, - Espace nuit aménagé dans une alcôve qui donne sur le salon (séparé avec rideau) avec lit double, couette et oreillers, - Chauffage électrique et chauffe eau électrique thermodynamique, - Fibre optique installée. ? Emplacement pratique et bien desservi - Bus 35 direction Jean Macé au pied de l’immeuble. - Tram T2, T4 et T6 accessibles en moins de 10 minutes à pied, - Supermarché à 5 minutes à pied, - Résidence calme et sécurisée, - Place de parking privative incluse. ? Loyer & conditions - 760 € / mois charges comprises (dont 50 € de forfait de charges incluant l’eau et 60€ de place de parking) - Dépôt de garantie : 1 300 € - Disponible immédiatement. ✅ Conditions de location : - Location en direct, sans frais d’agence. - Premier contact uniquement par mail avec une courte présentation du candidat (situation professionnelle/étudiante, revenus, garants, etc.) Contactez-moi vite pour organiser une visite !",https://www.vizzit.fr/fr/property/appartement/lyon-8/A742ue9fo7dmuu43,,
Lyon 5ème (69005),590 €,28 m² - 1 pièce,"Appartement de type 1, situé Rue des Aqueducs 69005 Lyon, d'une superficie de 28.40m². Ce bien comprend, une entrée, pièce principale avec placard, une cuisine indépendante avec plaques électriques, réfrigérateur, une salle de bains avec toilettes. Un balcon. Une place de parking privée dans la résidence. Chauffage, eau chaude et eau froide collectifs. Résidence dans parc arboré avec piscine. Situé à deux pas du centre et face à l'école des minimes. Loyer : 500€ Charges : 90€ Dépôt de garantie : 500€ Honoraires : 500€ Pour plus de renseignements ou visites merci de nous CHm Administrateur de Biens",https://www.vizzit.fr/fr/property/appartement/lyon-5/Auxx7jluzmvmpyx0,,
Lyon 7ème (69007),714 €,33 m² - Studio,"Pas de frais d’agence en plus Grand studio de 40,6 m² de surface au sol et 33 m² en loi carrez. Plusieurs possibilités d'aménagement à votre goût. La pièce à vivre est spacieuse, lumineuse, ensoleillée, meublée avec une table basse, un bureau en chêne, des armoires, mansardée sous les toits, poutres apparentes, aucun vis à vis, 2 grands vélux. Le studio est entièrement meublé, hors lit pour vous permettre de choisir celui qui vous ressemble. Cuisine et équipements complets, avec électroménager neuf : il ne reste qu’à poser ses valises. Un vrai cocon calme, sans nuisance sonore, où l’on oublie vite l’agitation urbaine. Porte d’entrée avec serrure sécurisée. Un plus : une climatisation pour les grosses chaleurs estivales. L’Espace est optimisé, fonctionnel et agréable à vivre, pensé pour une personne soigneuse, autonome et attentive à son environnement. La salle de bain est équipée d'un lavabo, d'une baignoire et Wc. Chauffage au gaz de ville comptez environ 60€/mois. Cinquième étage sans ascenseur, grande cage d’escalier avec vue sur le parc. Digicode et badge. Immeuble situé juste derrière le parc Sergent Blandan, à 5 minutes à pied de la station de métro Garibaldi et de l’université Jean Moulin 3, proche de la gare Lyon Part Dieu, bus et Tram. Le Loyer est de 664 € hors charges + 50€ de charges de copropriété. Disponible en mars Frais de dossier (étude, visites, état des lieux, rédaction du bail) : 250 euros, payés à la réservation + le premier loyer. Caution : 2 mois de loyer payable à la remise des clés et entrée dans les lieux. Ici, on privilégie une relation simple, fluide et respectueuse : quand le bon sens et la sympathie sont partagés, le quotidien devient naturellement plus agréable. Visite possible uniquement après étude du dossier comprenant : - description de votre situation personnelle et professionnelle - pièce d'Identité - 2 derniers avis d'imposition - 3 derniers bulletins de salaire - Justificatif de domicile - 3 dernières quittances de loyer - Contrat de travail Cdi + Garants / Mêmes justificatifs ou assurances.",https://www.vizzit.fr/fr/property/appartement/lyon-7/Aslaz6bhsc1yjicq,,
Lyon 5ème (69005),720 €,36 m² - 1 pièce,"Point Du Jour - Joli T1 avec alcôve, comprenant une entrée avec carrelage, un séjour avec carrelage, kitchenette avec un frigo Top et une plaque élec. 2 feux , une alcôve avec carrelage et placard, salle de bains avec douche, Wc séparé. Appartement traversant. Zone soumise à encadrement des loyers : Loyer de référence (loyer hors charges) : 567.84€ / mois Loyer de référence majoré (loyer à ne pas dépasser) : 680.68 € / mois Complément de loyer : 0 € / mois Les informations sur les risques auxquels ce bien est exposé sont disponibles sur le site Géorisques : georisques. Gouv. Fr",https://www.vizzit.fr/fr/property/appartement/lyon-5/Agltb2nyyvfwri84,,
Lyon 6ème (69006),1 890 €,108 m² - 4 pièces,"Nous louons notre appartement situé au 4ème étage, avec ascenseur, d’un immeuble ancien du boulevard des Brotteaux dans le 6ème à Lyon, situé à proximité du parc de la Tête d’Or et à 10 minutes à pied de la gare de la Part-Dieu. Le loyer est conforme aux règles d’encadrement (location non-meublée), en vigueur à Lyon.",https://www.vizzit.fr/fr/property/appartement/lyon-6/A022io16wy85yctx,,
Lyon 2ème (69002),1 045 €,57 m² - 3 pièces,"Exclusivité - T3 Avec Balcon - 69002 LYON  Votre Cabinet Citya Barioz vous propose à la location au 35 rue Bichat, à Lyon (69002) à deux pas du tramway Place des Archives T1, cet appartement de 3 pièces nu de 57,83 m². Il se situe dans un immeuble sécurisée a... Voir plus sur citya.com",https://www.vizzit.fr/fr/property/appartement/lyon-2/Alni30uosie51n4x,,
Lyon 7ème (69007),1 017 €,19 m² - 2 pièces,"Conseil Or Immobilier agence Lyon vous propose en exclusivité : sur le commune de Lyon 7 ème, métro guillotiere et à 10 minutes à  pied de la place Bellecour, à  proximité immédiate des quais du Rhone, au 4 ème et dernier étage, appartement de type 2 de 50 m2 habitables. Ce bien est composé d'une pièce de vie avec cuisine équipée, d'un wc individuel, d'un espace nuit avec salle d'eau. Appartement équipée d'une pompe à chaleur air air ( chauffage hiver et climatisation l'été). Information légale : Les informations sur les risques auxquels ce bien est exposé sont disponibles sur le site Géorisques : tout de suite Loyer Hors charges : 972 eurosProvisions sur charges avec révision annuelle : 45 euros.Loyer charges comprises : 1017 euros.Honoraires location 425  (état des lieux offert)Dépôt de garantie : 1944  ( 1 mois de loyer hors charges )Dpe : Montant estimé des dépenses annuelles d'énergie pour un usage standard : Entre 700  et 1010  par an (abonnement compris). Consommation Logement D / rejet de gaz effet de serre B Prix moyens des énergies indexés au 1er janvier 2023.Pour Candidater : Cliquer sur ""Envoyer un message"" ou cliquer sur ""Contactez l'agence"". Vous recevrez un lien par mail et Sms pour pré valider votre dossier et obtenir un rendez-vous.- Information légale : Les informations sur les risques auxquels ce bien est exposé sont disponibles sur le site Géorisques : plus de détails ou demande de visite contactez l'agence .Vous souhaitez mettre en vente, en location ou en gestion votre bien, contactez nous pour une estimation gratuite sous 48H ! Loyer €1 017/mois charges comprises dont charges récupérables: €45/mois (Provisionnelles mensuelles avec régularisation annuelle) | Honoraires charge locataire: €425 Ttc | Dépôt de garantie: €1 944 | Lyon 07ème | Surface habitable: 50m²Nos honoraires",https://www.vizzit.fr/fr/property/appartement/lyon-7/Arsk12hecjllzu76,,
Lyon 2ème (69002),758 €,33 m² - 2 pièces,"Découvrez ce charmant appartement situé au cœur du quartier animé de Presqu'île - Centre ville - Cordeliers, à Lyon 2ème arrondissement. Niché rue de la République, cet espace de vie de 33 m² est idéal pour une personne seule ou un couple. Il comprend deux pi... Voir plus sur seloger.com",https://www.vizzit.fr/fr/property/appartement/lyon-2/Alcz9l7daheqzs5s,,
Lyon 7ème (69007),865 €,49 m² - 2 pièces,"A Louer: Lyon 7 , F2 , rue de Marseille - de 49.03m² Au coeur du quartier Guillotière, à proximité immédiate de Bellecour, découvrez cet appartement idéalement situé, avec transports en commun au pied de l'immeuble. Emplacement central et recherché, tout confort, nombreux rangements, équipé de double vitrage, cheminées apparentes. Situé au 3ème étage avec ascenseur, se composant comme s'ensuit : Une belle pièce de vie lumineuse avec cuisine équipée ouverte sur le séjour, d'une chambre, d'une salle d'eau avec Wc. Chauffage individuel Gaz. Nouveau Dpe en commande. Zone Soumise A L'encadrement Des Loyers Loyer de référence = 14.5 €/m² Loyer de référence majoré = 17.40 €/m² Les informations sur les risques auxquels ce bien est exposé sont disponibles sur le site géorisques :",https://www.vizzit.fr/fr/property/appartement/lyon-7/A67e10xlvc0qljk6,,
Lyon 7ème (69007),670 €,20 m² - Studio,"Studio meublé en rdc avec terrasse 12m² calme, immeuble sous vidéo surveillance. Le studio dispose : - d'une salle d'eau avec baignoire, lavabo et Wc, - d'une cuisine avec : - un évier, - deux plaques électriques, - un petit frigo, - un four à micro-ondes et Airfryer - une cafetière et une bouilloire - des rangements avec le matériel nécessaire de base pour la cuisine et pour la table, - une Tv - un bureau Commerce à proximité Transport en commun T1, T6, Métro",https://www.vizzit.fr/fr/property/appartement/lyon-7/Aivmy0ewjj4cppa8,,
Lyon 2ème (69002),850 €,29 m² - 1 pièce,"À louer Place Carnot, au cœur du 2ᵉ arrondissement de Lyon, magnifique appartement meublé de 29 m², situé au 3ᵉ étage avec ascenseur, dans un immeuble sécurisé. L’Appartement est entièrement rénové (travaux tout juste terminés) et bénéficie d’une exposition pl... Voir plus sur seloger.com",https://www.vizzit.fr/fr/property/appartement/lyon-2/Anvc9cywvnn04q1c,,
Lyon 7ème (69007),1 022 €,53 m² - 2 pièces,"Au 127 rue de Gerland, dans un secteur vivant et recherché du 7 € arrondissement, cet appartement de 52,66 m² est proposé en location meublée. Ici, tout se fait à pied. Les commerces de proximité, les cafés, les services du quotidien sont à quelques minutes, tout comme les stations de métro et les lignes de transports en commun, qui permettent de rejoindre rapidement le centre de Lyon, les universités ou les grands pôles d'activité. Un emplacement pratique, sans renoncer au confort. Dès l'entrée, l'appartement dégage une atmosphère simple et apaisante. Les volumes sont équilibrés, la circulation fluide, la lumière bien présente. La pièce de vie s'organise autour d'un espace salon confortable et d'un coin repas convivial, un lieu dans lequel on se projette facilement au quotidien. La cuisine ouverte, entièrement équipée, a été pensée pour un usage réel : fonctionnelle, bien intégrée, avec de vrais plans de travail et des rangements. La chambre, au calme, offre un espace nuit agréable, propice au repos, avec un espace bureau. Un dressing de belle taille est attenant La salle d'eau, récente et sobre, dispose d'une douche, d'un meuble vasque et d'un lave-linge. L'appartement bénéficie d'une vue dégagée, apportant une sensation d'ouverture et de respiration, appréciable dans ce quartier urbain. Un appartement meublé, soigné et prêt à vivre, idéal pour une personne seule ou un couple recherchant un cadre de vie confortable, bien situé et facile à vivre au quotidien. Logement sous garantie loyers impayés. Disponible à partir du 4 Mars 2026",https://www.vizzit.fr/fr/property/appartement/lyon-7/Av986a3th9kx9r3m,,
Lyon 3ème (69003),1 305 €,91 m² - 4 pièces,"Lyon 3, proche Part Dieu, secteur Villette : 5 rue Saint Eusèbe - Dans un quartier calme et une résidence sécurisée, appartement T4 meublé. Il se compose d'un grand séjour de plus de 25m², d'une cuisine séparée, de 3 chambres, d'une salle de bain, d'un W.C. Sép... Voir plus sur century21.fr",https://www.vizzit.fr/fr/property/appartement/lyon-3/A6z4uii51ian2din,,
Lyon 7ème (69007),1 000 €,56 m² - 3 pièces,"Sans frais d'agence. Loue T3 à 2minutes à pied de la place Jean Macé. A pied : Commerces, Bus, Tram, Métro, Gare Sncf. Immeuble de 6 étages. Appartement au 2e étage, interphone, ascenseur, cuisine, salle de bain, wc, 2 belles chambres et séjour. Bien isolé. Agence s'abstenir collocation acceptée 2 personnes avec garants obligatoires",https://www.vizzit.fr/fr/property/appartement/lyon-7/Aosb99iwx0kqlrow,,
Lyon 4ème (69004),860 €,36 m² - 2 pièces,"À deux pas de l’Hôpital de la Croix-Rousse et des transports ?, venez découvrir ce beau T2 cosy, situé au 2ᵉ étage (sans ascenseur) d’une petite copropriété au calme et sans vis à vis. ✨ L’appartement se compose de : ? Une entrée avec placard ? Une cuisine entièrement équipée : four, plaques, hotte, micro-ondes, frigo/congélo, lave-linge séchant, bouilloire, grille-pain, Dolce Gusto + kit ménage ?️ Un séjour chaleureux avec canapé, meuble Tv, Tv grand écran et table à manger ? Une salle de bain avec Wc (douche + meuble vasque) ?️ Une chambre avec lit 140x190 avec un beau dressing ? Une cave en plus ! ? Conditions : Loyer : 840 € / mois Charges avec régularisation annuelle Dépôt de garantie : 820 € Frais d’agence : 352,70 € État des lieux : 105,81 € ✅ Garantie Visale acceptée ✅ Apl individuelles possibles ⚡ Performance énergétique : Dpe : Classe C Ges : Classe A Dépenses énergie estimées : entre 530 € et 760 € / an ? Loyer encadré : Loyer de référence majoré : 673,66 € avec un complément de loyer : 146,34 € (lié aux prestations et à l’équipement) N’hésitez pas à me pour plus d’infos ou une visite ?? Une visite virtuelle est disponible à la demande !",https://www.vizzit.fr/fr/property/appartement/lyon-4/Aa8gjbtggvi0xrew,,
Lyon 3ème (69003),1 190 €,40 m² - Studio,"Bien rare à Lyon : studio meublé de 39,4 m² avec véritable hammam contemporain privatif pour 2 personnes. Appartement traversant Est/Ouest, situé en rez-de-chaussée d'une impasse calme dans le 3ᵉ arrondissement de Lyon, secteur Dauphiné-Lacassagne. ? Disposition : Le logement se compose d’une grande pièce principale avec plus de 2,8 m de hauteur sous plafond, intégrant un espace nuit ouvert, offrant une bonne circulation et une réelle sensation de volume. Cuisine ouverte entièrement équipée (réfrigérateur-congélateur, four traditionnel, plaque électrique 4 feux, micro-ondes/grill, table pour 4 personnes). Séjour meublé avec canapé, rangements et cheminée décorative (hors d’usage). ✨ Équipement exceptionnel : Salle d’eau avec véritable hammam contemporain privatif pour 2 personnes (186 × 84 cm), usage exclusif. Wc suspendu séparé. Fibre optique. Cave incluse dans la location. ? Environnement et transports : Moins de 5 min à pied : commerces (Super U, Carrefour City), bus C11, Tb12, 69. Moins de 10 min à pied : tram T3, bus C13, C16, MyDigitalSchool Lyon. Moins de 10 min à vélo : Université Lyon 3, Campus Sciences U, Faculté de Médecine Lyon Est, Gare Part-Dieu, centre commercial Westfield. Stationnement gratuit dans la rue. ? Encadrement des loyers : Loyer de référence : 732,84 € Hc Loyer de référence majoré : 878,62 € Hc Complément de loyer : 221,38 €, justifié par la présence d’un hammam privatif, équipement exceptionnel et non comparable aux logements standards du secteur Loyer hors charges : 1 100 € Charges forfaitaires : 90 € Loyer charges comprises : 1 190 € Dépôt de garantie : 2 mois de loyer hors charges (2 200 €). ? Diagnostics : Dpe : E Émissions de gaz à effet de serre : B Estimation des dépenses annuelles d’énergie : entre 760 € et 1 070 € ? Disponibilité : À partir du 20 février ou du 1er mars (à confirmer).",https://www.vizzit.fr/fr/property/appartement/lyon-3/A7xmmdwad92pl3s2,,
Lyon 6ème (69006),975 €,37 m² - 2 pièces,"Quartier résidentiel , commerces, prox Halles de Lyon, proche presqu'ile et part dieu, immeuble très bon standing et sécurisé, cuisine équipée, lave linge, réfrigérateur/congélateur, lit 160, grand dressing, salle d'eau, Tv.",https://www.vizzit.fr/fr/property/appartement/lyon-6/Aieocazkktyaxwx6,,
Lyon 6ème (69006),1 263 €,56 m² - 2 pièces,"Location d’un appartement refait à neuf en 2020 (beaux matériaux) situé au début du cours Lafayette dans le 6ème arrondissement de Lyon, d’une surface de 56m², dans un très bel immeuble bien entretenu au dernier étage avec ascenseur. Il comprend : - Grand salon avec cuisine ouverte totalement aménagée et équipée (four, plaques, hotte, lave-vaisselle, frigo avec congélateur) - 1 chambre - 1 salle de bain avec branchement pour machine à laver le linge - Wc séparés - Balcon avec vue sur Fourvière - Très lumineux – orientation sud - Chauffage individuel électrique - Parquet – cheminée – boiseries - Placards - Interphone et digicode – porte blindée - Cave + grenier Bail meublé, ajustument possible en fonction des besoins du locataire. Loyer : 1263 euros/mois Cc Disponible en Mars 2026",https://www.vizzit.fr/fr/property/appartement/lyon-6/Acmpe6kyitnjm7b0,,
Lyon 9ème (69009),485 €,21 m² - Studio,"Lyon 9ème. Studio lumineux à deux pas de la gare de Vaise: terminus du Métro Ligne D, des trains régionaux et de Nombreuses Lignes de bus. Studio situé Quartier Gare d'Eau - Pathé Vaise. Studio équipé d' une Kitchenette : avec plaques électriques et frigo et placards de cuisine . Grand placard penderie. Wc et douche . Cumulus électrique. Radiateur électrique à accumulation neuf . Fenêtre double vitrage, volet roulant neufs Studio repeint à neuf. Portes de l immeuble sécurisées par bips . Interphone . Situé au 1er étage sur 3 d'un immeuble ancien. Coté cour et orienté Ouest. Au calme",https://www.vizzit.fr/fr/property/appartement/lyon-9/A1kv2nxk426o1k3j,,
Lyon 9ème (69009),495 €,19 m² - Studio,"Studio non meublé, sans honoraire. Surface : 19 m² Loyer : 495 € cc Dpe E.",https://www.vizzit.fr/fr/property/appartement/lyon-9/Ao3kyk21ymerx1e9,,
Lyon 3ème (69003),1 340 €,76 m² - 3 pièces,"Appartement T3 meublé de 76 m², entièrement rénové en 2021, situé dans le quartier de Maison Neuve (69003) au début de la rue Feuillat. Le quartier vient d’être refait et bénéficie d’une excellente desserte grâce au Bhns reliant La Part-Dieu en moins de 10 minutes et au T3 accessible à pied en 5 min. Disponible à partir du Lundi 6 Avril 2026. Caractéristiques du bien - Appartement de 76 m² traversant Est-Ouest et très lumineux - Dpe classe C - Deux chambres côté cour (9 m² et 12 m²) - Cuisine moderne entièrement équipée ouverte sur le salon - Grande terrasse - Cave au sous sol - Garage fermé inclus - Grand local à vélos accessible aux résidents Conditions de location - Location meublée - Loyer : 1 340 € par mois, place de parking incluse et charges incluses (environ 120 €/mois incluant chauffage collectif). Visite possible des maintenant. Merci de vous présenter (situation, revenus, durée souhaitée) dans votre premier message.",https://www.vizzit.fr/fr/property/appartement/lyon-3/Avvqz8vcvm4ch3bb,,
Lyon 1er (69001),890 €,24 m² - 2 pièces,"Luxueux T1 bis refait à neuf en Janvier 2026. 14,2 m2 + 9m2 de mezzanine. Tout compris/prêt à vivre Secteur très recherché pente croix rousse / montée de la Grande côte. Tout compris : - Internet fibre haut débit (25 euros en sus) - Électricité - Chauffage - Eau froide et chaude - Charges copropriété - Taxe ordures ménagère - Literie haut de gamme neuve - Lave linge neuf - Canapé neuf - Nespresso - Bouilloire - Vaisselle neuve (couverts, ustensiles, casseroles, poêle Arthur Martin neuves….) - plaque vitrocéramique neuve - Nombreux rangements - Aspirateur / veleda …. Copropriété très calme « canu », très belle vue sur Lyon, 3,40 mètres de hauteur sous plafond. Urgent direct propriétaire !!! Poser vos affaires, dans ce cocon de bien être. Ps :canapé, verrière et rideau arrivant la semaine du 10 février. (Également porte blindée et fenêtre double vitrage neuve installé le 9 février) Loyer de référence majoré : 556,80 euros hors charges. Charges : 200 euros Complément de loyer : 224 euros (rénovation luxueuse, vue imprenable sur Lyon, toutes charges comprises (dont internet, électricité, chauffage…), tout équipé (lave linge, nespresso…)",https://www.vizzit.fr/fr/property/appartement/lyon-1/Ayssgs9lkh6i9ey4,,
Lyon 5ème (69005),780 €,52 m² - 2 pièces,"Particulier loue T2 de 52 m2 sur l'avenue Barthélémy Buyer à Lyon 5.Situé au 4ème avec interphone avec bus 45 et 55 au pied de la résidence ,le métro gorge de loup et accès au tunnel de Fourvière en 10mn .Il est clair et spacieux avec de nombreux rangements ainsi qu'un balcon sans vis à vis .Vous trouverez des commerces de proximité (Leclerc ,Auchan ,épiceries) accessible à pied. Loyer de 780 euros dont 160 euros de charges .",https://www.vizzit.fr/fr/property/appartement/lyon-5/A1tyxqcuy1wx7fo6,,
Lyon 5ème (69005),750 €,37 m² - 2 pièces,"Appartement T2 meublé, direct particulier. Situé aux alentours de la station Minimes - Théâtres Romains (F1). Cet appartement (2 pièces) propose d'un local de stockage. Surface : 37 m² Loyer : 750 € cc Dpe E.",https://www.vizzit.fr/fr/property/appartement/lyon-5/A0ndeciptakhjgse,,
Lyon 8ème (69008),560 €,18 m² - Studio,"Joli studio meublé et équipé de 18m2. Il se situe rue Santos Dumont, juste à côté de l’université Lyon 3, proche métro et trams. Il est situé au 1er étage d'une résidence sécurisée. Il est au calme, comme il donne sur le jardin de l’immeuble. Le studio est composé d’un hall, d’une pièce principale avec une cuisine équipée ainsi que d’une salle de douche avec Wc. Disponible à partir de début mars. Loyer: 510 euros + 50 euros de charges (Comprenant eau et charges de copropriété). Location uniquement à un étudiant avec caution solidaire des parents. Location directement avec le propriétaire, pas de frais d'agence.",https://www.vizzit.fr/fr/property/appartement/lyon-8/A8msf3eh1i21d2tx,,
Lyon 3ème (69003),1 475 €,69 m² - 3 pièces,"Au calme, dans le quartier recherché de Montchat, à proximité des hôpitaux, trés beau T3 meuble dans une résidence de standing (Cogedim), beau salon meublé cuir donnant sur une petite terrasse, deux chambres, salle de bain avec douche, cuisine équipée lave vaisselle, congélateur, réfrigérateur, four, vitrocéram, lave-linge, climatisation et alarme. Cave . Possibilité garage en sus au sous-sol. 1Er étage. 1450 euros mensuels Hc (sans frais d'agence)",https://www.vizzit.fr/fr/property/appartement/lyon-3/Aevxlu3cexaqxc0b,,
Lyon 1er (69001),747 €,46 m² - 3 pièces,A Louer Appartement Dans Petit Immeuble En Face De La Place Rouvil A Cote Du Jardin Des Plantes. Lumineux Tout Isole Avec Radieurs Performants Libre De Suite,https://www.vizzit.fr/fr/property/appartement/lyon-1/Axo212ihc0b6d2jc,,
Lyon 4ème (69004),790 €,33 m² - 1 pièce,"? Appartement T1 Meublé – 33 m² – Croix-Rousse Centre – Rue Celu ? Lyon 4ᵉ – cœur Croix-Rousse, proche commerces et transports À 2 min du métro et des bus, cet appartement lumineux au 4ᵉ et dernier étage (sans ascenseur) vous offre tout le confort pour vivre au cœur du quartier le plus recherché de Lyon. ✨ Le logement : Surface : 33,17 m² Loi Carrez Meublé et prêt à vivre Lit 140×190 Cuisine équipée : frigo, four, plaques à induction Lave-linge / sèche-linge inclus Nombreux rangements Fibre Internet Chauffage électrique individuel Eau chaude individuelle Très lumineux ? Loyer : 790 €/mois charges comprises (Charges : eau & électricité non incluses) ? Disponible immédiatement ? Location de particulier à particulier – sans frais d’agence ? Contact par message Leboncoin Loyer Hc : 760 € Loyer de référence Hc: 19,80€ / m2 Loyer de référence majoré Hc : 23,80 € / m2 soit 789,45 € Provisions sur charges : 30 € (régularisation annuelle - eau & électricité non incluses) Dépôt de garantie : 1200€ ? Dpe : D / Ges : B - Date de réalisation du diagnostic : Montant estimé des dépenses annuelles d'énergie pour un usage standard : entre 720 € et 1 020 € par an. Prix moyens des énergies indexés sur l'année (abonnements compris)",https://www.vizzit.fr/fr/property/appartement/lyon-4/Aqj42krs4gabbst9,,
Lyon 4ème (69004),1 200 €,80 m² - 3 pièces,"Je loue cet appartement de type loft industriel. Il est partiellement meublé (prévoir quelques ajouts de meubles), fait 80m² et est situé au 1er étage d'un immeuble de 1 étage, à Lyon (69004). Cet appartement comprend 1 chambre de type suite (salle de bain intégrée) et 1 bureau. La cuisine est équipée (équipement de haute qualité) et ouverte sur le séjour. L'appartement est situé en bord de quai de Rhône. Appartement disponible en mars (2026). Chauffage et clim réversible. C’Est un appartement calme situé à 2 pas du Parc de la Tête d'Or. Libre : 7 mars 2026 Loyer : 1200€ charges de location comprises (reste à charge : électricité, internet) Si cela vous intéresse : merci de m’indiquer votre situation professionnelle et si vous êtes déjà sur Lyon ou en cours de déménagement, la date souhaitée pour entrer dans les lieux. :) On pourra prévoir de s’appeler et une visite sur place dès la semaine du 23/02. Merci De Ne Pas M'appeler Directement. Possibilité de visite virtuelle Caution : 1 mois de loyer",https://www.vizzit.fr/fr/property/appartement/lyon-4/Am3iybxnzm88jt6g,,
Lyon 3ème (69003),950 €,42 m² - 2 pièces,"Louer t2 dans un maison indépendante appartement refait tout neuf quartier très calme 10 minutes à pieds de la gare de par Dieu bus,tramway devant la maison appartement loué à 950€ charges comprises",https://www.vizzit.fr/fr/property/appartement/lyon-3/Actl5x8xc0h0pj2d,,
Lyon 8ème (69008),520 €,24 m² - Studio,"Studio24 m2 dans résidence la pléiade (Lyon 8ème limite Lyon 3ème) Adresse : 71 Rue Marius Berliet proche manufacture de tabac (université Lyon 3) et faculté de médecine , pharmacie,, école infirmières Pas de frais d'agence Disponible à partir du Résidence sécurisée (gardien, vidéo-surveillance, contrôle d'accès) disposant de services de qualité (laverie, salle de sport, sauna, internet, parking). Résidence située à proximité du Lycée La Martinière-Montplaisir, proche du site de la Manufacture des Tabacs Lyon Iii, de Lyon Ii Bron et des Facultés de Médecine et de Pharmacie. Le bus, le tramway, le métro « Sans Souci » sont à proximité immédiate. Donne droit à l'ALS Les services : • Connexion internet : abonnement à prévoir • Espace détente • Salle de gym • Sauna • Laverie • Gardien / Gardiennage • Digicode / Interphone • Parking • Ascenseur Pièce principale : Une banquette lit (90x200 cm) avec dosseret version jour/nuit. Un grand bureau avec bibliothèque murale. Une table deux places + deux chaises. Une kitchenette équipée (évier, plaques électriques, réfrigérateur). Salle d’eau avec baignoire ou douche et Wc. Prises Tv et téléphone, compteur Edf individuel. À proximité du site de la Manufacture des tabacs Lyon 3. • À environ 500 m des nombreux commerces de l’Avenue des Frères Lumières. • À moins de 5 mn à pied de la station Jet d’Eau – Mendès France (Tramways T2 et T4) • À environ 15 mn à pied de l’Institut Lumière et de la Maison de la Danse. • À environ 10 mn à pied de la station de métro Sans Souci (Ligne D). • À 2 stations de métro de la faculté de médecine Laënnec – Université Lyon 1 • À environ 20 mn en tramway T2 du campus universitaire de Bron Lyon 2. • À environ 10 mn en voiture du campus universitaire de Bron Lyon 2. • À 4 stations de tramway T4 de la Gare de Lyon Part-Dieu. Loyer 520 euros charges comprises Visite sur Rdv",https://www.vizzit.fr/fr/property/appartement/lyon-8/Atlppowravyqix82,,
Lyon 1er (69001),700 €,13 m² - Studio,"Studio meublé rénové – 13,5 m² Carrez / 19,5 m² utiles À louer studio meublé de 13,5 m² loi Carrez (environ 19,5 m² de surface utile), rénové il y a 2 ans, dans un immeuble calme. Logement fonctionnel et bien agencé, idéal étudiant(e) ou jeune actif(ve). ? Pièce de vie meublée ? Kitchenette équipée ? Salle d’eau avec Wc ? Rangements optimisés ? Chauffage et eau chaude sanitaire électriques (individuels) ✔️ Studio meublé ✔️ Rénovation récente ✔️ Prêt à vivre ? Localisation : Lyon 1er ? Loyer : 650€ Hors charges ? Disponible : 02/2026",https://www.vizzit.fr/fr/property/appartement/lyon-1/An8s64ie41qtdbv1,,
Lyon 1er (69001),990 €,80 m² - 3 pièces,"A louer duplex en meublé composé d'un séjour avec cuisine américaine toute équipée (lave-vaisselle, four...), 2 chambres, salle de bain et Wc séparé avec lave linge. Très calme. 5Ème étage sans ascenseur Situé début des pentes, proche Terreaux. Proche commerces et toutes commodités.",https://www.vizzit.fr/fr/property/appartement/lyon-1/A2hbc9r0d9wv8or4,,
Lyon 1er (69001),1 100 €,45 m² - 2 pièces,"Bel appartement T2 de 45 m², entièrement meublé, dans une résidence neuve de 2022 aux très belles finitions, situé dans le quartier calme des Chartreux (Lyon 1er). Le logement : Situé au 1er étage avec ascenseur, l'appartement comprend un séjour lumineux avec cuisine ouverte et équipée (23 m²), une chambre de 12 m² avec lit et bureau, une salle de bain avec douche en marbre (4 m²), des Wc séparés et un espace de rangement. L'appartement dispose d'une loggia de 7 m² avec salon de jardin, offrant une vue dégagée sur une cour arborée au calme. Prestations haut de gamme : Parquet dans les pièces de vie, douche en marbre, robinetterie dorée, finitions soignées dans l'ensemble du logement. Résidence récente et sécurisée avec local vélo. Équipements inclus : Lave-linge, lave-vaisselle, micro-ondes, plaques de cuisson, réfrigérateur, Tv avec meuble Tv, canapé convertible, table basse, tapis, lit, bureau, salon de jardin sur la loggia. Tout le nécessaire de cuisine (vaisselle, ustensiles, etc.). Charges comprises dans le loyer : Internet haut débit, électricité et charges de copropriété (eau + chauffage) — rien à prévoir en plus. Transports & commodités : Arrêt de bus à 30 m. Stationnement possible dans la rue à proximité. Conditions du bail mobilité (avril 2026 — mi-octobre 2026, ~6,5 mois) : Le bail mobilité est destiné aux personnes en formation professionnelle, études supérieures, stage, engagement volontaire (service civique), mutation ou mission temporaire professionnelle. Garantie Visale exigée (garantie gratuite d'Action Logement couvrant les impayés — à obtenir avant la signature du bail sur [Url masquée pour votre sécurité]) Assurance habitation obligatoire à la charge du locataire (attestation à fournir à l'entrée dans les lieux) Informations tarifaires Loyer de référence majoré20,50 €/m²922,50 € Complément de loyer100,50 € Loyer hors charges1 023 € Forfait de charges (internet + élec + copro)77 € Loyer Total Charges Comprises1 100 € Justification du complément de loyer (100,50 €) : Loggia de 7 m² avec vue sur cour arborée Construction neuve 2022, finitions haut de gamme (parquet, marbre, robinetterie dorée) Appartement entièrement meublé et très bien équipé (lave-vaisselle, lave-linge, Tv, bureau, salon de jardin…) Surface habitable : 45 m² | Dpe : C | Étage : 1er avec ascenseur",https://www.vizzit.fr/fr/property/appartement/lyon-1/Azobguoig042hlh7,,
Lyon 8ème (69008),585 €,18 m² - Studio,"Particulier loue, sans intermédiaire, Joli studio meublé 18 m2 , clair, calme fonctionnel dans Résidence ""Major"" Jolie Vue sur parc intérieur privé clos et arboré. 7 étage Entree : séparée, serrure 3 points, targette Salle De Bain : grande baignoire Kitchenette : équipée 2 plaques, re+ placards + rangements Laverie : au rez de chaussée : 2 machines à laver et 1 sécheuse (payantes) Digicode : pour parc, garage velo Double Vitrage, bonne isolation Radiateur et cumulus electriques individuels Commerces : au pied de l'immeuble (intermarché) boulangeries, quartier sympa Tram 2 et 4 ( Mendes France) Bus C5 au pied de l'immeuble Fac Jean Moulin : à 9 minutes à pied Parc du Sergent Blandan à 3 minutes Conviendrait à personne non fumeuse et soigneuse Loyer: 539 € + charges (46 € eau comprise)+ 10 € taxe ordures ménagères Dossier locataire complet nécessaire avant toute visite ( revenus+ garant) Dossier Photos complet sur simple demande Aucun frais de visite, ou rédaction de bail, ou d'état des lieux à rajouter",https://www.vizzit.fr/fr/property/appartement/lyon-8/A339dm7kvu6ybrp8,,
Lyon 6ème (69006),1 389 €,69 m² - 2 pièces,Découvrez ce bel appartement T2 de 69.42m² idéalement situé au 114 rue Tronchet 2° étage avec ascenseur dans le très recherché 6ème arrondissement de Lyon il vous séduira par ses volumes et sa luminosité il offre une belle pièce de vie de 37 m² ouverte sur ... Voir plus sur laforet.com,https://www.vizzit.fr/fr/property/appartement/lyon-6/Akwno1hw10ic53tk,,
Lyon 5ème (69005),780 €,36 m² - 2 pièces,"Vieux Lyon, Saint Paul, T2 meublé, 36.25 m². Particulier loue Vieux Lyon 5eme, Saint-Paul, 13 montée Des Carmes Déchaussées, T2 meublé de 36.25 m², 2eme étage, sans ascenseur. Comprenant un séjour avec cuisine américaine. Elle est aménagée avec four, plaques de cuisson, frigo et lave-linge. Une chambre, une salle d'eau et un Wc séparé - chauf. Ind. Électrique, disponible début mars. Montant du loyer de référence majoré – 677.88 Montant du loyer de référence – 565.50 Montant du complément de loyer – 37.12 Loyer Eur 715 + 65 chg de copro soit 780 euros. Il reste à votre charge, électricité, eau et internet Dépôt de garantie : 1’430 Frais d’état des lieux 108 euros Particulier donc pas d’honoraires de location.",https://www.vizzit.fr/fr/property/appartement/lyon-5/A4a5km3tkr9izyto,,
Lyon 5ème (69005),1 090 €,49 m² - 2 pièces,"Au cœur du vieux Lyon en zone piétonne, quartier historique et très animé, loue T2 de 49,85m2. Logement entièrement meublé et équipé avec une grande pièce à vivre. Cuisine équipée avec lave vaisselle, lave linge. Grande hauteur sous plafond. 1Er étage. Entrée sécu... Voir plus sur seloger.com",https://www.vizzit.fr/fr/property/appartement/lyon-5/Aliwfupv8ghkm1hm,,
Lyon 6ème (69006),390 €,15 m² - Studio,"Appartement de 15 m2 à louer sur Lyon Situé : rue Montgolfier 69006 Lyon, au Rdc dans un immeuble sécurisé. Idéalement situé à coté du Parc de la Tête d'Or et proche de toutes les commodités. Studio meublé en rez-de-chaussée Chauffage individuel électrique. Lo... Voir plus sur seloger.com",https://www.vizzit.fr/fr/property/appartement/lyon-6/Aofncf4uyyd1dsk0,,
Lyon 2ème (69002),1 515 €,80 m² - 4 pièces,"Confluence - Cet appartement situé en étage élevé avec ascenseur est composé d'un séjour donnant sur un grand balcon au sud, de trois chambres, d'une cuisine équipée et moderne (plaques, four, frigo, lave-vaisselle, lave-linge). Il est sans vis à vis, traversant sud-... Voir plus sur seloger.com",https://www.vizzit.fr/fr/property/appartement/lyon-2/Awc93rx0i1cgkxhe,,
Lyon 2ème (69002),950 €,28 m² - 2 pièces,"Idéal Étudiant Beau studio meublé contemporain clair et calme à 30 mètres du métro Cordeliers (à proximité immédiate des bus, métro, boutiques etc) Cuisine intégrée, sdb avec vasque, douche, wc et lave-linge, séjour Tv lit double, belle hauteur sous plafond, rangements, coin bureau Loyer 950€ tout inclus (abonnements et consommations d’eau froide et eau chaude, chauffage, électricité wifi, charges d’immeuble) Visite tous les matins sur rdv par sms Étude dossier et réponse rapide sous 24h Merci de Venir à la visite avec votre dossier",https://www.vizzit.fr/fr/property/appartement/lyon-2/A1cbrlf4vt55wpss,,
Lyon 7ème (69007),1 600 €,78 m² - 4 pièces,"117 Boulevard Yves Farge à Lyon My Horea Partners vous propose à la location un très bel appartement type T4 entièrement meublé et équipé. L'appartement est situé au 10e étage avec ascenseur dans une résidence sécurisée et bien entretenue. Vous disposez d'une cuisine séparée et intégralement équipée, d'un séjour, trois chambres, buanderie, sdb et wc. Une grande terrasse, sans vis-à-vis, dessert la cuisine et le séjour. Vous disposez également d'une place de parking en sou-sol. Pour toute demande de visite, merci de Simon Croutte Zone Soumise A L'encadrement Des Loyers : Loyer de base : 10,80€/m² Loyer majoré : 13,00 €/m² Complément de loyer: 411,9 € comprenant la terrasse, le parking, Tv, machine à laver, sèche linge, balcon.",https://www.vizzit.fr/fr/property/appartement/lyon-7/Aui02d6p50u8enyw,,
Lyon 3ème (69003),810 €,38 m² - 2 pièces,"Appartement T2 meublé 38 m² – Lyon 3e – Métro Grange Blanche Description : À louer, appartement T2 meublé de 38 m², situé Lyon 3e, à proximité immédiate de l’hôpital et de l’arrêt de métro Grange Blanche. L’Appartement se trouve au 3ᵉ étage et se compose de : Une chambre séparée Un séjour agréable Une cuisine équipée Wc séparés Le logement est entièrement meublé et équipé, comprenant notamment : Four Plaque de cuisson Lave-linge Canapé Télévision Lit Meubles de rangement Décoration complète Idéal pour étudiant, interne, ou jeune actif recherchant un logement fonctionnel et prêt à vivre dans un secteur bien desservi.",https://www.vizzit.fr/fr/property/appartement/lyon-3/A9g2t3wyvaell63w,,
Lyon 7ème (69007),600 €,18 m² - Studio,"Je loue mon studio meublé de 18 m2 libre a partir du 6 Mars refait a neuf il y a 2 ans en 2023 il est dans une reidence etudiante au 2eme etages tres bien placé calme, avec un interphone, entrée securisé. Equipement frigo, plaques de cuisson, micro onde, vaisselle, canapé lit, étagere, sdb avec wc. Loyer 600 euros par mois, pour plus de renseignements me par mail ou par telephone",https://www.vizzit.fr/fr/property/appartement/lyon-7/Aajetdy16hoi001s,,
Lyon 3ème (69003),483 €,28 m² - 1 pièce,"36 Cours Eugenie Lyon 3, quartier Montchat, proche avenue Lacassagne, un appartement d'une pièce de 28.29 M2 en rez de chaussée dans petit immeuble ancien et comprenant une cuisine - séjour - salle de bains et Wc. Chauffage individuel gaz. Eau chaude individuelle électrique, eau froide individuelle. Disponible de suite , appartement soumis la garantie loyer impayé. Dpe ancienne version en F Loyer de référence : 497,90 euros Loyer majoré de 20% : 596,92 euros Merci de déposer votre dossier en ligne avant toute visite sur le site de l'agence. Loyer de 483,00 euros par mois charges comprises dont 20,00 euros par mois de provision pour charges (soumis la régularisation annuelle). Les honoraires charge locataire sont de 371,16 euros ( soit 13,12 euros/m² ) dont 85,72 euros pour état des lieux ( soit 3,03 euros/m² ). Logement consommation énergétique excessive. Montant estimé des dépenses annuelles d'énergie pour un usage standard : entre 950 et 1340 euros. Prix moyens des énergies indexés en 1946. Zone soumise encadrement des loyers. Le loyer de base du bien proposé est de 463 euros, le loyer de référence majoré (fixé par arrêté préfectoral) est de 596,919 euros",https://www.vizzit.fr/fr/property/appartement/lyon-3/A7fo14yu2o9bun10,,
Lyon 2ème (69002),2 733 €,165 m² - 5 pièces,"Appartement de Prestige au Cœur de la Place Bellecour - Situé 2 place Bellecour, cet appartement d'exception offre une vue imprenable sur la place Bellecour. Il se compose d'un superbe salon doté d'un parquet Versailles et d'une cheminée décorative, de trois chambres (dont une grande chambre avec vue sur la place et deux autres au calme, côté cour), ainsi que d'un petit bureau. La spacieuse cuisine équipée comprend une hotte, une plaque induction 4 feux, un four, un réfrigérateur-congélateur et un lave-vaisselle. L'espace nuit dispose d'une salle de bains avec Wc, d'une salle d'eau et d'un Wc indépendant. Le chauffage et l'eau chaude sont individuels gaz, et l'eau froide est également individuelle. Zone soumise encadrement des loyers. Loyer + complément de loyer :2452 € + 173 € Loyer de référence : 2038.11 € Loyer de référence majoré : 2452.36 € Complément de loyer : 173 € Si ce bien vous intéresse, nous vous invitons déposer votre dossier de candidature sur notre site . Loyer de 2 733,00 euros par mois charges comprises dont 108,00 euros par mois de provision pour charges (soumis la régularisation annuelle). Les honoraires charge locataire sont de 2 173,98 euros ( soit 13,12 euros/m² ) dont 502,07 euros pour état des lieux ( soit 3,03 euros/m² ). Montant estimé des dépenses annuelles d'énergie pour un usage standard : entre 2020 et 2780 euros. Prix moyens des énergies indexés en 2021. Zone soumise encadrement des loyers. Le loyer de base du bien proposé est de 2625 euros, le loyer de référence majoré (fixé par arrêté préfectoral) est de 2452,36 euros et le complément de loyer est de 173 euros par mois.",https://www.vizzit.fr/fr/property/appartement/lyon-2/Aago8724n6sm25n1,,
Lyon 3ème (69003),727 €,30 m² - 2 pièces,"Appartement T2 Recent Meuble - 69003 - Appartement T2 Recent Meuble - 92 bis cours Richard Vitton 69003 Anjalys vous propose à la location un appartement de type 2 meublé de 30,32m2 situé au 2ème étage d'un immeuble sans ascenseur. Le bien se compose d'une entrée, un séjour lumineux, une cuisine ouverte aménagée et équipée (plaques de cuisson, four, frigo, hotte, etc), une chambre avec rangements et une salle d'eau avec Wc. Chauffage et eau chaude individuel électrique. Eau froide individuelle également. Les informations sur les risques auxquels ce bien est exposé sont disponibles sur le site Géorisques Pour visiter ce bien, veuillez directement déposer un dossier de candidature sur notre site internet groupe anjalys, pour cela, vous devez aller dans l'onglet Louer, sélectionner l'annonce et cliquer sur ""déposer mon dossier"". Contact - Appartement soumis à l'encadrement des loyers. Loyer de référence : 472,99€. Loyer majoré : 566,98€. Complément de loyer : 125,02€. Loyer de 727,00 euros par mois charges comprises dont 35,00 euros par mois de provision pour charges (soumis à la régularisation annuelle). Les honoraires charge locataire sont de 394,16 euros ( soit 13,00 euros/m² ) dont 91,87 euros pour état des lieux ( soit 3,03 euros/m² ). Dpe Ancienne Version. Montant estimé des dépenses annuelles d'énergie pour un usage standard : 815 euros. Zone soumise à encadrement des loyers. Le loyer de base du bien proposé est de 692 euros",https://www.vizzit.fr/fr/property/appartement/lyon-3/Axyy5t5t43ntmw3t,,
Lyon 4ème (69004),834 €,30 m² - 1 pièce,"Appartement de 30 m² à louer sur Lyon Très bel appartement - 30 m² - centre ville (30 mètres du métro Hôtel de ville). 3 fenêtres, une cuisine, une salle de bain avec grande douche, une salle à manger / chambre, un salon. Situé au 5ème et dernier étage de l'imm... Voir plus sur lesiteimmo.com",https://www.vizzit.fr/fr/property/appartement/lyon-4/Akdgpcfaxljoc5e3,,
Lyon 9ème (69009),730 €,37 m² - 2 pièces,"Appartement T1 bis de 37,65 m2 au 3ème étage situé rue du 24 mars 1852 - Lyon 9ème Appartement construit en 2007. L'appartement est un 2 pièces : 1 séjour kitchenette (équipé réfrigérateur et plaques de cuisson) et 1 chambre avec sdb douche. Le chauffage est un chauffage individuel électrique. L’Eau chaude est assurée par un cumulus. L’Appartement a été repeint en août 2022. Dpe = Classe E 281 kWhep/m2.an, Classe C 14 kgéqCO2/m2.an Loyer appartement = 680 euros Charges = 50 euros Frais de dossier = 200 euros. Pièces à fournir : - Pièce d'identité - 3 derniers bulletins de salaire - Contrat de travail - Dernier avis d'imposition - Attestation allocations familiales s'il y a lieu - 3 dernières quittances de loyer ou attestation hébergement ou taxe foncière",https://www.vizzit.fr/fr/property/appartement/lyon-9/A7ao60oh3wrubpz0,,
Lyon 8ème (69008),875 €,41 m² - 2 pièces,"Appartement de 41 m2 à louer sur Lyon Appartement T2 - 41m2 - Meublé Appartement situé Rue Croix barret, Lyon 69008 au 2ème étage dans un immeuble collectif (R+3) en copropriété et d'une surface habitable de 41m2. Dans cet appartement, vous trouverez une belle pi... Voir plus sur seloger.com",https://www.vizzit.fr/fr/property/appartement/lyon-8/Ax1lvgqvopj0cuxn,,
Lyon 8ème (69008),810 €,54 m² - 2 pièces,"Appartement 2 pièces Lyon 8ème - Oralia vous propose la location au 135 rue de Montagny Lyon 8ème, un appartement 2 pièces de 54.91 m² situé au 4ème étage sans ascenseur. Il comprend un hall d'entrée, un séjour, une cuisine, une chambre, une salle de bain et des toilettes séparés. L'appartement bénéficie d'un balcon. Une cave et un parking complète ce bien. Chauffage collectif Eau froide collective Eau chaude individuelle gaz Libre Le Plus De Photos A Venir Important ! Pour vous permettre de visiter le bien il convient de déposer votre dossier au préalable sur notre site lien directement sur l'annonce. Loyer de 810,00 euros par mois charges comprises dont 160,00 euros par mois de provision pour charges (soumis la régularisation annuelle). Les honoraires charge locataire sont de 720,42 euros ( soit 13,12 euros/m² ) dont 166,38 euros pour état des lieux ( soit 3,03 euros/m² ). Dpe Ancienne Version. Montant estimé des dépenses annuelles d'énergie pour un usage standard : 885 euros. Prix moyens des énergies indexés en 2015. Zone soumise encadrement des loyers. Le loyer de base du bien proposé est de 650 euros, le loyer de référence majoré (fixé par arrêté préfectoral) est de 719,321 euros",https://www.vizzit.fr/fr/property/appartement/lyon-8/Asat2m0qj6x86qk0,,
Lyon 7ème (69007),1 060 €,56 m² - 2 pièces,"Grand T2 56m2 traversant est-ouest Clair sans visà-vis, 3e étage ascenseur Dans copropriété très bien entretenue avec gardien 1 grand séjour 20 m2 parquet chêne et Terrasse 5 m2 sans vis-à-vis 1 grande chambre 13 m2 parquet chêne au calme, côté cour Cuisine indépendante non équipée Salle de bains avec fenêtre Wc séparés 3 placards porte blindée 1 cave 1 local vélos Autres photos sur demande Libre au 9 février Proche place Saint Louis, métro Saxe et Garibaldi, tram, bus, station Velo'v Proche commerces et Parc Blandan",https://www.vizzit.fr/fr/property/appartement/lyon-7/A5mtqd5icc8i9a3i,,
Lyon 8ème (69008),730 €,34 m² - Studio,"T1 de 34m²entièrement meublé A louer appartement meublé de 34m², situé 20 rue Paul Cazeneuve. Immeuble des 90s avec ascenseur. Description Pièce de vie avec : - Lit double, - Canapé, - Kitchenette équipée, - Lave-linge - Une salle d’eau avec W.C. Une entrée avec une grande armoire penderie Possibilité de louer en sus un box garage au niveau -2 de la résidence. Quartier A proximité immédiate : - Des commerces : intermarché, Liddle, Aldi, Boulangerie …, - Tram T2 (Perrache, Grange Blanche, hôpitaux), arrêt Villon / Bachut - Tram T4 (Part-Dieu, Lyon 3, Doua, Insa Lyon), arrêt Lycéée Lumière - Station de vélo’v en bas de l’immeuble - Arrêt de bus au pied de l’immeuble Loyer 730€ dont 20€ de charges mensuelles incluant l’eau froide. Dpe : C Merci de me communiquer votre dossier sur DossierFacile. Visite possible en cas de dossier complet. Merci de m’indiquer si le garage en sus vous intéresse.",https://www.vizzit.fr/fr/property/appartement/lyon-8/Atkdlodjwaa5stp6,,
Lyon 8ème (69008),740 €,24 m² - 2 pièces,"Appartement de 24 m2 à louer sur Lyon Appartement à louer 740 € charges comprises 24 ,04 m2 avec Cave Cet appartement est situé impasse Gantz à Lyon 8e à 10 minutes à pieds de l'arrêt de métro D Mermoz Pinel.?L'appartement se situe au 1e étage sans ascenseur d... Voir plus sur seloger.com",https://www.vizzit.fr/fr/property/appartement/lyon-8/Amubrym5v1fko2q5,,
Lyon 3ème (69003),920 €,43 m² - 2 pièces,"Appartement de 43 m2 à louer sur Lyon Appartement de type T2 (1 chambre) de 43m2 situé au 7 ème étage et dernier étage avec ascenseur. Salon/Cuisine ouvert, avec une baie vitré donnant sur un balcon de 13m2 avec vue imprenable sur Lyon. L'appartement donne ... Voir plus sur seloger.com",https://www.vizzit.fr/fr/property/appartement/lyon-3/Arpxalddhw5gdtkt,,
Lyon 5ème (69005),949 €,34 m² - 1 pièce,"Lyon - Saint Georges Rare ! Au c½ur du quartier calme et recherché du Vieux Lyon, très bel emplacement pour cet appartement rénové au dernier étage avec vue sur la Saône. Ce bien T1 bis de 46 m² (34 m² Carrez) vous offre un grand séjour avec cuisine ouverte amé... Voir plus sur seloger.com",https://www.vizzit.fr/fr/property/appartement/lyon-5/Azuqc4sxbp5b313k,,
Lyon 5ème (69005),1 080 €,40 m² - 2 pièces,"Loue appartement de 40m2 en rez de jardin entièrement rénové en 2024 par des artisans. Situé dans une résidence de standing au calme au milieu d’un parc arboré. L’Appartement très lumineux (2 fenêtres + 1 baie vitrée) est composé de : • cuisine ouverte entièrement équipée (frigo avec partie congélateur, plaque induction, hotte aspirante, four conventionnel, four micro onde, lave vaisselle, lave linge, ustensiles de cuisine, vaisselle, placards de rangement) •halle d’entrée avec placards de rangement. • chambre avec lit double,et dressing. • salle de bain avec douche italienne. L’Appartement de plain pied donne sur un jardin privatif arboré avec une belle terrasse en bois. Sa situation est idéale avec tous les commerces du point du jour à 8 min à pied. Place de parking à l’intérieur de la résidence sécurisée Cave",https://www.vizzit.fr/fr/property/appartement/lyon-5/A8ydxp4q5g7o0f2z,,
Lyon 1er (69001),650 €,28 m² - Studio,"Appartement de 28 m2 à louer sur Lyon À Louer – Studio avec mezzanine – Lyon 1er, Hôtel de Ville – 28 €m² – 600 €€/mois Idéalement situé dans le centre historique de Lyon, à deux pas de la Place des Terreaux et de l'Hôtel de Ville, ce charmant studio de 28 €... Voir plus sur seloger.com",https://www.vizzit.fr/fr/property/appartement/lyon-1/A8gce0bpmbyo3d1y,,
Lyon 8ème (69008),615 €,30 m² - Studio,"59 boulevard Ambroise Paré, studio au 2eme étage composé d'une entrée avec placard, d'une pièce de vie lumineuse, d'un espace cuisine équipée, d'une salle de bain avec branchement machine laver. Place de parking n°5 en sous-sol. Loyer de référence : 477.71 € Loyer de référence majoré : 573.25 € Déposez votre dossier de candidature sur . Loyer de 615,00 euros par mois charges comprises dont 42,00 euros par mois de provision pour charges (soumis la régularisation annuelle). Les honoraires charge locataire sont de 404,36 euros ( soit 13,12 euros/m² ) dont 93,38 euros pour état des lieux ( soit 3,03 euros/m² ). Montant estimé des dépenses annuelles d'énergie pour un usage standard : entre 670 et 960 euros. Prix moyens des énergies indexés en 2021.",https://www.vizzit.fr/fr/property/appartement/lyon-8/Amj9jboq19ed7oir,,
Lyon 6ème (69006),630 €,21 m² - Studio,"Studio meublé 21m2, refait a neuf en 2022, Lyon 6eme Vitton/Tête d’Or, au calme dans cour intérieure au 1er étage. Digicode. Au pied du Métro Masséna. Double vitrage. Cuisine équipée, hotte, combiné four et micro onde, réfrigérateur avec congélateur, plaque induction, lave linge, salle d’eau avec douche et wc, cumulus, Chauffage électrique. Bureau, placard, table bar avec tabourets. Canapé lit convertible très confortable et pratique. Tous commerces a proximité. Superette, Resto, Poste, Cinéma… Loyer : 610€ + charges copro 20€, et l’eau, électricité et Internet, à charge du locataire. Frais de bail et état des lieux à la charge du locataire : 290 €. Possibilité de parking (box) en rdc dans l’immeuble en supplément (140€/mois). Dépôt de garantie : 1 mois de Loyer. Libre a partir du . Merci de remplir votre profil locataire sur le bon coin, sinon je ne pourrais vous . Un dossier complet sera demandé avec caution solidaire lors des visites.",https://www.vizzit.fr/fr/property/appartement/lyon-6/A7x7tvpthvhwxfg3,,
Lyon 3ème (69003),795 €,26 m² - Studio,"Appartement de 26 m2 à louer sur Lyon A Louer – Disponible Immediatement 5e étage avec ascenseur Studio dans quartier résidentiel calme et agréable de la Préfecture (Lyon 3e). Proche Presqu'île (quartiers Bellecour et Cordeliers à 10 mn à pied), transports ... Voir plus sur seloger.com",https://www.vizzit.fr/fr/property/appartement/lyon-3/Av9zuzp55vsv3wzo,,
Lyon 5ème (69005),775 €,27 m² - 2 pièces,"Bel appartement quai de Saône, proche à pied du vieux Lyon, du Conservatoire National de musique ou de Gorge de Loup. L'appartement est entièrement meublé & équipé. Salon/Salle à manger avec canapé-lit, meubles, Tv. Cuisine avec frigo, lave-vaisselle, four, vaisselle, plaques chauffantes. Salle de bain/WC avec douche à l'italienne. Chambre en mezzanine avec lit 2 places. Lave-Linge Chauffage collectif au gaz Au 2ème étage avec ascenseur dans résidence sécurisée. Disponible début Avril 2026. Visite sur dossier accepté avec garantie visale.",https://www.vizzit.fr/fr/property/appartement/lyon-5/A2yieypg9130kbah,,
Lyon 4ème (69004),680 €,10 m² - 1 pièce,"Plein Coeur De La Croix Rousse - 26 rue Jean Baptiste Say, Lyon 1, proche métro Croix Rousse, Pour Co Location, Dans Un Appartement A Partager, une chambre meublée N°1 (donnant sur rue) d'une surface de 10.66m2, située, dans un appartement entièrement meublé (d... Voir plus sur seloger.com",https://www.vizzit.fr/fr/property/appartement/lyon-4/A3nndnjjw4fb1dgo,,
Lyon 2ème (69002),890 €,35 m² - 2 pièces,"Merci d’envoyer, lors de votre premier message, le lien vers votre dossier candidat créé sur le site officiel DossierFacile : [Url masquée pour votre sécurité]/ Les messages sans dossier ne pourront pas être traités. À louer, appartement T2 meublé, lumineux et sans vis-à-vis, situé au 5ᵉ et dernier étage avec ascenseur. Il se compose de : - Une pièce principale avec salon, espace bureau et cuisine neuve (avril 2025) - Une chambre avec dressing - Une salle de bain avec rangements et lave-linge séchant - Un Wc séparé Surface : - 35 m² en surface au sol - 54 m² en surface totale Loyer : 890,5 € charges comprises Charges incluses : - Charges de copropriété récupérable - Teom - Box internet Libre au 3 Mars 2026",https://www.vizzit.fr/fr/property/appartement/lyon-2/A6izi1yggceoxqws,,
Lyon 3ème (69003),1 100 €,46 m² - 2 pièces,"À louer, appartement T2 meublé de 46 m² situé au 4ᵉ étage sans ascenseur, à 100 mètres du métro Sans-Souci et du tramway, à proximité immédiate des commerces. Appartement lumineux avec vue dégagée et balcon d’environ 3 m², offrant le charme de l’ancien (parquet, moulures, cheminée décorative). Il se compose de : • Un séjour spacieux • Une chambre indépendante (sur cour) • Une cuisine équipée (réfrigérateur, plaques, hotte, micro-ondes, lave-vaisselle) • Une salle d’eau avec machine à laver • De nombreux rangements et placards intégrés Fibre optique installée. Appartement loué entièrement meublé. Dpe : D Disponibilité : immédiate Loyer : 1 100 € charges comprises Location en direct propriétaire (pas de frais d’agence). Premier contact uniquement par mail via Leboncoin. Merci à vous.",https://www.vizzit.fr/fr/property/appartement/lyon-3/A4su5216knod8z3w,,
Lyon 7ème (69007),710 €,25 m² - 2 pièces,"Loue T1 en duplex au 1er étage. Cuisine lumineuse (deux fenêtres), meublée/équipée (hotte, plaque induction, évier) salle d'eau avec wc - En duplex : un dégagement aménageable (rangements, dressing, bureau...) et une chambre isolée par une porte. Chauffage électrique individuel. Eau chaude à la charge du locataire (eau froide comprise dans les charges). Immeuble proche de toutes les commodités (métro, tramway, commerces).",https://www.vizzit.fr/fr/property/appartement/lyon-7/Avvhecwtucm00e10,,
Lyon 8ème (69008),940 €,60 m² - 3 pièces,"Bel appartement avec 2 chambres, possibilité pour 3 chambres dans une résidence sécurisée(caméra, portail électrique) proche des transports en commun (arrêt Laënec) et des surfaces commerciales (Carrefour, Ikea, Leroy Merlin, etc). Chauffage inclus. Dpe en cours. Prix: 940 Euros, chauffage collectif compris. Garant exigé.",https://www.vizzit.fr/fr/property/appartement/lyon-8/A9c0mt9e8ff2e0ie,,
Lyon 3ème (69003),710 €,37 m² - 2 pièces,"2 pièces lumineux, Nombreux rangements Sdb (baignoire) Cuisine équipée (four, plaques gaz)",https://www.vizzit.fr/fr/property/appartement/lyon-3/Amnofezh4e4dfd29,,
Lyon 9ème (69009),900 €,50 m² - 3 pièces,"Ce lumineux T2 de 50 m2 est constitué d'un salon avec alcôve, une chambre spacieuse avec un grand dressing, une cuisine équipée (frigo, plaque vitrocéramique & four et lave-linge), une salle de bain avec baignoire et une entrée avec placard de rangement. L’Appartement est traversant est-ouest, au 3e et dernier étage d’un immeuble à digicode, il offre des vis-à-vis agréables sur un quartier de plus en plus dynamique et vert. Nous venons de réaliser des travaux d’isolation et le chauffe-eau est neuf ainsi que les radiateurs à inertie (connectés) assurent un chauffage doux et non asséchant. L’Accès internet est en Adsl, la fibre est en cours de raccordement. Le quartier est calme, avec des plupart des commerces à proximité immédiate ou à 10 min à pied autour de la Gare de Vaise. Bus et stations Velov’ à proximité. Entre la Saône à deux pas, l'île Barbe à 30 min à pied (15 min à vélo) ou les Monts d'or à 15 min en bus, le grand air n'est pas loin ! Le loyer mensuel est de 900 €, incluant les charges de copropriété (nettoyage, eau sanitaire) de 85 €. La caution est de 2 mois de loyers (sans les charges), soit 1 630 € (encaissée). Cet appartement est idéal pour un couple. Nous planifierons une visite suite à réception et étude du dossier complet à envoyer par mail à : - Pièce d’identité - 3 dernières quittances de loyer (le cas échéant) - Contrat de travail - Avis d'imposition 2024 - 3 derniers bulletin de salaire - Attestation de simulation aide au logement Caf (le cas échéant) - Engagement de caution solidaire avec justificatifs suivants o Pièce d’identité o Attestation domicile o Contrat de travail o 3 derniers bulletin de salaire o Avis d'imposition 2024 Le logement est disponible fin février. Alice et Grégoire",https://www.vizzit.fr/fr/property/appartement/lyon-9/Ax0cc9ef3xl47sga,,
Lyon 9ème (69009),1 160 €,60 m² - 3 pièces,"Appartement 3 pièces 60m² Disponible à partir du 16 février 2026. Appartement rue de la Claire, à 100m de l’arrêt de métro Gare De Vaise et 50m de la place de Paris. 1Er étage. Belle hauteur sous plafond, beaucoup de cachet Bon état. 1 grande entrée pouvant servir de salle à manger, 2 chambres (dont 1 avec dressing dans l’alcôve), 1 salon, 1 cuisine, Wc séparé. Equipement du logement : - Four, - Hotte, - Plan de travail avec évier - Réfrigérateur/Congélateur - Rideaux occultants - 1 lit double - 1 table de nuit - 1 table de salle à manger - 4 chaises - Lave-vaisselle 6 couverts - Vaisselle pour 6 couverts Chauffage individuel électrique, ballon d’eau chaude 200L, nombreux rangements. Visites exclusivement sur Rdv Pièces constitutives du dossier de location : - 3 derniers bulletin de salaire (ou tout autre justificatifs de revenus des 3 derniers mois) - Dernier avis d’imposition sur le revenu - Copie d’une pièce d’identité - Garant : mêmes pièces demandées que celles ci-dessus Loyer 1100€ + provision pour charges : 60€ Total : 1160€ Format du bail : bail meublé Collocation possible Dépôt de garantie : 1100€",https://www.vizzit.fr/fr/property/appartement/lyon-9/A2vf62jjojt9uubs,,
Lyon 7ème (69007),1 100 €,66 m² - 2 pièces,"Loue appartement meublé T2 de 66 m2 . La situation est idéale et centrale: 5 minutes des quais du Rhône, 10 minutes de Bellecour, 10 min de Part dieu en Tram ou métro. Situé au 4eme étage avec ascenseur, l’appartement est lumineux avec une orientation sud et un parquet chêne dans toutes pièces (sauf cuisine et sdb). Cuisine toute équipée Ameublement de qualité et décoration soignée : Canapé convertible, coin salle à manger… Dossier complet à envoyer avant visite (Contrat de travail, avis d’imposition, bulletins de paie, garant…) Pas de frais d’agence Disponibilité à partir du 01 mars 2026 Pas De Collocation Possible Loyer : 1050 euros + 50 euros de charges (charges parties communes)",https://www.vizzit.fr/fr/property/appartement/lyon-7/Afjp3q2lu55t27nj,,
Lyon 6ème (69006),1 023 €,54 m² - 2 pièces,"Lyon 6 : Proche Charpennes 20 petite rue de la Viabert, rue calme, dans une copropriété propre : Appartement lumineux T2 entièrement refait à neuf, meublé composé d'une entrée, d'une grande pièce à vivre, d'un coin cuisine, d'une chambre, d'une salle d'eau, ... Voir plus sur seloger.com",https://www.vizzit.fr/fr/property/appartement/lyon-6/Ap1vxu7xvnxncroq,,
Lyon 3ème (69003),810 €,45 m² - 2 pièces,L’Appartement se situe au 2ème étage dans un immeuble sécurisé (Vidéophone). Construction suivant Norme Rt2005 Très bien desservi : Entre les arrêts Metro Saxe Gambetta et Metro Garibaldi L'appartement se compose de: -Séjour/cuisine de 25m² avec cuisine equipée -une salle de bain de 2.75m² avec sèche serviettes -Hall entrée 6.7 m² -Chambre+Placard 9m² -Terrasse 4m² -Volets roulant Pvc électrique -Chauffage individuel électrique par radiateur à fluide caloporteur en acier laqué avec thermostat -Surface utile 45 m²,https://www.vizzit.fr/fr/property/appartement/lyon-3/Awpb4dfgxvifxp1r,,
Lyon 3ème (69003),1 100 €,50 m² - 3 pièces,"Lyon 3 / Square Sainte Marie Perrin Votre agence Century 21 Part-Dieu vous propose ce joli T3 meublé à la location. Le bien se compose d'une pièce à vivre avec cuisine ouverte, d'une chambre avec balcon donnant sur une vue dégagée, une seconde chambre avec des rangements et une salle de bain avec W.C. Séparés. Honoraires locataires : 650.0 euros Dont : - Visite, constitution dossier, rédaction de bail : 500.0 euros - Etablissement état des lieux : 150.0 euros - Dépôt de garantie : 2040.0 euros Location Meublée, Loyer 1100.0 euros /mois C.C dont complément de loyer : 175.0 euros, dont charges mensuelles : 80.0 euros, régularisation mensuelle",https://www.vizzit.fr/fr/property/appartement/lyon-3/Aipfbqm2qab9aja6,,
Lyon 8ème (69008),920 €,27 m² - 2 pièces,"Appartement T2 meublé de 27 m2. Terrasse fermée en rez-de-jardin, jardin d'immeuble fermé et sécurisé. Parking privatif en sous-sol. Résidence calme située dans le 8e à proximité du Bachut et de toutes les commodités (bus, métro, tram, commerces et autres distractions, Université Lyon 3, Iae, La Martinière Monplaisir, le tout à quelques minutes). Séjour avec bureau, table, canapé convertible, chaises, placard, bibliothèque. Partie cuisine équipée avec plaque vitrocéramique, micro-ondes, hotte, réfrigérateur, machine à laver. Chambre avec 2 lits, chevet, bibliothèque. Salle d'eau avec douche, Wc, sèche-serviette. Placard mural à l’entrée. Le loyer est de 920 euros avec le parking les frais de copropriété et l’eau. L’Électricité est à la charge du locataire. Dépôt de garantie : 1840 euros et dossier de location complet Merci aux agences immobilières de s'abstenir.",https://www.vizzit.fr/fr/property/appartement/lyon-8/Aiffarr25dctkohp,,
Lyon 3ème (69003),650 €,18 m² - Studio,"Studio en résidence sécurisé avec gardien Situé au 28 rue des rancy lyon 3 ?️ Cadre De Vie Quartier calme, commerçant et résidentiel. A proximité carrefour city, super U, Lidl… ? A 5 minutes Metro lignes B et D (arrêts Garibaldi, Saxe Gambetta) A 7 min Tram T1 (Place Guichard) Gare de la Part Dieu à 8 min à pied A 3 min Bus C25 (Arrêt Rancy), A 6 min des bus C4 et C14 ??‍♂️ Station vélo’v au pied de l’immeuble Loyer : 650euros comprenant les meubles et équipements dont 50 euros de charges comprenant l'eau froide + communs. Disponible mars 2026",https://www.vizzit.fr/fr/property/appartement/lyon-3/Ae0qr2zkyyshqbjl,,
Lyon 3ème (69003),1 095 €,58 m² - 2 pièces,"Cours Lafayette, entre la rue Vendôme et la rue de Créqui — limite 6ᵉ — disponible mi-mars Beau T2 de 58 m², traversant. Cuisine indépendante, salon et salle à manger. Entrée avec placard mural. Salle de bain avec baignoire. Wc indépendants. Situé au 6ᵉ étage. Baies vitrées et fenêtres double vitrage neuves. Cave. Immeuble années 1960 bien entretenu, avec ascenseur et cour intérieure. État impeccable. Eau et chauffage au sol collectifs. Possibilité de racheter la cuisinière et le lave-vaisselle aux locataires sortants. Références et cautions exigées. Loyer : 940 € + provision de charges : 155 €/mois, soit 1 095 € au total.",https://www.vizzit.fr/fr/property/appartement/lyon-3/Aqpzidnde49wmgtt,,
Lyon 3ème (69003),1 750 €,85 m² - 3 pièces,"Appartement meublé 85 m² avec deux balcons et vue dégagée – Lyon 3e (Servient) À louer, appartement meublé de 85 m² situé dans le 3e arrondissement de Lyon, secteur Servient, au 8e étage sur 9 avec ascenseur. L’Appartement bénéficie d’une vue dégagée sans vis-à-vis et d’une belle luminosité. Il se compose d’un grand salon donnant accès à un premier balcon, d’une cuisine indépendante équipée, d’un couloir desservant deux chambres, d’une grande salle de bain avec baignoire et double vasque disposant d’un second balcon avec vue, d’un placard dressing et d’une buanderie. Annexes et prestations : cave, local à vélos, cour intérieure, chauffage collectif, immeuble avec ascenseur. Emplacement recherché, avec le tramway au pied de l’immeuble, le métro B et la place Guichard à proximité immédiate. Vue dégagée sur la Préfecture et les toits lyonnais. Location meublée. Tous les meubles visibles sur les photos ne resteront pas, les éléments inclus seront précisés lors des visites. Loyer mensuel : 1 750 € Charges mensuelles : 200 € (provision, chauffage inclus) Disponibilité : à préciser Appartement coup de cœur, rare sur le secteur.",https://www.vizzit.fr/fr/property/appartement/lyon-3/Ae2bq72kwj40ahrk,,
Lyon 7ème (69007),700 €,21 m² - Studio,"? Studio rénové clé en main – Jean Macé / Saxe – 700€ Cc – Sans agence Emplacement premium entre métro Jean Macé et Saxe-Gambetta, marché et Super U au pied de l’immeuble. Studio entièrement rénové, situé au 1er étage avec ascenseur dans résidence sécurisée (double porte). Laverie dans l’immeuble. ? Entièrement meublé et équipé (mobilier et électroménager neufs) : Lit + matelas, télévision, commode, table et chaises, plaque de cuisson, frigo, micro-ondes, ustensiles de cuisine, rideaux, matériel d’entretien. ? Salle d’eau avec Wc. Chauffage et eau chaude individuels électriques. Eau froide incluse dans les charges. ? Loyer : 700 € / mois charges comprises (dont 57,05 € de charges) Appartement soumis à l’encadrement des loyers. Location en direct propriétaire – aucun frais d’agence. Disponible immédiatement.",https://www.vizzit.fr/fr/property/appartement/lyon-7/Az1nmw2o0ly5ykvo,,
Lyon 7ème (69007),495 €,18 m² - Studio,"Particulier loue studio meublé, 18.98m2, libre le 28/2/2026 (possibilité d'avancer la date en accord avec le locataire actuel). Situé au 3ème étage (avec ascenseur) d'une résidence construite en 2010. Bien lumineux avec son exposition Sud-Est. Placard mural qui offre beaucoup de rangement. D'autres photos sont disponibles sur demande. 495 euros/mois : 450 euros de loyer et 45 euros de charges (dont eau froide). Dans une rue à sens unique. A mi chemin entre les stations Garibaldi et Sans Souci de la ligne de métro D, proche de l'arrêt ""Manufacture Montluc"" du tramway T4. Visite possible entre le 14 et le 21/02. Attention : location possible jusqu'à mi août au maximum car ensuite nous le récupérerons pour notre fils.",https://www.vizzit.fr/fr/property/appartement/lyon-7/A3znsajyppbz3ccl,,
Lyon 9ème (69009),800 €,42 m² - 2 pièces,"Particulier loue dans un immeuble récent de standing Lyon 9ème Plateau de St Rambert Appartement T2 42m2 situé au deuxième étage avec ascenseur, Garage fermé vue dégagée sur végétation. Loggia de 9.5m2 Grande pièce de vie ave cuisine équipée. Chauffage individuel gaz Loyer 750 euros Provision de charges 55 euros",https://www.vizzit.fr/fr/property/appartement/lyon-9/Atoidr2izy06gscl,,
Lyon 1er (69001),880 €,33 m² - 2 pièces,"T1 dans un immeuble cossu, meublé, donnant sur cour, au 5eme étage, très calme et très lumineux L appartement a été refait à neuf en 2024 avec cuisine équipée et salle de bains. Loyer mensuel : 850 euros Charge mensuelle : 30 euros Disponible au 1er mars.",https://www.vizzit.fr/fr/property/appartement/lyon-1/Atkdmhr3612278lu,,
Lyon 7ème (69007),950 €,50 m² - 2 pièces,"Proche université Lyon 2 et quais du Rhône, appartement T2 de 50m² entièrement meublé et équipé. Composé d'une entrée, d'un séjour avec cuisine équipée ouverte, d'une chambre avec lit 160x200, grand dressing et coin bureau, d'une salle de bain avec douche et de toilettes séparées. Nombreux rangements dans l'appartement, belle hauteur sous plafond, parquet dans le séjour. A 2 pas du T1 et T2, proche Jean Macé, gare de Perrache et accès A6/A7. 15 mn à pied de la place Bellecour. Emplacement idéal! Dossier sérieux demandé. Les visites auront lieu le samedi 14 février. Prendre Rdv au préalable.",https://www.vizzit.fr/fr/property/appartement/lyon-7/Ab2u2jf0q0hosa0c,,
Lyon 7ème (69007),570 €,30 m² - Studio,"Studio partiellement meublé proche place J. Macé et facs quai Claude Bernard, des transports en commun, des commerces, 1er étage avec ascenseur, digicode, interphone, donne côté jardin.",https://www.vizzit.fr/fr/property/appartement/lyon-7/Aady33txqwpv1gzu,,
Lyon 2ème (69002),716 €,25 m² - Studio,"Lyon 02. Près des transports (Ampère - Victor Hugo). Studio meublé de 25 m², à louer pour 716 € cc internet compris. Le locataire dispose d'un ascenseur, d'une possibilité de stationnement. Diagnostic de performance énergétique : B.",https://www.vizzit.fr/fr/property/appartement/lyon-2/An5apejn6azhdwpw,,
Lyon 7ème (69007),1 064 €,72 m² - 3 pièces,"A Louer - T3 - Lyon 7Eme  Citya les Célestins vous propose à la location T3 de 72,43 m² situé à Lyon 7Eme, rue Bonald proche quai du Rhône et transports en commun. Ce bien comprend une cuisine meublée et équipée, d'un séjour avec alcôve parquet, de deux cham... Voir plus sur citya.com",https://www.vizzit.fr/fr/property/appartement/lyon-7/Ap4j3axnr2i98uh3,,
Lyon 4ème (69004),950 €,38 m² - 2 pièces,"Exclusivite // 2 Pieces Meuble // 69004 LYON Disponible immédiatement, ce très joli appartement meublé situé au deuxième étage d'un immeuble de qualité allie confort et charme situé 38 Cours d'herbouville. L'entrée dessert un séjour lumineux avec une cuisine amér... Voir plus sur citya.com",https://www.vizzit.fr/fr/property/appartement/lyon-4/Azyv1den87uvlonl,,
Lyon 2ème (69002),1 515 €,80 m² - 4 pièces,"Confluence - Cet appartement situé en étage élevé avec ascenseur est composé d'un séjour donnant sur un grand balcon au sud, de trois chambres, d'une cuisine équipée et moderne (plaques, four, frigo, lave-vaisselle, lave-linge). Il est sans vis à vis, traversant sud-... Voir plus sur century21.fr",https://www.vizzit.fr/fr/property/appartement/lyon-2/Av7a56gggotohsow,,
Lyon 5ème (69005),949 €,34 m² - 1 pièce,"Lyon - Saint Georges Rare ! Au cœur du quartier calme et recherché du Vieux Lyon, très bel emplacement pour cet appartement rénové au dernier étage avec vue sur la Saône. Ce bien T1 bis de 46 m² (34 m² Carrez) vous offre un grand séjour avec cuisine ouverte amé... Voir plus sur century21.fr",https://www.vizzit.fr/fr/property/appartement/lyon-5/Aa4552ku7gm9e033,,
Lyon 6ème (69006),1 023 €,54 m² - 2 pièces,"Lyon 6 : Proche Charpennes 20 petite rue de la Viabert, rue calme, dans une copropriété propre : Appartement lumineux T2 entièrement refait à neuf, meublé composé d'une entrée, d'une grande pièce à vivre, d'un coin cuisine, d'une chambre, d'une salle d'eau, ... Voir plus sur century21.fr",https://www.vizzit.fr/fr/property/appartement/lyon-6/Agyr2di1r0sz207b,,
Lyon 3ème (69003),1 100 €,50 m² - 3 pièces,"Lyon 3 / Square Sainte Marie Perrin Votre agence Century 21 Part-Dieu vous propose ce joli T3 meublé à la location. Le bien se compose d'une pièce à vivre avec cuisine ouverte, d'une chambre avec balcon donnant sur une vue dégagée, une seconde chambre avec des rangements et une salle de bain avec W.C. Séparés.",https://www.vizzit.fr/fr/property/appartement/lyon-3/Aoj3z6vkvu77i4kz,,
Lyon 7ème (69007),1 017 €,50 m² - 2 pièces,"Conseil Or Immobilier agence Lyon vous propose en exclusivité : sur le commune de Lyon 7 ème, métro guillotiere et à 10 minutes à  pied de la place Bellecour, à  proximité immédiate des quais du Rhone, au 4 ème et dernier étage, appartement de type 2 de 50 m2 habitables. Ce bien est composé d'une pièce de vie avec cuisine équipée, d'un wc individuel, d'un espace nuit avec salle d'eau. Appartement équipée d'une pompe à chaleur air air ( chauffage hiver et climatisation l'été). Information légale : Les informations sur les risques auxquels ce bien est exposé sont disponibles sur le site Géorisques : tout de suite Loyer Hors charges : 972 eurosProvisions sur charges avec révision annuelle : 45 euros.Loyer charges comprises : 1017 euros.Honoraires location 425 € (état des lieux offert)Dépôt de garantie : 1944 € ( 1 mois de loyer hors charges )Dpe : Montant estimé des dépenses annuelles d'énergie pour un usage standard : Entre 700 € et 1010 € par an (abonnement compris). Consommation Logement D / rejet de gaz effet de serre B Prix moyens des énergies indexés au 1er janvier 2023.Pour Candidater : Cliquer sur 'Envoyer un message' ou cliquer sur 'Contactez l'agence'. Vous recevrez un lien par mail et Sms pour pré valider votre dossier et obtenir un rendez-vous.- Information légale : Les informations sur les risques auxquels ce bien est exposé sont disponibles sur le site Géorisques : plus de détails ou demande de visite contactez l'agence au voir le numéro.Vous souhaitez mettre en vente, en location ou en gestion votre bien, contactez nous pour une estimation gratuite sous 48H !Copropriété de 27 lots.Charges annuelles : 960.00 euros.",https://www.vizzit.fr/fr/property/appartement/lyon-7/Airv35slf2j4n7wx,,
Lyon 7ème (69007),2 100 €,77 m² - 4 pièces,A louer appartement T4 en meublé de 77 m2 à Lyon 7 entre particuliers. Appartement disponible à la location le 01/06/26 pour un loyer de 2.100 euros par mois. Avantages du logement : - Grand séjour - Cuisine équipée - Cuisine indépendante - Transport - Proche com... Voir plus sur seloger.com,https://www.vizzit.fr/fr/property/appartement/lyon-7/Aii9huhqnmb9qc0r,,
Lyon 7ème (69007),595 €,18 m² - Studio,"Plusse vous propose un charmant studio meublé de 18 m2 situé en plein coeur du 7ème arrondissement au 4 rue Etienne Rognon. Situé au 4 rue Étienne Rognon, dans le 7 € arrondissement de Lyon, le logement bénéficie d'un emplacement recherché au sein d'un quartier cen... Voir plus sur seloger.com",https://www.vizzit.fr/fr/property/appartement/lyon-7/A1789mgy9wtmc1gz,,
Lyon 2ème (69002),1 030 €,53 m² - 2 pièces,"Appartement de 53 m2 à louer sur Lyon Appartement T2 (achevé en 2015) de 53m2 situé au coeur de Confluence, 5ème étage (ascenseur) avec une terrasse de 10,2 m2 offrant une vue imprenable sur la place nautique dans le nouvel immeuble haut de gamme ""Hikari"". Z... Voir plus sur seloger.com",https://www.vizzit.fr/fr/property/appartement/lyon-2/Afvg531r4c2imwuc,,
Lyon 3ème (69003),665 €,24 m² - 2 pièces,"Lyon 3, à louer appartement meublé de 24 m2 avec 2 pièces dont 1 chambre. Location de particulier 665 euros charges comprises. Disponible immédiatement. Avantages du logement : - Cuisine équipée - Transport - Baignoire Ce propriétaire utilise LocService pour sélec... Voir plus sur seloger.com",https://www.vizzit.fr/fr/property/appartement/lyon-3/Aeerl0sekfadeckd,,
Lyon 6ème (69006),390 €,11 m² - 1 pièce,"Lyon 6ème - Au coeur des brotteaux - dans une petite copropriété intime et sécurisée. Au dernier étage avec ascenseur et profitant d'une situation calme et lumineuse. Studio meublé avec salle d'eau, bloc kitchenette et penderie. Wc sur le palier, fibre optique. ... Voir plus sur seloger.com",https://www.vizzit.fr/fr/property/appartement/lyon-6/Abducoznd8vpyixv,,
Lyon 4ème (69004),590 €,20 m² - Studio,Loue studio meublé standing - rez de jardin privatif - 20 m2 - bel ameublement - bonne situation calme,https://www.vizzit.fr/fr/property/appartement/lyon-4/A7syp5tb2u6z14u8,,
Lyon 8ème (69008),580 €,25 m² - Studio,Loue F1 3ème étage sans ascenseur très bonne situation dans bon immeuble,https://www.vizzit.fr/fr/property/appartement/lyon-8/A16iitwuwdpvxiaa,,
Lyon 2ème (69002),850 €,20 m² - 2 pièces,"Bonjour, Je m’appelle Chloé et je suis à la recherche d’un appartement où me sentir bien et m’installer sereinement dans Lyon et ses alentours ! Je recherche un loyer maximale de 850 euros. Je suis en Cdi hors période d’essai, avec une situation professionnelle stable. Je suis une personne calme, sérieuse et très respectueuse, attachée à prendre soin du logement dans lequel je vis, comme si c’était le mien. Mon dossier est complet et déjà prêt, ce qui permet une démarche simple et rapide. Je serais ravie d’échanger avec vous, de répondre à vos questions et de vous rencontrer si besoin. Merci beaucoup pour votre attention et au plaisir d’échanger ?",https://www.vizzit.fr/fr/property/appartement/lyon-2/Avfpmeyfnznaie78,,
Lyon 7ème (69007),810 €,50 m² - 2 pièces,Loue F2 50 m2 4ème étage avec ascenseur - bel emplacement - bon immeuble - Hall + Wc salle de bain + séjour + coin cuisine + chambre,https://www.vizzit.fr/fr/property/appartement/lyon-7/A027ngjwmanykfat,,
Lyon 9ème (69009),610 €,35 m² - Studio,Loue F1 3ème étage sans ascenseur 35 m2 bon emplacement - caractère - calme,https://www.vizzit.fr/fr/property/appartement/lyon-9/Akmwg8uh2xakcy2m,,
Lyon 6ème (69006),1 190 €,72 m² - 3 pièces,"Beau duplex de 3 pièces de 72 m² situé au 1er étage d'un immeuble de 5 étages, à 20 m de la place Lyautey. Ce duplex non meublé comprend 2 chambres et 1 salle de bain. Le bien bénéficie d'un chauffage électrique individuel. Cuisine équipée : four , plaques, frigidaire outre lave linge et sèche linge. - Calme et atypique, sécurisé par une double entrée . - Bon état général L'appartement est situé à proximité de la place Lyautey, dans un environnement agréable. Classe énergie C - Classe climat A. Disponible à partir de février 2026. N'hésitez pas à me pour plus d'informations ou pour organiser une visite. Je privilégie des locataires en Cdi avec de bons garants qui s’engagent pour une longue durée.",https://www.vizzit.fr/fr/property/appartement/lyon-6/Arbtp60yoym9uf5e,,
Lyon 3ème (69003),579 €,29 m² - 1 pièce,"Appartement Grange Blanche - Garage / Cave - Eau chaude et Chauffage compris - A 5min en transports des Hopitaux Grange Blanche, proche Tram et commerces de proximité, dans cet agréable quartier vivant de Lyon, dans une charmante copropriété, venez découvrir ce beau type un en 1er étage. Il se compose d'une lumineuse pièce de vie, d'une cuisine indépendante, d'une salle de bains et d'un Wc, et d'un grand placard dans l'entrée. Pour votre confort, vous disposez d'un garage et d'une cave. Le chauffage et l'eau chaude sont compris dans les charges Référence annonce : Fl Date de réalisation du diagnostic : Honoraires à la charge du locataire : 384 € Ttc dont 88 € pour l’état des lieux Dépôt de garantie : 501 € Montant des charges : 78 € / mois A propos de la copropriété : Pas de procédure en cours Montant estimé des dépenses annuelles d'énergie pour un usage standard : entre 230 € et 340 € par an. Prix moyens des énergies indexés sur l'année 2021 (abonnements compris)",https://www.vizzit.fr/fr/property/appartement/lyon-3/Ax5rjihpqb2v4f7k,,
Lyon 3ème (69003),580 €,20 m² - Studio,"Résidence avec services propose des logements meublés et équipées avec kitchenette et salle de bain privatives. Trois tailles de logement s'offrent à vous : studio de 20m² avec couchage simple (90x200) T1bis de 25m² avec couchage double (140x200) et T2 de 35m² avec couchage double (140x200) dans la chambre et canapé clic-clac dans le salon. Collocation possible dans les logements type T1bis et T2. Le propriétaire de ce bien utilise Studapart pour louer son logement en toute sécurité. Comment ça marche ? Vous recevez un email Studapart et cliquez sur le lien de l'annonce. Vous créez votre compte Studapart et envoyez votre candidature (dossier + message) sans aucun frais. Si votre profil est retenu, vous pourrez faire une demande de réservation. Les frais Studapart ne sont débités qu'en cas de confirmation de réservation afin de vous garantir une location 100% sécurisée. Mise à jour le Ref : 3231",https://www.vizzit.fr/fr/property/appartement/lyon-3/Am7ruw668rhr40zu,,
Lyon 7ème (69007),795 €,39 m² - 1 pièce,"Charmant T1 bis situé dans 7e arrondissement de Lyon, à proximité immédiate des quais du Rhône, de l’université Lyon 2, du tram 1 et du métro D et B, loué meublé à partir du 1er mars. Appartement composé de : - 1 pièce de vie avec un lit en 140 en mezzanine, coin salon et grand placard mural de rangement / dressing - 1 cuisine séparée de la pièce de vie et équipée + meublée, avec lave-linge - 1 salle de bain minimaliste avec douche - Wc séparé - Appartement traversant Est-Ouest L’immeuble : - Immeuble ancien, belle hauteur sous plafond et relative fraicheur l’été - Local à vélo dans le hall d’immeuble - Appartement situé au 1er étage sans ascenseur Emplacement stratégique : - Nombreux commerces de proximité - Tram T1 à 50 mètres - Métro D à 5 minutes et métro B à 8 minutes à pied - Piscine du Rhône à 5 min à pied - Université Lyon 2 à 6 min à pied Disponible le 1er mars 2026 Si vous êtes intéressé.e, merci de m’envoyer un message par leboncoin avec la description de votre situation et de votre projet sur Lyon. Dpe : consommation énergétique classe D + émission Ges classe B Le loyer de référence pour ce logement est de 19,30€ par m², soit pour 39m², un loyer de 752,70€ hors charges. Le plafond (correspondant à 20% de plus que le loyer de référence) à ne pas dépasser pour ce logement est de 23,20€ par m², soit pour 39m², un loyer de 904,80€ hors charges.",https://www.vizzit.fr/fr/property/appartement/lyon-7/Ag13hgry80xxhc6c,,
Lyon 3ème (69003),530 €,20 m² - Studio,"La résidence se situe au cœur du pôle historique universitaire lyonnais, Manufacture des tabacs Lyon 3 Jean Moulin. Le quartier dispose de nombreux commerces et restaurants cosmopolites. Le propriétaire de ce bien utilise Studapart pour louer son logement en toute sécurité. Comment ça marche ? Vous recevez un email Studapart et cliquez sur le lien de l'annonce. Vous créez votre compte Studapart et envoyez votre candidature (dossier + message) sans aucun frais. Si votre profil est retenu, vous pourrez faire une demande de réservation. Les frais Studapart ne sont débités qu'en cas de confirmation de réservation afin de vous garantir une location 100% sécurisée. Mise à jour le Ref : 3235",https://www.vizzit.fr/fr/property/appartement/lyon-3/A4gpm2sy214hjan5,,
Lyon 2ème (69002),897 €,54 m² - 2 pièces,"Appartement Produit rare dans ce secteur ! En très bon état - En plein cœur de la Presqu'ile Lyonnaise, Rue Mercière, avec ces nombreux commerces, restaurants et transports, venez découvrir ce spacieux 2 pièces de 54 m² rénové, dans un bel immeuble ancien. Il comprend un séjour lumineux en parquet, une cuisine américaine, une belle chambre en parquet, une salle d'eau moderne avec une cabine de douche à jets et Wc. Emplacement ideal en plein coeur d'un quartier convoité. Les informations sur les risques auxquels ce bien est exposé sont disponibles sur le site Géorisques : Géorisques. . Zone soumise à encadrement des loyers. Référence annonce : Fl Date de réalisation du diagnostic : Honoraires à la charge du locataire : 709 € Ttc dont 163 € pour l’état des lieux Dépôt de garantie : 842 € Montant des charges : 55 € / mois A propos de la copropriété : Pas de procédure en cours Montant estimé des dépenses annuelles d'énergie pour un usage standard : entre 720 € et 1 020 € par an. Prix moyens des énergies indexés sur l'année 2021 (abonnements compris)",https://www.vizzit.fr/fr/property/appartement/lyon-2/Al8l632s44fxt0kp,,
Lyon 5ème (69005),640 €,27 m² - 2 pièces,"Proximité clinique Charcot. Proche de toutes commodités et Bus C20,45,90. Appartement au Rdc avec les caractéristiques suivantes : - Un petit séjour avec coin cuisine équipée ( Four, hotte, plaque de cuisson, réfrigérateur , et placards de rangement) - Une Chambre avec sommier et matelas - Une salle d'eau avec Wc, lavabo, douche, et lave linge - Loyer et charges comprises 640,00 € ( Loyer 582,05 € et 57,95€ de charges communes avec révision annuelle : Eau et électricité à la charge du locataire ) - Dépôt de garantie : 1164,10 € (2 mois de loyer hors charges) - Garant personne physique obligatoire - Libre de suite - Location meublée - Agence et curieux s'abstenir - Contacte uniquement par mail",https://www.vizzit.fr/fr/property/appartement/lyon-5/Ang0k1a1kdjbl4w7,,
Lyon 3ème (69003),850 €,53 m² - 2 pièces,"Quartier Montchat, dans petit immeuble ancien de 3 copropriétaires, situé au 24 Rue Jean Marc Bernard, beau 2 pièces dans immeuble ancien situé au 1er étage sans ascenseur. Il se compose d'une pièce de vie avec alcôve, d'une cuisine séparée (avec four, plaque de cuisson et lave linge), d'une grande chambre séparée, d'une salle d'eau et d'un w.c, une cave complète le tout,",https://www.vizzit.fr/fr/property/appartement/lyon-3/Aezijx3ya6wiy5m4,,
Lyon 3ème (69003),574 €,23 m² - 1 pièce,"Appartement Part-Dieu/Saxe - Salle De Sport/Laverie - Eau Froide Comprise - Entre Bellecour et Part-Dieu, sur la ligne de métro D, venez découvrir cette charmante confortable et sécurisée avec services : gardien, laverie, solarium sur le toit, salle de sport. Ce spacieux studio idéalement conçu avec une entrée avec un placard équipé, une grande pièce de vie avec kitchenette équipée (meubles, frigo, plaques), et une salle de douche privée. L'eau froide est également comprise dans les charges. Référence annonce : Fl Honoraires à la charge du locataire : 303 € Ttc dont 70 € pour l’état des lieux Dépôt de garantie : 488 € Montant des charges : 85 € / mois A propos de la copropriété : Pas de procédure en cours",https://www.vizzit.fr/fr/property/appartement/lyon-3/Ae5zw1r7knvuyi45,,
Lyon 9ème (69009),950 €,42 m² - 2 pièces,"Location meublée Type T2 (42m²) dans résidence sécurisée 42 rue Du Sergent Berthet 69009 Lyon. - L’appartement se compose de : Chambre/salon/cuisine/WC/Salle de Bain - Terrasse couverte et Jardin privatif - Garage fermé (option 50euros/mois) - L’appartement est équipé de Frigo/congélateur, lave-vaisselle, lave-linge, Tv (43’’), lit 140 190, canapé 3 places, - Proximité : o Métro Gorge de Loup o Vélo’v o Commerce (Casino, Monoprix, Boulangerie) o Ecole Idrac, Siège sociaux Fiducial, Bayer,",https://www.vizzit.fr/fr/property/appartement/lyon-9/Agh2wmki26oqmtid,,
Lyon 9ème (69009),660 €,28 m² - 1 pièce,"Appartement 1 pièce 28 m² Proc Gare - Lyon 9Me - 33 Rue de Saint Cyr F1 (lot 13) Meuble 28.40 env. Au 3ème étage Entrée donnant sur cuisine meublée & équipée, séjour, alcove, salle d'eau avec Wc Disponibilité : . Loyer de 660,00 euros par mois charges comprises dont 30,00 euros par mois de provision pour charges (soumis à la régularisation annuelle). Les honoraires charge locataire sont de 369,20 euros ( soit 13,00 euros/m² ) dont 86,05 euros pour état des lieux ( soit 3,03 euros/m² ). Dpe Ancienne Version. Surface : 28 m² Consommation énergie primaire : 317 kWh/m²/an Consommation énergie finale : Non communiqué",https://www.vizzit.fr/fr/property/appartement/lyon-9/Aezwycsqxwbddfzg,,
Lyon 9ème (69009),690 €,13 m² - Studio,"Studio meublé avec coin nuit en hauteur – Lyon 9ᵉ Dans un immeuble paisible et idéalement placé ce studio de 13,22 m² se trouve au 1er étage et offre un agencement optimisé. Il se compose : d'un espace de vie lumineux, d'un coin nuit en mezzanine permettant une bonne séparation des volumes, d'une cuisine équipée avec les éléments nécessaires, d'une salle d'eau avec Wc, incluant un sèche-serviettes. Le logement est proposé entièrement meublé et peut être occupé immédiatement. Idéal pour une personne seule (étudiant ou actif) recherchant un pied-à-terre fonctionnel dans un secteur agréable, à proximité des commerces et des transports. Disponibilité immédiate Bien soumis à l'encadrement des loyers : Loyer de référence : 239 € Loyer de référence majoré : 286 € complément de loyer 379 € mise à disposition de services.. Référence annonce : Studio-105 Honoraires à la charge du locataire : 171 € Ttc Dépôt de garantie : 1330 € Montant des charges : 25 € / mois Complément de loyer : 379 € / mois (inclus dans le loyer Cc)",https://www.vizzit.fr/fr/property/appartement/lyon-9/Ahqusn60rfwn6sri,,
Lyon 9ème (69009),750 €,28 m² - Studio,"Studio meublé de 28 m² situé 27 rue des docks Lyon 9ème Proximité immédiate du cinéma Pathé et du quartier d’affaire Appartement situé au Rdc avec petite cour privative Logement meublé tout confort Le logement est composé de : - Un salon avec canapé convertible en lit double, table basse, table, 4 chaises - Un lit double escamotable - Une cuisine toute équipée avec réfrigérateur, plaques de cuisson, combiné four + micro-ondes, vaisselle et ustensiles de cuisine - Nombreux rangements dont un grand placard - Une salle d’eau avec douche, Wc, machine à laver - Chauffage individuel électrique - Petite cour privative avec salon de jardin Loyer hors charges : 725€ Forfait de charges : 25€ (comprenant l’eau et les charges de copropriété) Loyer total charges comprises : 750€ Dépôt de garantie : 2 mois de loyer hors charges Disponible à partir du 08/02 1er contact par messagerie svp Plus de photos disponibles sur demande",https://www.vizzit.fr/fr/property/appartement/lyon-9/Ams0pieej1zsgj8q,,
Lyon 7ème (69007),660 €,35 m² - Studio,"Voici un charmant studio meublé au Rdc d’un immeuble sécurisé avec accès Vigic et interphone d’entrée, façade refaite récemment. Au cœur d’un quartier animé, tout commerces, avec centre sportif, bars branchés et restaurants... Studio de 35 m², 21 m² entrée, cuisine salon, salle d’eau, avec chambre sur 14 m² de mezzanine (hauteur 1m82) Petite salle d’eau Wc et douche, cuisine équipée avec table de cuisson plaques électriques, Four, Lave-linge, Four micro-ondes. Coin salon canapé, connexion à la fibre optique (choisir un fournisseur internet) Pour votre candidature, contactez-moi par message sur l’appli Lbc en indiquant : votre nom et prénom, votre profil et votre projet en quelques mots. En indiquant combien de temps envisagez-vous environ de rester. Ensuite, je vous ai pour vous proposer une visite. Loyer Tcc : 660€ (Loyer brut : 640€ et Charges : 20€) Caution à prévoir : 1200 € A bientôt",https://www.vizzit.fr/fr/property/appartement/lyon-7/Atvt9ca0e31gyuuk,,
Lyon 3ème (69003),800 €,28 m² - Studio,"Appartement 1 pièce 28 m² Appartement meublé à louer dans le centre de Lyon (69003), Entièrement rénové, joli appartement meublé avec goût comprenant entrée coin cuisine , salon et salle d'eau. Fenêtre coté cour. Entrée sécurisée. Disponible début mars le forfait de charges de 50 € ne comprend ni l'électricité ni l'eau. Une annonce immobilière de notaire du site Immonot Surface : 28 m² Date de réalisation du diagnostic énergétique : Consommation énergie primaire : 210.0 kWh/m²/an Consommation énergie finale : Non communiqué Montant estimé des dépenses annuelles d'énergie pour un usage standard : entre 410 € et 600 € par an. Prix moyens des énergies indexés sur l'année 2021 (abonnements compris)",https://www.vizzit.fr/fr/property/appartement/lyon-3/Atm0k49rzfk4mlua,,
Lyon 7ème (69007),485 €,24 m² - 1 pièce,"A Louer - Appartement T1 de 24m² - Rue Chevreul Lyon 7 Appartement de type T1 au 1er d'une surface de 24m² dans un immeuble à proximité du métro Jean-Macé comprenant un hall d'entrée, un séjour, une cuisine, une salle d'eau, Wc. Chauffage : Individuel électrique Eau chaude : individuel électrique Eau froide : Individuelle Loyer : 475 € Charges : 10 € Disponible A Partir Du Loyer de référence : 17.6 € /m² Loyer majoré : 21.1 € /m² Les informations sur les risques auxquels ce bien est exposé sont disponibles sur le site Géorisques : Georisques. Gouv. Fr Référence annonce : Chevreul79-13 Date de réalisation du diagnostic : Honoraires à la charge du locataire : 319 € Ttc Dépôt de garantie : 475 € Montant estimé des dépenses annuelles d'énergie pour un usage standard : entre 510 € et 730 € sur les années 2021, 2022 et 2023 (abonnements compris).",https://www.vizzit.fr/fr/property/appartement/lyon-7/Ag47m3peu0q77k0s,,
Lyon 7ème (69007),779 €,29 m² - 2 pièces,"Pas Agence Ni Intermédiaire Le Logement ? : T2 meublé - 28 avenue des girondins 69007 - parfait étudiant – jeune actif Dispo fin février / début mars - Visites possibles de suite Appartement meublé lumineux 29 m2 au 2 ème étage avec ascenseur . Une chambre avec dressing. Double vitrage, chauffage électrique, ballon d’eau chaude, raccordement à la fibre. Vue Fourvière Parking dans la rue assez facilement ? Cuisine équipée (micro-onde - plaque électrique - frigo - etc) Salon (canapé, bureau, table et 4 chaise) Chambre (1 sommier de 140 , matelas, dressing, etc) Machine à laver top possible si c’est un point important pour vous Les Formalités ? : Caution de 2 mois demandée Loyer: 750 + 30 euros de provision pour charge avec régularisation annuelle (eau, wifi, taxe ordure, entretien communs en charge) Non inclus : Électricité Si vous êtes intéressé, merci de faire un présentation brève du projet (situation personnelle, garants, durée de la location, étudiant/job, revenus, etc.). Réponse et appel sous 48h Premier contact par mail, n'hésitez pas si vous avez des questions. La Copropriété ? : Copropriété récente et bien entretenue avec jardin commun. Construction Quartier calme avec quelques petits commerces à proximité Transports : ? Métro B (arrêt Jean jaurès) à 8 min à pied ? Tram T1 à 9 min à pied ? Station véloV à proximité Contactez-moi si vous voulez plus d'informations, des photos ou la visite virtuelle !",https://www.vizzit.fr/fr/property/appartement/lyon-7/Art299sioj2c6vc3,,
Lyon 3ème (69003),1 120 €,58 m² - 3 pièces,"A Louer - Appartement Meuble T3 de 58m² - Avenue Saxe Lyon 3 Appartement Meuble au 3ème étage composé d'une entré, un séjour, une cuisine ouverte sur le séjour, deux chambres, une salle de bains et Wc. Loyer : 1 000 € Charges : 120 € -- Les nouveaux diagnostics sont en cours de réalisation Disponible Immediatement Loyer de référence : 13 € /m² Loyer majoré : 15.6 € /m² Les informations sur les risques auxquels ce bien est exposé sont disponibles sur le site Géorisques : Georisques. Gouv. Fr Référence annonce : Saxe108-73 Date de réalisation du diagnostic : Honoraires à la charge du locataire : 765 € Ttc Dépôt de garantie : 2000 €",https://www.vizzit.fr/fr/property/appartement/lyon-3/A0dwxqh74t6eialj,,
Lyon 6ème (69006),1 142 €,54 m² - 3 pièces,"Lyon Logement Manda ! Situé à Lyon 6, ce T3 meublé se trouve rue Vauban. Non loin de l'arrêt Masséna, le logement est proche de la gare Part-Dieu, et dispose d'une cave. L'appartement est composé d'un séjour avec canapé, écran plat et d'un ilôt central avec un espace pour manger avec 2 chaises hautes. La cuisine est ouverte et entièrement équipée. La chambre dispose d'un lit double et d'une armoire de rangements. La deuxième chambre est aménagée en bureau. La salle d'eau est équipée d'une cabine de douche. Ce joli T3 n'attend que vous ! Pour rappel, cet appartement est situé dans une zone soumise à encadrement des loyers. Loyer de base : 756,0€ Loyer de référence majoré (Loyer de base à ne pas dépasser) : 907,2€ Complément de loyer : 104,82€ Référence du bien : Manda-40512 Référence annonce : Manda-Lb40512 Consommation énergétique : 219 kWh/m²/an Emission de gaz à effet de serre : 15 CO2/m²/an Honoraires à la charge du locataire : 702 € Ttc dont 162 € pour l’état des lieux Dépôt de garantie : 1940 € Montant des charges : 130 € / mois Modalité de récupération des charges locatives : provision avec régularisation annuelle",https://www.vizzit.fr/fr/property/appartement/lyon-6/Afbb7xrnk8wcqy06,,
Lyon 6ème (69006),900 €,32 m² - 2 pièces,"Particulier loue T2 meublé dans petite résidence de 7 appartements. Au calme, idéalement situé à 8 min de Charpennes, 5 min de la gare des Brotteaux et 10 min de la gare de la Part Dieu. Les commerces de proximités sont à moins de 5 min à pieds. Ce logement a été rénové il y a - de 3 ans. Il est entièrement équipé -lave linge, four, Tv... Loyer 855 € + charges de 45 € Disponible immédiatement",https://www.vizzit.fr/fr/property/appartement/lyon-6/A409apk0moq709rj,,
Lyon 8ème (69008),895 €,50 m² - 2 pièces,"Grand T2 lumineux 50m2, vue dégagée, meublé, équipé. 4E étage avec ascenseur, box au sous-sol, cave. Immeuble récent. Proche facs, hôpitaux, 5 min à pied du métro Mermoz/ galeries Lafayette. Disponible de suite.",https://www.vizzit.fr/fr/property/appartement/lyon-8/A1p6vlgc9ycfeyz0,,
Lyon 8ème (69008),830 €,43 m² - 2 pièces,"Appartement 2 pièces 43 m² Svp Premier Contact Par Leboncoin Seloger ou Sms Avec Votre Adresse Mail Et Reference De L’Annonce Dt023, Un Lien Pour Creer Votre Dossier Vous Sera Envoye Et Des Reception De Votre Candidature Vous Serez Recontactes. Merci De Votre Comprehension. 52 rue Saint-Gervais 69008 Lyon. Disponible à partir du 3 mars 2026. Bénéficiant d’une situation idéale, au cœur du 8ème arrondissement et à proximité immédiate de toutes les commodités (Tram T2 -Perrache- et T4 -Part Dieu- au pied de la résidence, commerces, facultés…), superbe 2 pièces de 43 m² dans une résidence récente. Venez découvrir cet appartement spacieux avec sa grande pièce de vie ouverte sur une cuisine équipée (four, hotte, cuisson, évier, mobilier haut et bas), sa grande chambre avec placard équipé et accès à la salle d’eau, et ses Wc séparés. Exposé ouest sur jardin, l’appartement bénéficie d’un beau balcon (9 m²) avec accès depuis la chambre ou le séjour, pour un confort maximum. La résidence, labellisée « Basse consommation » vous offrira un grand confort d’utilisation ainsi que des consommations énergétiques très basses. Comptage individuel d’eau froide / chaude et de chauffage. Parking en sous-sol. -Loyer 740 euros hors charges par mois. -Provisions sur charges mensuelles (régularisation annuelle) : 90 euros (eau froide + chaude,chauffage, entretien parties communes). -Dépôt de garantie : 740 euros -Honoraires agence : 430 euros -Frais d'état des lieux : 129 euros Garantie Visale acceptée. Plafond Pniel à ne pas dépasser: zone A. Visites individuelles sur Rdv et sur dossier. Contactez Claire Jourda au [Coordonnées masquées] Surface : 43 m² Modalité de récupération des charges locatives : Prévisionnelles mensuelles avec régularisation annuelle Date de réalisation du diagnostic énergétique : Consommation énergie primaire : 83 kWh/m²/an Consommation énergie finale : 69 kWh/m²/an Montant estimé des dépenses annuelles d'énergie pour un usage standard : entre 246.40 € et 310 € par an. Prix moyens des énergies indexés sur l'année 2021 (abonnements compris) Les informations sur les risques auxquels ce bien est exposé sont disponibles sur le site Géorisques :",https://www.vizzit.fr/fr/property/appartement/lyon-8/Aub7r9ijpp6fes3w,,
Lyon 2ème (69002),"660 €
-4%",22 m² - Studio,"Cet appartement est proposé en formule tout inclus (eau, électricité, internet, linge), sans contraintes ni frais d’ouverture de comptes, et est disponible immédiatement. En plein cœur de Lyon, à quelques pas de la Place Bellecour, ce studio meublé de 18 m² avec une mezzanine de 4 m² supplémentaire bénéficie d’un emplacement pratique, proche des commerces, restaurants et transports en commun (métros lignes A et D, bus C10, C19, C20 et C21), et à environ 10 minutes de la gare Lyon Perrache. Situé au 4e étage, sans ascenseur, ce logement clé en main offre un séjour lumineux avec cuisine ouverte équipée, une salle d’eau avec Wc, une mezzanine avec lit double ainsi qu’un espace de rangement. Les équipements inclus : Connexion internet Wi-Fi Télévision Réfrigérateur Plaque de cuisson électrique Cafetière Nespresso Bouilloire électrique Grille-pain Toute la vaisselle nécessaire pour la prise de repas Fer à repasser Planche à repasser Sèche-cheveux Draps et serviettes Renouvellement mensuel du linge et serviettes de bain inclus. Loyer hors charges : 660 € Charges locatives : 150€ (eau, électricité, chauffage et internet) Dépôt de garantie : 660 € Disponibilité immédiate Cette annonce est dans le cadre d’un bail civil, pour une durée de location maximale de 8 mois (reconduction possible, non éligible aux Apl). N’Hésitez pas à nous afin d’organiser une visite. Lot 12",https://www.vizzit.fr/fr/property/appartement/lyon-2/Amck08ja42ue5g7c,,
Lyon 3ème (69003),580 €,18 m² - Studio,"Studio meublé indépendant de 18 m2, pour un loyer mensuel de 580€ charges comprises. Le logement est situé dans le 3ème arrondissement de Lyon. L'habitation est composée de 4 studios indépendants pour étudiants avec douche, wc, avec tout confort. Un espace commun composé d'une grande cuisine. Cuisine moderne équipée de tout le confort. Lave linge, lave vaisselle, table cuisson vitro-céramique, micro-onde... L'adresse : rue Antoine Charial 69003 - Lyon Descriptif détaillé du logement : (500€ de loyer + 80€ des Charges) Meublé de 18 m2 : A proximité des transports en commun, des commerces, universités, et de la gare de la pardieu... Les + de cette location : Toilettes & douches indépendantes (dans chaque studio) - Internet inclus dans les charges - Cuisine équipée - Proximité transports - Proximité commerces - local Stations : Dauphiné - Lacassagne, Reconnaissance - Balzac Lignes : T3 Arrêt de Bus : Maisons Neuves, Marengo, Villebois Marli Ecoles supérieures : Institut de formation en masso-kinésithérapie pour déficients de la vue, Ecole Emile Cohl Université Jean Moulin Lyon 3 - Campus de la Manufacture des Tabacs",https://www.vizzit.fr/fr/property/appartement/lyon-3/Avv3w1akydmoq8bw,,
Lyon 7ème (69007),865 €,46 m² - 2 pièces,"Appartement non meublé, de type T2, 46,6 m2, proche des quais du Rhône et du tram T2. Refait à neuf avec isolation par l’intérieur, au 4e étage sans ascenseur, composé d'un séjour, d'une chambre, d'une cuisine semi-équipée (four, plaque à induction), d'une salle de bain et un Wc séparé. Chauffage électrique individuel et eau chaude avec cumulus électrique. Dpe E décembre 2024 Montant estimé des dépenses annuelles d'énergie pour un usage standard : entre 950 € et 1350 € par an indexées aux années 2021, 2022 et 2023 (abonnements compris). Les informations sur les risques auxquels ce bien est exposé sont disponibles sur le site Géorisques : Loyer Cc : 865 €/mois comprenant loyer Hc : 835 € et provisions sur charges mensuelles : 30 € Dépôt de garantie : 835 € Zone soumise à encadrement des loyers : Loyer Hc majoré: 788 €/mois Complément de loyer : 47 € Disponible à compter du Contact par mel avec message de présentation du/des locataire(s) et justification des revenus du/des locataires et des cautions, avant visite.",https://www.vizzit.fr/fr/property/appartement/lyon-7/Adk1xzh5junsv16r,,
Lyon 3ème (69003),1 020 €,50 m² - 3 pièces,"Quartier Sans Souci, Lyon 3 Bel appartement T3 de 50 m² environ, rénové, au 2-ème étage ( avec asc). Proximité immédiate des transports en commun, métro lg D , Tram , écoles et commerces. L’Appartement comprend, une entrée, un séjour, une cuisine séparée et équipée, deux chambres au calme, une salle d'eau, Wc, une grande cave. Chauffage Gaz individuel La copropriété dispose d’un local à vélos, jardin collectif, composteurs. Location meublée - bail 1 an renouvelable Charges locatives : 75 euros / mois. Loyer : 950 euros/mois Dépôt de garantie : 1900 euros ( 2mois de loyer). Dossier demandé : pièce d'identité et justificatif de domicile contrat de travail ou attestation employeur dernier avis d'imposition [ si besoin Garant ou garantie Visale apprécié]",https://www.vizzit.fr/fr/property/appartement/lyon-3/Ax8ov21puyz8azjn,,
Lyon 1er (69001),635 €,22 m² - Studio,"Situation: Lyon presqu'ile, 50m de la Place des Terreaux Très proche des lycées de La Coiffure, Ampère et La Martinière Métro: station Hôtel de Ville à 300m Bus à 20m Station vélov à 20 et 100m Parking souterrain public à 200m Immeuble sécurisé: digicode et interphone Description: 2ème étage ( cour) sur 4 Pièce principale ( expo sud ) avec banquette clic-clac, bibliothèque, commode, placard penderie, tables et chaises Cuisine américaine avec placards, plaques de cuisson, for à micro-onde et réfrigérateur Salle d'eau avec douche et lavabo Wc indépendant Chauffage et eau chaude individuels Antenne Tv et Fibre dans l'appartement Charges comprises avec 3m3 d'eau/mois Libre au 1er Mars Agences s'abstenir",https://www.vizzit.fr/fr/property/appartement/lyon-1/Aroca1p77nbvtgsm,,
Lyon 2ème (69002),940 €,29 m² - 1 pièce,"À louer Place Carnot, au cœur du 2ᵉ arrondissement de Lyon, magnifique appartement meublé de 29 m², situé au 3ᵉ étage avec ascenseur, dans un immeuble sécurisé. L’Appartement est entièrement rénové (travaux tout juste terminés) et bénéficie d’une exposition plein sud, offrant une excellente luminosité. Il se compose de : • une pièce de vie agréable avec canapé, Tv, table et chaises, • une cuisine entièrement équipée (plaques, four, micro-ondes, ustensiles), • un espace nuit avec lit et matelas neufs, • un dressing offrant de beaux rangements, • double porte palière assurant une sécurité renforcée. L’Ensemble du mobilier et des équipements est neuf. Logement clé en main, prêt à être occupé immédiatement. Conditions financières : • Loyer hors charges : 800 € / mois Loyer fixé conformément au loyer de référence majoré 23,8x29=690,2€, avec complément de loyer 109,8€ justifié par : - l’emplacement premium (Place Carnot), - la rénovation intégrale récente ( fini le ), - le mobilier et équipements entièrement neufs, - la luminosité exceptionnelle (plein sud), - les prestations de sécurité et de confort. • Charges : 140 € / mois, comprenant chauffage, eau, ascenseur, sécurité de l’immeuble, local vélo intérieur et local poubelles. Date réalisation diagnostic : Performance énergétique : C (162 kWh/m2/an) Emission de gaz : C (18 kg CO2/m2/an) Gare Perrache, métro & tram à 50 métres Commerces, restaurants, cinéma, Berges du Rhône & espaces verts accessibles à pied ⸻ Dossier locataire requis (dossier complet uniquement) : Merci de prévoir les documents suivants : • Pièce d’identité • Contrat de travail ou attestation employeur ( ou garant étudiant ) • 3 derniers bulletins de salaire ( ou garant étudiant ) • Dernier avis d’imposition • Justificatif de domicile actuel • Garantie (Visale ou garant physique) Premier contact par message Leboncoin. Les visites sont prévues le Bien évidemment d'autre photo sont disponibles si besoin.",https://www.vizzit.fr/fr/property/appartement/lyon-2/A9rr6e8kgahegq56,,
Lyon 1er (69001),800 €,30 m² - 2 pièces,"Appartement 2 pièces 30.09m² Lyon 1: A Louer, appartement dans résidence de charme offrant un salon avec cuisine aménagée, une chambre, une salle d'eau. Disponible fin février. Les informations sur les risques auxquels ce bien est exposé sont disponibles sur le site Géorisques : Référence annonce : Date de réalisation du diagnostic : Honoraires à la charge du locataire : 330 € Ttc dont 90 € pour l’état des lieux Dépôt de garantie : 780 € Montant des charges : 20 € / mois Modalité de récupération des charges locatives : provision avec régularisation annuelle Montant estimé des dépenses annuelles d'énergie pour un usage standard : entre 510 € et 740 € par an. Prix moyens des énergies indexés sur l'année 2021 (abonnements compris)",https://www.vizzit.fr/fr/property/appartement/lyon-1/Adnj8kiwi28smjzs,,
Lyon 1er (69001),1 020 €,52 m² - 2 pièces,"Je mets en location à partir de mars 2026 mon appartement meublé situé près de la place Chardonay dans les pentes de la Croix rousse (métro hôtel de ville) Le prix est fixé à 1040 euros charges comprises. Il s'agit d'un T2 meublé de 52 m2 (une chambre, une salle de bain, une grande pièce à vivre avec grande hauteur sous plafond et belle luminosité L'ameublement consiste en une cuisine équipée (lave vaisselle, lave linge, frigo et congélateur, plaque, four), une télé, 2 canapés, une table avec chaise et un lit avec matelas Les visites peuvent se faire de façon préférentielle le jeudi 12 février au soir.",https://www.vizzit.fr/fr/property/appartement/lyon-1/An87p5gp2pjqcd1t,,
Lyon 6ème (69006),800 €,46 m² - 2 pièces,"Dans bel ancien à proximité des gares (Brotteaux, Part Dieu), des commerces, du parc de la tête d'Or, en étage avec ascenseur, cet appartement très lumineux avec vue dégagée de 46,7 m² comprend un grand séjour / salon, une chambre et une cuisine donnant sur un balcon et beaucoup de placards de rangement. La salle d'eau se compose d'une baignoire, deux vasques et wc. Les compteurs sont individuels (eau, électricité, gaz). Le loyer est de : 750 €/mois + 50 € de charges / mois (consommation d’eau froide comprise). Dépôt de garantie : 1 mois de loyer et garants souhaités. Pour toute demande, renseignement, discussion, candidature concernant l'appartement, merci de compléter votre profil locataire Le Bon Coin.",https://www.vizzit.fr/fr/property/appartement/lyon-6/Aairce4nv61f2ifg,,
Lyon 9ème (69009),940 €,46 m² - 2 pièces,"22, rue Louis Loucheur 69009 Lyon, au 5e étage avec ascenseur, très bel F2 de 46,67 m² entièrement repeint et comprenant entrée, séjour donnant sur un balcon à l’Est, cuisine séparée et équipée de meubles bas et hauts + plaque induction + hotte + branchements pour lave-vaisselle, chambre avec placard, salle d’eau avec douche et branchements pour lave-linge, et wc séparé. L’Appartement est loué avec un garage. Badge immeuble, interphone, ascenseur, double vitrage, volets roulants, chauffage individuel gaz, orientation Est, carrelage et parquet aux sols, fibre. Très bel appartement entièrement repeint, cuisine neuve, idéalement situé à 2 pas de Gorge de Loup donc des transports et commerces, très calme et très lumineux. Loyer : 779,39 € (loyer de référence majoré : 779,39) + Complément de loyer : 90,61 € + Charges : 70,00 € comprenant les charges de copropriété et l’eau froide. Dépôt de garantie : 870,00 €. Frais de location et d’état des lieux à la charge du locataire : 612,31 Ttc dont 141,41 € Ttc de frais d’état des lieux à la charge du locataire. Visites accompagnées sur rdv uniquement. Fd Immobilier. Sarl au capital de 7700 € - Rcs Lyon Siret n° 435 224 - Code Naf 6831Z - Carte Professionnelle n° Cpi 026 628 délivrée par la Cci Lyon Métropole Saint Etienne Roanne - Rcp Allianz Iard Paris La Défense n° - Non soumis à garantie financière - Tva intracommunautaire n°FR.",https://www.vizzit.fr/fr/property/appartement/lyon-9/Aojb5yxr2jci56dq,,
Lyon 3ème (69003),1 010 €,48 m² - 2 pièces,"Rue Mazenod, dans copropriété Ric 1993 ""Les Alisiers"", au 3ème étage avec ascenseur, Tres Beau T2 avec terrasse à vivre. Exposition Sud-Est au calme à l'intérieur du pâté de maison. Une entrée avec rangement ouvre sur le séjour ouvert par une large baie vitrée sur la terrasse. La cuisine intégrée est indépendante. Une chambre avec rangements. Une salle de bain. Toilettes indépendants. Double vitrage, volets électriques, porte blindée. Loyer 19.70€ / m² X 48.50m² soit 955 € Charges 55 € Soit un loyer de 1 010 €. Les charges comprennent la régie Cosialis, l'ascenseur, l'eau froide. Dépôt de garantie, un mois de loyer soit 955 €. Honoraires d'agence à la charge du locataire 10 € du m² (visite, dossier du locataire, contrat de bail) et de 3€ /m² pour l'état des lieux d'entrée. Florence Chabran pour une visite guidée et pour tout renseignement complémentaire.",https://www.vizzit.fr/fr/property/appartement/lyon-3/Am04kfe3qz58o7hg,,
Lyon 5ème (69005),990 €,70 m² - 2 pièces,"Quartier Saint Jean, grand T2 Bis Tres Bon Etat traversant avec une entrée, une cuisine équipée avec plans de travail, une hotte, plaque de cuisson, séjour avec parquet, cheminée décorative et alcôve, chambre avec parquet et cheminée décorative et petit balcon don... Voir plus sur seloger.com",https://www.vizzit.fr/fr/property/appartement/lyon-5/Aekxh3b0271cxxay,,
Lyon 5ème (69005),913 €,60 m² - 3 pièces,"Rue Alberic Pont, au 4ème et dernier étage, beau T3 meublé de 60.03m² comprenant une entrée, un séjour avec une salle à manger, une cuisine semie ouverte équipée, une chambre, un bureau, une salle de bains, un wc. L'appartement dispose d'un place de parking ainsi que d'une cave. Très lumineux. Honoraires 605€ + 181€ Frais d'état des lieux / Zone soumise à encadrement des loyers / loyer de référence médian 738€ Hc / Loyer majoré : 888€ Hc / Complément de loyer : 0€Hc La prise de rendez-vous s'effectue en ligne, merci de vous rediriger sur notre site Ibt Gestion et de cliquer sur la rubrique ""prendre rendez-vous"", celle-ci se situe au niveau du descriptif de l'annonce . Il vous suffira de réserver votre créneau de visite ou de remplir le formulaire afin d'être placé sur la liste d'attente en attendant de recevoir une invitation. Les locataires et les garants physiques couvrants 3X le montant du loyer sont obligatoires pour pouvoir visiter le logement. Nous ne prenons pas de dossier de candidature sans visite.",https://www.vizzit.fr/fr/property/appartement/lyon-5/Ax945le44daqtdb9,,
Lyon 6ème (69006),661 €,29 m² - 1 pièce,"Idéalement situé Rue Molière, à prox. Immédiate des transports et commerces, Bel appartement meublé de Type T1 d'une surface de 29,66 m², au 1er étage sans asc., comprenant une pièce à vivre avec coin cuisine aménagée et équipée avec plaques de cuisson gaz de ville et réfrigérateur - congélateur top, coin nuit séparé, salle d'eau avec Wc. Eau froide individuelle Eau chaude et chauffage individuels gaz Les informations sur les risques auxquels ce bien est exposé sont disponibles sur le site Géorisques : georisques. Gouv. Fr",https://www.vizzit.fr/fr/property/appartement/lyon-6/As1fejvboy53hdn7,,
Lyon 9ème (69009),1 210 €,84 m² - 4 pièces,"Lyon - A Louer T4 de 84m² avec une place de parking et un balcon. Loyer: 1000€ Hc + 210€ de charges. Composé d'une entrée, d'un séjour, d'une cuisine équipée, de trois chambres, d'une salle de bain et d'un Wc. Proche transports et commerces. Pour visite Loc Express frais de dossier 240 euros Loyer majoré au m² 13,60",https://www.vizzit.fr/fr/property/appartement/lyon-9/Anhi1ekzfq43s2g4,,
Lyon 2ème (69002),1 850 €,74 m² - 3 pièces,"Appartement T3 balcon - 75m2 location meublé de prestige. Location meublé de prestige - Dans le premier immeuble de France à énergie positive, venez découvrir ce magnifique appartement surplombant la darse de confluence depuis sa terrasse dégagé. Tout est pr... Voir plus sur orpi.com",https://www.vizzit.fr/fr/property/appartement/lyon-2/Aqies6jxr22vjp50,,
Lyon 6ème (69006),720 €,30 m² - 2 pièces,"Lyon - A Louer T2 de 30m². Loyer: 680€ Hc + 40€ de charges. Composé d'une entrée, d'un séjour, d'une cuisine équipée, d'une chambre, d'une salle d'eau et d'un Wc. Proche transports et commerces. Pour visite Loc Express frais de dossier 240 euros",https://www.vizzit.fr/fr/property/appartement/lyon-6/A43lxwj2vhyikot5,,
Lyon 2ème (69002),680 €,44 m² - 1 pièce,"Lyon - A Louer T1 de 22m² avec un balcon. Loyer: 620€ Hc + 60€ de charges. Composé d'une entrée, d'un séjour, d'une cuisine équipée, d'une salle de bain et d'un Wc. Proche transports et commerces. Pour visite Loc Express frais de dossier 240 euros",https://www.vizzit.fr/fr/property/appartement/lyon-2/Ah91avo6k1v7flry,,
Lyon 3ème (69003),1 141 €,75 m² - 4 pièces,"Beau T3 , 37 rue Saint Maximin, sans vis à vis et avec Garage, appartement de 75.25m² au 4ème étage avec ascenseur, comprenant un hall d'entrée avec placards, un séjour double avec parquet donnant sur grand balcon, une cuisine meublée et équipée indépendante a... Voir plus sur seloger.com",https://www.vizzit.fr/fr/property/appartement/lyon-3/Aoiu338sqs1yck9l,,
Lyon 1er (69001),622 €,36 m² - Studio,"8 rue René Leynaud, appartement Studio avec mezzanine de 36.67m² au 1er étage sans ascenseur, En Tres Bon Etat, coup de coeur alliant charme de l'ancien et moderne, comprenant un séjour avec grands placards, une cuisine ouverte avec bar américain, équipée ... Voir plus sur seloger.com",https://www.vizzit.fr/fr/property/appartement/lyon-1/A864a8a0tss3swes,,
Lyon 5ème (69005),1 130 €,56 m² - 3 pièces,"Lyon - A Louer T3 de 56m² avec un balcon et une place de parking. Loyer: 1130€ cc. Résidence avec ascenseur. Composé d'une entrée, d'un séjour, d'une cuisine, de deux chambres, d'une salle d'eau et d'un Wc. Proche transports et commerces. Pour visite Loc Express frais de dossier 240 euros",https://www.vizzit.fr/fr/property/appartement/lyon-5/Aux51zpfb6de1973,,
Lyon 2ème (69002),692 €,43 m² - 3 pièces,"Proche Carnot - Ampère - Perrache, 62 rue Auguste Comte, T3 de 43.04 m2 avec poutres apparentes, , grands velux + petites fenêtres, au 4ème et dernier étage sans ascenseur dans immeuble ancien avec digicode, toiture isolée, vitrages isolants, comprenant hall d'e... Voir plus sur seloger.com",https://www.vizzit.fr/fr/property/appartement/lyon-2/Axin6to8pdk7aid1,,
Lyon 3ème (69003),1 155 €,73 m² - 4 pièces,"Nous vous proposons au 39 rue St Isidore, Quartier Montchat un T4 de 73.56 m² au rez-de-chaussée surélevé, comprenant un hall d'entrée, un séjour de 25 m² avec coin cuisine équipée, 3 chambres avec rangements, une salle de bains, W.C. Indépendant, chauffage ... Voir plus sur seloger.com",https://www.vizzit.fr/fr/property/appartement/lyon-3/A1zm70asbv3t0458,,
Lyon 3ème (69003),745 €,44 m² - 2 pièces,"Appartement de Type T2 - rue Général Brulard pour une surface de 44.37 m². Secteur Montchat. Dans une copropriété au calme avec accès sécurisé par interphone -digicode. Situé au 2ème étage avec ascenseur. Se composant d'une entrée, un beau et vaste séjour, une cuisine aménagée (séparation par type bar américain, meubles haut et bas..), une chambre avec parquet, salle de bains et un wc. Le chauffage individuel Edf. Se trouve également une place de stationnement N°21 et une cave N°9 en sous sol de l'immeuble. Zone soumise à l'encadrement des loyers- loyer médian : 15.1 €/m2 - loyer majoré : 18.1 €/m2- Les informations sur les risques auxquels ce bien est exposé sont disponibles sur le site géorisques :",https://www.vizzit.fr/fr/property/appartement/lyon-3/Abg2iyos9cmg3lsc,,
Lyon 3ème (69003),513 €,23 m² - Studio,"Studio Meublé de 23,20m²- A Lyon 3ème, 28 rue Paul Bert, proximité Métro Saxe-Gambetta, au 5ème étage sans ascenseur, composé d'un séjour avec coin cuisine équipé, d'une salle de bains et d'un Wc. Chauffage individuel électrique. Lit/Canapé/Table basse/bureau/four/frigo/micro ondes/chai... Voir plus sur seloger.com",https://www.vizzit.fr/fr/property/appartement/lyon-3/A3al1dze6qorqxcl,,
Lyon 2ème (69002),2 016 €,193 m² - 6 pièces,"6 rue Mazard, proche Carnot /Perrache / Ampère, Ideal Grande Famille, bel appartement T6 de 193.37m² dans immeuble ancien récemment ravalé, 1er étage sans ascenseur, comprenant un grand hall d'entrée + grand couloir, beau séjour de 30.37 m2 et salle à manger ... Voir plus sur seloger.com",https://www.vizzit.fr/fr/property/appartement/lyon-2/A9pmchmeuq9etq6e,,
Lyon 7ème (69007),781 €,47 m² - 2 pièces,"Lyon 7ème, 11 rue Sébastien Gryphe, en très bon état, proche Saxe-Gambetta, appartement T2 Sur Cour de 47.74m² , lumineux et sans vis à vis au 1er étage sans ascenseur comprenant un hall d'entrée, un séjour avec cheminée décorative et placards, un coin cuisine éq... Voir plus sur seloger.com",https://www.vizzit.fr/fr/property/appartement/lyon-7/Apomxwt9vfdeglxk,,
Lyon 3ème (69003),468 €,27 m² - 1 pièce,"13 rue Jean Larrivé, proche cours de la Liberté et quai Victor Augagneur, dans immeuble ancien avec interphone, T1 en bon état, au 2ème étage sans ascenseur, 27.50 m2, comprenant hall d'entrée avec rangement, séjour avec mezzanine et rangements, cuisine aménagée ... Voir plus sur seloger.com",https://www.vizzit.fr/fr/property/appartement/lyon-3/Apkjt9wpc218jlcd,,
Lyon 9ème (69009),316 €,16 m² - Studio,"Appartement Studio de 16.35 m² environ situé 98 rue St Pierre de Vaise, sans vis à vis et très lumineux avec Fibre Optique, comprenant une pièce principale avec placard et cheminée décorative, coin cuisine aménagée, plaques électriques, hotte, réfrigérateur, plac... Voir plus sur seloger.com",https://www.vizzit.fr/fr/property/appartement/lyon-9/Aoqt530hxjkorjpo,,
Lyon 8ème (69008),631 €,36 m² - 1 pièce,"5 rue Saint Romain, quartier Monplaisir, dans résidence fermée avec gardien, T1 de 36 m² au 5ème étage avec ascenseur et Parking Privatif, vue dégagée, bon état, comprenant petit hall d'entrée, séjour de 21.50 m2 avec rangements, cuisine indépendante de 7.20 ... Voir plus sur seloger.com",https://www.vizzit.fr/fr/property/appartement/lyon-8/Au8zqcujelhxfm23,,
Lyon 7ème (69007),817 €,73 m² - 3 pièces,"Métro Saxe-Gambetta rue sébastien Gryphe , T3 de 73,91m², situé au 5ème étage de l'immeuble, comprenant : hall d'entrée, cuisine carrelée (hotte), séjour avec cheminée décorative, 2 chambres, Sdb avec Wc. Chauffage individuel au gaz . Eau froide et eau chaude indivi... Voir plus sur seloger.com",https://www.vizzit.fr/fr/property/appartement/lyon-7/An0nzrir593g6z1s,,
Lyon 8ème (Rhône),596 CHF/mois,20 m² - Studio,,https://www.vizzit.fr/fr/property/appartement/lyon-8eme/Aifm2ph42jifi7im,,2026-09-24
Lyon 7ème (Rhône),767 CHF/mois,41 m² - 2 pièces - 1 chambre,,https://www.vizzit.fr/fr/property/appartement/lyon-7eme/Amd2ur6hwtoto5hz,,2026-09-24
Lyon 7ème (Rhône),779 CHF/mois,54 m² - 3 pièces - 2 chambres,,https://www.vizzit.fr/fr/property/appartement/lyon-7eme/Ayzpbckqsxqc3aa4,,2026-09-24
Lyon 7ème (Rhône),450 CHF/mois,12 m² - Studio,,https://www.vizzit.fr/fr/property/appartement/lyon-7eme/A13k8x6xgyodqqie,,2026-09-24
Lyon 7ème (Rhône),549 CHF/mois,27 m² - Studio,"VISITE VIRTUELLE UNIQUEMENT - Dans le 7ème arrondissement de Lyon, Rue de la Thibaudière, à côté des commerces et des transport (métro D et B), dans un immeuble sans ascenseur, nous vous proposons un grand studio rénové, situé au 1er étage et donnant côté cour. Ce logement comprend une entrée, une pièce de vie lumineuse et vaste permettant de faire un coin nuit et un coin salon/repas, une salle de bain avec wc. Le chauffage et l'eau chaude sont individuel électrique.",https://www.vizzit.fr/fr/property/appartement/lyon-7eme/An935zvre2w0m2d9,https://lb1.vizzit.com/200592a/An935zvre2w0m2d9/Photos/An935zvre2w0m2d9_1.jpg?639258183650000000,2026-09-24
Lyon 3ème (Rhône),487 CHF/mois,29 m² - 1 pièce,,https://www.vizzit.fr/fr/property/appartement/lyon-3eme/Adxnfls1z7tv11ul,,2026-09-24
Lyon 8ème (Rhône),539 CHF/mois,28 m² - 2 pièces - 1 chambre,,https://www.vizzit.fr/fr/property/appartement/lyon-8eme/Auzusuosdxo1tdb3,,2026-09-24
Lyon 2ème (Rhône),554 CHF/mois,30 m² - 1 pièce,"Votre Régie Galyo a le plaisir de vous proposer à la location, proche des transports en commun, des commerces et de toutes commodités, cet appartement studio de 30.02m².  Atypique avec une belle luminosité. Au 7E étage d'une résidence calme, situé rue DE JUSSIEU à Lyon 2eme, il se compose d'une pièce de vie, d'une cuisine séparée, aménagée (meubles hauts et bas) et d'un salle de bain avec WC.  Logement soumis à l'encadrement des loyers : loyer de référence : 525.35 € loyer de référence majoré : 630.42 €  Contact : Eva",https://www.vizzit.fr/fr/property/appartement/lyon-2eme/Ask0uu0342fijcs6,https://lb1.vizzit.com/2635049a/Ask0uu0342fijcs6/Photos/Ask0uu0342fijcs6_1.jpg?639257117030000000,2026-09-24
Lyon 7ème (Rhône),450 CHF/mois,12 m² - Studio,,https://www.vizzit.fr/fr/property/appartement/lyon-7eme/Axgyq91yek3scmv3,,2026-09-24
Lyon 7ème (Rhône),849 CHF/mois,46 m² - 2 pièces - 1 chambre,,https://www.vizzit.fr/fr/property/appartement/lyon-7eme/Abz6a0mri7q7no46,,2026-09-24
Lyon 7ème (Rhône),1 370 CHF/mois,71 m² - 3 pièces - 2 chambres,"Dans le quartier recherché de Jean Macé et à deux pas du tramway Garibaldi-Berthelot, découvrez ce spacieux T3 en duplex meublé de 71,33 m², situé dans une résidence sécurisée construite en 2012.    L'appartement se compose, d'une belle pièce de vie... Voir plus   Dans le quartier recherché de Jean Macé et à deux pas du tramway Garibaldi-Berthelot, découvrez ce spacieux T3 en duplex meublé de 71,33 m², situé dans une résidence sécurisée construite en 2012.  L'appartement se compose, d'une belle pièce de vie de 30 m² avec cuisine ouverte, entièrement aménagée et équipée, donnant accès à un balcon. Et un WC au même niveau. À l'étage, vous trouverez, un espace bureau, deux chambres, chacune équipée d'un grand placard et une salle d'eau avec WC.  L'ensemble de l'appartement est climatisé pour un confort optimal. Un garage privatif en sous-sol complète ce bien.  Le chauffage et l'eau sont inclus dans les charges.  Disponible le 6 octobre 2026  LOYER : 1 460€ CC dont 176€ de provision pour charges mensuelles avec régularisation annuelle. Les charges comprennent l'entretien des parties communes, le chauffage, l'eau chaude, l'eau froide, la taxe d'ordures ménagère et l'entretien de la climatisation.  Honoraires de location : 719 € Frais d'état des lieux entrant et sortant : 216 €  Le loyer est calculé selon le Décret n° du 2 septembre 2021 fixant le périmètre du territoire de la Métropole de Lyon sur lequel est mis en place le dispositif d'encadrement des loyers prévu à l'article 140 de la loi n° du 23 novembre 2018.   Voir moins",https://www.vizzit.fr/fr/property/appartement/lyon-7eme/Aacb39ok3q5a8pid,https://lb1.vizzit.com/85533a/Aacb39ok3q5a8pid/Photos/Aacb39ok3q5a8pid_1.jpg?639256246290000000,2026-09-24
Lyon 7ème (Rhône),837 CHF/mois,56 m² - 3 pièces - 1 chambre,,https://www.vizzit.fr/fr/property/appartement/lyon-7eme/Aww6t3ycdrabagug,,2026-09-24
Lyon 3ème (Rhône),554 CHF/mois,16 m² - 2 pièces - 1 chambre,,https://www.vizzit.fr/fr/property/appartement/lyon-3eme/Aku12u8qdecerore,,2026-09-24
Lyon 8ème (Rhône),601 CHF/mois,16 m² - Studio,,https://www.vizzit.fr/fr/property/appartement/lyon-8eme/Ay82scyaeisru1di,,2026-09-24
Lyon 8ème (Rhône),574 CHF/mois,18 m² - Studio,,https://www.vizzit.fr/fr/property/appartement/lyon-8eme/A082l55xcriejl64,,2026-09-24
Lyon 8ème (Rhône),834 CHF/mois,37 m² - 2 pièces - 1 chambre,,https://www.vizzit.fr/fr/property/appartement/lyon-8eme/Asne6u2qjqlp8nsw,,2026-09-24
Lyon 7ème (Rhône),901 CHF/mois,68 m² - 3 pièces - 2 chambres,,https://www.vizzit.fr/fr/property/appartement/lyon-7eme/A2p9ohcs2zq6510l,,2026-09-24
Lyon 8ème (Rhône),685 CHF/mois,27 m² - Studio,,https://www.vizzit.fr/fr/property/appartement/lyon-8eme/A2fcbjq8fidpvzy7,,2026-09-24
Lyon 7ème (Rhône),798 CHF/mois,52 m² - 2 pièces - 1 chambre,,https://www.vizzit.fr/fr/property/appartement/lyon-7eme/A1ka3t5z9zqbf9s7,,2026-09-24
Lyon 8ème (Rhône),1 050 CHF/mois,65 m² - 3 pièces,"RUE DU DOCTEUR REBATEL, à deux pas du quartier MONPLAISIR, ses commerces et transports, nous vous proposons, dans une résidence récent de bon standing, beau T3, composé d'une entrée, une cuisine meublée et semi équipée ouverte sur séjour, un balcon exposé Ouest ,deux chambres, salle de bains, wc séparés, le chauffage est individuel électrique, un garage complète cette location.N'hésitez pas à déposer votre candidature sur La location pourra être déléguée à Foncia Développement et Location.",https://www.vizzit.fr/fr/property/appartement/lyon-8eme/Am47z97d4jwlqxoe,https://lb1.vizzit.com/200592a/Am47z97d4jwlqxoe/Photos/Am47z97d4jwlqxoe_1.jpg?639253096630000000,2026-09-24
Lyon 7ème (Rhône),612 CHF/mois,23 m² - Studio,,https://www.vizzit.fr/fr/property/appartement/lyon-7eme/Aak2evekk727kw77,,2026-09-24
Lyon 8ème (Rhône),648 CHF/mois,29 m² - 1 pièce,,https://www.vizzit.fr/fr/property/appartement/lyon-8eme/Akyx5cwa52mgyqjd,,2026-09-24
Lyon 7ème (Rhône),840 CHF/mois,36 m² - 1 pièce,,https://www.vizzit.fr/fr/property/appartement/lyon-7eme/Apque70mlpzvwm2q,,2026-09-24
Lyon 7ème (Rhône),978 CHF/mois,67 m² - 3 pièces - 2 chambres,"Réf. AN006260 - Imodirect vous propose de découvrir ce lumineux T3 meublé de 67 m², situé au 4? étage avec ascenseur, offrant un cadre de vie confortable et fonctionnel.  L'entrée, fonctionnelle, dispose de petits rangements. L'espace nuit comprend deux belles chambres avec grands lits, dont une avec une très grande penderie. À noter que la seconde chambre est accessible uniquement en passant par le salon.  La cuisine indépendante est entièrement équipée et la salle de douche moderne offre un confort agréable au quotidien, avec des WC séparés. Vous profiterez également d'un joli balcon aménagé avec table et chaises, idéal aux beaux jours.  Chauffage et eau chaude individuels gaz. Les charges comprennent les charges générales, l'eau froide et l'entretien de la chaudière gaz.  Une cave complète ce bien et un local à vélos est disponible à l'entrée de la résidence.  ENCADREMENT DES LOYERS : • Loyer de référence : 8,60 €/m² - soit 576,46 €/mois • Loyer de référence majoré : 12,30 €/m² - soit 824,47 €/mois • Complément de loyer : 14,80 €  Classe énergétique : D (de 181 à 250).  Les frais d'agence sont de 879,43 € maximum.    Pour toute question ou visite, merci de remplir la demande de visite.",https://www.vizzit.fr/fr/property/appartement/lyon-7eme/Aggrqthn56yt59g7,https://lb1.vizzit.com/2568359a/Aggrqthn56yt59g7/Photos/Aggrqthn56yt59g7_1.jpg?639241184070000000,2026-09-24
Lyon 8ème (Rhône),1 267 CHF/mois,100 m² - 4 pièces - 3 chambres,"Appartement T4 d'une superficie de 100m2, situé dans le quartier Grand Trou, au deuxième étage d'une résidence sécurisée et bien entretenue avec ascenseur (petite résidence de 3 étages). En très bon état, l’appartement est lumineux et traversant (est-ouest). Il se compose d’un grand séjour débouchant sur un balcon orienté Ouest. Côté Est, 3 chambres et deux salles de bains (une équipée d’une baignoire, l’autre d’une douche), une cuisine semi-aménagée et indépendante (plaque induction, hotte, emplacements lave-vaisselle et lave-linge). Le chauffage est électrique et individuel. Il est assuré par des corps de chauffe à inertie (sèche ou fluide) qui permettent une faible consommation d’énergie. Les provisions sur charges feront l'objet d'une régularisation annuelle, eau froide incluse. Un garage en sous-sol sécurisé et une cave viennent compléter cette location. Situé à proximité des lignes TRAMWAY T2, T4, T6, bus 35 et tous commerces, et écoles, cet appartement est disponible. Renseignements et visites en semaine possibles directement avec les propriétaires. Revenus exigés (3x le montant du loyer CC). Agences et projet de collocation s'abstenir svp. Le bien est soumis au statut de la copropriété. Loyer de 1 350,00 euros par mois dont 150,00 euros de provision pour charges mensuelles (soumis à la régularisation annuelle). Dépôt de garantie : 1200 €",https://www.vizzit.fr/fr/property/appartement/lyon-8eme/Agi4rd3klzr7l61k,https://lb1.vizzit.com/276804a/Agi4rd3klzr7l61k/Photos/Agi4rd3klzr7l61k_1.jpg?639240307010000000,2026-09-24
Lyon 7ème (Rhône),1 511 CHF/mois,134 m² - 4 pièces - 3 chambres,"62, rue Chevreul (angle rue Elie Rochette) 69007 Lyon, à 2 pas de la place Jean Macé, au 2e sans ascenseur, F4 de 134,63 m² comprenant entrée, séjour avec placards et donnant sur un balcon filant, cuisine séparée et avec plaque de cuisson, placards et branchements pour lave-vaisselle, 3 chambres avec placards, salle de bains avec baignoire et douche, wc séparé, et buanderie avec branchements pour lave-linge. Badge immeuble, double vitrage, volets roulants, fibre, chauffage individuel électrique, orientation Ouest et Nord. Appartement avec cachet (parquets, cheminées décoratives), idéalement situé à 2 pas des commerces et transports (Métro, Tram, Bus, Train). Loyer : 1560,00 € (loyer de référence majoré : 1857,89 €) + + Charges : 50,00 € comprenant uniquement les charges de copropriété. Dépôt de garantie : 1560,00 €. Frais de location et d’état des lieux à la charge du locataire : 1766,35 € TTC dont 415,11 € TTC de frais d’état des lieux à la charge du locataire. Visites accompagnées et sur rendez-vous uniquement. FD IMMOBILIER. Transactions et Locations. Sarl au capital de 7700 € - RCS Lyon Siret n° 435 224 - APE 703A - Carte Professionnelle n° 012088 délivrée par la Préfecture du Rhône - RCP Allianz Iard Paris La défense n° - Non soumis à garantie financière – Tva intracommunautaire n°FR.",https://www.vizzit.fr/fr/property/appartement/lyon-7eme/A5eumt2bui35qxfc,https://lb1.vizzit.com/267566a/A5eumt2bui35qxfc/Photos/A5eumt2bui35qxfc_1.jpg?639233341230000000,2026-09-24
Lyon 7ème (Rhône),563 CHF/mois,11 m² - Studio,"Située dans le dynamique quartier LECLERC - Gerland, cette chambre lumineuse constitue un pied-à-terre pratique proche des services et des transports. La chambre, de 11 m², fait partie d'un appartement partagé, de chauffage collectif. L'appartement totalise salles de bain sur 69 m². Disposition idéale pour une vie partagée entre étudiants et jeunes actifs : 3 pièces et 3 lits, situé au 4éme étage. Idéal pour étudiants ou jeunes professionnels recherchant un logement équipé à Lyon.",https://www.vizzit.fr/fr/property/appartement/lyon-7eme/Aqy1l0pa8go9w1vp,https://lb1.vizzit.com/69585a/Aqy1l0pa8go9w1vp/Photos/Aqy1l0pa8go9w1vp_1.jpg?639238622080000000,2026-09-24
Lyon 7ème (Rhône),1 689 CHF/mois,69 m² - 3 pièces - 2 chambres,"7 Place Victor Basch, 69007 Lyon La résidence senior Les Hespérides propose des appartements à la location, alliant indépendance et sérénité. Située au cœur de Lyon, elle offre un cadre sécurisé, proche de toutes les commodités, avec des espaces communs conviviaux, un service de restauration sur place (option), des activités variées (option) pour favoriser les rencontres, et une équipe disponible 24h/24 et 7j/7 pour accompagner les résidents dans leur quotidien. Au sein de cette résidence, et ouverte à tout type de profil (les seniors étant toutefois privilégiés), venez découvrir ce T3 meublé et climatisé d'une superficie de 69 m², situé au 4ᵉ étage avec ascenseur. L'appartement se compose d'une entrée, d'un salon/séjour climatisé donnant accès à un balcon exposé Sud/Ouest, d'un dégagement avec placards intégrés, et d'une cuisine meublée et équipée (plaques, hotte, four, lave-vaisselle et réfrigérateur avec compartiment congélateur). Il comprend également deux chambres avec placards intégrés et climatisation ainsi que deux salles d'eau avec WC, dont une équipée d'un lave-linge. Annexe: un garage en sous-sol. Les charges comprennent l'entretien des parties communes, l'eau chaude et froide, ainsi que les services proposés au sein de la résidence. Disponible immédiatement. /! \ Pour visiter, rien de plus simple: faites la demande de contact en complétant le formulaire et vous recevrez un lien qui vous permettra de réserver une visite. Si vous n'avez aucun créneau de visite disponible à la réservation, cela signifie que le nombre maximum de visites prévu pour le moment a été atteint. /! \.",https://www.vizzit.fr/fr/property/appartement/lyon-7eme/Ak2xth2asvl272jw,https://lb1.vizzit.com/71834a/Ak2xth2asvl272jw/Photos/Ak2xth2asvl272jw_1.jpg?639241258790000000,2026-09-24
Lyon 8ème (Rhône),1 279 CHF/mois,85 m² - 4 pièces - 3 chambres,"Lyon 8ème rue Volnay - Dans une petite résidence du début des années 2000, découvrez cet agréable T4 meublé de 85,49 m² situé au 1er étage. Profitant d'un environnement calme sur la cour intérieure de la copropriété et d'une belle luminosité du fait de sa double exposition Sud/Est - Nord/Ouest, il se compose d'une entrée avec placard, d'une pièce de vie confortable de 38 m² avec séjour et cuisine ouverte, entièrement aménagée et équipée, le tout communiquant avec un balcon à vivre. Côte nuit, vous disposerez de 3 belles chambres avec chacune un placard, d'une salle de bains et d'un WC indépendant. Vous bénéficierez également d'un garage fermé en sous-sol. Emplacement recherché à proximité immédiate des commerces, écoles et des transports en commun avec à 3 min à pied le Métro D arrêt ""Laennec"", la station de Tram T2 et T5 ""Ambroise Paré"", les lignes de bus C8 et C26 et des stations Vélo'V. Disponible le 15 septembre 2026. A visiter sans tarder, pour tout renseignement contactez l'agence Essentiel Gestion Locative directement par téléphone Ce loyer de 1363 € charges comprises intègre une provision sur charges de 115 € pour l'entretien des parties communes et l'eau froide. (Encadrement des loyers : Loyer de référence : 1068,63 € / Loyer de référence majoré : 1282,35 €). Honoraires agence : 1121 € (862 € Visites/Constitution du dossier/Rédaction du bail et 259 € Etat des lieux).",https://www.vizzit.fr/fr/property/appartement/lyon-8eme/Avbo2wqw7hvdiztg,https://lb1.vizzit.com/275711a/Avbo2wqw7hvdiztg/Photos/Avbo2wqw7hvdiztg_1.jpg?639233303780000000,2026-09-24
Lyon 3ème (Rhône),1 633 CHF/mois,97 m² - 4 pièces - 3 chambres,"Appartement situé a proximité du Métro Monplaisir, du Cours Albert Thomas et de ses commerces. Dans une belle résidence sécurisée. Il est situé au 3ème étage avec ascenseur. Il se compose d'une entrée avec placards, un séjour lumineux ouvert sur le balcon de 7,40m2 avec vue dégagée, une cuisine séparée entièrement meublée et équipée de plaques de cuisson et hotte donnant accès a un cellier avec espace buanderie, 3 chambres dont deux avec placards, un dressing aménagé, une salle d'eau avec douche et toilettes séparées. Climatisation. Nombreux rangements. Appartement lumineux et fonctionnel. Un garage fermé en sous sol est loué avec l'appartement. Chauffage et eau chaude collectifs. Libre de suite. Référence : 3176 Loyer de base : 1 301,00 euros + 89,00 euros de complément de loyer pour le garage, la climatisation et le balcon. Logement soumis à l'encadrement des loyers : Loyer de référence :1086,14€ (11,10€/m²) Loyer de référence majoré : 1301,41€ (13,30€/m²) Les informations sur les risques auxquels ce bien est exposé sont disponibles sur le site Géorisques : Dépôt de dossier en ligne sur SEVENTEE uniquement.",https://www.vizzit.fr/fr/property/appartement/lyon-3eme/Ar8k4vt93lm2s116,https://lb1.vizzit.com/2666647a/Ar8k4vt93lm2s116/Photos/Ar8k4vt93lm2s116_1.jpg?639233297950000000,2026-09-24
Lyon 3ème (Rhône),3 558 CHF/mois,249 m² - 968 m² de terrain - 8 pièces,"La Régie MOUTON vous propose à la location cette grande maison familiale de caractère édifiée sur trois niveaux, idéalement située au sein du Parc Chaussagne, dans le quartier de Montchat, à 400 mètres des tramways T2, T5 et T6 et à 500 mètres du métro ligne D. Au rez-de-chaussée, vous découvrirez un vaste double salon séjour avec salle de billard, ouvrant sur une agréable terrasse et un jardin, une belle cuisine équipée haute gamme (Plaques de cuisson, frigo, four, lave-vaisselle, micro-ondes), un dressing ainsi qu'un WC indépendant. Le premier étage se compose de quatre chambres, d'une salle de bain, d'une salle d'eau et d'un WC. Le dernier niveau accueille une spacieuse suite parentale avec sa salle d'eau privative, son dressing, un espace bureau ainsi qu'une salle de cinéma. Le sous-sol comprend un espace sauna, un espace hammam et une cave à vins. La maison bénéficie également d'une belle terrasse, le tout sur une parcelle de terrain de 968 m². Chauffage et Eau Chaude Individuel Gaz. Eau Froide Individuelle. Provisions pour charges avec régularisation annuelle. Zone soumise à l'encadrement des loyers. Loyer de référence majoré : 3 447.79 euros Loyer de base : 3 447.80 euros Complément de loyer : 143.85 euros Performance énergétique : D. Performance climatique : D. Montant estimé des dépenses annuelles pour un usage standard : entre 4 700.00 euros et 6 400.00 euros/an. Prix moyens des énergies indexés sur les années 2021, 2022, 2023 (abonnements compris) conformément à l'arrêté du 31 mars 2021 en vigueur lors de l'établissement du DPE Les informations sur les risques auxquels ce bien est exposé sont disponibles sur le site Géorisques : (C. envir., art. R. 125-25, I). Honoraires de 2 705,89 euros TTC à la charge du locataire comprenant 185 euros TTC pour l'état des lieux. Zone soumise à encadrement des loyers. Loyer de référence majoré (loyer de base à ne pas dépasser) 3422.81 euros/mois. Loyer de base 3447.80 euros/mois. Provision sur charges 200 euros/mois, régularisation annuelle. Complément de loyer 143,85 euros/mois. Dépôt de garantie 3 591,65 euros. Classe énergie D, Classe climat D Montant moyen estimé des dépenses annuelles d'énergie pour un usage standard, établi à partir des prix de l'énergie de l'année 2023 : entre 4700.00 et 6400.00 euros.",https://www.vizzit.fr/fr/property/immobilier/lyon-3eme/A758zgf3h8utihv5,https://lb1.vizzit.com/119501a/A758zgf3h8utihv5/Photos/A758zgf3h8utihv5_1.jpg?639233276720000000,2026-09-24
Lyon 7ème (Rhône),882 CHF/mois,37 m² - 2 pièces - 1 chambre,,https://www.vizzit.fr/fr/property/appartement/lyon-7eme/Azo0xh1g20pa14k0,,2026-09-24
Lyon 8ème (Rhône),525 CHF/mois,25 m² - Studio,,https://www.vizzit.fr/fr/property/appartement/lyon-8eme/Aq7vvuuw6f5ore98,,2026-09-24
Lyon 7ème (Rhône),563 CHF/mois,20 m² - Studio,,https://www.vizzit.fr/fr/property/appartement/lyon-7eme/A918o9nn68e5y889,,2026-09-24
Lyon 7ème (Rhône),1 361 CHF/mois,104 m² - 4 pièces - 3 chambres,"152 Cours Gambetta 69007 Lyon À deux pas de la Gare de la Part-Dieu et des transports en commun. Situé au dernier étage avec ascenseur d'un bel immeuble ancien, cet appartement séduira par sa vue exceptionnelle ainsi que par la qualité de sa rénovation. Cet appartement de type T4 se compose d'un beau séjour avec parquet, cheminée et balconnet donnant sur une cuisine meublée, suivie de trois belles chambres (dont une avec balcon, une avec une petite salle d'eau, et une avec dressing), d'une salle de bains et des WC séparés. Les charges comprennent le chauffage, l'eau froide ainsi que l'entretien des parties communes. La visite virtuelle: COLOCATION REFUSEE. Disponible immédiatement. /! \ Pour visiter, rien de plus simple: faites la demande de contact en complétant le formulaire et vous recevrez un lien qui vous permettra de réserver une visite. Si vous n'avez aucun créneau de visite disponible à la réservation, cela signifie que le nombre maximum de visites prévu pour le moment a été atteint. /! \.",https://www.vizzit.fr/fr/property/appartement/lyon-7eme/Abd3ejyqin1e0p1i,https://lb1.vizzit.com/71834a/Abd3ejyqin1e0p1i/Photos/Abd3ejyqin1e0p1i_1.jpg?639241257940000000,2026-09-24
Lyon 8ème (Rhône),1 032 CHF/mois,68 m² - 3 pièces,"10 Rue Saint Isidore 69003 Lyon, à proximité des commerces et des transports (Tram T3 / Arrêt Reconnaissance Balzac), situé au 1er étage sans ascenseur, venez découvrir cet appartement T3 entièrement refait et doté d'une pièce de vie lumineuse et spacieuse avec cuisine ouverte, meublée et équipée. Vous trouverez également deux chambres ainsi qu'une salle de bains.Le chauffage et l'eau chaude sont individuels électriques. La location pourra être déléguée à Foncia Développement et Location.",https://www.vizzit.fr/fr/property/appartement/lyon-8eme/A8mi2i0lamrxiuvu,https://lb1.vizzit.com/200592a/A8mi2i0lamrxiuvu/Photos/A8mi2i0lamrxiuvu_1.jpg,2026-09-24
Lyon 3ème (Rhône),882 CHF/mois,58 m² - 2 pièces - 1 chambre,"A SAISIR ! La régie Bellecour propose ce bel appartement T2 idéalement situé dans le quartier calme et arborée de Sans souci, à proximité des commerces et commodités. Cet appartement lumineux et traversant se compose d'une entrée disposant d'un grand dressing de 3,55 m², d'une cuisine aménagée et équipée de plaques de cuisson, d'une chambre avec parquet et d'un grand séjour donnant sur cour, d'une salle d'eau avec machine à laver et WC séparé. Si ce bien vous intéresse, n'hésitez pas à nous ! Loyer HC : 900,00€ Charges : 40,00€ comprenant la taxe ordures ménagères, digicode et entretien des parties communes Dépôt de garantie : 900,00€ Honoraires de location : 689,00€ DPE D",https://www.vizzit.fr/fr/property/appartement/lyon-3eme/A9cpa9nmd1qziudh,https://lb1.vizzit.com/269778a/A9cpa9nmd1qziudh/Photos/A9cpa9nmd1qziudh_1.jpg?639232422870000000,2026-09-24
Lyon 1er (Rhône),929 CHF/mois,79 m² - 3 pièces - 2 chambres,"Votre Régie Galyo a le plaisir de vous proposer à la location proche des transports en commun, des commerces et de toutes commodités, cet appartement 3 pièces de 79.37m².  AU 3ème étage d'un copropriétaire sécurisé située rue Hippolyte Flandrin, il se compose d'une entrée, d'un séjour, d'une cuisine aménagée ( meuble hauts), de 2 chambres, d'une salle de bain et d'un WC séparé.  Zone soumise à encadrement des loyers :  Loyer de référence : 1047.68 euros HC Loyer de référence majoré : 1254.05 euros HC  Contact : Eva",https://www.vizzit.fr/fr/property/appartement/lyon-1er/Aq6j4aynzth0uqoz,https://lb1.vizzit.com/2635049a/Aq6j4aynzth0uqoz/Photos/Aq6j4aynzth0uqoz_1.jpg?639244488670000000,2026-09-24
Lyon 8ème (Rhône),696 CHF/mois,52 m² - 2 pièces - 1 chambre,,https://www.vizzit.fr/fr/property/appartement/lyon-8eme/Adjxowhrflnqdps7,,2026-09-24
Lyon 4ème (Rhône),1 866 CHF/mois,113 m² - 4 pièces - 3 chambres,"LYON 4ième limite CALUIRE proche quai de Saône dans résidence sécurisée avec espaces verts Très bel appartement traversant composé d'une entrée, d'un grand séjour de 35m² avec accès terrasse, d'une cuisine totalement aménagée et équipée avec terrasse, de trois chambres, d'une salle de bains, d'une salle d'eau (avec une arrivée et une sortie d'eau pour votre machine à laver), wc séparés. Le logement dispose d'une climatisation réversibe. Sont loués avec le logement une cave, une place de parking et un garage fermé.  Bien soumis à l'encadrement des loyers : - Loyer de référence : 1 249,60 € - Loyer de référence majoré : 1 499,52 € - Complément de loyer : 324,48 € justifié par la climatisation réversible, le parking et le garage.  Contact : Axelle",https://www.vizzit.fr/fr/property/appartement/lyon-4eme/A45zvk837t2wx31e,https://lb1.vizzit.com/2635049a/A45zvk837t2wx31e/Photos/A45zvk837t2wx31e_1.jpg?639246206610000000,2026-09-24
Lyon 7ème (Rhône),840 CHF/mois,46 m² - 2 pièces - 1 chambre,"Très beau T2 de 46m2 avec avec terrasse jardin et grand garage, au calme au pied du métro Jean-Jaurès. Il se compose d'une belle pièce de vie, lumineuse et sans vis-à-vis, une chambre, salle de bains, WC Séparés. Triple vitrage, VMC double flux. Au chaude / Chauffage / Eau froide INCLUS DANS LE PRIX. Disponible au 20 octobre.",https://www.vizzit.fr/fr/property/appartement/lyon-7eme/Aro242ay0v2p4q7e,https://lb1.vizzit.com/19520a/Aro242ay0v2p4q7e/Photos/Aro242ay0v2p4q7e_1.jpg?639258425530000000,2026-09-24
Lyon 5ème (Rhône),1 337 CHF/mois,95 m² - 4 pièces - 3 chambres,"Votre Régie Galyo a le plaisir de vous proposer à la location, proche des transports en commun, commerces et de toutes commodités, cet appartement 4 pièces de 95.62m²  Dans bel immeuble ancien en étage élevé avec vue sur la Saône composé d'une grande entrée, d'un séjour avec cuisine ouverte aménagée et équipée, de trois chambres dont une suite parentale avec salle d'eau, d'une salle de bains et de wc indépendant. Beaucoup de charme, parquet, cheminée décorative, nombreux rangements et dressing.  Logement soumis à l'encadrement des loyers : Loyer de référence : 1176.13 euros Loyer de référence majoré : 1415.18 euros Complément de loyer de : 14.82 euros.  Contact : Eva",https://www.vizzit.fr/fr/property/appartement/lyon-5eme/Ax0uur0y8ce1iggz,https://lb1.vizzit.com/2635049a/Ax0uur0y8ce1iggz/Photos/Ax0uur0y8ce1iggz_1.jpg,2026-09-24
Lyon 7ème (Rhône),750 €/mois,43 m² - 2 pièces - 1 chambre,"Réf. AN005726 - Imodirect vous présente à Lyon 7ème, à deux pas du parc Blandan et du tramway, au calme de la rue Général de Miribel, ce très beau T2 de 43 m² offrant deux terrasses exposées sud et ouest ainsi qu'un jardin de plus de 60 m². Cet appartement se compose d'une belle pièce de vie lumineuse avec une cuisine équipée comprenant des rangements, des plaques à induction, une hotte et des emplacements prévus pour un four et un lave-vaisselle. Elle est ouverte sur le séjour et donne accès directement aux terrasses et au jardin. Vous trouverez également une chambre avec un placard de rangement mural donnant sur l'extérieur, ainsi qu'une grande salle d'eau avec douche, WC et arrivée d'eau pour une machine à laver. Le bien est équipé de double vitrage, de volets électriques et d'une chaudière individuelle au gaz assurant la production d'eau chaude et le chauffage. Il bénéficie d'une classification énergétique C. Un local à vélos est à disposition dans la résidence. A visiter sans tarder ! ENCADREMENT DES LOYERS : • Loyer de référence : 14,50 €/m² - soit 625,68 €/mois • Loyer de référence majoré : 17,40 €/m² - soit 750,81 €/mois Classe énergétique : C (de 111 à 180). Les frais d'agence sont de 566,13 € maximum. Pour toute question ou visite, merci de remplir la demande de visite.",https://www.vizzit.fr/fr/property/appartement/lyon-7eme/Ake3v08hwjbkm32p,https://lb1.vizzit.com/2568359a/Ake3v08hwjbkm32p/Photos/Ake3v08hwjbkm32p_1.jpg?639256227320000000,2026-09-26
Lyon 5ème (Rhône),630 €/mois,89 m² - 5 pièces - 1 chambre,"Avec IMMOJEUNE, trouvez les meilleurs logements étudiants et jeunes actifs en quelques clics et en toute confiance. C'est dans le quartier Vieux Lyon (5ème arrondissement) que se situe cette chambre de 21 m² ! Louée meublée, dans un appartement de 89 m² (5 chambres), elle est équipée d'un lit double (140x190), d'un bureau, de rangements et d'un espace détente. Sa situation idéale permet d'être à proximité de la Fourvière et des commodités. Dans ce coliving équipé d'un lave-linge et d'un sèche-linge, le loyer mensuel comprend internet, les provisions sur charges et l'assurance habitation. Eligible aux APL. Mis à jour le Updated on",https://www.vizzit.fr/fr/property/appartement/lyon-5eme/A2x94ozx9e63uj28,https://lb1.vizzit.com/1018609a/A2x94ozx9e63uj28/Photos/A2x94ozx9e63uj28_1.jpg?639254056180000000,2026-09-26
Lyon 1er (Rhône),985 €/mois,48 m² - 2 pièces - 1 chambre,"À deux pas du métro Croix-Paquet À seulement 2 minutes à pied de l'Opéra, de l'Hôtel de Ville et de la Place des Terreaux. Tous commerces et transports à proximité immédiate , dans un secteur recherché du 1er arrondissement, découvrez ce charmant T2 meublé au sein d'une résidence sécurisée. L'appartement séduit par son séjour spacieux et lumineux, grâce à de grandes fenêtres, avec une cuisine américaine meublée et très bien équipée. Le séjour dispose également d'un beau canapé-lit,bureau, offrant un espace supplémentaire particulièrement pratique. À l'étage, une agréable mezzanine avec une hauteur supérieure à 1,80 m constitue un véritable espace nuit avec chambre à coucher. Le charme est renforcé par les poutres apparentes à la française qui apportent beaucoup de caractère à l'ensemble. Prestations : Les plus : Très lumineux Fibre optique très haut débit Immeuble sécurisé (double digicode) Appartement prêt à vivre, aucun équipement à prévoir Disponible le 18 septembre 2026. Un appartement idéal pour étudiant, jeune actif ou couple, à la recherche d'un logement de caractère au cœur de Lyon, avec le métro Croix-Paquet à proximité immédiate. Contact : Bruno PERBET",https://www.vizzit.fr/fr/property/appartement/lyon-1er/Axhc1gk6pdyt2m0n,https://lb1.green-acres.com/4240164a/Axhc1gk6pdyt2m0n/Photos/Axhc1gk6pdyt2m0n_1.jpg?639252843020000000,2026-09-26
Lyon 3ème (Rhône),1 614 €/mois,117 m² - 5 pièces - 3 chambres,"Dans une résidence bien située dans le quartier Montchat , à proximité de l'école Charles de Foucauld et du cours Docteur Long, bien desservie par les transports en commun avec 2 lignes de bus (C13 et 25) et l'arrêt de métro/Tramway Grange Blanche à 10mn à pied. Immeuble calme et sécurisé avec espaces verts et gardien. Venez visiter ce logement entièrement repeint, clair et lumineux, en étage élevé offrant une belle vue dégagée à l'Est et à l'Ouest. Il est composé d' un grand hall d'entrée, d'un double séjour de 31m², de 3 chambres (de 13, 14 et 19m²), d'une cuisine séparée et meublée, d'une salle de bains, et d'un WC séparé. Belles prestations : fenêtres isolantes double vitrage, nombreux rangements, balcons, parquet chêne au sol et carrelage dans les pièces d'eau - appartement loué avec une cave. Possibilité de louer un garage dans la résidence (loyer en sus). Visite virtuelle disponible sur le site de la régie Juron & Tripier. Zone soumise à l'encadrement des loyers. Loyer de référence majoré : 1 621.78 € Loyer de référence : 1 351.48 € Classe énergétique catégorie E Estimation des coûts annuels d'énergie : entre 2562 et 3466 € Frais d'état des lieux : 354.00 € TTC (3.03 €/m² selon loi ALUR) Honoraires de relocation : .Une visite virtuelle de ce bien est disponible sur notre site Juron Tripier",https://www.vizzit.fr/fr/property/appartement/lyon-3eme/Abevmvtx28yix4jp,https://lb1.vizzit.com/69816a/Abevmvtx28yix4jp/Photos/Abevmvtx28yix4jp_1.jpg?639235847680000000,2026-09-26
Lyon 7ème (Rhône),1 100 €/mois,59 m² - 3 pièces - 2 chambres,"SANS HONORAIRES. Lyon 7. 62 avenue Debourg. Devenez locataire de ce beau T3 de 59 m2 avec terrasse au sein d'une résidence idéalement située. Ce logement se compose d'une entrée avec placard, d'un séjour/cuisine (non équipée, non aménagée) de 22,8 m2, de 2 chambres de 12 m2 et 9 m2 avec placard, d'une salle de bain et d'un WC séparé. Une terrasse de 5 m2 et un garage en sous sol complète ce bien. Eau froide individuelle. Eau chaude, chauffage et taxe d'enlèvement des ordures ménagères provisionnés dans les charges. Proche toutes commodités, écoles, commerces, au pied du métro Debourg. Zone soumise à encadrement des loyers loyer de référence majoré : 890,90 euros loyer de base : 843,03 euros complément de loyer : 0,00 euros Référence à rappeler lors de nos échanges : Les informations sur les risques auxquels ce bien est exposé sont disponibles sur le site Géorisques : Logement Locatif Interm.",https://www.vizzit.fr/fr/property/appartement/lyon-7eme/Aks7w41ntw6xb09x,https://lb1.vizzit.com/69107a/Aks7w41ntw6xb09x/Photos/Aks7w41ntw6xb09x_1.jpg?639235892660000000,2026-09-26
Lyon 7ème (Rhône),888 €/mois,60 m² - 3 pièces - 2 chambres,"Lyon 7, quartier Garibaldi, 86 Cours Gambetta. Appartement de type T3 dans une petite copropriété de 4 logements, résidence moderne ""Boileau "" datant de 1981, au pied du métro ligne D Garibaldi, des commerces, écoles... D'une superficie de 59 m², cet appartement, traversant Nord Sud, situé au 2ème étage / 4 avec ascenseur, se compose d'une entrée, d'un séjour avec dalle marbrière, d'une cuisine indépendante aménagée, de deux chambres donnant sur cour intérieure, dont une avec placard, d'une salle de bains, toilettes séparées. Un garage en sous-sol et une cave complètent ce bien. Loyer appartement + garage, charges comprises : 888€ – loyer 768.41€ + 119.59€ de charges Chauffage individuel gaz, eau froide dans les charges. DPE Consommations énergétiques « C », Emissions de gaz à effet de serre “C” (datant du 2 Septembre 2026) Encadrement des loyers: loyer de référence 684,40 € HC, plafond 820,10 € HC. Taxe d’ordures ménagères 2025 - 155 € Contrat d’entretien chaudière gaz environ 150 €. Dépôt de garantie 1 mois de loyer HC Libre immédiatement Dossier locataire (3x le montant du loyer + charges en revenus) + garants si nécessaire. Merci de renseigner votre profil locataire et préparer votre dossier de candidature via dossier facile ( impôt gouv)",https://www.vizzit.fr/fr/property/appartement/lyon-7eme/Arr1zfviadevojjp,https://lb1.vizzit.com/121345a/Arr1zfviadevojjp/Photos/Arr1zfviadevojjp_1.jpg?639256499970000000,2026-09-26
Lyon 7ème (Rhône),1 349 €/mois,84 m² - 4 pièces - 3 chambres,"T4 en duplex avec balcon, terrasse, climatisation, cave et double garage situé rue Colonel Girard - 69007 Lyon - Quartier Montplaisir - Proche Confluence Découvrez ce bel appartement T4 en duplex, offrant de beaux volumes, un agencement fonctionnel et de nombreux rangements. Au premier niveau, l'appartement se compose d'un séjour/cuisine lumineux ouvrant sur un balcon, de deux chambres, dont une avec placards, ainsi que d'une salle de bains et d'un WC. Le séjour est climatisé, pour un confort appréciable en toute saison. À l'étage, vous trouverez une troisième chambre avec mezzanine, offrant un espace supplémentaire idéal pour un bureau, un coin détente ou du rangement. La mezzanine est également climatisée. La chambre bénéficie d'un accès direct à une agréable terrasse de 24m² sans vis-à-vis, idéale pour profiter des beaux jours en toute tranquillité. Un second WC se trouve également à l'étage et dispose d'une arrivée d'eau permettant l'installation d'un lave-linge et d'un sèche-linge. Le bien est complété par une cave ainsi qu'un double garage fermé en sous-sol, offrant un stationnement sécurisé et un espace de rangement supplémentaire. Loyer : 1259€ Loyer de référence majoré : 1009€ Complément de loyer : 250€ (garage double, terrasse, climatisation) Charges : 90€ Eau froide comprise dans les provisions pour charges. Honoraires : 1103.52€ dont 254.85€ de frais d'état des lieux. Possibilité de payer en 3x (60€ de frais de dossier). Honoraires de 1 103,52 € TTC à la charge du locataire comprenant 254,85 € TTC pour l'état des lieux. Zone soumise à encadrement des loyers. Loyer de référence majoré (loyer de base à ne pas dépasser) 14.00 €/mois. Loyer de base 1009.00 €/mois. Provision sur charges 90 €/mois, régularisation annuelle. Complément de loyer 250 €/mois. Dépôt de garantie 1 259 €. Classe énergie C, Classe climat A Montant estimé des dépenses annuelles d'énergie pour un usage standard : entre 1200.00 € et 1680.00 € sur les années 2021, 2022 et 2023 (abonnements compris).",https://www.vizzit.fr/fr/property/appartement/lyon-7eme/Au33rerxn7r0hhos,https://lb1.vizzit.com/69497a/Au33rerxn7r0hhos/Photos/Au33rerxn7r0hhos_1.jpg?639235038750000000,2026-09-26
Lyon 7ème (Rhône),613 €/mois,21 m² - Studio,"Rue Georges Gouy, à proximité du Métro Debourg - Dans un immeuble récent, studio meublé de 21,10m² au 2ème étage avec ascenseur. Il se compose d'une entrée, une pièce principale avec un coin kitchenette équipé et une salle de douche avec WC. Balcon. Honoraires 212.68€ + 63.72€ Frais d'état des lieux / Zone soumise à l'encadrement des loyers / Loyer de référence médian : 371€HC / Loyer majoré : 445€HC / Complément de loyer : 151€HC La prise de rendez-vous s'effectue en ligne, merci de vous rediriger sur notre site IBT GESTION et de cliquer sur la rubrique ""prendre rendez-vous"", celle-ci se situe au niveau du descriptif de l'annonce . Il vous suffira de réserver votre créneau de visite ou de remplir le formulaire afin d'être placé sur la liste d'attente en attendant de recevoir une invitation. Le locataire (hors étudiants) et les garants doivent chacun disposer de revenus équivalents à 3x le montant du loyer. Les garants doivent être des personnes physiques. Aucun dossier ne sera étudié sans visite préalable.",https://www.vizzit.fr/fr/property/appartement/lyon-7eme/Apalaqmek7yeygi1,https://lb1.vizzit.com/69524a/Apalaqmek7yeygi1/Photos/Apalaqmek7yeygi1_1.jpg?639235018350000000,2026-09-26
Lyon 8ème (Rhône),839 €/mois,56 m² - 3 pièces - 2 chambres,"112 rue Professeur Beauvisage BAT B , LYON 8, joli T3 rénové de 56.29m2 au 1er étage avec ascenseur et comprenant un hall - cuisine - séjour parquet- 2 chambres en parquet- salle de bains et wc . Chauffage collectif gaz, eau chaude individuelle électrique, eau froide collective. 1 GARAGE A LOUER AVEC L APPARTEMENT A 94.73 €/MOIS CHARGES COMPRISES Appartement soumis la garantie loyer impayé. DPE : E Loyer de référence : 613.56 euros Loyer majoré de 20% : 737.40 euros Merci de déposer votre dossier de candidature en ligne avant toute visite. Loyer de 839,00 euros par mois charges comprises dont 102,00 euros par mois de provision pour charges (soumis la régularisation annuelle). Les honoraires charge locataire sont de 738,53 euros ( soit 13,12 euros/m² ) dont 170,56 euros pour état des lieux ( soit 3,03 euros/m² ). Montant estimé des dépenses annuelles d'énergie pour un usage standard : entre 970 et 1360 euros. Prix moyens des énergies indexés en 1958.",https://www.vizzit.fr/fr/property/appartement/lyon-8eme/Avfr9o9sqnmnt79i,https://lb1.vizzit.com/1348763a/Avfr9o9sqnmnt79i/Photos/Avfr9o9sqnmnt79i_1.jpg?639235011510000000,2026-09-26
Lyon 3ème (Rhône),770 €/mois,52 m² - 3 pièces - 2 chambres,"Appartement 3 pièces 52 m² 83 cours Richard Vitton, quartier Montchat, dans un immeuble sécurisé, un T3 lumineux refait à neuf au 4ème étage sans ascenseur, se composant d'un hall, séjour carrelé donnant sur un balcon , cuisine aménagée, 2 chambres et salle d'eau, wc. 1 cave Chauffage individuel électrique Eau chaude individuelle électrique Libre le DPE : E Appartement soumis à la garantie loyer impayé. Loyer de référence : 623.76 € Loyer de référence majoré : 748.51 € Merci de déposer votre dossier sur le site de l'agence avant toute visite. Loyer de 770,00 euros par mois charges comprises dont 55,00 euros par mois de provision pour charges (soumis à la régularisation annuelle). Les honoraires charge locataire sont de 681,98 euros ( soit 13,12 euros/m² ) dont 157,50 euros pour état des lieux ( soit 3,03 euros/m² ). Montant estimé des dépenses annuelles d'énergie pour un usage standard : entre 1 070 et 1 480 euros. Prix moyens des énergies indexés en 1955. Surface : 52 m² Date de réalisation du diagnostic énergétique : Consommation énergie primaire : 260 kWh/m²/an Consommation énergie finale : Non communiqué Montant estimé des dépenses annuelles d'énergie pour un usage standard : entre 1 070 € et 1 480 € sur les années 2021, 2022 et 2023 (abonnements compris).",https://www.vizzit.fr/fr/property/appartement/lyon-3eme/Adax9jojp4p8lx41,https://lb1.vizzit.com/1348763a/Adax9jojp4p8lx41/Photos/Adax9jojp4p8lx41_1.jpg?639234929920000000,2026-09-26
Lyon 3ème (Rhône),1 000 €/mois,65 m² - 3 pièces - 2 chambres,À louer sur lyon 03 appartement t3 non meublé. Ce logement d'une superficie de 65 m² est disponible immédiatement entre particuliers pour un loyer de 1000 € annonce entre particuliers. Code insee : 69383.,https://www.vizzit.fr/fr/property/appartement/lyon-3eme/Awh2w3d2xjixjthx,,2026-09-26
Lyon 7ème (Rhône),1 056 €/mois,80 m² - 4 pièces,"Vous trouverez ce T4 de 80M2, situé au 3er étage d'une charmante résidence fermée et sécurisée possédant un espace extérieur agréable. Idéalement situé, ce bien se trouve à coté de la place JEAN MACE. Il est composé de 3 belles chambres, d'une cuisine fermée ,d'un séjour séjour spacieux et d'une salle de bain équipée d'une baignoire. Enfin, ce bien dispose d'un balcon volumineux. Disponible Immédiatement à la location pour un Loyer de 1056€ CC (chauffage collectif et eau chaude comprises).N'attendez plus et faites nous parvenir votre dossier(Ressources attendues 2800€/mois). Avec 55 000 logements Alliade Habitat, filiale d'Action Logement est le premier bailleur social de la Région Auvergne Rhône Alpes. Merci de nous uniquement par mail:",https://www.vizzit.fr/fr/property/appartement/lyon-7eme/A9jiznki68xipsde,https://lb1.vizzit.com/260763a/A9jiznki68xipsde/Photos/A9jiznki68xipsde_1.jpg?639234146020000000,2026-09-26
Lyon 7ème (Rhône),1 145 €/mois,85 m² - 3 pièces - 2 chambres,"Appartement de type 3 de 85.22m² situé Rue Camille Roy à Lyon 7 , dans une résidence calme et sécurisée, accessible en métro B (Jean Macé) et en tram T2 ( Garibaldi- Berthelot) proche de la place Jean-Macé , des commerces et de toutes commodités. Situé au 2ème étage avec ascenseur, il se compose d'un hall d'entrée avec placard, d'une cuisine séparée, aménagée et équipée (Plaque de cuisson, hotte, four , lave vaisselle) d'un grand séjour de 23m² donnant sur le balcon, de deux chambres dont une avec placard , d'une salle de bains et de Wc séparé. Vous disposez avec cet appartement d'une place de parking et d'une cave. Le chauffage, l'eau chaude et froide et l'entretien chaudière sont individuels au gaz. DPE (Diagnostic de Performance Énergétique) : « DPE D- GES D » Zone soumise à encadrement des loyers : Oui Loyer de base : 980.03€ Loyer de référence majoré (loyer de base à ne pas dépasser) : 1176.Loyer de 1 145,00 euros par mois charges comprises dont 50,00 euros par mois de provision pour charges (soumis à la régularisation annuelle). Les honoraires charge locataire sont de 1 118,09 euros ( soit 13,12 euros/m² ) dont 258,22 euros pour état des lieux ( soit 3,03 euros/m² ). Montant estimé des dépenses annuelles d'énergie pour un usage standard : entre 1 120 et 1 580 euros. Prix moyens des énergies indexés en 2021.",https://www.vizzit.fr/fr/property/appartement/lyon-7eme/Aco1rqzgxm29k0tv,https://lb1.vizzit.com/538256a/Aco1rqzgxm29k0tv/Photos/Aco1rqzgxm29k0tv_1.jpg?639234140580000000,2026-09-26
Lyon 8ème (Rhône),1 043 €/mois,53 m² - 3 pièces - 2 chambres,"3 rue Antoine Dumont 69008 Lyon Venez découvrir cet agréable appartement T3 meublé situé au 1ᵉʳ étage avec ascenseur. Cet appartement de 53,65 m² se compose d'une entrée avec placard, d'une cuisine aménagée et équipée, d'un séjour, d'un dégagement, de deux chambres, d'une salle de bains ainsi que de toilettes séparées. Vous profiterez également d'une terrasse de 5,28 m². En annexe, vous bénéficierez d'un garage en sous-sol. Les charges comprennent l'entretien des parties communes ainsi que l'eau froide. Le chauffage et l'eau chaude sont individuels au gaz. La visite virtuelle: Disponible à partir du . Pour visiter, rien de plus simple: faites la demande de contact en complétant le formulaire et vous recevrez un lien qui vous permettra de réserver une visite. /! \ Si vous n'avez aucun créneau de visite disponible à la réservation, cela signifie que le nombre maximum de visites prévu pour le moment a été atteint. /! \.",https://www.vizzit.fr/fr/property/appartement/lyon-8eme/Anqzrryvyvuh8sxb,https://lb1.vizzit.com/71834a/Anqzrryvyvuh8sxb/Photos/Anqzrryvyvuh8sxb_1.jpg?639241257350000000,2026-09-26
Lyon 6ème (Rhône),1 245 €/mois,78 m² - 2 pièces - 1 chambre,"Découvrez ce superbe appartement de 78 m² composé d'une entrée avec placards, d'une grande distribution qui d'une cuisine indépendante, d'un séjour de près de 25m², d'une chambre de 17m², d'une salle de bains et d'un WC séparé. Logement soumis à l'encadrement des loyers : - Loyer de référence : 1175,70 € - Loyer de référence majoré : 1410,84 € Contact : Axelle",https://www.vizzit.fr/fr/property/appartement/lyon-6eme/Ab1c9b0pdk0d9siv,https://lb1.vizzit.com/2635049a/Ab1c9b0pdk0d9siv/Photos/Ab1c9b0pdk0d9siv_1.jpg?639258840220000000,2026-09-28
Lyon 9ème (Rhône),578 €/mois,22 m² - 2 pièces - 1 chambre,"Au calme avec beaucoup de luminosité et une petite cour aménagée, découvrez ce joli duplex meublé de 22m² composé au rez-de-chaussée d'un séjour avec cuisine aménagée et équipée, de rangements et d'un WC. Au premier étage, vous découvrirez une chambre avec salle d'eau. Logement soumis à l'encadrement des loyers : - Loyer de référence : 338,54 € - Loyer de référence majoré : 405.80 € - Complément de loyer : 162,20 € justifié par la situation calme du logement et l'aménagement de la cour intérieure. Contact : Axelle",https://www.vizzit.fr/fr/property/appartement/lyon-9eme/Az657hk0930hlol6,https://lb1.vizzit.com/2635049a/Az657hk0930hlol6/Photos/Az657hk0930hlol6_1.jpg?639258840220000000,2026-09-28
Lyon 8ème (Rhône),822 €/mois,40 m² - 2 pièces - 1 chambre,"À louer, joli appartement de 40 m² situé rue Maryse Bastié, au 5ᵉ étage d'une résidence récente avec ascenseur. Il se compose d'une cuisine aménagée ouverte sur un séjour lumineux, donnant accès à une grande terrasse de 6 m², une chambre, d'une salle de bain, et d'un garage en sous-sol. Disponible le . A environ 10min du T6 et T2 Loyer de référence majoré (loyer de base à ne pas dépasser): 697€ loyer de base: 697€ complément de loyer 91€.",https://www.vizzit.fr/fr/property/appartement/lyon-8eme/Aqwjf14dqfj44u2x,https://lb1.vizzit.com/4239008a/Aqwjf14dqfj44u2x/Photos/Aqwjf14dqfj44u2x_1.jpg?639258517580000000,2026-09-28
Lyon 7ème (Rhône),1 260 €/mois,65 m² - 3 pièces,"1260€cc a saisir de suite sur lyon 07 secteur jean mace spacieux t3 de 65 m² composé d'une entrée avec grands placards, beau volume dans le séjour avec grand balcon filant, cuisine aménagée, salle de douche, wc séparé, 2 belles chambres très lumineuses avec volets roulants électriques, chauffage collectif, double vitrage, grande cave, dans immeuble avec ascenseur et parking privé et fermé. Zone soumise à encadrement des loyers - loyer de base : 1100€ - loyer de référence majoré : 910€ - maj. De loyer : 190€ - toutes nos offres de location sur loca. Fr - frais de convention : 220€ - cette offre s'inscrit dans le cadre de la fourniture d'un fichier.",https://www.vizzit.fr/fr/property/appartement/lyon-7eme/A1l3h3wlzj5w3uby,https://lb1.vizzit.com/1348021a/A1l3h3wlzj5w3uby/Photos/A1l3h3wlzj5w3uby_1.jpg?639258460250000000,2026-09-28
Lyon 8ème (Rhône),772 €/mois,41 m² - 2 pièces - 1 chambre,"CONTACT UNIQUEMENT PAR MAIL Logement sous garantie de loyer impayé, dossier demandé avant visite Rue Edouard Nieuport, agréable T2 de 41,8m² situé au 2ème étage d'une résidence récente comprenant entrée avec placard aménagé, séjour ouvrant sur balcon de 6m², belle cuisine équipée, salle de bains avec placard, wc séparés. Grand garage en sous-sol. Classe énergie C. Disponible dès maintenant. Loyer: 696.12€ + 76€ Charges (provision eau froide , entretien annuel de chaudière et copropriété). Honoraires de visite, de constitution de dossier, de rédaction de bail et d'état des lieux d'entrée: 548.72€ TTC. Dépôt de garantie : 696€.",https://www.vizzit.fr/fr/property/appartement/lyon-8eme/A205h3bnoxcaeobu,https://lb1.vizzit.com/71950a/A205h3bnoxcaeobu/Photos/A205h3bnoxcaeobu_1.jpg?639258360930000000,2026-09-28
Lyon 7ème (Rhône),2 100 €/mois,92 m² - 3 pièces - 2 chambres,"A LOUER, au pied des pentes de la Croix Rousse, au coeur de la Presqu'île, magnifique appartement rénové de trois pièces en étage élevé avec ascenseur dans superbe immeuble ancien. Il se compose d'un suberbe séjour avec cheminée donnant sur balcon, deux chambres, une cuisine aménagée et équipée, une salle d'eau et un WC. Plusieurs rangements. Eau chaude et chauffage individuel électrique. Loyer mensuel : 2100 € charges comprises dont 100 €/mois de provisions pour charges avec régularisation annuelle. Garantie : 2000 €. Honoraires d'état des lieux facturés ensuite par le gestionnaire : 3 €/m2. Le loyer de base est de 2000 € / mois, le loyer de référence majoré (fixé par arrêté préfectoral) est de 1452,02 € et le complément de loyer est de 547,98 € par mois. Proche tous commerces, écoles et transports en commun. Pour toute visite privée, merci de F.Meyer, votre agent commercial immobilier . Consultez toutes nos annonces sur .",https://www.vizzit.fr/fr/property/appartement/lyon-7eme/Auyeu6lc7dbewzcy,https://lb1.vizzit.com/1341408a/Auyeu6lc7dbewzcy/Photos/Auyeu6lc7dbewzcy_1.jpg?639258338460000000,2026-09-28
Lyon 7ème (Rhône),625 €/mois,18 m² - Studio,"STUDIO MEUBLÉ - LYON 7 - Studio Meublé, Rue Marcel Mérieux 69007 LYON Anjalys vous propose à la location un studio meublé lumineux de 18m2 situé au 5ième étage. Le bien se compose d'une entrée avec placard, une pièce à vivre avec une cuisine ouverte aménagée et équipée (hotte, plaque de cuisson et réfrigérateur) et une salle d'eau avec WC. Chauffage et eau chaude individuelle électrique. Eau froide collective. dès maintenant. Pour visiter ce bien, veuillez directement déposer un dossier de candidature sur notre site internet groupe anjalys, pour cela, vous devez aller dans l'onglet LOUER, sélectionner l'annonce et cliquer sur ""déposer mon dossier"". Contact - Appartement soumis à l'encadrement des loyers. Loyer de référence : 316,50. Loyer de référence majoré : 379,8€. Loyer de 625,00 euros par mois charges comprises dont 35,00 euros par mois de provision pour charges (soumis à la régularisation annuelle). Les honoraires charge locataire sont de 234,00 euros ( soit 13,00 euros/m² ) dont 54,00 euros pour état des lieux ( soit 3,00 euros/m² ). DPE ANCIENNE VERSION. Montant estimé des dépenses annuelles d'énergie pour un usage standard : 650 euros.",https://www.vizzit.fr/fr/property/appartement/lyon-7eme/Azxye0ke0zjxlswf,https://lb1.vizzit.com/68154a/Azxye0ke0zjxlswf/Photos/Azxye0ke0zjxlswf_1.jpg?639258329540000000,2026-09-28
Lyon 7ème (Rhône),1 378 €/mois,96 m² - 4 pièces - 3 chambres,"A LOUER grand F4 de 96m², au 1er étage avec ascenseur, dans une résidence des années 70 avec espaces verts en cour intérieure, comprenant une entrée avec placard, un séjour ouvrant sur balcon, une cuisine indépendante, 3 chambres avec placard: dont une parentale avec salle de bains privative et second balcon, et une 3ème chambre possibilité salle à manger attenante au séjour, une salle d'eau, un WC. Possibilité de parking en sus. Eaux froide et chaude, et chauffage inclus dans les charges ! Location soumise à plafonds de ressources, bien vous munir de votre avis d'imposition 2024.",https://www.vizzit.fr/fr/property/appartement/lyon-7eme/Aq964ivog1nsgjt0,https://lb1.vizzit.com/538559a/Aq964ivog1nsgjt0/Photos/Aq964ivog1nsgjt0_1.jpg?639258318970000000,2026-09-28
Lyon 7ème (Rhône),1 300 €/mois,95 m² - 4 pièces - 3 chambres,"A LOUER en dispo immédiate en face du Parc Bandan, LYON 7, GRAND F4 en RDC sur cour intérieure: une grande entrée desservant un séjour avec balcon et salle à manger attenante indépendante, utilisable en 3ème chambre, une cuisine indépendante, un dégagement desservant 2 chambres dont une avec un second balcon, une salle de bains et une salle d'eau, WC indépendants. Possibilité de parking sous réserve de disponibilité. Eau chaude et froide et chauffage collectifs inclus dans les charges. Location soumise à plafonds de ressources, bien vous munir de votre avis d'imposition 2024.",https://www.vizzit.fr/fr/property/appartement/lyon-7eme/A9ulf8llm552esph,https://lb1.vizzit.com/538559a/A9ulf8llm552esph/Photos/A9ulf8llm552esph_1.jpg?639258316060000000,2026-09-28
Lyon 7ème (Rhône),427 €/mois,18 m² - Studio,"Studio meublé Lyon 7ème - Studio meublé au 7/9 rue Jean Gay Lyon 7ème situé au 6ème étage avec ascenseur. Il comprend un sejour avec coin cuisine, une salle d'eau et wc. Chauffage et eau chaud : Individuels électrique Eau froide : Collective. Loyer de 427,00 euros par mois charges comprises dont 30,00 euros par mois de provision pour charges (soumis la régularisation annuelle). Les honoraires charge locataire sont de 245,18 euros ( soit 13,00 euros/m² ) dont 56,58 euros pour état des lieux ( soit 3,00 euros/m² ). DPE ANCIENNE VERSION. Zone soumise encadrement des loyers. Le loyer de base du bien proposé est de 397 euros, le loyer de référence majoré (fixé par arrêté préfectoral) est de 397,946 euros",https://www.vizzit.fr/fr/property/appartement/lyon-7eme/Aob5ftscm0b2n5or,https://lb1.vizzit.com/2636373a/Aob5ftscm0b2n5or/Photos/Aob5ftscm0b2n5or_1.jpg?639258309850000000,2026-09-28
Lyon 3ème (Rhône),393 €/mois,16 m² - Studio,"SANS SOUCI - Studio meublé à proximité du métro - Découvrez ce charmant studio entièrement meublé, idéalement situé à proximité immédiate de la station de métro Sans Souci, des commerces et de toutes les commodités. Le logement se compose d'une agréable pièce de vie avec un espace kitchenette fonctionnel, équipé d'une plaque de cuisson, de meubles de rangement, d'un réfrigérateur et d'un micro-ondes. Vous profiterez également d'une salle d'eau moderne avec WC. Le chauffage est électrique et individuel. Les charges comprennent l'entretien des parties communes ainsi que la taxe d'enlèvement des ordures ménagères. Un logement confortable et fonctionnel, bénéficiant d'un emplacement pratique et recherché. Contactez-nous pour plus d'informations ou pour organiser une visite. Loyer de 393,00 euros par mois charges comprises dont 35,00 euros par mois de provision pour charges (soumis à la régularisation annuelle). Les honoraires charge locataire sont de 218,45 euros ( soit 13,12 euros/m² ) dont 50,45 euros pour état des lieux ( soit 3,03 euros/m² ). Montant estimé des dépenses annuelles d'énergie pour un usage standard : entre 320 et 470 euros. Prix moyens des énergies indexés en 2021. Zone soumise à encadrement des loyers. Le loyer de base du bien proposé est de 358 euros, le loyer de référence majoré (fixé par arrêté préfectoral) est de 333 euros et le complément de loyer est de 25 euros par mois.",https://www.vizzit.fr/fr/property/appartement/lyon-3eme/A7bqwm5rcs50kz4e,https://lb1.vizzit.com/122022a/A7bqwm5rcs50kz4e/Photos/A7bqwm5rcs50kz4e_1.jpg?639258307520000000,2026-09-28
Lyon 7ème (Rhône),1 165 €/mois,84 m² - 4 pièces - 3 chambres,"A LOUER - LYON 7, rue Lamothe à proximité du Parc Blandan dans immeuble raccordée fibre optique, avec ascenseur. Appartement F4 de 84m² au 6ème étage comprenant : une entrée, une cuisine indépendante ouvrant sur balcon d'angle, un séjour donnant sur le même balcon, 2 chambres plus une salle à manger attenante au séjour, transformable en 3ème chambre, une salle de bains, une salle de douche et WC. Chauffage, eaux chaude et froide, et tantièmes de gaz cuisson collectifs inclus dans les charges. Possibilité de stationnement en sus. Location soumise à plafonds de ressources, bien vous munir de votre avis d'imposition 2024.",https://www.vizzit.fr/fr/property/appartement/lyon-7eme/Aixe05v6biw6aouy,https://lb1.vizzit.com/538559a/Aixe05v6biw6aouy/Photos/Aixe05v6biw6aouy_1.jpg?639258397190000000,2026-09-28
Lyon 8ème (Rhône),545 €/mois,20 m² - Studio,"Studio meublé 20m2 Rue Henri Pensier Lyon 8ème Espace de vie avec kitchenette équipé : évier, plaques de cuisson induction,réfrigérateur, placard,table, chaises. Une salle d'eau avec lavabo, placards,douche,toilette. En mezzanine, 1 lit avec tiroir, espace rangement, bureau Film sans tainsur toute la surface vitrée Volet roulant électrique Contrôle d'accès par badge, visiophone A proximité tous commerces Avenue des Frères Lumière (50m) A 5 mn à pied du lycée Colbert et de l'université Lyon III Manufacturés des tabacs Crespa(400m), Martiniere Montplaisir (800m) Ecole d'infirmière et faculté de médecine 7mn à pied puis métro Sans Souci 2 arrêts Loyer mensuel 520 euros+ 25 euros de provision sur charges(charges d'immeuble et eau) soit 545 euros Dépôt de garantie 520 euros Loca pass accepté , 2 garants demandés. Le logement permet de recevoir les APL Pas de frais d'agence, pas de frais pour établir le bail de location par mail Merci de me décrire en quelques lignes votre situation ainsi que celles de vos [URL masquée pour votre sécurité] ne peux malheureusement pas répondre à tous les mails donc n'oubliez pas de me donner un maximum d'informations Je ne peux pas non plus téléphoner à toutes les personnes intéressées",https://www.vizzit.fr/fr/property/appartement/lyon-8eme/A2sejb482mo69j3p,https://lb1.vizzit.com/276804a/A2sejb482mo69j3p/Photos/A2sejb482mo69j3p_1.jpg?639258241020000000,2026-09-28
Lyon 8ème (Rhône),863 €/mois,30 m² - 2 pièces,"Situé au 68 Avenue des Frères Lumières Proche de la place Ambroise Courtois et du Métro Sans Souci Commerces au pied de l'immeuble Idéal pour un étudiant Surface 30.22m2 + balcon 4m2 3éme étage avec ascenseur Equipement inclus: Four mico-onde et chaleur tournante, lave linge neuf, Frigidaire, Table, Chaises, Canapé, Matelas Meubles, Ustensible de cuisine, Aspirateur..... Prix du loyer 743 euros Charges 120 euros ( comprenant eau froide et chaude + chauffage + parties communes) Soit 863 euros Charges comprises Possibilité place de parking et cave en sous sol ( en sus ) Pas de frais d'agence ( seulement 40 euros de frais de constitution du bail) Pièces justificatives demandées : Pièces d'identité locataire et garants 3 derniers bulletins de salaires (locataire et/ou garants) Justificatif de domicile Attestation de CDI fourni par l'employeur ( locataire et/ou garants ) 2 derniers avis d'imposition 1er contact par messagerie en me laissant vos coordonnés téléphonique Libre à partir du Agence s'abstenir",https://www.vizzit.fr/fr/property/appartement/lyon-8eme/Az29spbk4p1w9f2c,https://lb1.vizzit.com/276804a/Az29spbk4p1w9f2c/Photos/Az29spbk4p1w9f2c_1.jpg?639258240110000000,2026-09-28
Lyon 8ème (Rhône),760 €/mois,35 m² - 2 pièces,"T1 BIS MEUBLÉ AVEC PARKING – LYON 8e – AVENUE VIVIANI À louer, T1 bis meublé de 34 m², situé avenue Viviani, dans le 8e arrondissement de Lyon. L’appartement se compose de : Une entrée avec placard Une cuisine entièrement équipée avec plaque de cuisson, réfrigérateur, four, micro-ondes et lave-linge Un séjour avec coin nuit Une salle de bains avec WC Une place de parking privative complète ce bien ? Un emplacement pratique Le logement est situé à proximité des commerces et des transports en commun : ? Tram T4 – arrêt États-Unis Viviani ? Bus C25 et C26 ? Loyer Loyer hors charges : 670€ / mois Charges : 90€ / mois Les charges comprennent : Chauffage collectif Eau froide Eau chaude ➡️ Loyer charges comprises : 760 € / mois ? Dépôt de garantie : 1 330 € ? Encadrement des loyers Logement situé en zone soumise à l’encadrement des loyers. Pour un logement de 34 m², les références sont : Loyer de référence : 16,70 €/m², soit 567,80 € / mois Loyer de référence majoré : 20,00 €/m², soit 680 € / mois Pour plus de renseignements, n’hésitez pas à me .",https://www.vizzit.fr/fr/property/appartement/lyon-8eme/Adba6inkvkzthz6e,https://lb1.vizzit.com/276804a/Adba6inkvkzthz6e/Photos/Adba6inkvkzthz6e_1.jpg?639258236230000000,2026-09-28
Lyon 8ème (Rhône),1 445 €/mois,79 m² - 4 pièces - 3 chambres,"Appartement Secteur Monplaisir/sans soucis - 4 pièces en Duplex - Chauffage et eau chaude comprise - Garage privatif en sous sol sécurisé - Il se compose d'un séjour ouvrant sur un balcon à vivre, d'une cuisine indépendante, de 3 chambres de belles taille à l'étage, d'une une salle de bains avec meuble vasque double et de 2 WC- Un garage privatif sera à votre disposition. Secteur très demandé rue Saint Fulbert. Référence annonce : FL Date de réalisation du diagnostic : Honoraires à la charge du locataire : 1046 € TTC dont 241 € pour l’état des lieux Dépôt de garantie : 1220 € Montant des charges : 225 € / mois Complément de loyer : 78 € / mois (inclus dans le loyer CC) A propos de la copropriété : Pas de procédure en cours Montant estimé des dépenses annuelles d'énergie pour un usage standard : entre 700 € et 1 000 € par an. Prix moyens des énergies indexés sur l'année 2021 (abonnements compris)",https://www.vizzit.fr/fr/property/appartement/lyon-8eme/Au31bunh8m6a1kjx,https://lb1.vizzit.com/546574a/Au31bunh8m6a1kjx/Photos/Au31bunh8m6a1kjx_1.jpg?639258235480000000,2026-09-28
Lyon 7ème (Rhône),1 281 €/mois,77 m² - 3 pièces - 2 chambres,"A LOUER Lyon 7ème rue du Repos, entre arrêt tram T2 Route de Vienne, et métro Garibaldi, F3 de 77m² dans résidences années 70 raccordée fibre optique, au 8ème étage avec ascenseur, une entrée, une cuisine indépendante, un séjour avec balcon, 2 chambres, une salle de bains, WC indépendant. Une cave complète le bien. Chauffage avec les eaux froide et chaude collectifs inclus dans les charges. Possibilité de stationnement en sus.",https://www.vizzit.fr/fr/property/appartement/lyon-7eme/Agqoj9n29bhq3a3z,https://lb1.vizzit.com/538559a/Agqoj9n29bhq3a3z/Photos/Agqoj9n29bhq3a3z_1.jpg?639259077650000000,2026-09-28
Lyon 8ème (Rhône),904 €/mois,44 m² - 2 pièces - 1 chambre,"Appartement Offre spéciale meublée - Honoraire location offert - Coup de cœur assuré et produit recherché !! Idéalement placé !!! Prix tout compris - Au pied des tramways T2 et T4, des bus et des commerces - Situé dans une belle résidence récente, en étage avec ascenseur, venez découvrir ce beau 2 pièces entièrement meublé avec goût. Il se compose d'une entrée, d'un séjour en parquet et sa cuisine ouverte carrelée, d'une chambre en parquet avec sa jolie et moderne salle de bains et wc séparé. Pour faire le plein d'économies, le chauffage, l'eau froide et l'eau chaude sont déjà compris dans les charges . Enfin pour plus de confort, vous bénéficierez d'un garage privatif. déposez votre dossier en ligne. Référence annonce : FL Date de réalisation du diagnostic : Dépôt de garantie : 1666 € Montant des charges : 71 € / mois A propos de la copropriété : Pas de procédure en cours Montant estimé des dépenses annuelles d'énergie pour un usage standard : entre 810 € et 1 150 € par an. Prix moyens des énergies indexés sur l'année 2021 (abonnements compris)",https://www.vizzit.fr/fr/property/appartement/lyon-8eme/A3nx5y78s5seh0mz,https://lb1.vizzit.com/546574a/A3nx5y78s5seh0mz/Photos/A3nx5y78s5seh0mz_1.jpg?639258234980000000,2026-09-28
Lyon 8ème (Rhône),1 130 €/mois,52 m² - 3 pièces - 2 chambres,"Particulier loue beau F3 entièrement refait à neuf et meublé de 52m2, avec balcon, garage et cave. Proche tout commerce. Equipement : Cuisine entièrement équipée (four, four micro-onde, lave-vaisselle, frigo-congélateur, plaque à induction, vaisselle en quantité suffisante Chambre 1: Lit 2 personnes, penderie Chambre 2 : Lit 2 personnes, bureau, penderie Salon : Canapé-lit en cuir, TV, table à manger avec 6 chaises. Salle de bain : baignoire, machine à laver. Chauffage et chauffe-eau électrique. Bloc climatisation mobile à disposition. Balcon : table + 2 chaises. Loyer charge comprise (eau incluse, électricité en sus). Internet Wifi à disposition. Libre de suite. Agence s'abstenir. Tramway T2 et T4 à proximité. Tramway T6 à 300m. Loyer : 1054€ HC Charge : 76€ Loyer charge comprise :1130€ Garage fermé possible en supplément : 80€ Diagnostique : Note Economie (D) Gaz à effet de Serre (B) Inclus dans les charges : Wi-Fi (fibre 100mb), eau froide .",https://www.vizzit.fr/fr/property/appartement/lyon-8eme/A6idt1xesej1im8r,https://lb1.vizzit.com/276804a/A6idt1xesej1im8r/Photos/A6idt1xesej1im8r_1.jpg?639258234840000000,2026-09-28
Lyon 7ème (Rhône),720 €/mois,18 m² - Studio,"New Home Now vous propose à la location un beau studio meublé entièrement refait à neuf situé dans le quartier Berthelot/Jean Macé au pied de l'arrêt de tramway Route de Vienne (T2), à 10 min à pied du campus de la manufacture des tabacs, et de l'arrêt de métro Jean Macé, de nombreux bus passent au pied de l'immeuble. Avenue Berthelot, 69007 Lyon Immeuble proche de toutes commodités : commerces, restaurants, pharmacie, boulangerie, ... Appartement très lumineux refait à neuf et entièrement meublé comprenant une grande cuisine toute équipée (four, plaque de cuisson, vaisselle, nombreux rangement...), un salon / coin nuit (Lit double, meuble TV, placard mural ...) , une salle de bain (avec douche à l’italienne et machine à laver). Loyer de 720€ charges comprises de 80€ (Eau, charges copropriété, taxe d'ordure ménagère). Chauffage individuel électrique et bonne isolation avec double vitrage. Immeuble fibré. Pour tous renseignements, photos complémentaires ou demande de visites, Merci de me par mail. Appartement disponible immédiatement Information d’affichage énergétique sur ce bien : DPE C Dépôt de garantie : 1 280€ (deux mois de loyer hors charges) Honoraires de mise en location : 234€TTC",https://www.vizzit.fr/fr/property/appartement/lyon-7eme/Aiqr2p32cebfqmah,https://lb1.vizzit.com/4245961a/Aiqr2p32cebfqmah/Photos/Aiqr2p32cebfqmah_1.jpg?639258234630000000,2026-09-28
Lyon 7ème (Rhône),1 455 €/mois,81 m² - 4 pièces - 3 chambres,"T4 A LOUER AVEC GARAGE ET PARKING- JEAN MACE- Proche des transports et commodités, grand appartement T4 comprenant une entrée avec placard, un séjour avec balcon , une cuisine aménagée ( avec plaque et hotte), 3 chambres avec placard, une salle de bains et un WC séparé. Un garage et une place de parking en sous-sol. PHOTOS A VENIR Zone soumise à encadrement des loyers Loyer de référence : 988,81 € HC/mois Loyer de référence majoré : 1.183,33 € HC/mois Complément de loyer : 151,67 € /mois ( garage, parking, balcon, cuisine aménagée) Les informations sur les risques auxquels ce bien est exposé sont disponibles sur le site Géorisques :",https://www.vizzit.fr/fr/property/appartement/lyon-7eme/Akslxhg15w337y9y,https://lb1.vizzit.com/69675a/Akslxhg15w337y9y/Photos/Akslxhg15w337y9y_1.jpg?639258315670000000,2026-09-28
Lyon 7ème (Rhône),1 049 €/mois,77 m² - 3 pièces - 2 chambres,"A LOUER - LYON 7ème rue du Repos, en face du Parc Blandan, proximité Tram Berthelot, et métro Garibaldi, F3 de 77m² au 1er étage avec ascenseur, dans résidences années 7O raccordé fibre optique, et bien entretenue, avec espaces verts communs, comprenant une entrée,, un séjour avec balcon, une cuisine indépendante, 2 chambres, une salle de bains, WC séparés. Chauffage et eaux collectifs inclus dans les charges. Location soumise à plafonds de ressources, bien vous munir de votre avis d'imposition 2024.",https://www.vizzit.fr/fr/property/appartement/lyon-7eme/A0fer9upbudh03xe,https://lb1.vizzit.com/538559a/A0fer9upbudh03xe/Photos/A0fer9upbudh03xe_1.jpg?639258355220000000,2026-09-28
Lyon 8ème (Rhône),520 €/mois,17 m² - Studio,"Au dernier étage, très lumineux et orienté plein sud, un studio de 17 m2 meublé et complètement rénové à neuf avec bail individuel ouvrant droit aux APL. Au 167, boulevard des Etats-Unis à Lyon 8ème. Tram et bus au pied de l'immeuble dans une résidence bien entretenue avec deux ascenseurs, un gardien, des espaces verts et des parkings fermés et 3 cabinets médicaux au RDC. Grace au Tram T4, l'université Lyon 3 Jean Moulin est à 7 minutes, et le Campus de la Doua est à 15 minutes. Correspondances avec les autres lignes de Tram, avec le Metro D, B et A. Le studio est composé d’une cuisine équipée, une salle de bain, une machine à laver. Il est équipé de lit double, armoire, bureau, chaise, étagères …. La cuisine, la SDB, les meubles et l'électroménager sont comme neufs. Le studio est à 520 € / mois. La location est toutes charges inclues comprises (dont électricité, chauffage, eau, Internet, assurance habitation...etc ). Honoraires à la charge du locataire : 120 € TTC Dépôt de garantie : 2 mois de loyer",https://www.vizzit.fr/fr/property/appartement/lyon-8eme/Audetfcqu70bc938,https://lb1.vizzit.com/276804a/Audetfcqu70bc938/Photos/Audetfcqu70bc938_1.jpg?639258232790000000,2026-09-28
Lyon 8ème (Rhône),1 000 €/mois,45 m² - 2 pièces,"Appartement T2 meublé, sans honoraire. Localisé proche de la station Dauphiné - Lacassagne (T3). Cet appartement (2 pièces) propose d'une possibilité de stationnement. Surface : 45 m² Loyer : 1000 € cc DPE D.",https://www.vizzit.fr/fr/property/appartement/lyon-8eme/A1xkk3avtcs3nft9,https://lb1.vizzit.com/276804a/A1xkk3avtcs3nft9/Photos/A1xkk3avtcs3nft9_1.jpg?639259063450000000,2026-09-28
Lyon 8ème (Rhône),500 €/mois,17 m² - Studio,"Secteur Lyon-Bachut - dans immeuble récent calme et sécurisé, particulier loue studio entièrement rénové et équipé. Etage élevé vue dégagée. Proximité immédiate tramway Avenue Berthelot et toutes commodités. Merci d'indiquer vos coordonnées téléphoniques pour plus de renseignements ou visite",https://www.vizzit.fr/fr/property/appartement/lyon-8eme/Ad2hxyfau3m4aams,https://lb1.vizzit.com/276804a/Ad2hxyfau3m4aams/Photos/Ad2hxyfau3m4aams_1.jpg?639258232000000000,2026-09-28
Lyon 3ème (Rhône),1 390 €/mois,74 m² - 3 pièces - 2 chambres,"À louer, dans une résidence calme et très bien entretenue, T3 meublé de 74 m² situé au 3e étage avec ascenseur, à environ 7 minutes à pied du métro Monplaisir-Lumière. L'appartement se compose d'une belle pièce de vie avec cuisine ouverte entièrement équipée et îlot central, donnant accès à un grand balcon de 13 m² exposé ouest. Il dispose de 2 chambres, dont une chambre de 13 m², ainsi que de nombreux rangements. La seconde chambre peut également être aménagée en bureau selon les besoins. Appartement entièrement meublé et équipé : réfrigérateur/congélateur, plaques de cuisson, four, micro-ondes, lave-vaisselle, lave-linge, vaisselle et ustensiles de cuisine, literie, mobilier et équipements d'entretien. Les + du logement - Balcon de 13 m² exposé ouest - Appartement très calme, sans nuisance de rue - Cuisine récente et équipée avec îlot central - Nombreux rangements - Résidence bien entretenue de standing - Cave privative de 6 m² - Place de stationnement extérieure privative - Ascenseur - Environ 7 min à pied du métro Monplaisir-Lumière Loyer et charges: Loyer hors charges : 1 295 € / mois Forfait de charges : 95 € / mois Loyer charges comprises : 1 390 € / mois Dépôt de garantie : 2 590 € Démarche pour premier contact, merci d'indiquer: - Vos coordonnées (nom, prénom, téléphone, e-mail) - Votre profil (situation professionnelle : étudiant / salarié, cursus) et celui du ou des garants Zone soumise à encadrement des loyers Loyer de référence : 1 080,40 € / mois hors charges Loyer de référence majoré : 1 295,00 € / mois hors charges Loyer de base : 1 295,00 € / mois hors charges Complément de loyer : 0 € Performance énergétique DPE : D GES : A Montant estimé des dépenses annuelles d'énergie pour un usage standard : entre 920 € et 1 270 € par an. Prix de l'énergie de référence : 1er janvier 2021.",https://www.vizzit.fr/fr/property/appartement/lyon-3eme/Aeyglsfspf1c9b0j,https://lb1.vizzit.com/276804a/Aeyglsfspf1c9b0j/Photos/Aeyglsfspf1c9b0j_1.jpg?639258221180000000,2026-09-28
Lyon 8ème (Rhône),725 €/mois,33 m² - Studio,"Lyon 08 non loin des transports. Studio meublé de 33 m², disponible pour un loyer de 725 € charges incluses. Le locataire dispose d'un local de stockage, d'un ascenseur, d'une possibilité de stationnement. Pas loin de la station États-Unis Viviani (T4).",https://www.vizzit.fr/fr/property/appartement/lyon-8eme/Ay4tumfdtveip2bj,https://lb1.vizzit.com/3236804a/Ay4tumfdtveip2bj/Photos/Ay4tumfdtveip2bj_1.jpg?639258184050000000,2026-09-28
Lyon 5ème (Rhône),600 €/mois,20 m² - 1 pièce,"Rue Juiverie dans le charmant quartier de Vieux-Lyon, proche de toutes commodités et du métro Ligne D (Arrêt 'Vieux Lyon'), découvrez ce studio situé au 4ème étage avec ascenseur. Entièrement rénové, ce logement se compose d'une pièce principale avec cuisine ouverte équipée et aménagée (meubles hauts et bas, plaque de cuisson, arrivée d'eau et évacuation pour branchement machine à laver), et d'une salle d'eau avec WC. Chauffage et eau chaude individuels électriques. L'eau froide est individuelle. Logement soumis à l'encadrement des loyers : - Loyer de référence : 359,04 € - Loyer de référence majoré : 430,44 € Contact : Axelle",https://www.vizzit.fr/fr/property/appartement/lyon-5eme/A7pbux0zo3p18la7,https://lb1.vizzit.com/2635049a/A7pbux0zo3p18la7/Photos/A7pbux0zo3p18la7_1.jpg?639257975200000000,2026-09-28
Lyon 3ème (Rhône),950 €/mois,36 m² - Studio,"A louer, studio meublé de 36 m² situé à Lyon, dans le 3è arrondissement, proche métro Garibaldi & gare Part Dieu. Il fait partie d'une résidence dans un quartier calme donnant sur le parc Jacob Kaplan, la rue étant réservé à la circulation des habitants seulement. Le studio, situé au RDC, comprend une pièce principale lumineuse, une salle de bain avec baignoire, une cuisine équipée et séparée, et un dressing indépendant. L'agencement permet une bonne séparation des espaces de vie et de repos. Cet appartement a été entièrement refait à neuf il y a 12 mois et tout le mobilier, neuf, a également 12 mois. Un parquet massif en chêne a été complètement changé et posé en Septembre. Dans la résidence: - 1 place de parking dans le parking sous terrain de la résidence, est comprise avec le bien (accès via ascenseur ou escalier) - Ascenseur - Cuisine équipée et séparée - Bien complètement meublé. Mobilier de moins de 12 mois. Machine à laver et réfrigérateur inclus. Chauffage individuel. Classe énergie E - Classe climat B. Studio disponible dès maintenant. Contactez-moi pour plus d'informations ou pour organiser une visite. Dossiers complets uniquement acceptés. Location en direct, agences s'abstenir. Merci.",https://www.vizzit.fr/fr/property/appartement/lyon-3eme/A0mlcf8j8svfz1lx,https://lb1.vizzit.com/14576a/A0mlcf8j8svfz1lx/Photos/A0mlcf8j8svfz1lx_1.jpg?639257835420000000,2026-09-28
Lyon 7ème (Rhône),683 €/mois,29 m² - 1 pièce,"Au 5ème étage avec ascenseur, découvrez ce joli appartement de 29m² composé d'une cuisine ouverte d'un séjour avec alcôve faisant office de chambre, et d'une salle d'eau avec WC. Logement soumis à l'encadrement des loyers : Loyer de référence : 498,29 € Loyer de référence majoré: 597,37 € Complément de loyer : 65,63 € se justifiant par le calme, la luminosité et l'absence de vis-à-vis. Contact : Axelle",https://www.vizzit.fr/fr/property/appartement/lyon-7eme/Audjmn5mvkcp8gki,https://lb1.vizzit.com/2635049a/Audjmn5mvkcp8gki/Photos/Audjmn5mvkcp8gki_1.jpg?639258254480000000,2026-09-28
Lyon 8ème (Rhône),910 €/mois,46 m² - 2 pièces - 1 chambre,"Appartement de type 2 de 46.76m2 au 3ème étage avec ascenseur, situé Rue des Alouettes 69008 LYON. Il se compose d'un hall d'entrée avec rangements, de WC séparés, un séjour ouvert sur une cuisine donnant sur un balcon, d'une chambre et d'une salle de bains attenante. L'appartement est loué avec un garage et une cave. A proximité immédiate de la station de métro D arrêt Monplaisir Lumière, du Tramway T2 et de la place Ambroise Courtois. Disponible Loyer de référence majoré (loyer de base à ne pas dépasser): 806€ loyer de base: 806€ complément de loyer: 54€.",https://www.vizzit.fr/fr/property/appartement/lyon-8eme/Azv3hykdeaq4igan,https://lb1.vizzit.com/239955a/Azv3hykdeaq4igan/Photos/Azv3hykdeaq4igan_1.jpg?639257644620000000,2026-09-28
Lyon 8ème (Rhône),950 €/mois,49 m² - 2 pièces,"Découvrez cet appartement de 2 pièces de 50 m² à Lyon (69008). Il est situé au 4e étage d'un immeuble avec ascenseur. Son intérieur inclut une entrée, une cuisine aménagée équipée, une salle d'eau, une pièce à vivre, une alcôve et des toilettes. Cet appartement est équipé d'un chauffage individuel électrique. Disponible à partir de mi-juillet. LOYER CC / mois: 950 € dont 26 € de provisions pour charges - Honoraires charge locataire: 539 € dont 147 € TTC pour état des lieux - Dépôt de garantie: 924 € Réf. : LA2332 Coline GIROUD - - Retrouvez toutes nos annonces sur notre site: Honoraires de 539 € TTC à la charge du locataire comprenant 147 € TTC pour l'état des lieux. Zone soumise à encadrement des loyers. Loyer de référence majoré (loyer de base à ne pas dépasser) 1045.51 €/mois. Loyer de base 924 €/mois. Provision sur charges 26 €/mois, régularisation annuelle. Dépôt de garantie 924 €. Classe énergie D, Classe climat C Montant moyen estimé des dépenses annuelles d'énergie pour un usage standard, établi à partir des prix de l'énergie de l'année 2021: entre 840.00 et 1190.00 €.",https://www.vizzit.fr/fr/property/appartement/lyon-8eme/Aar7n6wrtqjz78i9,https://lb1.vizzit.com/4239008a/Aar7n6wrtqjz78i9/Photos/Aar7n6wrtqjz78i9_1.jpg?639257632860000000,2026-09-28
Lyon 8ème (Rhône),723 €/mois,34 m² - Studio,"A voir absolument, Quartier Jets D'Eau, Av. de l'EUROPE, TRAM et nombreux commerces, Dans résidence récente, magnifique studio entièrement meublé avec goût, au 5ème étage avec ascenseur, de 34.11m², comprenant: une pièce principale avec coin cuisine équipée et meublée (frigo, four micro-ondes grill, plaques cuisson, lave-vaisselle), une salle d'eau et wc. Balcon de 11.75m². Loué avec un garage au sous-sol. Chauffage et eau collectifsDISPONIBLE LE 01.09. 2022 Honoraires de 443,43 € TTC à la charge du locataire comprenant 102,33 € TTC pour l'état des lieux. Zone soumise à encadrement des loyers. Loyer de référence majoré (loyer de base à ne pas dépasser) 736.78 €/mois. Loyer de base 650.00 €/mois. Provision sur charges 73 €/mois, régularisation annuelle. Dépôt de garantie 1 300 €. Classe énergie C, Classe climat C. Montant moyen estimé des dépenses annuelles d'énergie pour un usage standard, établi à partir des prix de l'énergie de l'année 2021: 310.00 €. Date de réalisation du DPE: .",https://www.vizzit.fr/fr/property/appartement/lyon-8eme/Ayni20nlh2nxb6l1,https://lb1.vizzit.com/4239008a/Ayni20nlh2nxb6l1/Photos/Ayni20nlh2nxb6l1_1.jpg?639257551140000000,2026-09-28
Lyon 8ème (Rhône),1 018 €/mois,57 m² - 3 pièces - 2 chambres,"À louer, appartement T3 de 58,17 m² comprenant une agréable pièce à vivre avec coin cuisine aménagée et semi équipée (plaque de cuisson et hotte), deux chambres, une salle de bains et des toilettes séparées. Le logement dispose également d'une terrasse offrant un espace extérieur appréciable. Charges comprenant l'entretien de la chaudière gaz, l'entretien de la VMC ainsi que l'entretien des parties communes de la copropriété. Honoraires de 756 € TTC à la charge du locataire. Zone soumise à encadrement des loyers. Loyer de référence majoré (loyer de base à ne pas dépasser) 872.00 €/mois. Loyer de base 842.00 €/mois. Provision sur charges 80 €/mois, régularisation annuelle. Complément de loyer 96 €/mois. Dépôt de garantie 842 €. Classe énergie C, Classe climat C Montant moyen estimé des dépenses annuelles d'énergie pour un usage standard, établi à partir des prix de l'énergie de l'année 2023: entre 432.00 et 584.00 €. Ce bien vous est proposé par un agent commercial (Entreprise individuelle). Votre conseiller Laforêt Cabinet Mermet: Manon Murro Agent commercial (Entreprise individuelle).",https://www.vizzit.fr/fr/property/appartement/lyon-8eme/Aznri8vdl21l56cq,https://lb1.vizzit.com/4239008a/Aznri8vdl21l56cq/Photos/Aznri8vdl21l56cq_1.jpg?639257533120000000,2026-09-28
Lyon 8ème (Rhône),680 €/mois,30 m² - Studio,"A LOUER - T1 MEUBLE de 30m2 - LYON 3 Rue Guilloud: Au sein d'un immeuble sécurisé et de standing, T1 MEUBLE de 30m2 bénéficiant d'un agréable balcon à vivre. Idéalement situé, à proximité des transports et des commerces l'appartement comprend une pièce de vie lumineuse, une cuisine semi-ouverte aménagée et équipée et une salle de bains carrelée avec WC. Charges comprises: entretien des espaces verts et des parties communes. Chauffage individuel au GAZ. DPE: D Disponible dès le 21/8/2026 Honoraires de 390 € TTC à la charge du locataire comprenant 90 € TTC pour l'état des lieux. Loyer de base 630.00 €/mois. Provision sur charges 50 €/mois, régularisation annuelle. Dépôt de garantie 1 260 €. Classe énergie D, Classe climat D Montant moyen estimé des dépenses annuelles d'énergie pour un usage standard, établi à partir des prix de l'énergie de l'année 2022: entre 520.00 et 760.00 €.",https://www.vizzit.fr/fr/property/appartement/lyon-8eme/Ayfpqu3yq367nbdz,https://lb1.vizzit.com/4239008a/Ayfpqu3yq367nbdz/Photos/Ayfpqu3yq367nbdz_1.jpg?639257518820000000,2026-09-28
Lyon 7ème (Rhône),950 €/mois,43 m² - 1 pièce,"LUMINEUX – LOGGIA – ASCENSEUR – PLACE DE PARKING – BELLE HAUTEUR SOUS PLAFOND – CHAUFFAGE ET EAU FROIDE INCLUS DANS LES CHARGES Ce loft d'environ 43 m² est situé au 2 € étage avec ascenseur d'un immeuble d'inspiration explicite de la « Cité Radieuse » de Le Corbusier. Idéalement situé, il se trouve à seulement 1 minute à pied de la place Saint-Louis et 5 minutes à pied de la place Jean Macé, desservie par le métro, le tramway et plusieurs lignes de bus du réseau TCL. Le logement se compose : - Au premier niveau : hall d'entrée, cuisine équipée (réfrigérateur, plaque de cuisson et lave-linge), WC et d'un magnifique salon cathédral donnant accès à une loggia - Au deuxième niveau : coin nuit, salle de bains et dressing. Le bien bénéficie d'une belle hauteur sous plafond et d'une place de parking. L'eau froide et le chauffage sont collectifs et inclus dans les provisions pour charges. Disponibilité : à compter du lundi 12 octobre 2026. Loyer appartement : 860 € / mois Provisions pour charges (charges de copropriété, eau froide et chauffage) : 90 € / mois Dépôt de garantie : 1 720 € Honoraires à la charge du locataire, plafonnés à 10,09 €/m² : 303,71 € Frais d'état des lieux, plafonnés à 3,03 €/m² : 131,32 € Zone soumise à l'encadrement des loyers : Loyer de référence majoré : 1 005,49 € / mois Loyer de base : 836,46 € / mois Vous pouvez consulter toutes nos offres sur notre site internet :",https://www.vizzit.fr/fr/property/appartement/lyon-7eme/Aoqp6cgip3r2jxp6,https://lb1.vizzit.com/85563a/Aoqp6cgip3r2jxp6/Photos/Aoqp6cgip3r2jxp6_1.jpg?639257475630000000,2026-09-28
Lyon 3ème (Rhône),500 €/mois,23 m² - 1 pièce,"A proximité de la place ROUGET DE LISLE et du tramway DAUPHINE-LACASSAGNE, F1 de 23,23 m² situé au 1er étage sans ascenseur, se composant d'une pièce d'entrée avec cuisine aménagée, d'une chambre, et d'une salle d'eau avec wc. Chauffage individuel électrique avec fenêtre double vitrage récent. Loyer de 500 € ( loyer 465 € + provision sur charges locatives 35 € ). Honoraires loi ALUR : 351,47 €.",https://www.vizzit.fr/fr/property/appartement/lyon-3eme/A5sf2zxvncp1gw5z,https://lb1.vizzit.com/584958a/A5sf2zxvncp1gw5z/Photos/A5sf2zxvncp1gw5z_1.jpg?639257474340000000,2026-09-28
Lyon 8ème (Rhône),1 039 €/mois,59 m² - 3 pièces - 2 chambres,"LYON 8, 216 Av Paul Santy, dans un immeuble sans ascenseur, au 2éme étage, T3 meublé de 59 m2 offrant une cuisine aménagée et équipée (Meubles haut et bhotte, four, plaque de cuisson, lave vaisselle, lave linge..) un salon/séjour avec canapé d'angle + TV ouvert sur un balcon 2 chambres avec grand lit tiroir 1 salle de bains avec grande douche à l'italienne toilettes séparées. Une cave compléte ce bien.Bien soumis à l'encadrement des loyers",https://www.vizzit.fr/fr/property/appartement/lyon-8eme/Ak2kzxtqwie2q32b,https://lb1.vizzit.com/263883a/Ak2kzxtqwie2q32b/Photos/Ak2kzxtqwie2q32b_1.jpg?639257461730000000,2026-09-28
Lyon 7ème (Rhône),743 €/mois,33 m² - 1 pièce,"03 BERTHELOT - A SAISIR 65 RUE DU REPOS, dans résidence de standing sécurisée au pied du tramway t2 (route de vienne). T1 bis entièrement meublé et aménagé de 34m² situé au rez-de-chaussée avec terrasse et jardin, il comporte une entrée, une pièce principale avec cuisine équipée et meublée, un séjour et un coin nuit séparé par des portes coulissantes. Placards aménagés. Salle de bain avec meubles sous vasque et lave linge. Wc indépendant. Parking en sous sol sécurisé. ZONE SOUMISE A ENCADREMENT DES LOYERS LOYER DE REFERENCE MAJORE (LOYER DE BASE A NE PAS DEPASSER) : 712.97 EUR LOYER DE BASE : 712.00 EUR Consommation d'énergie totale entre 500EUR et 720EUR par an (prix moyens des énergies indexés au ).",https://www.vizzit.fr/fr/property/appartement/lyon-7eme/Ax715m07iei4du3z,https://lb1.vizzit.com/69646a/Ax715m07iei4du3z/Photos/Ax715m07iei4du3z_1.jpg?639257460410000000,2026-09-28
Lyon 8ème (Rhône),519 €/mois,19 m² - Studio,"T1 MEUBLÉ 69008 LYON - Idéalement situé dans le quartier dynamique de Lyon 8ème, ce studio fonctionnel au 5ème étage offre un cadre de vie pratique et agréable, parfait pour étudiants ou jeunes actifs à la recherche d'une adresse centrale. D'une surface de 19 m², cet appartement lumineux se compose d'une pièce principale bien agencée, d'un espace kitchenette et d'une salle d'eau. Situé au 83 D rue Laennec, il bénéficie de la proximité immédiate des commerces, des transports en commun et des universités, facilitant tous vos déplacements quotidiens. Ne manquez pas cette opportunité de vous installer dans un secteur recherché à un loyer attractif. Contactez-nous dès maintenant pour organiser une visite et découvrir votre futur chez-vous à Lyon 8ème. Loyer de 518,90 euros par mois charges comprises dont 20,00 euros par mois de provision pour charges (soumis à la régularisation annuelle). Les honoraires charge locataire sont de 249,28 euros ( soit 13,12 euros/m² ) dont 57,57 euros pour état des lieux ( soit 3,03 euros/m² ). DPE ANCIENNE VERSION. Montant estimé des dépenses annuelles d'énergie pour un usage standard : 555 euros. Prix moyens des énergies indexés en 2023.",https://www.vizzit.fr/fr/property/appartement/lyon-8eme/Ac5og8eqspqhzv1t,https://lb1.vizzit.com/68154a/Ac5og8eqspqhzv1t/Photos/Ac5og8eqspqhzv1t_1.jpg?639257430320000000,2026-09-28
Lyon 3ème (Rhône),667 €/mois,35 m² - 1 pièce,"69003 - 251 rue Garibaldi, au sein d'une résidence sécurisée, découvrez ce T2 de 35,03 m², situé au 4ème étage avec ascenseur. Fonctionnel et agréable à vivre, l'appartement se compose d'une pièce de vie avec cuisine ouverte équipée, comprenant plaques de cuisson, hotte, four et four micro-ondes, d'une chambre avec accès direct à la salle de bains. WC séparés. Loyer = 634 € hors charges NOTRE AVIS : Un appartement fonctionnel et bien agencé, idéal pour une personne seule ou un couple, à proximité des commodités et des transports lyonnais.",https://www.vizzit.fr/fr/property/appartement/lyon-3eme/Ahjmg92ix75rwkcx,https://lb1.vizzit.com/275163a/Ahjmg92ix75rwkcx/Photos/Ahjmg92ix75rwkcx_1.jpg?639258162780000000,2026-09-28
Lyon 8ème (Rhône),626 €/mois,17 m² - Studio,"Appartement de type studio, entièrement meublé, situé Route de Vienne 69008 Lyon. Ce bien d'une superficie de 17m², comprend, pièce principale avec coin cuisine entièrement équipée et aménagée, une salle de douche avec toilettes. Appartement au calme, sur jardin intérieur. Chauffage individuel électrique, eau chaude par cumulus. Proche de toutes commodités et transports en commun. Loyer : 601€ Charges : 25€ Dépôt de garantie : 1 202€ Honoraires : 500€ Pour plus de renseignements et/ou visites merci de nous . CHm Administrateur de Biens",https://www.vizzit.fr/fr/property/appartement/lyon-8eme/Ah6k9h2wug4x3010,https://lb1.vizzit.com/918091a/Ah6k9h2wug4x3010/Photos/Ah6k9h2wug4x3010_1.jpg?639257369420000000,2026-09-28
Lyon 7ème (Rhône),675 €/mois,25 m² - Studio,"À louer, agréable studio non meublé de 25 m² dans le quartier de la Guillotière à Lyon 7e. Conviendrait pour étudiant ou jeune actif, cet appartement offre un cadre de vie pratique et fonctionnel à proximité immédiate des commerces, transports et services. Au 1er étage d'un petit immeuble calme de 3 étages, l'appartement bénéficie d'une vue agréable sur une cour intérieure arborée, garantissant calme et tranquillité. L'appartement est en très bon état. Faibles charges. Le logement comprend : - Une entrée - Une pièce de vie lumineuse avec grand placard mural - Une cuisine équipée avec plaque vitrocéramique - Une salle d'eau avec cabine de douche - Un WC indépendant Équipements et prestations : - Double vitrage - Chauffage électrique individuel avec régulation - Cumulus électrique - Compteur HP/HC - VMC - Nombreux rangements - (Climatisation à l'étude) Localisation - Sur un axe majeur du quartier de la Guillotière à proximité des rues Rachais et de la Madeleine - Accès rapide aux commerces, bus, métro et stations Vélo'v - Emplacement très central. Informations complémentaires - Classe énergie : D - Classe climat : B - Disponibilité : septembre 2026 - Loyer : 675 € charges comprises - Prévoir frais honoraires : constitution du dossier et rédaction du bail - Garants et références exigés Pour toute demande de visite, merci de présenter brièvement votre situation (professionnelle ou étudiante). Les visites seront organisées après étude de votre dossier de location.",https://www.vizzit.fr/fr/property/appartement/lyon-7eme/Alb6bngj281yyw0k,https://lb1.vizzit.com/276804a/Alb6bngj281yyw0k/Photos/Alb6bngj281yyw0k_1.jpg?639257368610000000,2026-09-28
Lyon 7ème (Rhône),975 €/mois,44 m² - 2 pièces - 1 chambre,"65 RUE RACHAIS Quartier JEAN MACÉ, proche des transports et commodités. Découvrez cet appartement T2 MEUBLÉ au 1er étage avec ascenseur. Il se compose d'une entrée, d'une pièce de vie lumineuse avec cuisine ouverte, aménagée et équipée (four, lave-vaisselle, plaque de cuisson, hotte, réfrigérateur) s'ouvrant sur une terrasse donnant sur une vue arborée, d'une chambre avec placard, d'une salle de bains attenante et d'un WC indépendant. Une place de parking en sous-sol vient compléter ce bien.",https://www.vizzit.fr/fr/property/appartement/lyon-7eme/A5yree12svi7e2jz,https://lb1.vizzit.com/316843a/A5yree12svi7e2jz/Photos/A5yree12svi7e2jz_1.jpg?639257468220000000,2026-09-28
Lyon 7ème (Rhône),600 €/mois,60 m² - 3 pièces - 2 chambres,!Je suis ni propriétaire ni Professionnel de location ! !! Échange uniquement entre logement Social à logement Social à respecter !! Si vous n’êtes pas logement social ne pas m’envoyer de message merci ? !! Je propose d’échanger cet appartement social si vous habitez les secteurs suivants : Genas - Brignais - Mions - Chaponost -Saint Genis laval- Craponne - Saint Rambert - Saint Cyr au mont d’or-Saint romain en mont D’or -Lyon 9 coté Saône -Francheville -Caluire . Je recherche un F3/F4 uniquement. entre 600€/800€ de Loyer L’appartement est non meublé de 3 pièces de 60 m² situé à Lyon 7 secteur Gerland. Cet immeuble de 4 étages offre un cadre de vie agréable. Cet appartement comprend 2 chambres et 1 salle de bain équipée d'une baignoire. La cuisine est équipée. L'appartement bénéficie d'une belle luminosité naturelle. - Cuisine équipée - Baignoire - Interphone - Place de parking - Gardien - Chauffage individuel Classe énergie et classe climat non renseignées. N'hésitez pas à me pour plus d'informations ou pour organiser une visite.,https://www.vizzit.fr/fr/property/appartement/lyon-7eme/Ayokusy9bs72x7zl,https://lb1.vizzit.com/276804a/Ayokusy9bs72x7zl/Photos/Ayokusy9bs72x7zl_1.jpg?639257367050000000,2026-09-28
Lyon 8ème (Rhône),706 €/mois,40 m² - 2 pièces - 1 chambre,"LYON 8 / Rue du Général Gouraud / transports et commerces à proximité, Appartement entièrement rénové de type 2 de 40,48m² situé au 3ème et dernier étage, traversant composé d'un séjour/cuisine incluant une cuisine meublée et équipée d'une plaque de cuisson , d'une hôte aspirante et un four, d'une chambre à coucher donnant sur la cour intérieur au calme ,d'une salle de bains, WC séparé, A noter que le stationnement est gratuit dans la rue. Eau froide individuel , production eau chaude et chauffage individuel électrique Loyer de 651,00 Euros € + 55,00 € de provisions sur charges Ce bien immobilier est situé dans une zone soumise à l'encadrement des loyers Loyer de base : 13,4€ /m² mensuel hors charges soit 542,43 Euros € Loyer de référence majoré (loyer de base à ne pas dépasser) :651,73 Euros € /m² mensuel hors charges soit 953,04€ Disponible immédiatement Conditions de location : revenus équivalent à 3 mois de loyers charges comprises. Pas de garant (sauf étudiants). Dossier à déposer sur la plateforme FLATBAY. Référence interne : 9RUEDUGENERALGOURAUD",https://www.vizzit.fr/fr/property/appartement/lyon-8eme/Agg5kpx0dgri14n7,https://lb1.vizzit.com/264215a/Agg5kpx0dgri14n7/Photos/Agg5kpx0dgri14n7_1.jpg?639257529480000000,2026-09-28
Lyon 8ème (Rhône),700 €/mois,35 m² - 2 pièces - 1 chambre,"Petit duplex calme et reposant proche Monplaisir Petit duplex situé à proximité des hôpitaux (hôpital Édouard Herriot, du centre Léon Bérard et de l hôpital jean Mermoz), des écoles ( faculté de médecine, écoles d infirmière) et des transports ( bus, métro ligne D direction la presque île en 15min, ou Mermoz pur navette aéroport, et tram notamment T5 direction Eurexpo ou navette pour le stade ) Ambiance cosy Propre et lumineux Calme, sans vis à vis Petit immeuble de deux étages la cuisine est équipée d ? Emplacement privilégié. Le logement se compose de : ✨ Une belle pièce à vivre lumineuse Une chambre en mezzanine Avec renfoncement possibilite dressing + Arrivée d' eau pour machine à laver ? Une cuisine équipée e deux plaques à induction et rangement. ? Une salle d’eau ? Un environnement calme et agréable ? Surface : 36m2 au sol, 24 m2 loi carrez ? 2er étage Possibilité de se garer gratuitement dans la rue ? Loyer : 700 € charges comprises Dossier à fournir avant la visite du logement, garant physique demandé où garantie visale Libre immédiatement Agence sabstenir, merci. Contact par SMS avec mail pour envoie dossier candidature",https://www.vizzit.fr/fr/property/appartement/lyon-8eme/Agoxk7633qo6g8h0,https://lb1.vizzit.com/276804a/Agoxk7633qo6g8h0/Photos/Agoxk7633qo6g8h0_1.jpg?639257364310000000,2026-09-28
Lyon 7ème (Rhône),691 €/mois,29 m² - 1 pièce,"Lyon 7ème - 61 rue félix brun métro jean-jaurès résidence le pavillon brun au 1er étage avec ascenseur, appartement t1 meublé de 28.56 m² composé d'un hall d'entrée avec placard, une pièce de vie avec coin nuit et cuisine ouverte meublée et équipée, une salle de bains avec wc. Vous bénéficiez d'une magnifique terrasse de 21 m² et d'une place de parking en sous sol. Loyer = 600.84 € + 90 € charges (eau froide, eau chaude, chauffage inclus) zone soumise à encadrement des loyers : loyer de référence : 510.58 € loyer de référence majoré : 612.",https://www.vizzit.fr/fr/property/appartement/lyon-7eme/Accll248ma1afcxg,https://lb1.vizzit.com/4118075a/Accll248ma1afcxg/Photos/Accll248ma1afcxg_1.jpg?639257474920000000,2026-09-28
Lyon 3ème (Rhône),950 €/mois,59 m² - 3 pièces - 1 chambre,"LYON 3ème SAXE-GAMBETTA - Au coeur de ce quartier très prisé du 3ème arrondissement et de sa vie commerçante, dans un immeuble ancien de bonne facture sécurisé, découvrez ce ravissant T3 de 59,95 m² habitables idéalement situé à 2 pas du Métro. Situé au 3ème étage et profitant d'un belle luminosité du fait de son exposition Sud, il se compose d'une entrée, d'une double réception spacieuse de 37 m² avec séjour, salle à manger et cuisine ouverte parfaitement équipée et aménagée, ainsi qu'une alcôve offrant un espace nuit en seconde jour ou un bureau. Côté nuit, retrouvez une belle chambre de 12,55 m² au calme sur la cour intérieure, une salle d'eau et WC indépendant. Cet appartement a conservé tout le charme de l'ancien avec son parquet Chêne et ses cheminées décoratives en marbres. Emplacement premium à proximité immédiate des commerces, restaurants et transports en communs, avec à 50 m les Métro B et D (arrêt ""Saxe-Gambetta""), ainsi que les lignes de bus C5, C12, C14 et C27 et des stations Vélo'V. Disponible immédiatement. A visiter sans tarder, pour tout renseignement Essentiel Gestion Locative directement par téléphone Ce loyer de 950 € charges comprises intègre une provision sur charges de 60 € pour l'entretien des parties communes. (Encadrement des loyers : Loyer de référence : 749,38 € / Loyer de référence majoré : 899,25 €). Dépôt de garantie : 890 € Honoraires d'agence : 785 € (604 € Visites/Constitution du dossier/Rédaction de bail et 181 € Etat des lieux)",https://www.vizzit.fr/fr/property/appartement/lyon-3eme/A2b0l915s9qokq27,https://lb1.vizzit.com/275711a/A2b0l915s9qokq27/Photos/A2b0l915s9qokq27_1.jpg?639257474440000000,2026-09-28
Lyon 3ème (Rhône),1 362 €/mois,71 m² - 3 pièces - 2 chambres,"T3 dec 70,79 m2 (proximité Part Dieu) dans une résidence de très bon standing, au 3ème étage avec ascenseur, comprenant : un séjour,une cuisine indépendante équipée, un hall d'entrée, deux chambres,une salle de bain avec douche,wc séparé , chauffage au gaz de ville, ,un box au rez -de -chaussée . La cuisine et la salle de bain refaits entièrement en 20023. Pour plus d'infos ou visiter me . Disponible au",https://www.vizzit.fr/fr/property/appartement/lyon-3eme/Awirgftxa4n9dm32,https://lb1.vizzit.com/276804a/Awirgftxa4n9dm32/Photos/Awirgftxa4n9dm32_1.jpg?639257361310000000,2026-09-28
Lyon 3ème (Rhône),1 050 €/mois,45 m² - 2 pièces - 1 chambre,"✨ T2 PREMIUM 45 m² – RÉNOVÉ 2025 – CLIMATISÉ – MÉTRO SANS SOUCI ? Rue du Dauphiné – Lyon 69003 ? Métro Sans Souci à proximité ? Tramway T4 – station Dauphiné-Lacassagne à proximité ? UN APPARTEMENT PREMIUM, PRÊT À VIVRE À louer, magnifique T2 de 45 m² entièrement rénové en 2025, situé rue du Dauphiné dans le 3e arrondissement de Lyon. L'appartement a été aménagé avec soin afin d'offrir un excellent niveau de confort, avec des équipements modernes et de qualité. Il est proposé entièrement équipé et prêt à vivre. ✨ DES PRESTATIONS DE QUALITÉ ?️ Grand lit double avec matelas haut de gamme, pour un confort optimal ❄️ Climatisation réversible, permettant également de chauffer l'appartement en hiver ? Belle salle de bain avec douche à l'italienne ? Grande Smart TV 65 pouces ? Grande cuisine entièrement équipée ? 4 plaques de cuisson à induction ? Grand réfrigérateur ? Machine à laver séchante ? Fibre Internet ? Appartement entièrement rénové en 2025 Chaque équipement a été choisi pour offrir un logement confortable, moderne et fonctionnel au quotidien. ? LOYER – FORMULE TOUT COMPRIS 950 € / mois ➡️ Loyer + charges de copropriété comprises 100 € / mois de provisions sur charges comprenant notamment : • ? Eau • ⚡ Électricité • ? Fibre Internet ? TOTAL MENSUEL : 1 050 € Un budget clair et maîtrisé pour profiter d'un appartement rénové, climatisé, entièrement équipé et prêt à vivre. ? UN EMPLACEMENT PRIVILÉGIÉ Situé rue du Dauphiné, Lyon 69003, l'appartement bénéficie d'un emplacement pratique à proximité du métro Sans Souci et des commerces et services du quartier. Idéal pour une personne seule ou un couple recherchant un appartement confortable avec des prestations de qualité, sans avoir à prévoir d'achat de mobilier ou d'électroménager. ? Visites sur rendez-vous. Pour toute demande, merci de me via la messagerie Leboncoin en indiquant votre situation et vos disponibilités.",https://www.vizzit.fr/fr/property/appartement/lyon-3eme/Aumea4dgryuvynhr,https://lb1.vizzit.com/222857a/Aumea4dgryuvynhr/Photos/Aumea4dgryuvynhr_1.jpg?639257359510000000,2026-09-28
Lyon 8ème (Rhône),724 €/mois,50 m² - 2 pièces,"VISITE VIRTUELLE EXCLUSIVEMENTQuartier Moulin à vent, à deux pas du Tram T6 et autres transport, dasn une résidence bien entretenue, nous vous proposons ce T2 de 50.51 m² Rénové. Situé au 3ème étage avec ascenseur, il est lumineux orienté Est et au calme sur cour intérieure sans vis à vis. Il est composé d'une entrée, une belle pièce de vie en parquet ouvrant sur un balcon, une cuisine indépendante meublée et équipée d'une hotte, un lave vaisselle et un lave linge, une chambre avec un grand placard aménagé et une salle de bain. Pour plus de confort au quotidien, les WC sont indépendants. Pour simplifier vos déplacements, le logement est loué avec une garage fermé en sous sol. Le chauffage et l'eau chaude sont individuels au gaz vous permettant d'optimiser vos dépenses énergétiques.",https://www.vizzit.fr/fr/property/appartement/lyon-8eme/A8iuvgqp8s6738hq,https://lb1.vizzit.com/200592a/A8iuvgqp8s6738hq/Photos/A8iuvgqp8s6738hq_1.jpg?639257332050000000,2026-09-28
Lyon 3ème (Rhône),810 €/mois,28 m² - 1 pièce,"Au 9 rue du Pr Paul Sisley, à proximité du tramway T3 (Dauphiné Lacassagne), du métro D (Sans Souci) et des commerces, ERA Lacassagne vous propose à la location cet appartement T1 lumineux de 28m2, rénové et meublé. Situé au 2ème étage d'une belle copropriété arborée avec gardiens, au calme, il comprend: une pièce de vie de 18 m2 ouvrant sur un petit balcon orienté Sud-Est, une cuisine semi-ouverte aménagée et équipée, une salle de bains-WC avec emplacement lave-linge. Une place de parking en sous-sol complète l'ensemble. Local à vélos dans la résidence. Appartement disponible le 1er octobre. Loyer 810€ charges comprises dont 30€ de forfait charges. Dépôt de garantie 1560€. Honoraires TTC à la charge du locataire 366€ dont 84€ pour état des lieux. L'Etat des Risques et Pollution peut être consulté sur",https://www.vizzit.fr/fr/property/appartement/lyon-3eme/Algj5799c74fms81,https://lb1.vizzit.com/85498a/Algj5799c74fms81/Photos/Algj5799c74fms81_1.jpg?639257248960000000,2026-09-28
Lyon 7ème (Rhône),805 €/mois,46 m² - 2 pièces - 1 chambre,"Très beau T2 de 46m2 avec avec terrasse jardin et grand garage, au calme au pied du métro Jean-Jaurès. Il se compose d'une belle pièce de vie, lumineuse et sans vis-à-vis, une chambre, salle de bains, WC Séparés. Triple vitrage, VMC double flux. Au chaude / Chauffage / Eau froide INCLUS DANS LE PRIX. Disponible au 20 octobre.",https://www.vizzit.fr/fr/property/appartement/lyon-7eme/Ailjpigx4z48aqr0,https://lb1.vizzit.com/4239008a/Ailjpigx4z48aqr0/Photos/Ailjpigx4z48aqr0_1.jpg?639257217440000000,2026-09-28
Lyon 3ème (Rhône),614 €/mois,39 m²,"Tout savoir sur ce bien EXCLUSIVITÉ - T1- 69003 Votre Cabinet Citya Barioz vous propose à la location, un appartement nu 1 pièce de 39,81 m² au 99 avenue Lacassagne 69003 LYON. Situé au 8eme et dernier étage, venez découvrir ce spacieux studio composé d'une entrée avec placard, d'une pièce de vie avec coin cuisine équipée (meubles, lave vaisselle, lave linge et plaques de cuisson) donnant sur un balcon avec vue dégagée et d'une salle de bains avec WC. Voir plus L'appartement possède un chauffage individuel alimenté à l'électricité. Une place de parking et une cave complètent cette location. Il y a des écoles de tous niveaux (de la maternelle au lycée) à moins de 10 minutes à pied. Côté transports en commun, on trouve 11 lignes de bus, la ligne de métro D (Monplaisir Lumière) ainsi que les stations de tramway Dauphiné-Lacassagne (ligne T3), Reconnaissance-Balzac (ligne T3) et Grange Blanche (lignes T5 et T2) dans un rayon de 1 km. Des autoroutes et la nationale N346 sont accessibles à moins de 9 km. Pour vos loisirs, vous pourrez compter sur un théâtre. Il y a un grand choix de restaurants et trois bureaux de poste. Zone soumise à l'encadrement des loyers : - Loyer de référence : 658,85 € HC - Loyer de référence majoré (loyer de base à ne pas dépasser) : 789,83€ HC Votre agence vous invite à découvrir toutes les originalités de cet appartement à louer en prenant RDV avec l'un de nos négociateurs immobilier. Le bien est soumis au statut de la copropriété. Loyer de 614,80 euros par mois charges comprises dont 37,00 euros par mois de provision pour charges (soumis à la régularisation annuelle). Soit avec Assurance Habitation et Assistance ( 18.00 euros ) : 632,80 euros. Les honoraires charge locataire sont de 517,53 euros ( soit 13,00 euros/m² ) dont 120,62 euros pour état des lieux ( soit 3,03 euros/m² ). Vous pouvez consulter les barèmes d'honoraires à l'adresse suivante : bareme-location Montant estimé des dépenses annuelles d'énergie pour un usage standard : entre 800 et 1 100 euros. Prix moyens des énergies indexés en 2023. Zone soumise à encadrement des loyers. Le loyer de base du bien proposé est de 577,8 euros, le loyer de référence majoré (fixé par arrêté préfectoral) est de 792,219 eurosLes informations sur les risques auxquels ce bien est exposé sont disponibles sur le site Géorisques : . Service facultatif. Contribution annuelle ""attentats"" non comprise. Voir conditions en agence.",https://www.vizzit.fr/fr/property/appartement/lyon-3eme/Aycu4ippke104clx,https://lb1.vizzit.com/308407a/Aycu4ippke104clx/Photos/Aycu4ippke104clx_1.jpg?639256915920000000,2026-09-28
Lyon 3ème (Rhône),759 €/mois,66 m² - 2 pièces,"Tout savoir sur ce bien A LOUER // T2 de 66,05 m², situé dans le 3e arrondissement de Lyon (69003) Le logement se compose d'une entrée, d'une chambre, d'une cuisine et d'une salle d'eau. Il bénéficie également d'un chauffage individuel électrique. Voir plus Un emplacement idéal Le bien se situe à proximité immédiate de nombreux commerces, restaurants, boulangeries, supermarchés et services. Côté transports, vous profiterez d'un emplacement particulièrement bien desservi avec neuf lignes de bus à proximité, ainsi que la gare de Lyon Part-Dieu, le métro Sans Souci (ligne D) et les tramways T3 et T4. Plusieurs établissements scolaires sont accessibles à moins de 10 minutes à pied. Les principaux axes routiers sont également facilement accessibles. Pour vos loisirs, vous trouverez notamment un théâtre à quelques minutes du logement. Loyer de 759,46 euros par mois charges comprises dont 38,00 euros par mois de provision pour charges (soumis à la régularisation annuelle). Soit avec Assurance Habitation et Assistance ( 21.00 euros ) : 780,46 euros. Les honoraires charge locataire sont de 866,58 euros ( soit 13,12 euros/m² ) dont 200,13 euros pour état des lieux ( soit 3,03 euros/m² ). Vous pouvez consulter les barèmes d'honoraires à l'adresse suivante : bareme-location Montant estimé des dépenses annuelles d'énergie pour un usage standard : entre 1 090 et 1 510 euros. Prix moyens des énergies indexés en 2021. Zone soumise à encadrement des loyers. Le loyer de base du bien proposé est de 721,46 euros, le loyer de référence majoré (fixé par arrêté préfectoral) est de 1 096,43 eurosLes informations sur les risques auxquels ce bien est exposé sont disponibles sur le site Géorisques : . Service facultatif. Contribution annuelle ""attentats"" non comprise. Voir conditions en agence.",https://www.vizzit.fr/fr/property/appartement/lyon-3eme/Au2xpiw2m0gojhzi,https://lb1.vizzit.com/308407a/Au2xpiw2m0gojhzi/Photos/Au2xpiw2m0gojhzi_1.jpg?639256901500000000,2026-09-28
Lyon 3ème (Rhône),1 047 €/mois,75 m² - 3 pièces - 2 chambres,"A saisir! T3 traversant de 75,67 m² situé 99 avenue Felix Faure 69003 LYON. Appartement au 3ème étage avec ascenseur comprenant un hall d'entrée, une cuisine séparée, un séjour et une première chambre donnant sur un balcon filant, une deuxième chambre, une salle de bains et toilette séparée. Une cave et une place de parking agrémentent ce bien en très bon état, à proximité de toutes les commodités. Chauffage et eaux collectifs. Zone soumise à encadrements des loyers. Loyer de base: 908.04 €. Loyer de base majoré: 1089.65 €. Montant estimé des dépenses annuelles d'énergie pour un usage standard: entre 910.00 € et 1280.00 € par an. Prix moyens des énergies indexés au . Adresse: 69003 - LYON 3E ARRONDISSEMENT - 99 AVENUE FELIX FAURE. Loyer HC: 877.85 €. Charges mensuelles: 170 €. Honoraires de location: 992.79 €. Dépôt de garantie: 877.85 €. DPE Vierge. Pour découvrir cette réelle opportunité de location, contactez-moi: régie gindre - 3 Grande rue de la Croix Rousse - 69004 LYON - Consultez notre site pour plus de photos et d'informations sur ce bien.",https://www.vizzit.fr/fr/property/appartement/lyon-3eme/Ajtl3cwt39ng9umk,https://lb1.vizzit.com/4239008a/Ajtl3cwt39ng9umk/Photos/Ajtl3cwt39ng9umk_1.jpg?639256809030000000,2026-09-28
Lyon 7ème (Rhône),558 €/mois,28 m² - 1 pièce,"Rue Raoul Servant - Disponible à partir du 30 septembre 2026 Pour candidater, rendez-vous sur notre site internet -> onglet ""Dépôt dossier locataire en ligne"" -> plateforme Zelok (option gratuite uniquement) Idéalement situé à deux pas des commerces et transports en commun de la place Jean Macé. Agréable T1 de 28m² situé au 4ème étage avec ascenseur, il comprend une entrée, une pièce principale avec cuisine ouverte aménagée et équipée, un grand balcon, une salle de bains avec wc et un dressing. L'eau froide est comprise dans les charges. Chauffage et eau chaude individuels électriques.",https://www.vizzit.fr/fr/property/appartement/lyon-7eme/Ae2i0gn78axezl6p,https://lb1.vizzit.com/713280a/Ae2i0gn78axezl6p/Photos/Ae2i0gn78axezl6p_1.jpg?639256624240000000,2026-09-28
Lyon 3ème (Rhône),1 215 €/mois,80 m² - 4 pièces - 3 chambres,"Appartement T4 - 9 cours Albert Thomas -69003 LYON. A proximité du Métro D (arrêt Sans souci), de l'Université Lyon III et de toutes commodités. D'une surface d'environ 80 m², il se compose d'une entrée, séjour parqueté ouvrant sur un balcon, d'une cuisine meublée (plaques de cuisson et hotte), de trois chambres, d'une salle de bains, WC séparé et nombreux rangements. Le garage n° 11 est loué avec l'appartement. Chauffage individuel gaz, eau chaude individuelle, eau froide collective. Loyer 1150 euros par mois charges comprises dont: - 75euros de charges locatives (provision donnant lieu à régularisation annuelle). Honoraires charge locataire: 1040.78 euros TTCDépôt de garantie: 1075 eurosDisponible le 1er juillet 2024 Honoraires de 1 050,38 € TTC à la charge du locataire comprenant 242,58 € TTC pour l'état des lieux. Zone soumise à encadrement des loyers. Loyer de référence majoré (loyer de base à ne pas dépasser) 1064.80 €/mois. Loyer de base 1064.80 €/mois. Provision sur charges 95 €/mois, régularisation annuelle. Complément de loyer 55,20 €/mois. Dépôt de garantie 1 120 €. Classe énergie C, Classe climat C Montant estimé des dépenses annuelles d'énergie pour un usage standard: entre 870.00 € et 1210.00 € sur les années 2021, 2022 et 2023 (abonnements compris).",https://www.vizzit.fr/fr/property/appartement/lyon-3eme/Al24k8poeh16cn7b,https://lb1.vizzit.com/537063a/Al24k8poeh16cn7b/Photos/Al24k8poeh16cn7b_1.jpg?639257604100000000,2026-09-28
Lyon 7ème (Rhône),791 €/mois,59 m² - 2 pièces - 1 chambre,"En plein cœur du quartier Saxe, de ses nombreux commerces et divers moyens de transports. Rue Montesquieu, Dans une belle résidence sécurisée et bien entretenue. Nous vous invitons à venir découvrir ce superbe deux pièces à la superficie confortable de 59m2 !Il se compose d'un double séjour en parquet, d'une cuisine indépendante ouvrant sur un balcon qui vous offrira des moments privilégiés au calme, d'une salle de bains fonctionnelle, d'une chambre séparée avec placards, et de toilettes. Eau froide incluse dans les charges. merci de poser votre dossier en ligne pour une visite",https://www.vizzit.fr/fr/property/appartement/lyon-7eme/Atgwwienw3u79r20,https://lb1.vizzit.com/4117118a/Atgwwienw3u79r20/Photos/Atgwwienw3u79r20_1.jpg?639256593920000000,2026-09-28
Lyon 8ème (Rhône),680 €/mois,26 m² - Studio,"Meublé- Chauffage et eau chaude inclus- Au pied du tram T2, dans une copropriété calme et sécurisé, venez visiter ce charmant studio entièrement meublé et très fonctionnel, il est composé d'un espace de vie très agréable, d'une kitchenette équipée de 2 plaques électriques et d'un frigo, d'une salle d'eau. Il vous apportera un grand confort pour un petit budget. Pour visiter, merci de remplir le formulaire de contact. Ensuite vous recevrez un lien pour déposer votre dossier en ligne. Une conseillère reviendra vers vous rapidement après étude de vos documents pour programmer une visite.Zone soumise à encadrement des loyers.",https://www.vizzit.fr/fr/property/appartement/lyon-8eme/Ajnzixfl1c7ztl8r,https://lb1.vizzit.com/4117118a/Ajnzixfl1c7ztl8r/Photos/Ajnzixfl1c7ztl8r_1.jpg?639256591060000000,2026-09-28
Lyon 8ème (Rhône),650 €/mois,20 m² - Studio,"Sudio étudiant loué meublé : 20m2 Refait à Neuf moins -3ans Proche des Tram T2 et T4 (desservent : Université Lumières Lyon 2, Grange Blanche, Manufacture des tabacs etc... ainsi que les gares Part Dieu et Perrache) Éligible aux APL Ce logement offre tout le confort: - Cuisine équipé + ustensiles -TV -Four / micro ondes -Canapé Lit ( drap non fournis) -Lave linge -Bureau -Rangements Le montant de la location comprend: - Électricité / Chauffage / Eau - Charges de copropriété Ne comprend pas : - Abonnement internet Les visites se feront uniquement près étude et validation de votre dossier. Merci d'envoyer: - Dernière fiche d'imposition ( garants) - Derniers bulletin de salaire (3) (garants) - Carte d'identité (garants + locataire) - justificatif de domicile (garants)",https://www.vizzit.fr/fr/property/appartement/lyon-8eme/Aq3z6ji9xrmxv2i5,https://lb1.vizzit.com/276804a/Aq3z6ji9xrmxv2i5/Photos/Aq3z6ji9xrmxv2i5_1.jpg?639256501130000000,2026-09-28
Lyon 7ème (Rhône),1 371 €/mois,97 m² - 4 pièces - 3 chambres,"REF:015439 EN EXCLUSIVITÉ ET SANS FRAIS D'AGENCE T4 de 97m² situé 3 RUE GALLAND 69007 LYON à proximité de la Place Jean Macé (bus, Tram T2, Gare et Métro B). Au 1 er étage avec ascenseur, le logement se compose d'une entrée avec rabgement, d'un spacieux séjour donnant sur une véranda, une cuisine séparée donnant sur un balcon, 3 chambres avec rangements, salle de bain et wc séparé. Chauffage individuel au Gaz. Possibilité de louer un GARAGE en sous sol au tarif suivant 57 euros CC/mois Montant du loyer 1 260,66 euros/mois HC, montant des charges 109,90 euros/mois. LOYER CC 1370,56 euros Pour info, zone soumise à encadrement des loyers - Le loyer HC ne peut dépasser 1 325 euros, soit le loyer de référence MAJORE de la Métropole",https://www.vizzit.fr/fr/property/appartement/lyon-7eme/Akj37tu70gbx0yo2,https://lb1.vizzit.com/69482a/Akj37tu70gbx0yo2/Photos/Akj37tu70gbx0yo2_1.jpg?639256612280000000,2026-09-28
Lyon 7ème (Rhône),1 220 €/mois,49 m² - 2 pièces - 1 chambre,"A louer, T2 meublé de 49m2, situé au 6 place du traité de Rome, Lyon 7ème. A 5minutes à pied du métro B L'appartement se compose d'un salon très spacieux et lumineux, offrant un bel espace de vie ainsi que d'une grande chambre, également très spacieuse (13m2). Le logement est entièrement meublé et équipé : canapé, table de séjour, lit double, lave linge, lave vaisselle, TV, four, frigo, hotte... Une place privative fermée en sous-sol complète le logement ainsi qu'un balcon. Immeuble sécurisé récent avec local à vélos. Conditions financières : - Loyer appartement : 965€ - Garage box fermé : 140€ - Provision sur charges : 115€ (inclus charges de copropriété, eau chaude et froide et chauffage) - Dépôt de garantie : 2210€ Disponible le 19 octobre.",https://www.vizzit.fr/fr/property/appartement/lyon-7eme/Apv1w3hzokvkdu2z,https://lb1.vizzit.com/276804a/Apv1w3hzokvkdu2z/Photos/Apv1w3hzokvkdu2z_1.jpg?639256494130000000,2026-09-28
Lyon 7ème (Rhône),600 €/mois,17 m² - Studio,"Ce studio s'ouvre sur une pièce de vie aménagée d'un canapé, d'une table basse, d'un lit double, d'une table de chevet avec une lampe, d'une bibliothèque murale ainsi que d'un bureau avec une chaise et une lampe. La cuisine ouverte est équipée d'un micro-ondes, d'une bouilloire, d'un réfrigérateur, de plaques de cuisson ainsi que d'un placard mural. La salle d'eau dispose d'une douche, d'un lavabo avec un miroir ainsi que d'un WC. Idéalement situé, proche de plusieurs commodités : À quelques pas de l'Université Jean Moulin Lyon 3 À 3 minutes à pied de l'arrêt de tram Lycée Colbert, desservi par la ligne T4 À 4 minutes à pied du Parc Blandan À 10 minutes à pied de l'arrêt de métro Sans Souci, desservi par la ligne D À 11 minutes en transport en commun de la gare Part-Dieu et du centre commercial Westfield La Part Dieu À 14 minutes en transport en commun du centre-ville de Lyon (Bellecour)",https://www.vizzit.fr/fr/property/appartement/lyon-7eme/Aalq6lc8go6efxd6,https://lb1.vizzit.com/276804a/Aalq6lc8go6efxd6/Photos/Aalq6lc8go6efxd6_1.jpg?639256494070000000,2026-09-28
Lyon 8ème (Rhône),1 050 €/mois,69 m² - 3 pièces - 2 chambres,"Je loue cet appartement non meublé de 3 pièces de 69 m² situé au 4e étage d'un immeuble de 5 étages, à Lyon. Construite en 2002, cette résidence offre un cadre de vie moderne et bien entretenu. Cet appartement comprend 2 chambres, 1 salle de bain avec baignoire et un séjour. La cuisine est équipée et séparée. Bénéficiant d'une belle exposition sud, le bien offre une luminosité généreuse, notamment grâce à son balcon avec vue dégagée sur l'environnement urbain. - Ascenseur - Balcon avec vue - Cuisine équipée et séparée - Interphone - 1 place de parking - Cave - Baignoire - Construction récente - Exposition sud L'appartement bénéficie d'une localisation pratique à Lyon, avec un accès facile aux commodités urbaines et une belle vue sur le quartier depuis le balcon. Chauffage au gaz individuel. Classe énergie B - Classe climat B. Appartement disponible en octobre (2026). N'hésitez pas à me pour plus d'informations ou pour organiser une visite.",https://www.vizzit.fr/fr/property/appartement/lyon-8eme/Ay6k8y2pjn4rdic8,https://lb1.vizzit.com/276804a/Ay6k8y2pjn4rdic8/Photos/Ay6k8y2pjn4rdic8_1.jpg?639256494070000000,2026-09-28
Lyon 8ème (Rhône),895 €/mois,44 m² - 2 pièces - 1 chambre,"Nous vous précisons qu'une pré-étude de votre dossier sera effectuée avant l'organisation d'une visite sur place. Pour déposer votre dossier, rendez-vous directement sur notre site internet, sur la page de l'annonce via le bouton 'Déposer ma candidature sur Seventee'. 3 rue des roses 69008 LYON - A quelques minutes à pied de l'avenue Jean Mermoz, desservie par le tramway T6 ainsi que par la ligne de métro D station Mermoz-Pinel, à proximité de nombreuses commodités. En retrait de la rue, au sein d'une résidence sécurisée, venez découvrir ce charmant T2 non meublé de 44,68 m2, situé au 2e et dernier étage avec ascenseur. Le logement se compose d'une entrée, d'une cuisine équipée et aménagée (placards hauts et bas, four, plaques de cuisson, lave-vaisselle, hotte) ouverte sur un séjour lumineux et, donnant accès à un balcon au calme. Il comprend également une chambre avec espace dressing ainsi qu'une salle d'eau avec WC. Réel atout dans ce quartier: une place de parking privative en sous-sol sécurisé. Chauffage et eau chaude individuels au gaz. Disponible immédiatement. Loyer: 895EUR dont 55EUR de charges (provisions mensuelles avec régularisation annuelle). Logement situé dans une zone soumise à l'encadrement des loyers. Loyer de référence: 647.43 EUR. Loyer de référence majoré: 777.43EUR. Complément de loyer: 62.57EUR (Cuisine entièrement équipée, balcon, dernier étage, place de parking) Dépôt de garantie: 840 euros. Honoraires à charge locataire: 586.2 TTC (13.12EUR/m2) - dont état des lieux: 135.38 euros TTC (3,03EUR/m2).",https://www.vizzit.fr/fr/property/appartement/lyon-8eme/Agu1zxg4a3ishoop,https://lb1.vizzit.com/4239008a/Agu1zxg4a3ishoop/Photos/Agu1zxg4a3ishoop_1.jpg?639256354760000000,2026-09-28
Lyon 3ème (Rhône),757 €/mois,52 m² - 3 pièces - 3 chambres,"T3 DE 52.81M² ENVIRON SITUE AU 41 AVENUE ROCKEFELLER SUR LYON 3 PROCHE TRAM ARRET AMBROISE PARE Appartement situé au 4ème étage avec ascenseur composé d'un hall d'entrée, de deux chambres, d'un séjour, d'une cuisine indépendante et d'un WC. Loyer: 707€ Charges: 50€ Dépôt de garantie: 707€ Honoraires: 692.87€ dont 158€ de frais d'état des lieux. Possibilité de payer en 3x (60€ de frais de dossier) Disponible à partir du . Bien soumis à l'encadrement des loyers. Loyer de référence majoré: 14.40€/m² Honoraires de 692,87 € TTC à la charge du locataire comprenant 158 € TTC pour l'état des lieux. Zone soumise à encadrement des loyers. Loyer de référence majoré (loyer de base à ne pas dépasser) 14.40 €/mois. Loyer de base 707.00 €/mois. Provision sur charges 50 €/mois, régularisation annuelle. Dépôt de garantie 707 €. Classe énergie D, Classe climat D Montant estimé des dépenses annuelles d'énergie pour un usage standard: entre 990.00 € et 1390.00 € sur les années 2021, 2022 et 2023 (abonnements compris).",https://www.vizzit.fr/fr/property/appartement/lyon-3eme/Aozsy5g5rtfgwgnr,https://lb1.vizzit.com/4239008a/Aozsy5g5rtfgwgnr/Photos/Aozsy5g5rtfgwgnr_1.jpg?639256352450000000,2026-09-28
Lyon 3ème (Rhône),1 990 €/mois,137 m² - 6 pièces - 4 chambres,"MONPLAISIR / MONTCHAT T6 familial de 137 m² avec terrasse, balcon et double garage À louer, grand appartement de type 6 pièces de 137 m² habitables, au 2ᵉ étage avec ascenseur d’une résidence familiale standing de 1990, bien entretenue, dans un secteur calme à la lisière de Monplaisir et Montchat. L’appartement offre un vrai volume de vie: bel espace séjour / salle à manger, balcon de 5 m² et terrasse de 12 m² pour manger dehors, cuisine indépendante aménagée et équipée, 4 chambres, 1 salle de bains, 1 salle d’eau et 2 WC. Double stationnement en enfilade au sous-sol. Exposition Nord-Sud, ouvertures PVC double vitrage, Logement non meublé, en bon état. Emplacement: rue Feuillat, Lyon 3ᵉ (Sans Souci – Dauphiné / Montchat). À pied: 7 minutes du métro D Monplaisir – Lumière environ 10 minutes de Grange Blanche (métro D + trams T2 / T5, hôpitaux) bus à proximité immédiate (C16, C13, 25, arrêts Feuillat / Harmonie Campus Pro) Commerces, écoles (dont Charles de Foucauld à deux pas), services et axes vers Part-Dieu, Bellecour et l’Est lyonnais. Quartier familial, bien desservi, sans être au cœur du flux Part-Dieu. Honoraires de 1 803 € TTC à la charge du locataire comprenant 416 € TTC pour l'état des lieux. Zone soumise à encadrement des loyers. Loyer de référence majoré (loyer de base à ne pas dépasser) 1700 €/mois. Loyer de base 1700 €/mois. 290 €/mois de charges forfaitaires. Dépôt de garantie 1 700 €. Classe énergie D, Classe climat B Montant moyen estimé des dépenses annuelles d'énergie pour un usage standard, établi à partir des prix de l'énergie de l'année 2021: entre 1640.00 et 2260.00 €. VENTE - ACHAT - GESTION LOCATIVE - LOCATION TeamFi recrute, formation assurée. Devenez apporteur d'affaires en complément de revenus, contactez-nous! La présente annonce immobilière a été rédigée sous la responsabilité éditoriale du mandataire indépendant en immobilier.",https://www.vizzit.fr/fr/property/appartement/lyon-3eme/A51lqolvlgh4xcvs,https://lb1.vizzit.com/4239008a/A51lqolvlgh4xcvs/Photos/A51lqolvlgh4xcvs_1.jpg?639256339920000000,2026-09-28
Lyon 2ème (Rhône),760 €/mois,38 m² - 1 pièce,"Lyon - rue Montcharmont à proximité du théâtre des Célestins F1 de 38m² composé d'une entrée, d'un séjour/chambre, d'une cuisine séparée aménagée et équipée, d'une salle de bains avec wc et branchement lave-linge. le + un espace de rangement attenant. Logement soumis à l'encadrement des loyers Loyer de référence : 679.18 euros Loyer majoré : 815.01 euros Contact : Eva",https://www.vizzit.fr/fr/property/appartement/lyon-2eme/Awlneqfn7lgc140h,https://lb1.vizzit.com/2635049a/Awlneqfn7lgc140h/Photos/Awlneqfn7lgc140h_1.jpg?639256248370000000,2026-09-28
Lyon 8ème (Rhône),1 300 €/mois,63 m² - 3 pièces - 2 chambres,"Appartement T3 meublé de 63 m², climatisé, avec balcon et garage, dans une résidence récente construite en 2016. Loyer de 1 300 € charges comprises. Situé au 3e étage avec ascenseur d'une résidence de 5 étages, le logement comprend une entrée, un salon, 2 chambres, une salle de bains avec baignoire et des toilettes séparées. Il est loué meublé et équipé, prêt à vivre dès votre arrivée. Un garage fermé privatif est inclus, un véritable atout dans un secteur où le stationnement est payant. Les charges forfaitaires couvrent l'eau (abonnement et consommation), l'entretien annuel de la chaudière et de la climatisation, ainsi que les charges de copropriété. L'appartement est idéalement desservi, avec le tramway à proximité immédiate, route de Vienne, le métro B Place Jean Jaurès à 10 minutes à pied, qui permet de rejoindre rapidement Jean Macé et la gare de la Part Dieu, ainsi que plusieurs bus au bout de la rue, dont le C12. Disponible à partir du 1er novembre 2026. Informations locatives : Loyer : 1 300 € charges comprises, soit 1 190 € hors charges et 110 € de charges forfaitaires Zone soumise à l'encadrement des loyers Loyer de référence majoré : 17€/m² Loyer de base : 1 070 € Complément de loyer : 120 €, justifié par le garage fermé privatif et la climatisation Dépôt de garantie : 2 380 € Classe énergie : B",https://www.vizzit.fr/fr/property/appartement/lyon-8eme/A2zgsqugviejerzm,https://lb1.vizzit.com/276804a/A2zgsqugviejerzm/Photos/A2zgsqugviejerzm_1.jpg?639255994120000000,2026-09-28
Lyon 7ème (Rhône),517 €/mois,32 m² - 1 pièce,"LYON 7e ? RUE DE TOULON / RUE DE VIENNE ? PROCHE TRAM T1 À découvrir, appartement traversant de 32,53 m² idéalement situé dans le 7e arrondissement de Lyon, à deux pas du tramway T1 et des lignes de bus. L'appartement se compose d'une pièce de vie, d'une grande cuisine indépendante, ainsi que d'une salle de bains avec WC. Bénéficiant d'un emplacement pratique et recherché, vous profiterez d'un accès rapide aux transports en commun, avec le métro Jean Macé accessible en environ 15 minutes. Un appartement fonctionnel et agréable, idéal pour un étudiant ou un jeune actif, à proximité des commerces, transports et commodités. À visiter sans tarder !",https://www.vizzit.fr/fr/property/appartement/lyon-7eme/Ambzwd8tooiu2ey0,https://lb1.vizzit.com/538559a/Ambzwd8tooiu2ey0/Photos/Ambzwd8tooiu2ey0_1.jpg?639255990370000000,2026-09-28
Lyon 7ème (Rhône),1 200 €/mois,83 m² - 4 pièces - 3 chambres,"T4 de 3 chambres avec balcon, situé à proximité du métro Debourg. Appartement situé au 5e étage sur 9 avec ascenseur, dans un secteur proche des transports, commerces et commodités. Description du logement L'appartement se compose de : 3 chambres Un salon donnant directement sur le balcon Une cuisine séparée Une salle de bains WC Un placard mural offrant un espace de rangement Un balcon Possibilité de louer un garage en supplément Loyer mensuel : 1 100 € Charges mensuelles : 100 € Garage : 100 € / mois en supplément Conditions de location La location est soumise à l'étude préalable du dossier du candidat et, le cas échéant, de son garant. Avant la visite, merci de transmettre les principaux éléments permettant d'étudier votre candidature : situation professionnelle, revenus, type de contrat de travail et présence éventuelle d'un garant. Le dossier complet pourra être demandé à l'issue de la visite. Une attestation d'assurance habitation devra être fournie avant l'entrée dans les lieux. Dépôt de garantie : selon les conditions légales applicables au type de location. Frais de visite, constitution du dossier et rédaction du contrat : 400 € TTC, dans le respect de la réglementation en vigueur. Pour demander une visite Merci de préciser dans votre message : votre situation professionnelle votre type de contrat vos revenus mensuels le nombre de personnes qui occuperont le logement la présence éventuelle d'un garant. Les demandes seront étudiées avant proposition d'un créneau de visite.",https://www.vizzit.fr/fr/property/appartement/lyon-7eme/Ayrhodrcldckcl5w,https://lb1.vizzit.com/276804a/Ayrhodrcldckcl5w/Photos/Ayrhodrcldckcl5w_1.jpg?639255988300000000,2026-09-28
Lyon 3ème (Rhône),1 075 €/mois,69 m² - 3 pièces - 2 chambres,"Appartement 3 pièces comprenant 2 chambres avec balcon donnant sur le parc Sisley, peinture refaite. Hall d’entrée avec placard, un séjour avec cuisine US équipée, deux chambres avec rangement, une salle de bains, un WC séparé et un cellier. Situé au 2ème étage, accès par ascenseur, exposition Nord / Sud. Année de construction 2014, chauffage et eau chaude par chaudière individuelle gaz à condensation. Contrôle d’accès aux parties communes. Proximité écoles et commerces. Tramway T3 (250 m) et métro D (500 m). Possibilité de parking par box individuel. Visite après validation du dossier",https://www.vizzit.fr/fr/property/appartement/lyon-3eme/Aonm6rxrkgtcv666,https://lb1.vizzit.com/14576a/Aonm6rxrkgtcv666/Photos/Aonm6rxrkgtcv666_1.jpg?639255979790000000,2026-09-28
Lyon 8ème (Rhône),765 €/mois,15 m² - Studio,"Studio meublé 15 m² environ – Lyon 8e– Étudiant avec garant À louer à l’année, joli studio d’environ 15 m², très lumineux et entièrement meublé, situé avenue Berthelot, dans un bel immeuble ancien. ? Emplacement idéal étudiant Tram T2 et T4 à environ 5 min à pied Restaurants, supermarchés, pharmacie et salle de sport à proximité Parc Blandan à proximité, idéal pour courir, se promener ou profiter d’un peu de verdure Quartier vivant et populaire ? Le studio comprend : Meublé tout équipé Machine à laver dans le studio Climatisation Télévision Wi-Fi ? Sont compris dans le loyer : Électricité Chauffage Eau Wi-Fi Une laverie se trouve également juste en face pour laver et sécher son linge 1er étage sur 3 – sans ascenseur ? Loyer : 765 € / mois charges comprises ? Dépôt de garantie : 700 € ? Location à l’année ? Location exclusivement pour étudiant avec garant. Merci de me uniquement si vous êtes étudiant(e) et disposez d’un garant. Premier contact par messagerie Leboncoin avec une courte présentation : études suivies, durée souhaitée et situation du garant.",https://www.vizzit.fr/fr/property/appartement/lyon-8eme/Auamdrk5i30f3hh7,https://lb1.vizzit.com/276804a/Auamdrk5i30f3hh7/Photos/Auamdrk5i30f3hh7_1.jpg?639255973320000000,2026-09-28
Lyon 8ème (Rhône),1 400 €/mois,84 m² - 4 pièces - 3 chambres,"T4 de 84m2 dans résidence sécurisée. Place de parking dans la résidence. Interphone et ascenseur. Cuisine équipée Séjour de 24m2 3 chambres avec parquet WC séparés Salle de bain Entrée avec placard Cellier Loggia Proche tous commerces, écoles et facultés. Loyer 1225€+165€de charges/mois eau et chauffage compris. Libre fin octobre",https://www.vizzit.fr/fr/property/appartement/lyon-8eme/Aovis92kkeotrnz5,https://lb1.vizzit.com/276804a/Aovis92kkeotrnz5/Photos/Aovis92kkeotrnz5_1.jpg?639256019650000000,2026-09-28
Lyon 8ème (Rhône),1 045 €/mois,46 m² - 2 pièces - 1 chambre,"À louer, agréable T2 meublé de 46 m² en rez-de-jardin, situé dans un environnement calme. L’appartement a été entièrement rénové il y a 2 ans et est aménagé avec du mobilier moderne et fonctionnel. Il se compose de : - une pièce de vie d'environ 25m² avec cuisine ouverte entièrement équipée (four, plaques à induction, frigo) - une grande terrasse privative de 25 m², au calme et sans vis-à-vis, idéale pour profiter des beaux jours - une chambre avec grand placard de rangement et ventilateur de plafond - une salle de bains - des WC séparés. L'appartement est proposé meublé, avec tout le nécessaire pour une installation immédiate. Loyer - 945 € / mois charges comprises (hors chauffage) - + 100 € / mois pour le garage (box fermé) - Soit 1 045 € / mois avec le garage Appartement disponible à partir de mi octobre Pour plus d’informations ou pour organiser une visite, n’hésitez pas à me . Pas de frais d'agences, gestion en direct.",https://www.vizzit.fr/fr/property/appartement/lyon-8eme/Ap8ek0d7vaz13q3k,https://lb1.vizzit.com/276804a/Ap8ek0d7vaz13q3k/Photos/Ap8ek0d7vaz13q3k_1.jpg?639254735630000000,2026-09-28
Lyon 7ème (Rhône),1 400 €/mois,62 m² - 3 pièces - 1 chambre,"Location meublée Home Attitude (Référence 25707). Retrouvez la visite virtuelle de cet appartement meublé et envoyez votre demande de location uniquement via notre site Home Attitude. Cet appartement meublé prêt à vivre peut être réservé pour une durée comprise entre 3 mois et un an. Séjournez dans cet appartement d'une surface totale de 62m², situé dans le quartier saxe Gambetta et Garibaldi, au cœur du 7ème arrondissement à Lyon à deux pas de la place st Louis. Les stations de métro Garibaldi (D) et Saxe Gambetta (B) sont à seulement 5 min à pied. Ce 1 chambre prêt à vivre pourra vous accueillir vous et 1 personne supplémentaire pour un séjour en toute tranquillité à Lyon. Cet appartement est situé au 2ème étage avec ascenseur. Nos appartements étant tous prêts à vivre et équipés de Wifi, vous n'avez plus qu'à vous installer avec vos valises. Cet appartement est proposé à la location uniquement en bail CODE CIVIL (résidence secondaire ou en bail société) Vous pouvez voir tous nos appartements meublés de qualité, sélectionnés, visités et photographiés par nos agents sur notre site Home Attitude. Envoyez votre demande de location directement en ligne, téléchargez votre dossier locataire et un de nos conseillers reviendra vers vous rapidement.",https://www.vizzit.fr/fr/property/appartement/lyon-7eme/Apx8axgmydbczj5z,https://lb1.vizzit.com/1348082a/Apx8axgmydbczj5z/Photos/Apx8axgmydbczj5z_1.jpg?639254028860000000,2026-09-28
Lyon 8ème (Rhône),898 €/mois,56 m² - 2 pièces - 1 chambre,"Sans frais d'agence ! Chauffage inclus - Résidence récente avec des prestations de qualité, à deux pas du tramway T6 et Métro D arrêt Mermoz, proche des écoles, commerces, axes routiers rapides. Cet appartement composé d'une pièce de vie donnant sur un extérieur, d'une cuisine indépendante équipée et aménagée (Meubles, plaques de cuisson et hotte), une chambre en parquet avec placard mural, une salle de bains équipée ainsi qu'un WC séparé. Un parking privatif en sous-sol sécurisé pour faciliter le quotidien. Le chauffage et l'eau chaude sont inclus dans les charges. Logement soumis à CONDITIONS DE RESSOURCES.",https://www.vizzit.fr/fr/property/appartement/lyon-8eme/A4kor6a7l15ymew6,https://lb1.vizzit.com/4117118a/A4kor6a7l15ymew6/Photos/A4kor6a7l15ymew6_1.jpg?639254027660000000,2026-09-28
Lyon 3ème (Rhône),1 137 €/mois,64 m² - 3 pièces - 2 chambres,"Situé Rue Léon Jouhaux, a proximité immédiate du Métro Garibaldi, des commerces et de la Gare de La Part Dieu. Appartement non meublé au 3ème étage avec ascenseur. Il se compose d'une entrée, un salon avec cuisine américaine meublée et équipée de plaques de cuisson ouvert sur le premier balcon, deux chambres avec placards de 9m2 et 13m2 dont l'une ouverte sur le second balcon, salle de bains et toilettes séparés. Un garage fermé en sous sol est loué avec l'appartement. Chauffage, eaux froide et chaude collectifs inclus dans les charges. Libre le 7 octobre 2026. Référence: 3265 Logement soumis à l'encadrement des loyers : Loyer de référence : 13,3€/m2 soit 853,73 Loyer de référence majoré : 16,00€/m2 soit 1027,04 euros Loyer de référence minoré : 9,3€ soit 596,97 euros Les informations sur les risques auxquels ce bien est exposé sont disponibles sur le site Géorisques : Dépot de dossier en ligne sur SEVENTEE uniquement.",https://www.vizzit.fr/fr/property/appartement/lyon-3eme/A1tm3akhoz1dtdkz,https://lb1.vizzit.com/2666647a/A1tm3akhoz1dtdkz/Photos/A1tm3akhoz1dtdkz_1.jpg?639254027640000000,2026-09-28
Lyon 7ème (Rhône),583 €/mois,35 m² - 2 pièces - 1 chambre,"T2 - LYON 7 - T2 LYON 07 - 97 rue de Gerland LYON 69007 Clesev propose à la location, au 97 rue de Gerland à Lyon 7e, ce charmant T2 situé dans un secteur recherché et dynamique de Lyon. L'appartement se compose d'une entrée, d'un coin cuisine équipée avec meubles, plaque de cuisson, four et hotte, ouvert sur un séjour agrémenté d'une cheminée d'ornement et d'un placard. Il dispose également d'une chambre, d'une salle d'eau et d'un WC. Situé dans le 7e arrondissement de Lyon, le logement bénéficie d'un emplacement pratique, à proximité des commerces, services et commodités du quotidien. Le quartier est également bien desservi par les transports en commun, permettant de rejoindre facilement le centre de Lyon et les différents pôles d'activité de la métropole. Ce T2 offre un cadre de vie agréable et fonctionnel, idéal pour profiter pleinement de la vie lyonnaise. Contactez-nous dès maintenant sur Seventee pour organiser une visite et découvrir votre futur logement !. Loyer de 583,00 euros par mois charges comprises dont 15,00 euros par mois de provision pour charges (soumis à la régularisation annuelle). Les honoraires charge locataire sont de 467,47 euros ( soit 13,12 euros/m² ) dont 107,96 euros pour état des lieux ( soit 3,03 euros/m² ). Logement à consommation énergétique excessive.",https://www.vizzit.fr/fr/property/appartement/lyon-7eme/A0eg5qop0z8565si,https://lb1.vizzit.com/3191423a/A0eg5qop0z8565si/Photos/A0eg5qop0z8565si_1.jpg?639253994550000000,2026-09-28
Lyon 7ème (Rhône),573 €/mois,14 m² - Studio,"Studio meublé - Métro Garibaldi - 314 RUE GARIBALDI 69007 LYON - Nous vous proposons ce studio meublé de 14.87m² + espace nuit sur mezzanine (surface total 19.26m²), idéalement situé à côté du Métro. Coquet et fonctionnel, il se compose d'une pièce de vie avec cuisine meublée et équipée , d'un séjour avec canapé, table et chaises. Loyer : 573 € (553€ de loyer + 20€ de provisions de charges, révisable annuellement) - Dépôt de garantie : 1106 € + Honoraires d'agences : 195.09 € . Logement disponible de suite. Pour plus d'informations, vous pouvez l'agence Encadrement des loyers le loyer de référence pour ce logement est de 19,30€ par m², soit pour 14.87m², un loyer de 286,99€ hors charges. Le plafond (correspondant à 20% de plus que le loyer de référence) à ne pas dépasser pour ce logement est de 23,20€ par m², soit pour 14,87m², un loyer de 344,98€ hors charges. Un complément de loyer est appliqué pour les équipements de conforts apportés par les équipements suivants : Mezzanine, Une machine à laver, Une télévision. Loyer 553.00 € (344.98 € + 208,02 € de complément de loyer pour confort supplémentaire). Loyer de 573,00 euros par mois charges comprises dont 20,00 euros par mois de provision pour charges (soumis à la régularisation annuelle). Les honoraires charge locataire sont de 195,09 euros ( soit 13,12 euros/m² ) dont 45,06 euros pour état des lieux ( soit 3,03 euros/m² ). Montant estimé des dépenses annuelles d'énergie pour un usage standard : entre 350 et 510 euros. Prix moyens des énergies indexés en 2021.",https://www.vizzit.fr/fr/property/appartement/lyon-7eme/Ahgpbc9k0pvgwddg,https://lb1.vizzit.com/798625a/Ahgpbc9k0pvgwddg/Photos/Ahgpbc9k0pvgwddg_1.jpg?639253992050000000,2026-09-28
Lyon 3ème (Rhône),670 €/mois,32 m² - Studio,"A Louer F1 situé 21 rue Paul Bert – LYON 3, côté rue. A proximité immédiate des quais de Rhône, de la place Bellecour et de la Gare de la Part Dieu (via la station de métro Saxe Gambetta et/ou Guillotière). D’une surface d’environ 32 m2, il se décompose d’une grande pièce à vivre avec : - cuisine équipée (plaque vitro, four et frigidaire intégré) - un grand placard La salle de bain a également été refaite en 2016. Le chauffage est électrique. L’immeuble est équipé de la fibre pour internet. Loyer 640 € hors charges (670 € avec la provision pour charge de copropriétés d’un montant de 30 €). Reste à la charge du locataire l’eau et l’électricité. Les visites sont organisées sur place le mardi 22 septembre 2026 entre 09 H 00 et 12 H 00 (l'appartement est situé 21 rue Paul Bert - 69003 LYON au 3ème étage). Les visites sont libres (il n’est pas nécessaire de s’inscrire au préalable ou sur un créneau). Dans la mesure où le bien vous conviendrait, il conviendra de nous remettre votre dossier papier ou électronique après la visite du bien (comprenant les justificatifs habituels quant à l'identité, les revenus et, le cas échéant, les garants). Compte tenu du trop grand nombre de demande, nous ne pouvons répondre téléphoniquement et nous en excusons. Echange possible (si nécessaire) par SMS. Merci",https://www.vizzit.fr/fr/property/appartement/lyon-3eme/A7kfdfpgk6wyj84s,https://lb1.vizzit.com/276804a/A7kfdfpgk6wyj84s/Photos/A7kfdfpgk6wyj84s_1.jpg?639253893310000000,2026-09-28
Lyon 8ème (Rhône),600 €/mois,16 m² - 1 pièce,"A Louer, Studio MEUBLE à Lyon 8ème. A louer, Studio Meublé au rez-de-chaussée, idéalement situé à proximité immédiate des commerces, services et transports en commun. Rénové récemment, ce logement au rez-de-chaussée propose une agréable pièce de vie ouvrant sur un jardin clos, une cuisine ouverte équipée et meublée, un lit et une salle d'eau avec WC séparé. L'appartement dispose de nombreux rangements. Disponible le 7 octobre 2026. Loyer : 600,00 euros charges comprises (dont 70,00 euros de charges). Dépôt de garantie : 1 060,00 euros Honoraires : 220,42 euros (dont 50,90 euros de frais d'état des lieux) Pour visiter ou obtenir plus d'informations, contactez-vous dès aujourd'hui .",https://www.vizzit.fr/fr/property/appartement/lyon-8eme/A1xr3yt9js550s92,https://lb1.green-acres.com/4242479a/A1xr3yt9js550s92/Photos/A1xr3yt9js550s92_1.jpg?639253418030000000,2026-09-28
Lyon 7ème (Rhône),445 €/mois,21 m² - 1 pièce,"RUE DE GERLAND 69007 LYON - PROCHE METRO JEAN MACE Proche de toutes les commodités, commerces et transports en commun Appartement T1 composé d'une cuisine, d'une pièce pouvant servir de séjour ou de chambre et d'une salle d'eau avec wc. Bien soumis à l'encadrement des loyers : - Loyer de référence : 350.30 € - Loyer de référence majoré : 420.35 € - Complément de loyer : 9.65 € Contact : Pauline",https://www.vizzit.fr/fr/property/appartement/lyon-7eme/Ayjsec60au73sewj,https://lb1.vizzit.com/2635049a/Ayjsec60au73sewj/Photos/Ayjsec60au73sewj_1.jpg?639253377500000000,2026-09-28
Lyon 8ème (Rhône),644 €/mois,28 m² - 1 pièce,"Appartement calme situé rue Saint Hippolyte, deux pas du métro Sans-Souci - Comprenant : Entrée - Pièce principale Cuisine - Salle de bains / WC inclus en bains Annexes : parking et cave Chauffage collectif - Eau chaude et eau froide collectives selon index aux compteurs Résidence avec ascenseur et interphone Loyer de référence = 463.98€ Loyer de référence majoré = 556.78€ DPE nouvelle version réalisé en juillet 2022. Loyer de 644,00 euros par mois charges comprises dont 105,00 euros par mois de provision pour charges (soumis la régularisation annuelle). Les honoraires charge locataire sont de 365,56 euros ( soit 13,00 euros/m² ) dont 85,20 euros pour état des lieux ( soit 3,03 euros/m² ). Montant estimé des dépenses annuelles d'énergie pour un usage standard : entre 430 et 620 euros. Prix moyens des énergies indexés en 2021. Zone soumise encadrement des loyers. Le loyer de base du bien proposé est de 539 euros, le loyer de référence majoré (fixé par arrêté préfectoral) est de 556,776 euros",https://www.vizzit.fr/fr/property/appartement/lyon-8eme/Apwxqj5xtpf8b7gz,https://lb1.vizzit.com/641670a/Apwxqj5xtpf8b7gz/Photos/Apwxqj5xtpf8b7gz_1.jpg?639253174100000000,2026-09-28
Lyon 8ème (Rhône),978 €/mois,64 m² - 3 pièces - 2 chambres,"Secteur Bachut, avenue Paul Santy, résidence récente, T3 de 64.01m² au 5ème étage, cuisine indépendante, séjour avec balcon de 5.69m², 2 chambres, salle de bains, WC séparés, chauffage individuel au gaz, garage, disponible le 2 octobre. Assurance habitation (facultative) à partir de 23.66€ par mois. Zone soumise à encadrement des loyers : Loyer de base : 894€. Loyer de référence majoré (loyer de base à ne pas dépasser) : 953.75€.",https://www.vizzit.fr/fr/property/appartement/lyon-8eme/Ajgg384dxtwmme98,https://lb1.vizzit.com/184501a/Ajgg384dxtwmme98/Photos/Ajgg384dxtwmme98_1.jpg?639253148560000000,2026-09-28
Lyon 8ème (Rhône),628 €/mois,57 m² - 3 pièces - 2 chambres,"Appartement 3 pièces 57 m² PRENEZ VOTRE RENDEZ-VOUS : Cliquez sur ' l'agence' ou 'Envoyer un message'. Un lien vous sera envoyé par SMS et par mail afin de pré-valider votre dossier pour obtenir un rendez-vous. 6 RUE JOSEPH CHAPELLE A PROXIMITE DE L'AVENUE BERTHELOT ET DE LA MAIRIE DU 8EME, proche des commerces et du tramway T2, appartement F3 au 1er étage avec ascenseur, composé d'un hall d'entrée, un séjour avec coin-cuisine, deux chambres, une salle de bains, un WC et un garage en sous sol. Chauffage individuel électrique. Dispositif Scellier soumis à plafonds de ressources (zone A) Surface : 57 m² Modalité de récupération des charges locatives : Prévisionnelles mensuelles avec régularisation annuelle Date de réalisation du diagnostic énergétique : Consommation énergie primaire : 148 kWh/m²/an Consommation énergie finale : Non communiqué Montant estimé des dépenses annuelles d'énergie pour un usage standard : entre 880 € et 1 220 € sur les années 2021, 2022 et 2023 (abonnements compris).",https://www.vizzit.fr/fr/property/appartement/lyon-8eme/Ajvpwubl2snjvpkj,https://lb1.vizzit.com/4242335a/Ajvpwubl2snjvpkj/Photos/Ajvpwubl2snjvpkj_1.jpg?639253148210000000,2026-09-28
Lyon 7ème (Rhône),990 €/mois,68 m² - 3 pièces - 2 chambres,"cet appartement nu entièrement repeint 3 pièces de 68,19 m², situé 98 rue du repos dans le 7 ème arrondissement de Lyon, à seulement 5 minutes de la station de TRAM et 10 minutes de la gare Part-Dieu. Ce bien situé au premier étage se compose d'une entrée avec placard, d'un spacieux séjour avec une belle hauteur sous plafond, d'un coin cuisine ouvert sur le séjour, de deux chambres, d'une salle de bains WC . L'appartement est équipé d'un chauffage individuel électrique.",https://www.vizzit.fr/fr/property/appartement/lyon-7eme/Acxrtjz8ang5u821,https://lb1.vizzit.com/4243250a/Acxrtjz8ang5u821/Photos/Acxrtjz8ang5u821_1.jpg?639253109100000000,2026-09-28
Lyon 7ème (Rhône),1 000 €/mois,29 m² - 2 pièces - 1 chambre,"À seulement 50 mètres de la Place Jean Macé, découvrez ce charmant T2 meublé de 29 m² situé au calme, au 2ème étage avec ascenseur dans un immeuble Art Déco, à 2 mn à pied métro B, gare SNCF, bus et tram. Nombreux commerces de proximité facilitent la vie quotidienne. Entièrement rénové et aménagé avec soin, l'appartement offre un cadre de vie confortable, lumineux et fonctionnel. Il se compose d'une entrée avec rangements, d'un agréable séjour baigné de lumière, d'une cuisine ouverte entièrement équipée, d'une chambre séparée ainsi que d'une salle de bain avec WC. L'appartement est loué entièrement meublé et équipé : lit double, canapé, télévision, lave-linge, four, micro-ondes et nombreux espaces de rangement. Loyer : 915 € / mois Charges : 85 € / mois (chauffage, eau chaude et eau froide, électricité) Loyer charges comprises : 1 000 € / mois Dépôt de garantie : 915 € Pas de frais d’agence – location en directe par le propriétaire Disponible à partir du 1 Octobre 2026 Idéal pour jeune actif, salarié en mobilité recherchant un logement clé en main dans l'un des quartiers les plus recherchés de Lyon. Merci de préciser votre situation professionnelle lors de votre premier message (CDI, CDD, étudiant avec garant, mobilité professionnelle, etc.).",https://www.vizzit.fr/fr/property/appartement/lyon-7eme/A8h16ewhlw8uhhc6,https://lb1.vizzit.com/276804a/A8h16ewhlw8uhhc6/Photos/A8h16ewhlw8uhhc6_1.jpg?639253095310000000,2026-09-28
Lyon 7ème (Rhône),1 090 €/mois,62 m² - 2 pièces,"Appartement de 62 m2 à louer sur Lyon T2 traversant meublé de 62m2 situé au 1er étage d'un immeuble situé avenue Berthelot dans le 7ème arrondissement à 10 minutes de Jean-Macé et de la ligne de Métro B et au pied du Tramway T2 (arrêt Garibaldi Berthelot). Appartement : L'appartement est en fin de rénovation, il est composé d'une grande chambre avec alcôve chambre, d'une salle de bain avec grande douche et machine à laver, un grand salon cuisine ouverte calme sur court avec deux fenêtres. Toute la cuisine est neuve et équipée (four, plaque, lave-vaisselle, réfrigérateur), toutes les fenêtres ont été changées également. L'appartement est loué meublé. Localisation : Idéalement situé à proximité de Jean Macé et de ses commerces et marchés, l'appartement est proche de multiples transports en commun (Tramway, Métro, Bus, etc..), la gare de Perrache se situe à moins de 15 minutes en transport. Prix : 1 050 € + 40 € de charges Chercher un logement, c'est l'enfer, alors on a créé 123 Loger pour vous simplifier la vie. Combien ça coûte ? Vous réglez le pass de 34 euros (29 euros pour les étudiants). Le pass est mensuel, votre profil reste actif tant que vous restez abonné-e. Sans engagement, vous pouvez vous désabonner très facilement. Nous offrons une garantie satisfait-e ou remboursé-e pendant 1 mois. Comment ça marche ? Sur 123 Loger, ce sont les propriétaires qui contactent les locataires et ça change tout. 1 - Vous définissez vos critères : villes, surface, budget, etc 2 - Vous décrivez votre profil locataire : CDI, étudiant, indépendant, revenus, garant, etc… Une fois pour toute ! 3 - Les propriétaires consultent votre profil et vous contactent directement. À bientôt sur 123 Loger. CC TTC Charges : 40 euros/mois Lieu : Rhône (69)",https://www.vizzit.fr/fr/property/appartement/lyon-7eme/Aod96wbeapqwrpt8,https://lb1.vizzit.com/4237311a/Aod96wbeapqwrpt8/Photos/Aod96wbeapqwrpt8_1.jpg?639252266810000000,2026-09-28
Lyon 8ème (Rhône),700 €/mois,47 m² - 2 pièces,"Tout savoir sur ce bien EXCLUSIVITÉ - APPARTEMENT T2 NON MEUBLE - 69008 LYON - QUARTIER MONPLAISIR Votre Cabinet Citya Barioz vous propose à la location au 37 rue Saint Mathieu à Lyon 8ème, un appartement de 2 pièces nu de 47,20 m², idéalement situé dans le quartier Monplaisir. Dans un immeuble avec ascenseur, ce bien se compose d'une entrée, d'un séjour spacieux et lumineux, d'une cuisine donnant sur une loggia, d'une chambre et d'une salle de bains et d'un WC séparé. Voir plus Le chauffage et eaux individuelles électriques. Zone soumise à encadrement des loyers : loyer de référence : 1 105.38 €/mois loyer de référence majoré (loyer de base à ne pas dépasser) : 1 326.45 €/mois Des écoles du primaire et du secondaire sont implantées à moins de 10 minutes à pied. Niveau transports, il y a 21 lignes de bus, la gare Lyon Saint-Paul ainsi que les lignes C et A du métro à quelques pas du bien. L'aéroport Lyon-Bron-Bron est accessible à 10 km. Vous trouverez quatre cinémas tout comme deux théâtres non loin du logement. Il y a aussi un grand choix de restaurants et quatre bureaux de poste. Enfin, 2 marchés animent les environs. Découvrez toutes les originalités de cet appartement à louer en prenant RDV avec votre agence Citya Barioz Immobilier. Loyer de 700,00 euros par mois charges comprises Soit avec Assurance Habitation et Assistance ( 21.00 euros ) : 721,00 euros. Les honoraires charge locataire sont de 623,72 euros ( soit 13,12 euros/m² ) dont 144,05 euros pour état des lieux ( soit 3,03 euros/m² ). Vous pouvez consulter les barèmes d'honoraires à l'adresse suivante : bareme-location Montant estimé des dépenses annuelles d'énergie pour un usage standard : entre 780 et 1 100 euros. Prix moyens des énergies indexés en 2023. Service facultatif. Contribution annuelle ""attentats"" non comprise. Voir conditions en agence.",https://www.vizzit.fr/fr/property/appartement/lyon-8eme/A6pullwg7lne0c3h,https://lb1.vizzit.com/194151a/A6pullwg7lne0c3h/Photos/A6pullwg7lne0c3h_1.jpg?639258603150000000,2026-09-28
Lyon 8ème (Rhône),1 010 €/mois,50 m² - 2 pièces - 1 chambre,"Coeur MONPLAISIR Loue en meublé magnifique T2 bis d’environ 50 m2, situé en plein coeur de Monplaisir (à 50m de l’Avenue des Frères Lumières et 3 min de la place). Au calme, sans vis à vis et sécurise, l’appartement (1er étage) donne sur un jardin et est situé à proximité immédiate des commerces, des facultés, des lycées et des arrêts de métro Monplaisir Lumière et grange blanche. Grande pièce de vie toute équipée (canapé convertible, TV, table et chaises, buffet, fauteuil) cuisine aménagée et toute équipée (four, plaques induction, lave-linge, réfrigérateur, micro-onde, machine nespresso et placard de rangement...) Coin nuit composé d’une chambres au calme avec un lit 2 places et des rangements. Salle de bain et WC indépendant Cave partagée Chauffage individuel électrique Disponible immédiatement Prix : 950Euro(s)/mois + 60Euro(s) charges/mois Caution : 2 mois de loyer HC Location directe propriétaire, agences et intermédiaires s’abstenir.",https://www.vizzit.fr/fr/property/appartement/lyon-8eme/A30wba1owujgg32r,https://lb1.vizzit.com/276804a/A30wba1owujgg32r/Photos/A30wba1owujgg32r_1.jpg?639252206700000000,2026-09-28
Lyon 3ème (Rhône),1 460 €/mois,67 m² - 4 pièces - 3 chambres,"15 RUE CAMILLE - 69003 LYON REF : -15 rue Camille - 69003 Lyon T4 - 68 m² - MONTCHAT - GRANDE TERRASSE DE 25 m² + GARAGE En plein coeur du quartier recherché de Montchat, dans un environnement calme et résidentiel, découvrez ce T4 de 68 m² situé au 2? étage avec ascenseur d'un immeuble récent BBC. L'appartement se compose d'un séjour avec cuisine meublée, de 3 chambres, d'une salle de bains ainsi que de WC séparés. Côté extérieur, le logement bénéficie d'un balcon de 4 m² ainsi que d'une très belle terrasse de 25 m², idéale pour profiter pleinement des beaux jours. Un garage en sous-sol complète ce bien. Le chauffage est collectif avec chaudière commune et compteur d'énergie individuel. Loyer : 1280 € / mois Charges : 180 € / mois, comprenant une provision pour le chauffage, l'eau chaude et l'eau froide. Loyer charges comprises : 1460€ / mois Loyer de référence : 828.38€ Loyer de référence majoré : 991.34€ Complément de loyer justifié notamment par le garage, la terrasse et la cuisine meublée. Honoraires : 680 € État des lieux : 155 € Zone soumise à l'encadrement des loyers Référence annonce : -REGIECHOMETTE69 Date de réalisation du diagnostic : Honoraires à la charge du locataire : 835 € TTC dont 155 € pour l’état des lieux Dépôt de garantie : 1280 € Montant des charges : 180 € / mois Modalité de récupération des charges locatives : provision avec régularisation annuelle Complément de loyer : 289 € / mois (inclus dans le loyer CC) A propos de la copropriété : Pas de procédure en cours Montant estimé des dépenses annuelles d'énergie pour un usage standard : entre 520 € et 760 € sur les années 2021, 2022 et 2023 (abonnements compris).",https://www.vizzit.fr/fr/property/appartement/lyon-3eme/A9buge8qe6x3zmqw,https://lb1.vizzit.com/49782a/A9buge8qe6x3zmqw/Photos/A9buge8qe6x3zmqw_1.jpg?639252204890000000,2026-09-28
Lyon 8ème (Rhône),910 €/mois,60 m² - 3 pièces - 2 chambres,Appartement 22 rue gabriel sarrazin 69008 LYON de type 3 traversant avec deux chambres dans une résidence calme et sécurisée a deux pas de la faculté de medecine et du centre LYON BERARD.,https://www.vizzit.fr/fr/property/appartement/lyon-8eme/A5fzjugozk72wc72,https://lb1.vizzit.com/222857a/A5fzjugozk72wc72/Photos/A5fzjugozk72wc72_1.jpg?639252198900000000,2026-09-28
Lyon 7ème (Rhône),850 €/mois,31 m² - 2 pièces - 1 chambre,"T1 BIS MEUBLE LYON 7 Rue Maurice Bouchor T1 BIS Meublé 31 m2, situé entre station de metro Jean Jaurès et station tram Debourg - ?️séjour salon cuisine - ?️cuisine toute équipée, four, plaques, et frigo/congélateur. - ?️ Chambre - ? grande salle de bain (douche) et toilettes + machine à laver - télé / fibre ? À proximité de l’ENS et EM LYON, des transports (metro, tram et bus) de toutes commodités ( commerces de quartier, pharmacie…) Appartement sécurisé avec accès par badge, fenêtre côté residence. 6eme étage sur 6, ascenseur ? Place de parking en sous sol ?‍♂️ Local à vélo en sous sol N’hésitez pas à me demander d’autres photos. Loyer de 850€/mois (750€ loyer + 50€ charges + 50€ place de parking) Premier contact par mail avec description de votre profil locataire svp. Merci de bien vouloir indiquer votre numéro de téléphone pour qu’on vous rappelle. Dépôt de garantie : 2 mois de loyer Garants obligatoires Pas de frais d'agence Disponible dès le 1er novembre 2026",https://www.vizzit.fr/fr/property/appartement/lyon-7eme/Al6blz0cir6n4x3x,https://lb1.vizzit.com/276804a/Al6blz0cir6n4x3x/Photos/Al6blz0cir6n4x3x_1.jpg?639252198850000000,2026-09-28
Lyon 3ème (Rhône),1 105 €/mois,79 m² - 3 pièces - 2 chambres,"À LOUER - LYON 3 - appartement de type T3 de 79.55m², Traversant avec BALCONS ET GARAGE. Dans un environnement résidentiel, découvrez cet agréable appartement traversant de 79,55 m², Situé au 3e étage avec ascenseur. Dès l'entrée, l'appartement offre une distribution harmonieuse et des volumes agréables à vivre, avec un séjour ouvrant sur l'extérieur, une cuisine équipée avec plaque de cuisson et lave-vaisselle, ainsi que deux chambres. Les espaces de vie sont complétés par une salle de bains et un WC, offrant un ensemble fonctionnel et confortable au quotidien L'appartement bénéficie de deux balcons, véritables prolongements des espaces intérieurs, apportant une agréable ouverture vers l'extérieur Autre atout particulièrement appréciable, le bien dispose d'une cave ainsi que d'un garage fermé en sous-sol, offrant des espaces de rangement et de stationnement rares et recherchés Le logement est équipé d'un chauffage individuel au gaz et d'une production d'eau chaude individuelle au gaz, et bénéficie également du raccordement à la fibre. Avec sa belle superficie, son caractère traversant, ses deux espaces extérieurs et ses nombreuses annexes, cet appartement réunit les qualités recherchées pour un cadre de vie confortable et pratique Un bien complet et harmonieux, à découvrir sans tarder Zone soumise à encadrement des loyers : réf : 10.4€/m² réf majoré : 12.",https://www.vizzit.fr/fr/property/appartement/lyon-3eme/A9w0zjhf7x92euns,https://lb1.vizzit.com/538559a/A9w0zjhf7x92euns/Photos/A9w0zjhf7x92euns_1.jpg?639252294330000000,2026-09-28
Lyon 3ème (Rhône),750 €/mois,28 m² - 2 pièces - 1 chambre,"Appartement meublé T2 de 28 m2. Refait récemment, disponible début octobre 2026. Immeuble idéalement situé au 5 rue trarieux Lyon 3, proche de tous commerces et transports en commun. Immeuble ancien, calme et sécurisé. Appartement situé au dernier étage sans ascenseur. Chauffage individuel et chauffe eau électrique individuel. Salle de bain accueillante avec cabine de douche. Cuisine équipée, aménagée et meublée comprenant four, micro-onde, plaque induction, réfrigérateur-congélateur et lave-vaisselle. Pas de lave-linge. Loyer 750 € charges comprises. Montant du dépôt de garantie 1 mois de loyer soit 750€.",https://www.vizzit.fr/fr/property/appartement/lyon-3eme/Azc5grqe7fkk7mrn,https://lb1.vizzit.com/276804a/Azc5grqe7fkk7mrn/Photos/Azc5grqe7fkk7mrn_1.jpg?639252192280000000,2026-09-28
Lyon 7ème (Rhône),1 220 €/mois,48 m² - 2 pièces - 1 chambre,"À louer, très beau T2 meublé de 48,7 m², idéalement situé dans le secteur Saxe / Guillotière à Lyon 7e. L’appartement a été entièrement rénové en 2023 et bénéficie d’une très belle hauteur sous plafond de 3,70 m, qui lui apporte beaucoup de charme, de volume et de luminosité. Il se compose d’un séjour lumineux, d’une chambre, d’un bureau indépendant, ainsi que d’une mezzanine aménagée, idéale comme espace de couchage d’appoint ou de rangement supplémentaire. L’appartement est entièrement meublé et parfaitement aménagé, avec tout le nécessaire pour s’installer confortablement. Les fenêtres ont été remplacées depuis la réalisation du dernier diagnostic, améliorant ainsi l’isolation du logement. Caractéristiques : • Surface : 48,7 m² • T2 meublé • 1 chambre • Bureau indépendant • Mezzanine / couchage d’appoint et rangement • Hauteur sous plafond : 3,70 m • Rénovation complète en 2023 • Appartement lumineux • Climatisation portable • DPE : D • Immeuble ancien de caractère Loyer : 1 220 € / mois hors charges. Appartement agréable, fonctionnel et plein de charme, particulièrement adapté à une personne seule ou à un couple recherchant un logement spacieux avec un véritable espace de télétravail.",https://www.vizzit.fr/fr/property/appartement/lyon-7eme/Ad2ga8die4q6qtow,https://lb1.vizzit.com/276804a/Ad2ga8die4q6qtow/Photos/Ad2ga8die4q6qtow_1.jpg?639252191650000000,2026-09-28
Lyon 3ème (Rhône),1 059 €/mois,50 m² - 2 pièces - 1 chambre,"À louer, appartement de type 2 de 50m² situé au 4ème étage, entièrement meublé. Il comprend un hall, une cuisine équipée, un séjour, une chambre, une salle de bains, des WC séparés et un balcon privatif. L'appartement dispose également d'un garage fermé en sous sol. Disponible le 13 octobre A quelques pas du métro D. Loyer de référence majoré (loyer de base à ne pas dépasser): 909€ loyer de base: 909€ complément de loyer 118€.",https://www.vizzit.fr/fr/property/appartement/lyon-3eme/Ajnu9dtlpftuhnoa,https://lb1.vizzit.com/239955a/Ajnu9dtlpftuhnoa/Photos/Ajnu9dtlpftuhnoa_1.jpg?639252304690000000,2026-09-28
Lyon 7ème (Rhône),1 500 €/mois,56 m² - 3 pièces - 2 chambres,"T3 - MEUBLE - LYON 7 Century 21 le 7 de Cœur vous propose ce T3 de 56m² situé dans une résidence sécurisée à proximité des commerces et des transports : - Métro B et D arrêt ""Saxe - Gambetta"" à 6 minutes à pieds. - Tram 1 arrêt ""Rue de l'Université"" à 6 minutes à pieds. Cet appartement est composé d'une entrée avec placards, un salon séjour avec une jolie cuisine américaine aménagée et équipée ouvrant sur un balcon sans vis-à-vis, 2 chambres dont une avec placard, une salle d'eau avec douche italienne, un couloir avec placards, ainsi qu'un WC séparé. En sus, un garage extérieur est disponible pour 120€/mois. Charges : - Eau froide collective - Eau chaude individuelle Gaz - Chauffage individuel Gaz Disponible le 1er novembre 2026 ! Complément de loyer de 485.18 euros justifié par le mobilier et la décoration non obligatoire, le lave vaisselle, une cave, un four + un micro-ondes, une cave à vin, lave linge.",https://www.vizzit.fr/fr/property/appartement/lyon-7eme/Azxb7h3t6uqzbxt1,https://lb1.vizzit.com/222671a/Azxb7h3t6uqzbxt1/Photos/Azxb7h3t6uqzbxt1_1.jpg?639252059080000000,2026-09-28
Lyon 8ème (Rhône),1 180 €/mois,94 m² - 5 pièces - 3 chambres,"Très bel appartement T5 avec deux grands balcons , cuisine équipée neuve , chambre avec parquet en bois , qui jouxte la maison de la danse .",https://www.vizzit.fr/fr/property/appartement/lyon-8eme/A6q14rys1wx9f9wx,https://lb1.vizzit.com/14576a/A6q14rys1wx9f9wx/Photos/A6q14rys1wx9f9wx_1.jpg?639251643580000000,2026-09-28
Lyon 3ème (Rhône),900 €/mois,53 m² - 2 pièces - 1 chambre,Bel appartement T2 avec parquet et à deux minutes à pied du métro Saxe Gambetta .,https://www.vizzit.fr/fr/property/appartement/lyon-3eme/A0ix11ki0qwgvpub,https://lb1.vizzit.com/14576a/A0ix11ki0qwgvpub/Photos/A0ix11ki0qwgvpub_1.jpg?639251594530000000,2026-09-28
Lyon 7ème (Rhône),763 €/mois,43 m² - 2 pièces - 1 chambre,"Nous vous proposons ce T2 de 43 m² situé au 3ème étage du 51 Rue Raclet à LYON 7ème. Il dispose d'un balcon ainsi que d'un garage simple PMR. Il se compose d'une entrée avec placard, d'une pièce de vie avec cuisine équipée (four, plaques de cuisson, hotte, rangements), d'une chambre ainsi que d'une salle de bains avec toilettes. Chauffage - Eau chaude individuel gaz. Eau froide collective Disponible de suite. Dépôt de dossier en ligne sur notre site internet Zone soumise à encadrement des loyers : - Loyer de référence majoré : 725,35 € - Loyer de référence : 634,51 € - Complément de loyer : 0 € DISPOSITIF PINEL : Plafond de ressources a respecter Loyer HC : 663 € Charges : 100 € Classe énergétique : C Montant estimé des dépenses annuelles d'énergie pour un usage standard : entre 490 € et 710 € Date de référence des prix de l'énergie pour établir cette estimation : Les informations sur les risques auxquels ce bien est exposé sont disponibles sur le site Géorisques :",https://www.vizzit.fr/fr/property/appartement/lyon-7eme/Ag9e99nvwoypze4n,https://lb1.vizzit.com/121617a/Ag9e99nvwoypze4n/Photos/Ag9e99nvwoypze4n_1.jpg?639251421680000000,2026-09-28
Lyon 7ème (Rhône),482 €/mois,16 m² - Studio,"Nous vous proposons ce studio meublé de 17 m² situé au 2ème étage du 191 Rue Marcel Meyrieux à LYON 7ème. Il se compose d'une entrée avec cuisine équipée (plaques de cuisson, rangements, frigidaire), d'une pièce de vie lumineuse ainsi que d'une salle d'eau avec toilettes. Chauffage - Eau chaude individuel électrique Eau froide collective Disponible au . Dépôt de dossier en ligne sur notre site internet Zone soumise à encadrement des loyers : - Loyer de référence majoré : 358,07 € - Loyer de référence : 298,67 € - Complément de loyer : 108,93 € Loyer HC : 467 € Charges : 15 € Classe énergétique : E Montant estimé des dépenses annuelles d'énergie pour un usage standard : entre 398 € et 538 € Date de référence des prix de l'énergie pour établir cette estimation : Les informations sur les risques auxquels ce bien est exposé sont disponibles sur le site Géorisques :",https://www.vizzit.fr/fr/property/appartement/lyon-7eme/Arsb6rp9jy72hbna,https://lb1.vizzit.com/121617a/Arsb6rp9jy72hbna/Photos/Arsb6rp9jy72hbna_1.jpg?639251421560000000,2026-09-28
Lyon 8ème (Rhône),700 €/mois,38 m² - 2 pièces - 1 chambre,"108 Rue Marius Berliet, 69008 Lyon. Nous vous proposons ce T2 non meublé situé au 4ème étage d'une résidence sécurisée. Une place de stationnement en sous sol est louée avec l'appartement. Le bien se compose d'une entrée avec placard, d'une pièce de vie lumineuse avec une cuisine ouverte (plaques de cuisson, hotte, rangements), d'une chambre ainsi que d'un balcon avec une vue dégagée et d'une salle d'eau avec WC. CHAUFFAGE, EAU CHAUDE, EAU FROIDE COLLECTIVES. ZONE SOUMISE A L'ENCADREMENT DES LOYERS Loyer médian : 565,16 € Loyer médian : 674,33 € Complément de loyer : 0 € Disponible de suite, dossier à déposer sur notre site internet. DISPOSITIF PINEL : Plafond de ressources a respecter Consommation énergétique : C Les coûts sont estimés en fonction des caractéristiques de votre logement et pour une utilisation standard sur 5 usages (chauffage, eau chaude sanitaire, climatisation, éclairage, auxiliaires) entre 344 € et 466 € par an Prix moyens des énergies indexés sur les années 2021, 2022, 2023 (abonnements compris) Les informations sur les risques auxquels ce bien est exposé sont disponibles sur le site Géorisques :",https://www.vizzit.fr/fr/property/appartement/lyon-8eme/A063mst5o5n4jt7h,https://lb1.vizzit.com/121617a/A063mst5o5n4jt7h/Photos/A063mst5o5n4jt7h_1.jpg?639251419890000000,2026-09-28
Lyon 3ème (Rhône),1 117 €/mois,104 m² - 4 pièces - 3 chambres,"A LOUER- LYON 3 - Rue du Docteur Rebatel , Appartement F4 de 104,40 m² au 4ème étage SANS ASCENSEUR , comprenant 3 belles chambres, un séjour lumineux et sans vis-à-vis, une cuisine indépendante, et une salle de bains avec WC séparés Entretien chaudière compris dans les charges. Chauffage et eau chaude par chaudière au gaz. I Idéalement situé dans le 3ème arrondissement de Lyon, ce bien bénéficie d'une adresse prisée, appréciée pour son équilibre entre vie de quartier et excellente desserte. Parfaitement connecté, le quartier est desservi par plusieurs lignes de bus et de tramway, permettant de rejoindre rapidement le métro ainsi que la gare de Lyon Part-Dieu, principal pôle de transports de la métropole. Le centre-ville, la Presqu'île, le quartier d'affaires de la Part-Dieu et Monplaisir sont facilement accessibles, faisant de cette adresse un choix attractif . Cette localisation réunit tous les atouts recherchés : une vie de quartier dynamique, des infrastructures de qualité, une mobilité optimale et un environnement pratique, garantissant un confort de vie rare au coeur de Lyon.",https://www.vizzit.fr/fr/property/appartement/lyon-3eme/A196vzeapjpg6vve,https://lb1.vizzit.com/538559a/A196vzeapjpg6vve/Photos/A196vzeapjpg6vve_1.jpg?639251418060000000,2026-09-28
Lyon 7ème (Rhône),700 €/mois,2 pièces - 1 chambre,"RUE DE MARSEILLE TRAM ST-ANDRE/METRO GUILLOTIERE A louer appartement de type 2 refait à neuf, extrêmement lumineux, au cinquième étage sans ascenseur, d'une surface au sol de 39 m², et comprenant un séjour donnant sur une cuisine ouverte avec bloc évier, une chambre, salle de bains avec baignoire, salle d'eau avec W.C, espaces de rangement. Autres prestations : chauffage individuel gaz, eau chaude par cumulus électrique. DPE : D Loyer : 647,00 EUR Montant des charges : 53,00 EUR Dépôt de garantie : 647,00 EUR Honoraires à la charge du locataire : 511,68€ TTC comprenant l'état des lieux Loyer de référence : 538,20 EUR HC Loyer de référence majoré : 647,40 EUR HC PREMIER CONTACT PAR MAIL IMPERATIF 2.16.1.2 2.16.1.2 2.16.1.2 2.16.1.2",https://www.vizzit.fr/fr/property/appartement/lyon-7eme/A95mwg6g3wb7wga2,https://lb1.vizzit.com/2628767a/A95mwg6g3wb7wga2/Photos/A95mwg6g3wb7wga2_1.jpg?639251402390000000,2026-09-28
Lyon 8ème (Rhône),1 204 €/mois,84 m² - 4 pièces - 3 chambres,"SANS HONORAIRES. T4 LYON 8 / GRAND TROU Appartement T4 situé 9 rue Colonel Arnaud Beltrame 69008 LYON, idéal pour une famille, dans une résidence calme et sécurisée. Description : - Grand séjour avec cuisine ouverte de 24,53m² - 3 chambres de 13m² et 9m² - Salle de bain - WC séparés - Terrasse de 7m² - Garage Surface : 84 m² Loyer : 1203 euros charges comprises Dépôt de garantie : 1020 euros Disponibilité : Immédiate Zone soumise à encadrement des loyers loyer de référence majoré : 1 150,80 euros loyer de base : 917,88 euros complément de loyer : 0,00 euros Référence à rappeler lors de nos échanges : 6859 - 345257 Les informations sur les risques auxquels ce bien est exposé sont disponibles sur le site Géorisques : LAC / Logement Abord.contract.",https://www.vizzit.fr/fr/property/appartement/lyon-8eme/Ahys7iqavjcv7mem,https://lb1.vizzit.com/69107a/Ahys7iqavjcv7mem/Photos/Ahys7iqavjcv7mem_1.jpg?639251396470000000,2026-09-28
Lyon 8ème (Rhône),820 €/mois,40 m² - 50 m² de terrain - 2 pièces,"✅ Location de particulier à particulier – agences s’abstenir. ? Charmante maisonnette de 40 m², entièrement meublée, avec jardin clos de 50 m² et terrasse de 10 m², située dans un quartier calme et verdoyant du 8e arrondissement. ➕ À proximité immédiate : • Hôpitaux et facultés de médecine • Métro Laennec, tramway Californie, bus 38 • Parc de Parilly, commerces, centres commerciaux • Écoles : Junior School International, école Édouard Herriot ? Composition • Pièce de vie lumineuse avec cuisine ouverte • Chambre séparée (porte coulissante) • Salle de bain avec douche + WC • Accès direct terrasse + jardin privatif ⚙️ Équipements • Cuisine équipée : réfrigérateur, plaques, four, lave vaisselle • Machine à laver • Mobilier complet et fonctionnel ? Loyer & Charges Loyer principal : 820 € / mois Inclut les charges courantes de copropriété. Provision électricité + eau : La maison fonctionne entièrement à l’électricité. • 120 € / mois pour 1 personne • 150 € / mois pour 2 personnes ? Relevé des compteurs trimestriel pour ajustement selon consommation réelle. ? Types de contrats acceptés Je suis ouvert aux contrats mobilité, locations saisonnières ou courtes durées. ? Le prix peut varier selon la saison, la durée et le niveau de charges. ? Dossier demandé • Pièce d’identité • 3 dernières fiches de paie • 2 derniers avis d’imposition • Contrat de travail + attestation employeur • Garant avec justificatifs (revenus, impôts, taxe foncière/habitation) • Assurance habitation + RIB (prélèvement automatique) ? Disponible dès maintenant – contactez nous pour une visite ! Un petit coin de tranquillité en ville, idéal pour étudiant, professionnel ou couple ?",https://www.vizzit.fr/fr/property/immobilier/lyon-8eme/Ag372ull8hs6x9qv,https://lb1.vizzit.com/276804a/Ag372ull8hs6x9qv/Photos/Ag372ull8hs6x9qv_1.jpg?639251385600000000,2026-09-28
Lyon 8ème (Rhône),945 €/mois,59 m² - 2 pièces - 1 chambre,"Plusse vous propose un appartement Meublé de 59 m² idéalement situé au 63 avenue des Frères Lumières Lyon 69008 : Ce quartier garde un esprit de village, les habitants s'y côtoyant dans les nombreux commerces de l'avenue des Frères-Lumière et sur le grand marché qui se tient place Ambroise-Courtois les mardi, jeudi et samedi. Vous apprécierez notamment la diversité des commerces alentours et la proximité de la faculté Lyon 3 ou des écoles privées. C'est un quartier idéal pour les étudiants. Disponible : Cet appartement clé en main dispose des aménagements suivants : L'appartement est traversant donc très lumineux L'entrée dessert une spacieuse pièce de vie d'environ 20 m², chaleureuse et lumineuse, aménagée avec goût pour offrir un espace convivial et agréable au quotidien. Ouverte sur le séjour, la cuisine est entièrement équipée et dispose de plaques de cuisson, d'un four, d'une hotte, d'un micro-ondes, d'un réfrigérateur-congélateur, d'un îlot central ainsi que de nombreux rangements. La chambre, spacieuse et lumineuse, bénéficie d'une agréable absence de vis-à-vis. Elle est équipée d'un lit double et dispose également d'une alcôve aménagée, offrant un espace supplémentaire fonctionnel. Un coin sanitaire séparé avec des toilettes fermées et une grande salle de bains récente et parfaitement équipée, comprenant une baignoire, une machine à laver et plusieurs espaces de rangement. Une place de parking sécurisée en sous-sol de la résidence Transport : L'appartement est situé au coeur du quartier Monplaisir à proximité de nombreux transports : À 5 minutes de la ligne D (arrêt Sans souci) À 10 minutes de la ligne de tram T4 (Lycée Colbert) et la ligne de tram T2 (Villon) À 16 minutes de la gare Part Dieu (Tram T4) À 12 minutes de la place Bellecour (ligne D) Loyer – Caution – frais Honoraires à la charge du locataire : 767 €TTC dont 177€ pour les frais d'état des lieux et 590 pour les frais de visites, constitution du dossier et rédaction du bail. Dépôt de garantie : 1650 € Montant du loyer charges comprises : 945 € / mois comprenant : Montant des charges : 120 € / mois - Provision pour charge Charges incluses : Entretien des parties communes, Taxe d'enlèvement des ordures ménagères Dépôt de garantie : 1650 € Loyer hors charges : Charges NON incluses : eau chaude et froide, électricité, internet, chauffage Performance énergétique Classement du logement en matière de performance énergétique : Le diagnostic n'a pas été réalisé - E - 238 kWhEP / m². an Classement du logement en matière d'émissions de gaz à effet de serre : C : de 11 à 20 - C - 11 kg éqCO2 / m². an À saisir rapidement ! Société PLUSSE SAS - ​​Numéro SIRET : - Numéro RCS Lyon B 848 881 280.",https://www.vizzit.fr/fr/property/appartement/lyon-8eme/Ax3uepb4hkozjvfi,https://lb1.vizzit.com/4116559a/Ax3uepb4hkozjvfi/Photos/Ax3uepb4hkozjvfi_1.jpg?639252477270000000,2026-09-28
Lyon 7ème (Rhône),1 149 €/mois,69 m² - 3 pièces - 2 chambres,"Lyon 7 / Rue Victorien Sardou dans un immeuble sécurisé année 2000, beau T3 de 69.97m² au 1er étage avec ascenseur. Il comprend un hall d'entrée avec placard - séjour - cuisine séparée et équipée (meubles, plaque, hotte) - dégagement - deux chambres avec placard - salle d'eau - WC séparé. Une terrasse de 12.57m². Un garage fermé en sous-sol et une cave. Appartement au calme et sans vis-à-vis. Proche transports et commerces. Chauffage et eau chaude individuels gaz. Loyer : 1149 € charges incluses de 95€ (provisions mensuelles soumises à régularisation annuelle). Honoraires d'agence à la charge du locataire : 909.61€. Zone soumise à encadrement des loyers : Loyer de base : 1054€. Loyer de référence majoré (à ne pas dépasser hors charges) : 1084.54€. Montant estimé des dépenses annuelles d'énergie pour un usage standard entre 860€ et 1220€ (Prix moyens des énergies indexés sur les années 2021, 2022, 2023 abonnements compris). (C. env. art. R 125 €25 I, modifié). N'hésitez pas à nous pour une visite en indiquant la référence C1918.",https://www.vizzit.fr/fr/property/appartement/lyon-7eme/A4sb63tnwcvl438w,https://lb1.vizzit.com/69796a/A4sb63tnwcvl438w/Photos/A4sb63tnwcvl438w_1.jpg?639250959920000000,2026-09-28
Lyon 3ème (Rhône),1 190 €/mois,31 m² - 1 pièce,"EN EXCLUVISITE CHEZ AVRA IMMOBILIER, Venez découvrir ce très beau T1 de 31m2 entièrement rénové et meublé au 4ème étage d'une copropriété de standing. Il se compose d'une entrée avec placard, d'une pièce de vie climatisée avec un coin nuit, une cuisine entièrement aménagée et équipée donnant sur une loggia et une salle d'eau avec wc. Vue dégagée Appartement lumineux Eau froide dans les charges. ZONE SOUMISE A ENCADREMENT DES LOYERS Loyer 1120,00 euros ( comprenant un complément de loyer pour la rénovation, les équipements et la climatisation) Charges 80,00 euros ( immeuble et eau froide), Depot de garantie 2240,00 euros, Honoraires de location dont frais d'état des lieux 403.00 euros. DPE D- GES D Disponible immédiatement",https://www.vizzit.fr/fr/property/appartement/lyon-3eme/Aggoco94euy1ipne,https://lb1.vizzit.com/545082a/Aggoco94euy1ipne/Photos/Aggoco94euy1ipne_1.jpg?639250946100000000,2026-09-28
Lyon 8ème (Rhône),1 300 €/mois,68 m² - 3 pièces - 2 chambres,"Particulier loue Appartement atypique T3 de 68 m2 avec un grand rez de jardin de 25 m 2, proche Place d'Arsonval et métro Laennec (environ 600 mètres à pied) dans petite résidence ultra calme (5 appartements seulement). Grand séjour, cuisine équipée (plaque gaz, frigo, four et hotte), deux chambres avec placards muraux, salle de bain et WC séparé. Chauffage gaz individuel. Cave et garage fermé. Loyer 1168 € + Charges 132 € par mois. Disponible à partir du 16 octobre. Visite sur RDV Loyer mensuel : 1300 € A charge du locataire : eau, électricité, gaz et téléphonie.",https://www.vizzit.fr/fr/property/appartement/lyon-8eme/Axuh7cgal8jmgtxo,https://lb1.vizzit.com/276804a/Axuh7cgal8jmgtxo/Photos/Axuh7cgal8jmgtxo_1.jpg?639250452530000000,2026-09-28
Lyon 7ème (Rhône),1 080 €/mois,50 m² - 2 pièces - 1 chambre,"Dans petite résidence récente (Année de construction 2002) « LE PAVILLON ALEXANDRIE » avec jardin privatif au 15 rue Jules Brunard 69007 LYON, PARTICULIER loue beau T2 de 50M2 (pour 1 couple maxi) orienté Sud/Ouest excellent état, très clair, au premier étage avec ascenseur comprenant : - Une entrée desservant : - Un séjour de 22 M2 ouvert sur le balcon d’environ (1M2) - Une chambre de 11,5 M2 avec placard. - Une cuisine entièrement équipée de 7 M2 ouverte sur un balcon (1 m2) comprenant : - une cuisinière au gaz - un four électrique - une machine à laver - un réfrigérateur avec congélateur - meubles de rangement - Une salle de bains avec lavabo et baignoire - Un WC séparé Double vitrage Chauffage individuel au gaz Porte blindée Immeuble sécurisé (digicode + vidéophone) Un place de Parking au 1er sous-sol d’une résidence sécurisée rue Nicolaï (- de 100m de l’appartement) Proche de toutes commodités (magasins, restaurants, bus, métro) A 10 mn à pied du parc Sergent BLANDAN Performance Energétique : C Emission effet de serre : C Diagnostic réalisé le , Estimation des couts annuels d'énergie entre 610€ et 880€ /an Encadrement des loyers : - Loyer mensuel majoré : 870 euros (Pour situation et état de l’appartement) - Complément de loyer : 60 Euros (Pour équipement cuisine) Loyer mensuel appartement : 930 Euros Loyer mensuel parking : 100 Euros Provision mensuelle pour charges: 50 Euros comprenant : - Eau froide - Charges communes de l’immeuble Soit un total mensuel (Charges et parking compris) de 1080 euros Pas de frais supplémentaires (Honoraires agence, rédaction du bail, état des lieux etc.) Caution obligatoire (Bancaire, particulier ou autre) Disponible immédiatement. Pour des économies de temps et de déplacement il est demandé avant la programmation d’une visite d’envoyer : - La photocopie de la carte d’identité (recto/verso) - La photocopie du contrat de travail - La photocopie des 3 derniers bulletins de salaire - La photocopie des 3 dernières déclarations d’impôt - Le type de caution proposée - Vos coordonnées téléphoniques pour une prise de rendez-vous.",https://www.vizzit.fr/fr/property/appartement/lyon-7eme/A59df834pungqic8,https://lb1.vizzit.com/276804a/A59df834pungqic8/Photos/A59df834pungqic8_1.jpg?639250449540000000,2026-09-28
Lyon 7ème (Rhône),800 €/mois,70 m² - 4 pièces - 2 chambres,Appartement A Louer Proche Metro Et Bus Rue Simone De Beauvoir (Gerland). Etat Neuf. Tres Belles Prestations. Garage En Sous Sol. Immeuble Finition Pitance. Cuisine Equipee. Aucun Ravaux A Prevoir. Quartier Calme. Disponible Le 10 Octobre.,https://www.vizzit.fr/fr/property/appartement/lyon-7eme/Aihz0wo0x8kp0790,https://lb1.vizzit.com/276804a/Aihz0wo0x8kp0790/Photos/Aihz0wo0x8kp0790_1.jpg?639250445850000000,2026-09-28
Lyon 8ème (Rhône),718 €/mois,33 m² - 1 pièce,"SANS HONORAIRES. À LYON, devenez locataire du programme immobilier « RESIDENCE SYNOPSIS ». Niveau transports en commun, il y a 8 lignes de bus ainsi que les tramways T6, T4 et T2 juste à côté. Des autoroutes et la nationale N346 sont accessibles à moins de 10 km. Vous trouverez un tennis et un bowling dans les environs. Découvrez cet appartement T1 de 33 m² au 2e étage avec ascenseur, il ne dispose pas d'extérieur. Le lot est pourvu du chauffage collectif. Le logement offre un garage. Il est à louer pour 718 € CC, dont 66,46 € de charges. Zone soumise à encadrement des loyers loyer de référence majoré : 617,10 € loyer de base : 539,93 € complément de loyer : 0,00 € Référence à rappeler lors de nos échanges : 6859 - 345265 Les informations sur les risques auxquels ce bien est exposé sont disponibles sur le site Géorisques : LAC / Logement Abord.contract. Date disponibilité :",https://www.vizzit.fr/fr/property/appartement/lyon-8eme/Altii9u5hj03hxkj,https://lb1.vizzit.com/69107a/Altii9u5hj03hxkj/Photos/Altii9u5hj03hxkj_1.jpg?639250444650000000,2026-09-28
Lyon 3ème (Rhône),950 €/mois,44 m² - 2 pièces - 1 chambre,"Location d'un T2 de 44m2 situé sur le haut de la rue Viala à Lyon 3ème (300m de l'arrêt de tramway Ambroise Paré (T2), 600m de l'arrêt de métro Grange Blanche (D)). Situé au 5ème étage avec ascenseur, cet appartement est en étoile (voir plan) avec une entrée qui donne sur l'ensemble des pièces. Il dispose d'un bel ensoleillement et pas de vis à vis sur la pièce de vie. Il est actuellement non meublé mais peut être loué meublé (à définir ensemble). Il dispose également d'une cave et est à côté d'une rue où le stationnement est gratuit. Les fenêtres ont été changées en 2025. A titre informatif, les charges à ajouter: - Energie (électricité): Environ 100€ / mois - Internet Disponibilité:",https://www.vizzit.fr/fr/property/appartement/lyon-3eme/Ao6qklzytt53hgy2,https://lb1.vizzit.com/276804a/Ao6qklzytt53hgy2/Photos/Ao6qklzytt53hgy2_1.jpg?639250444050000000,2026-09-28
Lyon 8ème (Rhône),980 €/mois,48 m² - 2 pièces - 1 chambre,"Bel appartement lumineux refait en 2023 avec une vue dégagée sur Lyon et les alentours situé au 8ème et dernier étage avec ascenseur. Composé d'un salon et cuisine avec accès sur la terrasse , salle d'eau et chambre. A proximité directe du Tram T6 et de la ligne de Bus C12 et de la station velo'v. Appartement loué meublé avec four plaque induction et tout l’équipement nécessaire avec place de parking privé et places visiteurs disponible dans une résidence sécurisé avec espaces verts. La résidence à fait également l'objet d'une rénovation globale en 2023 ( fenêtre double vitrage, VMC, Isolation thermique par l'extérieur) Visites possible à partir du 28 septembre et début de bail possible à partir du 1er octobre 2026. Loyer 980€ dont 180€ de provision de charges comprenant Eau chaude/froide et chauffage.",https://www.vizzit.fr/fr/property/appartement/lyon-8eme/Apabnea5zwpb83ci,https://lb1.vizzit.com/276804a/Apabnea5zwpb83ci/Photos/Apabnea5zwpb83ci_1.jpg?639250443450000000,2026-09-28
Lyon 7ème (Rhône),497 €/mois,21 m² - Studio,"LYON 7ème entre GERLAND et DEBOURG, Place de l'Ecole, studio de 21m² idéal étudiant,, proximité tous commerces et transports, à 10 minutes de l'ENS et de l'EM, dans résidence avec ascenseur, raccordée fibre optique, composé d'une pièce à vivre ,avec kitchenette équipée avec 2 plaques et petit frigo, une salle d'eau avec WC. Eaux chaude et froide, et chauffage collectifs inclus dans les charges. Location soumise à plafonds de ressources, bien vous munir de votre avant dernier avis d'imposition.",https://www.vizzit.fr/fr/property/appartement/lyon-7eme/A38xm2w4nhh1hjpv,https://lb1.vizzit.com/538559a/A38xm2w4nhh1hjpv/Photos/A38xm2w4nhh1hjpv_1.jpg?639250944210000000,2026-09-28
Lyon 7ème (Rhône),750 €/mois,16 m² - Studio,"Bonjour, Je suis à la recherche d’un studio à Lyon 7 idéalement. Je suis étudiant et j’ai un budget de 750 euros maximum. N’hésitez pas à me . Je vous remercie !",https://www.vizzit.fr/fr/property/appartement/lyon-7eme/Atte0d0oy5qsyldz,https://lb1.vizzit.com/276804a/Atte0d0oy5qsyldz/Photos/Atte0d0oy5qsyldz_1.jpg?639249696810000000,2026-09-28
Lyon 8ème (Rhône),700 €/mois,28 m² - Studio,"Studio meublé de 28m2 avec terrasse de 30m2 - Localisation: situé entre le quartier Jet d’eau & Grand Trou, rue Pierre Delore 69008 Lyon - Transports: A 10min à pied (maximum) du T2, T4 & T6. Arrêt de bus en bas de l’appartement en direction de Bellecour (ligne 35). Loyer hors charges: 650€ Charges forfait fixe : 50€ (eau, entretien des parties communes et taxe ordures ménagères inclus) Pas de frais d’agence Dépôt de garantie : 1300€ (2 mois de loyer hors charges) A la charge du locataire : électricité, internet et assurance locataire. Stationnement dans la rue gratuit. Appartement disponible à partir du lundi 5 octobre. Visite possible le dimanche 4 octobre. Si intéressé, merci par avance de compléter votre profil locataire avant d’envoyer un message.",https://www.vizzit.fr/fr/property/appartement/lyon-8eme/Ankpfc3qyxieryq0,https://lb1.vizzit.com/276804a/Ankpfc3qyxieryq0/Photos/Ankpfc3qyxieryq0_1.jpg?639249657030000000,2026-09-28
Lyon 3ème (Rhône),1 020 €/mois,36 m² - Studio,"A louer, studio meublé de 36 m² situé à Lyon, dans le 3è arrondissement (proche métro Garibaldi & Part Dieu). Cet appartement 1 pièce offre un espace de vie compact et fonctionnel. Le studio, situé au RDC, comprend une pièce principale lumineuse, une salle de bain, une cuisine équipée et séparée, et un dressing indépendant.. L'agencement permet une bonne séparation des espaces de vie et de repos. Cet.appartement a été entièrement refait à neuf il y a 12 mois et tout le mobilier, neuf, a également moins de 12 mois. Un parquet massif en chêne a été complètement changé et posé il y a quelques jours. Dans la résidence: - Ascenseur - 1 place de parking est comprise avec le bien - Cuisine équipée et séparée - Bien complètement meublé. Mobilier de moins de 12 mois. Machine à laver incluse. - Luminosité naturelle / dressing indépendant Chauffage individuel. Classe énergie E - Classe climat B. Studio disponible dès maintenant, et visites possibles en soirée à partir du lundi 14 septembre 2026. Contactez-moi pour plus d'informations ou pour organiser une visite. Dossiers complets uniquement acceptés. Location en direct propriétaire, agences s'abstenir. Merci !",https://www.vizzit.fr/fr/property/appartement/lyon-3eme/At0pabrib5va95gc,https://lb1.vizzit.com/276804a/At0pabrib5va95gc/Photos/At0pabrib5va95gc_1.jpg?639248859810000000,2026-09-28
Lyon 3ème (Rhône),980 €/mois,44 m² - 2 pièces - 1 chambre,"Location directe par propriétaire (pas d’agence). Appartement exceptionnel, très lumineux et traversant, état comme neuf, rafraîchi récemment. Logement : T2 100% meublé (conforme décret ) dans copropriété calme, 4e étage sur 5 avec ascenseur. Séjour ultra-lumineux et traversant + chambre séparée, balcon 5m², climatisation réversible, chauffage collectif. Cuisine équipée premium (lave-linge, lave-vaisselle, four, plaque induction, frigo), nombreux rangements, parquets, salle de bain neuve. Prix et garanties : - Loyer : 880€/mois HC (Loyer de référence : 657,97 € / Loyer de référence majoré : 787,78 € / Complement de loyer : 92,22 €) - Charges : 100€/mois (provisionnelles, chauffage collectif inclus) - Dépôt de garantie : 1 760€ (2 mois de loyer HC) - DPE : Classe D - Estimation des coûts annuels d'énergie entre 650€ et 940€ par an sur la base des prix moyens des énergies indexés au (abonnements compris) Conditions : ✅ Dossier obligatoire (pièce d’identité, 3 fiches de paie + contrat de travail, garant solide ou Garantme/Visale) → Envoi unique via [URL masquée pour votre sécurité] (gratuit et sécurisé). Pas de réponse aux dossiers incomplets. Disponible à partir du 1er octobre 2026. Visites réservées aux dossiers complets.",https://www.vizzit.fr/fr/property/appartement/lyon-3eme/A1ipqjei7yfm3zm5,https://lb1.vizzit.com/276804a/A1ipqjei7yfm3zm5/Photos/A1ipqjei7yfm3zm5_1.jpg?639248835860000000,2026-09-28
Lyon 3ème (Rhône),695 €/mois,21 m² - Studio,"Studio meublé à Lyon 3 secteur Sans-Souci 16 m2 (21 habitables) entièrement rénové et équipé à neuf en 2025, eau inclus dans les charges. Libre au 13 octobre idéal pour logement étudiant. Situé à 5 minutes à pied du métro D (Vaise à Vénissieux) station Sans-Souci, 6 minutes à pied du Tram T4 (La Doua à Hopital Feyzin) arrêt Manufacture Montluc et 7 minutes à pied du Tram T3 (Part Dieu à Meyzieu) arrêt Dauphiné Lacassagne . Commerce à proximité immédiate (Petit Casino, pharmacie, Poste, Tabac, cabinet médical, boulangerie). Porte de l’immeuble à badge Vigik 3ème étage, sous les toits (velux) La pièce principale propose un coin cuisine entièrement équipée (bar et chaises hautes. lave linge, four, plaque de cuisson, frigo, cafetière nespresso, grille pain, bouilloire, vaisselle complète (assiettes, couverts, verres, etc.) Salle de bain avec douche, lavabo et toilettes Mobilier inclus : lit 140 x 200cm (sommier, matelas de qualité), table de nuit, penderie, commode, étagères type Kallax, canapé, table basse. Chauffage électrique, Eau chaud cumulus. Direct propriétaire, sans frais d’agence ni frais d’état des lieux.",https://www.vizzit.fr/fr/property/appartement/lyon-3eme/Awgs4661ezsxlzi4,https://lb1.vizzit.com/276804a/Awgs4661ezsxlzi4/Photos/Awgs4661ezsxlzi4_1.jpg?639248004820000000,2026-09-28
Lyon 9ème (Rhône),1 350 €/mois,76 m² - 3 pièces - 2 chambres,"Exclusivité Laforêt Champagne-Au-Mont-d'Or: À louer, Superbe appartement de 76,2 m² avec terrasse , à proximité de Saint-Rambert et de l'Île Barbe Situé dans une résidence récente de standing avec ascenseur, cet appartement vous séduira par ses prestations haut de gamme. Niché au sein d'une petite copropriété résidentielle recherchée et très bien entretenue, il bénéficie d'un environnement calme et agréable, à proximité immédiate du centre de Saint-Rambert et de l'Île Barbe. L'appartement se compose de : Une entrée accueillante avec placard intégré. Une cuisine sur-mesure, entièrement aménagée et équipée, ouverte sur un salon séjour lumineux, grâce à de larges baies vitrées donnant sur la terrasse, idéal pour profiter des beaux jours. Deux chambres : Une de 12,30 m², Une de 9,30 m², Une spacieuse salle de bains d'environ 7 m², avec baignoire et espace buanderie intégré. Un WC séparé pour plus de confort. Équipements et prestations de qualité: Chauffage individuel au gaz par chaudière à condensation. Eau chaude sanitaire assurée par la chaudière gaz. Porte palière blindée 7 points pour une sécurité optimale. Volets roulants électriques sur toutes les ouvertures. Parquet en chêne massif et carrelage/faïence haut de gamme. Interphone Intratone, contrôle d'accès à distance via téléphone. Les atouts de la copropriété: Un local vélo/poussette sécurisé, ainsi qu'un deuxième local dédié aux scooters et motos. Un rooftop partagé au 6ème étage avec des jardins collectifs, parfait pour profiter des journées ensoleillées. Possibilité d'acquérir un double garage en sous-sol. Performances énergétiques : DPE : C Émissions de gaz à effet de serre : C Ne manquez pas cette opportunité rare ! Contactez nous dès maintenant pour organiser une visite ! Copropriété de 212 lots - dont 107 lots habitation. (Procédure en cours).",https://www.vizzit.fr/fr/property/appartement/lyon-9eme/Ad60sg6ur51n6h12,https://lb1.green-acres.com/4053456a/Ad60sg6ur51n6h12/Photos/Ad60sg6ur51n6h12_1.jpg?639247985910000000,2026-09-28
Lyon 7ème (Rhône),1 178 €/mois,66 m² - 3 pièces - 2 chambres,"Lyon 7 - 26 rue Jean François Raclet. Appartement meublé T3 meublé de 66m² situé dans le quartier de Jean Jaurès, proche du métro et des écoles. L'appartement comprend une grande pièce à vivre cuisine-séjour, 2 chambres et une salle de bain. Disponible de suite. Honoraires locataire calculés selon le barème en vigueur au janvier 2022",https://www.vizzit.fr/fr/property/appartement/lyon-7eme/A5q7g5p26utc6kvy,https://lb1.vizzit.com/184127a/A5q7g5p26utc6kvy/Photos/A5q7g5p26utc6kvy_1.jpg?639247980810000000,2026-09-28
Lyon 8ème (Rhône),571 €/mois,33 m² - 2 pièces - 1 chambre,"T2 LYON 08 - 7, rue St Agnan 69008 LYON CLESEV vous propose à la location ce joli T2 de 33 m² situé dans le 8e arrondissement de Lyon, rue Saint-Agnan, à proximité de l'avenue Berthelot. Au sein d'une résidence récente, sécurisée et bien entretenue, cet appartement offre un cadre de vie agréable et calme. Il bénéficie notamment d'une exposition sur la cour intérieure de l'immeuble, à l'écart des nuisances de la rue. Le logement se compose d'un hall d'entrée desservant un agréable séjour avec un coin cuisine ouvert, offrant un espace de vie convivial et fonctionnel. La chambre, équipée d'un parquet et d'un placard mural, permet de bénéficier d'un espace nuit confortable et de rangements appréciables. Une salle de bains complète l'ensemble. Le chauffage et l'eau chaude sont individuels au gaz. Grâce à son emplacement, l'appartement se situe à proximité de l'avenue Berthelot, des transports en commun, des commerces et des différentes commodités du quartier. Sa configuration et son environnement en font un logement idéal pour une personne seule ou un couple à la recherche d'un appartement pratique et au calme. Contactez-nous dès maintenant sur Seventee pour organiser une visite et découvrir votre futur logement !. Loyer de 571,00 euros par mois charges comprises dont 50,00 euros par mois de provision pour charges (soumis à la régularisation annuelle). Les honoraires charge locataire sont de 432,96 euros ( soit 12,97 euros/m² ) dont 99,99 euros pour état des lieux ( soit 2,99 euros/m² ).",https://www.vizzit.fr/fr/property/appartement/lyon-8eme/Akola1wewkrehk19,https://lb1.vizzit.com/3191423a/Akola1wewkrehk19/Photos/Akola1wewkrehk19_1.jpg?639247969570000000,2026-09-28
Lyon 3ème (Rhône),799 €/mois,43 m² - 2 pièces - 1 chambre,"Chauffage et eaux compris - Cave - Au cœur de Monchat, rue Ferdinand Buisson, proche des commerces et des transports, 2 pièces dans une copropriété au calme. Il possède du parquet dans le séjour et la chambre, une cuisine indépendante, un rangement, une salle de bain et un WC séparé. L'eau froide, l'eau chaude et le chauffage sont inclus dans les charges. Et pour plus de confort, une cave est à votre disposition, faites vite !! Merci de remplir le formulaire de contact. Ensuite vous recevrez un lien pour déposer votre dossier en ligne. Une conseillère reviendra vers vous rapidement après étude de vos documents pour programmer une visite. Zone soumise à encadrement des loyers. Loyer HC de référence majoré : 700,32 euros Loyer HC de base : 582,14 euros Complément de loyer : 0 euros",https://www.vizzit.fr/fr/property/appartement/lyon-3eme/Av25antandnrvld3,https://lb1.vizzit.com/4117118a/Av25antandnrvld3/Photos/Av25antandnrvld3_1.jpg?639247965200000000,2026-09-28
Lyon 7ème (Rhône),905 €/mois,56 m² - 2 pièces - 1 chambre,".. 21 rue Marie Madeleine Fourcade 69007 LYON - Métro DEBOURG et JEAN JAURES , avec garage et balcon. In'li Aura vous propose cet appartement T2 en location, avec garage et balcon. Proche commerces et métro Ce bien de 56,32m², au 3ème étage avec ascenseur, se compose de : - Une entrée - Un salon, donnant sur le balcon - Une cuisine semi-équipée, - Une chambre - Une salle de douche avec meuble - Un WC séparé - Plusieurs rangements Vous disposez d'un garage en sous-sol sécurisé. Inclus dans les charges : communs. Type de chauffage : individuel au gaz Ce logement vous intéresse ? 1. Vérifiez votre éligibilité : au moins un des demandeurs doit être salarié d'une entreprise privée de plus de 10 salariés. 2. Déposez votre dossier COMPLET sur notre site inli Les + d'in'li Aura : - Des loyers à prix maitrisés, en moyenne 10% moins chers que les prix du marché en zone tendue - Pas de frais d'agence ni de frais d'état des lieux - Pas de garants physiques - Garantie Visale recommandée si vous êtes éligibles (testez votre éligibilité sur le site Visale) In'li Aura, acteur de référence du logement à prix maitrisé en Auvergne Rhône-Alpes, propose des logements à prix maitrisés pour les jeunes actifs et salariés du secteur privé.",https://www.vizzit.fr/fr/property/appartement/lyon-7eme/Abe87t3d2f6wyyl8,https://lb1.vizzit.com/4108921a/Abe87t3d2f6wyyl8/Photos/Abe87t3d2f6wyyl8_1.jpg?639247958870000000,2026-09-28
Lyon 7ème (Rhône),872 €/mois,63 m² - 2 pièces - 1 chambre,"Garibaldi / Saxe. Dans Immeuble de caractère- Beau volume- avec cachet- Idéalement situé, à deux pas du métro Garibaldi, des nombreux commerces et écoles. Dans une résidence calme et bien entretenue. Venez découvrir ce vaste deux pièces aux beaux volumes. Son agencement et son cachet certain sauront vous ravir et faire de vous d'heureux locataires. Il se compose d'un séjour en parquet, d'une grande cuisine indépendante, d'une jolie chambre, d'une salle de bain et de toilettes. Le double vitrage et les volets roulants apporteront en plus, un confort supplémentaire. Pour votre plus grand confort, sachez qu'il est possible de louer un parking juste en face de la résidence. Merci de remplir le formulaire de contact. Ensuite vous recevrez un lien pour déposer votre dossier en ligne. Une conseillère reviendra vers vous rapidement après étude de vos documents pour programmer une visite. Zone soumise à encadrement des loyers. Loyer HC de référence majoré : 1 066,39 euros Loyer HC de base : 889,71 euros Complément de loyer : 0 euros",https://www.vizzit.fr/fr/property/appartement/lyon-7eme/Ash72p7940midzlb,https://lb1.vizzit.com/4117118a/Ash72p7940midzlb/Photos/Ash72p7940midzlb_1.jpg?639247958820000000,2026-09-28
Lyon 7ème (Rhône),600 €/mois,25 m² - 1 pièce,"SOUMIS AU DISPOSITIF LOI PINEL Au 4ème étage avec ascenseur, découvrez ce logement d'une superficie de 25 m² composé d'un couloir d'une pièce de vie avec coin cuisine ouverte avec évier et plaque double, d'une salle d'eau avec WC et sèche-serviette. Le logement est à prendre obligatoirement et indissociablement avec un garage situé au deuxième sous-sol de la copropriété. Soumis au plafonds de ressources du dispositif LOI PINEL (Zone A) - Personne seule : 44 344 € - Couple : 66 276 € - Personne seule ou couple + 1 personne à charge : 79 666 € - Personne seule ou couple + 2 personnes à charge : 95 427 € Logement soumis à l'encadrement des loyers : - Loyer de référence : 383,88 € - Loyer de référence majoré : 461,66 € Contact : Axelle",https://www.vizzit.fr/fr/property/appartement/lyon-7eme/Ab4nkzi2oeug2xus,https://lb1.vizzit.com/2635049a/Ab4nkzi2oeug2xus/Photos/Ab4nkzi2oeug2xus_1.jpg?639247592900000000,2026-09-28
Lyon 7ème (Rhône),1 384 €/mois,78 m² - 3 pièces,"Découvrez ce charmant appartement à louer, idéalement situé dans le quartier vivant des Girondins, dans le 7ème arrondissement de Lyon. Niché au cœur de la rue Auguste Payant, cet espace de vie de 78 m² est parfait pour ceux qui recherchent le confort et la commodité. L'appartement se compose de trois pièces spacieuses, offrant un agencement fonctionnel et accueillant. Vous apprécierez sa cuisine équipée qui rendra la préparation de vos repas agréable. Le bien dispose également d'un balcon de 8 m², parfait pour profiter des belles journées ensoleillées de Lyon. Situé au 6ème étage d'un immeuble bien entretenu, cet appartement bénéficie d'une vue dégagée et d'un accès facilité grâce à un ascenseur. La localisation de l'appartement est un véritable atout. À seulement 160 m de la station Girondins - Yves Farge, vous profiterez d'un accès rapide aux bus, facilitant vos déplacements à travers la ville. D'autres stations de bus à proximité, telles que Ayasse - Yves Farge et Leclerc - Girondins, vous permettront de rejoindre facilement votre destination. En ce qui concerne les commodités quotidiennes, un Super U est situé à seulement 220 m, vous offrant un accès pratique aux courses. De plus, vous trouverez une variété de restaurants dans un rayon proche, parfaits pour vos sorties entre amis ou en famille. Pour ceux qui recherchent une éducation de qualité, l'École Sécurité C-Srd - Lyon se trouve à seulement 360 m et l'École Normale Supérieure de Lyon - Site René Descartes à 570 m, vous garantissant un accès facile aux établissements d'enseignement supérieur. En somme, cet appartement au cœur des Girondins représente une opportunité rare de louer un espace de vie confortable et pratique à Lyon. Que vous soyez étudiant, jeune professionnel ou une petite famille, cet endroit saura répondre à vos besoins tout en vous offrant un cadre de vie agréable. Ne laissez pas passer cette chance ! Contactez-nous dès aujourd'hui pour planifier une visite et découvrir votre futur chez-vous dans l'un des quartiers les plus animés de Lyon.",https://www.vizzit.fr/fr/property/appartement/lyon-7eme/A106u629kkd5th6e,https://lb1.vizzit.com/14576a/A106u629kkd5th6e/Photos/A106u629kkd5th6e_1.jpg?639247378330000000,2026-09-28
Lyon 8ème (Rhône),650 €/mois,85 m² - 5 pièces - 4 chambres,"Appartement entièrement refait à neuf. 4 chambres, 2 sdb, salon cuisine équipée. Les chambres sont équipées de grands lit avec matelas à mémoire de forme, bureau et dressing. Tram au pied de la résidence",https://www.vizzit.fr/fr/property/appartement/lyon-8eme/Aks5oucytfx9wm91,https://lb1.vizzit.com/14576a/Aks5oucytfx9wm91/Photos/Aks5oucytfx9wm91_1.jpg?639247182920000000,2026-09-28
Lyon 2ème (Rhône),2 100 €/mois,93 m² - 3 pièces - 2 chambres,"A louer, un appartement T3 d'une superficie de 93m² au 5ème étage avec ascenseur, idéalement situé. L'appartement est calme est lumineux, en excellent état, avec une vue sur Fourvière et sur la Saône. Composé d'un hall d'entrée desservant un grand séjour et une salle à manger avec une cuisine équipée séparée. Pour le coin nuit, il se compose de deux chambres, dont une avec sa propre salle de bains, ainsi que d'une salle d'eau indépendante. L'appartement dispose de nombreux rangements. La climatisation est en cours d'installation. Chauffage : Individuel électrique Eau froide : Individuelle Eau Chaude : Individuelle électrique LOYER : 1 950 € CHARGES : 150 € DISPONIBLE IMMEDIATEMENT Loyer de référence : 13.2 €/m² Loyer majoré : 15.8 €/m²",https://www.vizzit.fr/fr/property/appartement/lyon-2eme/Akjlamzos7xxul4t,https://lb1.vizzit.com/4042995a/Akjlamzos7xxul4t/Photos/Akjlamzos7xxul4t_1.jpg?639250707120000000,2026-09-28
Lyon 7ème (Rhône),1 205 €/mois,61 m² - 2 pièces - 1 chambre,"Nous vous proposons ce T2 de 61 m² situé au 2ème étage du 29 Rue Saint Michel à LYON 7ème. Il se compose d'une entrée, d'une spacieuse pièce de vie, d'une cuisine équipée, d'une grande chambre avec rangements ainsi que d'une salle d'eau et d'un toilette séparé. Chauffage - Eau chaude individuel électrique Eau froide individuelle Disponible de suite. Dépôt de dossier en ligne sur notre site internet Zone soumise à encadrement des loyers : - Loyer de référence majoré : 1115,68 € - Loyer de référence : 930,76 € - Complément de loyer : 54,32 € Loyer HC : 1 170 € Charges : 35 € Classe énergétique : D Montant estimé des dépenses annuelles d'énergie pour un usage standard : entre 1 390 € et 1 930 € Date de référence des prix de l'énergie pour établir cette estimation : Les informations sur les risques auxquels ce bien est exposé sont disponibles sur le site Géorisques : .",https://www.vizzit.fr/fr/property/appartement/lyon-7eme/Azh2gqnjsddu9fi6,https://lb1.vizzit.com/121617a/Azh2gqnjsddu9fi6/Photos/Azh2gqnjsddu9fi6_1.jpg?639246346720000000,2026-09-28
Lyon 7ème (Rhône),928 €/mois,42 m² - 2 pièces - 1 chambre,"Disponible au 01/10/26, Immobilière de Salvagny vous propose un appartement type T2 MEUBLÉ, d'une surface habitable de 43 m2 situé au 6 éme étage (avec ascenseur) d'une résidence sécurisé au 177 Grande rue de la Guillotière 69007. Il se compose d'un hall d'entrée, d'un séjour avec cuisine équipée ouverte, une chambre avec placard et une salle de bains avec WC. Une cave et un box en sous-sol complète ce bien. Chauffage individuel électrique. DPE: D. Loyer charges comprises 928 € / mois dont 43 € de provision de charges (eau froide et communs, régularisation annuelle). Honoraires charge locataire 562 € dont 130 € pour l'état des lieux. Dépôt de garantie 1770 €. Pour renseignements et visites, nous . Dépot de dossier possible en ligne dans l'annonce",https://www.vizzit.fr/fr/property/appartement/lyon-7eme/Apoaah2341wnhaby,https://lb1.vizzit.com/69709a/Apoaah2341wnhaby/Photos/Apoaah2341wnhaby_1.jpg?639246290590000000,2026-09-28
Lyon 7ème (Rhône),495 €/mois,77 m² - 5 pièces - 3 chambres,"[Description] Plusse vous propose une belle chambre 12 de dans un appartement de 77.41 m2 au 172 rue Marcel Mérieux-LYON-69007 - Chambre 1, implanté au cœur du dynamique secteur Gerland / Girondins, un quartier moderne et dynamique très prisé par les étudiants et jeunes actifs. Au quotidien, vous bénéficierez d'un confort optimal grâce à la proximité immédiate de nombreux commerces, tels que des supermarchés, boulangeries, pharmacies, ainsi que des restaurants et coffee shops accueillants. Pour vos loisirs et moments de détente, le Parc de Gerland, les berges du Rhône et la célèbre Halle Tony Garnier se trouvent à seulement quelques minutes. L'emplacement est également idéal pour les étudiants et chercheurs, offrant un accès direct et rapide à l'ENS Lyon, à l'Université Jean Moulin Lyon 3 ainsi qu'aux grands campus universitaires du secteur. [Disponible: ] Ascenseur = OUI Un appartement moderne, chaleureux et parfaitement agencé, où chaque espace a été pensé pour allier confort absolu et fonctionnalité au quotidien. -3 chambres modernes et lumineuses, chacune équipée d'un lit double, de meubles de rangement et d'un coin bureau aménagé. - Un coin séjour séparé à l'ambiance cocooning, parfait pour se détendre. -Une cuisine totalement équipée, offrant de multiples rangements optimisés. -Une salle d'eau disposant d'une baignoire. -Un WC indépendant pour plus de confort et de praticité au quotidien. [Transport] L'appartement est situé à proximité de: - Arrêt de bus ""Girondins – Yves Farge"" (Lignes C7 et 34): à 150 mètres (2 minutes à pied). -Arrêt de bus ""Les Halles de Lyon / Carteret"" (Ligne C4): à 300 mètres (4 minutes à pied). -Station de Tramway T1 / T6 ""Debourg"": à 800 mètres (10 minutes à pied) pour un accès direct au Musée des Confluences ou à la Gare Perrache. -Station de Métro B ""Debourg"" ou ""Place Jean Jaurès"": accessibles à environ 850 mètres (10 à 12 minutes à pied, ou 4 minutes en bus), parfait pour rejoindre directement Part-Dieu. -Station Vélo'v Mérieux / Girondins: au pied de l'immeuble pour vos déplacements à vélo. [Loyer - Caution - frais] Honoraires à la charge du locataire: 332.8 € dont 76.8€ pour les frais d'état des lieux et 256 pour les frais de visites, constitution du dossier et rédaction du bail. Dépôt de garantie: 700 € Montant du loyer charges comprises: 495 € / mois comprenant: Montant des charges: 100 € / mois - Provision pour charge Charges incluses: Eau, Electricité, Chauffage, Internet, Entretien des parties communes Dépôt de garantie: 700 € Loyer hors charges: Si dans une zone avec complément de loyer: Montant du loyer de référence majoré = 1054.78€ Montant du loyer de base = 395€ / mois Montant éventuel du complément de loyer: 46.84€ / mois [Performance énergétique] Classement du logement en matière de performance énergétique: D: de 151 à 230 - D - 151,91 kWhEP/m².an Classement du logement en matière d'émissions de gaz à effet de serre: B: de 6 à 10 - B - 6,22 kg éqCO2/m².an À saisir rapidement! Société PLUSSE SAS - Numéro SIRET:Numéro RCS Lyon B.",https://www.vizzit.fr/fr/property/appartement/lyon-7eme/A0xp0fjn1m56kfj4,https://lb1.vizzit.com/260059a/A0xp0fjn1m56kfj4/Photos/A0xp0fjn1m56kfj4_1.jpg?639251694550000000,2026-09-28
Lyon 3ème (Rhône),879 €/mois,56 m² - 2 pièces - 1 chambre,"T2 PROXIMITÉ PART DIEU 92 rue Antoine Charial, 69003 Lyon Idéalement placé, à proximité de la Part Dieu, venez découvrir ce T2 non meublé de 56,47 m2 au 1er étage avec ascenseur. Il se compose d'une entrée, d'un séjour avec balcon, d'une cuisine séparée ainsi qu'une chambre et une salle d'eau avec toilette séparé. Vous disposerez également d'une cave et d'une place de stationnement en sous-sol. Eau froide, eau chaude et chauffage collectif gaz. Encadrement des loyers (Lyon & Villeurbanne) : Loyer hors charges : 690,32 € Charges locatives : 189,20 € (comprenant les consommations d'eau froide, d'eau chaude, de chauffage et l'entretien des parties communes) TOTAL MENSUEL : 879,52 € Dépôt de garantie : 690,32€ Montant de loyer de référence : 12,80 €/m2 Montant de loyer de référence majoré : 15,40€/m2 Frais de mise en location et d’état des lieux : Frais d'agence : 569,78€ Frais d'état des lieux : 171,10€ Pour déposer votre candidature : DOSSIER FACILE",https://www.vizzit.fr/fr/property/appartement/lyon-3eme/Avzuyevf2q662a0u,https://lb1.vizzit.com/4039902a/Avzuyevf2q662a0u/Photos/Avzuyevf2q662a0u_1.jpg?639254613030000000,2026-09-28
Lyon 3ème (Rhône),670 €/mois,22 m² - Studio,"Studio étudiant de 22.85m² doté d'un canapé lit et d'un bureau, d'une salle de bains incluant une douche à l'italienne - WC. Phileas Lodge possède une salle de sport et un jardin. Il propose un hébergement indépendant avec connexion Wi-Fi gratuite, ménage mensuel et coaching sportif compris dans le loyer, d'une laverie, local à vélo et proposant une salle petit déjeuner. Le Phileas Lodge se trouve à 10min à pied du métro D (arrêt Monplaisir ou Grange Blanche) et à seulement 10 min en bus de Part Dieu. A voir absolument ! Coup de coeur assuré. LOYER MENSUEL 595 + CHARGES 75€ , caution de 450€, Honoraire agence : 400€ Réservation auprès de notre gestionnaire tel référence PL1.409 Copropriété de 64 lots - dont 64 lots habitation.",https://www.vizzit.fr/fr/property/appartement/lyon-3eme/A2klm9q1yts82fzg,https://lb1.vizzit.com/85438a/A2klm9q1yts82fzg/Photos/A2klm9q1yts82fzg_1.jpg?639245507500000000,2026-09-28
Lyon 7ème (Rhône),1 100 €/mois,48 m² - 2 pièces - 1 chambre,"Je propose en location ce charmant appartement meublé de 48,4 m² situé au 6ème étage (dernier étage) d’une copropriété de standing. L’appartent vient d’être entièrement rénové en 08/2026. Ce bien offre une vue exceptionnelle sur le Parc Blandan et dispose d’un balcon de 5,6 m². Cet appartement comprend une cuisine neuve entièrement équipée, une chambre avec placard de rangement, une salle de bain et un WC séparé. La cuisine est entièrement équipée et séparée. - Balcon avec vue sur le Parc Blandan - Cadre verdoyant - Dernier étage avec belle luminosité - De nombreux équipements : Lave-vaisselle, machine à laver - Ascenseur - Accès PMR - Cave - Copropriété de standing - Proximité Métro Garibaldi - Possibilité de louer un garage en sous-sol en supplément Chauffage électrique individuel. Classe énergie D - Classe climat B. Appartement disponible en septembre (2026). N'hésitez pas à me pour plus d'informations ou pour organiser une visite.",https://www.vizzit.fr/fr/property/appartement/lyon-7eme/Ayunpxff16jxo6x7,https://lb1.vizzit.com/276804a/Ayunpxff16jxo6x7/Photos/Ayunpxff16jxo6x7_1.jpg?639245493090000000,2026-09-28
Lyon 3ème (Rhône),1 250 €/mois,57 m² - 2 pièces - 1 chambre,"Localisation : Lyon 3e, à 2 minutes à pied du métro Saxe-Gambetta Style : Appartement haussmannien, lumineux et rénové Superficie : [57] m. Pièces: 1 chambre, salon, cuisine équipée, salle d'eau. Description : Je loue un T2 meublé situé en plein centre de Lyon, dans un immeuble haussmannien calme et bien entretenu. L'appartement se compose : • d'un salon lumineux avec parquet • d'une chambre avec lit double et dressing • d'une cuisine équipée (réfrigérateur, plaques de cuisson, four, micro-ondes, lave-linge...), • d'une salle d'eau moderne Meublé avec goût, prêt à vivre. Internet fibre optique disponible. Idéal pour jeune actif-ve ou couple. Loyer mensuel: [1250] € charges comprises Disponible à partir du : mois de septembre Bail meublé 1 an renouvelabl Voir moins",https://www.vizzit.fr/fr/property/appartement/lyon-3eme/Aj8ofhzlon0xf86s,https://lb1.vizzit.com/276804a/Aj8ofhzlon0xf86s/Photos/Aj8ofhzlon0xf86s_1.jpg?639245492450000000,2026-09-28
Lyon 2ème (Rhône),1 600 €/mois,80 m² - 3 pièces - 2 chambres,"' LOCATION MEUBLÉE EN EXCLUSIVITÉ DANS VOTRE AGENCE MUSCAT IMMOBILIER ' Référence no202 // LYON 2ème // Appartement - 3 pièces - 80,02 m2 - Au cœur de la Presqu’île lyonnaise Idéalement situé au 6 rue de la Barre, au sein d’un immeuble haussmannien avec ascenseur, en plein cœur de la Presqu’île de Lyon, ce charmant appartement de 80,02 m2 vous séduira par son cachet authentique et sa vue exceptionnelle sur l’Hôtel-Dieu. À quelques pas de la place Bellecour, dans l’un des secteurs les plus recherchés de Lyon, vous profitez d’un cadre de vie privilégié avec commerces, restaurants, transports et toutes les commodités au pied de l’immeuble. Situé au 4ᵉ étage, cet appartement traversant bénéficie d’une belle luminosité naturelle tout au long de la journée avec le charme de l’ancien : parquet d’époque, moulures raffinées, cheminées décoratives et hauteur sous plafond de 3,15 m. L’espace de vie se compose d’un agréable séjour d'environ 29.22m2 et d'une cuisine indépendante, aménagée et équipée. Côté nuit, vous disposez d’une chambre spacieuse d’environ 13,72 m2, ainsi que de deux pièces supplémentaires, dont une alcôve agrémentée d’une mezzanine, idéale pour aménager un coin lecture ou un bureau. La seconde pièce pourra quant à elle être utilisée comme chambre d’appoint ou chambre d’amis. Une salle de bains avec espace buanderie, un WC indépendant ainsi que plusieurs rangements intégrés complètent ce bien. Parkings disponibles aux alentours. ------ Loyer mensuel: 1600 € CC Dont provisions sur charges: 70 € / mois comprenant les charges communes générales. (Régularisation annuelle) Loyer HC: 1530 € Ce loyer est soumis au loyer de référence majoré fixé par arrêté préfectoral. (Zone tendue - encadrements des loyers) Loyer de référence majoré: 1632,41 € Dépôt de garantie: 3060 € Honoraires d'agence à la charge du locataire: 1049,86 € ------ Veuillez déposer votre dossier via la plateforme sécurisée ZELOK. (QR CODE en photo) Contactez nous dès à présent !",https://www.vizzit.fr/fr/property/appartement/lyon-2eme/Apw3614l81zljoom,https://lb1.green-acres.com/1396246a/Apw3614l81zljoom/Photos/Apw3614l81zljoom_1.jpg?639250379480000000,2026-09-28
Lyon 7ème (Rhône),520 €/mois,28 m² - 2 pièces - 1 chambre,"T2 – 28 m² – Lyon 7 – Rue Marie-Madeleine Fourcade Loyer : 520 € charges comprises – APL possible Je mets en location ce T2 de 28 m² situé rue Marie-Madeleine Fourcade, dans un coin du 7 € agréable, avec un peu de verdure autour et pas mal d'étudiants dans le secteur. Transports et commerces pas loin. La pièce principale regroupe le salon et la cuisine. La cuisine est en angle, avec four et micro -onde encastré, plaque, hotte, évier et grand frigo et un lave -vaisselle intégré. Une petite table ronde avec deux chaises est installée pour les repas, et un canapé pour la détente. La chambre est à part, avec un lit double, deux tables de chevet et une grande armoire faite sur mesure. La TV est fixée au mur, en face du lit. Salle de bain simple et propre : baignoire, meuble vasque avec miroir, WC et machine à laver. Sèche-serviettes mural. Appartement bien agencé, facile à vivre, idéal pour une personne seule ou un couple. Loyer : 520 € charges comprises. APL possible. Disponible rapidement. Les candidatures et le suivi des dossiers sont centralisés sur Loximo. L'accès aux candidatures nécessite un abonnement Loximo.",https://www.vizzit.fr/fr/property/appartement/lyon-7eme/Avqwyemlm57lq1ke,https://lb1.vizzit.com/4055650a/Avqwyemlm57lq1ke/Photos/Avqwyemlm57lq1ke_1.jpg?639244687710000000,2026-09-28
Lyon 3ème (Rhône),1 329 €/mois,66 m² - 3 pièces - 2 chambres,"LYON 3ème Garibaldi - Situé au coeur du prisé 3ème arrondissement et de sa vie commerçante, dans une résidence sécurisée des années 2000, découvrez ce joli appartement T3 meublé de 66,05 m² au 1er étage. Ce bien se compose d'un hall d'entrée avec placard, d'une pièce de vie de 21.68 m² ouvrant sur un balcon de 3 m², et d'une cuisine semi-ouverte aménagée et équipée (plaque de cuisson, hotte, four, réfrigérateur, lave-vaisselle et lave-linge). Côté nuit, retrouvez 2 chambres avec dressing et placard de 11,42 m² et 11,70m² , une salle de bains et un WC séparé. Ce bien bénéficie également d'un garage fermé en sous-sol inclus dans la location. Emplacement recherché à proximité immédiate des commerces, restaurants et des transports en commun avec à moins de 7 min à pied le Métro D arrêt ""Garibaldi"", le métro B arrêt ""Gare Part-Dieu"", la gare SNCF, la ligne de bus C25 arrêt ""Garibaldi Paul Bert"" et les stations Vélo'V. Disponible le 30 septembre, à visiter sans tarder ! Pour tout renseignement, l'agence Essentiel Gestion Locative directement par téléphone Ce loyer de 1329 € charges comprises intègre un loyer de référence majoré de 1 155 €, un complément de loyer de 119 € justifié par les prestations intérieures du logement (lave-vaisselle, lave-linge et box de stationnement) ainsi qu'une provision pour charges de 55 € (entretien des parties communes et entretien de la chaudière). (Loyer de référence : 964,33 € / Loyer de référence majoré : 1155,88 €) Dépôt de garantie : 2548 € Honoraires d'agence : 866 € (666 € Visites/Constitution du dossier/Rédaction de bail et 200 € Etats des lieux)",https://www.vizzit.fr/fr/property/appartement/lyon-3eme/Aqkw7gkey00n7kp4,https://lb1.vizzit.com/275711a/Aqkw7gkey00n7kp4/Photos/Aqkw7gkey00n7kp4_1.jpg?639244663290000000,2026-09-28
Lyon 8ème (Rhône),1 177 €/mois,81 m² - 4 pièces - 3 chambres,"LYON 8ème Boulevard des Etats-Unis - Situé dans une résidence sécurisée, découvrez ce ravissant T4 au 9ème étage de 81,74 m² entièrement rénové et avec vue dégagée. Calme et lumineux, il se compose d'un hall d'entrée, d'un séjour/salle à manger et d'une cuisine indépendante entièrement équipée et aménagée (plaque de cuisson, hotte et four).Côté nuit, retrouvez 3 chambres, un espace rangement, une salle d'eau et un WC séparé. Ce bien dispose également d'une cave située sur le palier et d'un stationnement libre dans la résidence. Vous serez à proximité des commodités (écoles, collèges, restaurants, commerces, supermarchés, etc..) et des transports en communs avec à 2 min à pied la ligne de bus 26 et la ligne de tramway T4 arrêt ""Etats-Unis Viviani"". Disponible le 28 septembre. Pour tout renseignement complémentaire, l'agence ESSENTIEL GESTION LOCATIVE directement par téléphone Ce loyer de 1 177 € charges comprises intègre une provision sur charges de 230 € incluant le chauffage, l'eau froide, l'eau chaude et l'entretien des parties communes. (Encadrement des loyers : Loyer de référence : 817,40 € / Loyer de référence majoré : 980,88 €). Dépôt de garantie : 947 € Honoraires d'agence : 1071 € (824 € Visites/Constitution du dossier/Rédaction de bail et 247 € Etat des lieux)",https://www.vizzit.fr/fr/property/appartement/lyon-8eme/Axnz7p3qgdt4b9j7,https://lb1.vizzit.com/275711a/Axnz7p3qgdt4b9j7/Photos/Axnz7p3qgdt4b9j7_1.jpg?639244655430000000,2026-09-28
Lyon 3ème (Rhône),770 €/mois,32 m² - Studio,"Lyon 3ᵉ – Studio meublé de 32 m² Situé impasse Charles Lindbergh, dans le 3ᵉ arrondissement de Lyon, ce studio meublé de 32 m² se trouve au 2ᵉ étage sans ascenseur. Il comprend une pièce de vie lumineuse aménagée avec un canapé et un bureau, une cuisine séparée équipée d'un réfrigérateur et d'une cuisinière, ainsi qu'une salle d'eau avec baignoire et des WC séparés. Le logement bénéficie d'un environnement calme. Les + du bien : Chauffage central Double vitrage WC séparés Lumineux Calme Loyer : 770 € CC • Charges : 80 €/mois • Dépôt de garantie : 1 380 € DPE : C (118 kWh/m².an) – GES : D (37 kg CO₂/m².an) Référence annonce : Consommation énergétique : 118 kWh/m²/an Emission de gaz à effet de serre : 37 CO2/m²/an Dépôt de garantie : 1380 €",https://www.vizzit.fr/fr/property/appartement/lyon-3eme/A780esstmtqvwksz,https://lb1.vizzit.com/4225158a/A780esstmtqvwksz/Photos/A780esstmtqvwksz_1.jpg?639244571570000000,2026-09-28
Lyon 3ème (Rhône),1 097 €/mois,57 m² - 3 pièces - 2 chambres,"A proximité immédiate de la Place Bir-Hakeim, T3 dans résidence de standing comprenant un hall d'entrée avec placards, un séjour donnant sur un balcon de 6.67m2, un coin cuisine aménagé et équipé (four, plaques, hotte), deux chambres avec sol parquet et placards, une salle de bains avec baignoire et meuble vasque et un WC séparé. Un parking complète ce bien. Interphone - ASCENSEUR Chauffage et eau chaude ind. au gaz ( chaudière collective). Zone soumise à encadrement des loyers : Loyer de base (loyer hors charges) : 770.74€ /mois Loyer de référence majoré (loyer de base à ne pas dépasser) : 927.20 €/ mois Complément de loyer : 0 € / mois POUR VISITER, MERCI DE CATHERINE SOUIN Les informations sur les risques auxquels ce bien est exposé sont disponibles sur le site Géorisques :",https://www.vizzit.fr/fr/property/appartement/lyon-3eme/A35kbdxf3doawehm,https://lb1.vizzit.com/69675a/A35kbdxf3doawehm/Photos/A35kbdxf3doawehm_1.jpg?639244677090000000,2026-09-28
Lyon 8ème (Rhône),1 004 €/mois,65 m² - 3 pièces - 2 chambres,"A LOUER - LYON 8 - Rue Hugues Guerin, Immeuble neuf, bel appartement F3 au troisième étage d'une surface de 65.82 m² avec loggia de 5.68m² comprenant un dégagement, un séjour avec coin cuisine aménagée, deux chambres , une salle de bains , un WC. Un garage fait partie de la location. Chauffage par caloporteur. Soumis à Loi PINEL ( plafonds de ressources ) Zone soumise à encadrement des loyers : ref : 12.50€ ref majoré : 15.00€ Bail à part pour garage.",https://www.vizzit.fr/fr/property/appartement/lyon-8eme/Aho0tx8ea5cdcjtc,https://lb1.vizzit.com/538559a/Aho0tx8ea5cdcjtc/Photos/Aho0tx8ea5cdcjtc_1.jpg?639244665090000000,2026-09-28
Lyon 8ème (Rhône),1 212 €/mois,71 m² - 3 pièces - 2 chambres,"F3 a louer AVEC TERRASSES A PROXIMITE DE LA MAISON DE LA DANSE ET DEUX GARAGES EN SOUS SOL INCLUS - IMMOSQUARE vous propose à la location , à proximité de la Maison de la Danse , dans la Résidence Red Factory , un appartement F3 de 71.85 m avec une terrasse d'angle de 46 m2. Ce grand F3 composé d'un grand salon avec une cuisine ouverte et de deux chambres , est idéal pour une famille ou jeune couple Le chauffage , et l'eau chaude sont inclus dans les provisions sur charges qui feront l'objet d'une régularisation annuelle. Honoraires 725 euros , frais d'état des lieux 213 euros . zone soumise à l'encadrement des loyers loyer de référence :899.38 € HC loyer de référence majoré 1079.25 € HC Deux garages en sous sol viennent compléter cette location . Libre immédiatement . garants demandés Cabinet IMMOSQUARE Le bien est soumis au statut de la copropriété. Loyer de 1 212,00 euros par mois charges comprises dont 160,00 euros par mois de provision pour charges (soumis à la régularisation annuelle). Les honoraires charge locataire sont de 938,00 euros ( soit 13,04 euros/m² ) dont 213,00 euros pour état des lieux ( soit 2,96 euros/m² ).",https://www.vizzit.fr/fr/property/appartement/lyon-8eme/Au5jx0unc6qi82sw,https://lb1.vizzit.com/279728a/Au5jx0unc6qi82sw/Photos/Au5jx0unc6qi82sw_1.jpg?639244612140000000,2026-09-28
Lyon 8ème (Rhône),880 €/mois,52 m² - 3 pièces - 2 chambres,"APPARTEMENT TYPE 3 meublé au premier étage de 52.06 m2 comprenant séjour/salon, cuisine meublée et équipée, deux chambres, une salle de bains, wc, balcon, et loggia. Possibilité de se garer facilement dans la résidence Métro D à 5 minutes à pied Bus, écoles, commerces a proximité Pas sérieux s’abstenir Merci de m’envoyer un msg avec une explication de votre situation Dossiers avec une garantie visale seront prioritaires",https://www.vizzit.fr/fr/property/appartement/lyon-8eme/Ateluac32118yefi,https://lb1.vizzit.com/276804a/Ateluac32118yefi/Photos/Ateluac32118yefi_1.jpg?639244570340000000,2026-09-28
Lyon 6ème (Rhône),2 552 €/mois,136 m² - 4 pièces - 3 chambres,"144 rue Vendôme - 69006 LYON LOCATION BAIL CIVIL D'UN AN LOGEMENT LOUE NON MEUBLE Nous vous proposons à la location ce beau T4 en plein cœur du centre-ville de Lyon. Situé dans le 6ème arrondissement dans le quartier Edgar Quinet au pied des transports en commun et des établissements scolaires. L’appartement se compose d’une grande entrée de 18m2 qui dessert chacune des pièces de l'appartement. Vous trouverez un magnifique séjour avec parquet et cheminée de 41m2 avec alcôve, une cuisine indépendante aménagée (frigo, cuisinière gaz, lave vaisselle), trois chambres dont une suite parentale, ainsi qu'une deuxième salle d'eau et un WC séparé. Vous serez séduit par le charme de l’ancien : cheminées, parquets chevrons, belle hauteur sous plafond, moulures. Disponible le Détail du loyer : Loyer hors charges : 2462.75€ Charges locatives : 90.00€ (comprenant l’entretien des parties communes) TOTAL MENSUEL : 2552.75€ Dépôt de garantie : 2462.75€ Frais d'agence : 1379,81 € Frais d'état des lieux : 414,35 € Pour déposer votre candidature : DOSSIER FACILE",https://www.vizzit.fr/fr/property/appartement/lyon-6eme/Arc6myu7wzn9r3ti,https://lb1.vizzit.com/4039902a/Arc6myu7wzn9r3ti/Photos/Arc6myu7wzn9r3ti_1.jpg?639244261800000000,2026-09-28
Lyon 8ème (Rhône),965 €/mois,63 m² - 2 pièces - 1 chambre,"Exclusivité orpi - lyon 3ème, 173 avenue lacassagne - grand t2 meublé de 63.69 m², situé au rez-de-chaussée d'une copropriété calme et sécurisée des années 60. L'appartement dispose d'une entrée, d'une belle pièce de vie de 46,96 m² avec une cuisine meublée et équipée, d'une chambre de 10,71 m² avec rangements, d'une salle de bains et d'un wc indépendant. Une cave vient également compléter ce bien. Situation idéale au pied des commerces de montchat et des transports de grange blanche (métro d, tram t2 et t5 et bus).",https://www.vizzit.fr/fr/property/appartement/lyon-8eme/A7i7asz4yq0vqeah,https://lb1.vizzit.com/71751a/A7i7asz4yq0vqeah/Photos/A7i7asz4yq0vqeah_1.jpg?639244415460000000,2026-09-28
Lyon 8ème (Rhône),1 250 €/mois,72 m² - 3 pièces - 2 chambres,"Location appartement t3 à lyon 08 de 72 m². Cet appartement de particulier est à louer meublé pour un loyer de 1250 € disponible à partir du 01 / 10 / 2026 annonce entre particuliers. Code insee : 69388. Atouts : cave ou local, stationnement possible, balcon ou terrasse, dernier étage, baignoire, sans vis-à-vis, grand séjour, cuisine équipée, proximité transport, cuisine indépendante, proximité commerce.",https://www.vizzit.fr/fr/property/appartement/lyon-8eme/Agguoxsg1l63xrtj,https://lb1.vizzit.com/4107636a/Agguoxsg1l63xrtj/Photos/Agguoxsg1l63xrtj_1.jpg?639257418020000000,2026-09-28
Lyon 7ème (Rhône),990 €/mois,60 m² - 2 pièces - 1 chambre,"Disponible à partir de fin septembre, appartement T2 meublé de 62 m², situé au 7e étage sur 9, avenue Berthelot, 69007 Lyon (proche arret de tram ""Route de Vienne""). Le logement offre une belle surface , avec : Un grand salon / séjour lumineux et spacieux Une chambre Une cuisine séparée et équipée Une salle de bain Un espace de vie confortable et nombreux rangements L'appartement est loué meublé et dispose notamment de : Four Lave-vaisselle Réfrigérateur Machine à laver TV ? Loyer et charges Loyer hors charges : 870 € / mois Charges : 120 € / mois Loyer charges comprises : 990 € / mois Dépôt de garantie : 1 500 € Disponibilité : fin septembre 2026 DPE : D GES : D ? Dossier de location Pour les personnes intéressées, merci de présenter votre situation dans votre premier message : situation professionnelle, revenus mensuels, garant éventuel et date souhaitée d'entrée dans les lieux. Après un premier échange et avant la visite, un dossier locataire complet pourra être demandé, comprenant notamment les justificatifs nécessaires à l'étude du dossier : pièce d'identité, justificatifs de situation professionnelle et de revenus, avis d'imposition, justificatif de domicile et, le cas échéant, documents relatifs au garant. ? Premier contact exclusivement par messagerie Leboncoin.",https://www.vizzit.fr/fr/property/appartement/lyon-7eme/Awlobdmpc2g0awzt,https://lb1.vizzit.com/276804a/Awlobdmpc2g0awzt/Photos/Awlobdmpc2g0awzt_1.jpg?639243821550000000,2026-09-28
Lyon 8ème (Rhône),2 990 €/mois,150 m² - 500 m² de terrain - 5 pièces,"Bail meublé d'un an renouvelable ou bail mobilité 10 mois possible. Afin de sécuriser la location, nous demandons les garanties Smartgarant ou garantme. Les visites auront lieu les 17 et 18 septembre, après réception des dossiers complets. UNE MAISON SPACIEUSE AVEC PISCINE ET JARDIN au calme absolu : Profitez d'une maison entièrement équipée avec trois chambres dotées de lits doubles, deux salles de bain dont une avec baignoire, un grand séjour lumineux, une cuisine moderne, un coin salle de sport, un bureau, une piscine chauffée et un agréable espace extérieur avec mobilier de jardin. Le logement 100% CONFORT → UNE MAISON SPACIEUSE AVEC PISCINE CHAUFFEE : Découvrez cette superbe maison entièrement équipée, idéale pour une famille, et pourquoi pas pour une mobilité professionnelle. Vous profiterez d'un grand espace de vie lumineux avec un salon confortable, télévisions connectées, video-projecteur avec écran motorisé, et une décoration moderne pensée pour votre confort. → UNE CUISINE ENTIÈREMENT ÉQUIPÉE : cuisine moderne disposant de plaques de cuisson, four, micro-ondes, réfrigérateur/congélateur, lave-vaisselle, machine à café, bouilloire, grille-pain, vaisselle et tous les ustensiles nécessaires. → TROIS CHAMBRES CONFORTABLES CLIMATISEES (clim réversible): Les trois chambres sont équipées d'un lit double. Des espaces de rangement sont également à votre disposition. → DEUX SALLES DE BAIN : La maison dispose de deux salles de bain modernes, dont une avec une agréable baignoire a jets , ainsi que trois toilettes pour plus de confort. → UN EXTÉRIEUR PENSÉ POUR LA DÉTENTE : piscine chauffée, le jardin et le mobilier extérieur → 2 PLACES DE PARKING PRIVEES possibilité de charger une voiture . → DES ÉQUIPEMENTS PREMIUM : télévision, lave-linge, vidéo-projecteur et écran géant → UN SECTEUR CALME DU 8ᵉ ARRONDISSEMENT : Secteur Grand Parilly. La maison bénéficie d'un environnement agréable, tout en restant proche du centre de Lyon et des axes routiers. → COMMERCES À PROXIMITÉ : Boulangeries, supermarchés, restaurants, pharmacies et commerces du quotidien sont accessibles en quelques minutes. → TRANSPORTS EN COMMUN : Les transports à proximité permettent de rejoindre rapidement le centre-ville, la Presqu'île, Bellecour, Part-Dieu, le Vieux Lyon. Tram T4 à 5 min à pied, métro ligne D à 10min à pieds 2 263 €/mois 11,61 €/m² Complément de loyer 687 €/mois Charge de 40 euros , comprenant l'eau , les ordures ménagères. Internet haut débit compris dans la location",https://www.vizzit.fr/fr/property/immobilier/lyon-8eme/Au0crbpho5gby0pf,https://lb1.vizzit.com/276804a/Au0crbpho5gby0pf/Photos/Au0crbpho5gby0pf_1.jpg?639243821550000000,2026-09-28
Lyon 8ème (Rhône),1 150 €/mois,71 m² - 3 pièces - 2 chambres,"Disponible à partir du Appartement de 71m² entièrement meublé, situé au 4ème étage avec ascenseur dans une résidence calme, sécurisée et très bien entretenue construite en 2000, comportant : pièce de vie de 21m², cuisine équipée, 2 chambres d’environ 12m² avec placard, salle de bains, WC indépendant, placards. Possibilité de 5 à 6 couchages. Très lumineux, carrelage au sol. L’appartement est totalement meublé et équipé (lave-linge, aspirateur, grille-pain, bouilloire, micro-ondes, lave-vaisselle…). Le linge de maison (couettes, oreillers...) est également mis à disposition. Chauffage électrique individuel. L’appartement est situé à 50m du T6 ""Moulin à vent"" (2 arrêts du métro B Debourg.) Le bus C12 vous emmène en 10 minutes à Jean Macé et 20 minutes à Bellecour. Station Vélov à 100m. Vous trouverez également de nombreux commerces à proximité dont un Franprix, deux boulangeries, deux pharmacies ainsi que des lieux de restauration. Loyer 1000 + 80€ de charges, comprenant eau et nettoyage des communs. En sus électricité (environ 40€/mois sans chauffage, 140 €/mois avec chauffage).",https://www.vizzit.fr/fr/property/appartement/lyon-8eme/Anuvnvhoj5n2pqdi,https://lb1.vizzit.com/276804a/Anuvnvhoj5n2pqdi/Photos/Anuvnvhoj5n2pqdi_1.jpg?639243812580000000,2026-09-28
Lyon 7ème (Rhône),1 100 €/mois,48 m² - 2 pièces - 1 chambre,"Bel appartement T2 meublé de 48 m² idéalement situé sur l’avenue Jean Jaurès, à deux pas du métro Jean Jaurès et de tous commerces. L’appartement se compose d’une entrée, d’un séjour lumineux, d’une cuisine équipée, d’une chambre avec coin dressing aménagé, et d’une salle d’eau avec wc. Place de parking privée en sous-sol incluse. Loyer : 1100 € CC (charges comprises — eau chaude et chauffage inclus), susceptibles d’être réajustées après 3 mois selon la consommation réelle. Disponible à partir du 15/10. Dépôt de garantie : 2 mois de loyer. Dossier locataire sécurisé exigé (Garantme, Visale, GLI ou garant physique avec justificatifs). Non fumeur.",https://www.vizzit.fr/fr/property/appartement/lyon-7eme/Anbp0w65zm289825,https://lb1.vizzit.com/276804a/Anbp0w65zm289825/Photos/Anbp0w65zm289825_1.jpg?639243804410000000,2026-09-28
Lyon 8ème (Rhône),1 250 €/mois,35 m² - 2 pièces - 1 chambre,"L'agence Memorable Place vous propose cet appartement 2 pièces situé au 14 rue Saint Maurice à Lyon 8e, proche du métro D Monplaisir Lumière et Sans-Souci. Les plus de l'appartement : - location tout inclus (eau, électricité, internet et entretien 2 fois par mois) - proche transport : métro, bus et vélov à moins de 5min à pied Bellecour à 10min en métro, facultés et écoles supérieures à 10 minutes à pied - proche tous commerces et restaurants - la chambre séparée - le balcon Situé au 3ème étage avec ascenseur, lumineux T2 meublé de 35 m² composé de : - 1 salon avec un canapé-lit 140x190, une TV HD, et un petit balcon avec une table et deux chaises - 1 cuisine toute équipée avec notamment four, micro-onde, plaque induction, réfrigérateur, hotte, et tout le nécessaire pour cuisiner, un coin repas avec 2 chaises - 1 salle de bain avec un meuble vasque, 1 douche et 1 machine à laver - 1 chambre avec grand placard de rangement et un lit en 140x190 et une autre TV HD Location non soumis à l'encadrement des loyers et non éligible aux APL. Bail civil à partir de 1 mois. Provision pour charges mensuelles (électricité + eau + internet + entretien) : 250 € Honoraires locataire : 10 €/m², incluant état des lieux (3 €/m²) Assurance habitation obligatoire Updated on Le propriétaire de ce bien utilise Studapart pour louer son logement en toute sécurité. Comment ça marche ? Vous recevez un email Studapart et cliquez sur le lien de l'annonce. Vous créez votre compte Studapart et envoyez votre candidature (dossier + message) sans aucun frais. Si votre profil est retenu, vous pourrez faire une demande de réservation. Les frais Studapart ne sont débités qu'en cas de confirmation de réservation afin de vous garantir une location 100% sécurisée. Mise à jour le",https://www.vizzit.fr/fr/property/appartement/lyon-8eme/Aji24zor8igy2z09,https://lb1.vizzit.com/68263a/Aji24zor8igy2z09/Photos/Aji24zor8igy2z09_1.jpg?639243747730000000,2026-09-28
Lyon 7ème (Rhône),840 €/mois,53 m² - 3 pièces - 2 chambres,"Appartement libre calme avec garage idéal deux étudiants/es ou jeunes actifs. Garant demandé signe distance. Merci Compléter Profil leboncoin dans votre compte. Un mois de caution. Sera géré futur gestionnaire sans frais pour vous. Garage s/sol Facultatif avec petit supplément. Appartement 3 pièces semi meublé, 2 chambres dont 1 avec placard mural, un séjour, cuisine équipé, salle de bain, toilettes, le tout séparé et bien agencé, à l’intérieur de la résidence côté jardin, étage élevé avec ascenseur. Tram à côté, métro pas loin, Bus au pied de la résidence",https://www.vizzit.fr/fr/property/appartement/lyon-7eme/At4xqg20yyq1mxnl,https://lb1.vizzit.com/276804a/At4xqg20yyq1mxnl/Photos/At4xqg20yyq1mxnl_1.jpg?639242657830000000,2026-09-28
Lyon 7ème (Rhône),729 €/mois,41 m² - 2 pièces - 1 chambre,"Référence 5109 - Disponible de suite. Appartement de type 2 de 41,53 m2 au 1er étage situé Avenue Berthelot à Lyon 7ème. Composé d'un séjour avec placards, kitchenette meublée et équipée (plaques électriques), une chambre, une salle d'eau et wc séparé. Modalité de production de chauffage : Individuel Radiateur Gaz Modalité de production d'eau chaude sanitaire : Individuelle Chaudiere Gaz Eau froide collective. Zone soumise à encadrement des loyers Loyer de base : 664 € Loyer de référence majoré (loyer de base à ne pas dépasser) : 664,20 € Les informations sur les risques auxquels ce bien est exposé sont disponibles sur le site Géorisques: Les informations sur les risques auxquels ce bien est exposé sont disponibles sur le site Géorisques :",https://www.vizzit.fr/fr/property/appartement/lyon-7eme/Anv98tvabqettluj,https://lb1.vizzit.com/69716a/Anv98tvabqettluj/Photos/Anv98tvabqettluj_1.jpg?639243837000000000,2026-09-28
Lyon 3ème (Rhône),1 490 €/mois,75 m² - 3 pièces - 2 chambres,"LYON 3 / T3 MEUBLÉ - RUE DE LA BUIRE, QUARTIER BIR-HAKEIM Situé dans une petite rue calme, venez découvrir cet appartement de 3 pièces meublé de 2007 et de 75,28 m². Situé au 4èmé étage avec ascenseur, il est composé d'un vaste séjour de 32,24 m² ouvrant sur une très agréable loggia de 7,10m² donnant sur cour, d'une cuisine meublée et équipée, de deux chambres avec placards, d'un balcon filant donnant sur rue (5,80m²), d'une salle de bain avec baignoire, d'un W.C indépendant avec lave mains. Un garage en sous-sol complète ce logement. Eau chaude et Chauffage individuel électrique, eau froide collective. Disponibilité immédiate. Loyer mensuel hors charges : 1390,00 EUR/mois Provisions pour charges, soumises à régularisation annuelle : 100,00 EUR/mois Dépôt de garantie : 2780,00 EUR Honoraires location : 759,58 EUR Etat des lieux : 228,10 EUR Zone soumise à l'encadrement des loyers Loyer médian : 15.00€ / m² Loyer majoré : 18.",https://www.vizzit.fr/fr/property/appartement/lyon-3eme/A9i1vlfm8gr4mc6i,https://lb1.vizzit.com/4108722a/A9i1vlfm8gr4mc6i/Photos/A9i1vlfm8gr4mc6i_1.jpg?639244655990000000,2026-09-28
Lyon 7ème (Rhône),1 148 €/mois,115 m² - 4 pièces - 3 chambres,"À louer, au 9 rue Sébastien Gryphe, dans le 7e arrondissement de Lyon, spacieux appartement T4 de 115,02 m² situé au 1er étage. Le logement se compose d'un agréable séjour, de trois chambres, d'une cuisine séparée ainsi que d'une salle de bains. Sa belle superficie offre un cadre de vie confortable et fonctionnel. Des travaux sont actuellement prévus dans l'appartement. Le logement ne sera donc pas disponible immédiatement. La date de disponibilité sera précisée en fonction de l'avancement des travaux. -> Si vous souhaitez candidater, veuillez déposer votre dossier sur Seventee. Le loyer est de 1148€ (dont de 100€ charges). Les honoraires sont de 1509.06€ (dont 348.51€ d'état des lieux). Le dépôt de garantie est de 1048€ . Encadrement des loyers : Loyer de référence : 11.7€/m2 Loyer majoré : 14€/m2 Loyer minoré : 8.",https://www.vizzit.fr/fr/property/appartement/lyon-7eme/Anpmhabkwws38doe,https://lb1.vizzit.com/1210351a/Anpmhabkwws38doe/Photos/Anpmhabkwws38doe_1.jpg?639242155940000000,2026-09-28
Lyon 3ème (Rhône),1 100 €/mois,88 m² - 3 pièces - 2 chambres,"Rue Domremy- Spacieux T3 de 88 m² situé au 6ème et dernier étage avec ascenseur dans un immeuble bien entretenu avec une jolie vue dégagée. Appartement composé d'un beau séjour avec rangement, d'une cuisine aménagée et équipée (plaques induction, hotte, four, lave-vaisselle, micro-onde, réfrigérateur/congélateur), 2 chambres donnant sur balcon, une grande salle d'eau et WC séparé. Garage privatif et cave. Chauffage individuel électrique, double vitrage.. Des travaux d'isolation des murs sont en cours de réalisation pour améliorer la performance énergétique du logement Visite virtuelle : Loyer : 1020,46€ + charges 80,00€ (charges communes d'immeuble + entretien immeuble) Dépôt de Garantie : 1020,46€ Honoraire d'agence : 1154,56€ (dont 266,64€ de frais d'état des lieux d'entrée + 887,92€ de frais de recherche de locataires, constitution de dossier et rédaction de bail). LIBRE au DPE : 310E GES : 12C Frais annuel d'énergie pour chauffage : 2510 et 3430€ selon l'index 2021. •Zone soumise à l'encadrement des loyers : •Zone soumise à l'encadrement des loyers : Loyer de référence : 1056 ,00€ Loyer Majoré : 1267,20€ Loyer Minoré : 739,20 Les informations sur les risques auxquels ce bien est exposé sont disponibles sur le site Géorisques :",https://www.vizzit.fr/fr/property/appartement/lyon-3eme/Ao5sb45mph5vgtbq,https://lb1.vizzit.com/69541a/Ao5sb45mph5vgtbq/Photos/Ao5sb45mph5vgtbq_1.jpg?639242154070000000,2026-09-28
Lyon 8ème (Rhône),1 280 €/mois,69 m² - 3 pièces - 2 chambres,"CONTACT PAR MAIL UNIQUEMENT - PAS DE COLOCATION POSSIBLE - MEUBLE Au 58 avenue Jean Mermoz, face à la clinique privée, retrouvez dans une résidence sécurisée, au 3ème étage, ce bel appartement de 70m2. Vous bénéficiez de tout le confort d'une résidence récente : climatisation, ascenseur, bonne isolation. L'appartement se compose d'une entrée avec placard, un WC séparé, une cuisine équipée ouverte sur un grand séjour donnant accès à une loggia spacieuse et au calme, un coin nuit composé de deux chambres avec une salle d'eau. L'appartement donne entièrement au calme sur une rue à sens unique. Le chauffage est individuel électrique. L'eau chaude et l'eau froide sont incluses dans les charges. L'appartement bénéficie d'un garage fermé en sous sol. Disponible dès maintenant ! Loyer de 1080 euros + 200 euros de charges (copropriété, provision eau froide, provision eau chaude) Dépôt de garantie : 2160 euros Honoraires de location à la charge du locataire : 911.97 euros ( dont 210.62 euros pour l'état des lieux ) AGENCE NESTENN LYON 8",https://www.vizzit.fr/fr/property/appartement/lyon-8eme/A7r76wut4h159u2y,https://lb1.vizzit.com/71950a/A7r76wut4h159u2y/Photos/A7r76wut4h159u2y_1.jpg?639242153680000000,2026-09-28
Lyon 3ème (Rhône),940 €/mois,50 m² - 2 pièces - 1 chambre,"Au coeur du quartier recherché de Montchat, à proximité immédiate de l'arrêt de tramway Grange Blanche et de l'arrêt de métro Sans Souci, découvrez ce T2 meublé et climatisé situé au 3ème étage d'un immeuble avec ascenseur. L'appartement se compose d'un hall d'entrée avec rangements et dressing, d'un séjour ouvert sur une cuisine toute équipée, d'une chambre confortable, d'une salle de bains ainsi qu'un WC séparé. Chauffage et Eau chaude Collectif Gaz. Eau Froide Collective. Forfait (abonnement) Internet compris dans les charges. Provisions pour charges avec régularisation annuelle Zone soumise à l'encadrement des loyers. Loyer de référence majoré : 893.20 euros. Loyer de base : 820.00 euros. Complément de loyer : 0.00 euros Performance énergétique E. Performance climatique E. Montant estimé des dépenses annuelles d'énergie pour un usage standard : entre 960.00 euros et 1 350.00 euros par an selon prix moyens des énergies indexés sur les années 2021, 2022, 2023 (abonnements compris). (C. envir., art. R. 125-25, I) Honoraires de 659,15 euros TTC à la charge du locataire comprenant 147,08 euros TTC pour l'état des lieux. Zone soumise à encadrement des loyers. Loyer de référence majoré (loyer de base à ne pas dépasser) 893.20 euros/mois. Loyer de base 820.00 euros/mois. Provision sur charges 120 euros/mois, régularisation annuelle. Dépôt de garantie 1 640 euros. Classe énergie E, Classe climat E Montant estimé des dépenses annuelles d'énergie pour un usage standard : entre 960.00 euros et 1350.00 euros sur les années 2021, 2022 et 2023 (abonnements compris).",https://www.vizzit.fr/fr/property/appartement/lyon-3eme/A1lfdahjry559ngz,https://lb1.vizzit.com/119501a/A1lfdahjry559ngz/Photos/A1lfdahjry559ngz_1.jpg?639242152740000000,2026-09-28
Lyon 8ème (Rhône),1 069 €/mois,121 m² - 3 pièces - 2 chambres,"LYON 8° Avenue des Frères Lumière. F3 situé au 3e étage, 121 m² . Comprenant entrée, grand séjour avec deux alcôves + deux chambres, cuisine, salle de bains et WC. Chauffage individuel électrique. Proximité école, commerces, transports.. Libre de suite. Contact : SERVICE LOCATION Zone soumise à l'encadrement des loyers : OUI -Loyer de base : 12.10 € par m² -Loyer majoré : 14.50 € par m2 -Complément de loyer : NON -Loyer mensuel charges comprises : 1069.00 € par mois Dont provision sur charges : 82.00 € par mois -Dépôt de garantie : 987.00 € -Honoraires location : 1 587.52 € Dont pour l'état des lieux : 366.",https://www.vizzit.fr/fr/property/appartement/lyon-8eme/Avmsn69fpe0o0i5l,https://lb1.vizzit.com/230172a/Avmsn69fpe0o0i5l/Photos/Avmsn69fpe0o0i5l_1.jpg?639242152460000000,2026-09-28
Lyon 8ème (Rhône),843 €/mois,51 m² - 3 pièces - 2 chambres,"Situé dans le 8ème arrondissement de Lyon, au coeur du quartier Grand Trou avec un emplacement privilégié à deux pas de la place Belleville, de la route de Vienne et de la ligne de Tram T2 (arrêt Jet d'eau). Découvrez ce T3 meublé situé au RDC sur cour. Le bien se compose d'un séjour, d'une cuisine, de deux chambres, d'une salle de bains (l'accès se fait par une des chambres), d'un WC indépendant et d'une terrasse avec mobilier extérieur. Chauffage et Eau Chaude individuel électrique. Eau Froide Individuelle Provisions sur charges avec régulation annuelle. Zone soumise à l'encadrement des loyers. Loyer de référence majoré : 814.36 euros. Loyer de base : 805.51 euros. Complément de loyer : 0.00 euros Performance énergétique E. Performance climatique B. Montant estimé des dépenses annuelles d'énergie pour un usage standard entre 1 320.00 euros et 1 820.00 euros par an selon prix moyens des énergies indexés sur les années 2021, 2022, 2023 (abonnement compris). (C. envir., art. R. 125-25, I) Honoraires de 670,44 euros TTC à la charge du locataire comprenant 147,08 euros TTC pour l'état des lieux. Zone soumise à encadrement des loyers. Loyer de référence majoré (loyer de base à ne pas dépasser) 814.36 euros/mois. Loyer de base 805.51 euros/mois. Provision sur charges 37 euros/mois, régularisation annuelle. Dépôt de garantie 1 611,02 euros. Classe énergie E, Classe climat B Montant estimé des dépenses annuelles d'énergie pour un usage standard : entre 1320.00 euros et 1820.00 euros sur les années 2021, 2022 et 2023 (abonnements compris).",https://www.vizzit.fr/fr/property/appartement/lyon-8eme/Anwbaxe6oe62uoux,https://lb1.vizzit.com/119501a/Anwbaxe6oe62uoux/Photos/Anwbaxe6oe62uoux_1.jpg?639242151670000000,2026-09-28
Lyon 8ème (Rhône),867 €/mois,50 m² - 2 pièces - 1 chambre,"3 avenue des frères Lumière, situé juste côté de la manufacture des tabacs (Université Lyon 3), cet appartement spacieux se compose d'un salon lumineux avec parquet, d'une chambre avec parquet, d'une grande cuisine indépendante et d'une salle de bain. 5 eme étage sans ascenseur. DPE : D Appartement soumis la garantie loyer impayé. Loyer de référence : 697.18 € Loyer de référence majoré : 838.63 € Merci de déposer votre dossier de candidature sur Oralia. Loyer de 867,00 euros par mois charges comprises dont 32,00 euros par mois de provision pour charges (soumis la régularisation annuelle). Les honoraires charge locataire sont de 554,40 euros ( soit 10,97 euros/m² ) dont 153,08 euros pour état des lieux ( soit 3,03 euros/m² ). Montant estimé des dépenses annuelles d'énergie pour un usage standard : entre 850 et 1190 euros. Prix moyens des énergies indexés en 2021. Zone soumise encadrement des loyers. Le loyer de base du bien proposé est de 835 euros, le loyer de référence majoré (fixé par arrêté préfectoral) est de 838,632 euros",https://www.vizzit.fr/fr/property/appartement/lyon-8eme/Ao41qczvboi3akxs,https://lb1.vizzit.com/69550a/Ao41qczvboi3akxs/Photos/Ao41qczvboi3akxs_1.jpg?639242152750000000,2026-09-28
Lyon 8ème (Rhône),790 €/mois,32 m² - 2 pièces - 1 chambre,"Rue St Fulbert, dans un immeuble récent de standing, bel appartement de type T2 entiérement meublé de 32.17m² en rez de jardin comprenant une entrée, un beau séjour avec une cuisine ouverte équipée donnant accès à la térasse et au jardin, une chambre avec une salle de bains et un WC. Entièrement rénové, au calme, lumineux, et sans vis-à-vis, cet appartement est au pied des transports, écoles et commerces. Eau inclus dans les charges. Honoraires 324.27€ + 97.15€ Frais d'état des lieux. Loyer de référence Médian : 527€HC / Loyer majoré : 633€HC/ Complément: 80€. Zone soumise à encadrement des loyers. La prise de rendez-vous s'effectue en ligne, merci de vous rediriger sur notre site IBT GESTION et de cliquer sur la rubrique ""prendre rendez-vous"", celle-ci se situe au niveau du descriptif de l'annonce . Il vous suffira de réserver votre créneau de visite ou de remplir le formulaire afin d'être placé sur la liste d'attente en attendant de recevoir une invitation. Le locataire (hors étudiants) et les garants doivent chacun disposer de revenus équivalents à 3x le montant du loyer. Les garants doivent être des personnes physiques. Aucun dossier ne sera étudié sans visite préalable. .",https://www.vizzit.fr/fr/property/appartement/lyon-8eme/Azzykqixed69wl07,https://lb1.vizzit.com/69524a/Azzykqixed69wl07/Photos/Azzykqixed69wl07_1.jpg?639242151130000000,2026-09-28
Lyon 7ème (Rhône),620 €/mois,22 m² - Studio,"A SAISIR ! La Régie Bellecour propose un beau studio meublé situé a proximité des écoles et facultés, commodités et transports. Cet appartement se compose d'une entrée, d'un bel espace de vie aménagé avec goût ( rangement, bureau,..) avec une cuisine ouverte aménagée et équipée (réfrigérateur, four, plaque à induction et machine à café), d'une belle salle d'eau avec WC séparé. Cet appartement est idéal pour un jeune actif ou étudiant. Si vous êtes intéressé n'hésitez pas à nous . Loyer HC : 595.00€ incluant un complément de loyer de 69.20€ justifié par la rénovation récente, le mobilier et les équipements de qualité. Charges: 25,00€ incluant l'entretien des parties communes Dépôt de garantie : 1 180,00€ Honoraires de location : 286,00€",https://www.vizzit.fr/fr/property/appartement/lyon-7eme/An8yrx4nths9iv50,https://lb1.vizzit.com/269778a/An8yrx4nths9iv50/Photos/An8yrx4nths9iv50_1.jpg?639242148450000000,2026-09-28
Lyon 7ème (Rhône),730 €/mois,31 m² - 2 pièces - 1 chambre,"Découvrez ce charmant appartement situé dans le quartier prisé des Girondins, au cœur du 7ème arrondissement de Lyon. Situé sur le Boulevard Yves Farge, cet appartement de 31 m² est idéal pour les personnes seules ou les couples à la recherche d'un cadre de vie dynamique et accessible. Ce bien immobilier se compose de deux pièces fonctionnelles, offrant un agencement pratique pour maximiser l'espace. Le logement comprend une salle de bain et un WC séparé, ce qui est particulièrement appréciable pour le confort quotidien. La cuisine est entièrement équipée, vous permettant de préparer vos repas avec aisance. l'appartement se trouve au quatrième étage d'un immeuble de dix étages avec deux ascenseurs, rendant l'accès facile et pratique. De plus, une cave est incluse, offrant un espace de rangement supplémentaire pour vos affaires. La localisation de cet appartement est un véritable atout. À seulement 30 mètres de l'arrêt de bus Ayasse - Yves Farge, vos trajets quotidiens deviennent un jeu d'enfant. Vous avez également un accès rapide aux lignes de bus 34A et C7B à 284 mètres, ainsi qu'à la station de tram T1 de l'ENS Lyon, située à 440 mètres. Pour vos courses, le Super U, un supermarché bien approvisionné, n'est qu'à 160 mètres, vous permettant de faire vos emplettes en toute simplicité. Les étudiants apprécieront la proximité de l'Institut de gestion comptable et informatique du transport, à 410 mètres, ainsi que l'École Normale Supérieure de Lyon, à seulement 480 mètres. De plus, le quartier regorge de restaurants à distance de marche, vous permettant de découvrir une variété de cuisines dans un cadre agréable. En conclusion, cet appartement aux Girondins est une opportunité à ne pas manquer pour les célibataires et les couples souhaitant s'installer à Lyon. Avec son emplacement central, ses commodités pratiques, et son ambiance conviviale, il saura répondre à vos besoins tout en offrant un cadre de vie agréable. N'attendez plus et contactez-nous dès aujourd'hui pour organiser une visite de ce bien qui pourrait être votre futur chez-vous dans la belle ville de Lyon ! ps: possibilité d'avoir un stationnement en sus",https://www.vizzit.fr/fr/property/appartement/lyon-7eme/Ao3r7jyggnd1yihi,https://lb1.vizzit.com/14576a/Ao3r7jyggnd1yihi/Photos/Ao3r7jyggnd1yihi_1.jpg?639241748830000000,2026-09-28
Lyon 3ème (Rhône),1 500 €/mois,70 m² - 3 pièces - 2 chambres,"T3 - NON MEUBLÉ - LYON 3 Century 21 Le 7 de Cœur vous propose à la location d'un T3 de 70 m², situé au 3 étage avec ascenseur d'une résidence sécurisée et parfaitement entretenue. Vous apprécierez son emplacement idéal, à proximité immédiate des transports en commun : - Métro D arrêt Garibaldi à 10 minutes à pieds, - Tram 4 arrêt Archives Départementales à 7 minutes à pieds. Bénéficiant d'une vue dégagée sur cour, cet appartement lumineux se compose d'une entrée, d'une spacieuse pièce de vie avec une cuisine ouverte Mobalpa, aménagée et entièrement équipée, ouvrant sur un agréable balcon. L'espace nuit offre deux chambres, dont une avec accès direct au balcon, une salle d'eau moderne avec douche à l'italienne, ainsi que des WC séparés. Un garage est disponible en supplément pour 130 € par mois charges comprises. Charges : - Eau froide individuelle - Eau chaude individuelle électrique - Chauffage individuel électrique Disponible à partir du 28 septembre 2026 ! Complément de loyer : 316,24 €, justifié par la présence d'une cuisine Mobalpa aménagée et équipée comprenant des plaques de cuisson, une hotte, un four, un lave-vaisselle et une machine à laver.",https://www.vizzit.fr/fr/property/appartement/lyon-3eme/Ayol3vart8b4d5tk,https://lb1.vizzit.com/222671a/Ayol3vart8b4d5tk/Photos/Ayol3vart8b4d5tk_1.jpg,2026-09-28
Lyon 8ème (Rhône),1 690 €/mois,87 m² - 4 pièces - 3 chambres,"Très rare. Superbe appartement meublé en dernier étage avec terrasse de 107 m². Venez découvrir ce magnifique appartement de 87.20 m² au 8ème et dernier étage avec ascenseur, possédant une entrée avec placard, un séjour/cuisine US meublée et équipée, trois chambres (12m², 16m² et 10 m²), une salle de bains avec baignoire, un toilette séparé et un garage PMR en sous-sol. Vous apprécierez sa terrasse de 107 m² avec sa triple exposition (nord, sud et sud/ouest) et sa vue panoramique. Libre de suite. Mobilier sur demande. Rendez-vous sur notre site internet, pour consulter la visite virtuelle et pour déposer votre dossier de candidature et obtenir une visite.",https://www.vizzit.fr/fr/property/appartement/lyon-8eme/Akg8l0xa9yhmzdwp,https://lb1.vizzit.com/713280a/Akg8l0xa9yhmzdwp/Photos/Akg8l0xa9yhmzdwp_1.jpg?639241549870000000,2026-09-28
Lyon 8ème (Rhône),644 €/mois,31 m² - Studio,"Rue de la Fraternité - A deux pas des commerces et transports en commun (trams T2 et T4 arrêt Jet d'Eau). Agréable T1 de 32m² en rez-de-jardin situé dans une résidence récente bénéficiant d'un environnement calme. Il se compose d'une pièce principale avec lit mezzanine, d'une cuisine ouverte aménagée et équipée (plaques de cuisson et frigo), d'un placard et d'une salle de bains avec WC. Le bien bénéficie d'un jardin privatif. Eau chaude, eau froide et chauffage collectifs. Fenêtres double vitrage PVC. Pour visiter, veuillez déposer au préalable votre dossier de candidature via le site internet de notre agence, rubrique ""Location"", ""Mon dossier en ligne"".",https://www.vizzit.fr/fr/property/appartement/lyon-8eme/A0jz9pyutqdcgpo7,https://lb1.vizzit.com/713280a/A0jz9pyutqdcgpo7/Photos/A0jz9pyutqdcgpo7_1.jpg,2026-09-28
Lyon 7ème (Rhône),1 300 €/mois,56 m² - 2 pièces - 1 chambre,"T2 BIS MEUBLE 56.39 M² - 1 RUE FELIX FAURE LYON 7 Très belles prestations et superbe vue pour cet appartement au 8ème étage avec ascenseur comprenant une entrée, un salon, un coin repas, une cuisine (équipée), une grande chambre avec placard, une salle de bain/toilettes. Une terrasse plein ciel avec vue sur Fourvière et une loggia fermée. Une cave en annexe. Loyer : 1 040.00€ Charges mensuelles : 260 € (entretien des communs, ascenseur, chauffage collectif avec répartiteurs individuels, consommation d'eau chaude et froide). Honoraires locataires : 663.90 € (dont 100€ pour l'état des lieux d'entrée). Dépôt de garantie : 2 080.00 € Contact agence : MOULOISE Paul",https://www.vizzit.fr/fr/property/appartement/lyon-7eme/Au7pwbnr8jjfuml0,https://lb1.vizzit.com/69593a/Au7pwbnr8jjfuml0/Photos/Au7pwbnr8jjfuml0_1.jpg?639241525650000000,2026-09-28
Lyon 7ème (Rhône),912 €/mois,41 m² - Studio,"T1 BIS - MEUBLE - LYON 7 Venez visiter ce grand T1 Bis meublé de 41,91 m² situé au 2 étage d'un immeuble sécurisé, au pied du tramway T2 arrêt ""Route de Vienne"", et à proximité immédiate des commerces (boulangerie, pharmacie, superette). L'appartement se compose d'une entrée avec un grand dressing, d'un vaste séjour lumineux ouvert sur une cuisine aménagée et entièrement équipée (lave-vaisselle, plaques de cuisson, hotte, four, micro-ondes). La salle d'eau est équipée d'une machine à laver et les WC sont séparés. Une chambre, séparé par une verrière, offre une vraie pièce supplémentaire (moins de 9 m²). Eau chaude et Electricité Individuel Disponible le !",https://www.vizzit.fr/fr/property/appartement/lyon-7eme/Anwqp2g7vyfm40gn,https://lb1.vizzit.com/222671a/Anwqp2g7vyfm40gn/Photos/Anwqp2g7vyfm40gn_1.jpg?639258154510000000,2026-09-28
Lyon 3ème (Rhône),1 325 €/mois,66 m² - 3 pièces - 2 chambres,"T3 LYON 3ème - 52 rue Abbé Boisard 69003 LYON Clesev vous propose à la location, dans une résidence récente située rue Abbé Boisard à Lyon 3ème, à seulement 5 minutes à pied de la Gare Part Dieu, cet appartement de type 3 meublé situé au 1er étage avec ascenseur. L'appartement se compose d'une entrée, d'une cuisine aménagée et équipée ouverte sur le séjour donnant accès à un balcon, de deux chambres dont une avec placard, ainsi que d'une salle de bains. Le chauffage, l'eau froide et l'eau chaude sont inclus dans les charges. Idéalement situé, cet appartement bénéficie de la proximité immédiate de la Gare Part Dieu, des transports, des commerces et de toutes les commodités. Contactez-nous dès maintenant sur Seventee pour organiser une visite et découvrir votre futur logement !. Loyer de 1 325,00 euros par mois charges comprises dont 160,00 euros par mois de provision pour charges (soumis à la régularisation annuelle). Les honoraires charge locataire sont de 877,73 euros ( soit 13,12 euros/m² ) dont 202,71 euros pour état des lieux ( soit 3,03 euros/m² ). DPE ANCIENNE VERSION.",https://www.vizzit.fr/fr/property/appartement/lyon-3eme/Ahjwngtxx1vdyvlc,https://lb1.vizzit.com/3191423a/Ahjwngtxx1vdyvlc/Photos/Ahjwngtxx1vdyvlc_1.jpg?639241501740000000,2026-09-28
Lyon 3ème (Rhône),483 €/mois,21 m² - Studio,"Rue Saint Isidore, quartier Montchat, dans un petit immeuble ancien, beau studio au rez de chaussée de 21.20m² comprenant une pièce de vie avec une cuisine ouverte, une salle de douche avec des wc. Eau froide comprise dans les charges. Honoraires: 213.65€ + Frais d'état des lieux: 64.02€ / Zone soumise à encadrement des loyers / Loyer de référence Médian : 362€HC / Loyer majoré : 434€HC / Complément de loyer : 19€ HC La prise de rendez-vous s'effectue en ligne, merci de vous rediriger sur notre site IBT GESTION et de cliquer sur la rubrique ""prendre rendez-vous"", celle-ci se situe au niveau du descriptif de l'annonce . Il vous suffira de réserver votre créneau de visite ou de remplir le formulaire afin d'être placé sur la liste d'attente en attendant de recevoir une invitation. Le locataire (hors étudiants) et les garants doivent chacun disposer de revenus équivalents à 3x le montant du loyer. Les garants doivent être des personnes physiques. Aucun dossier ne sera étudié sans visite préalable.",https://www.vizzit.fr/fr/property/appartement/lyon-3eme/Aewjjuum4hx0iej1,https://lb1.vizzit.com/69524a/Aewjjuum4hx0iej1/Photos/Aewjjuum4hx0iej1_1.jpg?639241496860000000,2026-09-28
Lyon 8ème (Rhône),1 598 €/mois,110 m² - 5 pièces - 4 chambres,"A LOUER - LYON 8° - RUE PUISARD - Appartement F5 de 110.28 m² au 5ème étage d'un immeuble neuf avec ascenseur comprenant un séjour avec coin cuisine aménagée, quatre chambres, salle d'eau avec WC, salle de bains, WC, 2 terrasses et un garage double. Chauffage individuel gaz. Location soumise à plafonds de ressources PINEL. Garage double indissociable 90€, en plus. Zone soumise à encadrement des loyers : Prix de référence : 11.70 €/m² Prix majoré : 14.",https://www.vizzit.fr/fr/property/appartement/lyon-8eme/A1o60fgjrwhm63mj,https://lb1.vizzit.com/538559a/A1o60fgjrwhm63mj/Photos/A1o60fgjrwhm63mj_1.jpg?639241500630000000,2026-09-28
Lyon 8ème (Rhône),1 713 €/mois,120 m² - 5 pièces - 4 chambres,"A LOUER - LYON 8 - Rue Hugues Guerin, Immeuble neuf, bel appartement F5 au troisième étage , d'une surface de 120.4 m² avec deux terrasses de 45.67m² et 74.43m² comprenant un dégagement, un séjour avec coin cuisine aménagée, quatre chambres , une salle d'eau , une salle de bains, un WC. Un garage fait partie de la location. Chauffage par caloporteur. Garage en sus indissociable 62€ Soumis à Loi PINEL ( plafonds de ressources ) Zone soumise à encadrement des loyers : ref : 11.70€ ref majoré : 14.",https://www.vizzit.fr/fr/property/appartement/lyon-8eme/Aluyr0kzmbjj2hcu,https://lb1.vizzit.com/538559a/Aluyr0kzmbjj2hcu/Photos/Aluyr0kzmbjj2hcu_1.jpg?639241496940000000,2026-09-28
Lyon 7ème (Rhône),1 011 €/mois,43 m² - 2 pièces - 1 chambre,"Secteur Jean Macé, bel appartement T2 Meublé au 3ème étage comprenant une entrée, un séjour avec un espace cuisine aménagée et équipée ( frigo, hotte , plaques, lave-vaisselle, four, micro-ondes), une chambre, une salle de bains avec baignoire et meuble vasque et un WC séparé. Un garage complète ce bien Chauffage individuel électrique Ascenseur Zone soumise à encadrement des loyers : Loyer de base (loyer hors charges) : 685.15€ /mois Loyer de référence majoré (loyer de base à ne pas dépasser) : 820.43 €/ mois Complément de loyer : 0 € / mois POUR VISITER DEMANDER CATHERIEN SOUIN Les informations sur les risques auxquels ce bien est exposé sont disponibles sur le site Géorisques :",https://www.vizzit.fr/fr/property/appartement/lyon-7eme/Aymxqrkcq8k6sxzs,https://lb1.vizzit.com/69675a/Aymxqrkcq8k6sxzs/Photos/Aymxqrkcq8k6sxzs_1.jpg?639241518430000000,2026-09-28
Lyon 8ème (Rhône),724 €/mois,31 m² - 1 pièce,"T1 Lyon 8ème secteur Jet d'Eau Rue de la Fraternité - A deux pas des commerces et transports en commun (trams T2 et T4 arrêt Jet d'Eau). Agréable T1 de 32 m² en rez-de-jardin situé dans une résidence récente bénéficiant d'un environnement calme. Il se compose d'une pièce principale avec lit mezzanine, d'une cuisine ouverte aménagée et équipée (plaques de cuisson et frigo), d'un placard et d'une salle de bains avec WC. Le bien bénéficie d'un jardin privatif. Eau chaude, eau froide et chauffage collectifs. Fenêtres double vitrage PVC. Pour visiter, veuillez déposer au préalable votre dossier de candidature via le site internet de notre agence, rubrique 'Location', 'Mon dossier en ligne'.",https://www.vizzit.fr/fr/property/appartement/lyon-8eme/Al84evcx3vxgn2yr,https://lb1.vizzit.com/121345a/Al84evcx3vxgn2yr/Photos/Al84evcx3vxgn2yr_1.jpg?639241653330000000,2026-09-28
Lyon 7ème (Rhône),1 200 €/mois,49 m² - 3 pièces - 1 chambre,"F2, meublé, Gerland, co-location possible, Lyon 7ème arrondissement, près du métro et du tramway, près de l'E.N.S., 49 m2, 4ème et dernier étage, petit balcon, garage, une salle à manger-salon, une cuisine, une chambre, une salle de bains, un wc indépendant, avec frigo-congélateur, four, micro-ondes, cafetière, aspirateur, vaisselle, canapé, 2 fauteuils, une table, 4 chaises, un lit 2 places, une armoire, télévision , une machine à laver, loyer appartement 950€, loyer garage 130 €, provision charges 120 €, total 1200 €.",https://www.vizzit.fr/fr/property/appartement/lyon-7eme/A60qn7v1kb5lnkqx,https://lb1.vizzit.com/276804a/A60qn7v1kb5lnkqx/Photos/A60qn7v1kb5lnkqx_1.jpg?639240450300000000,2026-09-28
Lyon 8ème (Rhône),900 €/mois,43 m² - 2 pièces - 1 chambre,"Je loue ce charmant appartement meublé, de type T2, d’une superficie de 43 m², situé dans le quartier de Transvaal. La station d’arrêt du T6 Mermoz Californien est à 6 min à pied, la station Grange Blanche est à 15 min à pied (T2, T5, Métro D et plusieurs lignes de bus). Aussi, il y a 2 stations de vélo à 2 min à pied. Disponible à partir du 1er octobre 2026 (possibilité de le louer quelques jours avant si besoin). Cette petite surface offre un espace de vie optimisé et fonctionnel. L’appartement comprend 1 chambre, 1 salle de bain équipée notamment d’un lave-linge, et avec des toilettes séparées. La cuisine est équipée et séparée (Four, Plaque induction, Réfrigérateur, Bouilloire, …) Les espaces sont bien agencés et bénéficient d'une belle luminosité naturelle. - Balcon de 3 m² - Parking dans l’enceinte de la copropriété (la rue est entièrement gratuite, les raretés de Lyon) - Cave de 8 m² - Interphone • Loyer : 700€ • Provisions sur Charges : 200€ comprenant eau froide, chauffage collectif urbain et charges générales (régularisation annuelle au 01/10/N). =>> LOYER CC : 900€ / MOIS • Dépôt de garantie : 1400€ DPE 09/2026 Classe énergie E - Classe climat C. « Zone soumise à encadrement des loyers » : - loyer de référence 640,70€ - loyer de référence majoré 769,70€ N'hésitez pas à me pour plus d'informations ou pour organiser une visite.",https://www.vizzit.fr/fr/property/appartement/lyon-8eme/Acngwpkuqcmmoekn,https://lb1.vizzit.com/276804a/Acngwpkuqcmmoekn/Photos/Acngwpkuqcmmoekn_1.jpg?639240449530000000,2026-09-28
Lyon 3ème (Rhône),623 €/mois,31 m² - Studio,"Appartement LYON 3 - APPARTEMENT T1 DE 32 M2 - LYON 3 - 14 IMPASSE BELLOEUF. Secteur Montchat à proximité du tramway (arrêt Dauphinée Lacassagne), un appartement T1 d'une superficie de 32 m² au 3ème étage sans ascenseur comprenant : une entrée, une cuisine avec alcôve, une chambre, W.C. Salle d'eau. Chauffage électrique. Les charges comprennent l'entretien des parties communes. Bien soumis à l'encadrement de loyer - Loyer de référence majoré (loyer de base à ne pas dépasser) : 20.5 €/m² soit 655.59 € - Loyer de base : 17.10 €/m² soit 546.86 €. Loyer de 623,00 euros par mois charges comprises dont 40,00 euros par mois de provision pour charges (soumis à la régularisation annuelle). Les honoraires charge locataire sont de 417,89 euros ( soit 13,07 euros/m² ) dont 96,90 euros pour état des lieux ( soit 3,03 euros/m² ). Montant estimé des dépenses annuelles d'énergie pour un usage standard : entre 610 et 860 euros. Prix moyens des énergies indexés en 2023. Zone soumise à encadrement des loyers. Le loyer de base du bien proposé est de 583 euros, le loyer de référence majoré (fixé par arrêté préfectoral) est de 655,59 euros Référence annonce : GES Date de réalisation du diagnostic : Honoraires à la charge du locataire : 417 € TTC dont 96 € pour l’état des lieux Dépôt de garantie : 583 € Montant des charges : 40 € / mois Montant estimé des dépenses annuelles d'énergie pour un usage standard : entre 610 € et 860 € sur les années 2021, 2022 et 2023 (abonnements compris).",https://www.vizzit.fr/fr/property/appartement/lyon-3eme/Actb7rfir8dt7ld5,https://lb1.vizzit.com/85552a/Actb7rfir8dt7ld5/Photos/Actb7rfir8dt7ld5_1.jpg?639240444330000000,2026-09-28
Lyon 8ème (Rhône),1 736 €/mois,106 m² - 5 pièces - 4 chambres,"Maison individuelle dans petit lotissement, d'une superficie de 106 m2, comprenant au rez-de-chaussée: un hall, un grand séjour, une cuisine et un WC + à l'étage: 4 chambres dont une avec une salle d'eau (douche), une salle de bains et un WC. Proximité du Parc de Parilly et de commerces. Un garage et un jardin privatif de 98 m2 viennent compléter le bienChauffage individuel gaz central (chaudière neuve)Libre de suite Honoraires de 1 060,10 € TTC à la charge du locataire comprenant 318,03 € TTC pour l'état des lieux. Zone soumise à encadrement des loyers. Loyer de référence majoré (loyer de base à ne pas dépasser) 1462.80 €/mois. Loyer de base 1587.93 €/mois. Provision sur charges 23 €/mois, régularisation annuelle. Complément de loyer 125,13 €/mois. Dépôt de garantie 1 587,93 €. Classe énergie C, Classe climat C Montant estimé des dépenses annuelles d'énergie pour un usage standard: entre 1460.00 € et 2020.00 € sur les années 2021, 2022 et 2023 (abonnements compris).",https://www.vizzit.fr/fr/property/immobilier/lyon-8eme/A3jxhidybbnv5xom,https://lb1.vizzit.com/504696a/A3jxhidybbnv5xom/Photos/A3jxhidybbnv5xom_1.jpg?639256340520000000,2026-09-28
Lyon 8ème (Rhône),905 €/mois,45 m² - 2 pièces - 1 chambre,"Honoraires de 550 € TTC à la charge du locataire comprenant 150 € TTC pour l'état des lieux. Zone soumise à encadrement des loyers. Loyer de référence majoré (loyer de base à ne pas dépasser) 820 €/mois. Loyer de base 817 €/mois. Provision sur charges 88 €/mois, régularisation annuelle. Dépôt de garantie 817 €. DPE en cours.",https://www.vizzit.fr/fr/property/appartement/lyon-8eme/A81lhk6pawrqdfi2,https://lb1.vizzit.com/860709a/A81lhk6pawrqdfi2/Photos/A81lhk6pawrqdfi2_1.jpg?639256340950000000,2026-09-28
Lyon 3ème (Rhône),1 605 €/mois,86 m² - 3 pièces - 2 chambres,"T3 côté Montchat de 86 m² dans une résidence familiale, au 3ème étage avec ascenseur, comprenant un séjour avec balcon, une cuisine indépendante, une grande entrée, deux chambres, salle de bains baignoire, wc séparés, chauffage électrique et eau chaude par cumulus et cave, garage. L'appartement est disponible de suite. Loyer 1335 € + 30 € de cave + 150 € de garage + 90 € de charges. TOTAL mensuel de 1605 € + DEPOT DE GARANTIE De 1515 € + HONOS 1118 € Pour plus d'infos et/ou visiter, CHM Administration de biens [Coordonnées masquées]",https://www.vizzit.fr/fr/property/appartement/lyon-3eme/Axryh1hmqsx80lzl,https://lb1.vizzit.com/918091a/Axryh1hmqsx80lzl/Photos/Axryh1hmqsx80lzl_1.jpg?639240334070000000,2026-09-28
Lyon 3ème (Rhône),850 €/mois,52 m² - 2 pièces - 1 chambre,"Particulier propose appartement totalement rénové en plein coeur de Montchat de 52 m2,cuisine équipée four,hotte,plaques,réfrigérateur,congélateur,une chambre à coucher séparée d'un vaste salon,une salle d'eau avec douche et nombreux rangements,chauffage gaz.Idéalement située près des commerces,du tramway T6 des transports en commun,cet appartement est à 500 mètres de la place de l'église de Montchat,et de l'entrée du périphérique.Endroit très prisée avec de nombreuses places de stationnement gratuites.",https://www.vizzit.fr/fr/property/appartement/lyon-3eme/Afzvbuzg2p9alc06,https://lb1.vizzit.com/276804a/Afzvbuzg2p9alc06/Photos/Afzvbuzg2p9alc06_1.jpg?639240318320000000,2026-09-28
Lyon 7ème (Rhône),1 085 €/mois,71 m² - 3 pièces - 2 chambres,"..239 Avenue Jean Jaurès Lyon 7ème, résidence située à proximité des transports et de toutes commodités 239 avenue Jean Jaurès 69007 LYON - Métro DEBOURG et JEAN JAURES , avec garage et balcon. In'li Aura vous propose cet appartement T3 en location, avec garage et balcon. Proche commerces et métro Ce bien de 71m², au 1er étage avec ascenseur, se compose de : - Une entrée - Un salon, donnant sur le balcon - Une cuisine simple et séparée, - Deux chambres, au calme - Une salle de bain avec baignoire - Un WC séparé - Plusieurs rangements Vous disposez d'un garage en sous-sol sécurisé. Inclus dans les charges : communs. Type de chauffage : individuel au gaz Estimation des coûts annuels d'énergie entre 900 euros et 1270 euros Ce logement vous intéresse ? 1. Vérifiez votre éligibilité : au moins un des demandeurs doit être salarié d'une entreprise privée de plus de 10 salariés. 2. Déposez votre dossier COMPLET sur notre site inli Les + d'in'li Aura : - Des loyers à prix maitrisés, en moyenne 10% moins chers que les prix du marché en zone tendue - Pas de frais d'agence ni de frais d'état des lieux - Pas de garants physiques - Garantie Visale recommandée si vous êtes éligibles (testez votre éligibilité sur le site Visale) In'li Aura, acteur de référence du logement à prix maitrisé en Auvergne Rhône-Alpes, propose des logements à prix maitrisés pour les jeunes actifs et salariés du secteur privé.",https://www.vizzit.fr/fr/property/appartement/lyon-7eme/A9s1k6ycod6e5ojx,https://lb1.vizzit.com/4108921a/A9s1k6ycod6e5ojx/Photos/A9s1k6ycod6e5ojx_1.jpg?639240310630000000,2026-09-28
Lyon 8ème (Rhône),1 699 €/mois,89 m² - 4 pièces - 3 chambres,"À louer, spacieux appartement Type 4 situé en étage dans une résidence neuve et sécurisée, au cœur du 8 € arrondissement de Lyon. Le logement se compose d'une pièce de vie lumineuse avec cuisine ouverte, un coin nuit avec trois chambres, d'un cellier, d'une salle de bains moderne et de WC séparé. Situé dans un quartier calme, l'appartement bénéficie d'une excellente accessibilité : proximité immédiate des transports en commun, des commerces et des services. Il est également proche des facultés de médecine, des hôpitaux lyonnais et des universités. Les charges comprennent le chauffage ainsi que l'eau chaude et l'eau froide. Les loyers sont payables à terme échu, pas d'avance de loyer Dépôt de garantie : 1 mois de loyer hors charges Disponible immédiatement. Place de parking en sous-sol disponible en supplément : 47 €/mois (sous réserve de disponibilité).",https://www.vizzit.fr/fr/property/appartement/lyon-8eme/Aum55nfg8t92evlc,https://lb1.vizzit.com/4190474a/Aum55nfg8t92evlc/Photos/Aum55nfg8t92evlc_1.jpg?639240292920000000,2026-09-28
Lyon 7ème (Rhône),790 €/mois,47 m² - 2 pièces - 1 chambre,"A LOUER - LYON 7, rue de la Guillotière, bel appartement T2 de 47.13m², Au coeur d'un quartier vivant et commerçant, à deux pas du métro ligne D - Station Garibaldi. Installé en entresol d'une résidence sécurisée avec ascenseur, interphone et local poubelles, l'appartement offre un cadre de vie confortable et agréable. Il se compose d'une entrée avec placard, d'un séjour lumineux ouvert sur une cuisine aménagée (plaques de cuisson et hotte), d'une chambre spacieuse, d'une salle d'eau ainsi que de WC indépendants. Le chauffage est individuel au gaz, pour un meilleur confort de gestion. Un appartement idéal pour profiter pleinement de la vie lyonnaise, alliant praticité, confort et situation privilégiée. Zone soumise à l'encadrement des loyers. Loyer médian : 13.",https://www.vizzit.fr/fr/property/appartement/lyon-7eme/Ap9nbysmbh2ridnf,https://lb1.vizzit.com/538559a/Ap9nbysmbh2ridnf/Photos/Ap9nbysmbh2ridnf_1.jpg?639240273730000000,2026-09-28
Lyon 7ème (Rhône),770 €/mois,35 m² - Studio,"Résidence calme, sécurisée et arborée Sans vis à vis Studio spacieux et lumineux entièrement rénové Entrée indépendante Débarras indépendant spacieux aménagé Salle de bain avec baignoire Pièce de vie lumineuse, véritable parquet au sol. Grand balcon sans vis à vis . Important : chauffage et eau compris dans les charges mensuelles.",https://www.vizzit.fr/fr/property/appartement/lyon-7eme/A5x5vw2f3mqyt7yj,https://lb1.vizzit.com/14576a/A5x5vw2f3mqyt7yj/Photos/A5x5vw2f3mqyt7yj_1.jpg?639240267710000000,2026-09-28
Lyon 8ème (Rhône),785 €/mois,56 m² - 3 pièces - 2 chambres,"8 Bis Rue Hugues Guérin, 69008 Lyon Dans une résidence de standing avec piscine, au cœur du 8ᵉ arrondissement de Lyon, cet appartement de type 3 d'une superficie de 56 m² est situé au dernier étage. Il se compose d'un séjour donnant sur un agréable balcon, d'une cuisine ouverte aménagée et équipée, de deux chambres avec placards, d'une salle de bains, ainsi que d'un WC indépendant. En annexe, vous bénéficierez d'un parking. Les charges comprennent l'entretien des parties communes ainsi que l'eau froide. Le chauffage et l'eau chaude sont individuels électriques. La visite virtuelle: Disponible à partir du . /! \ Pour visiter, rien de plus simple: faites la demande de contact en complétant le formulaire et vous recevrez un lien qui vous permettra de réserver une visite. Si vous n'avez aucun créneau de visite disponible à la réservation, cela signifie que le nombre maximum de visites prévu pour le moment a été atteint. /! \.",https://www.vizzit.fr/fr/property/appartement/lyon-8eme/An3l566yha393jg2,https://lb1.vizzit.com/71834a/An3l566yha393jg2/Photos/An3l566yha393jg2_1.jpg?639241258570000000,2026-09-28
Lyon 7ème (Rhône),1 307 €/mois,66 m² - 3 pièces - 2 chambres,"Votre agence Guy Hoquet Lyon 9 vous propose à la location, un agréable appartement de type 3 de 66.33 m², situé au 3ème étage avec ascenseur, avenue Jean Jaurès dans le 7ème arrondissement de Lyon. Il comprend une entrée desservant une cuisine lumineuse, indépendante aménagée et équipée donnant accès à une loggia en intérieur de copropriété. Une grande pièce à vivre lumineuse de 27 m², offrant un accès au balcon de 4m². La partie nuit dessert, deux chambres spacieuses et une salle d'eau avec WC séparé. Le bien est loué meublé et une cave en sous-sol ainsi qu'un garage en intérieur de cour complètent l'appartement. Il est situé en plein coeur du quartier Jean Jaurès, à seulement quelques pas de la station de métro DEBOURG (ligne B qui mène à l'hypercentre de Lyon en seulement quelques minutes) et des bus, mais aussi des commerces de proximité tel que : supermarchés, tabac, pharmacie, bars et restaurants. Des stations Velo'v sont à proximité. Le dépôt de garantie est de : 2198.30 euros. Le montant du loyer Hors Charges est de : 1099.15 euros. Le montant de la provision sur charges est de : 200 euros (comprenant le chauffage, l'eau chaude et l'eau froide, l'entretien des parties communes et la taxe d'ordure ménagère) Le montant des honoraires d'agence est fixé à : 862.29 euros L'appartement est disponible à compter du 15 mars 2025. Si vous souhaitez obtenir plus de renseignements dans le but d'organiser une visite, contactez votre agence Guy Hoquet Lyon 9 au 205. Achat, vente, location et gestion, maisons et appartements. Une estimation de votre bien est offerte, si vous le souhaitez, sur simple demande. N'hésitez pas à nous rejoindre sur les réseaux sociaux comme Instagram (@agenceguyhoquetlyon9) et Facebook ! Référence annonce : 775 Date de réalisation du diagnostic : Honoraires à la charge du locataire : 870 € TTC dont 200 € pour l’état des lieux Dépôt de garantie : 2214 € Complément de loyer : 125 € / mois (inclus dans le loyer CC) A propos de la copropriété : Pas de procédure en cours Montant estimé des dépenses annuelles d'énergie pour un usage standard : entre 900 € et 1 280 € sur les années 2021, 2022 et 2023 (abonnements compris).",https://www.vizzit.fr/fr/property/appartement/lyon-7eme/Axejvu40f8wr07b8,https://lb1.vizzit.com/1807a/Axejvu40f8wr07b8/Photos/Axejvu40f8wr07b8_1.jpg?639240235470000000,2026-09-28
Lyon 3ème (Rhône),1 340 €/mois,91 m² - 4 pièces - 3 chambres,"A louer JOLI T4 en bon état, comprenant une entrée avec placard, une cuisine aménagée et partiellement équipée (plaques élec., hotte) ouverte sur le séjour, un séjour avec sol parquet et cheminée décorative, 3 chambres avec parquet - placards et cheminées décoratives, une salle de bains avec baignoire, meuble/vasque et WC, une salle de douche attenante à une chambre, un WC séparé. A voir.. Zone soumise à encadrement des loyers : Loyer de base (loyer hors charges) : 1 110.20 € /mois Loyer de référence majoré (loyer de base à ne pas dépasser) : 1 328.",https://www.vizzit.fr/fr/property/appartement/lyon-3eme/Am82jcwf2597y6p8,https://lb1.vizzit.com/69675a/Am82jcwf2597y6p8/Photos/Am82jcwf2597y6p8_1.jpg?639246266120000000,2026-09-28
Lyon 8ème (Rhône),1 025 €/mois,65 m² - 3 pièces,"AU 67 RUE VILLON dans résidence récente de bon standing venez découvrir ce T3 dans une résidente récente celui ci comprend une entrée, un séjour avec coin cuisine non équipé un balcon,2 chambres, une salle de bains et un wc. balcon, garage.le chauffage est individuel éléctrique La location pourra être déléguée à Foncia Développement et Location.",https://www.vizzit.fr/fr/property/appartement/lyon-8eme/Apzyz6y53hburwtc,https://lb1.vizzit.com/200592a/Apzyz6y53hburwtc/Photos/Apzyz6y53hburwtc_1.jpg,2026-09-28
Lyon 2ème (Rhône),2 190 €/mois,109 m² - 4 pièces - 3 chambres,"Votre Régie Galyo a le plaisir de vous proposer à la location, proche des transports en commun, des commerces et de toutes commodités, cet appartement 4 pièces de 109 m² en DUPLEX. Au 1er étage en duplex, d'une résidence sécurisée située quai Antoine Riboud à Lyon 2e, il se compose: en bas : d'une entrée, d'un séjour, d'une salle à manger, d'une cuisine aménagée et équipée (Hotte, plaque de cuisson), d'un WC et d'une loggia. A l'étage : de 3 chambres dont l'une avec salle d'eau, d'une salle de bains et d'un WC séparé. L'eau chaude, l'eau froide ainsi que le chauffage sont compris dans les charges. Vous bénéficiez d'un parking en sous-sol. Zone soumise à encadrement des loyers : Loyer de référence : 1333.46 euros HC Loyer de référence majoré : 1595.78 euros HC Compléments de loyers : 414.22 euros Contact : Eva",https://www.vizzit.fr/fr/property/appartement/lyon-2eme/Amt0nx82yrfg0n0r,https://lb1.vizzit.com/2635049a/Amt0nx82yrfg0n0r/Photos/Amt0nx82yrfg0n0r_1.jpg?639244488680000000,2026-09-28
Lyon 8ème (Rhône),900 €/mois,65 m² - 3 pièces - 2 chambres,"Bonjour, Mon mari et moi sommes actuellement à la recherche d’un appartement sur Lyon 8e et ses alentours, afin de nous rapprocher de ma famille, mais également de mon école et de mon lieu de travail, qui se situent dans le 8e arrondissement. Nous sommes tous les deux actifs professionnellement : Mon mari est électricien en CDI et perçoit environ 1 700 € net par mois. Je suis actuellement en contrat d’alternance en tant qu’aide-soignante et je perçois environ 1 500 € net par mois. Nous avons donc des revenus mensuels d’environ 3 200 € à deux et sommes à la recherche d’un logement dans lequel nous pourrions nous installer durablement. Nous sommes des personnes sérieuses, respectueuses et soigneuses. Nous pouvons bien évidemment fournir un dossier complet avec les justificatifs nécessaires. Nous restons disponibles si vous avez un logement correspondant à notre recherche. Merci d’avance pour vos propositions",https://www.vizzit.fr/fr/property/appartement/lyon-8eme/Agr2p898w8xif4wz,,2026-09-28
Lyon 8ème (Rhône),1 130 €/mois,75 m² - 4 pièces - 3 chambres,"Location meublée - Rue Miriam Makeba Au sein d'une résidence entretenue et sécurisée avec gardienne, cet appartement rénové séduit par son environnement paisible et sa luminosité. Dès l'entrée, vous découvrez une agréable pièce de vie avec cuisine ouverte sur séjour. Dans le prolongement du séjour, un espace aujourd'hui aménagé en salle à manger donnant accès à un bacon, offre une belle flexibilité d'aménagement et pourra facilement être transformé en troisième chambre selon vos besoins. L'espace nuit se compose de deux chambres ainsi que d'une salle d'eau entièrement rénovée. Une cave en sous-sol complète ce lot d'habitation. De nombreux travaux de rénovation ont été réalisés afin d'offrir un confort optimal : remise aux normes de l'installation électrique, remplacement de la chaudière au gaz, rénovation des revêtements de sols, rénovation de la salle d'eau, amélioration de l'isolation sur une partie des murs et réfection complète des peintures. Conditions financières : Loyer mensuel hors charges : 1020 € Provision sur charges : 110 € / mois Loyer mensuel charges comprises : 1130 € Honoraires locataire : 975 € TTC (750 € constitution du dossier / rédaction du bail + 225 € état des lieux) Dépôt de garantie : 2040 € (2 mois de loyer hors charges) Encadrement des loyers – Lyon : Loyer de référence : 847,50 € Loyer de référence majoré : 1020€",https://www.vizzit.fr/fr/property/appartement/lyon-8eme/Ao0vmm06uhc8ypvi,https://lb1.vizzit.com/714380a/Ao0vmm06uhc8ypvi/Photos/Ao0vmm06uhc8ypvi_1.jpg?639240334830000000,2026-09-28
Lyon 7ème (Rhône),875 €/mois,62 m² - 2 pièces - 1 chambre,"Votre Régie Galyo a le plaisir de vous proposer à la location, proche des transports en commun, commerces et de toutes commodités, cet appartement 2 pièces de 62m² Au 3ème étage d'un copropriété sécurisé située cours Gambetta, il se compose d'une entrée, d'un séjour, d'une cuisine aménagée et équipée, d'une chambre, d'une salle de bains et d'un WC indépendant. Beaucoup de charme, parquet, nombreux rangements. Logement soumis à l'encadrement des loyers : Loyer de référence : 857.95 euros Loyer de référence majoré : 1032.02 euros Contact : Eva",https://www.vizzit.fr/fr/property/appartement/lyon-7eme/Ab5dskcjx30a1wlx,https://lb1.vizzit.com/2635049a/Ab5dskcjx30a1wlx/Photos/Ab5dskcjx30a1wlx_1.jpg?639239558660000000,2026-09-28
Lyon 8ème (Rhône),4 000 €/mois,127 m² - 70 m² de terrain - 4 pièces,"À louer – Maison meublée haut de gamme entièrement rénovée et climatisée avec piscine – Lyon 8ème Dans une rue calme et résidentielle, découvrez cette superbe maison entièrement rénovée avec des prestations de qualité, offrant un cadre de vie rare et privilégié au cœur du 8ème arrondissement de Lyon. Accès rapide au périphérique et aux grands axes. D'une surface d'environ 126 m², cette maison meublée et entièrement équipée est répartie sur deux niveaux et bénéficie de la climatisation dans l'ensemble des pièces. Elle se compose d'un bel espace de vie lumineux, de plusieurs chambres confortables ainsi que de pièces d'eau modernes. Caractéristiques principales : Maison entièrement rénovée Surface habitable : 126 m² Maison meublée et totalement équipée Climatisation intégrale Répartie sur deux niveaux 2 salles d'eau 1 WC Grand jardin privatif au calme avec piscine et terrain de pétanque Atout majeur : Au fond du jardin, une dépendance indépendante aménagée en studio entièrement équipé vient compléter le bien. Idéal pour une fille au pair, un adolescent, un espace de télétravail ou pour recevoir famille et amis dans les meilleures conditions. Extérieurs : La maison dispose d'un grand jardin avec terrain de pétanque et piscine, offrant un véritable espace de détente en plein cœur de la ville, dans un environnement calme et agréable. Les extérieurs ont été pensés pour profiter pleinement des beaux jours, avec de beaux espaces permettant aussi bien les repas en famille que les moments de convivialité entre amis. Localisation : Située dans une rue peu passante, la maison bénéficie d'un environnement paisible tout en restant proche des commerces, écoles et transports du 8ème arrondissement. Plusieurs écoles internationales de renom se trouvent également à proximité, notamment l'International School of Lyon et Ombrosa International School, ce qui en fait une adresse particulièrement adaptée aux familles expatriées ou en mobilité professionnelle. La qualité de la rénovation, le niveau d'équipement, la piscine, la climatisation dans l'ensemble de la maison ainsi que la présence d'une dépendance indépendante constituent des prestations rarement réunies sur le marché locatif lyonnais. La maison est proposée entièrement meublée et équipée, permettant une installation immédiate dans des conditions de confort optimales. Charges : Le montant du loyer est toutes charges comprises (eau, électricité, internet..). Un bien rare à la location, idéal pour une famille à la recherche d'espace, de tranquillité et d'un cadre de vie privilégié à Lyon.",https://www.vizzit.fr/fr/property/immobilier/lyon-8eme/A265riniuha9txdc,https://lb1.vizzit.com/4056140a/A265riniuha9txdc/Photos/A265riniuha9txdc_1.jpg?639239520850000000,2026-09-28
Lyon 8ème (Rhône),936 €/mois,68 m² - 3 pièces - 2 chambres,"Appartement de Type T3 - avenue Général Frère pour une superficie de 68.30 m². Au pied du Métro ligne D - Station Mermoz-Pinel Proche des Universités et de toutes les commodités.. Situé au 3ème étage avec ascenseur. Se composant d'une entrée, un beau et vaste séjour carrelé ouvert sur un balcon, une cuisine (meubles bas..), 2 chambres, une salle de bains (baignoire, miroir..) et un WC. Le chauffage est collectif. Pour faciliter votre quotidien se trouve un place de parking numéro 11 en surface. ZONE SOUMISE A ENCADREMENT DES LOYERS : Prix réf : 10.09 €/m². Prix majoré : 13.",https://www.vizzit.fr/fr/property/appartement/lyon-8eme/Ag42mx2syog0wj7s,https://lb1.vizzit.com/538559a/Ag42mx2syog0wj7s/Photos/Ag42mx2syog0wj7s_1.jpg?639239456480000000,2026-09-28
Lyon 3ème (Rhône),1 405 €/mois,70 m² - 3 pièces - 2 chambres,"1405€ cc / mois a visiter ! Part dieu spacieux f3 meublé dans résidence composé d'une entrée, séjour, cuisine équipée, 2 chambres, placards, sdb, sdd, terrasse 10 m², interphone, digicode, double vitrage, volets roulants, garage ( + 100€). Zone soumise à encadrement des loyers. Loyer de base : 1260€. Loyer de référence majoré : 1260€. Ttes nos offres de location sur loca. Fr. Réf : . Frais de convention : 220€. Cette offre s'inscrit dans le cadre de la fourniture d'un fichier.",https://www.vizzit.fr/fr/property/appartement/lyon-3eme/A94z23zqi7ykkzio,https://lb1.vizzit.com/1348021a/A94z23zqi7ykkzio/Photos/A94z23zqi7ykkzio_1.jpg?639240322200000000,2026-09-28
Lyon 8ème (Rhône),1 890 €/mois,87 m² - 4 pièces - 3 chambres,"Secteur Route de vienne / place Belleville Très rare. Superbe appartement meublé en dernier étage avec terrasse de 107 m². Venez découvrir ce magnifique appartement de 87.20 m² au 8ème et dernier étage avec ascenseur, possédant une entrée avec placard, un séjour / cuisine US meublée et équipée, trois chambres (12 m², 16 m² et 10 m²), une salle de bains avec baignoire, un toilette séparé et un garage PMR en sous-sol. Vous apprécierez sa terrasse de 107 m² avec sa triple exposition (nord, sud et sud / ouest) et sa vue panoramique. Libre de suite. Mobilier sur demande. Rendez-vous sur notre site internet, pour consulter la visite virtuelle et pour déposer votre dossier de candidature et obtenir une visite.",https://www.vizzit.fr/fr/property/appartement/lyon-8eme/A62bqa803ve3qve0,https://lb1.vizzit.com/121345a/A62bqa803ve3qve0/Photos/A62bqa803ve3qve0_1.jpg?639241549820000000,2026-09-28
Lyon 3ème (Rhône),1 330 €/mois,78 m² - 3 pièces - 1 chambre,"A 10' à pied de la Place Guichard, entre les quais du Rhône et le cours de la Liberté (Tram T1 arrêt Liberté à 2' à pied), très grand T2 bis meublé d'environ 78 m² situé au 2° étage sans ascenseur, bel ancien pierres apparentes, moulures, cheminée décorative.. il se compose d'une grande pièce à vivre avec coin salon - coin salle à manger et cuisine ouverte, un wc séparé, une salle de bains, une chambre fermée avec dressing attenant, une alcôve fermée avec coin bureau et couchage d'appoint (Idéal télétravail). Disponible de suite,",https://www.vizzit.fr/fr/property/appartement/lyon-3eme/Axszg2pevmtjddbo,https://lb1.vizzit.com/69746a/Axszg2pevmtjddbo/Photos/Axszg2pevmtjddbo_1.jpg?639239526010000000,2026-09-28
Lyon 7ème (Rhône),680 €/mois,27 m² - Studio,"Joli studio 27 m2 meublé , au premier étage , entre deux bouches de métro . Refait à neuf il y a 3 ans . Cuisine équipée Lave linge , four , canapé lit confortable . 1 er étage Boulangerie carrefour à côté ainsi que station velib . Idéal étudiant ou jeune actif",https://www.vizzit.fr/fr/property/appartement/lyon-7eme/Ao8a1g7r4c9n271e,https://lb1.vizzit.com/3236804a/Ao8a1g7r4c9n271e/Photos/Ao8a1g7r4c9n271e_1.jpg?639238383560000000,2026-09-28
Lyon 3ème (Rhône),1 200 €/mois,54 m² - 3 pièces - 2 chambres,"LYON 3EME / MONCHAT Century 21 vous présente ce 3 pièces en rez-de-jardin. Venez découvrir ce bien au calme absolu. L'appartement se compose d'une pièce de vie avec son espace cuisine entièrement équipée. Vous disposerez d'un accès a la terrasse de 22m² orientée Sud-Est. Coté nuit, 2 chambres dont une possédant son accès terrasse, ainsi qu'une vaste salle d'eau. Situé à proximité de la Place Henri et du cours du Dr Long, vous disposerez de tous les commerces à proximité immédiate. Pour plus de confort, l'appartement est desservi par la ligne C13 reliant la Gare LYON Part-Dieu et se trouve à 500m du métro Blanche et des Ecoles de médecine. Un box fermé en sous-sol est compris dans le bail.",https://www.vizzit.fr/fr/property/appartement/lyon-3eme/Ati3vmyinoruiozk,https://lb1.vizzit.com/1345662a/Ati3vmyinoruiozk/Photos/Ati3vmyinoruiozk_1.jpg,2026-09-28
Lyon 7ème (Rhône),1 300 €/mois,62 m² - 2 pièces,"T2 meublé 62 m² entièrement rénové – Grande terrasse – Lyon 7 / Place Saint-Louis À louer, spacieux T2 de 62 m² entièrement rénové et meublé, idéalement situé dans le secteur recherché de la place Saint-Louis, Lyon 7e. Lumineux, soigneusement aménagé et disposant de nombreux rangements, l’appartement offre de beaux volumes ainsi qu’une grande terrasse aménagée, véritable espace de vie supplémentaire aux beaux jours. Idéal pour un couple de jeunes actifs à la recherche d’un appartement confortable, fonctionnel et prêt à vivre. L’appartement se compose de : Une entrée avec placard et meuble à chaussures Une cuisine entièrement équipée : four, micro-ondes, réfrigérateur, plaques à induction et nombreux rangements Un agréable coin repas avec banquette d’angle Un séjour lumineux et confortable, avec canapé convertible, télévision, meuble TV et table basse Un espace bureau, idéal pour le télétravail Une grande terrasse aménagée, avec table, chaises et coin détente Une grande chambre avec lit double, commode 6 tiroirs et rangements Une salle d’eau avec grande douche, meuble vasque et machine à laver Des WC séparés De nombreux placards et rangements dans l’ensemble de l’appartement. Un quartier vivant et recherché Vous profiterez pleinement de la vie de quartier autour de la place Saint-Louis, avec son marché et ses nombreux commerces de proximité : Super U, boulangeries, boucherie, pharmacie, tabac, restaurants, etc. L’appartement bénéficie également d’une excellente desserte en transports en commun : Métro D – Garibaldi à 5 min à pied Métro B – Saxe-Gambetta à 7 min à pied Accès rapide à Part-Dieu, Bellecour et la Presqu’île L’appartement se situe dans une copropriété familiale et bien entretenue, avec gardienne dans l’immeuble et ascenseur. Un emplacement particulièrement adapté à un couple de jeunes actifs, permettant de profiter pleinement de la vie lyonnaise tout en bénéficiant d’un appartement spacieux, agréable et entièrement équipé. Loyer et charges Loyer mensuel : 1 091,20 € Charges mensuelles : 208,80 €, comprenant : l’entretien des parties communes la gardienne l’ascenseur le chauffage collectif avec répartiteurs individuels la consommation d’eau chaude et d’eau froide. Soit 1 300 € charges comprises par mois Seule l’électricité reste à la charge du locataire. ? Disponible à partir de mi-septembre – date d’entrée à définir ensemble. Appartement entièrement meublé et équipé, prêt à emménager. Premier contact par message avec courte description de votre profil.",https://www.vizzit.fr/fr/property/appartement/lyon-7eme/Ag1c54egc7dngloo,https://lb1.vizzit.com/14576a/Ag1c54egc7dngloo/Photos/Ag1c54egc7dngloo_1.jpg?639236907820000000,2026-09-28
Lyon 7ème (Rhône),1 650 €/mois,68 m² - 4 pièces - 3 chambres,"LYON 7EME - AVENUE JEAN-JAURES - ENTIEREMENT RENOVE - LOCATION MEUBLEE - A proximité immédiate de toutes commodités, de l'EM LYON et de l'ENS venez découvrir cet appartement T4 situé au 2ème et dernier étage sans ascenseur d'une surface de 68.01 m2 entièrement rénové et meublé. L'appartement, très lumineux se compose d'un séjour avec cuisine ouverte entièrement équipée: Four, plaque de cuisson, frigo, congélateur. Vous retrouverez 3 chambres toutes aménagées avec rangements et bureaux, une salle d'eau et un WC indépendant. Nombreux rangements, belles prestations, lave linge, sèche linge, télévision. Appartement entièrement rénové, équipé et meublé avec goût. DPE: D. ZONE SOUMISE A ENCADREMENT DES LOYERS. Loyer mensuel hors charges: 1585EUR Loyer mensuel charges comprises: 1650EUR Loyer de référence: 836,52EUR Loyer de référence majoré: 1006,55EUR Complément de loyer: 578,45EUR Caution: 3170EUR Honoraires charge locataires: 884EUR dont 204EUR pour l'état des lieux. Bien présenté par Agences de France par délégation. Agences de France – SIREN: – Titulaire de la carte T: non habilité à percevoir des fonds.",https://www.vizzit.fr/fr/property/appartement/lyon-7eme/Au2ryr90skf3xpxr,https://lb1.vizzit.com/1181518a/Au2ryr90skf3xpxr/Photos/Au2ryr90skf3xpxr_1.jpg?639251719840000000,2026-09-28
Lyon 7ème (Rhône),600 €/mois,25 m² - Studio,Bonjour j’ai 19 ans et je suis actuellement à la recherche d’un studio pour ma rentrée le 15 septembre à l’inseec dans le 7 eme à Lyon,https://www.vizzit.fr/fr/property/appartement/lyon-7eme/A892qiva9ggyp06c,https://lb1.vizzit.com/276804a/A892qiva9ggyp06c/Photos/A892qiva9ggyp06c_1.jpg?639236648920000000,2026-09-28
Lyon 8ème (Rhône),1 612 €/mois,94 m² - 4 pièces - 3 chambres,"52 rue Longefer, LYON 8 Nous vous proposons cette superbe maison meublée idéalement située Le logement se compose, au rez-de-chaussée, d'une entrée desservant une cuisine équipée ainsi qu'un séjour lumineux donnant accès à une terrasse sans vis-à-vis. À l'étage, vous trouverez trois chambres ainsi qu'une salle de bains. Le chauffage et la production d'eau chaude sont individuels au gaz. L'eau froide est individuelle. Disponible à partir de mi-septembre 2026. Zone soumise à l'encadrement des loyers. Loyer de référence : 1 217,89 € Loyer de référence majoré (loyer de base à ne pas dépasser) : 1 463,35 € Complément de loyer : 148,65 € Dossier de candidature à déposer en ligne. Loyer : 1 612 € par mois charges comprises Charges locatives : 0 € Classe Energétique : E Montant estimé des dépenses annuelles d'énergie pour un usage standard : entre 2 170 € et 3 000 € TTC/an. Date de référence des prix de l'énergie pour établir cette estimation : à préciser.",https://www.vizzit.fr/fr/property/immobilier/lyon-8eme/Axcf6imy2jzl8scd,https://lb1.vizzit.com/121617a/Axcf6imy2jzl8scd/Photos/Axcf6imy2jzl8scd_1.jpg?639235892620000000,2026-09-28
Lyon 7ème (Rhône),1 513 €/mois,73 m² - 3 pièces - 2 chambres,"LOCATION MEUBLEE LODGIS (Référence : 3L723667) : Située à égale distance des arrêts de métro Saxe Gambetta et Garibaldi , partez à la découverte de Lyon depuis votre location meublée du 7ème arrondissement de Lyon. Vous serez immédiatement frappé par la luminosité du logement en accédant à la pièce de vie avec son espace repas, son canapé d'angle et sa cuisine ouverte entièrement équipée (plaques de cuisson, bouilloire, cafetière, grille-pain, réfrigérateur/congélateur, micto-ondes, four, lave vaisselle et hotte aspirante). Vous accédez au balcon depuis le séjour où vous pourrez vous restaurer tout en profitant du soleil. Dans la première chambre, un lit double et une grande armoire. Dans la seconde chambre, vous trouverez un lit double et un espace bureau pour travailler en toute tranquillité. Un grand dressing complète cette location meublée lyonnaise, vous assurant d'avoir suffisamment d'espace pour ranger pour vos affaires. Enfin, vous profiterez d'une salle de bain fonctionnelle et de bonne taille.",https://www.vizzit.fr/fr/property/appartement/lyon-7eme/Aum8qdok38ry0rgb,https://lb1.vizzit.com/121575a/Aum8qdok38ry0rgb/Photos/Aum8qdok38ry0rgb_1.jpg?639235868790000000,2026-09-28
Lyon 7ème (Rhône),670 €/mois,20 m² - Studio,"A LOUER!! Studilodge vous propose un studio meublé de 20.6m² au 2ème étage d'une résidence étudiante meublé disposant de nombreux rangements, placards aménagés, étagères et penderies. Cet appartement est entièrement autonome grâce à sa kitchenette équipée d'un four à micro-onde, de plaques électriques et d'un réfrigérateur mais également de sa salle d'eau avec WC privatif, lavabo avec meuble vasque et cabine de douche. Prestation de services: internet WIFI illimité et gratuit, accueil, digicode, salle fitness, nettoyage du logement, laverie. A proximité de la Gare Jean Macé, Métro ligne B, arrêts Jean Jaurès et/ou Debourg, Tramway T2, centre commercial à 200 m, nombreux commerces. A voir absolument ! Loyer mensuel TTC (charges comprises) : 670 €, Dépôt de garantie : 450 €, Frais de dossier : 450 €. Pour plus de renseignements contactez la résidence avec la référence suivante : SEVEN-A201 Copropriété de 59 lots. Charges annuelles : 208.00 euros.",https://www.vizzit.fr/fr/property/appartement/lyon-7eme/Agjniq6f5jiwocf3,https://lb1.vizzit.com/85438a/Agjniq6f5jiwocf3/Photos/Agjniq6f5jiwocf3_1.jpg?639235865620000000,2026-09-28
Lyon 8ème (Rhône),1 450 €/mois,68 m² - 3 pièces - 2 chambres,"Lyon 8, Avenue Paul Santy, Secteur Mermoz, dans bel immeuble récent de 2002, au quatrième étage avec ascenseur, agréable et lumineux F3 de 68.90m² entièrement meublé, se composant d'une entrée avec placards, une grande pièce de vie avec cuisine meublée et équipée, donnant sur un grand balcon à vivre, deux chambres avec placards, salle de bains, et WC séparé. Vous aurez à disposition avec l'appartement un jardin arboré, et un local vélo. Appartement entièrement climatisé. DISPONIBLE DE SUITE Loyer: 1410€ + 40€ = 1450€ Honoraires d'Agence: 689€ (visites, constitution du dossier et rédaction du bail) + 206.7€ (frais d'état des lieux) = 895.7€ Dépôt de Garantie: 2820€ Zone soumise à l'encadrement des loyers: Loyer de référence majoré: 16.80€/m² Loyer de référence: 14€/m² DPE noté: C94 Gaz Effet de Serre noté: C-17 Estimation des dépenses annuelles d'énergie: entre 600€ et 900€ La taxe d'ordures ménagère n'est pas comprises dans les provisions pour charges. CETRIM 51 Cours Emile Zola – 69100 Villeurbanne Tél. : 694 - SAS au capital de 46 000 € représenté par Madame Aurélie BONJOUR – Siège Social: 51 Cours Emile Zola – 69100 – Villeurbanne – Tél. 694 APE 6831Z – RCS Lyon– Carte transaction CPI– Carte gestion CPIdélivrées par la CCI de Lyon Garantie Transaction 150 000 € - Gestion 900 000 € - Garantie financière SOCAF – 26, avenue de Suffren – 75015 Paris Chaque agence est juridiquement et financièrement indépendante.",https://www.vizzit.fr/fr/property/appartement/lyon-8eme/Apld4lv6sm12jvzk,https://lb1.vizzit.com/71987a/Apld4lv6sm12jvzk/Photos/Apld4lv6sm12jvzk_1.jpg?639241256150000000,2026-09-28
Lyon 2ème (Rhône),675 €/mois,23 m² - 2 pièces - 1 chambre,"Votre Régie Galyo a le plaisir de vous proposer à la location, proche des transports en commun, des commerces et de toutes commodités, cet appartement T2 de 23m². Au 2ème étage d'un résidence sécurisée, située rue GRENETTE il se compose d'un coin cuisine équipée (plaque de cuisson, réfrigérateur) ouvert sur la pièce de vie, d'une chambre et d'une salle d'eau avec wc. Le chauffage, l'eau chaude ainsi que l'eau froide sont collectifs et compris dans les charges. Bien soumis à l'encadrement des loyers : - Loyer de référence : 349.65 € - Loyer de référence majoré : 419.58 € - Complément de loyer : 75.42 € Contact : Eva",https://www.vizzit.fr/fr/property/appartement/lyon-2eme/Ahymb0085kyu2s9y,https://lb1.vizzit.com/2635049a/Ahymb0085kyu2s9y/Photos/Ahymb0085kyu2s9y_1.jpg?639233494720000000,2026-09-28
Lyon 8ème (Rhône),1 185 €/mois,79 m² - 4 pièces - 3 chambres,"Votre Regie Galyo a le plaisir de vous proposer à la location, porche des transports en commun, des commerces et de toutes commodités, cet appartement T4 de 79m². Au 2e étage d'une résidence sécurisée, située rue Henri Pensier, il se compose d'un hall avec grand placard-penderie, d'une cuisine équipée et meublée (meubles hauts et bas, plaques de cuisson et four) ouvrant sur le séjour, de trois chambres (dont une avec un grand placard), d'une grande salle d'eau avec meuble double vasques, d'un WC séparé. Zone soumise à encadrement des loyers : Loyer de référence : 926.76 euros HC Loyer de référence majoré : 1108.94 euros HC Contact Eva",https://www.vizzit.fr/fr/property/appartement/lyon-8eme/A2zbf9qwftdue06d,https://lb1.vizzit.com/2635049a/A2zbf9qwftdue06d/Photos/A2zbf9qwftdue06d_1.jpg?639244488670000000,2026-09-28
Lyon 3ème (Rhône),778 €/mois,37 m² - 2 pièces - 1 chambre,"Au 3ème étage avec ascenseur, découvrez cet appartement de 37 m² composé d'une entrée dégagée, d'un séjour lumineux, d'une cuisine aménagée de meubles hauts et bas et équipée de plaques de cuisson et d'une hotte, d'un joli comptoir ouvert sur le séjour, d'une chambre et d'une salle d'eau avec WC. Chauffage individuel électrique. Logement soumis à l'encadrement des loyers : - Loyer de référence : 534,81 € - Loyer de référence majoré : 641,02 € - Complément de loyer : 87,69 € justifié par la vue dégagée sans vis-à-vis direct) Contact : Axelle",https://www.vizzit.fr/fr/property/appartement/lyon-3eme/A614om7vqci0c1vv,https://lb1.vizzit.com/2635049a/A614om7vqci0c1vv/Photos/A614om7vqci0c1vv_1.jpg?639244488680000000,2026-09-28
Lyon 2ème (Rhône),1 895 €/mois,69 m² - 3 pièces - 2 chambres,"T3 - BALCON - PLACE BELLECOUR 12, RUE ANTOINE DE SAINT EXUPERY - 69002 LYON Merci de nous afin de fixer un RDV. Venez découvrir ce magnifique T3 de 69,67m2 au sein d'une résidence sécurisée et réhabilitée en 2019. Ce logement se compose d'une vaste pièce de vie avec cuisine ouverte aménagée et équipée (réfrigérateur, plaques de cuisson, hotte, four, lave-linge, lave-vaisselle) donnant sur un balcon. La partie nuit comprend deux chambres avec placards, une salle de bains (double vasque) et un WC séparé. Possibilité de louer un garage en sus du loyer pour un montant de : 250,00€. Les charges comprennent les consommations d'eau froide, d'eau chaude, de chauffage et l'entretien des parties communes. Loyer hors charges : 1773,00€ Complément de loyer : 922,21€ compris dans le loyer hors charges (justifié par la réhabilitation récente, une cuisine meublée et équipée ainsi qu'un balcon. Provisions sur charges : 122,00€ TOTAL MENSUEL : 1895,00€ Dépôt de garantie : 1773.00€ Frais d'agence : 702.97€ Frais d'état des lieux : 211.10€ Encadrement des loyers : Montant de loyer de référence : 13,20 € Montant de loyer majoré : 15,80 € Un complément de loyer peut être appliqué au loyer de base pour des logements présentant des caractéristiques de localisation ou de confort le justifiant, par comparaison avec les logements de la même catégorie situés dans le même secteur géographique.",https://www.vizzit.fr/fr/property/appartement/lyon-2eme/Akkiot7zzndpymeb,https://lb1.vizzit.com/4039902a/Akkiot7zzndpymeb/Photos/Akkiot7zzndpymeb_1.jpg,2026-09-28
Lyon 7ème (Rhône),1 152 €/mois,70 m² - 3 pièces - 2 chambres,"Au 4ème étage avec ascenseur, découvrez cet appartement T3 de 70m² avec Terrasse composé d'une entrée, d'un beau séjour de 22m², d'une cuisine indépendante de près de 10m², d'un dégagement, de 2 chambres de 9,81 et 11,37 m², d'une salle de bains et d'un WC. Chauffage individuel et au gaz et eau froide collective. Le logement possède une isolation phonique et thermique excellente - DPE en C. Davantage de photos sont à venir prochainement. Logement soumis à l'encadrement des loyers : - Loyer de référence : 875,56 € - Loyer de référence majoré : 1 052,09 € Contact : Axelle",https://www.vizzit.fr/fr/property/appartement/lyon-7eme/Ag5widlzgji5gzgy,https://lb1.vizzit.com/2635049a/Ag5widlzgji5gzgy/Photos/Ag5widlzgji5gzgy_1.jpg?639223760190000000,2026-09-28
Lyon 3ème (Rhône),786 €/mois,33 m² - 1 pièce,"RUE PAUL BERT 69003 LYON Proche de toutes les commodités, commerces et transports en commun Appartement T1bis meublé, en rez-de-chaussée, composé d'une entrée, d'une cuisine aménagée et équipée (éléments hauts et bas, plaque de cuisson, réfrigérateur, machine à laver, micro-ondes) ouverte sur la pièce de vie avec placards et cheminée décorative, d'un coin nuit et d'une salle d'eau avec wc. Bien soumis à l'encadrement des loyers : - Loyer de référence : 638.06 € - Loyer de référence majoré : 766.99 € Contact : Pauline",https://www.vizzit.fr/fr/property/appartement/lyon-3eme/Ahqnk4kd4xpse0nf,https://lb1.vizzit.com/2635049a/Ahqnk4kd4xpse0nf/Photos/Ahqnk4kd4xpse0nf_1.jpg?639244488700000000,2026-09-28
Lyon 2ème (Rhône),2 950 €/mois,157 m² - 5 pièces - 4 chambres,"DUPLEX DE CHARME AU CŒUR DE LYON 43 rue Mercière – 69002 Lyon N'hésitez pas à nous afin d'organiser une visite. Venez découvrir, au sein d'un immeuble de caractère sécurisé, ce magnifique duplex meublé de 157,82 m², situé au 3ᵉ étage avec ascenseur. Le premier niveau se compose d'une vaste entrée avec de nombreux rangements ainsi que d'un WC. La pièce de vie offre un salon lumineux, un espace salle à manger et une cuisine entièrement aménagée et équipée (réfrigérateur-congélateur, micro-ondes, four, plaque de cuisson, hotte, lave-vaisselle et cafetière). Vous trouverez également une chambre pouvant faire office de bureau. À l'étage, vous découvrirez deux grandes chambres spacieuses et lumineuses, chacune disposant de nombreux rangements, ainsi qu'une suite parentale avec salle d'eau privative. Ce niveau comprend également une grande salle de bains avec baignoire et douche, un dressing indépendant, un espace buanderie ainsi qu'un WC. Les charges comprennent l'entretien des parties communes. L'eau chaude et le chauffage sont individuels et électriques. L'appartement dispose de la climatisation. Conditions financières : Loyer hors charges : 2 900,00 € Complément de loyer (inclus dans le loyer hors charges) : 264,41 € (justifié par la qualité de l'ameublement et la mise à disposition de mobilier et d'équipements supérieurs à ceux prévus par le décret en vigueur) Provision sur charges : 50,00 € Loyer charges comprises : 2 950,00 € Dépôt de garantie : 5 800,00 € Honoraires d'agence : 1 614,40 € Frais d'état des lieux : 484,80 € Encadrement des loyers : Loyer de référence : 13,90 €/m² Loyer de référence majoré : 16,70 €/m²",https://www.vizzit.fr/fr/property/appartement/lyon-2eme/A0r08xk7wx2ynzmp,https://lb1.vizzit.com/4017745a/A0r08xk7wx2ynzmp/Photos/A0r08xk7wx2ynzmp_1.jpg?639253916430000000,2026-09-28
Lyon 1er (Rhône),900 €/mois,47 m² - 2 pièces - 1 chambre,"Au cœur du 1er arrondissement, proche de toutes commodités et des transports en commun , au 2ème étage, découvrez ce joli T2 de 47 m² composé d'une entrée, d'une cuisine aménagée et équipée (meubles hauts et bas, plaques de cuisson, four, hotte, micro-ondes, réfrigérateur), d'un séjour, d'une chambre avec dressing, d'une salle d'eau moderne avec machine à laver et de wc séparés. Chauffage individuel au gaz. Logement soumis à l'encadrement des loyers : - Loyer de référence : 724,76 € - Loyer de référence majoré : 871,61 € - Complément de loyer : 32,39 € Contact : Axelle",https://www.vizzit.fr/fr/property/appartement/lyon-1er/Agp59u3jf81v833c,https://lb1.vizzit.com/2635049a/Agp59u3jf81v833c/Photos/Agp59u3jf81v833c_1.jpg?639244488680000000,2026-09-28
Lyon 6ème (Rhône),2 493 €/mois,65 m² - 3 pièces - 2 chambres,"RÉSIDENCE SÉNIOR : Proche de toutes les commodités, commerces et transports en commun. Au 6ème étage avec ascenseur, découvrez ce joli T3 au calme de 65 m² composé d'un hall d'entrée avec rangements, d'un beau dégagement, d'une cuisine aménagée et équipée (éléments hauts et bas, plaque de cuisson) d'un séjour lumineux de 20m² donnant sur un petit balcon de 3m² avec store, de deux chambres de 9 et 13m² avec rangements, d'une salle de douche avec sèche-serviette et bidet et d'un WC séparé. Une place de parking au premier sous-sol est proposée avec ce logement. Chauffage individuel électrique. Détail des prestations de la résidence : Logement soumis à l'encadrement des loyers : - Loyer de référence 839,41 € - Loyer de référence majoré : 1005,96 € - Complément de loyer : 287,51 € justifié par l'absence de vis-à-vis. Contact : Axelle",https://www.vizzit.fr/fr/property/appartement/lyon-6eme/A1ueywgty6mk4ei2,https://lb1.vizzit.com/2635049a/A1ueywgty6mk4ei2/Photos/A1ueywgty6mk4ei2_1.jpg?639244488680000000,2026-09-28
Lyon 7ème (Rhône),1 150 €/mois,51 m² - 2 pièces - 1 chambre,"T2 avec terrasse - Secteur Saint-Louis / Saxe-Gambetta - À deux pas du métro Saxe-Gambetta, Grande rue de la Guillotière - Beau T2 meublé en très bon état, disponible de suite Ce T2 meublé de 51m² offre de très belles prestations : Une entrée accueillante avec placard et coin bureau Une spacieuse pièce de vie lumineuse avec belle hauteur sous plafond Une cuisine US haut de gamme, entièrement équipée dont lave-vaisselle, lave-linge et réfrigérateur/congélateur... Accès direct à une agréable terrasse de 25 m², idéale pour vos moments de détente Une chambre confortable avec rangements sur mesure Une salle d'eau attenante avec WC Appartement lumineux, parfaitement agencé et entièrement rénové avec goût, à proximité immédiate des commerces, transports et toutes commodités. Loyer : 1050€ + 100 € de charges (Chauffage, eau froide, eau chaude) Honoraires : 515.90€ + 154.92 € d'état des lieux Dépôt de garantie : 2100€ Loyer de référence : 751.61 € Loyer de référence majoré : 899.89 € Complément loyer : 150.11€ pour la terrasse de 25m² et tous les équipements complémentaires au décret de la location meublée . Régie Pozetto 106 Boulevard des Belges 69006 LYON. Loyer de 1 150,00 euros par mois charges comprises dont 100,00 euros par mois de provision pour charges (soumis à la régularisation annuelle). Les honoraires charge locataire sont de 670,83 euros ( soit 13,12 euros/m² ) dont 154,92 euros pour état des lieux ( soit 3,03 euros/m² ).",https://www.vizzit.fr/fr/property/appartement/lyon-7eme/Ak0bcfo2umqixjas,https://lb1.vizzit.com/2636840a/Ak0bcfo2umqixjas/Photos/Ak0bcfo2umqixjas_1.jpg,2026-09-28
Lyon 7ème (Rhône),720 €/mois,30 m² - 1 pièce,"RUE PASTEUR 69007 LYON - QUAIS DU RHONE Proche de toutes les commodités, commerces et transports en commun Charmant appartement T1 de 30.05 m² (39.14 m² au sol) composé d'une entrée, d'un coin cuisine ouvert sur la pièce de vie, d'une pièce pouvant servir de chambre, d'une salle d'eau et de wc indépendants. Bien soumis à l'encadrement des loyers : - Loyer de référence : 513.86 € - Loyer de référence majoré : 616.03 € - Complément de loyer : 73.97 € Contact : Pauline",https://www.vizzit.fr/fr/property/appartement/lyon-7eme/Ad2svnhu0f0sfep3,https://lb1.vizzit.com/2635049a/Ad2svnhu0f0sfep3/Photos/Ad2svnhu0f0sfep3_1.jpg?639244488690000000,2026-09-28
Lyon 2ème (Rhône),1 180 €/mois,58 m² - 3 pièces - 2 chambres,"Votre Régie Galyo a le plaisir de vous proposer à la location, proche des transports en communs, des commerces et de toutes commodités, cet appartement T3 de 58m². Au 5ème étage d'une copropriétaire sécurisée située 19 place Bellecour, il se compose, d'une entrée, d'un séjour avec cuisine aménagée (meubles hauts et bas) et équipée (plan de travail, hotte, plaques de cuisson), de deux chambres, d'une salle de bains et d'un WC. Zone soumise à encadrement des loyers : Loyer de référence : 776.42 euros HC Loyer de référence majoré : 929.36 euros HC Complément de loyer : 220.64 euros Contact : Eva",https://www.vizzit.fr/fr/property/appartement/lyon-2eme/Ajc364iz5fzj0znh,https://lb1.vizzit.com/2635049a/Ajc364iz5fzj0znh/Photos/Ajc364iz5fzj0znh_1.jpg?639244488690000000,2026-09-28
Lyon 7ème (Rhône),930 €/mois,50 m² - 2 pièces - 1 chambre,"Au 5ème étage avec ascenseur, découvrez cet appartement de 54 m² avec joli balcon composé d'une belle entrée, d'un séjour avec placard et cuisine ouverte, d'une chambre avec rangements et alcôve, d'une salle de bains (avec sèche-serviette et arrivée et sortie d'eau pour votre machine à laver), et d'un WC séparé. Logement soumis à l'encadrement des loyers : - Loyer de référence : 834,15 € - Loyer de référence majoré : 834,15 € - Complément de loyer : 30,85 € Contact : Axelle",https://www.vizzit.fr/fr/property/appartement/lyon-7eme/A0yacybl80r1nva9,https://lb1.vizzit.com/2635049a/A0yacybl80r1nva9/Photos/A0yacybl80r1nva9_1.jpg?639257395620000000,2026-09-28
Lyon 8ème (Rhône),1 080 €/mois,56 m² - 4 pièces - 3 chambres,"295 Route de Vienne - 69200 VENISSIEUX (limite 8ème arr.) Proche Tramway T6 et toutes commodités Nous vous proposons à la location cet appartement T4 entièrement meublé à Vénissieux (limite 8ème arr.) L'appartement se compose d'une pièce de vie avec cuisine aménagée et équipée (plaques, hotte, four, réfrigérateur, micro-ondes), de trois chambres avec rangements, d’une salle de bains (équipée d'un lave-linge) et d'un WC séparé. Les charges mensuelles comprennent l'entretien des parties communes, le chauffage, l'eau froide & l’eau chaude. Une cave complète ce bien. Place de parking (non privative) dans la résidence sécurisée. Loyer hors charges : 1080,00€ Charges locatives : 150.00€ TOTAL MENSUEL : 1230.00€ Dépôt de garantie : 2160.00€ Frais de mise en location et d'état des lieux : Frais d'agence : 572.00€ Frais d'état des lieux : 171.77€ Pour déposer votre candidature : DOSSIER FACILE",https://www.vizzit.fr/fr/property/appartement/lyon-8eme/A41cu7mmcy51qw32,https://lb1.vizzit.com/4039902a/A41cu7mmcy51qw32/Photos/A41cu7mmcy51qw32_1.jpg?639245607950000000,2026-09-28
Lyon 6ème (Rhône),2 500 €/mois,152 m² - 5 pièces - 4 chambres,"T5 de charme non meublé – FOCH Idéalement situé dans le très recherché 6ème arrondissement de Lyon, à proximité immédiate de la place Puvis de Chavannes, cet appartement de 152,67 m² vous séduira par son cachet et son emplacement exceptionnel. Niché au rez-de-chaussée d’un immeuble de caractère datant du XIXᵉ siècle, il offre un cadre de vie à la fois raffiné et central. Dès l’entrée, le ton est donné : volumes généreux, belle hauteur sous plafond. Le vaste séjour avec cuisine indépendante, constitue un véritable espace de vie convivial avec en alcôve un coin télé ou bureau. L’appartement se compose de 5 pièces, dont 3 chambres confortables en souplex et une chambre en rez-de-chaussée avec sa salle de bain privative. Vous bénéficierez également d’une salle de douche au -1 ainsi que de nombreux rangements, ainsi qu'une buanderie. Ce bien allie le charme de l’ancien (parquet, volumes, cachet) à des prestations modernes et soignées. Côté localisation, vous profitez d’un environnement privilégié en plein centre-ville : commerces, transports (métro, bus, tram), écoles, restaurants et toutes les commodités sont accessibles à pied en quelques minutes seulement. Une opportunité à ne pas manquer au cœur de Lyon — contactez-nous pour organiser une visite. Encadrement des loyers : Loyer hors charges : 2600,00 € Complément de loyer : 210,48€ compris dans le loyer hors charges (justifié par une mise à disposition de mobilier supérieure à celle exigée par le décret.) Charges locatives : 30,00 € (comprenant l'entretien des parties communes) TOTAL MENSUEL : 2500,00 € Dépôt de garantie : 2470,00 € Montant de loyer de référence : 12,30€/m2 Montant de loyer majoré : 14,80€/m2 Frais de mise en location et d’état des lieux : Frais d'agence : 1526,70 € Frais d'état des lieux : 458,01 € Pour déposer votre candidature : Zéro papier & démarche simplifiée ! Tous les dossiers de candidatures sont à déposer en ligne sur notre site. Rubrique Louer > Dossier de candidature ! Les dossiers incomplets ne pourront être étudiés !",https://www.vizzit.fr/fr/property/appartement/lyon-6eme/Akjpc9ig94rbw2xu,https://lb1.vizzit.com/4039902a/Akjpc9ig94rbw2xu/Photos/Akjpc9ig94rbw2xu_1.jpg,2026-09-28
Lyon 7ème (Rhône),1 775 €/mois,92 m² - 4 pièces - 3 chambres,"APPARTEMENT T4 + GARAGE - berges du Rhône 47 RUE LIEUTENANT COLONEL GIRARD - 69007 LYON Venez découvrir ce spacieux T4 de 92,98 m² situé au 3ᵉ étage d’une copropriété sécurisée avec ascenseur. Il se compose d’une entrée avec rangements, d’un séjour de 23 m² donnant accès à une loggia, ainsi que d’une cuisine séparée, entièrement aménagée et équipée (four, plaque de cuisson, hotte, lave-vaisselle, machine à laver, réfrigérateur). L’appartement dispose également de trois chambres, d’une salle d’eau et d'un WC séparé. Ce bien est complété par un garage avec une borne de recharge éléctrique. Encadrement des loyers : Loyer hors charges : 1595,00 € Complément de loyer : 330,47 € compris dans le loyer hors charges (justifié par une mise à disposition de mobilier supérieure au décret 2015 - 981 et la présence d'une loggia). Charges locatives : 180,00 € (comprenant l'entretien des parties communes, l'eau froide, l'eau chaude, le chauffage) TOTAL MENSUEL : 1775,00 € Dépôt de garantie : 3 190,00 € Montant de loyer de référence : 11,30 €/m2 Montant de loyer majoré : 13,60 €/m2 Frais d'agence : 938,16 € Frais d'état des lieux : 281,72 € TOTAL : 1 219,88 € Un complément de loyer peut être appliqué au loyer de base pour des logements présentant des caractéristiques de localisation ou de confort le justifiant, par comparaison avec les logements de la même catégorie situés dans le même secteur géographique. Zéro papier & démarche simplifiée ! Tous les dossiers de candidatures sont à déposer en ligne sur notre site. Rubrique Louer -> Dossier de candidature. !Les dossiers incomplets ne pourront être étudiés.",https://www.vizzit.fr/fr/property/appartement/lyon-7eme/Aa7dds4bsiw12o4l,https://lb1.vizzit.com/4039902a/Aa7dds4bsiw12o4l/Photos/Aa7dds4bsiw12o4l_1.jpg?639227840820000000,2026-09-28
Lyon 3ème (Rhône),880 €/mois,51 m² - 2 pièces - 1 chambre,"Votre Regie Galyo à le plaisir de vous proposer à la location proche des transports en commun, des commerces et de toutes commodités, cet appartement T2 de 51m². Au 5ème étage, d'une résidence sécurisée située rue Villeroy, il se compose d'une entrée, d'un grand séjour, d'une cuisine séparée, d'une chambre, d'un salle de bains, wc séparée. Un garage est compris dans la location. L'eau froide est comprise dans les charges. Zone soumise à encadrement des loyers : Loyer de référence : 740.12 euros HC Loyer de référence majoré : 888.27 euros HC Contact : Eva",https://www.vizzit.fr/fr/property/appartement/lyon-3eme/Awy64gbfpdyc4yfh,https://lb1.vizzit.com/2635049a/Awy64gbfpdyc4yfh/Photos/Awy64gbfpdyc4yfh_1.jpg,2026-09-28
Lyon 6ème (Rhône),906 €/mois,51 m² - 2 pièces - 1 chambre,"RUE MONTGOLFIER 69006 LYON - PROXIMITÉ PARC DE LA TETE D'OR Face au Parc de la Tête d'Or, dans un quartier recherché du 6e arrondissement, ce grand T2 traversant (cour et rue) est en bon état et situé dans un immeuble bien entretenu avec vidéosurveillance. L'accès par un rez-de-chaussée surélevé apporte à la fois calme et sécurité. La copropriété dispose de locaux sécurisés pour les vélos et les poussettes. La copropriété, majoritairement occupée par des propriétaires, est calme et agréable à vivre. L'emplacement est pratique : proche des écoles, de la Part-Dieu, de la Cité Internationale et de nombreux commerces entre Masséna et Foch. Un bien adapté pour un couple, une personne seule ou un étudiant en quête de confort et de praticité. Bien soumis à l'encadrement des loyers : - Loyer de référence : 698.22 € - Loyer de référence majoré : 836.84 € Vous souhaitez visiter ce bien ? Contactez Madame GUINAND joignable .",https://www.vizzit.fr/fr/property/appartement/lyon-6eme/Amxc68wo5kw7uxyn,https://lb1.vizzit.com/2635049a/Amxc68wo5kw7uxyn/Photos/Amxc68wo5kw7uxyn_1.jpg?639244488700000000,2026-09-28
Lyon 8ème (Rhône),1 090 €/mois,75 m² - 3 pièces - 2 chambres,"La régie Galyo vous propose cet agréable appartement T3 de 75,72 m², situé au 5ème étage d'une résidence calme et bien entretenue. Le logement se compose d'une entrée, d'un séjour double lumineux, d'une cuisine séparée, ainsi que de deux chambres confortables. Le bien bénéficie d'une triple exposition, offrant une luminosité optimale tout au long de la journée. Vous apprécierez également la loggia, idéale pour profiter d'un espace extérieur abrité. Une salle d'eau et des WC séparés complètent ce bien. Un appartement spacieux, fonctionnel et lumineux, idéalement placé à proximité des commerces, des transports et des écoles, dans un quartier très apprécié Zone soumise à encadrement des loyers : Loyer de référence : 817.78 € HC Loyer de référence majoré : 984.36 € HC Conseiller : Pauline",https://www.vizzit.fr/fr/property/appartement/lyon-8eme/Ar3cjk41erwcfvxq,https://lb1.vizzit.com/2635049a/Ar3cjk41erwcfvxq/Photos/Ar3cjk41erwcfvxq_1.jpg?639244488720000000,2026-09-28
Lyon 2ème (Rhône),695 €/mois,33 m² - 2 pièces - 1 chambre,"Votre Régie Galyo a le plaisir de vous proposer à la location, proche des transports en commun, des commerces et de toutes commodités, cet appartement studio de 33.75m². Au 2E étage d'une résidence calme, situé RUE CHILDEBERT à Lyon 2eme, il se compose d'une pièce de vie ouvert sur une cuisine aménagée (meubles hauts et bas, plaque de cuisson et hotte) et d'une salle d'eau avec WC. Logement soumis à l'encadrement des loyers : loyer de référence : 506.25€ loyer de référence majoré : 607.50 € Contact : Eva",https://www.vizzit.fr/fr/property/appartement/lyon-2eme/Azgg22tyrf9zv3sh,https://lb1.vizzit.com/2635049a/Azgg22tyrf9zv3sh/Photos/Azgg22tyrf9zv3sh_1.jpg?639259426300000000,2026-09-28
Lyon 8ème (Rhône),840 €/mois,43 m² - 2 pièces - 1 chambre,"T2 NON MEUBLÉ AVEC TERRASSE ET GARAGE PRIVATIF – RÉSIDENCE RÉCENTE À louer, bel appartement T2 rénové de 43 m², lumineux et fonctionnel, situé 81A rue Laënnec, 69008 Lyon, en rez-de-chaussée surélevé d’une résidence récente et sécurisée avec ascenseur. Disponible immédiatement. L’appartement - Séjour lumineux de 20 m² avec accès à une terrasse privative de 3 m² - Cuisine ouverte équipée : plaque électrique, hotte et four - Chambre de 13 m² avec placard intégré - Salle de bains avec baignoire - WC - Garage privatif en sous-sol - Accès PMR Emplacement : Idéalement situé à proximité immédiate des transports : - Métro D – Laënnec au pied de l’immeuble → Bellecour en environ 15 min - Tram T2 / T5 – Ambroise Paré - Tram T6 – Essarts / Laënnec Caractéristiques : - Appartement rénové - Chauffage et eau chaude individuel au gaz - Chaudière neuve 2026 - DPE : C Loyer : - Loyer : 780 € HC dont 692,30 € de loyer de base + 87,70 € de complément de loyer « Zone soumise à encadrement des loyers » : Loyer de référence : 576,20€ Loyer de référence majoré à ne pas dépasser : 692,30 € - Charges : 60 € / mois (provision eau froide, entretien annuel de chaudière et copropriété) Loyer charges comprises : 840 € / mois PAS DE DÉMARCHAGE D’AGENCE POUR LA LOCATION. 1er contact via message ou email uniquement.",https://www.vizzit.fr/fr/property/appartement/lyon-8eme/Aojnbay5lyvlm3th,https://lb1.vizzit.com/14576a/Aojnbay5lyvlm3th/Photos/Aojnbay5lyvlm3th_1.jpg?639259348450000000,2026-09-28
Lyon 7ème (Rhône),640 €/mois,33 m² - 1 pièce,"GERLAND - proche ENS et Debourg - bel appartement T1 de 33,51 m² moderne avec terrasse et jardin privatif et un garage. Il se compose : - d'une entrée - d'une pièce à vivre de 24 m² donnant sur une terrasse et un jardin privatif de 15m² - d'une cuisine ouverte, équipée de meubles, une plaque de cuisson, une hotte et un four - d'une salle de bains moderne avec baignoire et emplacement machine à laver - d'un WC. Exposé Ouest et situé dans un batiment au calme à l'intérieur de la résidence. Chauffage et eau collectifs au gaz, donc inclus dans vos charges ! Vous n'avez plus que l'électricité pour vos électroménagers et la lumière à payer par ailleurs. Pour votre confort, vous profiterez également d'un garage fermé en sous-sol. Loyer de 640,00 euros par mois charges comprises dont 84,00 euros par mois de provision pour charges (soumis à la régularisation annuelle). Les honoraires charge locataire sont de 440,31 euros ( soit 13,12 euros/m² ) dont 101,69 euros pour état des lieux ( soit 3,03 euros/m² ). Montant estimé des dépenses annuelles d'énergie pour un usage standard : entre 460 et 670 euros. Zone soumise à encadrement des loyers. Le loyer de base du bien proposé est de 556 euros, le loyer de référence majoré (fixé par arrêté préfectoral) est de 627,572 euros",https://www.vizzit.fr/fr/property/appartement/lyon-7eme/Aov11i9n1w2tgoop,https://lb1.vizzit.com/122022a/Aov11i9n1w2tgoop/Photos/Aov11i9n1w2tgoop_1.jpg?639259305930000000,2026-09-28
Lyon 7ème (Rhône),381 €/mois,21 m² - Studio,"LYON 7ème entre GERLAND et DEBOURG, studio de 21m² idéal étudiant, proximité tous commerces et transports, à 10 minutes de l'ENS et de l'EM, dans résidence avec ascenseur, raccordée fibre optique, composé d'une pièce à vivre, avec kitchenette équipée avec 2 plaques et petit frigo, une salle d'eau avec WC. Eaux chaude et froide, et chauffage collectifs inclus dans les charges. Location soumise à plafonds de ressources, bien vous munir de votre avant dernier avis d'imposition.",https://www.vizzit.fr/fr/property/appartement/lyon-7eme/A3yrroc09ap2g0rm,https://lb1.vizzit.com/71953a/A3yrroc09ap2g0rm/Photos/A3yrroc09ap2g0rm_1.jpg?639259279450000000,2026-09-28
Lyon 7ème (Rhône),550 €/mois,25 m² - Studio,"Proximité Université Lyon 3 231 grande rue de la Guillotière 69007 LYON. Proximité immédiate de la Manufacture des tabacs. Location T1 de 25 m² composé d'un séjour ouvert sur cuisine US équipée (frigo, plaques cuisson, hotte), salle d'eau avec meuble vasque, douche. Quartier commerçant, Proche Métro D Garibaldi Chauffage électrique collectif, Eau froide collective. Pour visiter merci de nous envoyer le dossier a l'adresse visible sur la dernière photo. Encadrement des loyers: loyer référence: 16.4euros/m2 et loyer majoré: 19.7euros/m2.",https://www.vizzit.fr/fr/property/appartement/lyon-7eme/A6m2katf3t86422m,https://lb1.vizzit.com/4239008a/A6m2katf3t86422m/Photos/A6m2katf3t86422m_1.jpg?639259274890000000,2026-09-28
Lyon 8ème (Rhône),620 €/mois,34 m² - Studio,"Quartier GRANGE BLANCHE 6 Rue professeur florence 69003 LYON - A deux pas du métro Grange Blanche. Appartement T1 de 34.77m2 comprenant une pièce a vivre avec coin cuisiné équipé, une salle d'eau, et un balcon. Proximité transports en commun, commerces et hôpitaux (Grange Blanche métro D, Tram T2, et nombreux bus). Eau froide collective, chauffage électrique individuel. Libre le 01 octobre 2026. Encadrement des loyers: Loyer de référence 17.2euros/m2 et loyer majoré: 20.6euros/m2 Merci de suivre les instructions sur la dernière photo.",https://www.vizzit.fr/fr/property/appartement/lyon-8eme/Aap1o44c3rhczwgp,https://lb1.vizzit.com/4239008a/Aap1o44c3rhczwgp/Photos/Aap1o44c3rhczwgp_1.jpg?639259263890000000,2026-09-28
Lyon 8ème (Rhône),773 €/mois,29 m² - Studio,"Studio meublé avec terrasse privative Studio meublé et équipé de 29 m2 au rez de chaussée - terrasse privative de 25 m2 - loyer toutes charges comprises inclus toutes consommations d'eau, d'électricité et chauffage - digicode et interphone - stationnement possible - calme et sécurisé - proximité de tous commerces et transports en communs. Honoraires locataire : 435 € Dont : - Visite, constitution du dossier, rédaction de bail : 348 € - Établissement état des lieux : 87 € Dépôt de garantie : 1400 € Location Meublée, Loyer 773 €/mois C.C, dont charges mensuelles : 73 € Référence annonce : 49a514d4cd Montant des charges : 73 € / mois",https://www.vizzit.fr/fr/property/appartement/lyon-8eme/Asghlcz2jl7gdzr4,https://lb1.vizzit.com/4234123a/Asghlcz2jl7gdzr4/Photos/Asghlcz2jl7gdzr4_1.jpg?639259214310000000,2026-09-28
Lyon 8ème (Rhône),990 €/mois,55 m² - 2 pièces - 1 chambre,"AU 16 BD JEAN XXIII 69008 venez découvrir ce T2 MEUBLE en rez de chaussée du bâtiment A au pied du TRAM T2 et du métro LIGNE D. Celui ci comprend une entrée, un séjour avec une cuisine ouverte, un dégagement, une salle de bains, un WC et une chambre en complément, un garage portant le numéro 147 premier sous-sol.Le chauffage est individuel électrique « Honoraires réduits de 20 % sur ce bien » La location pourra être déléguée à Foncia Développement et Location.",https://www.vizzit.fr/fr/property/appartement/lyon-8eme/Adgyka8lm8l6no64,https://lb1.vizzit.com/4185573a/Adgyka8lm8l6no64/Photos/Adgyka8lm8l6no64_1.jpg?639259207770000000,2026-09-28
Lyon 7ème (Rhône),785 €/mois,52 m² - 2 pièces,"VISITE VIRTUELLE UNIQUEMENT - Dans le 7ème arrondissement de Lyon, rue Pré Gaudry, à côté du métro B Place Jean Jaurès, dans un immeuble avec ascenseur, nous vous proposons un appartemment 2 pièces au 4ème étage dont les peintures viennent d'être refaite. Ce logement comprend un salon avec une cuisine non meublée semi ouverte, un balcon, une chambre avec un placard non équipé, une salle de bain et un wc séparé.Un garage en sous-sol complète ce bien. Le chauffage et l'eau chaude sont individuels au gaz.",https://www.vizzit.fr/fr/property/appartement/lyon-7eme/Aqax9k3ydfm4hcwz,https://lb1.vizzit.com/200592a/Aqax9k3ydfm4hcwz/Photos/Aqax9k3ydfm4hcwz_1.jpg?639259190560000000,2026-09-28
Lyon 8ème (Rhône),475 €/mois,23 m² - Studio,"Dans le dynamique 8ᵉ arrondissement de Lyon, ce charmant studio situé rue Challemel-Lacour avec les Transports en commun métro, tramway et bus, cafés, supermarchés.",https://www.vizzit.fr/fr/property/appartement/lyon-8eme/Ap2nosugcifo710v,https://lb1.vizzit.com/14576a/Ap2nosugcifo710v/Photos/Ap2nosugcifo710v_1.jpg?639259178760000000,2026-09-28
Lyon 7ème (Rhône),730 €/mois,28 m² - Studio,"Résidence LES BELLES LETTRES, Rue de Marseille LYON 07, proximité Universités Lyon II et Lyon III, au 3ème étage, studio meublé de 28.25 m² composé d'un coin kitchenette ouvert sur séjour, une mezzanine, une salle de bains et wc. Résidence située à proximité du centre ville, desservie par les bus, tramway et métros. Laverie dans la résidence. Loyer : 600 €, (Loyer de référence 20.20 euros/m2 et loyer de référence majoré 24.20 euros/m2) Charges mensuel : 130 € (comprenant l'eau froide, l'eau chaude, le chauffage, l'électricité ainsi que l'entretien des parties communes), Dépôt de garantie : 600 €, Honoraires à la charge du preneur en cas de baux loi du 6 juillet 1989 : 366.01 € (dont 85.11 € d'état des lieux) Disponible le",https://www.vizzit.fr/fr/property/appartement/lyon-7eme/Aamltsgndcg3nnp8,https://lb1.vizzit.com/230169a/Aamltsgndcg3nnp8/Photos/Aamltsgndcg3nnp8_1.jpg?639259164010000000,2026-09-28
Lyon 8ème (Rhône),763 €/mois,47 m² - 2 pièces - 1 chambre,"LYON 8EME, PROCHE MONPLAISIR, rue Berliet, vaste T2 d'environ 50m², au 8ème étage avec ascenseur, dans résidence calme, comprenant un séjour, une cuisine, une chambre, salle de bains et WC, balcon, cave et garage, TOUT INCLUS DANS LES CHARGES: eau froide + eau chaude + chauffage collectif, merci de poser votre dossier en ligne pour une visite.",https://www.vizzit.fr/fr/property/appartement/lyon-8eme/Apbctv50quwsrybp,https://lb1.vizzit.com/4117118a/Apbctv50quwsrybp/Photos/Apbctv50quwsrybp_1.jpg?639259162990000000,2026-09-28
Lyon 3ème (Rhône),581 €/mois,29 m² - 1 pièce,"Grange Blanche - Garage / Cave - Eau chaude et Chauffage compris - A 5min en transports des HOPITAUX GRANGE BLANCHE, proche Tram et commerces de proximité, dans cet agréable quartier vivant de Lyon, dans une charmante copropriété, venez découvrir ce beau type un en 1er étage. Il se compose d'une lumineuse pièce de vie, d'une cuisine indépendante, d'une salle de bains et d'un WC, et d'un grand placard dans l'entrée. Pour votre confort, vous disposez d'un garage et d'une cave. le chauffage et l'eau chaude sont compris dans les charges.Pour plus d'informations ou prévoir une visite, merci de déposer votre dossier de candidature en ligne en suivant le lien de l'annonce. Nous reviendrons vers vous dans les meilleurs délais.",https://www.vizzit.fr/fr/property/appartement/lyon-3eme/Aphboksww332mtl7,https://lb1.vizzit.com/4117118a/Aphboksww332mtl7/Photos/Aphboksww332mtl7_1.jpg?639259159190000000,2026-09-28
Lyon 3ème (Rhône),990 €/mois,54 m² - 2 pièces - 1 chambre,"Je loue ce meublé, un appartement de 2 pièces de 54 m² situé au 3ème étage à Lyon. Cet appartement bénéficie d'un ascenseur pour un accès facile. Cet appartement comprend 1 chambre avec grand placard mural et fenêtre et 1 salle de bain avec baignoire . La cuisine est équipée et offre un espace fonctionnel. 1 pièce à vivre avec clic-clac et mobilier , 1 wc indépendant de la salle de bain, L'appartement bénéficie d'une belle luminosité et d'une orientation sud, avec accès à un balcon. - Balcon - Cuisine équipée - Ascenseur - Interphone - Cave - Baignoire Chauffage électrique individuel. Classe énergie et classe climat non renseignées. Appartement disponible en octobre (2026). N'hésitez pas à me pour plus d'informations ou pour organiser une visite.",https://www.vizzit.fr/fr/property/appartement/lyon-3eme/Acwrqx35418gkjoz,https://lb1.vizzit.com/276804a/Acwrqx35418gkjoz/Photos/Acwrqx35418gkjoz_1.jpg?639259095490000000,2026-09-28
Lyon 7ème (Rhône),1 215 €/mois,54 m² - 3 pièces - 2 chambres,"Appartement 3 pièces meublé lumineux Ce magnifique appartement T3 de 54m2 est idéalement situé au cœur du dynamique 7ème arrondissement de Lyon. Cet emplacement offre une accessibilité remarquable : À moins de 5 minutes à pied de l'arrêt de métro Debourg, desservi par la ligne B. À moins de 2 minutes à pied de l'arrêt de Tram Debourg, desservi par les lignes T1 & T6. Proximité immédiate de plusieurs lignes de bus, dont les lignes 34, 60 et 64. À quelques pas des stations Vélo'v pour des déplacements écologiques et pratiques. Dès l'entrée, vous serez séduit par l'espace généreux et fonctionnel de cet appartement. Un grand placard intégré facilite l'organisation de vos effets personnels au quotidien. La salle de bain, équipée d'une baignoire, d'un meuble vasque et d'une machine à laver, garantit votre confort. De plus, un WC séparé ajoute à votre commodité. La pièce de vie, lumineuse et conviviale, comprend un espace salon soigneusement aménagé, avec un confortable canapé, une table basse et un meuble TV. La cuisine ouverte, entièrement équipée, vous permet de préparer vos repas avec aisance. Vous y trouverez des plaques de cuisson, un réfrigérateur, un four, un lave-vaisselle, une bouilloire, un micro-ondes, ainsi que de nombreux rangements, une table et des chaises pour vos moments de convivialité. Les deux chambres séparées offrent une intimité optimale. Chacune est équipée d'un lit double, d'une table de chevet et de rangements pour vos vêtements. Le Plus : la chambre 2 bénéficie de son propre dressing privatif, offrant un espace supplémentaire pour organiser vos effets personnels ! Honoraires locataire : 810 € Dont : - Visite, constitution du dossier, rédaction de bail : 648 € - Établissement état des lieux : 162 € Dépôt de garantie : 1080 € Location Vide, Loyer 1215 €/mois C.C, dont charges mensuelles : 135 € Référence annonce : cb6e6577ee5a4e07be98 Montant des charges : 135 € / mois",https://www.vizzit.fr/fr/property/appartement/lyon-7eme/A723diuc1z6pysrs,https://lb1.vizzit.com/4234123a/A723diuc1z6pysrs/Photos/A723diuc1z6pysrs_1.jpg?639259094660000000,2026-09-28
Lyon 8ème (Rhône),755 €/mois,57 m² - 2 pièces,"18 AVENUE ROCKFELLER - 69008Au 9ème étage d'un immeuble équipé d'un ascenseur, cet appartement traversant de deux pièces séduit par sa luminosité et son agencement fonctionnel. Le séjour s'ouvre sur un balcon offrant une belle vue dégagée. La cuisine, indépendante, complète cet espace de vie, tandis que la chambre bénéficie d'une salle de bains attenante, pour un confort optimal au quotidien.Le chauffage et l'eau chaude sont individuels et électriques, l'eau froide étant collective. Une cave est également louée avec l'appartement. La location pourra être déléguée à Foncia Développement et Location.",https://www.vizzit.fr/fr/property/appartement/lyon-8eme/Axd634xxaq71tpos,https://lb1.vizzit.com/4185573a/Axd634xxaq71tpos/Photos/Axd634xxaq71tpos_1.jpg?639259194640000000,2026-09-28
Lyon 3ème (Rhône),920 €/mois,38 m² - 2 pièces,"Appartement de 38 m2 à louer sur Lyon Loue T2 meublé de 38m2 avec terrasse de 20m2 et un garage box (13m2) en sous sol. A 2 minutes à pieds de l'arrêt de tram Dauphiné-Lacassagne (tram T3), accès Part-Dieu en 5 minutes. Résidence sécurisée de 2007, rue de la Ruche. Appartement situé au rez-de-chaussée donnant sur la cour intérieure et composé de: Une cuisine équipée: frigo, congélateur, lave vaisselle, plaques induction, machine à laver, hotte, micro-onde/grill et plusieurs placards. Un salon avec sa table, 4 chaises, le meuble et le canapé. Baie vitrée avec volet roulant électrique. Une salle de bain avec douche et toilette. Une chambre séparée par une verrière, comprenant un dressing donnant sur la terrasse grâce à une porte vitrée et volet roulant électrique. Une terrasse jardin, privé, au calme, entretenue par la copropriété (tonte et taille). Un garage type box, situé au sous sol, sécurisé avec un accès par portail et badge. L'appartement est loué avec la vaisselle, la literie, le mobilier nécessaire à la location meublée. Chauffage électrique récent. Le loyer est de 830€ plus 90€ de charge. (eau, ordures ménagères, entretient espace vert...) Dépôt de garanti correspondant à 2 loyers hors charges. Chercher un logement, c'est l'enfer, alors on a créé 123 Loger pour vous simplifier la vie. Combien ça coûte ? Vous réglez le pass de 34 euros (29 euros pour les étudiants). Le pass est mensuel, votre profil reste actif tant que vous restez abonné-e. Sans engagement, vous pouvez vous désabonner très facilement. Nous offrons une garantie satisfait-e ou remboursé-e pendant 1 mois. Comment ça marche ? Sur 123 Loger, ce sont les propriétaires qui contactent les locataires et ça change tout. 1- Vous définissez vos critères : villes, surface, budget, etc 2- Vous décrivez votre profil locataire : CDI, étudiant, indépendant, revenus, garant, etc… Une fois pour toute ! 3- Les propriétaires consultent votre profil et vous contactent directement. À bientôt sur 123 Loger.",https://www.vizzit.fr/fr/property/appartement/lyon-3eme/A6zaio82yvmlqlgd,https://lb1.vizzit.com/4237311a/A6zaio82yvmlqlgd/Photos/A6zaio82yvmlqlgd_1.jpg?639259094500000000,2026-09-28
Lyon 3ème (Rhône),1 465 €/mois,74 m² - 3 pièces - 2 chambres,"Appartement 3 pièces meublé balcon garage Proche du métro Grange Blanche et à quelques arrêts de Tram de Part Dieu, secteur très prisé de Montchat, quartier aux allures de petit village, un appartement de type 3 meublé avec beaucoup de goût et de finesse. Il comprend un séjour avec cuisine US équipée et aménagée donnant sur un balcon, une chambre avec un lit gigogne et un bureau, une deuxième chambre avec un lit double, une salle d'eau contemporaine. Vous disposerez également d'un garage en sous-sol. Honoraires locataire : 1110 € Dont : - Visite, constitution du dossier, rédaction de bail : 888 € - Établissement état des lieux : 222 € Dépôt de garantie : 1280 € Location Vide, Loyer 1465 €/mois C.C, dont charges mensuelles : 185 € Référence annonce : d9bab Montant des charges : 185 € / mois",https://www.vizzit.fr/fr/property/appartement/lyon-3eme/Amh684ycdvwpurzc,https://lb1.vizzit.com/4234123a/Amh684ycdvwpurzc/Photos/Amh684ycdvwpurzc_1.jpg?639259094380000000,2026-09-28
Lyon 3ème (Rhône),1 450 €/mois,76 m² - 3 pièces - 2 chambres,"Appartement lumineux de 76 m², entièrement rénové, avec 2 chambres, balcon exposé Sud, parking en sous sol et cave. Situé 99 avenue Félix Faure – Lyon 3, à 5 minutes à pied du métro Garibaldi et de la gare Part Dieu. Tous les commerces essentiels sont à moins de 50 m (Auchan, boulangerie, pharmacie). Appartement situé au 1er étage avec ascenseur Description du bien: Entrée avec placard aménagé Cuisine séparée (10 m²) entièrement équipée avec électroménager neuf : lave vaisselle, plaque induction, four, réfrigérateur congélateur, micro ondes + vaisselle et ustensiles complets Séjour spacieux (25 m²) avec parquet, coin TV, canapé, rangements, ouvrant sur un balcon plein Sud de 8 m² Chambre 1 (13,5 m²) : lit double 160×200, armoire, commode + literie complète fournie Chambre 2 (12 m²) : lit double 140×200, armoire, commode + literie complète fournie Salle de bain avec baignoire et machine à laver - WC séparés Place de parking en sous sol + Cave privative de 4 m² Informations complémentaires Chauffage collectif et eau chaude collective (inclus dans les charges) Diagnostics : DPE D / GES D Loyer & conditions Loyer hors charges : 1 250 € / mois Charges forfaitaires : 200 € / mois (chauffage + eau chaude + eau froide) Loyer total : 1 450€ / mois Dépôt de garantie : 2400 € Références loyers : Loyer de base : 1 033,60 € Loyer de référence majoré : 1 250 € Non inclus : abonnement EDF et internet Plus de photos + video sur demande. Disponible au . Contact par mail pour visite et photos complémentaires.",https://www.vizzit.fr/fr/property/appartement/lyon-3eme/Am63mcvgdw5ldnia,https://lb1.vizzit.com/276804a/Am63mcvgdw5ldnia/Photos/Am63mcvgdw5ldnia_1.jpg?639259093760000000,2026-09-28
Lyon 7ème (Rhône),590 €/mois,22 m² - Studio,"A louer Studio, sis 25 rue Michel Felizat 69007 Lyon, à 2 pas du métro ligne B, arrêt place Jean Jaurès. En bas du logement, supermarché Auchan, boulangerie.... Disponible immédiatement Immeuble de 2021 Kitchenette équipée avec frigo, hotte et plaques électriques salle de bain, avec douche et sèche serviette bris soleil cave sécurisée avec le logement, permettant de ranger un vélo ou autre Loyer 590€ ( charges comprises : chauffage et eau inclus ) caution 525€ garant obligatoire honoraires agence 310€ ( 260€ honoraires+50€ frais état des lieux )",https://www.vizzit.fr/fr/property/appartement/lyon-7eme/A6wcsap48nf4c0ea,https://lb1.vizzit.com/4248911a/A6wcsap48nf4c0ea/Photos/A6wcsap48nf4c0ea_1.jpg?639259093760000000,2026-09-28
Lyon 7ème (Rhône),924 €/mois,42 m² - 2 pièces - 1 chambre,"T2 Meublé d'exception - Lyon 7ème - Résidence récente au calme Découvrez ce superbe appartement de type 2, situé rue Félix Brun, dans une résidence arborée et sécurisée construite en 2020. Entièrement meublé, cet appartement se distingue par son agencement optimisé : une entrée accueillante s'ouvrant sur un salon lumineux prolongé par une cuisine moderne, aménagée et équipée. Vous profiterez d'une belle chambre, d'une salle d'eau fonctionnelle avec WC, et surtout d'un balcon privatif pour vos moments de détente. Un stationnement en sous-sol complète ce bien. Idéalement situé dans le 7ème arrondissement, vous bénéficiez d'un environnement privilégié à proximité immédiate de la place Jean Jaurès et de Jean Macé. Tout est accessible en quelques minutes : commerces, boulangeries, restaurants, mairie, transports (métro) et les agréables promenades des quais du Rhône. Loyer : 855,11 euros HC + 69,08 euros de charges Dépôt de garantie : 1 710,22 euros Honoraires d'agence : 520 euros (dont 400 euros pour la constitution du dossier, visite et bail / 120 euros pour l'état des lieux) DPE : B Disponibilité : 15 octobre 2026 Zone soumis à l'encadrement des loyers Loyer de Référence: 16.40 Loyer Majoré: 19.70 N'hésitez pas à nous pour plus d'informations ou pour organiser une visite. Votre dossier locataire : Démarquez vous et mettez toutes les chances de votre côté, merci d'utiliser DossierFacile () pour constituer et nous envoyer votre dossier locataire, c'est un service gratuit du gouvernement qui aide les locataires à constituer un Dossier unique, complet et sécurisé afin de le partager simplement aux Propriétaires et Agences.",https://www.vizzit.fr/fr/property/appartement/lyon-7eme/Axzzclutycq19bjy,https://lb1.vizzit.com/71737a/Axzzclutycq19bjy/Photos/Axzzclutycq19bjy_1.jpg?639259196590000000,2026-09-28
Lyon 8ème (Rhône),650 €/mois,17 m² - Studio,"Location studio de 17,16 m2, au 2eme étage d’une petite copropriété située à Lyon 8 secteur Maison de la Danse/hôpital prive Jean Mermoz, entièrement neuf, meublé et équipé avec soin, libre de suite. DPE C. Eau froide collective, chauffage électrique et eau chaude individuelle par cumulus (neuf). Orientation Ouest, volet, fibre dans l’immeuble et prise dans l’appartement. Métro Grange blanche et fac de médecine Lyon Est à 12 min à pied. Dossier à fournir locataire: • CNI ou passeport • Carte d'étudiant ou certificat de scolarité pour l'année en cours ou alors Contrat de travail ou de stage (en fonction de la situation) • Le dernier ou avant-dernier avis d'imposition ou de non-imposition (ou celui du foyer fiscal de rattachement) • 3 derniers bulletins de salaires ou Justificatif de versement des indemnités de stage • 3dernierès quittances de loyer ou attestation de bon paiement des loyers de -3mois Documents à fournir pour la caution: • CNI ou passeport de la personne se portant caution • Acte de cautionnement solidaire • Dernier avis de taxe foncière • 1 document parmi les suivants (en fonction de la situation) :  Contrat de travail ou de stage ou, si nécessaire, attestation de l'employeur précisant l'emploi et la rémunération proposée, la date d'entrée en fonctions envisagée et si nécessaire la durée de la période d'essai  Copie de la carte professionnelle (profession libérale)  Copie du certificat d'identification de l'Insee: comportant les numéros d'identification (travailleur indépendant)  Extrait D1 original du registre des métiers de moins de 3 mois (artisan)  Extrait K ou K bis du registre du commerce et des sociétés de moins de 3 mois (entreprises commerciale)  Toute pièce récente attestant de l'activité professionnelle (autres cas) • 3 derniers bulletins de salaire • dernier avis d’imposition",https://www.vizzit.fr/fr/property/appartement/lyon-8eme/Apmtieye59j0qdlg,https://lb1.vizzit.com/276804a/Apmtieye59j0qdlg/Photos/Apmtieye59j0qdlg_1.jpg?639259089680000000,2026-09-28
Lyon 3ème (Rhône),986 €/mois,48 m² - 2 pièces - 1 chambre,"Référence 1624 - Disponible de suite Appartement de type 2 de 48.56m² au 4ème étage avec ascenseur situé cours Albert Thomas 69003 LYON. Le bien se compose d'un séjour donnant sur un balcon, une cuisine séparée aménagée et équipée ( four et hotte ), une chambre, une salle de bains et WC. Le chauffage, l'eau chaude sont collectifs au gaz. L'eau froide est collective. Une place de parking au sous-sol complète ce bien ( loyer de 89 euros par mois inclus ) Ainsi qu'une cave. Zone soumise à encadrement des loyers Loyer de base : 747€ Loyer de référence majoré (loyer de base à ne pas dépasser) : 776,96 € Les informations sur les risques auxquels ce bien est exposé sont disponibles sur le site Géorisques: Les informations sur les risques auxquels ce bien est exposé sont disponibles sur le site Géorisques :",https://www.vizzit.fr/fr/property/appartement/lyon-3eme/Aw2hj2bov170wjwl,https://lb1.vizzit.com/69716a/Aw2hj2bov170wjwl/Photos/Aw2hj2bov170wjwl_1.jpg?639259215090000000,2026-09-28
Lyon 3ème (Rhône),700 €/mois,27 m² - 2 pièces - 1 chambre,"Loue à effet du 1er Octobre 2026 , bel appartement de 27m2, 2pièces, meublé, entièrement rénové, petit immeuble avec cave, digicode, dans un quartier très calme, rez- de- chaussée surélevé , exposition ouest , sans vis-à-vis , très ensoleillé , sur jardin fleuri. Bien desservi. À proximité Métro D . Grange Blanche et tram T2. Proche facs, hôpitaux, tous commerces. Hall d’entrée. Chambre-séjour Cuisine toute équipée y compris lave- linge Cabinet de toilette et douche, WC indépendant, Chauffage électrique économique, connexion Internet Fibre dans les deux pièces VMC double vitrage . 650 € + forfait charges 50 € (hors EDF + EAU) Dossier à fournir lors de la visite pour locataire et 2 garants : Copie pièce d’identité recto verso, 3 derniers bulletins de salaire, dernier avis d’imposition, justificatif de domicile, quittance des 3 derniers mois de loyer",https://www.vizzit.fr/fr/property/appartement/lyon-3eme/A79uzu1e6fdu23gr,https://lb1.vizzit.com/276804a/A79uzu1e6fdu23gr/Photos/A79uzu1e6fdu23gr_1.jpg?639259088010000000,2026-09-28
Lyon 7ème (Rhône),1 097 €/mois,68 m² - 3 pièces - 2 chambres,"SANS HONORAIRES. --Lyon 7. 49 boulevard Yves Farges. Devenez locataire de ce beau duplex T3 de 68 m2 au sein d'une résidence idéalement située. Ce logement se compose en rez-de-chaussée d'un séjour/cuisine (non équipée, non aménagée) de 28 m2, d'un toilette et placard, à l'étage, 2 chambres de 12 m2 et 11 m2 avec chacune un placard, d'une salle de bain avec WC. Un garage en sous sol complète ce bien. Eau froide individuelle. Eau chaude, chauffage et taxe d'enlèvement des ordures ménagères provisionnés dans les charges. Proche toutes commodités (métro Jean Jaurès à 7 min, gare Jean Macé à 12 min), écoles, commerces. Zone soumise à encadrement des loyers loyer de référence majoré : 1 026,80 euros loyer de base : 871,79 euros complément de loyer : 0,00 euros Référence à rappeler lors de nos échanges : Les informations sur les risques auxquels ce bien est exposé sont disponibles sur le site Géorisques : Logement Locatif Interm.",https://www.vizzit.fr/fr/property/appartement/lyon-7eme/A4w7nd22b3nfqw0j,https://lb1.vizzit.com/69107a/A4w7nd22b3nfqw0j/Photos/A4w7nd22b3nfqw0j_1.jpg?639250966440000000,2026-09-28
Lyon 8ème (Rhône),697 €/mois,42 m² - 2 pièces - 1 chambre,"Fiche Id-VIZ27732g : Lyon 8 / Secteur Hôpitaux tous transports à pied Métro et tram dans rue très calme 2 ème et dernier étage T2 de 42 m2 totalement rénové beaucoup de charme gde cuisine équipée séparée 1 chambre salle de bain avec baignoire Loyer 697 € Honoraires 546 € - Mentions légales : Loyer mensuel 697 Euros/mois (Pas de charge locative définie) - Honoraires à la charge du locataire : 546 Euros - Dépot de garantie : 697 Euros - DPE en cours - Affaire suivie par Mr Simon CORCHIA (Agent immobilier - Responsable) - Reseau Immo-Diffusion Francheville - Pour plus d'informations, contactez notre secrétariat (Appel gratuit ou prix d'une communication locale)",https://www.vizzit.fr/fr/property/appartement/lyon-8eme/Aeii3elm6eyen8mu,https://lb1.vizzit.com/1421552a/Aeii3elm6eyen8mu/Photos/Aeii3elm6eyen8mu_1.jpg?639262216710000000,2026-09-28
Lyon 8ème (Rhône),955 €/mois,31 m² - Studio,"A louer, un très bel appartement T1 BIS entièrement rénové et meublé de 32 m². Situé idéalement dans le quartier Monplaisir Lumière, à proximité de toutes les commodités. Cet appartement est situé au 1er étage d'un immeuble sécurisé. Il se compose d'un séjour lumineux avec canapé, table, bureau et grands placards de rangement, ainsi que d'un espace nuit avec une chambre. Une cuisine entièrement meublée et équipée ainsi qu'une salle d'eau avec machine à laver complètent le bien. Chauffage : Individuel électrique Eau froide : Individuelle Eau chaude : Individuelle LOYER : 855 € CHARGES : 100 € DISPONIBLE DE SUITE Loyer de référence : 19.9 € / m² Loyer de référence majoré : 23.9 € / m²",https://www.vizzit.fr/fr/property/appartement/lyon-8eme/Aivao2js6dbef6gx,https://lb1.vizzit.com/4042995a/Aivao2js6dbef6gx/Photos/Aivao2js6dbef6gx_1.jpg?639253482060000000,2026-09-28
Lyon 8ème (Rhône),650 €/mois,37 m² - 1 pièce,"A louer au RDC, un appartement T1 de 37.60 m² comprenant une entrée, un séjour avec alcôve, une cuisine, une salle de douche et un WC indépendant. Chauffage : Individuel électrique Eau chaude : Individuelle électrique Eau froide : Individuelle LOYER : 590 € CHARGES : 60 € DISPONIBLE A PARTIR DU Loyer de référence : 17.1 € /m² Loyer majoré : 20.5 € /m²",https://www.vizzit.fr/fr/property/appartement/lyon-8eme/Aok5r2la2v1ga91m,https://lb1.vizzit.com/4042995a/Aok5r2la2v1ga91m/Photos/Aok5r2la2v1ga91m_1.jpg?639253482060000000,2026-09-28
Lyon 8ème (Rhône),2 004 €/mois,118 m² - 4 pièces - 3 chambres,"T4 Meublé 118m² LYON 8. Situé au 1er étage d'un immeuble idéalement placé Avenue des Frères Lumière, à deux pas du métro D, ce superbe appartement meublé de 118 m² allie le charme de l'ancien et de beaux volumes. Il se compose d'une jolie entrée, d'une cuisine aménagée et entièrement équipée, d'un vaste séjour avec le cachet de l'ancien, d'une salle à manger, d'une salle de bains, de WC séparés, d'une première chambre avec dressing, d'une deuxième chambre ainsi que d'une grande troisième chambre. Une cave vient compléter ce bien. Disponible immédiatement Loyer de référence majoré (loyer de base à ne pas dépasser) : 1959€ loyer de base : 1959€ complément de loyer 0€",https://www.vizzit.fr/fr/property/appartement/lyon-8eme/Adakpbvlpug7gw9l,https://lb1.vizzit.com/239955a/Adakpbvlpug7gw9l/Photos/Adakpbvlpug7gw9l_1.jpg,2026-09-28
Lyon 7ème (Rhône),811 €/mois,49 m² - 2 pièces - 1 chambre,"Exclusivité Orpi! La prise de rendez-vous s'effectue en ligne. Merci de remplir la rubrique ' l'agence'. Vous recevrez instantanément un email et un SMS vous invitant à choisir un créneau pour visiter le bien. Venez découvrir ce T2 de 49,79m² situé au 7 Rue Sébastien Gryphe dans le 7ème arrondissement de Lyon. Ce bien est composé d'une spacieuse pièce de vie avec parquet et cheminée décorative, d'une chambre, d'une cuisine entièrement équipée et d'une salle d'eau avec WC séparés. Le bien est situé a deux pas de la station de métro Saxe Gambetta. 3ème étage avec ascenseur Le loyer: Loyer hors charges: 811€ Provisions sur charges: 26€ Dépôt de garantie: 785€ Honoraires de visites, constitution du dossier, rédaction du bail: 497,90€ Honoraires d'état des lieux: 149,37€ Estimation des coûts annuels de l'énergie: entre 830 et 1180€.",https://www.vizzit.fr/fr/property/appartement/lyon-7eme/Av17osyujh73ewk6,https://lb1.vizzit.com/4239008a/Av17osyujh73ewk6/Photos/Av17osyujh73ewk6_1.jpg?639268195970000000,2026-10-05
Lyon 7ème (Rhône),745 €,54 m² - 2 pièces - 1 chambre,"À louer, bel appartement T2 de 54 m², situé au 4ᵉ et dernier étage d'un immeuble de caractère du début du siècle (sans ascenseur). ? Emplacement idéal : à seulement 100 m du tramway Route de Vienne et 7 minutes à pied de Jean Macé, à proximité immédiate des commerces et services. L'appartement se compose de : Une belle pièce de vie lumineuse avec alcôve Une chambre indépendante Une cuisine équipée (placards, plaque vitrocéramique, réfrigérateur-congélateur) Une salle de bains avec baignoire, meuble vasque et miroir WC séparés Un grand placard dans le hall d'entrée De nombreux rangements grâce aux grands placards muraux ✨ Les plus : Charme de l'ancien : parquet, cheminée décorative, belles hauteurs sous plafond Fenêtres double vitrage Chauffage individuel au gaz (chaudière individuelle) Dernier étage, sans voisin au-dessus ? Loyer : 745 € charges comprises 720 € de loyer 25 € de provisions sur charges Appartement disponible pour locataires recherchant un logement spacieux, bien situé et plein de charme. N'hésitez pas à me pour plus d'informations ou pour organiser une visite.",https://www.vizzit.fr/fr/property/appartement/lyon-7eme/A3uwaq5mhu4invs8,https://lb1.vizzit.com/276804a/A3uwaq5mhu4invs8/Photos/A3uwaq5mhu4invs8_1.jpg?639268137300000000,2026-10-05
Lyon 7ème (Rhône),753 €/mois,52 m² - 2 pièces - 1 chambre,"56BIS Avenue Leclerc 69007 Lyon, à proximité des commerces et des transports (Tram T1 / Arrêt Halle Tony Garnier) et du parc des berges du rhône, situé au 6ème étage avec ascenseur d'un immeuble de bon standing, venez découvrir cet appartement T2 doté d'une entrée, un séjour lumineux donnant accès à la terrasse. Vous trouverez également la cuisine séparée, meublée et équipée, une chambre ainsi qu'une salle de bains.Le chauffage et l'eau chaude sont individuels électriques. La location pourra être déléguée à Foncia Développement et Location.",https://www.vizzit.fr/fr/property/appartement/lyon-7eme/Aoorcumed5r8hutx,https://lb1.vizzit.com/4185573a/Aoorcumed5r8hutx/Photos/Aoorcumed5r8hutx_1.jpg?639268093840000000,2026-10-05
Lyon 3ème (Rhône),580 €,31 m² - Studio,"L'appartement sera disponible le 2 novembre, suite à la fin du bail actuel. Pour postuler, vous devrez vous rendre sur MonDossierFacile en allant sur ce lien (et en supprimant les espaces) : https : // [URL masquée pour votre sécurité] / candidater / lkQuZ8TN8zimthTADpoz Aucun dossier ne sera traité en dehors de ce process. Conditions de location : - Revenus stables exigés (CDI privilégié). - Deux cautions solidaires demandées. - Garantie Visale non acceptée. - Logement non-fumeur. - Logement destiné à une occupation calme et respectueuse. Particulier loue T1 bis, 31 m². Lyon 3ème rue du Dauphiné. Immeuble avec accès sécurisé par interphone, 3ème étage avec ascenseur, double vitrage, chauffage électrique individuel, rangements muraux. Cuisine meublée Pièce de vie avec alcôve et mezzanine 2 places sur bureau intégré Salle de bain et WC séparés Idéalement situé : proximité fac (5 min à pied), gare Part Dieu (10 min), métro D Sans Souci (5 min à pied), tramway (5 min à pied), bus (en bas immeuble). DPE : D Loyer : 550 € hors charges (+ 30 euros de charges mensuelles) .",https://www.vizzit.fr/fr/property/appartement/lyon-3eme/At4f93igso6lzu8d,https://lb1.vizzit.com/276804a/At4f93igso6lzu8d/Photos/At4f93igso6lzu8d_1.jpg?639268092350000000,2026-10-05
Lyon 7ème (Rhône),1 200 €,75 m² - 4 pièces - 2 chambres,"Beaucoup de cachet pour cet Appartement T4 2eme etage Métro Saxe Appartement atypique avec une partie salon cuisine dans immeuble ancien avec parquet + cheminée, et une partie plus récente avec dressing balcon et chambre plus moderne. Petite copropriété de 10 lots, calme et familiale. L'appartement est entièrement meublé avec goût, les propriétaires l'ont habité et meublé eux mêmes. L'appartement comporte une grande entrée couloir qui dessert toutes les pièces. Salon indépendant et isolé avec une porte qui permet d'isoler pour le chauffage et le bruit. Sur le plan : Chambre 1 : grande chambre à coucher sous les toits, sans bruit au dessus, très bien isolée. Chambre 2/ Bureau : Chambre d'ami avec placard intégré, canapé lit et bureau et cave a vin Equipements : Toutes les pièces sont très bien meublés avec rangement. Cuisine toute équipée, plaques gaz, four, lave vaisselle, tout le nécessaire de cuisine, plats fours, couverts, bouilloire, cave a vin... Autres : Machine a laver, table repassage, fer, grand frigo/congélateur A voir absolument, coup de coeur assuré Idéal Couple Salariés Dispo à partir du 1er novembre, Bail 1 an renouvelable Loyer : 1150 euros Charges : 50 euros (entretien immeuble, poubelles) Eau : Contrat géré par la copro, actuellement 3.21 euros du m3 à lyon, a payer avec le loyer selon relevé à faire au semestre. Caution : 1200 euros Frais de dossier : 300 euros Gaz/Elec/Internet à votre charge + entretien chaudière à venir qui sera géré par la copro. (Environ 100 euros) 2 jeux de clés Exemple conso pour 2 personnes sur 2025 : 140m3 d'eau : soit 18 Euros par personne / mois 5400Kwh de gaz pour chauffage, cuisson, eau chaude soit 23 Euros par personne / mois Papier à fournir par le locataire et son garant : -3 bulletins de salaire -piece d'identité -contrat de travail -dernier avis d'imposition -un relevé d'identité bancaire -gage de bon paiement de l'ancien propriétaire -engagement de caution solidaire 1er contact par mail avec envoi dossier Puis visite suivant étude dossier et rdv Dossier compliqué s'abstenir",https://www.vizzit.fr/fr/property/appartement/lyon-7eme/A1lupdr4t38z7ory,https://lb1.vizzit.com/276804a/A1lupdr4t38z7ory/Photos/A1lupdr4t38z7ory_1.jpg?639268037530000000,2026-10-05
Lyon 8ème (Rhône),1 099 €,92 m² - 4 pièces - 3 chambres,"Je loue cette maison de 4 pièces de 92 m² située à Lyon. Non meublée, cette maison sur 2 étages offre un espace de vie confortable. Cette maison comprend 3 chambres et 1 salle de bain. La cuisine est équipée. Le bien bénéficie d'une belle luminosité naturelle et d'une architecture fonctionnelle. - Terrasse - Sous-sol - 1 place de parking - Cuisine équipée La maison est implantée dans un environnement verdoyant et calme, avec une belle végétation visible depuis la façade. Chauffage au gaz. Classe énergie D - Classe climat D. Je suis joignable si vous souhaitez en savoir plus ou programmer une visite.",https://www.vizzit.fr/fr/property/immobilier/lyon-8eme/Akozcuipb5il4ap9,https://lb1.vizzit.com/276804a/Akozcuipb5il4ap9/Photos/Akozcuipb5il4ap9_1.jpg?639267912970000000,2026-10-05
Lyon 7ème (Rhône),460 €,13 m² - Studio,"Loue très joli studio mansardé de 22 m2 au sol et 13 m2 Carrez, double exposition (Sud-est et Sud ouest), très lumineux et très bien agencé. Tout équipé (four, grand frigo, micro-ondes, lave-linge, plaques induction, bouilloire) De très nombreux rangements Refait à neuf récemment 6e et dernier étage (ascenseur jusqu'au 5e étage) Pas d'agences SVP",https://www.vizzit.fr/fr/property/appartement/lyon-7eme/A92cv2fub80t54df,https://lb1.vizzit.com/276804a/A92cv2fub80t54df/Photos/A92cv2fub80t54df_1.jpg?639267892590000000,2026-10-05
Lyon 3ème (Rhône),674 €/mois,38 m² - 2 pièces - 1 chambre,"Au coeur de montchat, 1 RUE PROFESSEUR FLORENCE, proche des transports, dans une résidence récente, un appartement de type 2 de 38.84 m² avec garage comprenant : entrée, cuisine équipée ouverte et équipée sur séjour, 1 chambre, salle d'eau avec wc et loggia. La location pourra être déléguée à Foncia Développement et Location.",https://www.vizzit.fr/fr/property/appartement/lyon-3eme/Avca2j6ms6gtgk36,https://lb1.vizzit.com/4185573a/Avca2j6ms6gtgk36/Photos/Avca2j6ms6gtgk36_1.jpg?639267852910000000,2026-10-05
Lyon 8ème (Rhône),570 €,26 m² - Studio,"STUDIO lumineux 6ème étage sur 7 / Orientation sud-ouest Kitchenette équipée / Grande salle de bain Parking souterrain / Laverie dans la résidence Proche fac de médecine, dentaire et pharmacie Métro ligne D station ""Laennec"" au pied de l'immeuble Tram T2-T5-T6 à 6mn à pied Loyer 545€ + 25€ de charges Libre de suite N'étant pas sur place, visite possible UNIQUEMENT le mardi 06 octobre de 14H à 18H",https://www.vizzit.fr/fr/property/appartement/lyon-8eme/An2mj6q29wbr57eb,https://lb1.vizzit.com/276804a/An2mj6q29wbr57eb/Photos/An2mj6q29wbr57eb_1.jpg?639267817420000000,2026-10-05
Lyon 3ème (Rhône),870 €,42 m² - 2 pièces - 1 chambre,"EXCLUSIVITE - À 7 minutes à pied de la gare Part-Dieu, ce bien, proche de toutes les commodités, est situé au 2ᵉ étage, au calme, dans un immeuble de standing. Avec ascenseur et grande cour, ce bel appartement de 42 m² se compose comme suit : Un hall d’entrée Une cuisine ouverte sur la pièce à vivre Une chambre spacieuse Une salle de bains avec toilettes Un garage fermé Chauffage électrique. Disponible immédiatement. surface 42m2 Loyer : 870 € / mois (charges comprises + garage) Garage : 100€ / mois Montant des charges : 50 €/mois Honoraires à la charge du locataire : 639€ Dépôt de garantie : 820€ Contactez Philippine MOSNIER",https://www.vizzit.fr/fr/property/immobilier/lyon-3eme/A0r1wss4s1o5lm5p,https://lb1.vizzit.com/4203832a/A0r1wss4s1o5lm5p/Photos/A0r1wss4s1o5lm5p_1.jpg?639267773310000000,2026-10-05
Lyon 8ème (Rhône),700 €,33 m² - 2 pièces - 1 chambre,"Lyon 8éme Ambroise Courtois Loyer 680 Euros + charges Dans petite copropriété T2 33m2 coquet et atypique Excellent état (très beau matériaux, mur en pierre, plafond à la française) Composé d'1 séjour ouvrant sur 1 cuisine équipée 1 chambre 1 salle de bain (douche, lavabo, WC) Porte blindée Chauffage électrique individuel à accumulation Sérieuses références, garantie parents, disponible immediatement",https://www.vizzit.fr/fr/property/appartement/lyon-8eme/Acjis7tlchaewrxy,https://lb1.vizzit.com/276804a/Acjis7tlchaewrxy/Photos/Acjis7tlchaewrxy_1.jpg?639267454420000000,2026-10-05
Lyon 7ème (Rhône),520 €,24 m² - Studio,"Je propose en location ce studio meublé de 24 m² situé à Lyon. Cet appartement de 1 pièce offre un espace compact et fonctionnel, idéal pour un étudiant ou un professionnel. Le studio comprend une pièce principale avec coin cuisine aménagé et un espace de vie. L'ensemble bénéficie d'une belle luminosité naturelle. - Studio meublé - Coin cuisine aménagé - Espace lumineux Chauffage électrique individuel. Classe énergie et classe climat non renseignées. Studio disponible en octobre (2026). N'hésitez pas à me pour plus d'informations ou pour organiser une visite.",https://www.vizzit.fr/fr/property/appartement/lyon-7eme/Axqk4n4fs2beuvm7,https://lb1.vizzit.com/276804a/Axqk4n4fs2beuvm7/Photos/Axqk4n4fs2beuvm7_1.jpg?639267438870000000,2026-10-05
Lyon 1er (Rhône),2 550 €,102 m² - 4 pièces,"CLCV immobilier vous propose en pleine presqu'ile de Lyon, situé sur la rue de la république entre le métro Cordeliers et Hôtel de ville Dans un immeuble bourgeois de standing avec très belle prestations Idéal pour profession libérale au 4ème étage avec ascenseur, bureaux d'une surface totale de 102 m² avec deux portes d'accès. Un accès avec couloir de distribution qui desserre trois espaces de travail de 26 m², 21 m² et 15 m² plus local technique et salle de bain Un autre accès avec à ce jour cuisine séparée de 13 m² transformable en nouvelle espaces de travail ou salle d'attente et un WC indépendant Prestations immeuble : - Immeuble de standing avec cachet - Accès PMR avec ascenseur - Vidéo surveillance - Interphone et code Disponible de suite Visite virtuel des bureaux disponible Loyer annuel 250 €/HT le m² Charges annuel 50 €/HT le m² 20 % HT du loyer annuel HT/HC à la charge du preneur. Pour tous renseignements, Pour tous renseignements, Johann PETIT, Consultant immobilier, inscrit au rcs de Lyon nb 481 940 989",https://www.vizzit.fr/fr/property/immobilier/lyon-1er/Apsiqsbssgez9brt,https://lb1.vizzit.com/85563a/Apsiqsbssgez9brt/Photos/Apsiqsbssgez9brt_1.jpg?639267392750000000,2026-10-05
Lyon 7ème (Rhône),1 440 €,,"Looking for a fully equipped studio in Guillotière? This property offers many convenient features: furnished interior, equipped kitchen, parking available, and an elevator. Bills are included, and the property is suited for professionals, couples, families, students, and Erasmus tenants. Spotahome has checked this property, ensuring a trustworthy rental experience.",https://www.vizzit.fr/fr/property/appartement/lyon-7eme/Aswtiu0ek29pika6,https://lb1.vizzit.com/4054242a/Aswtiu0ek29pika6/Photos/Aswtiu0ek29pika6_1.jpg?639267312880000000,2026-10-05
Lyon 7ème (Rhône),1 440 €,,"Welcome to this furnished studio available for rent in the vibrant neighborhood of Guillotière. The property offers included heating along with electricity, water, gas, and WiFi. The kitchen is fully equipped, and laundry facilities with a dryer are provided. Parking is available, enhancing convenience. Additionally, the apartment features an elevator and doorman reception services. Couples, families, professionals, students, and Erasmus participants are all welcome. Guillotière is a dynamic part of Lyon with diverse offerings. Nearby, you can find a variety of restaurants such as A La Guill'on Dine, Restaurant Africana, and South Indian Foodie. Shopping is convenient with Shabeena Supermarket and Naturalia Lyon Jean Jaurès within reach. For sightseeing, Estelle Reverchon, a notable attraction, is also close by. Make this studio your new home and explore everything Guillotière has to offer!",https://www.vizzit.fr/fr/property/appartement/lyon-7eme/Ae64vb8snjbcg641,https://lb1.vizzit.com/4054242a/Ae64vb8snjbcg641/Photos/Ae64vb8snjbcg641_1.jpg?639267309670000000,2026-10-05
Lyon 7ème (Rhône),1 440 €,,"This conveniently located studio in Guillotière, Lyon, is ideal for professionals, students, couples, and families. It is fully furnished, equipped with modern amenities like an equipped kitchen, elevator, doorman reception, and common washing machine with dryer. Bills are included for added convenience, and the property is Spotahome verified, ensuring a reliable renting experience. The property is located in Guillotière, a lively neighbourhood in Lyon. Nearby points of interest include various dining options such as A La Guill'on Dine, Restaurant Africana, and South Indian Foodie. The area also offers convenient shopping at Shabeena Supermarket and Naturalia Lyon Jean Jaurès, with the prominent tourist attraction Estelle Reverchon within a short distance.",https://www.vizzit.fr/fr/property/appartement/lyon-7eme/A7uk8wz9q2btylwz,https://lb1.vizzit.com/4054242a/A7uk8wz9q2btylwz/Photos/A7uk8wz9q2btylwz_1.jpg?639267047330000000,2026-10-05
Lyon 7ème (Rhône),450 €,23 m²,"Bonjour, Pour louer ou réserver ce studio, contactez directement le propriétaire à : Alain-constant-ma @ out look . fr studio meublé de 23 m², idéalement situé à Lyon 7ème. Ce logement entièrement aménagé, offre un espace de vie confortable et fonctionnel avec une entrée privative, une salle d'eau avec douche et toilettes privatives, garantissant confort et intimité. Proche des transports, des commerces et de toutes les commodités, ce studio est idéal pour un étudiant ou un jeune actif à la recherche d'un logement pratique, calme et prêt à vivre. Pour louer ou réserver ce studio, contactez directement le propriétaire à : Alain-constant-ma @ out look . fr",https://www.vizzit.fr/fr/property/appartement/lyon-7eme/Af19gxuv6w1a32ni,https://lb1.vizzit.com/4054293a/Af19gxuv6w1a32ni/Photos/Af19gxuv6w1a32ni_1.jpg?639267702490000000,2026-10-05
Lyon 7ème (Rhône),539 €,28 m² - 2 pièces - 1 chambre,"Mise en location d’un T1 bis 28 mètres carrés, Bail spécial étudiants -2 pièces meublées libre immédiatement -Quartier Artillerie-Gerland, Lyon 7eme Proximité : -Commerces Les transports en commun sont à proximité, -Train gare SNCF de Jean Macé -Métro B. -Bus 64: -Tram T1 -Gare routière de Gerland 1étage dans un immeuble ancien de 2 étages -- Cet appartement est composé de : Pièce à vivre, cuisine ouverte entièrement équipée :( plaque de cuisson- four-frigo -table-chaises-canapé-fauteuil et divers meubles) Chambre séparée Salle de bains- baignoire- sèche serviettes électrique. -- Condition de location : Sans frais d’agence. Loyer 539€uros Charges Comprises. plus dépôt de garantie Pour candidatures contact par mail, en indiquant : Non du locataire, Nationalité, Statut Etudiant, Garant demandé : Nom du garant, et corrélation avec le locataire.",https://www.vizzit.fr/fr/property/appartement/lyon-7eme/Afj3h1867mi5cpx1,https://lb1.vizzit.com/276804a/Afj3h1867mi5cpx1/Photos/Afj3h1867mi5cpx1_1.jpg?639266973090000000,2026-10-05
Lyon 3ème (Rhône),1 305 €,45 m² - 1 chambre,"Dans le secteur très prisé de Montchat, à 10 min à pied du Tram T3 direction Part-Dieu, venez découvrir un appartement type 2 de 45. 40 m² entièrement meublé. Ce bien comprend une pièce de vie avec cuisine ouverte et espace bureau, le tout donnant accès à un balcon, une chambre et une salle d'eau.",https://www.vizzit.fr/fr/property/appartement/lyon-3eme/Axy7me0oauh75ek2,https://lb1.vizzit.com/121575a/Axy7me0oauh75ek2/Photos/Axy7me0oauh75ek2_1.jpg?639266954150000000,2026-10-05
Lyon 8ème (Rhône),539 €/mois,20 m² - Studio,"3, Rue Santos Dumont, à Lyon 8ème à proximité directe du Parc Blandan et du quartier de Monplaisir, T1 meublé de 20,78m² au 1ème étage avec ascenseur. Il se compose d'une entrée avec cuisine équipée (kitchenette avec frigo et plaques) d'une salle de bains avec WC et d'un séjour. Chauffage individuel électrique. Eau froide collective. Loyer de référence 20,30 € /m², loyer de référence majoré 24,40 €/m² soit 507,03 €. Loyer HC: 499 € provisions sur charges (régularisation annuelle): 40 € dépôt de garantie: 499 € honoraires: 270,14 € dont 62,34 € d'état des lieux. Disponible dès le 16/10!",https://www.vizzit.fr/fr/property/appartement/lyon-8eme/Awb5t4qo7rcjj6ui,https://lb1.vizzit.com/71895a/Awb5t4qo7rcjj6ui/Photos/Awb5t4qo7rcjj6ui_1.jpg?639266982550000000,2026-10-05
Lyon 7ème (Rhône),1 920 €,,"Furnished studio apartment for rent in Lyon The property includes a common patio. The reception is open 24h. Important: This property is one of a set. This means that there some other almost identical units in the building. So, what you see above may be slightly different to what you actually rent.",https://www.vizzit.fr/fr/property/appartement/lyon-7eme/Aptkyny2mamp239b,https://lb1.vizzit.com/4054242a/Aptkyny2mamp239b/Photos/Aptkyny2mamp239b_1.jpg?639266940630000000,2026-10-05
Lyon 8ème (Rhône),540 €,18 m² - Studio,"A 750métres du métro Mermoz Pinel. Beau studio bien agencé de 18m2 clair et calme entièrement meublé, en très bon état ou il fait bon vivre, orienté à l'est, avec une hauteur de plafond de 3m. Au deuxième étage d’une résidence d'étudiante paisible, à louer à une étudiante soigneuse présentant de sérieuses garanties par parents. Loyer 490€ + 50€ de provisions de charges comprenant : l’électricité, le chauffage, l’eau, accès machine à laver, internet et l’entretien de l’immeuble sans aucune surprise. A la signature du bail un mois de caution hors charges + le loyer (pas de frais d’agence et pas de frais de rédaction d’acte). Une précision: Merci de joindre votre numéro de téléphone dans votre message de sollicitation et me donner quelques éléments sur votre situation et en fonction de la nature des informations fournies je vous appellerai afin d’organiser une visite. Agences s'abstenir",https://www.vizzit.fr/fr/property/appartement/lyon-8eme/Aeq108bhr26wm535,https://lb1.vizzit.com/276804a/Aeq108bhr26wm535/Photos/Aeq108bhr26wm535_1.jpg?639266857290000000,2026-10-05
Lyon 8ème (Rhône),740 €/mois,33 m² - 1 pièce,"A LOUER - LYON 8: rue Léo Trouilhet, laissez-vous séduire par ce charmant F1 Meublé et équipe de 33.43m². UN ÉCRIN CONFORTABLE ET AU CALME, PRÊT À VIVRE Laissez-vous séduire par ce charmant F1 meublé, idéalement pensé pour offrir un cadre de vie agréable, fonctionnel et paisible Cet appartement bénéficie d'un environnement particulièrement calme, au sein d'un immeuble récent et bien entretenu Dès l'entrée, le logement offre une atmosphère agréable et fonctionnelle avec une entrée dotée d'un rangement , une pièce principale confortable avec son coin cuisine aménagé, ainsi qu'une salle d'eau avec WC. Le logement est proposé, permettant une installation immédiate dans un intérieur pratique et soigneusement agencé. Il bénéficie également d'un chauffage individuel au gaz. Par son calme, son agencement harmonieux et le confort d'un immeuble récent, ce bien constitue une adresse idéale pour une personne seule, un étudiant ou un jeune actif à la recherche d'un logement agréable et facile à vivre Un appartement où l'essentiel est réuni pour profiter pleinement d'un cadre de vie confortable et serein au coeur du 8e arrondissement de Lyon. ZONE SOUMISE A L'ENCADREMENT DES LOYERS Loyer de référence = 19.9€/m² - Loyer de référence majoré = 23.",https://www.vizzit.fr/fr/property/appartement/lyon-8eme/Aimb8v77pxy959b2,https://lb1.vizzit.com/4111085a/Aimb8v77pxy959b2/Photos/Aimb8v77pxy959b2_1.jpg?639266674190000000,2026-10-05
Lyon 1er (Rhône),1 195 €,57 m² - 2 pièces - 1 chambre,"LYON 1 ER, à 2 MIN du métro CROIX ROUSSE, dans les pentes de la CROIX ROUSSE, dans un immeuble de belle facture, lumineux appartement de 57 m2 avec grande terrasse et balcon filant , situé au 3 ème étage avec ascenseur et garage fermé en sous-sol. Il se compose comme suit Un hall d'entrée Salon avec cuisine ouverte Une chambre Une salle de bains WC séparé TERRASSE de 16 m2 avec une belle vue Bel emplacement Chauffage électrique et eaux individuels. Disponible immédiatement Surface : 56 m² Loyer : 1 195 € / mois (charges comprises + garage) Garage : 120€ / mois + 10 € de charges Montant des charges appartement : 100 € / mois Honoraires à la charge du locataire : 741 € Dépôt de garantie : 965 € DPE realisé le Zone soumise à encadrement des loyers. Loyer de référence : 815 €. Loyer de référence majoré (loyer de base à ne pas dépasser) : 980 €. Contactez Philippine Mosnier au",https://www.vizzit.fr/fr/property/immobilier/lyon-1er/Acoxuzqc843422ti,https://lb1.vizzit.com/4203832a/Acoxuzqc843422ti/Photos/Acoxuzqc843422ti_1.jpg?639266497980000000,2026-10-05
Lyon 3ème (Rhône),940 €,42 m² - 2 pièces - 1 chambre,"Appartement meublé 42 m² avec jardin privatif – Lyon 3e / Montplaisir ? Lyon 3e – Secteur Montplaisir / Sans Souci À louer dès à présent, agréable appartement meublé de 42 m² en rez-de-jardin, situé dans un secteur recherché du 3e arrondissement de Lyon. L’appartement bénéficie d’un extérieur rare en ville, avec une terrasse d’environ 20 m² donnant sur un jardin privatif sans vis-à-vis. ✨ L’appartement se compose de : Une pièce de vie lumineuse Une cuisine équipée Une chambre avec placard Une seconde pièce d’environ 5 m², pouvant servir de dressing, bureau ou chambre d’appoint Une salle d’eau / WC Une terrasse de 20 m² Un jardin privatif sans vis-à-vis ? Les + : Location meublée Cave Garage double en enfilade sécurisé Rez-de-jardin Terrasse + jardin privatif Aucun vis-à-vis ? Un emplacement idéal L’appartement se situe dans le secteur Montplaisir / Sans Souci, à proximité de : ? Métro D – Sans Souci ? Métro D – Monplaisir-Lumière ? Tramway T3 – Dauphiné Lacassagne Commerces et commodités à proximité, avec un accès rapide au centre de Lyon. ? Loyer et charges Loyer : 900 € / mois charges comprises, plus 40 € de provisions sur charges. Les 40 € de charges comprennent : ? l’eau froide ? l’entretien des parties communes de l’immeuble ➡️ L’électricité reste à la charge du locataire, en supplément du loyer. ? Disponibilité et visites Appartement disponible dès à présent. Afin de pouvoir organiser une visite, un dossier devra être transmis en amont afin de vérifier que celui-ci répond aux critères de location. ? Des créneaux de visite seront proposés le samedi 10 octobre. Merci de me par message dans un premier temps afin d’obtenir les informations nécessaires au dépôt du dossier. ⚠️ Les visites seront organisées après étude préalable du dossier.",https://www.vizzit.fr/fr/property/appartement/lyon-3eme/Aocf7ggjoz79lwga,https://lb1.vizzit.com/276804a/Aocf7ggjoz79lwga/Photos/Aocf7ggjoz79lwga_1.jpg?639266478770000000,2026-10-05
Lyon 8ème (Rhône),429 €/mois,16 m² - Studio,"Idéal pour étudiant, à quelques minutes à pied de la Manufactures des tabacs (Faculté Lyon III). Venez visiter cet agréable studio se composant d'une pièce de vie entièrement meublée (canapé clic-clac, bureau, table de repas, bibliothèque), d'une kitchenette entièrement équipée (plaques électriques, frigo, et placards), et d'une salle d'eau tout confort avec WC. Le loyer inclus les charges de copropriété et l'eau froide.",https://www.vizzit.fr/fr/property/appartement/lyon-8eme/A1jzb8gjpxd02n0b,https://lb1.vizzit.com/4117118a/A1jzb8gjpxd02n0b/Photos/A1jzb8gjpxd02n0b_1.jpg?639266463380000000,2026-10-05
Lyon 3ème (Rhône),110 €,13 m²,"SAXE-GAMBETTA - GARIBALDI - RUE ALPHONSE DAUDET Au 5 rue Alphonse Daudet 69007, à 4mn à pieds des métros Saxe-Gambetta et Garibaldi, garage d'environ 13m² en sous-sol sécurisé. Profondeur : 500. Largeur : 255 Hauteur : 242 Niveau : -1 Loyer : 120 euros Dépôt de garantie : 120 euros Contact : Léo Sinapin au",https://www.vizzit.fr/fr/property/immobilier/lyon-3eme/Ac9yttm6j9df2twp,https://lb1.vizzit.com/85563a/Ac9yttm6j9df2twp/Photos/Ac9yttm6j9df2twp_1.jpg?639266356560000000,2026-10-05
Lyon 8ème (Rhône),690 €,22 m² - Studio,"Appartement de type T1 d'une surface de 23m2 situé au 1er étage d'une résidence récente. Le logement est composé d'une entrée avec penderie et d'un interphone, une pièce principale, une cuisine avec évier et bac égouttoir, avec 2 plaques chauffantes, avec réfrigérateur et placard sous évier, une salle de bains avec lavabo avec meuble et miroir, douche, WC. L'appartement bénéficie également d'un garage (Box fermé) en sous-sols. Transport à proximité : métro Ligne D : Mermoz - Pinel. Bus ligne C15 à 160 mètres. Commodités : supermarché Casino et Franprix, ainsi que de nombreux restaurants.",https://www.vizzit.fr/fr/property/appartement/lyon-8eme/Ajbz7g2ltk42w77j,https://lb1.vizzit.com/276804a/Ajbz7g2ltk42w77j/Photos/Ajbz7g2ltk42w77j_1.jpg?639266276150000000,2026-10-05
Lyon 7ème (Rhône),914 €/mois,61 m² - 3 pièces,"Tout savoir sur ce bien EXCLUSIVITE// 3 PIECES // 69007 LYON Votre cabinet Citya Gerimmo vous propose sur Lyon 7ème 32 rue des Girondins à proximité du métro Jean Jaurès dans une jolie résidence de standing. Venez découvrir ce joli 3 pièces au 5ème étage avec ascenseur. Voir plus Vous rentrez par un hall desservant un séjour spacieux avec sa cuisine équipée et aménagée, deux chambres, salle de bains , balcon, chauffage individuel au gaz. Garage fermé compris dans la location. Zone soumise à l'encadrement des loyers : Loyer de référence : 774.14 euros Loyer de référence majoré : 927.74 euros. Le bien est soumis au statut de la copropriété. Loyer de 914,00 euros par mois charges comprises dont 78,00 euros par mois de provision pour charges (soumis à la régularisation annuelle). Soit avec Assurance Habitation et Assistance ( 24.00 euros ) : 938,00 euros. Les honoraires charge locataire sont de 806,09 euros ( soit 13,12 euros/m² ) dont 186,16 euros pour état des lieux ( soit 3,03 euros/m² ). Vous pouvez consulter les barèmes d'honoraires à l'adresse suivante : bareme-location Montant estimé des dépenses annuelles d'énergie pour un usage standard : entre 460 et 670 euros. Service facultatif. Contribution annuelle ""attentats"" non comprise. Voir conditions en agence.",https://www.vizzit.fr/fr/property/appartement/lyon-7eme/Afnx8th752xf5il0,https://lb1.vizzit.com/308407a/Afnx8th752xf5il0/Photos/Afnx8th752xf5il0_1.jpg?639266190900000000,2026-10-05
Lyon 7ème (Rhône),1 250 €,19 m²,"Bureau 19 m², Métro Jean Macé, à proximité de toutes les commodités (Métro Jean Macé, Tramway, Bus, Gare Jean Macé, Gare TGV Part-Dieu, Presqu'Ile, Commerces...), en Rez de chaussée. En plus de ce poste de travail, accès à : - Un casier personnel (avec cadenas à codes) - Une cour intérieure pour y garer et attacher un vélo - Une imprimante multifonctions et un destructeur de documents Des espaces communs : - Une cuisine toute équipée (café, thé, jus de fruit, fruits frais, lave-vaisselle, micro-ondes) - Une salle de pause avec TV - Un espace de détente avec fauteuils et fontaine à eau - Une salle de réunion avec TV pouvant accueillir 9 personnes - Une phone box (isoloir pour deux personnes avec tabourets et table) Loyer : 13 296 €/HT/HC/an soit 1 108 €/HT/HC/mois Charges : 1 704 €/HT/an soit 142 €/HT/mois Bail : Précaire 1 an ou 3-6-9 Régime fiscal : TVA Indexation loyer annuelle : ILAT Paiement de loyer : Trimestriel d' avance Dépôt de garantie : 3 mois de loyer HT/HC Honoraires de commercialisation : 15 % HT du loyer annuel HT à la charge de l' acquéreur, payable à la signature du bail Libre de suite ou - Groupe CLCV - Conseil Immobilier",https://www.vizzit.fr/fr/property/immobilier/lyon-7eme/Atltx8022j5b6tvb,https://lb1.vizzit.com/85563a/Atltx8022j5b6tvb/Photos/Atltx8022j5b6tvb_1.jpg?639266171530000000,2026-10-05
Lyon 6ème (Rhône),870 €/mois,30 m² - Studio,"OQORO vous propose un appartement T2 meublé de 30 m², situé au 106 boulevard des Belges, dans le quartier des Brotteaux, au cœur du 6e arrondissement de Lyon. Fraîchement repeint et doté d'une climatisation, atout rare sur le marché lyonnais, il est prêt à vivre dès votre installation. ? EmplacementLe quartier des Brotteaux est l'un des plus prisés de Lyon, alliant cadre résidentiel élégant et vie de quartier animée.La station de métro Brotteaux (ligne B) se trouve à seulement 3 minutes à pied, tout comme ses nombreux bars et restaurants.Vous disposerez de toutes les commodités nécessaires au quotidien : boulangerie, banques, pharmacie, cafés et restaurants.Un Auchan Supermarché se situe à 900 mètres du logement, et le centre commercial de la Part-Dieu est accessible en 10 minutes à pied. ? Le logementL'appartement est situé au 5e étage d'un immeuble doté d'un ascenseur et bénéficie d'un chauffage individuel électrique.La pièce de vie, réunissant séjour et cuisine, est très spacieuse et dotée de tous les équipements nécessaires. Vous y trouverez notamment un évier, un four, des plaques de cuisson, un réfrigérateur, plusieurs rangements et des ustensiles pour votre quotidien, ainsi qu'une table à manger avec ses chaises, un canapé, une table basse, une télévision et un meuble TV.La chambre se compose d'un lit double, de deux tables de chevet et d'un placard de rangement.La salle de bain est équipée d'une baignoire, d'un lavabo, d'un miroir, d'un lave-linge, d'un sèche-serviette et de plusieurs rangements. Le logement dispose également d'un WC indépendant. Ce logement est idéal pour une personne active, un étudiant ou un couple à la recherche d'un emplacement central et d'un confort optimal.",https://www.vizzit.fr/fr/property/appartement/lyon-6eme/Azp0niwidua5dq40,https://lb1.vizzit.com/279409a/Azp0niwidua5dq40/Photos/Azp0niwidua5dq40_1.jpg?639267641440000000,2026-10-05
Lyon 3ème (Rhône),520 €/mois,21 m² - Studio,"APPARTEMENT MEUBLE - QUAI DU RHONE - A PROXIMITE IMMEDIATE DU METRO D - Venez découvrir ce studio meublé dans une résidence sécurisée avec toutes les commodités. Le logement se compose d'une pièce de vie lumineuse, d'un coin kitchenette et d'une salle de bains avec WC. L'eau froide est comprise dans les charges. Pour plus d'informations ou prévoir une visite, déposez votre dossier de candidature en ligne en suivant le lien de l'annonce. Nous reviendrons vers vous dans les meilleurs délais.",https://www.vizzit.fr/fr/property/appartement/lyon-3eme/Alkb6ai35ixmcd74,https://lb1.vizzit.com/4117118a/Alkb6ai35ixmcd74/Photos/Alkb6ai35ixmcd74_1.jpg?639266106320000000,2026-10-05
Lyon 8ème (Rhône),630 €,15 m² - Studio,"? STUDIO A LOUER ? Mon studio situé rue Maryse Bastié, à 5 minutes du tramway et proche Fac de médecine, se libère ! Studio de 15m2 aménagé dans une grande maison de ville rénovée en 2019 et divisée en plusieurs studios. Il est entièrement meublé, possède une mezzanine et un vrai + : une cour privative de 12 m2! Disponible dès maintenant Loyer : 630€ charges comprises (eau et électricité, seule la box internet est à ajouter)",https://www.vizzit.fr/fr/property/appartement/lyon-8eme/Auub4c3ebqqyofmg,https://lb1.vizzit.com/276804a/Auub4c3ebqqyofmg/Photos/Auub4c3ebqqyofmg_1.jpg?639266093990000000,2026-10-05
Lyon 3ème (Rhône),510 €/mois,15 m² - Studio,"Exclusivité ORPI - LYON 3ème - 48 Avenue Lacassagne - Beau studio de 15,61 m² en très bon état, situé au 2 ème étage d'un immeuble ancien. Il se compose d'une pièce à vivre avec une kitchenette équipée et d'une salle d'eau avec WC. Studio très lumineux situé au calme sur cour intérieure. Les meubles présents sur les photos sont laissés à disposition. Emplacement idéal au pied du tramway Dauphiné Lacassagne, à 10 minutes à pied du métro D (arrêt Sans Souci) et des commerces. L'appartement sera disponible à partir du 12 octobre . Bien soumis à l'encadrement des loyers : -Loyer de référence majoré : 320 euros - Complément de loyer : 180 euros",https://www.vizzit.fr/fr/property/appartement/lyon-3eme/Aegdts63xhdx28ia,https://lb1.vizzit.com/71751a/Aegdts63xhdx28ia/Photos/Aegdts63xhdx28ia_1.jpg?639265778360000000,2026-10-05
Lyon 7ème (Rhône),2 500 €,75 m²,"Bureau 75 m², Métro Jean Macé, à proximité de toutes les commodités (Métro Jean Macé, Tramway, Bus, Gare Jean Macé, Gare TGV Part-Dieu, Presqu'Ile, Commerces...). En plus de ce poste de travail, accès à : - Un casier personnel (avec cadenas à codes) - Une cour intérieure pour y garer et attacher un vélo - Une imprimante multifonctions et un destructeur de documents Des espaces communs : - Une cuisine toute équipée (café, thé, jus de fruit, fruits frais, lave-vaisselle, micro-ondes) - Une salle de pause avec TV - Un espace de détente avec fauteuils et fontaine à eau - Une salle de réunion avec TV pouvant accueillir 9 personnes - Une phone box (isoloir pour deux personnes avec tabourets et table) Loyer : 26 592 €/HT/HC/an soit 2 216 €/HT/HC/mois Charges : 3 408 €/HT/an soit 284 €/HT/mois Bail : Précaire 1 an ou 3-6-9 Régime fiscal : TVA Indexation loyer annuelle : ILAT Paiement de loyer : Trimestriel d' avance Dépôt de garantie : 3 mois de loyer HT/HC Honoraires de commercialisation : 15 % HT du loyer annuel HT à la charge de l' acquéreur, payable à la signature du bail Libre de suite ou - Groupe CLCV - Conseil Immobilier",https://www.vizzit.fr/fr/property/immobilier/lyon-7eme/Aov7xrzhhlgl0fr9,https://lb1.vizzit.com/85563a/Aov7xrzhhlgl0fr9/Photos/Aov7xrzhhlgl0fr9_1.jpg?639265704510000000,2026-10-05
Lyon 8ème (Rhône),710 €/mois,38 m² - 2 pièces - 1 chambre,"À louer, appartement T2 non meublé de 38 m² situé rue Laennec à Lyon 8e, au 1er étage d'une résidence sécurisée. Il se compose d'un séjour avec cuisine semi-ouverte donnant sur un balcon, d'une chambre avec rangements, d'une salle de bains et de WC séparés. Une place de stationnement est louée avec l'appartement. Le logement se situe à proximité immédiate du métro D, arrêt Laennec. Disponible le 14 octobre. Loyer de base: 615€ Loyer de référence majoré ( loyer à ne pas dépasser ): 615€ Complément de loyer: 50€.",https://www.vizzit.fr/fr/property/appartement/lyon-8eme/A1x1yhjkgwizlvjg,https://lb1.vizzit.com/239955a/A1x1yhjkgwizlvjg/Photos/A1x1yhjkgwizlvjg_1.jpg?639267341690000000,2026-10-05
Lyon 6ème (Rhône),1 850 €,120 m²,"À LOUER – Bureaux de standing 120 m² – Lyon 6ᵉ Installez votre activité dans un environnement privilégié, au 45 rue Sully, en plein cœur du 6ᵉ arrondissement de Lyon. Ces bureaux de 120 m², situés en rez-de-chaussée d'un immeuble de standing, offrent des espaces modernes, lumineux et facilement modulables. Les atouts : Grand espace d'accueil de 91 m² aménageable selon vos besoins. Grandes baies vitrées sur rue offrant une excellente luminosité. Bureau indépendant de 13 m² avec accès à une agréable terrasse privative de 15 m². Coin cuisine et sanitaires. Accès sécurisé avec rideau métallique et stores électriques. Prestations de qualité, état impeccable. Une adresse stratégique, à proximité immédiate des transports, commerces et services, idéale pour une profession libérale, une société de services ou des bureaux administratifs. Disponible immédiatement. Contact : Bruno PERBET – VMA Immo",https://www.vizzit.fr/fr/property/immobilier/lyon-6eme/Asys1q5po5516siy,https://lb1.vizzit.com/48165a/Asys1q5po5516siy/Photos/Asys1q5po5516siy_1.jpg?639265542850000000,2026-10-05
Lyon 8ème (Rhône),1 023 €/mois,65 m² - 3 pièces,"Tout savoir sur ce bien EXCLUSIVITÉ // T3 // 69008 LYON Venez découvrir cet appartement T3 de 65,86 m² , situé dans une résidence de standing avec ascenseur situé 55 Rue Marius Berliet. Cet appartement s'organise comme suit : un grand séjour de 30 m² donnant sur le balcon avec une cuisine américaine et aménagée, deux chambres et une salle de bains. Voir plus La résidence bénéficie d'un chauffage collectif fonctionnant au gaz. Garage fermé en sous sol compris dans la location. Zone soumise à l'encadrement des loyers : Loyer de référence : 865.96 euros Loyer de référence majoré : 1041.76 euros. Le bien est soumis au statut de la copropriété. Loyer de 1 023,91 euros par mois charges comprises dont 157,00 euros par mois de provision pour charges (soumis à la régularisation annuelle). Soit avec Assurance Habitation et Assistance ( 24.00 euros ) : 1 047,91 euros. Les honoraires charge locataire sont de 854,24 euros ( soit 13,12 euros/m² ) dont 197,28 euros pour état des lieux ( soit 3,03 euros/m² ). Vous pouvez consulter les barèmes d'honoraires à l'adresse suivante : bareme-location Montant estimé des dépenses annuelles d'énergie pour un usage standard : entre 680 et 950 euros. Prix moyens des énergies indexés en 2023. Zone soumise à encadrement des loyers. Le loyer de base du bien proposé est de 866,91 euros, le loyer de référence majoré (fixé par arrêté préfectoral) est de 1 022,227 eurosLes informations sur les risques auxquels ce bien est exposé sont disponibles sur le site Géorisques : . Service facultatif. Contribution annuelle ""attentats"" non comprise. Voir conditions en agence.",https://www.vizzit.fr/fr/property/appartement/lyon-8eme/A5eredpzpgbrpe9l,https://lb1.vizzit.com/308407a/A5eredpzpgbrpe9l/Photos/A5eredpzpgbrpe9l_1.jpg?639265305250000000,2026-10-05
Lyon 8ème (Rhône),550 €,18 m² - Studio,"Studio meublé équipé av. Berthelot, tram Villon Bachut. Repeint, coin cuisine neuf (frigo, lave-linge, 2 plaques de cuisson, l'évier). SDE avec douche, meuble vasque et lavabo, sèche serviette : tout refait à neuf en 2025 ! WC séparé. Clic-clac avec un matelas neuf. Loyer 550€ cc (l'eau, CH copro et TOM). Reste l'EDF à votre charge. DG = 1000€.",https://www.vizzit.fr/fr/property/appartement/lyon-8eme/Ah2l24074kj2xbcx,https://lb1.vizzit.com/276804a/Ah2l24074kj2xbcx/Photos/Ah2l24074kj2xbcx_1.jpg?639265259140000000,2026-10-05
Lyon 3ème (Rhône),589 €/mois,18 m² - 1 pièce,"Avec IMMOJEUNE, trouvez les meilleurs logements étudiants et jeunes actifs en quelques clics et en toute confiance. L'appartement est idéalement situé à quelques minutes seulement du site de la Manufacture des Tabacs ainsi que des Universités Lyon II et Lyon III. Niché au cœur de la ville, il se trouve à seulement 5 minutes à pied de la gare de La Part-Dieu et du centre commercial. Cet appartement offre tous les avantages d'une résidence en plein centre, avec chauffage électrique et ballon d'eau chaude individuels. POINTS FORTS : - Proximité du site universitaire de la Manufacture des Tabacs, des Universités Lumière Lyon II et Jean Moulin Lyon III. - Quartier de la Part Dieu, avec des commerces au pied de l'appartement. - À seulement 10 minutes à pied de la gare et du centre commercial de la Part-Dieu. - À 10 minutes à pied de la station de métro Garibaldi – Ligne D. - Accès sécurisé avec digicode. DESCRIPTION DE L'APPARTEMENT TYPE : - Banquette-lit (90x200cm) convertible avec dosseret version jour/nuit, oreiller et couette. - Grand bureau avec bibliothèque murale. - Fauteuil confortable. - Table à deux places avec deux chaises. - Kitchenette équipée : évier, plaques électriques, réfrigérateur, micro-ondes et kit vaisselle. - Salle d'eau avec baignoire ou douche ainsi que WC. - Prises TV et téléphone, compteur électrique individuel. Mis à jour le Updated on",https://www.vizzit.fr/fr/property/appartement/lyon-3eme/Azezhbjkekjzw72d,https://lb1.vizzit.com/1018609a/Azezhbjkekjzw72d/Photos/Azezhbjkekjzw72d_1.jpg?639265115190000000,2026-10-05
Lyon 8ème (Rhône),380 €,18 m² - 3 pièces - 2 chambres,Urgent chambre dispo de suite idéal pour étudiant où étudiante salarié etc. Loyer 380 tout charges comprises et la caution est de 350 qui vous seras remboursé lors de votre départ. Contact uniquement par sms à cause du travail.,https://www.vizzit.fr/fr/property/appartement/lyon-8eme/Ahpg1tkebxmklj9i,https://lb1.vizzit.com/276804a/Ahpg1tkebxmklj9i/Photos/Ahpg1tkebxmklj9i_1.jpg?639264794150000000,2026-10-05
Lyon 7ème (Rhône),689 €/mois,28 m²,"Tout savoir sur ce bien En location : dans le 7e arrondissement de Lyon (69007) route de vienne, venez découvrir cet appartement 1 pièce meublée de 28,52 m². Il comporte une kitchenette aménagée et équipée ouverte sur un séjour, une salle d'eau avec wc. Voir plus Le chauffage de l'immeuble est collectif au gaz. Cet appartement se situe dans une résidence récente et dispose d'un local vélo. Cet appartement se situe au 1er étage avec ascenseur et dispose d'un double vitrage. Contactez votre agence Citya Régie des Célestins pour obtenir de plus amples renseignements sur cet appartement à louer dans le 7e arrondissement de Lyon. Le bien est soumis au statut de la copropriété. Loyer de 689,16 euros par mois charges comprises dont 61,00 euros par mois de provision pour charges (soumis à la régularisation annuelle). Soit avec Assurance Habitation et Assistance ( 18.00 euros ) : 707,16 euros. Les honoraires charge locataire sont de 374,18 euros ( soit 13,12 euros/m² ) dont 86,42 euros pour état des lieux ( soit 3,03 euros/m² ). Vous pouvez consulter les barèmes d'honoraires à l'adresse suivante : bareme-location Montant estimé des dépenses annuelles d'énergie pour un usage standard : entre 250 et 380 euros. Prix moyens des énergies indexés en 2021. Service facultatif. Contribution annuelle ""attentats"" non comprise. Voir conditions en agence.",https://www.vizzit.fr/fr/property/appartement/lyon-7eme/Atg23q79gwsfkgn8,https://lb1.vizzit.com/308407a/Atg23q79gwsfkgn8/Photos/Atg23q79gwsfkgn8_1.jpg?639264506420000000,2026-10-05
Lyon 8ème (Rhône),580 €,30 m² - Studio,"Appartement en rez-de-chaussée sur cour intérieure de 30m². Il comprend un salon-cuisine, une chambre et une salle de bain-wc. Le chauffe-eau et le chauffage sont électriques. Le logement est meublé (j'ai fait des travaux donc j'ai enlevé les meubles). Le four sera sur le plan de travail et le lave-linge sous le plan de travail. La fibre est installée. Il y a une petite cave de 8m². Merci de vous présenter soigneusement (carte d'identité, avis d'imposition, derniers bulletins de salaire, garants éventuels) par la messagerie du bon coin. Un mois de caution sera demandé. Je recherche quelqu'un pour environ 2 ans. Loyer 500€ et 80€ de charges soit 580€.",https://www.vizzit.fr/fr/property/appartement/lyon-8eme/Aw3dkvs4lke8wio3,https://lb1.vizzit.com/276804a/Aw3dkvs4lke8wio3/Photos/Aw3dkvs4lke8wio3_1.jpg?639264488980000000,2026-10-05
