id_annonce,site,prix,surface,prix_m2,type,description,description_raw,description_detail,code_postal,ville,latitude,longitude,url,image,date_dernier_scan
1362,Vizzit,549.0,27.0,20.33,Studio,27 m² - Studio,27 m² - Studio,"VISITE VIRTUELLE UNIQUEMENT - Dans le 7ème arrondissement de Lyon, Rue de la Thibaudière, à côté des commerces et des transport (métro D et B), dans un immeuble sans ascenseur, nous vous proposons un grand studio rénové, situé au 1er étage et donnant côté cour. Ce logement comprend une entrée, une pièce de vie lumineuse et vaste permettant de faire un coin nuit et un coin salon/repas, une salle de bain avec wc. Le chauffage et l'eau chaude sont individuel électrique.",69007,Lyon,45.72016,4.82618,https://www.vizzit.fr/fr/property/appartement/lyon-7eme/An935zvre2w0m2d9,,2026-09-24
1655,Vizzit,737.0,56.0,13.16,Appartement,3 pièce - 2 chambre - 56 m² - s - s,56 m² - 3 pièces - 2 chambres,"8 Bis Rue Hugues Guérin, 69008 Lyon Dans une résidence de standing avec piscine, au cœur du 8ᵉ arrondissement de Lyon, cet appartement de type 3 d'une superficie de 56 m² est situé au dernier étage. Il se compose d'un séjour donnant sur un agréable balcon, d'une cuisine ouverte aménagée et équipée, de deux chambres avec placards, d'une salle de bains, ainsi que d'un WC indépendant. En annexe, vous bénéficierez d'un parking. Les charges comprennent l'entretien des parties communes ainsi que l'eau froide. Le chauffage et l'eau chaude sont individuels électriques. La visite virtuelle: Disponible à partir du . /! \ Pour visiter, rien de plus simple: faites la demande de contact en complétant le formulaire et vous recevrez un lien qui vous permettra de réserver une visite. Si vous n'avez aucun créneau de visite disponible à la réservation, cela signifie que le nombre maximum de visites prévu pour le moment a été atteint. /! \.",69008,Lyon,45.72572,4.87868,https://www.vizzit.fr/fr/property/appartement/lyon-8eme/An3l566yha393jg2,,2026-09-24
1494,Vizzit,610.0,40.0,15.25,Appartement,2 pièce - 40 m² - s,40 m² - 2 pièces,"67 RUE DE MARSEILLE - 69007Appartement 2 pièces situé au 5ème et dernier étage sans ascenseur comprenant une entrée, une cuisine aménagée et équipée (cuisinière et hotte) ouverte sur le séjour ainsi qu'une salle d'eau avec W.C. La location pourra être déléguée à Foncia Développement et Location.",69007,Lyon,45.72593,4.82397,https://www.vizzit.fr/fr/property/appartement/lyon-7eme/Ajkr15crdi1ea6oa,,2026-09-24
1579,Vizzit,902.0,69.0,13.07,Appartement,3 pièce - 2 chambre - 69 m² - s - s,69 m² - 3 pièces - 2 chambres,"Résidence neuve avenue Général Frère à Lyon 8 Pas de visite possible - commercialisation sur plan (pas de visite possible) - livraison le logements disponibles T3 de 69 m², dispose d'une entrée avec rangements, 2 chambres, un WC indépendant, une salle d'eau et un séjour ouvert sur la cuisine non-équipée donnant sur un balcon. Garage en sous-sol en supplément: 55 €/mois CC. Loyer CC: à partir de 1004.33 € dont 42.92 € de charges comprenant l'entretien des parties communes et entretien de la chaudière Eau chaude, chauffage individuel gaz Eau froide individuelle. Dépôt de garantie: 961 € PAS DE FRAIS D'AGENCE. Logements sociaux et soumis à des conditions de ressources.",69008,Lyon,45.72661,4.88257,https://www.vizzit.fr/fr/property/appartement/lyon-8eme/Aegy0zehyc2sda9l,,2026-09-24
1477,Vizzit,563.0,16.0,35.19,Appartement,1 pièce - 16 m²,16 m² - 1 pièce,"A Louer, Studio MEUBLE à Lyon 8ème.  A louer, Studio Meublé au rez-de-chaussée, idéalement situé à proximité immédiate des commerces, services et transports en commun.  Rénové récemment, ce logement au rez-de-chaussée propose une agréable pièce de vie ouvrant sur un jardin clos, une cuisine ouverte équipée et meublée, un lit et une salle d'eau avec WC séparé. L'appartement dispose de nombreux rangements.  Disponible le 7 octobre 2026.  Loyer : 600,00 euros charges comprises (dont 70,00 euros de charges). Dépôt de garantie : 1 060,00 euros Honoraires : 220,42 euros (dont 50,90 euros de frais d'état des lieux)  Pour visiter ou obtenir plus d'informations, contactez-vous dès aujourd'hui .",69008,Lyon,45.72707,4.88342,https://www.vizzit.fr/fr/property/appartement/lyon-8eme/A1xr3yt9js550s92,,2026-09-24
1636,Vizzit,856.0,41.0,20.88,Studio,41 m² - Studio,41 m² - Studio,"T1 BIS - MEUBLE - LYON 7 Venez visiter ce grand T1 Bis meublé de 41,91 m² situé au 2 étage d'un immeuble sécurisé, au pied du tramway T2 arrêt ""Route de Vienne"", et à proximité immédiate des commerces (boulangerie, pharmacie, superette). L'appartement se compose d'une entrée avec un grand dressing, d'un vaste séjour lumineux ouvert sur une cuisine aménagée et entièrement équipée (lave-vaisselle, plaques de cuisson, hotte, four, micro-ondes). La salle d'eau est équipée d'une machine à laver et les WC sont séparés. Une chambre, séparé par une verrière, offre une vraie pièce supplémentaire (moins de 9 m²). Eau chaude et Electricité Individuel Disponible le !",69007,Lyon,45.72788,4.83974,https://www.vizzit.fr/fr/property/appartement/lyon-7eme/Anwqp2g7vyfm40gn,,2026-09-24
1648,Vizzit,849.0,45.0,18.87,Appartement,2 pièce - 1 chambre - 45 m² - s,45 m² - 2 pièces - 1 chambre,"Honoraires de 550 € TTC à la charge du locataire comprenant 150 € TTC pour l'état des lieux. Zone soumise à encadrement des loyers. Loyer de référence majoré (loyer de base à ne pas dépasser) 820 €/mois. Loyer de base 817 €/mois. Provision sur charges 88 €/mois, régularisation annuelle. Dépôt de garantie 817 €. DPE en cours.",69008,Lyon,45.72812,4.87721,https://www.vizzit.fr/fr/property/appartement/lyon-8eme/A81lhk6pawrqdfi2,,2026-09-24
1402,Vizzit,679.0,50.0,13.58,Appartement,2 pièce - 50 m² - s,50 m² - 2 pièces,"VISITE VIRTUELLE EXCLUSIVEMENTQuartier Moulin à vent, à deux pas du Tram T6 et autres transport, dasn une résidence bien entretenue, nous vous proposons ce T2 de 50.51 m² Rénové. Situé au 3ème étage avec ascenseur, il est lumineux orienté Est et au calme sur cour intérieure sans vis à vis. Il est composé d'une entrée, une belle pièce de vie en parquet ouvrant sur un balcon, une cuisine indépendante meublée et équipée d'une hotte, un lave vaisselle et un lave linge, une chambre avec un grand placard aménagé et une salle de bain. Pour plus de confort au quotidien, les WC sont indépendants. Pour simplifier vos déplacements, le logement est loué avec une garage fermé en sous sol. Le chauffage et l'eau chaude sont individuels au gaz vous permettant d'optimiser vos dépenses énergétiques.",69008,Lyon,45.72866,4.86152,https://www.vizzit.fr/fr/property/appartement/lyon-8eme/A8iuvgqp8s6738hq,,2026-09-24
1736,Vizzit,1013.0,56.0,18.09,Appartement,4 pièce - 3 chambre - 56 m² - s - s,56 m² - 4 pièces - 3 chambres,"295 Route de Vienne - 69200 VENISSIEUX (limite 8ème arr.)  Proche Tramway T6 et toutes commodités  Nous vous proposons à la location cet appartement T4 entièrement meublé à Vénissieux (limite 8ème arr.)  L'appartement se compose d'une pièce de vie avec cuisine aménagée et équipée (plaques, hotte, four, réfrigérateur, micro-ondes), de trois chambres avec rangements, d’une salle de bains (équipée d'un lave-linge) et d'un WC séparé.  Les charges mensuelles comprennent l'entretien des parties communes, le chauffage, l'eau froide & l’eau chaude.  Une cave complète ce bien.  Place de parking (non privative) dans la résidence sécurisée.  Loyer hors charges : 1080,00€ Charges locatives : 150.00€  TOTAL MENSUEL : 1230.00€  Dépôt de garantie : 2160.00€  Frais de mise en location et d'état des lieux :  Frais d'agence : 572.00€ Frais d'état des lieux : 171.77€  Pour déposer votre candidature :  DOSSIER FACILE",69008,Lyon,45.72874051105038,4.84910814891125,https://www.vizzit.fr/fr/property/appartement/lyon-8eme/A41cu7mmcy51qw32,,2026-09-24
1671,Vizzit,698.0,37.0,18.86,Studio,37 m² - Studio,37 m² - Studio,"69008 LYON Rue Florent Grand studio avec garage en supplément LOCATION VIDE DISPONIBLE FIN SEPTEMBRE Pas de visite sans dossier de candidature complet, à transmettre via le site Century 21 ou par e-mail à : Venez découvrir, au sein d'une résidence fermée et sécurisée avec ascenseur, ce bel appartement de type 1 situé au 3 étage avec ascenseur, bénéficiant également d'un garage fermé en sous-sol pour 55€ de plus / mois soit un loyer total de 799€ charges comprises Vous profiterez d'une proximité immédiate avec les commodités, les transports en commun et les commerces du quartier. D'une superficie de 38 m², ce grand studio lumineux se compose de : une belle pièce de vie lumineuse un coin cuisine équipé d'une plaque de cuisson, d'un évier, d'un réfrigérateur et de meubles de rangement une grande salle d'eau avec WC. A visiter sans plus attendre !",69008,Lyon,45.72941,4.86529,https://www.vizzit.fr/fr/property/appartement/lyon-8eme/Atfpab5v5rnp4bqy,,2026-09-24
1683,Vizzit,1361.0,68.0,20.01,Appartement,3 pièce - 2 chambre - 68 m² - s - s,68 m² - 3 pièces - 2 chambres,"Lyon 8, Avenue Paul Santy, Secteur Mermoz, dans bel immeuble récent de 2002, au quatrième étage avec ascenseur, agréable et lumineux F3 de 68.90m² entièrement meublé, se composant d'une entrée avec placards, une grande pièce de vie avec cuisine meublée et équipée, donnant sur un grand balcon à vivre, deux chambres avec placards, salle de bains, et WC séparé. Vous aurez à disposition avec l'appartement un jardin arboré, et un local vélo. Appartement entièrement climatisé. DISPONIBLE DE SUITE Loyer: 1410€ + 40€ = 1450€ Honoraires d'Agence: 689€ (visites, constitution du dossier et rédaction du bail) + 206.7€ (frais d'état des lieux) = 895.7€ Dépôt de Garantie: 2820€ Zone soumise à l'encadrement des loyers: Loyer de référence majoré: 16.80€/m² Loyer de référence: 14€/m² DPE noté: C94 Gaz Effet de Serre noté: C-17 Estimation des dépenses annuelles d'énergie: entre 600€ et 900€ La taxe d'ordures ménagère n'est pas comprises dans les provisions pour charges. CETRIM 51 Cours Emile Zola – 69100 Villeurbanne Tél. : 694 - SAS au capital de 46 000 € représenté par Madame Aurélie BONJOUR – Siège Social: 51 Cours Emile Zola – 69100 – Villeurbanne – Tél. 694 APE 6831Z – RCS Lyon– Carte transaction CPI– Carte gestion CPIdélivrées par la CCI de Lyon Garantie Transaction 150 000 € - Gestion 900 000 € - Garantie financière SOCAF – 26, avenue de Suffren – 75015 Paris Chaque agence est juridiquement et financièrement indépendante.",69008,Lyon,45.73086,4.87495,https://www.vizzit.fr/fr/property/appartement/lyon-8eme/Apld4lv6sm12jvzk,,2026-09-24
1314,Vizzit,544.0,32.0,17.0,Appartement,1 pièce - 32 m²,32 m² - 1 pièce,"Votre Régie Galyo a le plaisir de vous proposer à la location, proche des transports en commun, des commerces et de toutes commodités, cet appartement studio de 32.50m².  Au 4ème étage d'une résidence sécurisé située avenue DEBOURG il se compose d'une pièce de vie avec coin cuisine équipée (plaques de cuisson électrique et frigo) et petit BALCON ainsi que d'une salle de bain avec WC.  L'eau chaude, l'eau froide et le chauffage sont collectifs et compris dans les charges  Loyer de référence : 458.25€ Loyer de référence majoré : 549.25€  Conseillère : Eva",69007,Lyon,45.731387,4.828024,https://www.vizzit.fr/fr/property/appartement/lyon-7eme/Apz2wcfetl9nceg0,,2026-09-24
1434,Vizzit,811.0,45.0,18.02,Appartement,2 pièce - 45 m² - s,45 m² - 2 pièces,"VISITE VIRTUELLE UNIQUEMENTDans le 8ème arrondissment de Lyon, Rue Antoine Dumont, proche des transports et des commerces, dans un petit immeuble sans ascenseur, nous vous proposons un appartement 2 pièces loué vide et situé au 2ème étage. Ce logement comprend une entrée, une grande pièce de vie avec la cuisine ouverte (non meublée) et donnant sur une belle terrasse, une chambre, une salle de bain et un wc séparé. Le bien bénéficie d'une place de parking dans la cour de l'immeuble, fermée par un portail automatique. Le chauffage et l'eau chaude sont individuels au gaz.",69008,Lyon,45.73198,4.85696,https://www.vizzit.fr/fr/property/appartement/lyon-8eme/Ag7zlhy8umh4vjf7,,2026-09-24
1752,Vizzit,1023.0,75.0,13.64,Appartement,3 pièce - 2 chambre - 75 m² - s - s,75 m² - 3 pièces - 2 chambres,"La régie Galyo vous propose cet agréable appartement T3 de 75,72 m², situé au 5ème étage d'une résidence calme et bien entretenue.  Le logement se compose d'une entrée, d'un séjour double lumineux, d'une cuisine séparée, ainsi que de deux chambres confortables. Le bien bénéficie d'une triple exposition, offrant une luminosité optimale tout au long de la journée. Vous apprécierez également la loggia, idéale pour profiter d'un espace extérieur abrité. Une salle d'eau et des WC séparés complètent ce bien.  Un appartement spacieux, fonctionnel et lumineux, idéalement placé à proximité des commerces, des transports et des écoles, dans un quartier très apprécié  Zone soumise à encadrement des loyers :  Loyer de référence : 817.78 € HC Loyer de référence majoré : 984.36 € HC  Conseiller : Pauline",69008,Lyon,45.73226,4.875316,https://www.vizzit.fr/fr/property/appartement/lyon-8eme/Ar3cjk41erwcfvxq,,2026-09-24
1359,Vizzit,1278.0,80.0,15.97,Appartement,3 pièce - 2 chambre - 80 m² - s - s,80 m² - 3 pièces - 2 chambres,"Au sein d'un bel immeuble bien entretenu et à proximité des commerces de transports, nous vous présentons ce joli T3 NON meublé de 80.01 m².    L'appartement se compose d'une entrée, d'une grande pièce à vivre de 35 m² avec cuisine ouverte aménagée e... Voir plus   Au sein d'un bel immeuble bien entretenu et à proximité des commerces de transports, nous vous présentons ce joli T3 NON meublé de 80.01 m².  L'appartement se compose d'une entrée, d'une grande pièce à vivre de 35 m² avec cuisine ouverte aménagée et équipée, d'une salle d'eau, d'un W.C séparé et de deux chambres de 9 m² et 11 m². Le chauffage et l'eau chaude sont individuels électriques.  DISPONIBLE LE 6 OCTOBRE !  LOYER : 1362CC dont 60€ de provision pour charges mensuelles avec régularisation annuelle. Les charges comprennent l'entretien des parties communes. HONORAIRES : 807€ + 242€ de frais d'état des lieux entrant et sortant.  Loyer calculé selon le Décret n° du 2 septembre 2021 fixant le périmètre du territoire de la métropole de Lyon sur lequel est mis en place le dispositif d'encadrement des loyers prévu à l'article 140 de la loi n° du 23 novembre 2018 portant évolution du logement, de l'aménagement et du numérique.  Voir moins",69007,Lyon,45.73323,4.8348,https://www.vizzit.fr/fr/property/appartement/lyon-7eme/A88m5c3zl0xjl640,,2026-09-24
1658,Vizzit,962.0,65.0,14.8,Appartement,3 pièce - 65 m² - s,65 m² - 3 pièces,"AU 67 RUE VILLON dans résidence récente de bon standing venez découvrir ce T3 dans une résidente récente celui ci comprend une entrée, un séjour avec coin cuisine non équipé un balcon,2 chambres, une salle de bains et un wc. balcon, garage.le chauffage est individuel éléctrique La location pourra être déléguée à Foncia Développement et Location.",69008,Lyon,45.73345,4.86364,https://www.vizzit.fr/fr/property/appartement/lyon-8eme/Apzyz6y53hburwtc,,2026-09-24
1404,Vizzit,1264.0,64.0,19.75,Appartement,3 pièce - 64 m² - s,64 m² - 3 pièces,"AU 9 rue Édouard Nieuport à Lyon 8e, venez découvrir cet agréable T3 meublé, au sein d’un immeuble récent. Il se compose d’une entrée, d’un séjour lumineux donnant accès à un balcon, d’une cuisine ouverte aménagée et équipée ( plaque, hotte, frigo, lave vaiselle )de deux chambres avec placard, d’une salle de bains avec lave linge et de WC.Vous bénéficierez également d’un garage double.Chauffage individuel au gaz.Côté transports : tramway T6 à environ 6 minutes à pied et métro D Mermoz-Pinel à environ 14 minutes à pied. La location pourra être déléguée à Foncia Développement et Location.",69008,Lyon,45.7343,4.88268,https://www.vizzit.fr/fr/property/appartement/lyon-8eme/Az46hohests15q1b,,2026-09-24
1741,Vizzit,1666.0,92.0,18.11,Appartement,4 pièce - 3 chambre - 92 m² - s - s,92 m² - 4 pièces - 3 chambres,"APPARTEMENT T4 + GARAGE - berges du Rhône 47 RUE LIEUTENANT COLONEL GIRARD - 69007 LYON  Venez découvrir ce spacieux T4 de 92,98 m² situé au 3ᵉ étage d’une copropriété sécurisée avec ascenseur.  Il se compose d’une entrée avec rangements, d’un séjour de 23 m² donnant accès à une loggia, ainsi que d’une cuisine séparée, entièrement aménagée et équipée (four, plaque de cuisson, hotte, lave-vaisselle, machine à laver, réfrigérateur). L’appartement dispose également de trois chambres, d’une salle d’eau et d'un WC séparé.  Ce bien est complété par un garage avec une borne de recharge éléctrique.  Encadrement des loyers :  Loyer hors charges : 1595,00 € Complément de loyer : 330,47 € compris dans le loyer hors charges (justifié par une mise à disposition de mobilier supérieure au décret 2015 - 981 et la présence d'une loggia).  Charges locatives : 180,00 € (comprenant l'entretien des parties communes, l'eau froide, l'eau chaude, le chauffage)  TOTAL MENSUEL : 1775,00 € Dépôt de garantie : 3 190,00 €  Montant de loyer de référence : 11,30 €/m2 Montant de loyer majoré : 13,60 €/m2  Frais d'agence : 938,16 € Frais d'état des lieux : 281,72 € TOTAL : 1 219,88 €  Un complément de loyer peut être appliqué au loyer de base pour des logements présentant des caractéristiques de localisation ou de confort le justifiant, par comparaison avec les logements de la même catégorie situés dans le même secteur géographique.  Zéro papier & démarche simplifiée ! Tous les dossiers de candidatures sont à déposer en ligne sur notre site. Rubrique Louer -> Dossier de candidature. !Les dossiers incomplets ne pourront être étudiés.",69007,Lyon,45.73518,4.82531,https://www.vizzit.fr/fr/property/appartement/lyon-7eme/Aa7dds4bsiw12o4l,,2026-09-24
1407,Vizzit,850.0,46.0,18.48,Appartement,2 pièce - 1 chambre - 46 m² - s,46 m² - 2 pièces - 1 chambre,"LYON 7, Dans le secteur de la ZAC DU BON LAIT, à 5 minutes du Métro Place Jean Jaurès, Beau T2 dans un immeuble de 2013 de 46,67m2 au 4ème étage avec ascenseur, composé d'une pièce principale avec coin cuisine, d'une chambre et d'une salle de bain avec WC. Cet appartement dispose d'un beau balcon, et d'un garage en sous-sol. Eau froide, eau chaude et chauffage collectif au gaz. Disponible LE 22/10/26 VISITE DES DEBUT OCTOBRE ATTENTION APPARTEMENT SOUMIS AU DISPOSITIF SCELLIER Loyer: 770€ + 136€ = 906€ Honoraires d'Agence: 466.70€ (visites, constitution de dossiers et rédaction de bail) + 140.01€ (frais état des lieux) = 606.71€ Dépôt de Garantie: 770€ Zone soumise à encadrement des loyers: Loyer de référence: 14.50€/m² Loyer majoré: 17.40€/m² DPE noté: C-140 Gaz Effet de Serre noté: C-28 Estimation des dépenses annuelles d'énergie: entre 370€ et 540€ La taxe d'ordure ménagère n'est pas comprise dans la provision pour charges.",69007,Lyon,45.73618,4.83141,https://www.vizzit.fr/fr/property/appartement/lyon-7eme/A7x2q9syxywszu8q,,2026-09-24
1677,Vizzit,1548.0,68.0,22.76,Appartement,4 pièce - 3 chambre - 68 m² - s - s,68 m² - 4 pièces - 3 chambres,"LYON 7EME - AVENUE JEAN-JAURES - ENTIEREMENT RENOVE - LOCATION MEUBLEE - A proximité immédiate de toutes commodités, de l'EM LYON et de l'ENS venez découvrir cet appartement T4 situé au 2ème et dernier étage sans ascenseur d'une surface de 68.01 m2 entièrement rénové et meublé. L'appartement, très lumineux se compose d'un séjour avec cuisine ouverte entièrement équipée: Four, plaque de cuisson, frigo, congélateur. Vous retrouverez 3 chambres toutes aménagées avec rangements et bureaux, une salle d'eau et un WC indépendant. Nombreux rangements, belles prestations, lave linge, sèche linge, télévision. Appartement entièrement rénové, équipé et meublé avec goût. DPE: D. ZONE SOUMISE A ENCADREMENT DES LOYERS. Loyer mensuel hors charges: 1585EUR Loyer mensuel charges comprises: 1650EUR Loyer de référence: 836,52EUR Loyer de référence majoré: 1006,55EUR Complément de loyer: 578,45EUR Caution: 3170EUR Honoraires charge locataires: 884EUR dont 204EUR pour l'état des lieux. Bien présenté par Agences de France par délégation. Agences de France – SIREN: – Titulaire de la carte T: non habilité à percevoir des fonds.",69007,Lyon,45.7373,4.83703,https://www.vizzit.fr/fr/property/appartement/lyon-7eme/Au2ryr90skf3xpxr,,2026-09-24
1731,Vizzit,1458.0,88.0,16.57,Appartement,4 pièce - 3 chambre - 88 m² - s - s,88 m² - 4 pièces - 3 chambres,"Découvrez cet appartement meublé climatisé de près de 90 m² composé d'une grande entrée avec placard coulissant, étagères et penderie, d'un séjour (avec un bloc climatisation) avec rangements donnant sur un grand balcon, d'une cuisine indépendante, aménagée et équipée (avec meubles hauts et bas, réfrigérateur neuf, four, micro ondes, plaque de cuisson à induction, hotte et lave vaisselle), de trois chambres (deux chambres avec un lit simple et la dernière avec un lit double, un bloc climatisation, des étagères et une penderie), une salle d'eau avec machine à laver, et d'un WC séparé. Le logement est loué avec deux places de stationnement. Chauffage collectif.  Logement soumis à l'encadrement des loyers : - Loyer de référence : 1002,65 € - Loyer de référence majoré : 1206,73 € - Complément de loyer : 193.27 € justifié par la présence du balcon, des places de parking et de la climatisation dans le logement.  Contact : Axelle",69007,Lyon,45.737811,4.825593,https://www.vizzit.fr/fr/property/appartement/lyon-7eme/Ab3se70cigj41jv2,,2026-09-24
1643,Vizzit,978.0,67.0,14.6,Appartement,3 pièce - 2 chambre - 67 m² - s - s,67 m² - 3 pièces - 2 chambres,"Réf. AN006260 - Imodirect vous propose de découvrir ce lumineux T3 meublé de 67 m², situé au 4? étage avec ascenseur, offrant un cadre de vie confortable et fonctionnel.  L'entrée, fonctionnelle, dispose de petits rangements. L'espace nuit comprend deux belles chambres avec grands lits, dont une avec une très grande penderie. À noter que la seconde chambre est accessible uniquement en passant par le salon.  La cuisine indépendante est entièrement équipée et la salle de douche moderne offre un confort agréable au quotidien, avec des WC séparés. Vous profiterez également d'un joli balcon aménagé avec table et chaises, idéal aux beaux jours.  Chauffage et eau chaude individuels gaz. Les charges comprennent les charges générales, l'eau froide et l'entretien de la chaudière gaz.  Une cave complète ce bien et un local à vélos est disponible à l'entrée de la résidence.  ENCADREMENT DES LOYERS : • Loyer de référence : 8,60 €/m² - soit 576,46 €/mois • Loyer de référence majoré : 12,30 €/m² - soit 824,47 €/mois • Complément de loyer : 14,80 €  Classe énergétique : D (de 181 à 250).  Les frais d'agence sont de 879,43 € maximum.    Pour toute question ou visite, merci de remplir la demande de visite.",69007,Lyon,45.73959,4.852169,https://www.vizzit.fr/fr/property/appartement/lyon-7eme/Aggrqthn56yt59g7,,2026-09-24
1572,Vizzit,786.0,43.0,18.28,Appartement,2 pièce - 1 chambre - 43 m² - s,43 m² - 2 pièces - 1 chambre,"LIBRE DE SUITE LYON 7ème - Boulevard de l'artillerie. Idéalement situé, à 10 min à pieds du métro Jean Jaurès ! Appartement de type 2 de 43.37m2 habitable situé au 3ème étage d'un immeuble neuf, comprenant un séjour sur cuisine ouverte (plaques, hotte et frigo), une chambre, une salle de bains et un balcon. L'appartement dispose également d'un garage en sous sol ! Loyer : 758.98 + Charges : 80€ Pour plus d'informations et demande de visites, contactez l'agence Century 21 Grande Rue .",69007,Lyon,45.74098,4.83913,https://www.vizzit.fr/fr/property/appartement/lyon-7eme/Af36u5jm82vzai3l,,2026-09-24
1446,Vizzit,704.0,43.0,16.37,Appartement,2 pièce - 1 chambre - 43 m² - s,43 m² - 2 pièces - 1 chambre,"Réf. AN005726 - Imodirect vous présente à Lyon 7ème, à deux pas du parc Blandan et du tramway, au calme de la rue Général de Miribel, ce très beau T2 de 43 m² offrant deux terrasses exposées sud et ouest ainsi qu'un jardin de plus de 60 m².  Cet appartement se compose d'une belle pièce de vie lumineuse avec une cuisine équipée comprenant des rangements, des plaques à induction, une hotte et des emplacements prévus pour un four et un lave-vaisselle. Elle est ouverte sur le séjour et donne accès directement aux terrasses et au jardin. Vous trouverez également une chambre avec un placard de rangement mural donnant sur l'extérieur, ainsi qu'une grande salle d'eau avec douche, WC et arrivée d'eau pour une machine à laver.  Le bien est équipé de double vitrage, de volets électriques et d'une chaudière individuelle au gaz assurant la production d'eau chaude et le chauffage. Il bénéficie d'une classification énergétique C.  Un local à vélos est à disposition dans la résidence.  A visiter sans tarder !  ENCADREMENT DES LOYERS : • Loyer de référence : 14,50 €/m² - soit 625,68 €/mois • Loyer de référence majoré : 17,40 €/m² - soit 750,81 €/mois  Classe énergétique : C (de 111 à 180).  Les frais d'agence sont de 566,13 € maximum.    Pour toute question ou visite, merci de remplir la demande de visite.",69007,Lyon,45.74138,4.852183,https://www.vizzit.fr/fr/property/appartement/lyon-7eme/Ake3v08hwjbkm32p,,2026-09-24
1568,Vizzit,563.0,25.0,22.52,Appartement,1 pièce - 25 m²,25 m² - 1 pièce,"SOUMIS AU DISPOSITIF LOI PINEL Au 4ème étage avec ascenseur, découvrez ce logement d'une superficie de 25 m² composé d'un couloir d'une pièce de vie avec coin cuisine ouverte avec évier et plaque double, d'une salle d'eau avec WC et sèche-serviette. Le logement est à prendre obligatoirement et indissociablement avec un garage situé au deuxième sous-sol de la copropriété.  Soumis au plafonds de ressources du dispositif LOI PINEL (Zone A) - Personne seule : 44 344 € - Couple : 66 276 € - Personne seule ou couple + 1 personne à charge : 79 666 € - Personne seule ou couple + 2 personnes à charge : 95 427 €  Logement soumis à l'encadrement des loyers : - Loyer de référence : 383,88 € - Loyer de référence majoré : 461,66 €  Contact : Axelle",69007,Lyon,45.741619,4.851851,https://www.vizzit.fr/fr/property/appartement/lyon-7eme/Ab4nkzi2oeug2xus,,2026-09-24
1501,Vizzit,657.0,47.0,13.98,Appartement,2 pièce - 47 m² - s,47 m² - 2 pièces,"Tout savoir sur ce bien           EXCLUSIVITÉ - APPARTEMENT T2 NON MEUBLE - 69008 LYON - QUARTIER MONPLAISIR  Votre Cabinet Citya Barioz vous propose à la location au 37 rue Saint Mathieu à Lyon 8ème, un appartement de 2 pièces nu de 47,20 m², idéalement situé dans le quartier Monplaisir. Dans un immeuble avec ascenseur, ce bien se compose d'une entrée, d'un séjour spacieux et lumineux, d'une cuisine donnant sur une loggia, d'une chambre et d'une salle de bains et d'un WC séparé.     Voir plus     Le chauffage et eaux individuelles électriques.  Zone soumise à encadrement des loyers : loyer de référence : 1 105.38 €/mois loyer de référence majoré (loyer de base à ne pas dépasser) : 1 326.45 €/mois  Des écoles du primaire et du secondaire sont implantées à moins de 10 minutes à pied. Niveau transports, il y a 21 lignes de bus, la gare Lyon Saint-Paul ainsi que les lignes C et A du métro à quelques pas du bien. L'aéroport Lyon-Bron-Bron est accessible à 10 km. Vous trouverez quatre cinémas tout comme deux théâtres non loin du logement. Il y a aussi un grand choix de restaurants et quatre bureaux de poste. Enfin, 2 marchés animent les environs.  Découvrez toutes les originalités de cet appartement à louer en prenant RDV avec votre agence Citya Barioz Immobilier. Loyer de 700,00 euros par mois charges comprises Soit avec Assurance Habitation et Assistance ( 21.00 euros ) : 721,00 euros. Les honoraires charge locataire sont de 623,72 euros ( soit 13,12 euros/m² ) dont 144,05 euros pour état des lieux ( soit 3,03 euros/m² ). Vous pouvez consulter les barèmes d'honoraires à l'adresse suivante : bareme-location Montant estimé des dépenses annuelles d'énergie pour un usage standard : entre 780 et 1 100 euros. Prix moyens des énergies indexés en 2023. Service facultatif. Contribution annuelle ""attentats"" non comprise. Voir conditions en agence.",69008,Lyon,45.7424,4.86481,https://www.vizzit.fr/fr/property/appartement/lyon-8eme/A6pullwg7lne0c3h,,2026-09-24
1369,Vizzit,854.0,46.0,18.57,Appartement,2 pièce - 1 chambre - 46 m² - s,46 m² - 2 pièces - 1 chambre,"Appartement de type 2 de 46.76m2 au 3ème étage avec ascenseur, situé Rue des Alouettes 69008 LYON. Il se compose d'un hall d'entrée avec rangements, de WC séparés, un séjour ouvert sur une cuisine donnant sur un balcon, d'une chambre et d'une salle de bains attenante. L'appartement est loué avec un garage et une cave. A proximité immédiate de la station de métro D arrêt Monplaisir Lumière, du Tramway T2 et de la place Ambroise Courtois. Disponible Loyer de référence majoré (loyer de base à ne pas dépasser): 806€ loyer de base: 806€ complément de loyer: 54€.",69008,Lyon,45.74319,4.87035,https://www.vizzit.fr/fr/property/appartement/lyon-8eme/Azv3hykdeaq4igan,,2026-09-24
1660,Vizzit,2055.0,109.0,18.85,Appartement,4 pièce - 3 chambre - 109 m² - s - s,109 m² - 4 pièces - 3 chambres,"Votre Régie Galyo a le plaisir de vous proposer à la location, proche des transports en commun, des commerces et de toutes commodités, cet appartement 4 pièces de 109 m² en DUPLEX.  Au 1er étage en duplex, d'une résidence sécurisée située quai Antoine Riboud à Lyon 2e, il se compose: en bas : d'une entrée, d'un séjour, d'une salle à manger, d'une cuisine aménagée et équipée (four, lave vaisselle, plaque de cuisson et frigo américain), d'un WC et d'une loggia. A l'étage : de 3 chambres dont l'une avec salle d'eau, d'une salle de bains et d'un WC séparé.  L'eau chaude, l'eau froide ainsi que le chauffage sont compris dans les charges. Vous bénéficiez d'un parking en sous-sol.  Zone soumise à encadrement des loyers :  Loyer de référence : 1333.46 euros HC Loyer de référence majoré : 1595.78 euros HC Compléments de loyers : 414.22 euros  Contact : Eva",69002,Lyon,45.743366,4.816045,https://www.vizzit.fr/fr/property/appartement/lyon-2eme/Amt0nx82yrfg0n0r,,2026-09-24
1479,Vizzit,418.0,21.0,19.9,Appartement,1 pièce - 21 m²,21 m² - 1 pièce,"RUE DE GERLAND 69007 LYON - PROCHE METRO JEAN MACE Proche de toutes les commodités, commerces et transports en commun  Appartement T1 composé d'une cuisine, d'une pièce pouvant servir de séjour ou de chambre et d'une salle d'eau avec wc.  Bien soumis à l'encadrement des loyers : - Loyer de référence : 350.30 € - Loyer de référence majoré : 420.35 € - Complément de loyer : 9.65 €  Contact : Pauline",69007,Lyon,45.743451,4.841418,https://www.vizzit.fr/fr/property/appartement/lyon-7eme/Ayjsec60au73sewj,,2026-09-24
1516,Vizzit,1408.0,56.0,25.14,Appartement,3 pièce - 2 chambre - 56 m² - s - s,56 m² - 3 pièces - 2 chambres,"T3 - MEUBLE - LYON 7 Century 21 le 7 de Cœur vous propose ce T3 de 56m² situé dans une résidence sécurisée à proximité des commerces et des transports : - Métro B et D arrêt ""Saxe - Gambetta"" à 6 minutes à pieds. - Tram 1 arrêt ""Rue de l'Université"" à 6 minutes à pieds. Cet appartement est composé d'une entrée avec placards, un salon séjour avec une jolie cuisine américaine aménagée et équipée ouvrant sur un balcon sans vis-à-vis, 2 chambres dont une avec placard, une salle d'eau avec douche italienne, un couloir avec placards, ainsi qu'un WC séparé. En sus, un garage extérieur est disponible pour 120€/mois. Charges : - Eau froide collective - Eau chaude individuelle Gaz - Chauffage individuel Gaz Disponible le 1er novembre 2026 ! Complément de loyer de 485.18 euros justifié par le mobilier et la décoration non obligatoire, le lave vaisselle, une cave, un four + un micro-ondes, une cave à vin, lave linge.",69007,Lyon,45.74424,4.85665,https://www.vizzit.fr/fr/property/appartement/lyon-7eme/Azxb7h3t6uqzbxt1,,2026-09-24
1596,Vizzit,662.0,39.0,16.97,Appartement,2 pièce - 1 chambre - 39 m² - s,39 m² - 2 pièces - 1 chambre,"LIBRE LE 7 OCTOBRE Merci d'envoyer votre dossier complet en PDF par mail LYON 3ème - GRANGE BLANCHE - Rue du professeur Rochaix - Très calme et facilité de stationnement gratuit A proximité des commerces et des transports (Métro Grange Blanche à 5 minutes à pieds). Appartement T2 MEUBLÉ traversant et très lumineux, de 39.03m2 habitable, situé au 3ème étage sans ascenseur. Il se compose d'une entrée, un séjour, une cuisine indépendante aménagée et équipée donnant sur un balcon sans vis-a-vis, une chambre avec placard, une salle d'eau, et un WC indépendant. Cave en sous-sol. Loyer : 664.19€ + 41€ de charges. Pour plus d'informations ou la programmation d'une visite contactez l'agence CENTURY 21 GRANDE RUE",69003,Lyon,45.7446,4.8865,https://www.vizzit.fr/fr/property/appartement/lyon-3eme/Avxi5xdwkkxbjey4,,2026-09-24
1710,Vizzit,1081.0,70.0,15.44,Appartement,3 pièce - 2 chambre - 70 m² - s - s,70 m² - 3 pièces - 2 chambres,"Au 4ème étage avec ascenseur, découvrez cet appartement T3 de 70m² avec Terrasse composé d'une entrée, d'un beau séjour de 22m², d'une cuisine indépendante de près de 10m², d'un dégagement, de 2 chambres de 9,81 et 11,37 m², d'une salle de bains et d'un WC. Chauffage individuel et au gaz et eau froide collective. Le logement possède une isolation phonique et thermique excellente - DPE en C. Davantage de photos sont à venir prochainement.  Logement soumis à l'encadrement des loyers : - Loyer de référence : 875,56 € - Loyer de référence majoré : 1 052,09 €  Contact : Axelle",69007,Lyon,45.744773,4.85338,https://www.vizzit.fr/fr/property/appartement/lyon-7eme/Ag5widlzgji5gzgy,,2026-09-24
1712,Vizzit,762.0,46.0,16.57,Appartement,3 pièce - 2 chambre - 46 m² - s - s,46 m² - 3 pièces - 2 chambres,"Au 2ème étage avec ascenseur, découvrez cet appartement T2 lumineux avec petit balcon, d¿une superficie de 46m2. Il se compose d¿une entrée avec placards muraux, d¿un séjour ouvrant sur un balcon filant, d¿une chambre, d¿une cuisine séparée équipée (plaque de cuisson, hotte, frigidaire avec freezer, branchement machine à laver), d¿une salle d¿eau avec sèche serviette et d¿un WC indépendant. Le chauffage est une pompe à chaleur réversible et l'eau chaude est individuelle électrique. Les fenêtres de ce logement seront remplacées en septembre 2026.  Logement soumis à l'encadrement des loyers : - Loyer de référence : 621,00 € - Loyer de référence majoré : 745,20 €  Contact : Axelle",69003,Lyon,45.746915,4.868242,https://www.vizzit.fr/fr/property/appartement/lyon-3eme/Aqiyquhxtcsr2nu8,,2026-09-24
1706,Vizzit,1112.0,79.0,14.08,Appartement,4 pièce - 3 chambre - 79 m² - s - s,79 m² - 4 pièces - 3 chambres,"Votre Regie Galyo a le plaisir de vous proposer à la location, porche des transports en commun, des commerces et de toutes commodités, cet appartement T4 de 79m².  Au 2e étage d'une résidence sécurisée, située rue Henri Pensier, il se compose d'un hall avec grand placard-penderie, d'une cuisine équipée et meublée (meubles hauts et bas, plaques de cuisson et four) ouvrant sur le séjour, de trois chambres (dont une avec un grand placard), d'une grande salle d'eau avec meuble double vasques, d'un WC séparé.  Zone soumise à encadrement des loyers :  Loyer de référence : 926.76 euros HC Loyer de référence majoré : 1108.94 euros HC  Contact Eva",69008,Lyon,45.746947,4.859771,https://www.vizzit.fr/fr/property/appartement/lyon-8eme/A2zbf9qwftdue06d,,2026-09-24
1480,Vizzit,458.0,26.0,17.62,Appartement,1 pièce - 26 m²,26 m² - 1 pièce,"Au premier étage, découvrez ce studio cosy et lumineux de 26m² composé d'une entrée, d'une pièce de vie qui donne sur un balcon, d'une petite cuisine indépendante, d'une salle d'eau et d'un WC séparé. Chauffage individuel électrique.  Logement soumis à l'encadrement des loyers : - Loyer de référence : 458,96 € - Loyer de référence majoré : 550,22 €  Contact : Axelle",69003,Lyon,45.747205,4.886521,https://www.vizzit.fr/fr/property/appartement/lyon-3eme/Atnuuzcd2vi7upqh,,2026-09-24
1673,Vizzit,538.0,26.0,20.69,Appartement,1 pièce - 26 m²,26 m² - 1 pièce,"À découvrir ! Agréable T1 situé au fond d¿une impasse, dans un secteur résidentiel calme et recherché, au sein d¿une résidence sécurisée. L¿appartement se compose d¿une entrée, d¿une cuisine, d¿une pièce de vie lumineuse donnant sur un balcon, d¿une salle d¿eau et de WC indépendants. Vous profiterez d¿un environnement particulièrement agréable avec aucun vis-à-vis, offrant davantage de tranquillité et d¿intimité. Le double vitrage apporte également un confort appréciable au quotidien. Un parc situé à proximité permet de profiter facilement d¿un espace de verdure pour les promenades ou les moments de détente. Les atouts de ce logement : ¿Résidence sécurisée ¿Au fond d¿une impasse ¿Secteur résidentiel et calme ¿Aucun vis-à-vis ¿Balcon ¿Double vitrage ¿Salle d¿eau ¿WC indépendants ¿Parc à proximité ¿Places de stationnement non nominatives à disposition à l¿arrière de la résidence  Un appartement fonctionnel, paisible et agréable à vivre, idéal pour une personne seule ou un étudiant.  Bien soumis à l'encadrement des loyers : - Loyer de référence : 453.49 € - Loyer de référence majoré : 543.66 €  Contact : Axelle",69003,Lyon,45.747205,4.886521,https://www.vizzit.fr/fr/property/appartement/lyon-3eme/Aahw0d0wg5fe8da9,,2026-09-24
1316,Vizzit,678.0,38.0,17.84,Appartement,2 pièce - 1 chambre - 38 m² - s,38 m² - 2 pièces - 1 chambre,"T2 - RUE GERMAIN DAVID - 69003 LYON Proche de toutes commodités, transports et commerces.  Appartement T2 d'une superficie de 38 m², dans une résidence récente de 2018, composé d'un hall d'entrée, d'une cuisine aménagée et équipée (éléments hauts et bas, four, plaque de cuisson vitrocéramique, hotte) ouverte sur le séjour avec balcon, d'une chambre, d'une salle d'eau et de WC indépendants. L'appartement est loué exclusivement avec son garage fermé en sous-sol pour un loyer de 130 € par mois et 6 € de charges.  Bien soumis à l'encadrement des loyers : - loyer de référence : 556,70 € - Loyer de référence majoré : 667,28 €  Appartement soumis au dispositif PINEL (Avis d'imposition N-2): Personne seule : 44 344 € Couple : 66 276 €  Contact : Axelle",69003,Lyon,45.747313,4.878272,https://www.vizzit.fr/fr/property/appartement/lyon-3eme/A4mrjg779b2f1s7r,,2026-09-24
1569,Vizzit,1042.0,72.0,14.47,Appartement,3 pièce - 2 chambre - 72 m² - s - s,72 m² - 3 pièces - 2 chambres,"Au 4ème étage avec ascenseur, découvrez cet appartement de 72 m² composé d'une entrée qui ouvre sur un séjour (avec placards) de près de 12m², d'un salon de 15m², de 2 belles chambres de 15,70 m² et de 12,45 m², d'une cuisine indépendante avec rangements, d'une salle de bains et d'un WC séparé. Chauffage individuel au gaz.  Logement soumis à l'encadrement des loyers : - Loyer de référence : 908,25 € - Loyer de référence majoré : 1 089,90 €  Contact : Axelle",69007,Lyon,45.747438,4.839238,https://www.vizzit.fr/fr/property/appartement/lyon-7eme/Agk79m4b4rri8ebu,,2026-09-24
1748,Vizzit,985.0,72.0,13.68,Appartement,3 pièce - 2 chambre - 72 m² - s - s,72 m² - 3 pièces - 2 chambres,"Votre Regie Galyo a le plaisir de vous proposer à la location, proche des transports en commun, des commerces et de toutes commodités, cet appartement T3 de 72m².  Au 2ème étage d'une résidence sécurisée située 30 rue Bancel, ils se compose d'un hall d'entrée, d'une cuisine, d'un séjour, de deux chambres, d'une salle de bains et d'un WC séparé.  Zone soumise à encadrement des loyers : Loyer de référence majoré: 1090.65 euros HC Loyer de référence : 908.88 euros HC  Contact : Axelle",69007,Lyon,45.747438,4.839238,https://www.vizzit.fr/fr/property/appartement/lyon-7eme/Akrqhgw6se3ccxyq,,2026-09-24
1551,Vizzit,1501.0,83.0,18.08,Appartement,3 pièce - 83 m² - s,83 m² - 3 pièces,,69007,Lyon,45.74746,4.84605,https://www.vizzit.fr/fr/property/appartement/lyon-7eme/Arw3abntototd32l,,2026-09-24
1320,Vizzit,1035.0,66.0,15.68,Appartement,3 pièce - 2 chambre - 66 m² - s - s,66 m² - 3 pièces - 2 chambres,"Proche des commerce du cours Charlemagne, des transports : bus, tram, métro et train. Découvrez ce T3 de 66 m² comprenant une entrée un séjour avec cuisine ouverte aménagée et équipée, deux chambres, une salle d'eau et WC indépendants. Chauffage individuel électrique.  Logement soumis à l'encadrement des loyers : Loyer de référence : 801,75 € loyer de référence majoré : 960,77 € Complément de loyer : 87,23 € se justifiant par l'absence de vis-à-vis.  Contact : Axelle",69002,Lyon,45.747997,4.819371,https://www.vizzit.fr/fr/property/appartement/lyon-2eme/Aw6bedzcmixalr4z,,2026-09-24
1704,Vizzit,1032.0,68.0,15.18,Appartement,3 pièce - 68 m² - s,68 m² - 3 pièces,"10 Rue Saint Isidore 69003 Lyon, à proximité des commerces et des transports (Tram T3 / Arrêt Reconnaissance Balzac), situé au 1er étage sans ascenseur, venez découvrir cet appartement T3 entièrement refait et doté d'une pièce de vie lumineuse et spacieuse avec cuisine ouverte, meublée et équipée. Vous trouverez également deux chambres ainsi qu'une salle de bains.Le chauffage et l'eau chaude sont individuels électriques. La location pourra être déléguée à Foncia Développement et Location.",69008,Lyon,45.74832230857309,4.865844357755001,https://www.vizzit.fr/fr/property/appartement/lyon-8eme/A8mi2i0lamrxiuvu,,2026-09-24
1550,Vizzit,950.0,53.0,17.92,Appartement,2 pièce - 53 m² - s,53 m² - 2 pièces,,69003,Lyon,45.74884,4.86782,https://www.vizzit.fr/fr/property/appartement/lyon-3eme/Aeyl8g4ehffalvix,,2026-09-24
1514,Vizzit,994.0,50.0,19.88,Appartement,2 pièce - 1 chambre - 50 m² - s,50 m² - 2 pièces - 1 chambre,"À louer, appartement de type 2 de 50m² situé au 4ème étage, entièrement meublé. Il comprend un hall, une cuisine équipée, un séjour, une chambre, une salle de bains, des WC séparés et un balcon privatif. L'appartement dispose également d'un garage fermé en sous sol. Disponible le 13 octobre A quelques pas du métro D. Loyer de référence majoré (loyer de base à ne pas dépasser): 909€ loyer de base: 909€ complément de loyer 118€.",69003,Lyon,45.74918,4.86579,https://www.vizzit.fr/fr/property/appartement/lyon-3eme/Ajnu9dtlpftuhnoa,,2026-09-24
1703,Vizzit,1361.0,104.0,13.09,Appartement,4 pièce - 3 chambre - 104 m² - s - s,104 m² - 4 pièces - 3 chambres,"152 Cours Gambetta 69007 Lyon À deux pas de la Gare de la Part-Dieu et des transports en commun. Situé au dernier étage avec ascenseur d'un bel immeuble ancien, cet appartement séduira par sa vue exceptionnelle ainsi que par la qualité de sa rénovation. Cet appartement de type T4 se compose d'un beau séjour avec parquet, cheminée et balconnet donnant sur une cuisine meublée, suivie de trois belles chambres (dont une avec balcon, une avec une petite salle d'eau, et une avec dressing), d'une salle de bains et des WC séparés. Les charges comprennent le chauffage, l'eau froide ainsi que l'entretien des parties communes. La visite virtuelle: COLOCATION REFUSEE. Disponible immédiatement. /! \ Pour visiter, rien de plus simple: faites la demande de contact en complétant le formulaire et vous recevrez un lien qui vous permettra de réserver une visite. Si vous n'avez aucun créneau de visite disponible à la réservation, cela signifie que le nombre maximum de visites prévu pour le moment a été atteint. /! \.",69007,Lyon,45.74974,4.85847,https://www.vizzit.fr/fr/property/appartement/lyon-7eme/Abd3ejyqin1e0p1i,,2026-09-24
1436,Vizzit,1178.0,74.0,15.92,Appartement,4 pièce - 74 m² - s,74 m² - 4 pièces,"14 Boulevard Jean XXIII 69008 - Era Lyon 7 vous propose à la location ce T4 de 73,51m² meublé au 4ème étage avec ascenseur d'une copropriété bien entretenue et sécurisée.  En entrant vous découvrirez un séjour, une cuisine séparée aménagée et équipée, trois chambres dont deux avec accès à la terrasse, une salle de bain et WC séparé.  Loyer CC : 1 255€ dont 75€ de provision de charges comprenant les charges de copropriété. Dépôt de garantie : 2 360€ Honoraires de location à la charge du locataire : 964,46€ dont 222,74€ d'honoraires d'état des lieux.  Disponible le 03/10.  DPE en cours. Bien soumis à l'encadrement des loyers.",69008,Lyon,45.74975753877265,4.884937319946989,https://www.vizzit.fr/fr/property/appartement/lyon-8eme/Adsk5m22anfvsvx2,,2026-09-24
1405,Vizzit,760.0,28.0,27.14,Appartement,1 pièce - 28 m²,28 m² - 1 pièce,"Au 9 rue du Pr Paul Sisley, à proximité du tramway T3 (Dauphiné Lacassagne), du métro D (Sans Souci) et des commerces, ERA Lacassagne vous propose à la location cet appartement T1 lumineux de 28m2, rénové et meublé. Situé au 2ème étage d'une belle copropriété arborée avec gardiens, au calme, il comprend: une pièce de vie de 18 m2 ouvrant sur un petit balcon orienté Sud-Est, une cuisine semi-ouverte aménagée et équipée, une salle de bains-WC avec emplacement lave-linge. Une place de parking en sous-sol complète l'ensemble. Local à vélos dans la résidence. Appartement disponible le 1er octobre. Loyer 810€ charges comprises dont 30€ de forfait charges. Dépôt de garantie 1560€. Honoraires TTC à la charge du locataire 366€ dont 84€ pour état des lieux. L'Etat des Risques et Pollution peut être consulté sur",69003,Lyon,45.75011,4.864925,https://www.vizzit.fr/fr/property/appartement/lyon-3eme/Algj5799c74fms81,,2026-09-24
1729,Vizzit,1135.0,85.0,13.35,Appartement,3 pièce - 2 chambre - 85 m² - s - s,85 m² - 3 pièces - 2 chambres,"Proche du Point du Jour et de toutes ses commodités (boulangeries, boucherie, restaurants, tabac-presse, pharmacie, etc), Au 1er étage dans une résidence calme et arborée, découvrez ce superbe T3 de 85,10 m², traversant et lumineux avec deux balcons. Le logement se compose d'une entrée avec rangements et placards, d'un grand séjour de près de 25m², d'une cuisine séparée de 11m², de deux chambres spacieuses de 13,68 m² et 13,65 m², d'une salle de bain moderne et d'un WC séparé. Chauffage au gaz compris dans les charges collectives.  Logement soumis à l'encadrement des loyers : - Loyer de référence : 927,59 € - Loyer de référence majoré : 1114,81 €  Contact : Axelle",69005,Lyon,45.750358,4.807705,https://www.vizzit.fr/fr/property/appartement/lyon-5eme/An4ssqeq9zy4hzyq,,2026-09-24
1337,Vizzit,900.0,39.0,23.08,Appartement,2 pièce - 1 chambre - 39 m² - s,39 m² - 2 pièces - 1 chambre,"Agréable T2 meublé de 39,62 m², situé cours Docteur Long, Lyon 3e, dans le secteur recherché de Montchat. Situé au 3e étage d'une résidence récente datant de 2015, l'appartement se compose de une cuisine équipée et aménagée ouverte sur le séjour, un séjour lumineux donnant accès à un balcon, une chambre et une salle de bains avec WC. Le +: Un balcon et un garage privatif en sous-sol complète le bien. chauffage collectif eau chaude collective eau froide individuelle. Disponible au 05/10/26 Loyer: 877€ + 82€ = 959€ Dépôt de garantie: 1754€ Honoraires de location: 396.20€ (visites, constitution de dossiers et rédaction de bail) + 118.86€ (frais état des lieux) = 515.06€ Zone soumise à encadrement des loyers Complément de loyer déjà inclus: 65€ (garage + balcon) Loyer majoré: 20.50€/m² Loyer de référence: 17.10€/m² DPE noté: C-110 Gaz à effet de serre noté: C-21 Estimation des dépenses annuelles d'énergie: entre 350€ et 510€ Année de référence des prix de l'énergie: Les informations sur les risques auxquels ce bien est exposé sont disponibles sur le site Géorisques: La taxe d'ordure ménagère n'est pas comprise dans les charges, celle ci sera quittancée en sus.",69008,Lyon,45.750589171083405,4.887049846487487,https://www.vizzit.fr/fr/property/appartement/lyon-8eme/A2av3q05x7smxiz7,,2026-09-24
1632,Vizzit,1408.0,70.0,20.11,Appartement,3 pièce - 2 chambre - 70 m² - s - s,70 m² - 3 pièces - 2 chambres,"T3 - NON MEUBLÉ - LYON 3 Century 21 Le 7 de Cœur vous propose à la location d'un T3 de 70 m², situé au 3 étage avec ascenseur d'une résidence sécurisée et parfaitement entretenue. Vous apprécierez son emplacement idéal, à proximité immédiate des transports en commun : - Métro D arrêt Garibaldi à 10 minutes à pieds, - Tram 4 arrêt Archives Départementales à 7 minutes à pieds. Bénéficiant d'une vue dégagée sur cour, cet appartement lumineux se compose d'une entrée, d'une spacieuse pièce de vie avec une cuisine ouverte Mobalpa, aménagée et entièrement équipée, ouvrant sur un agréable balcon. L'espace nuit offre deux chambres, dont une avec accès direct au balcon, une salle d'eau moderne avec douche à l'italienne, ainsi que des WC séparés. Un garage est disponible en supplément pour 130 € par mois charges comprises. Charges : - Eau froide individuelle - Eau chaude individuelle électrique - Chauffage individuel électrique Disponible à partir du 28 septembre 2026 ! Complément de loyer : 316,24 €, justifié par la présence d'une cuisine Mobalpa aménagée et équipée comprenant des plaques de cuisson, une hotte, un four, un lave-vaisselle et une machine à laver.",69003,Lyon,45.750645,4.874581,https://www.vizzit.fr/fr/property/appartement/lyon-3eme/Ayol3vart8b4d5tk,,2026-09-24
1411,Vizzit,576.0,39.0,14.77,Appartement,39 m²,39 m²,"Tout savoir sur ce bien           EXCLUSIVITÉ - T1- 69003  Votre Cabinet Citya Barioz vous propose à la location, un appartement nu 1 pièce de 39,81 m² au 99 avenue Lacassagne 69003 LYON. Situé au 8eme et dernier étage, venez découvrir ce spacieux studio composé d'une entrée avec placard, d'une pièce de vie avec coin cuisine équipée (meubles, lave vaisselle, lave linge et plaques de cuisson) donnant sur un balcon avec vue dégagée et d'une salle de bains avec WC.     Voir plus     L'appartement possède un chauffage individuel alimenté à l'électricité. Une place de parking et une cave complètent cette location.  Il y a des écoles de tous niveaux (de la maternelle au lycée) à moins de 10 minutes à pied. Côté transports en commun, on trouve 11 lignes de bus, la ligne de métro D (Monplaisir Lumière) ainsi que les stations de tramway Dauphiné-Lacassagne (ligne T3), Reconnaissance-Balzac (ligne T3) et Grange Blanche (lignes T5 et T2) dans un rayon de 1 km. Des autoroutes et la nationale N346 sont accessibles à moins de 9 km. Pour vos loisirs, vous pourrez compter sur un théâtre. Il y a un grand choix de restaurants et trois bureaux de poste. Zone soumise à l'encadrement des loyers : - Loyer de référence : 658,85 € HC - Loyer de référence majoré (loyer de base à ne pas dépasser) : 789,83€ HC  Votre agence vous invite à découvrir toutes les originalités de cet appartement à louer en prenant RDV avec l'un de nos négociateurs immobilier. Le bien est soumis au statut de la copropriété.  Loyer de 614,80 euros par mois charges comprises dont 37,00 euros par mois de provision pour charges (soumis à la régularisation annuelle). Soit avec Assurance Habitation et Assistance ( 18.00 euros ) : 632,80 euros. Les honoraires charge locataire sont de 517,53 euros ( soit 13,00 euros/m² ) dont 120,62 euros pour état des lieux ( soit 3,03 euros/m² ). Vous pouvez consulter les barèmes d'honoraires à l'adresse suivante : bareme-location Montant estimé des dépenses annuelles d'énergie pour un usage standard : entre 800 et 1 100 euros. Prix moyens des énergies indexés en 2023. Zone soumise à encadrement des loyers. Le loyer de base du bien proposé est de 577,8 euros, le loyer de référence majoré (fixé par arrêté préfectoral) est de 792,219 eurosLes informations sur les risques auxquels ce bien est exposé sont disponibles sur le site Géorisques : . Service facultatif. Contribution annuelle ""attentats"" non comprise. Voir conditions en agence.",69003,Lyon,45.75074,4.87474,https://www.vizzit.fr/fr/property/appartement/lyon-3eme/Aycu4ippke104clx,,2026-09-24
1726,Vizzit,990.0,73.0,13.56,Appartement,3 pièce - 2 chambre - 73 m² - s - s,73 m² - 3 pièces - 2 chambres,"RUE DE LA CHARITE 69002 LYON Proche de toutes les commodités, commerces et transports en commun.  Appartement T3 composé d'une entrée, d'une cuisine aménagée et équipée (éléments hauts et bas, plaques de cuisson) ouverte sur le séjour, de deux chambres avec placards, d'une salle de bains et de wc indépendants.  Bien soumis à l'encadrement des loyers : - Loyer de référence : 964.39 € - Loyer de référence majoré : 1 154.35 €  Contact : Eva",69002,Lyon,45.751484,4.830921,https://www.vizzit.fr/fr/property/appartement/lyon-2eme/A9q45u0u92bpdwkb,,2026-09-24
1727,Vizzit,1079.0,51.0,21.16,Appartement,2 pièce - 1 chambre - 51 m² - s,51 m² - 2 pièces - 1 chambre,"T2 avec terrasse - Secteur Saint-Louis / Saxe-Gambetta - À deux pas du métro Saxe-Gambetta, Grande rue de la Guillotière - Beau T2 meublé en très bon état, disponible de suite  Ce T2 meublé de 51m² offre de très belles prestations : Une entrée accueillante avec placard et coin bureau Une spacieuse pièce de vie lumineuse avec belle hauteur sous plafond Une cuisine US haut de gamme, entièrement équipée dont lave-vaisselle, lave-linge et réfrigérateur/congélateur... Accès direct à une agréable terrasse de 25 m², idéale pour vos moments de détente Une chambre confortable avec rangements sur mesure Une salle d'eau attenante avec WC Appartement lumineux, parfaitement agencé et entièrement rénové avec goût, à proximité immédiate des commerces, transports et toutes commodités.  Loyer : 1050€ + 100 € de charges (Chauffage, eau froide, eau chaude) Honoraires : 515.90€ + 154.92 € d'état des lieux Dépôt de garantie : 2100€  Loyer de référence : 751.61 € Loyer de référence majoré : 899.89 € Complément loyer : 150.11€ pour la terrasse de 25m² et tous les équipements complémentaires au décret de la location meublée  .  Régie Pozetto 106 Boulevard des Belges 69006 LYON. Loyer de 1 150,00 euros par mois charges comprises dont 100,00 euros par mois de provision pour charges (soumis à la régularisation annuelle). Les honoraires charge locataire sont de 670,83 euros ( soit 13,12 euros/m² ) dont 154,92 euros pour état des lieux ( soit 3,03 euros/m² ).",69007,Lyon,45.752176,4.8478934,https://www.vizzit.fr/fr/property/appartement/lyon-7eme/Ak0bcfo2umqixjas,,2026-09-24
1663,Vizzit,821.0,62.0,13.24,Appartement,2 pièce - 1 chambre - 62 m² - s,62 m² - 2 pièces - 1 chambre,"Votre Régie Galyo a le plaisir de vous proposer à la location, proche des transports en commun, commerces et de toutes commodités, cet appartement 2 pièces de 62m²  Au 3ème étage d'un copropriété sécurisé située cours Gambetta, il se compose d'une entrée, d'un séjour, d'une cuisine aménagée et équipée, d'une chambre, d'une salle de bains et d'un WC indépendant. Beaucoup de charme, parquet, nombreux rangements.  Logement soumis à l'encadrement des loyers : Loyer de référence : 857.95 euros Loyer de référence majoré : 1032.02 euros  Contact : Eva",69007,Lyon,45.752304,4.851281,https://www.vizzit.fr/fr/property/appartement/lyon-7eme/Ab5dskcjx30a1wlx,,2026-09-24
1668,Vizzit,1140.0,84.0,13.57,Appartement,4 pièce - 3 chambre - 84 m² - s - s,84 m² - 4 pièces - 3 chambres,"Votre Régie Galyo a le plaisir de vous proposer à la location, proche des transports en commun, commerces et de toutes commodités, cet appartement 4 pièces de 95.62m²  Au 2ème étage d'un copropriété sécurisé située cours Gambetta, il se compose d'une grande entrée, d'un séjour avec cuisine ouverte aménagée et équipée, de trois chambres, d'une salle de bains et d'un wc indépendant. Beaucoup de charme, parquet, cheminée décorative, nombreux rangements.  Logement soumis à l'encadrement des loyers : Loyer de référence : 975.09 euros Loyer de référence majoré : 1170.10 euros  Contact : Eva",69007,Lyon,45.752304,4.851281,https://www.vizzit.fr/fr/property/appartement/lyon-7eme/Awjoeiz11q4ep3ns,,2026-09-24
1667,Vizzit,629.0,31.0,20.29,Appartement,1 pièce - 31 m²,31 m² - 1 pièce,"RUE DU DAUPHINE 69003 LYON - QUARTIER SANS SOUCI DAUPHINE Proche de toutes les commodités, commerces et transports en commun  Appartement T1 composé d'une entrée, d'un coin cuisine aménagé et équipée (éléments bas, plaque de cuisson, réfrigérateur) ouvert sur la pièce de vie avec placards et d'une salle de bains avec wc.  Bien soumis à l'encadrement des loyers : - Loyer de référence : 613.43 € - Loyer de référence majoré : 736.75 €  Contact : Pauline",69003,Lyon,45.752456,4.86654,https://www.vizzit.fr/fr/property/appartement/lyon-3eme/Aiqb5co76u1sscxv,,2026-09-24
1721,Vizzit,2810.0,224.0,12.54,Appartement,7 pièce - 6 chambre - 224 m² - s - s,224 m² - 7 pièces - 6 chambres,"Votre Régie Galyo a le plaisir de vous proposer à la location, proche des transports en commun des commerces et de toutes commodités, cet appartement T7 de 224m².  Au 3è étage d'une résidence sécurisée, située quai Maréchal Joffre à LYON 2 EME, il se compose, d'une entrée, d'un séjour, d'une cuisine aménagée (meubles Hauts et bas, étagères, plan de travail et hotte.), de six chambres, d'une salle de bains, d'une salle d'eau et de deux WC.  Vous apprécierez son balcon. Le chauffage est collectif et compris dans les charges.  Présence d'un local vélo.  Zone soumise à encadrement des loyers : Loyer de référence : 2759.63 euros HC Loyer de référence majoré : 3320.53 euros HC  Contact : Eva",69002,Lyon,45.752758,4.824779,https://www.vizzit.fr/fr/property/appartement/lyon-2eme/Alelgx0js7xm5qyr,,2026-09-24
1518,Vizzit,887.0,59.0,15.03,Appartement,3 pièce - 59 m² - s,59 m² - 3 pièces,,69003,Lyon,45.75307,4.8686,https://www.vizzit.fr/fr/property/appartement/lyon-3eme/Aslgwygnetjbwu5b,,2026-09-24
1315,Vizzit,929.0,59.0,15.75,Appartement,2 pièce - 1 chambre - 59 m² - s,59 m² - 2 pièces - 1 chambre,"Votre Régie Galyo a le plaisir de vous proposer à la location, proche des transports en commun, des commerces et de toutes commodités, cet appartement studio de 59m².  Au 2E étage d'une résidence calme, situé RUE DES REMPARTS D'AINAY à Lyon 2eme, il se compose d'un séjour, d'une cuisine séparée aménagée (meubles hauts et bas), d'une chambre et d'une salle de bain avec WC.  Logement soumis à l'encadrement des loyers : loyer de référence : 893.85 € loyer de référence majoré : 1072.62 €  Contact : Eva",69002,Lyon,45.75317,4.829626,https://www.vizzit.fr/fr/property/appartement/lyon-2eme/Agdh8l4ee6hx4arv,,2026-09-24
1697,Vizzit,1689.0,69.0,24.48,Appartement,3 pièce - 2 chambre - 69 m² - s - s,69 m² - 3 pièces - 2 chambres,"7 Place Victor Basch, 69007 Lyon La résidence senior Les Hespérides propose des appartements à la location, alliant indépendance et sérénité. Située au cœur de Lyon, elle offre un cadre sécurisé, proche de toutes les commodités, avec des espaces communs conviviaux, un service de restauration sur place (option), des activités variées (option) pour favoriser les rencontres, et une équipe disponible 24h/24 et 7j/7 pour accompagner les résidents dans leur quotidien. Au sein de cette résidence, et ouverte à tout type de profil (les seniors étant toutefois privilégiés), venez découvrir ce T3 meublé et climatisé d'une superficie de 69 m², situé au 4ᵉ étage avec ascenseur. L'appartement se compose d'une entrée, d'un salon/séjour climatisé donnant accès à un balcon exposé Sud/Ouest, d'un dégagement avec placards intégrés, et d'une cuisine meublée et équipée (plaques, hotte, four, lave-vaisselle et réfrigérateur avec compartiment congélateur). Il comprend également deux chambres avec placards intégrés et climatisation ainsi que deux salles d'eau avec WC, dont une équipée d'un lave-linge. Annexe: un garage en sous-sol. Les charges comprennent l'entretien des parties communes, l'eau chaude et froide, ainsi que les services proposés au sein de la résidence. Disponible immédiatement. /! \ Pour visiter, rien de plus simple: faites la demande de contact en complétant le formulaire et vous recevrez un lien qui vous permettra de réserver une visite. Si vous n'avez aucun créneau de visite disponible à la réservation, cela signifie que le nombre maximum de visites prévu pour le moment a été atteint. /! \.",69007,Lyon,45.75337,4.8477,https://www.vizzit.fr/fr/property/appartement/lyon-7eme/Ak2xth2asvl272jw,,2026-09-24
1617,Vizzit,1713.0,120.0,14.28,Appartement,4 pièce - 3 chambre - 120 m² - s - s,120 m² - 4 pièces - 3 chambres,"A louer, un appartement T4 au troisième étage avec ascenseur, composé de trois chambres, une salle de bain, une salle d'eau, un séjour, une cuisine et un wc séparé.  Chauffage : Individuel au Gaz Eau chaude : Individuelle au Gaz Eau froide : Individuelle  LOYER : 1 762 € Charges : 63 €  DISPONIBLE A PARTIR DU  Loyer de référence : 12.3 € /m² Loyer majoré : 14.8 € /m²",69002,Lyon,45.7533906,4.8302027,https://www.vizzit.fr/fr/property/appartement/lyon-2eme/Ae45cg0ekm3mfhi6,,2026-09-24
1367,Vizzit,641.0,29.0,22.1,Appartement,1 pièce - 29 m²,29 m² - 1 pièce,"Au 5ème étage avec ascenseur, découvrez ce joli appartement de 29m² composé d'une cuisine ouverte d'un séjour avec alcôve faisant office de chambre, et d'une salle d'eau avec WC.  Logement soumis à l'encadrement des loyers : Loyer de référence : 498,29 € Loyer de référence majoré: 597,37 € Complément de loyer : 65,63 € se justifiant par le calme, la luminosité et l'absence de vis-à-vis.  Contact : Axelle",69007,Lyon,45.753469,4.840155,https://www.vizzit.fr/fr/property/appartement/lyon-7eme/Audjmn5mvkcp8gki,,2026-09-24
1734,Vizzit,873.0,50.0,17.46,Appartement,2 pièce - 1 chambre - 50 m² - s,50 m² - 2 pièces - 1 chambre,"Au 5ème étage avec ascenseur, découvrez cet appartement de 54 m² avec joli balcon composé d'une belle entrée, d'un séjour avec placard et cuisine ouverte, d'une chambre avec rangements et alcôve, d'une salle de bains (avec sèche-serviette et arrivée et sortie d'eau pour votre machine à laver), et d'un WC séparé.  Logement soumis à l'encadrement des loyers : - Loyer de référence : 834,15 € - Loyer de référence majoré : 834,15 € - Complément de loyer : 30,85 €  Contact : Axelle",69007,Lyon,45.753469,4.840155,https://www.vizzit.fr/fr/property/appartement/lyon-7eme/A0yacybl80r1nva9,,2026-09-24
1489,Vizzit,1050.0,65.0,16.15,Appartement,3 pièce - 65 m² - s,65 m² - 3 pièces,"RUE DU DOCTEUR REBATEL, à deux pas du quartier MONPLAISIR, ses commerces et transports, nous vous proposons, dans une résidence récent de bon standing, beau T3, composé d'une entrée, une cuisine meublée et semi équipée ouverte sur séjour, un balcon exposé Ouest ,deux chambres, salle de bains, wc séparés, le chauffage est individuel électrique, un garage complète cette location.N'hésitez pas à déposer votre candidature sur La location pourra être déléguée à Foncia Développement et Location.",69008,Lyon,45.75367439921086,4.880303889792695,https://www.vizzit.fr/fr/property/appartement/lyon-8eme/Am47z97d4jwlqxoe,,2026-09-24
1319,Vizzit,1567.0,93.0,16.85,Appartement,3 pièce - 2 chambre - 93 m² - s - s,93 m² - 3 pièces - 2 chambres,"Réf. AN006329 - Imodirect vous propose à la location, rue Sébastien Gryphe à deux pas du métro-Saxe Gambetta, ce très beau T3 meublé, lumineux et traversant de 93m2.  Situé au 4ème étage d'un immeuble de 1958 avec ascenseur, entretenu et ravalé, cet appartement est fonctionnel et en bon état.  Il se compose d'un couloir desservant l'ensemble des pièces, d'un beau séjour double donnant accès au balcon, d'une cuisine équipée ((lave-vaisselle, réfrigérateur, four, hotte, plaques à induction), d'une salle de bain avec baignoire, fenêtre et machine à laver, de deux chambres équipées de placards muraux, d'un wc indépendant et d'un dressing.  Le chauffage est collectif et intégré dans les charges et la production d'eau chaude individuelle électrique.  Une cave vient compléter ce bien.  A visiter sans tarder!  ENCADREMENT DES LOYERS : • Loyer de référence : 13,60 €/m² - soit 1 266,84 €/mois • Loyer de référence majoré : 16,30 €/m² - soit 1 518,35 €/mois  Classe énergétique : D (de 181 à 250).  Les frais d'agence sont de 1 222,13 € maximum.    Pour toute question ou visite, merci de remplir la demande de visite.",69007,Lyon,45.75381,4.845763,https://www.vizzit.fr/fr/property/appartement/lyon-7eme/Aileqa5qducn7aym,,2026-09-24
1435,Vizzit,1457.0,110.0,13.25,Appartement,4 pièce - 110 m² - s,110 m² - 4 pièces,"20 Rue D'Essling 69003 Lyon, à proximité des commerces et des transports (Métro D / Arrêt Garibaldi), situé au 5ème étage avec ascenseur d'un immeuble bien entretenu, venez découvrir cet appartement T4 doté d'une entrée avec rangements, un séjour spacieux et lumineux, une cuisine séparée, équipée et meublée. Vous trouverez également 3 chambres avec rangements dont 2 donnant accès à la terrasse, 2 salles de bains et 1 wc.Le chauffage et l'eau chaude sont individuels au gaz. L'eau froide est individuelle. La location pourra être déléguée à Foncia Développement et Location.",69003,Lyon,45.75402,4.85885,https://www.vizzit.fr/fr/property/appartement/lyon-3eme/A7y7gyszbdo1uz8x,,2026-09-24
1750,Vizzit,1060.0,81.0,13.09,Appartement,5 pièce - 4 chambre - 81 m² - s - s,81 m² - 5 pièces - 4 chambres,"RUE COMMANDANT CHARCOT 69005 LYON Proche de toutes les commodités, commerces et transports en commun, cet appartement T5 est composé d'un hall d'entrée, d'une cuisine séparée donnant sur un balcon, d'un séjour double, de trois chambres, d'une salle d'eau et de wc indépendants. Possibilité de louer un garage en sus 105.99 €/mois (REF11282).  Bien soumis à l'encadrement des loyers : - Loyer de référence : 815.20 € - Loyer de référence majoré : 978.24 €  Conseiller : Axelle",69005,Lyon,45.754525,4.806567,https://www.vizzit.fr/fr/property/appartement/lyon-5eme/Am8s4ujavx6gggpl,,2026-09-24
1743,Vizzit,1248.0,84.0,14.86,Appartement,3 pièce - 2 chambre - 84 m² - s - s,84 m² - 3 pièces - 2 chambres,"Votre Régie Galyo à le plaisir de vous proposer à la location, porche des transports en commun, des commerces et de toutes commodités, cet appartement 3pièces de 85m².  Au 5ème étage avec ascenseur, d'une résidence sécurisée située rue Vaubecour, il se compose d'une entrée, d'un séjour, d'une cuisine séparée et aménagée, de 2 chambres, d'une salle d'eau et d'un WC séparé.  Vous disposerez d'un grenier.  Zone soumise à encadrement des loyers :  Loyer de référence : 1121.87 euros HC Loyer de référence majoré : 1342.84 euros HC  Contact : Eva",69002,Lyon,45.754526,4.826683,https://www.vizzit.fr/fr/property/appartement/lyon-2eme/Afvkcx0q6i20uegz,,2026-09-24
1728,Vizzit,676.0,30.0,22.53,Appartement,1 pièce - 30 m²,30 m² - 1 pièce,"RUE PASTEUR 69007 LYON - QUAIS DU RHONE Proche de toutes les commodités, commerces et transports en commun  Charmant appartement T1 de 30.05 m² (39.14 m² au sol) composé d'une entrée, d'un coin cuisine ouvert sur la pièce de vie, d'une pièce pouvant servir de chambre, d'une salle d'eau et de wc indépendants.  Bien soumis à l'encadrement des loyers : - Loyer de référence : 513.86 € - Loyer de référence majoré : 616.03 € - Complément de loyer : 73.97 €  Contact : Pauline",69007,Lyon,45.754648,4.840979,https://www.vizzit.fr/fr/property/appartement/lyon-7eme/Ad2svnhu0f0sfep3,,2026-09-24
1552,Vizzit,934.0,81.0,11.53,Appartement,3 pièce - 2 chambre - 81 m² - s - s,81 m² - 3 pièces - 2 chambres,"Lyon 3ième - avenue de SAXE  F3 de 81m² atypique lumineux et spacieux, traversant, composé d'une entrée, de deux chambres dont une avec mezzanine, d'un séjour avec alcôve et mezzanine, d'une salle de bains avec double-vasque et branchement lave-linge, d'une cuisine semi ouverte sur le séjour, wc indépendants. beaucoup de charme avec cheminée décorative, beau volume  Logement soumis à l'encadrement de loyer : Loyer de référence : 1023,75 euros Loyer de référence majoré : 1228,50 euros  Contact : Axelle",69003,Lyon,45.754766,4.846988,https://www.vizzit.fr/fr/property/appartement/lyon-3eme/A9i92qr2xz0uew89,,2026-09-24
1674,Vizzit,859.0,64.0,13.42,Appartement,2 pièce - 1 chambre - 64 m² - s,64 m² - 2 pièces - 1 chambre,"RUE PASSET 69007 LYON - QUAIS DU RHONE Proche de toutes les commodités, commerces et transports en commune  Charmant appartement T2, au 3ème étage sans ascenseur, composé d'une entrée, d'une cuisine, d'un séjour avec alcôve, parquet et cheminée décorative, d'une chambre avec alcôve, d'une salle d'eau et de wc indépendants.  Bien soumis à l'encadrement des loyers : - Loyer de référence : 884.44 € - Loyer de référence majoré : 1 063.89 €  Contact : Axelle",69007,Lyon,45.755005,4.840804,https://www.vizzit.fr/fr/property/appartement/lyon-7eme/A1kdkptae9hjlo0v,,2026-09-24
1716,Vizzit,843.0,62.0,13.6,Appartement,2 pièce - 1 chambre - 62 m² - s,62 m² - 2 pièces - 1 chambre,"Au 1er étage, découvrez ce logement de 62 m² composé d'un hall d'entrée en long, d'un beau séjour lumineux avec cheminée décorative de près de 15m² avec alcôve (de 4,57m²), d'une cuisine individuelle avec bloc évier, d'une chambre avec placards et alcôve (de 4,64m²), d'une salle de bains avec lavabo et d'un WC séparé.  Logement soumis à l'encadrement des loyers : - Loyer de référence : 868,71 € - Loyer de référence majoré : 1 044,97 €  Contact : Axelle",69007,Lyon,45.755005,4.840804,https://www.vizzit.fr/fr/property/appartement/lyon-7eme/Au4hgtkesaqy32ck,,2026-09-24
1585,Vizzit,825.0,56.0,14.73,Appartement,2 pièce - 1 chambre - 56 m² - s,56 m² - 2 pièces - 1 chambre,"T2 PROXIMITÉ PART DIEU 92 rue Antoine Charial, 69003 Lyon  Idéalement placé, à proximité de la Part Dieu, venez découvrir ce T2 non meublé de 56,47 m2 au 1er étage avec ascenseur.  Il se compose d'une entrée, d'un séjour avec balcon, d'une cuisine séparée ainsi qu'une chambre et une salle d'eau avec toilette séparé.  Vous disposerez également d'une cave et d'une place de stationnement en sous-sol.  Eau froide, eau chaude et chauffage collectif gaz.  Encadrement des loyers (Lyon & Villeurbanne) :  Loyer hors charges : 690,32 € Charges locatives : 189,20 € (comprenant les consommations d'eau froide, d'eau chaude, de chauffage et l'entretien des parties communes)  TOTAL MENSUEL : 879,52 €  Dépôt de garantie : 690,32€  Montant de loyer de référence : 12,80 €/m2 Montant de loyer de référence majoré : 15,40€/m2  Frais de mise en location et d’état des lieux :  Frais d'agence : 569,78€ Frais d'état des lieux : 171,10€  Pour déposer votre candidature : DOSSIER FACILE",69003,Lyon,45.755042794085256,4.864691282162304,https://www.vizzit.fr/fr/property/appartement/lyon-3eme/Avzuyevf2q662a0u,,2026-09-24
1730,Vizzit,859.0,42.0,20.45,Appartement,1 pièce - 42 m²,42 m² - 1 pièce,"Quartier Saint-Just, proche de toutes commodités (boulangerie, petit supermarché, cafétaria, pharmacie et de nombreux parcs), des écoles (Lycée Saint-Just, Grandes écoles préparatoires) et du Funiculaire F1 (allant au Métro D arrêt 'Vieux Lyon'), découvrez ce joli appartement de de 42,18 m² composé d'une entrée, d'un séjour lumineux avec coin cuisine aménagée et équipée (réfrigérateur, congélateur, plaques, hotte, four, micro-ondes, etc), d'un espace chambre avec de nombreux rangements et un paravent mobile pour créer une intimité, d'une salle d'eau avec machine à laver et WC.  Logement soumis à l'encadrement des loyers : - Loyer de référence : 814,07 € - Loyer de référence majoré : 978,58 €  Contact : Axelle",69005,Lyon,45.755206,4.819181,https://www.vizzit.fr/fr/property/appartement/lyon-5eme/A28jicj2y5syx35h,,2026-09-24
1744,Vizzit,826.0,51.0,16.2,Appartement,2 pièce - 1 chambre - 51 m² - s,51 m² - 2 pièces - 1 chambre,"Votre Regie Galyo à le plaisir de vous proposer à la location proche des transports en commun, des commerces et de toutes commodités, cet appartement T2 de 51m².  Au 5ème étage, d'une résidence sécurisée située rue Villeroy, il se compose d'une entrée, d'un grand séjour, d'une cuisine séparée, d'une chambre, d'un salle de bains, wc séparée.  Un garage est compris dans la location. L'eau froide est comprise dans les charges.  Zone soumise à encadrement des loyers :  Loyer de référence : 740.12 euros HC Loyer de référence majoré : 888.27 euros HC  Contact : Eva",69003,Lyon,45.755239,4.848317,https://www.vizzit.fr/fr/property/appartement/lyon-3eme/Awy64gbfpdyc4yfh,,2026-09-24
1594,Vizzit,1133.0,75.0,15.11,Appartement,4 pièce - 75 m² - s,75 m² - 4 pièces,"133 COURS ALBERT THOMAS, dans une résidence sécurisée, venez découvrir ce T4 de 75,49m2 au 7ème étage avec ascenseur. Il se compose d'une entrée avec placard, un séjour en parquet donnant sur un premier balcon, une cuisine indépendante donnant sur un deuxième balcon, trois chambres en parquet, une salle d'eau, wc séparé. Cave. Chauffage et eau froide collectif. eau chaude individuel. La location pourra être déléguée à Foncia Développement et Location.",69003,Lyon,45.75545,4.85852,https://www.vizzit.fr/fr/property/appartement/lyon-3eme/Agcr0qx8ul961knw,,2026-09-24
1586,Vizzit,1553.0,112.0,13.87,Appartement,4 pièce - 3 chambre - 112 m² - s - s,112 m² - 4 pièces - 3 chambres,"RUE AUGUSTE COMTE - LYON 2EME  Proche de la place Bellecour, de toutes les commodités et des transports en communs (Métro lignes A et D ainsi que de nombreux bus), au 4ème étage sans ascenseur, découvrez ce magnifique logement plein de charme, de cachet et très lumineux d'une superficie de 112 m². Le logement se compose d'une belle entrée de plus de 10m² avec rangements, d'un magnifique séjour de 27m² avec cheminée décorative, rangements, et alcôve (de 5m²), de 3 chambres (l'une avec placards de près de 20m², la seconde de près de 15m² avec alcôve, et la troisième de 8m². Le logement dispose d'une belle cuisine indépendante, aménagée et équipée de 10m², d'une salle de bains et d'un WC séparé.  Logement soumis à l'encadrement des loyers : - Loyer de référence : 1 387,44 € - Loyer de référence majoré : 1 669,44 €  Contact : Axelle",69002,Lyon,45.755914,4.831682,https://www.vizzit.fr/fr/property/appartement/lyon-2eme/A39e275th2r6hjkj,,2026-09-24
1478,Vizzit,1774.0,146.0,12.15,Appartement,5 pièce - 4 chambre - 146 m² - s - s,146 m² - 5 pièces - 4 chambres,"Votre Régie Galyo a le plaisir de vous proposer à la location, proche des transports en commun, des commerces et de toutes commodités, cet appartement T5 de 146.09m².  Au 4 ème étage d'une copropriété sécurisée située rue Victor Hugo, il se compose d'une entrée, d'un séjour, d'une salle à manger avec alcôve, d'une cuisine séparée, de 3 chambres, d'une salle d'eau, d'un salle de bain et 2 WC.  Zone soumise à encadrement des loyers : Loyer de référence : 1796.91 euros HC Loyer de référence majoré : 2162.13 euros HC  Contact : Pauline",69002,Lyon,45.755953,4.830902,https://www.vizzit.fr/fr/property/appartement/lyon-2eme/Asig77xt1jr5tkkx,,2026-09-24
1441,Vizzit,507.0,27.0,18.78,Appartement,1 pièce - 27 m²,27 m² - 1 pièce,"La régie Galyo a le plaisir de vous présenter ce charmant T1 de 27,35 m², situé au 1er étage d'une copropriété bien entretenue rue Paul Bert, au cœur du 3ème arrondissement de Lyon, proche des commerces, des transports et de la gare Part-Dieu.  L'appartement se compose d'une cuisine ouverte sur un séjour lumineux agrémenté d'une cheminée décorative, ainsi que d'une salle d'eau avec WC intégrés. Un bien fonctionnel et plein de cachet !  Zone soumise à encadrement des loyers :  Loyer de référence : 467.69 € HC Loyer de référence majoré : 560.68 € HC  Conseiller : Pauline",69003,Lyon,45.755981,4.845207,https://www.vizzit.fr/fr/property/appartement/lyon-3eme/Agzroqc71dt78gdd,,2026-09-24
1711,Vizzit,738.0,33.0,22.36,Appartement,1 pièce - 33 m²,33 m² - 1 pièce,"RUE PAUL BERT 69003 LYON Proche de toutes les commodités, commerces et transports en commun  Appartement T1bis meublé, en rez-de-chaussée, composé d'une entrée, d'une cuisine aménagée et équipée (éléments hauts et bas, plaque de cuisson, réfrigérateur, machine à laver, micro-ondes) ouverte sur la pièce de vie avec placards et cheminée décorative, d'un coin nuit et d'une salle d'eau avec wc.  Bien soumis à l'encadrement des loyers : - Loyer de référence : 638.06 € - Loyer de référence majoré : 766.99 €  Contact : Pauline",69003,Lyon,45.756127,4.873072,https://www.vizzit.fr/fr/property/appartement/lyon-3eme/Ahqnk4kd4xpse0nf,,2026-09-24
1714,Vizzit,1309.0,96.0,13.64,Appartement,3 pièce - 2 chambre - 96 m² - s - s,96 m² - 3 pièces - 2 chambres,"Proche des quais du Rhône et à quelques pas de la ligne du métro D, au deuxième étage avec ascenseur, découvrez ce logement de près de 100 m² composé d'une entrée avec rangements, d'une cuisine séparée et aménagée, d'un séjour avec balcon (et avec cheminée décorative et superbe parquet), de deux chambres dont une avec alcôve, d'une salle de bains avec arrivée et sortie d'eau pour votre machine à laver, et d'un WC séparé. Diagnostic de performance énergétique classé D - Chauffage individuel électrique  Logement soumis à l'encadrement des loyers : - Loyer de référence : 1200,75 € - Loyer de référence majoré : 1440,90 €  Contact : Axelle",69003,Lyon,45.756599,4.842627,https://www.vizzit.fr/fr/property/appartement/lyon-3eme/Algyyikumu025irw,,2026-09-24
1573,Vizzit,1971.0,93.0,21.19,Appartement,3 pièce - 2 chambre - 93 m² - s - s,93 m² - 3 pièces - 2 chambres,"A louer, un appartement T3 d'une superficie de 93m² au 5ème étage avec ascenseur, idéalement situé. L'appartement est calme est lumineux, en excellent état, avec une vue sur Fourvière et sur la Saône. Composé d'un hall d'entrée desservant un grand séjour et une salle à manger avec une cuisine équipée séparée. Pour le coin nuit, il se compose de deux chambres, dont une avec sa propre salle de bains, ainsi que d'une salle d'eau indépendante. L'appartement dispose de nombreux rangements. La climatisation est en cours d'installation.  Chauffage : Individuel électrique Eau froide : Individuelle Eau Chaude : Individuelle électrique  LOYER : 1 950 € CHARGES : 150 €  DISPONIBLE IMMEDIATEMENT  Loyer de référence : 13.2 €/m² Loyer majoré : 15.8 €/m²",69002,Lyon,45.7568737,4.8272183,https://www.vizzit.fr/fr/property/appartement/lyon-2eme/Akjlamzos7xxul4t,,2026-09-24
1733,Vizzit,1107.0,58.0,19.09,Appartement,3 pièce - 2 chambre - 58 m² - s - s,58 m² - 3 pièces - 2 chambres,"Votre Régie Galyo a le plaisir de vous proposer à la location, proche des transports en communs, des commerces et de toutes commodités, cet appartement T3 de 58m².  Au 5ème étage d'une copropriétaire sécurisée située 19 place Bellecour, il se compose, d'une entrée, d'un séjour avec cuisine aménagée (meubles hauts et bas) et équipée (plan de travail, hotte, plaques de cuisson), de deux chambres, d'une salle de bains et d'un WC.  Zone soumise à encadrement des loyers : Loyer de référence : 776.42 euros HC Loyer de référence majoré : 929.36 euros HC Complément de loyer : 220.64 euros  Contact : Eva",69002,Lyon,45.756945,4.833801,https://www.vizzit.fr/fr/property/appartement/lyon-2eme/Ajc364iz5fzj0znh,,2026-09-24
1724,Vizzit,1173.0,65.0,18.05,Appartement,3 pièce - 2 chambre - 65 m² - s - s,65 m² - 3 pièces - 2 chambres,"Idéalement situé, proche de toutes commodités (banques, tabac-presse, boulangeries, supérettes, boutiques de quartier, cinéma, écoles et square) et des transports en commun (Métro D et A et de nombreux bus Place Antonin Poncet), donnant sur cour et au calme, découvrez cet Appartement en excellent état, rénové, calme, et lumineux. Au premier étage sans ascenseur, ce T3 de 65,03 m² est composé d'un superbe séjour de 30m² avec petit dressing, d'un coin cuisine aménagée et équipée d'un évier, de plaques, d'un four et d'un réfrigérateur et freezer et d'une salle d'eau moderne avec douche à l'italienne, sèche-serviette et WC. A l'étage, vous trouverez deux belles chambres avec parquet, les deux ouvertes sur la mezzanine. Chauffage individuel électrique.  Le stationnement dans la cour intérieure est strictement interdit.  Logement soumis à l'encadrement des loyers : - Loyer de référence : 858,40 € - Loyer de référence majoré : 1 027,47 € - Complément de loyer : 152,53 €  Contact : Axelle",69002,Lyon,45.757135,4.833916,https://www.vizzit.fr/fr/property/appartement/lyon-2eme/A20h509jz2upweuw,,2026-09-24
1725,Vizzit,1173.0,66.0,17.77,Appartement,3 pièce - 2 chambre - 66 m² - s - s,66 m² - 3 pièces - 2 chambres,"Idéalement situé en plein cœur de la Presqu'île, à proximité immédiate de toutes les commodités (commerces de quartier, boulangeries, banques, cinéma, tabac-presse, supérettes¿) ainsi que des transports en commun (métros A et D, nombreux bus et parking public place Antonin Poncet), cet appartement T3 de 66,69 m², entièrement rénové, offre un cadre de vie privilégié, au calme, grâce à son exposition sur cour.  L'appartement se compose, au premier niveau, d'une entrée avec espace buanderie, d'une belle pièce de vie lumineuse avec cuisine ouverte aménagée et entièrement équipée (plaques de cuisson, four, lave-vaisselle et réfrigérateur/congélateur), d'une première chambre ainsi que d'un WC indépendant.  À l'étage, une agréable mezzanine avec dressing offre un espace idéal pour un bureau ou un coin lecture. Vous y trouverez également une seconde chambre, une salle de bains et un second WC indépendant. Situé dans un immeuble de caractère inscrit à l'inventaire des Monuments historiques, ce bien allie le charme de l'ancien au confort d'une rénovation récente.  Le chauffage est collectif.  Le stationnement dans la cour intérieure est strictement interdit.  Logement soumis à l'encadrement des loyers : - Loyer de référence : 880,31 € - Loyer de référence majoré : 1 053,70 € - Complément de loyer : 96,30 € pour tenir compte du calme, de l'immeuble inscrit à l'inventaire des monuments historiques, ainsi que la surface mise à disposition et non comptabilisée dans la surface habitable.  Contact : Axelle",69002,Lyon,45.757135,4.833916,https://www.vizzit.fr/fr/property/appartement/lyon-2eme/A3csde80p2ms73x5,,2026-09-24
1709,Vizzit,1778.0,69.0,25.77,Appartement,3 pièce - 2 chambre - 69 m² - s - s,69 m² - 3 pièces - 2 chambres,"T3 - BALCON - PLACE BELLECOUR 12, RUE ANTOINE DE SAINT EXUPERY - 69002 LYON  Merci de nous afin de fixer un RDV.  Venez découvrir ce magnifique T3 de 69,67m2 au sein d'une résidence sécurisée et réhabilitée en 2019.  Ce logement se compose d'une vaste pièce de vie avec cuisine ouverte aménagée et équipée (réfrigérateur, plaques de cuisson, hotte, four, lave-linge, lave-vaisselle) donnant sur un balcon.  La partie nuit comprend deux chambres avec placards, une salle de bains (double vasque) et un WC séparé.  Possibilité de louer un garage en sus du loyer pour un montant de : 250,00€.  Les charges comprennent les consommations d'eau froide, d'eau chaude, de chauffage et l'entretien des parties communes.  Loyer hors charges : 1773,00€ Complément de loyer : 922,21€ compris dans le loyer hors charges (justifié par la réhabilitation récente, une cuisine meublée et équipée ainsi qu'un balcon. Provisions sur charges : 122,00€  TOTAL MENSUEL : 1895,00€  Dépôt de garantie : 1773.00€ Frais d'agence : 702.97€ Frais d'état des lieux : 211.10€  Encadrement des loyers :  Montant de loyer de référence : 13,20 € Montant de loyer majoré : 15,80 €  Un complément de loyer peut être appliqué au loyer de base pour des logements présentant des caractéristiques de localisation ou de confort le justifiant, par comparaison avec les logements de la même catégorie situés dans le même secteur géographique.",69002,Lyon,45.75725,4.82922,https://www.vizzit.fr/fr/property/appartement/lyon-2eme/Akkiot7zzndpymeb,,2026-09-24
1609,Vizzit,2395.0,136.0,17.61,Appartement,4 pièce - 3 chambre - 136 m² - s - s,136 m² - 4 pièces - 3 chambres,"144 rue Vendôme - 69006 LYON  LOCATION BAIL CIVIL D'UN AN LOGEMENT LOUE NON MEUBLE  Nous vous proposons à la location ce beau T4 en plein cœur du centre-ville de Lyon. Situé dans le 6ème arrondissement dans le quartier Edgar Quinet au pied des transports en commun et des établissements scolaires.  L’appartement se compose d’une grande entrée de 18m2 qui dessert chacune des pièces de l'appartement. Vous trouverez un magnifique séjour avec parquet et cheminée de 41m2 avec alcôve, une cuisine indépendante aménagée (frigo, cuisinière gaz, lave vaisselle), trois chambres dont une suite parentale, ainsi qu'une deuxième salle d'eau et un WC séparé.  Vous serez séduit par le charme de l’ancien : cheminées, parquets chevrons, belle hauteur sous plafond, moulures.  Disponible le  Détail du loyer :  Loyer hors charges : 2462.75€ Charges locatives : 90.00€ (comprenant l’entretien des parties communes)  TOTAL MENSUEL : 2552.75€ Dépôt de garantie : 2462.75€  Frais d'agence : 1379,81 € Frais d'état des lieux : 414,35 €  Pour déposer votre candidature :  DOSSIER FACILE",69006,Lyon,45.75892,4.84681,https://www.vizzit.fr/fr/property/appartement/lyon-6eme/Arc6myu7wzn9r3ti,,2026-09-24
1675,Vizzit,530.0,14.0,37.86,Appartement,1 pièce - 14 m²,14 m² - 1 pièce,"Avec IMMOJEUNE, trouvez les meilleurs logements étudiants et jeunes actifs en quelques clics et en toute confiance.  Loyers TOUTES charges comprises (eau froide, fibre, taxe d'ordures ménagères). Hors électricité, eau chaude et chauffage  PMR  Mis à jour le Updated on",69005,Lyon,45.7589226,4.8216273,https://www.vizzit.fr/fr/property/appartement/lyon-5eme/Ahi3i1hzp40rrf8u,,2026-09-24
1745,Vizzit,2975.0,279.0,10.66,Appartement,7 pièce - 6 chambre - 279 m² - s - s,279 m² - 7 pièces - 6 chambres,"Votre Régie Galyo a le plaisir de vous proposer à la location, proche des transports en commun, des commerces et de toutes commodités, cet appartement 7 pièces de 279.98 m².  Au 3ème étage d'une résidence sécurisée située rue Emile Zola, il se compose, d'un séjour, d'une salle à manger, d'un cuisine aménagée et équipée (hotte), de 5 chambres, d'une salle d'eau, d'une salle de bains et de 2 WC.  Zone soumise à encadrement des loyers :  Loyer de référence : 3443.75 euros Hc Loyer de référence majoré : 4143.70 euros HC  Contact : Eva",69002,Lyon,45.758983,4.832605,https://www.vizzit.fr/fr/property/appartement/lyon-2eme/Anr1kbleqanpdspn,,2026-09-24
1440,Vizzit,713.0,38.0,18.76,Appartement,1 pièce - 38 m²,38 m² - 1 pièce,"Lyon - rue Montcharmont à proximité du théâtre des Célestins F1 de 38m² composé d'une entrée, d'un séjour/chambre, d'une cuisine séparée aménagée et équipée, d'une salle de bains avec wc et branchement lave-linge. le + un espace de rangement attenant.  Logement soumis à l'encadrement des loyers Loyer de référence : 679.18 euros Loyer majoré : 815.01 euros  Contact : Eva",69002,Lyon,45.759261,4.831931,https://www.vizzit.fr/fr/property/appartement/lyon-2eme/Awlneqfn7lgc140h,,2026-09-24
1442,Vizzit,842.0,44.0,19.14,Appartement,2 pièce - 1 chambre - 44 m² - s,44 m² - 2 pièces - 1 chambre,"Votre Régie Galyo a le plaisir de vous proposer à la location, proche des transports en commun des commerces et de toutes commodités, cet appartement T2 de 58.78m².  Au 2è étage d'une résidence sécurisée, située rue de la part dieu 69003 Lyon, il se compose, d'une entrée, d'un séjour avec cuisine , d'une chambre avec dressing, d'un bureau, d'une salle de bains, et d'un WC.  Zone soumise à encadrement des loyers :  Loyer de référence : 695.60 euros HC Loyer de référence majore : 833.83 euros HC Complément de loyer : 46.17 euros  Contact : Eva",69003,Lyon,45.759641,4.849418,https://www.vizzit.fr/fr/property/appartement/lyon-3eme/A9f5hesic6ur5dld,,2026-09-24
1708,Vizzit,730.0,37.0,19.73,Appartement,2 pièce - 1 chambre - 37 m² - s,37 m² - 2 pièces - 1 chambre,"Au 3ème étage avec ascenseur, découvrez cet appartement de 37 m² composé d'une entrée dégagée, d'un séjour lumineux, d'une cuisine aménagée de meubles hauts et bas et équipée de plaques de cuisson et d'une hotte, d'un joli comptoir ouvert sur le séjour, d'une chambre et d'une salle d'eau avec WC. Chauffage individuel électrique.  Logement soumis à l'encadrement des loyers : - Loyer de référence : 534,81 € - Loyer de référence majoré : 641,02 € - Complément de loyer : 87,69 € justifié par la vue dégagée sans vis-à-vis direct)  Contact : Axelle",69003,Lyon,45.760078,4.846768,https://www.vizzit.fr/fr/property/appartement/lyon-3eme/A614om7vqci0c1vv,,2026-09-24
1408,Vizzit,554.0,30.0,18.47,Appartement,1 pièce - 30 m²,30 m² - 1 pièce,"Votre Régie Galyo a le plaisir de vous proposer à la location, proche des transports en commun, des commerces et de toutes commodités, cet appartement studio de 30.02m².  Atypique avec une belle luminosité. Au 7E étage d'une résidence calme, situé rue DE JUSSIEU à Lyon 2eme, il se compose d'une pièce de vie, d'une cuisine séparée, aménagée (meubles hauts et bas) et d'un salle de bain avec WC.  Logement soumis à l'encadrement des loyers : loyer de référence : 525.35 € loyer de référence majoré : 630.42 €  Contact : Eva",69002,Lyon,45.761091,4.837474,https://www.vizzit.fr/fr/property/appartement/lyon-2eme/Ask0uu0342fijcs6,,2026-09-24
1715,Vizzit,1173.0,77.0,15.23,Appartement,3 pièce - 2 chambre - 77 m² - s - s,77 m² - 3 pièces - 2 chambres,"RUE PIERRE CORNEILLE 69003 LYON - QUAIS DU RHONE Proche de toutes les commodités, commerces et transports en commun  Appartement T3 composé d'une entrée, d'une cuisine aménagée et équipée (meubles hauts et bas, plaque de cuisson) ouverte sur le séjour, de deux chambres avec placards, d'une salle d'eau et de wc indépendants.  Bien soumis à l'encadrement des loyers : - Loyer de référence : 1 022.47 € - Loyer de référence majoré : 1 223.87 €  Contact : Pauline",69003,Lyon,45.762111,4.844053,https://www.vizzit.fr/fr/property/appartement/lyon-3eme/A4q29zzjxu8xntj8,,2026-09-24
1717,Vizzit,2768.0,157.0,17.63,Appartement,5 pièce - 4 chambre - 157 m² - s - s,157 m² - 5 pièces - 4 chambres,"DUPLEX DE CHARME AU CŒUR DE LYON 43 rue Mercière – 69002 Lyon  N'hésitez pas à nous afin d'organiser une visite.  Venez découvrir, au sein d'un immeuble de caractère sécurisé, ce magnifique duplex meublé de 157,82 m², situé au 3ᵉ étage avec ascenseur.  Le premier niveau se compose d'une vaste entrée avec de nombreux rangements ainsi que d'un WC. La pièce de vie offre un salon lumineux, un espace salle à manger et une cuisine entièrement aménagée et équipée (réfrigérateur-congélateur, micro-ondes, four, plaque de cuisson, hotte, lave-vaisselle et cafetière). Vous trouverez également une chambre pouvant faire office de bureau.  À l'étage, vous découvrirez deux grandes chambres spacieuses et lumineuses, chacune disposant de nombreux rangements, ainsi qu'une suite parentale avec salle d'eau privative. Ce niveau comprend également une grande salle de bains avec baignoire et douche, un dressing indépendant, un espace buanderie ainsi qu'un WC.  Les charges comprennent l'entretien des parties communes. L'eau chaude et le chauffage sont individuels et électriques. L'appartement dispose de la climatisation.  Conditions financières :  Loyer hors charges : 2 900,00 € Complément de loyer (inclus dans le loyer hors charges) : 264,41 € (justifié par la qualité de l'ameublement et la mise à disposition de mobilier et d'équipements supérieurs à ceux prévus par le décret en vigueur) Provision sur charges : 50,00 € Loyer charges comprises : 2 950,00 €  Dépôt de garantie : 5 800,00 €  Honoraires d'agence : 1 614,40 € Frais d'état des lieux : 484,80 €  Encadrement des loyers : Loyer de référence : 13,90 €/m² Loyer de référence majoré : 16,70 €/m²",69002,Lyon,45.76267,4.83279,https://www.vizzit.fr/fr/property/appartement/lyon-2eme/A0r08xk7wx2ynzmp,,2026-09-24
1747,Vizzit,1337.0,95.0,14.07,Appartement,4 pièce - 3 chambre - 95 m² - s - s,95 m² - 4 pièces - 3 chambres,"Votre Régie Galyo a le plaisir de vous proposer à la location, proche des transports en commun, commerces et de toutes commodités, cet appartement 4 pièces de 95.62m²  Dans bel immeuble ancien en étage élevé avec vue sur la Saône composé d'une grande entrée, d'un séjour avec cuisine ouverte aménagée et équipée, de trois chambres dont une suite parentale avec salle d'eau, d'une salle de bains et de wc indépendant. Beaucoup de charme, parquet, cheminée décorative, nombreux rangements et dressing.  Logement soumis à l'encadrement des loyers : Loyer de référence : 1176.13 euros Loyer de référence majoré : 1415.18 euros Complément de loyer de : 14.82 euros.  Contact : Eva",69005,Lyon,45.762789,4.828889,https://www.vizzit.fr/fr/property/appartement/lyon-5eme/Ax0uur0y8ce1iggz,,2026-09-24
1732,Vizzit,929.0,49.0,18.96,Appartement,1 pièce - 49 m²,49 m² - 1 pièce,"Quartier Vieux-Lyon, à quelques pas du Métro D (Arrêt 'Vieux Lyon'), idéalement situé pour profiter pleinement du charme historique du quartier et de ses commerces, découvrez cet appartement meublé de 49 m² composé d'un séjour avec coin cuisine entièrement aménagée et équipé (lave-vaisselle, lave linge, plaques induction, hotte, micro-ondes, évier...) et d'un WC. L'appartement bénéficie d'une configuration particulièrement privilégiée : situé sur l'une des terrasses intérieures de l'immeuble emblématique de la Tour Rose, il s'ouvre sur un espace à ciel ouvert, à l'abri de l'animation extérieure offrant un cadre particulièrement serein.  Logement soumis à l'encadrement des loyers : - Loyer de référence : 970,20 € - Loyer de référence majoré : 1 166,20 €  Contact : Axelle",69005,Lyon,45.76288,4.827118,https://www.vizzit.fr/fr/property/appartement/lyon-5eme/Arkrhqwpuk3m0drp,,2026-09-24
1694,Vizzit,633.0,23.0,27.52,Appartement,2 pièce - 1 chambre - 23 m² - s,23 m² - 2 pièces - 1 chambre,"Votre Régie Galyo a le plaisir de vous proposer à la location, proche des transports en commun, des commerces et de toutes commodités, cet appartement T2 de 23m².  Au 2ème étage d'un résidence sécurisée, située rue GRENETTE il se compose d'un coin cuisine équipée (plaque de cuisson, réfrigérateur) ouvert sur la pièce de vie, d'une chambre et d'une salle d'eau avec wc.  Le chauffage, l'eau chaude ainsi que l'eau froide sont collectifs et compris dans les charges.  Bien soumis à l'encadrement des loyers : - Loyer de référence : 349.65 € - Loyer de référence majoré : 419.58 € - Complément de loyer : 75.42 €  Contact : Eva",69002,Lyon,45.763246,4.83291,https://www.vizzit.fr/fr/property/appartement/lyon-2eme/Ahymb0085kyu2s9y,,2026-09-24
1720,Vizzit,1454.0,98.0,14.84,Appartement,3 pièce - 2 chambre - 98 m² - s - s,98 m² - 3 pièces - 2 chambres,"Votre Régie Galyo a le plaisir de vous proposer à la location, proche des transports en commun des commerces et de toutes commodités, cet appartement T3 de 98m².  Au 3è étage d'une résidence sécurisée, située rue de brest à LYON 2 EME, il se compose, d'une entrée, d'un séjour, d'une cuisine, de deux chambres, d'une salle de bains, et d'un WC.  Zone soumise à encadrement des loyers : Loyer de référence : 1304.95 euros HC Loyer de référence majoré : 1561.99 euros HC  Contact : Eva",69002,Lyon,45.763526,4.833174,https://www.vizzit.fr/fr/property/appartement/lyon-2eme/Adpe2ltf35lgahuj,,2026-09-24
1753,Vizzit,2346.0,218.0,10.76,Appartement,6 pièce - 5 chambre - 218 m² - s - s,218 m² - 6 pièces - 5 chambres,"La régie Galyo a le plaisir de vous présenter ce magnifique appartement T6 de 218,35m², situé au 107 cours Lafayette, au cœur du 6ème arrondissement de Lyon. Vous profitez ici d'un emplacement central et prestigieux à proximité immédiate de la Gare Part-Dieu, des Halles Paul Bocuse, des commerces, des transports (métro, tram, bus) et de toutes les commodités. Ce bien se compose d'une belle entrée, d'un vaste séjour lumineux avec cheminée décorative, de cinq chambres, d'une salle de bain et de WC séparés.  Zone soumise à encadrement des loyers  Loyer de référence : 2685.71 euros HC Loyer de référence majoré : 3231.58 euros HC  Conseillère : Eva",69006,Lyon,45.763727,4.850677,https://www.vizzit.fr/fr/property/appartement/lyon-6eme/Al7rqgpd7xus117b,,2026-09-24
1742,Vizzit,1708.0,107.0,15.96,Appartement,5 pièce - 4 chambre - 107 m² - s - s,107 m² - 5 pièces - 4 chambres,"QUAI SARRAIL 69006 LYON Proche de toutes les commodités, commerces et transports en commun.  Appartement T5 au 3eme étage, composé d'un hall d'entrée, d'une cuisine aménagée (éléments hauts et bas), d'un salon, d'une salle à manger, de trois chambres, d'une salle d'eau avec wc, d'une salle de bains et de wc indépendants.  Bien soumis à l'encadrement des loyers : - Loyer de référence : 1 322 € - Loyer de référence majoré : 1 590.70€ - Complément de loyer : 89.3€  Contact : Eva",69006,Lyon,45.764281,4.841858,https://www.vizzit.fr/fr/property/appartement/lyon-6eme/Azngrh6e3obdzum0,,2026-09-24
1713,Vizzit,863.0,58.0,14.88,Appartement,2 pièce - 1 chambre - 58 m² - s,58 m² - 2 pièces - 1 chambre,"Votre Régie Galyo a le plaisir de vous proposer à la location, proche des transports en commun des commerces et de toutes commodités, cet appartement T2 de 58.78m².  Au 4è étage d'une résidence sécurisée, située rue lainerie 69005 Lyon, il se compose, d'une entrée, d'un séjour avec cuisine , d'une chambre avec dressing, d'un bureau, d'une salle de bains, et d'un WC.  L'eau froide est comprise dans les charges.  Zone soumise à encadrement des loyers :  Loyer de référence : 828.80 euros HC Loyer de référence majore : 993.38 euros HC  Contact : Eva",69005,Lyon,45.764938,4.828043,https://www.vizzit.fr/fr/property/appartement/lyon-5eme/A3xjv6c0kuy7yxqn,,2026-09-24
1368,Vizzit,1501.0,40.0,37.52,Appartement,2 pièce - 1 chambre - 40 m² - s,40 m² - 2 pièces - 1 chambre,"RESIDENCE LES EUMENIDES RESIDENCE SENIOR Découvrez ce T2 au 6ème étage avec ascenseur d'une superficie de 40 m2, il se compose d'une entrée, d'un grand séjour donnant sur une terrasse, d'un coin kitchenette, d'une chambre avec placard et d'une salle d'eau avec WC.  Détail des prestations de la résidence :  Contact : Madame Marine GUINAND .",69006,Lyon,45.764977,4.847963,https://www.vizzit.fr/fr/property/appartement/lyon-6eme/A53dmczq3lq916be,,2026-09-24
1723,Vizzit,2339.0,65.0,35.98,Appartement,3 pièce - 2 chambre - 65 m² - s - s,65 m² - 3 pièces - 2 chambres,"RÉSIDENCE SÉNIOR : Proche de toutes les commodités, commerces et transports en commun. Au 6ème étage avec ascenseur, découvrez ce joli T3 au calme de 65 m² composé d'un hall d'entrée avec rangements, d'un beau dégagement, d'une cuisine aménagée et équipée (éléments hauts et bas, plaque de cuisson) d'un séjour lumineux de 20m² donnant sur un petit balcon de 3m² avec store, de deux chambres de 9 et 13m² avec rangements, d'une salle de douche avec sèche-serviette et bidet et d'un WC séparé. Une place de parking au premier sous-sol est proposée avec ce logement. Chauffage individuel électrique.  Détail des prestations de la résidence :  Logement soumis à l'encadrement des loyers : - Loyer de référence 839,41 € - Loyer de référence majoré : 1005,96 € - Complément de loyer : 287,51 € justifié par l'absence de vis-à-vis.  Contact : Axelle",69006,Lyon,45.764977,4.847963,https://www.vizzit.fr/fr/property/appartement/lyon-6eme/A1ueywgty6mk4ei2,,2026-09-24
1364,Vizzit,563.0,20.0,28.15,Appartement,1 pièce - 20 m²,20 m² - 1 pièce,"Rue Juiverie dans le charmant quartier de Vieux-Lyon, proche de toutes commodités et du métro Ligne D (Arrêt 'Vieux Lyon'), découvrez ce studio situé au 4ème étage avec ascenseur. Entièrement rénové, ce logement se compose d'une pièce principale avec cuisine ouverte équipée et aménagée (meubles hauts et bas, plaque de cuisson, arrivée d'eau et évacuation pour branchement machine à laver), et d'une salle d'eau avec WC. Chauffage et eau chaude individuels électriques. L'eau froide est individuelle.  Logement soumis à l'encadrement des loyers : - Loyer de référence : 359,04 € - Loyer de référence majoré : 430,44 €  Contact : Axelle",69005,Lyon,45.765282,4.827387,https://www.vizzit.fr/fr/property/appartement/lyon-5eme/A7pbux0zo3p18la7,,2026-09-24
1412,Vizzit,809.0,67.0,12.07,Appartement,3 pièce - 2 chambre - 67 m² - s - s,67 m² - 3 pièces - 2 chambres,"Votre Régie Galyo a le plaisir de vous proposer à la location, proche des transports en commun, des commerces et de toutes commodités, cet appartement T3 de 67m².  Au 5ème étage d'une résidence calme, situé rue Paul Chenavard à Lyon 1er, il se compose d'un séjour coin cuisine aménagée (meubles hauts et bas) et équipée (plaque de cuisson), deux chambres, une salle de bain et un WC séparé.  logement soumis à l'encadrement des loyers : loyer de référence : 617.36 € loyer de référence majoré : 738.97 € Complément : 113,03 €  Contact : Eva",69001,Lyon,45.765707,4.833129,https://www.vizzit.fr/fr/property/appartement/lyon-1er/Aj7xm6685ox2vtty,,2026-09-24
1749,Vizzit,866.0,57.0,15.19,Appartement,2 pièce - 1 chambre - 57 m² - s,57 m² - 2 pièces - 1 chambre,"RUE OCTAVIO MEY 69005 LYON - GARE SAINT-PAUL Proche de toutes les commodités, commerces et transports en commun  Charmant appartement T2 composé d'une entrée, d'une cuisine, d'un séjour avec parquet, d'une chambre avec placards et cheminée décorative et d'une salle de bains avec wc.  Bien soumis à l'encadrement des loyers : - Loyer de référence : 810.89 € - Loyer de référence majoré : 971.92 €  Contact : Pauline",69005,Lyon,45.765992,4.827998,https://www.vizzit.fr/fr/property/appartement/lyon-5eme/Awrem3ccqq0qhdw7,,2026-09-24
1754,Vizzit,2698.0,220.0,12.26,Appartement,7 pièce - 6 chambre - 220 m² - s - s,220 m² - 7 pièces - 6 chambres,"RUE JULIETTE RECAMIER 69006 LYON - BROTTEAUX Proche de toutes les commodités, commerces et transports en commun  Appartement T7, en entresol, composé d'un hall d'entrée, d'une cuisine aménagée avec balcon, d'un grand séjour avec cheminée décorative avec balcon, de six chambres dont plusieurs donnant sur des balcons, d'un dressing, d'une salle de bains, d'une salle d'eau et de deux wc indépendants.  Bien soumis à l'encadrement des loyers : - Loyer de référence : 2 716.09 € - Loyer de référence majoré : 3 268.14 €  Contact : Pauline",69006,Lyon,45.766932,4.857224,https://www.vizzit.fr/fr/property/appartement/lyon-6eme/A8a14fh4xg0f7qol,,2026-09-24
1739,Vizzit,1820.0,125.0,14.56,Appartement,4 pièce - 3 chambre - 125 m² - s - s,125 m² - 4 pièces - 3 chambres,"Votre Régie GALYO a le plaisir de vous proposer à la location, proche des transports en commun, des commerces et de toutes commodités, cet appartement T4 de 125m².  Au 2ème étage d'une résidence sécurisée, située 7 rue Molière LYON 6, il se compose d'une entrée, d'un séjour, d'une cuisine aménagée et équipée, de 3 chambres, d'une salle de bains avec évier double vasque et d'un WC séparé.  Zone soumise à encadrement des loyer :  Loyer de référence : 1546.60 euros HC loyer de référence majoré : 1860.95 euros HC  contact : Eva",69006,Lyon,45.767336,4.842375,https://www.vizzit.fr/fr/property/appartement/lyon-6eme/Ai7k7iaegfanlpdg,,2026-09-24
1722,Vizzit,845.0,47.0,17.98,Appartement,2 pièce - 1 chambre - 47 m² - s,47 m² - 2 pièces - 1 chambre,"Au cœur du 1er arrondissement, proche de toutes commodités et des transports en commun , au 2ème étage, découvrez ce joli T2 de 47 m² composé d'une entrée, d'une cuisine aménagée et équipée (meubles hauts et bas, plaques de cuisson, four, hotte, micro-ondes, réfrigérateur), d'un séjour, d'une chambre avec dressing, d'une salle d'eau moderne avec machine à laver et de wc séparés. Chauffage individuel au gaz.  Logement soumis à l'encadrement des loyers : - Loyer de référence : 724,76 € - Loyer de référence majoré : 871,61 € - Complément de loyer : 32,39 €  Contact : Axelle",69001,Lyon,45.768217,4.833458,https://www.vizzit.fr/fr/property/appartement/lyon-1er/Agp59u3jf81v833c,,2026-09-24
1517,Vizzit,1417.0,90.0,15.74,Appartement,5 pièce - 4 chambre - 90 m² - s - s,90 m² - 5 pièces - 4 chambres,"A quelques pas du métro (Ligne A - Arrêt 'Masséna'), et proche de toutes commodités, découvrez ce superbe appartement de 90 m² composé d'un entrée de plus de 10 m², d'un beau séjour avec une ouverture sur balcon, d'une cuisine indépendante de 4 chambres (12,77 m², 12,68 m², 11,17 m² et 11,08 m²), d'une salle d'eau et d'un WC séparé. Chauffage individuel au gaz et production d'eau chaude électrique.  Logement soumis à l'encadrement des loyers : - Loyer de référence : 1069,91 € - Loyer de référence majoré : 1287,51 €  Contact : Axelle",69006,Lyon,45.768357,4.852469,https://www.vizzit.fr/fr/property/appartement/lyon-6eme/Ac1552v88dzbxci5,,2026-09-24
1707,Vizzit,929.0,79.0,11.76,Appartement,3 pièce - 2 chambre - 79 m² - s - s,79 m² - 3 pièces - 2 chambres,"Votre Régie Galyo a le plaisir de vous proposer à la location proche des transports en commun, des commerces et de toutes commodités, cet appartement 3 pièces de 79.37m².  AU 3ème étage d'un copropriétaire sécurisé située rue Hippolyte Flandrin, il se compose d'une entrée, d'un séjour, d'une cuisine aménagée ( meuble hauts), de 2 chambres, d'une salle de bain et d'un WC séparé.  Zone soumise à encadrement des loyers :  Loyer de référence : 1047.68 euros HC Loyer de référence majoré : 1254.05 euros HC  Contact : Eva",69001,Lyon,45.768705,4.83045,https://www.vizzit.fr/fr/property/appartement/lyon-1er/Aq6j4aynzth0uqoz,,2026-09-24
1595,Vizzit,1501.0,80.0,18.76,Appartement,3 pièce - 2 chambre - 80 m² - s - s,80 m² - 3 pièces - 2 chambres,"' LOCATION MEUBLÉE EN EXCLUSIVITÉ DANS VOTRE AGENCE MUSCAT IMMOBILIER '   Référence no202 // LYON 2ème //  Appartement - 3 pièces - 80,02 m2 - Au cœur de la Presqu’île lyonnaise   Idéalement situé au 6 rue de la Barre, au sein d’un immeuble haussmannien avec ascenseur, en plein cœur de la Presqu’île de Lyon, ce charmant appartement de 80,02 m2 vous séduira par son cachet authentique et sa vue exceptionnelle sur l’Hôtel-Dieu. À quelques pas de la place Bellecour, dans l’un des secteurs les plus recherchés de Lyon, vous profitez d’un cadre de vie privilégié avec commerces, restaurants, transports et toutes les commodités au pied de l’immeuble.   Situé au 4ᵉ étage, cet appartement traversant bénéficie d’une belle luminosité naturelle tout au long de la journée avec le charme de l’ancien : parquet d’époque, moulures raffinées, cheminées décoratives et hauteur sous plafond de 3,15 m.   L’espace de vie se compose d’un agréable séjour d'environ 29.22m2 et d'une cuisine indépendante, aménagée et équipée.   Côté nuit, vous disposez d’une chambre spacieuse d’environ 13,72 m2, ainsi que de deux pièces supplémentaires, dont une alcôve agrémentée d’une mezzanine, idéale pour aménager un coin lecture ou un bureau. La seconde pièce pourra quant à elle être utilisée comme chambre d’appoint ou chambre d’amis.   Une salle de bains avec espace buanderie, un WC indépendant ainsi que plusieurs rangements intégrés complètent ce bien.   Parkings disponibles aux alentours. ------ Loyer mensuel: 1600 € CC Dont provisions sur charges: 70 € / mois comprenant les charges communes générales. (Régularisation annuelle) Loyer HC: 1530 € Ce loyer est soumis au loyer de référence majoré fixé par arrêté préfectoral. (Zone tendue - encadrements des loyers) Loyer de référence majoré: 1632,41 € Dépôt de garantie: 3060 € Honoraires d'agence à la charge du locataire: 1049,86 € ------ Veuillez déposer votre dossier via la plateforme sécurisée ZELOK. (QR CODE en photo) Contactez nous dès à présent !",69002,Lyon,45.76930586048406,4.826280619786503,https://www.vizzit.fr/fr/property/appartement/lyon-2eme/Apw3614l81zljoom,,2026-09-24
1317,Vizzit,1131.0,78.0,14.5,Appartement,2 pièce - 1 chambre - 78 m² - s,78 m² - 2 pièces - 1 chambre,"Découvrez ce superbe appartement de 78 m² composé d'une entrée avec placards, d'une grande distribution qui d'une cuisine indépendante, d'un séjour de près de 25m², d'une chambre de 17m², d'une salle de bains et d'un WC séparé.  Logement soumis à l'encadrement des loyers : - Loyer de référence : 1175,70 € - Loyer de référence majoré : 1410,84 €  Contact : Axelle",69006,Lyon,45.769384,4.843329,https://www.vizzit.fr/fr/property/appartement/lyon-6eme/Ab1c9b0pdk0d9siv,,2026-09-24
1584,Vizzit,1304.0,71.0,18.37,Appartement,2 pièce - 1 chambre - 71 m² - s,71 m² - 2 pièces - 1 chambre,"Au pied du Métro Massena , dans un immeuble cossu des années 1990, copropriété sécuriséeT2 meublé avec de beaux volumes, en étage élevé, se compose, d'une belle entrée, une cuisine contemporaine avec tout l'équipement de confort, un coin repas très agréable ouvert sur la pièce de vie , une chambre au calme donnant sur le jardin d'agrément de la copropriété , chauffage et eaux collectifs ,possibilité de louer un garage (en sous-sol) en supplément dans la résidence  loyer 1250 euros + 140 euros de charges locatives, ( chauffage et eaux collectifs) dépôt de garantie 2500€ honoraires visites, bail :722.95 ttc € frais état des lieux : 217.09 ttc €  loyer de référence 1246.71 ttc € loyer majoré 1497.49€. Loyer de 1 390,00 euros par mois charges comprises dont 140,00 euros par mois de provision pour charges (soumis à la régularisation annuelle). Les honoraires charge locataire sont de 931,52 euros ( soit 13,00 euros/m² ) dont 215,13 euros pour état des lieux ( soit 3,00 euros/m² ). DPE ANCIENNE VERSION. Montant estimé des dépenses annuelles d'énergie pour un usage standard : 730 euros.",69006,Lyon,45.7697339,4.8543532,https://www.vizzit.fr/fr/property/appartement/lyon-6eme/A4w6q7gr19kfao36,,2026-09-24
1659,Vizzit,1384.0,107.0,12.93,Appartement,3 pièce - 2 chambre - 107 m² - s - s,107 m² - 3 pièces - 2 chambres,"Votre Régie Galyo a le plaisir de vous proposer à la location, proche des transports en commun, des commerces et de toutes commodités, cet appartement 3 pièces de 107.75 m².  Au 4ème étage d'une résidence sécurisée située Rue Royale 69001 Lyon, il se compose, d'une entrée, d'un séjour, d'une cuisine aménagée et équipée (plaque de cuisson et hotte), de 2 chambres, d'une salle d'eau et d'un WC.  Zone soumise à encadrement des loyers :  Loyer de référence : 1346.88 euros HC Loyer de référence majoré : 1616.25 euros HC  Contact : Eva",69001,Lyon,45.770069,4.837282,https://www.vizzit.fr/fr/property/appartement/lyon-1er/Azmkr2qdsa26gdjc,,2026-09-24
1366,Vizzit,647.0,26.0,24.88,Appartement,1 pièce - 26 m²,26 m² - 1 pièce,"BOULEVARD ANATOLE FRANCE 69006 LYON - METRO MASSENA Proche de toutes les commodités, commerces et transports en commun  Appartement T1 de 26.87 m² au 3ème étage composé d'une entrée, d'une cuisine aménagée et équipée (éléments hauts, plaque de cuisson, réfrigérateur), d'un séjour donnant sur un balcon de 5.61 m², d'une salle d'eau avec wc et d'un cellier (emplacement machine à laver).  Bien soumis à l'encadrement des loyers : - Loyer de référence : 513.22 € - Loyer de référence majoré : 615.32 € - Complément de loyer : 24.68 € (balcon)  Contact : Pauline",69006,Lyon,45.770101,4.857228,https://www.vizzit.fr/fr/property/appartement/lyon-6eme/A8fqls594dvaih22,,2026-09-24
1409,Vizzit,2252.0,93.0,24.22,Appartement,4 pièce - 3 chambre - 93 m² - s - s,93 m² - 4 pièces - 3 chambres,"Découvrez ce magnifique appartement contemporain de 93 m² ENTIÈREMENT MEUBLÉ, idéalement situé à Lyon 2 Quartier Confluence. La résidence neuve est parfaitement entretenue, vous séduit dès votre arrivée par son style et sa modernité.  L'appartement dispose de prestations haut-de-gamme : - un séjour lumineux, - une cuisine ouverte entièrement équipée, lave-vaisselle, four, plaque induction, frigo, machine à laver, sèche linge etc... - trois chambres spacieuses : une suite parentale avec salle d'eau et grand placards intégrés, et deux autres chambres avec placards, armoire, bureau...  Vous profiterez du confort de la salle de bain spacieuse avec baignoire, double vasque et WC.  La disposition harmonieuse des pièces dans l'ensemble de l'appartement, et un WC séparé supplémentaire, garantissent intimité et commodité.  Profitez d'une spacieuse terrasse avec vue magnifique sur l'espace nautique pour vos déjeuners en plein air, véritable havre de paix en plein cœur de la ville.  Une place de parking en sous-sol, accès sécurisé est également proposée à la location en sus, une rareté dans ce quartier très demandé.  Ne manquez pas cette opportunité et prenez rendez-vous dès maintenant pour découvrir votre future résidence.Ce bien vous est présenté par Adnan Safar - [FORME SOCIALE] - [AGENT COMMERCIAL] immatriculé au RSAC de [RSAC] sous le numéro [SIREN].",69002,Lyon,45.77069062086341,4.827944982577855,https://www.vizzit.fr/fr/property/appartement/lyon-2eme/Aywrju95rf3kw5ms,,2026-09-24
1740,Vizzit,1145.0,66.0,17.35,Appartement,3 pièce - 2 chambre - 66 m² - s - s,66 m² - 3 pièces - 2 chambres,"Découvrez cet appartement meublé de 66 m² composé d'une entrée, d'un séjour, d'une cuisine indépendante, et d'un espace nuit composé de 2 chambres, d'une salle de bains et d'un WC séparé.  Logement soumis à l'encadrement des loyers : - Loyer de référence : 906,03 € - Loyer de référence majoré : 1085,91 €  Contact : Axelle",69006,Lyon,45.771438,4.850375,https://www.vizzit.fr/fr/property/appartement/lyon-6eme/A413cu8rzyboskvf,,2026-09-24
1444,Vizzit,2909.0,209.0,13.92,Appartement,5 pièce - 4 chambre - 209 m² - s - s,209 m² - 5 pièces - 4 chambres,"Lyon 6ième Bd des BELGES A deux pas du Parc de la Tête d'Or entrée côté Serres grand F5 de 210m² en entresol, traversant, l'appartement est modulable en fonction des besoins ou des envies, trois chambres séjour et salon ou bien quatre chambres et un séjour, la cuisine est séparée aménagée en partie avec meubles bas et plan de travail, équipée (plaques de cuisson) une salle d'eau lavabo double vasque, une salle de bains, wc Le charme de l'ancien : beaux parquets, cheminées décoratives Un garage double taille XXL loyer en sus 295€ vient compléter cette location si vous le souhaitez.  Important le chauffage est compris dans les charges.  Logement soumis à encadrement des loyers Loyer de référencé : 2580.66€ Loyer de référence majoré : 3105.19€  Contact Eva",69006,Lyon,45.772063,4.855023,https://www.vizzit.fr/fr/property/appartement/lyon-6eme/Ajykall8wj8jtd28,,2026-09-24
1751,Vizzit,850.0,51.0,16.67,Appartement,2 pièce - 1 chambre - 51 m² - s,51 m² - 2 pièces - 1 chambre,"RUE MONTGOLFIER 69006 LYON - PROXIMITÉ PARC DE LA TETE D'OR  Face au Parc de la Tête d'Or, dans un quartier recherché du 6e arrondissement, ce grand T2 traversant (cour et rue) est en bon état et situé dans un immeuble bien entretenu avec vidéosurveillance. L'accès par un rez-de-chaussée surélevé apporte à la fois calme et sécurité. La copropriété dispose de locaux sécurisés pour les vélos et les poussettes. La copropriété, majoritairement occupée par des propriétaires, est calme et agréable à vivre. L'emplacement est pratique : proche des écoles, de la Part-Dieu, de la Cité Internationale et de nombreux commerces entre Masséna et Foch. Un bien adapté pour un couple, une personne seule ou un étudiant en quête de confort et de praticité.  Bien soumis à l'encadrement des loyers : - Loyer de référence : 698.22 € - Loyer de référence majoré : 836.84 €  Vous souhaitez visiter ce bien ? Contactez Madame GUINAND joignable .",69006,Lyon,45.772218,4.853467,https://www.vizzit.fr/fr/property/appartement/lyon-6eme/Amxc68wo5kw7uxyn,,2026-09-24
1746,Vizzit,875.0,50.0,17.5,Appartement,2 pièce - 1 chambre - 50 m² - s,50 m² - 2 pièces - 1 chambre,"A quelques pas du quai de Serbie et proche du parc de la Tête d'Or, au 5ème étage, découvrez cet appartement de 50 m² composé d'un hall d'entrée, d'une cuisine et d'un coin salon (le tout faisant 22m²), d'une chambre de près de 16m² avec rangements et Balcon, d'une salle de bains avec douche et WC.  Logement soumis à l'encadrement des loyers : - Loyer de référence : 763,65 € - Loyer de référence majoré : 916,38 €  Contact : Axelle",69006,Lyon,45.772283,4.841989,https://www.vizzit.fr/fr/property/appartement/lyon-6eme/Ab63srkh5y2mn0qo,,2026-09-24
1738,Vizzit,2346.0,152.0,15.43,Appartement,5 pièce - 4 chambre - 152 m² - s - s,152 m² - 5 pièces - 4 chambres,"T5 de charme non meublé – FOCH  Idéalement situé dans le très recherché 6ème arrondissement de Lyon, à proximité immédiate de la place Puvis de Chavannes, cet appartement de 152,67 m² vous séduira par son cachet et son emplacement exceptionnel.  Niché au rez-de-chaussée d’un immeuble de caractère datant du XIXᵉ siècle, il offre un cadre de vie à la fois raffiné et central.  Dès l’entrée, le ton est donné : volumes généreux, belle hauteur sous plafond. Le vaste séjour avec cuisine indépendante, constitue un véritable espace de vie convivial avec en alcôve un coin télé ou bureau.  L’appartement se compose de 5 pièces, dont 3 chambres confortables en souplex et une chambre en rez-de-chaussée avec sa salle de bain privative. Vous bénéficierez également d’une salle de douche au -1 ainsi que de nombreux rangements, ainsi qu'une buanderie.  Ce bien allie le charme de l’ancien (parquet, volumes, cachet) à des prestations modernes et soignées.  Côté localisation, vous profitez d’un environnement privilégié en plein centre-ville : commerces, transports (métro, bus, tram), écoles, restaurants et toutes les commodités sont accessibles à pied en quelques minutes seulement.  Une opportunité à ne pas manquer au cœur de Lyon — contactez-nous pour organiser une visite.  Encadrement des loyers :  Loyer hors charges : 2600,00 € Complément de loyer : 210,48€ compris dans le loyer hors charges (justifié par une mise à disposition de mobilier supérieure à celle exigée par le décret.) Charges locatives : 30,00 € (comprenant l'entretien des parties communes)  TOTAL MENSUEL : 2500,00 € Dépôt de garantie : 2470,00 €  Montant de loyer de référence : 12,30€/m2 Montant de loyer majoré : 14,80€/m2  Frais de mise en location et d’état des lieux :  Frais d'agence : 1526,70 € Frais d'état des lieux : 458,01 €  Pour déposer votre candidature :  Zéro papier & démarche simplifiée ! Tous les dossiers de candidatures sont à déposer en ligne sur notre site. Rubrique Louer > Dossier de candidature ! Les dossiers incomplets ne pourront être étudiés !",69006,Lyon,45.77342765644375,4.848184391279903,https://www.vizzit.fr/fr/property/appartement/lyon-6eme/Akjpc9ig94rbw2xu,,2026-09-24
1561,Vizzit,1267.0,76.0,16.67,Appartement,3 pièce - 2 chambre - 76 m² - s - s,76 m² - 3 pièces - 2 chambres,"Exclusivité Laforêt Champagne-Au-Mont-d'Or: À louer, Superbe appartement de 76,2 m² avec terrasse , à proximité de Saint-Rambert et de l'Île Barbe  Situé dans une résidence récente de standing avec ascenseur, cet appartement vous séduira par ses prestations haut de gamme. Niché au sein d'une petite copropriété résidentielle recherchée et très bien entretenue, il bénéficie d'un environnement calme et agréable, à proximité immédiate du centre de Saint-Rambert et de l'Île Barbe.  L'appartement se compose de : Une entrée accueillante avec placard intégré. Une cuisine sur-mesure, entièrement aménagée et équipée, ouverte sur un salon séjour lumineux, grâce à de larges baies vitrées donnant sur la terrasse, idéal pour profiter des beaux jours. Deux chambres : Une de 12,30 m², Une de 9,30 m², Une spacieuse salle de bains d'environ 7 m², avec baignoire et espace buanderie intégré. Un WC séparé pour plus de confort.  Équipements et prestations de qualité: Chauffage individuel au gaz par chaudière à condensation. Eau chaude sanitaire assurée par la chaudière gaz. Porte palière blindée 7 points pour une sécurité optimale. Volets roulants électriques sur toutes les ouvertures. Parquet en chêne massif et carrelage/faïence haut de gamme. Interphone Intratone, contrôle d'accès à distance via téléphone.  Les atouts de la copropriété: Un local vélo/poussette sécurisé, ainsi qu'un deuxième local dédié aux scooters et motos. Un rooftop partagé au 6ème étage avec des jardins collectifs, parfait pour profiter des journées ensoleillées.  Possibilité d'acquérir un double garage en sous-sol.  Performances énergétiques : DPE : C Émissions de gaz à effet de serre : C  Ne manquez pas cette opportunité rare ! Contactez nous dès maintenant pour organiser une visite ! Copropriété de 212 lots - dont 107 lots habitation. (Procédure en cours).",69009,Lyon,45.77384420358701,4.803709127689192,https://www.vizzit.fr/fr/property/appartement/lyon-9eme/Ad60sg6ur51n6h12,,2026-09-24
1443,Vizzit,635.0,39.0,16.28,Appartement,2 pièce - 1 chambre - 39 m² - s,39 m² - 2 pièces - 1 chambre,"LYON 9 - Métro VALMY  T2 rénové composé d'une entrée d'un séjour avec cuisine ouverte équipée d'une hotte et d'une plaque de cuisson, d'une chambre, d'une salle de bains et wc indépendants  Logement soumis à l'encadrement des loyers Loyer de référence : 530.51 euros Loyer de référence majoré : 637.40 euros  Contact : Eva",69009,Lyon,45.774577,4.803612,https://www.vizzit.fr/fr/property/appartement/lyon-9eme/Abs01j2p15xhufkc,,2026-09-24
1318,Vizzit,542.0,22.0,24.64,Appartement,2 pièce - 1 chambre - 22 m² - s,22 m² - 2 pièces - 1 chambre,"Au calme avec beaucoup de luminosité et une petite cour aménagée, découvrez ce joli duplex meublé de 22m² composé au rez-de-chaussée d'un séjour avec cuisine aménagée et équipée, de rangements et d'un WC. Au premier étage, vous découvrirez une chambre avec salle d'eau.  Logement soumis à l'encadrement des loyers : - Loyer de référence : 338,54 € - Loyer de référence majoré : 405.80 € - Complément de loyer : 162,20 € justifié par la situation calme du logement et l'aménagement de la cour intérieure.  Contact : Axelle",69009,Lyon,45.774744,4.808215,https://www.vizzit.fr/fr/property/appartement/lyon-9eme/Az657hk0930hlol6,,2026-09-24
1413,Vizzit,591.0,32.0,18.47,Appartement,1 pièce - 32 m²,32 m² - 1 pièce,"PLACE DE LA CROIX ROUSSE 69004 LYON - METRO CROIX ROUSSE Proche de toutes les commodités, commerces et transports en commun  Appartement T1 de 32.47 m², avec une surface au sol totale de 44.41 m², au 3ème étage sans ascenseur, composé d'une entrée, d'un coin cuisine équipée (plaque de cuisson, réfrigérateur) ouvert sur la pièce de vie, d'une mezzanine pouvant servir de coin nuit, d'une salle d'eau et de wc indépendants.  Bien soumis à l'encadrement des loyers : - Loyer de référence : 568.23 € - Loyer de référence majoré : 681.87 €  Contact : Pauline",69004,Lyon,45.775609,4.832195,https://www.vizzit.fr/fr/property/appartement/lyon-4eme/Adi7mhbd8k8jojzy,,2026-09-24
1610,Vizzit,924.0,48.0,19.25,Appartement,2 pièce - 1 chambre - 48 m² - s,48 m² - 2 pièces - 1 chambre,"À deux pas du métro Croix-Paquet À seulement 2 minutes à pied de l'Opéra, de l'Hôtel de Ville et de la Place des Terreaux. Tous commerces et transports à proximité immédiate , dans un secteur recherché du 1er arrondissement, découvrez ce charmant T2 meublé au sein d'une résidence sécurisée. L'appartement séduit par son séjour spacieux et lumineux, grâce à de grandes fenêtres, avec une cuisine américaine meublée et très bien équipée. Le séjour dispose également d'un beau canapé-lit,bureau, offrant un espace supplémentaire particulièrement pratique. À l'étage, une agréable mezzanine avec une hauteur supérieure à 1,80 m constitue un véritable espace nuit avec chambre à coucher. Le charme est renforcé par les poutres apparentes à la française qui apportent beaucoup de caractère à l'ensemble. Prestations : Les plus : Très lumineux Fibre optique très haut débit Immeuble sécurisé (double digicode) Appartement prêt à vivre, aucun équipement à prévoir Disponible le 18 septembre 2026. Un appartement idéal pour étudiant, jeune actif ou couple, à la recherche d'un logement de caractère au cœur de Lyon, avec le métro Croix-Paquet à proximité immédiate. Contact : Bruno PERBET",69001,Lyon,45.7763367124116,4.825981284235643,https://www.vizzit.fr/fr/property/appartement/lyon-1er/Axhc1gk6pdyt2m0n,,2026-09-24
1737,Vizzit,3341.0,197.0,16.96,Appartement,6 pièce - 5 chambre - 197 m² - s - s,197 m² - 6 pièces - 5 chambres,"Lyon 6, Boulevard des Belges, Appartement familial avec vue sur le Parc de la Tête d'Or. Situé sur le Boulevard des Belges, face au Parc de la Tête d'Or, cet appartement bénéficie d'un emplacement recherché et est situé dans un immeuble de standing avec ascenseur et gardienne. Il se compose d'une grande entrée avec placards, d'un séjour en rotonde avec espace salle à manger ouvrant sur un grand balcon filant offrant une vue dégagée sur le parc, de trois grandes chambres, dont une avec sa salle de bains attenante, d'une salle de bains avec double vasque ainsi que de WC indépendants. Il est doté de beaux volumes avec sa hauteur sous plafond de 4.30 mètres et d'une belle luminosité. À proximité immédiate du Parc de la Tête d'Or, des commerces, des écoles et des transports, il est idéal pour une famille recherchant un cadre de vie agréable. Possibilité de louer en supplément un garage double situé dans la cour de l'immeuble à 322 euros par mois. Le chauffage est collectif et inclus dans la provision sur charges.  Pour visiter ce logement, n'hésitez pas à Madame GUINAND .  Zone soumise à l'encadrement des loyers : - loyer de référence : 2 376,24 € - loyer majoré : 2 859,21 €  Contact : Axelle",69006,Lyon,45.776709,4.845121,https://www.vizzit.fr/fr/property/appartement/lyon-6eme/Aeco4ab4ge1bhyzh,,2026-09-24
1719,Vizzit,1866.0,113.0,16.51,Appartement,4 pièce - 3 chambre - 113 m² - s - s,113 m² - 4 pièces - 3 chambres,"LYON 4ième limite CALUIRE proche quai de Saône dans résidence sécurisée avec espaces verts Très bel appartement traversant composé d'une entrée, d'un grand séjour de 35m² avec accès terrasse, d'une cuisine totalement aménagée et équipée avec terrasse, de trois chambres, d'une salle de bains, d'une salle d'eau (avec une arrivée et une sortie d'eau pour votre machine à laver), wc séparés. Le logement dispose d'une climatisation réversibe. Sont loués avec le logement une cave, une place de parking et un garage fermé.  Bien soumis à l'encadrement des loyers : - Loyer de référence : 1 249,60 € - Loyer de référence majoré : 1 499,52 € - Complément de loyer : 324,48 € justifié par la climatisation réversible, le parking et le garage.  Contact : Axelle",69004,Lyon,45.787799,4.82219,https://www.vizzit.fr/fr/property/appartement/lyon-4eme/A45zvk837t2wx31e,,2026-09-24
1,Vizzit,550.0,20.0,27.5,Studio,20 m² - Studio,,,59000,Lille,50.609,3.044,https://www.vizzit.fr/fr/property/appartement/lille/A45faqxzq23wyl43,,2026-08-12
2,Vizzit,494.0,26.0,19.0,Appartement,1 pièce - 26 m²,,,59000,Lille,50.61467,3.038642,https://www.vizzit.fr/fr/property/appartement/lille/Agfn8akenbv3o9wf,,2026-08-12
3,Vizzit,680.0,26.0,26.15,Studio,26 m² - Studio,,,59000,Lille,50.6216688,3.0354156,https://www.vizzit.fr/fr/property/appartement/lille/Aqnl9u56qdsnm3pz,,2026-08-12
4,Vizzit,543.0,34.0,15.97,Appartement,2 pièce - 1 chambre - 34 m² - s,,,59000,Lille,50.6218326,3.0347643,https://www.vizzit.fr/fr/property/appartement/lille/Aoy0txchtmv1g93t,,2026-08-12
5,Vizzit,1039.0,75.0,13.85,Appartement,3 pièce - 75 m² - s,,,59000,Lille,50.62194,3.080512,https://www.vizzit.fr/fr/property/appartement/lille/Ag2h7jddglg3oiw4,,2026-08-12
6,Vizzit,574.0,30.0,19.13,Studio,30 m² - Studio,,,59000,Lille,50.62238,3.04699,https://www.vizzit.fr/fr/property/appartement/lille/Aqtg5tfo8u1q4e69,,2026-08-12
7,Vizzit,800.0,44.0,18.18,Appartement,2 pièce - 44 m² - s,,,59000,Lille,50.622447,3.055847,https://www.vizzit.fr/fr/property/appartement/lille/Afk32vxr3vom8rdt,,2026-08-12
8,Vizzit,739.0,32.0,23.09,Appartement,2 pièce - 1 chambre - 32 m² - s,,,59000,Lille,50.62263800679276,3.0591906011229097,https://www.vizzit.fr/fr/property/appartement/lille/Aa0sxwhuc36iv541,,2026-08-12
9,Vizzit,763.0,32.0,23.84,Appartement,2 pièce - 32 m² - 10 m² de terrain - s,,,59000,Lille,50.622652,3.040202,https://www.vizzit.fr/fr/property/immobilier/lille/A6o8z94xi86k3hdk,,2026-08-12
10,Vizzit,430.0,17.0,25.29,Appartement,1 pièce - 17 m²,,,59000,Lille,50.6227417,3.0494201,https://www.vizzit.fr/fr/property/appartement/lille/Ag1lkir4o1vv5gax,,2026-08-12
11,Vizzit,893.0,67.0,13.33,Appartement,3 pièce - 67 m² - s,,,59000,Lille,50.623427,3.043442,https://www.vizzit.fr/fr/property/appartement/lille/Asdgdtke194lmmz2,,2026-08-12
12,Vizzit,683.0,31.0,22.03,Studio,31 m² - Studio,,,59000,Lille,50.62462,3.036663,https://www.vizzit.fr/fr/property/appartement/lille/Ad8eactmi2inke2z,,2026-08-12
13,Vizzit,750.0,47.0,15.96,Appartement,2 pièce - 1 chambre - 47 m² - s,,,59000,Lille,50.6252155,3.0571234,https://www.vizzit.fr/fr/property/appartement/lille/Aj1ri7oot3crwz33,,2026-08-12
14,Vizzit,803.0,62.0,12.95,Appartement,2 pièce - 1 chambre - 62 m² - s,,,59000,Lille,50.6263234,3.0324894,https://www.vizzit.fr/fr/property/appartement/lille/Aqsqfebz2e9nrgof,,2026-08-12
15,Vizzit,990.0,62.0,15.97,Appartement,2 pièce - 1 chambre - 62 m² - s,,,59000,Lille,50.62638135779563,3.0457243935721507,https://www.vizzit.fr/fr/property/appartement/lille/Ayf6o0d1p252pin3,,2026-08-12
16,Vizzit,950.0,53.0,17.92,Appartement,2 pièce - 1 chambre - 53 m² - s,,,59000,Lille,50.626654,3.057268,https://www.vizzit.fr/fr/property/appartement/lille/A4m9llgxvefcnkdq,,2026-08-12
17,Vizzit,708.0,25.0,28.32,Studio,25 m² - Studio,,,59000,Lille,50.627662434937925,3.0668248264605333,https://www.vizzit.fr/fr/property/appartement/lille/Arjm816nq1gm5sga,,2026-08-12
18,Vizzit,1385.0,82.0,16.89,Appartement,3 pièce - 82 m² - s,,,59000,Lille,50.62773,3.06033,https://www.vizzit.fr/fr/property/appartement/lille/Aih1t82nqrcw6blf,,2026-08-12
19,Vizzit,950.0,47.0,20.21,Appartement,2 pièce - 1 chambre - 47 m² - s,,,59000,Lille,50.628579,3.095462,https://www.vizzit.fr/fr/property/appartement/lille/Allai4ptda8c4gma,,2026-08-12
20,Vizzit,394.0,15.0,26.27,Studio,15 m² - Studio,,,59000,Lille,50.6287418,3.0348741,https://www.vizzit.fr/fr/property/appartement/lille/Appmfy89xbjt24s5,,2026-08-12
21,Vizzit,738.0,53.0,13.92,Appartement,2 pièce - 1 chambre - 53 m² - s,,,59000,Lille,50.6290951,3.0500414,https://www.vizzit.fr/fr/property/appartement/lille/Akdfc8acectc4f1y,,2026-08-12
22,Vizzit,777.0,54.0,14.39,Appartement,3 pièce - 2 chambre - 54 m² - s - s,,,59000,Lille,50.6305953,3.0778724,https://www.vizzit.fr/fr/property/appartement/lille/A65qbhsa8jqpjt09,,2026-08-12
23,Vizzit,769.0,48.0,16.02,Appartement,2 pièce - 1 chambre - 48 m² - s,,,59000,Lille,50.630741,3.0544537,https://www.vizzit.fr/fr/property/appartement/lille/Avm1i51uw2hjwnzn,,2026-08-12
24,Vizzit,718.0,41.0,17.51,Appartement,2 pièce - 1 chambre - 41 m² - s,,,59000,Lille,50.632435,3.056239,https://www.vizzit.fr/fr/property/appartement/lille/Aqd5uskdq2mh68mz,,2026-08-12
25,Vizzit,960.0,48.0,20.0,Appartement,2 pièce - 48 m² - s,,,59000,Lille,50.633073,3.051083,https://www.vizzit.fr/fr/property/appartement/lille/A5xq8wdvfu1xo1ly,,2026-08-12
26,Vizzit,815.0,33.0,24.7,Studio,33 m² - Studio,,,59000,Lille,50.633301968188135,3.046447713455158,https://www.vizzit.fr/fr/property/appartement/lille/Ata30dz2cncp1mqj,,2026-08-12
27,Vizzit,703.0,40.0,17.57,Appartement,2 pièce - 40 m² - s,,,59000,Lille,50.633714,3.029051,https://www.vizzit.fr/fr/property/appartement/lille/Abwvuyhvptsuaofg,,2026-08-12
28,Vizzit,724.0,49.0,14.78,Appartement,2 pièce - 49 m² - s,,,59000,Lille,50.6339,3.07035,https://www.vizzit.fr/fr/property/appartement/lille/Ayvwvtcgg57a5q9s,,2026-08-12
29,Vizzit,602.0,33.0,18.24,Studio,33 m² - Studio,,,59000,Lille,50.63482,3.04712,https://www.vizzit.fr/fr/property/appartement/lille/A33v5co3e0zw1tmb,,2026-08-12
30,Vizzit,430.0,23.0,18.7,Appartement,1 pièce - 23 m²,,,59000,Lille,50.63561008327427,3.063614302526219,https://www.vizzit.fr/fr/property/immobilier/lille/Atdlj5q95wre72e5,,2026-08-12
31,Vizzit,700.0,40.0,17.5,Appartement,2 pièce - 1 chambre - 40 m² - s,,,59000,Lille,50.63595808423339,3.061880341985072,https://www.vizzit.fr/fr/property/appartement/lille/A4czfhuuu2mrxmcu,,2026-08-12
32,Vizzit,1850.0,124.0,14.92,Appartement,3 pièce - 2 chambre - 124 m² - s - s,,,59000,Lille,50.63615,3.05706,https://www.vizzit.fr/fr/property/appartement/lille/Aq12dvwopu11dp9z,,2026-08-12
33,Vizzit,830.0,25.0,33.2,Appartement,2 pièce - 1 chambre - 25 m² - s,,,59000,Lille,50.63657115448655,3.060529064293821,https://www.vizzit.fr/fr/property/appartement/lille/Aws5ot5iqh3tqxsg,,2026-08-12
34,Vizzit,613.0,41.0,14.95,Appartement,2 pièce - 41 m² - s,,,59000,Lille,50.63659085031984,3.060406302338052,https://www.vizzit.fr/fr/property/appartement/lille/A5x86x6ha9sahx80,,2026-08-12
35,Vizzit,1000.0,92.0,10.87,Appartement,4 pièce - 2 chambre - 92 m² - s - s,,,59000,Lille,50.63722710521425,3.0631698612717555,https://www.vizzit.fr/fr/property/appartement/lille/As9gkmozk1rs4hxl,,2026-08-12
36,Vizzit,468.0,21.0,22.29,Studio,21 m² - Studio,,,59000,Lille,50.637389,3.067465,https://www.vizzit.fr/fr/property/appartement/lille/A4wzy8abhzr7fhg8,,2026-08-12
37,Vizzit,515.0,22.0,23.41,Studio,22 m² - Studio,,,59000,Lille,50.63787489325168,3.0628904387110865,https://www.vizzit.fr/fr/property/appartement/lille/Ab9z3tsa7xdu240w,,2026-08-12
38,Vizzit,544.0,22.0,24.73,Studio,22 m² - Studio,,,59000,Lille,50.63788477494643,3.0631103008232783,https://www.vizzit.fr/fr/property/appartement/lille/Ab01k05c507o60if,,2026-08-12
39,Vizzit,559.0,25.0,22.36,Appartement,1 pièce - 25 m²,,,59000,Lille,50.63795683084729,3.0635704902665446,https://www.vizzit.fr/fr/property/appartement/lille/Adr5egbu8b2qjc7j,,2026-08-12
40,Vizzit,520.0,32.0,16.25,Studio,32 m² - Studio,,,59000,Lille,50.63874186082081,3.062398883586739,https://www.vizzit.fr/fr/property/appartement/lille/Ae40phsje0n78gox,,2026-08-12
41,Vizzit,921.0,56.0,16.45,Appartement,2 pièce - 1 chambre - 56 m² - s,,,59000,Lille,50.6394972,3.0583121,https://www.vizzit.fr/fr/property/appartement/lille/Ad6yu3uq6g6jbtma,,2026-08-12
42,Vizzit,849.0,41.0,20.71,Appartement,2 pièce - 41 m² - s,,,59000,Lille,50.641496,3.061885,https://www.vizzit.fr/fr/property/appartement/lille/A43ctpdmuto3ox5s,,2026-08-12
43,Vizzit,790.0,41.0,19.27,Studio,41 m² - Studio,,,59000,Lille,50.64426754694709,2.9794656265042776,https://www.vizzit.fr/fr/property/appartement/lille/Adotbrfy99g5jump,,2026-08-12
44,Vizzit,1055.0,76.0,13.88,Appartement,3 pièce - 1 chambre - 76 m² - s,,,59000,Lille,50.6474167,3.0600379,https://www.vizzit.fr/fr/property/appartement/lille/A21czb3c7ovpy2ca,,2026-08-12
45,Vizzit,660.0,47.0,14.04,Appartement,2 pièce - 47 m² - s,,,59000,Lille,50.647764,3.003746,https://www.vizzit.fr/fr/property/appartement/lille/A6y4q300zu1komlp,,2026-08-12
46,Vizzit,996.0,47.0,21.19,Appartement,2 pièce - 47 m² - s,,,59000,Lille,50.64777,3.05848,https://www.vizzit.fr/fr/property/appartement/lille/Apqn20c2iylfm0zw,,2026-08-12
47,Vizzit,686.0,41.0,16.73,Appartement,2 pièce - 41 m² - s,,,59000,Lille,50.648606,2.997873,https://www.vizzit.fr/fr/property/appartement/lille/A2zwq69121w6lbqc,,2026-08-12
48,Century 21,1200.0,74.74,16.06,Appartement,"3 pièce - F3 Bis 59 74,74 m2, s Ref : 2598",,,59000,Lille,,,https://www.century21.fr/trouver_logement/detail/16283156361/,https://www.century21.fr/imagesBien/s3/202/3399/c21_202_3399_2598_8_081AE1F2-ED26-4C40-BB0E-8DB9CCDFABE1.jpg,2026-08-12
49,Century 21,550.0,13.8,39.86,Maison,"1 pièce - Maison 59 13,80 m2, Ref : 920",,,59000,Lille,,,https://www.century21.fr/trouver_logement/detail/15801653367/,https://www.century21.fr/imagesBien/s3/202/3833/c21_202_3833_920_8_3714FA52-0197-4833-A176-8864E1E92BFA.jpg,2026-08-12
50,Century 21,550.0,14.2,38.73,Maison,"1 pièce - Maison 59 14,20 m2, Ref : 921",,,59000,Lille,,,https://www.century21.fr/trouver_logement/detail/15801654924/,https://www.century21.fr/imagesBien/s3/202/3833/c21_202_3833_921_8_17E79607-2CDE-4740-BA1E-47E7A68EC24F.jpg,2026-08-12
51,Century 21,1070.0,61.85,17.3,Appartement,"3 pièce - F3 59 61,85 m2, s Ref : 2548",,,59000,Lille,,,https://www.century21.fr/trouver_logement/detail/15743943082/,https://www.century21.fr/imagesBien/s3/202/3399/c21_202_3399_2548_8_8925F68B-56AB-4BF9-9E4C-23CD0224CEE2.jpg,2026-08-12
52,Orpi,587.0,36.0,16.31,Appartement,2 pièce - s 36 m2 587 €par mois LOCATION,,,59000,Lille,,,https://www.orpi.com/annonce-location-appartement-t2-lille-59800-04ce5f27-26d8-440b-98d6-3fbb3e256b3c/,https://cutjhqvjma.cloudimg.io/_prod_/sweepbright-s3/04ce5f27-26d8-440b-98d6-3fbb3e256b3c--49ae84cc-1aec-4e33-b6c4-07fdd7cc0747.jpg?p=estate-result-item&ci_url_encoded=1&ci_sign=405a12932a8293fd166b5878f39ed4250555ea02,2026-08-12
53,Orpi,520.0,30.0,17.33,Appartement,1 pièce - 30 m2 520 €par mois LOCATION,,,59000,Lille,,,https://www.orpi.com/annonce-location-appartement-t1-lille-59000-1a37ddb5-f2a3-4faf-89e0-76fe1dd342c2/,https://cutjhqvjma.cloudimg.io/_prod_/sweepbright-s3/1a37ddb5-f2a3-4faf-89e0-76fe1dd342c2--1d14b1ea-95ea-40f2-8bc6-db6f6b5ee6cb.jpg?p=estate-result-item&ci_url_encoded=1&ci_sign=c21a7780a04aa757b4dc60897b58ac381ad7b356,2026-08-12
54,Orpi,1276.0,108.0,11.81,Maison,3 pièce - Maison s 108 m2 1 276 €par mois LOCATION,,,59000,Lille,,,https://www.orpi.com/annonce-location-maison-t3-lille-59000-1712-120911-260/,https://cutjhqvjma.cloudimg.io/_prod_/sweepbright-s3/b712cea6-1950-45bf-8db5-f3275a38a687--86c42ca4-c47b-48e8-a7dd-c36ff7b98259.jpg?p=estate-result-item&ci_url_encoded=1&ci_sign=ff2dce8936096d044defd620ff87edc992ca5b69,2026-08-12
55,Orpi,494.0,27.0,18.3,Appartement,1 pièce - 27 m2 494 €par mois LOCATION,,,59000,Lille,,,https://www.orpi.com/annonce-location-appartement-t1-lille-59000-61e7f1db-92fc-4edc-aa20-0a05da7253f0/,https://cutjhqvjma.cloudimg.io/_prod_/sweepbright-s3/61e7f1db-92fc-4edc-aa20-0a05da7253f0--ac4c6762-c0ca-4677-812e-e10b51fdeccc.jpg?p=estate-result-item&ci_url_encoded=1&ci_sign=af946472a39e014a38e6d8ae9528ab3f9e687eac,2026-08-12
56,Orpi,927.0,64.0,14.48,Appartement,2 pièce - s 64 m2 927 €par mois LOCATION,,,59000,Lille,,,https://www.orpi.com/annonce-location-appartement-t2-lille-59000-2ca1b4b7-a89e-4907-99e5-adcba193a49a/,https://cutjhqvjma.cloudimg.io/_prod_/sweepbright-s3/2ca1b4b7-a89e-4907-99e5-adcba193a49a--182eb0cf-70ea-434d-9d42-8f1f38684da6.jpg?p=estate-result-item&ci_url_encoded=1&ci_sign=d14c3533a901e6908a7389a65f493d4e2928875a,2026-08-12
57,Orpi,407.0,16.0,25.44,Appartement,1 pièce - 16 m2 407 €par mois LOCATION,,,59000,Lille,,,https://www.orpi.com/annonce-location-appartement-t1-lille-59800-4c6b37be-99cb-463c-85cb-353790f10e44/,https://cutjhqvjma.cloudimg.io/_prod_/sweepbright-s3/4c6b37be-99cb-463c-85cb-353790f10e44--3245d6e5-7184-4346-8100-43c653239f45.jpg?p=estate-result-item&ci_url_encoded=1&ci_sign=0e2d6994e250446554fbaea7e6864bde8e5ba00f,2026-08-12
58,Orpi,400.0,13.0,30.77,Appartement,1 pièce - 13 m2 400 €par mois LOCATION,,,59000,Lille,,,https://www.orpi.com/annonce-location-appartement-t1-lille-59000-e10ef7fb-36d4-46c8-b251-2a929965c617/,https://cutjhqvjma.cloudimg.io/_prod_/sweepbright-s3/e10ef7fb-36d4-46c8-b251-2a929965c617--e1931bc2-694d-4096-a438-23a6f9d7bfc9.jpg?p=estate-result-item&ci_url_encoded=1&ci_sign=eb91c460e262a3973d6d24dbc89b8d4ca9211e7a,2026-08-12
59,Orpi,630.0,41.0,15.37,Appartement,1 pièce - 41 m2 630 €par mois LOCATION,,,59000,Lille,,,https://www.orpi.com/annonce-location-appartement-t1-lille-59000-61b93858-9799-481d-8bd3-80d544c523c7/,https://cutjhqvjma.cloudimg.io/_prod_/sweepbright-s3/61b93858-9799-481d-8bd3-80d544c523c7--79182a19-b954-4e04-ae10-5cd639863a0d.jpg?p=estate-result-item&ci_url_encoded=1&ci_sign=f6fa00636d4734d3af8cc9835b905b5575883c9a,2026-08-12
60,Orpi,629.0,29.0,21.69,Appartement,2 pièce - s 29 m2 629 €par mois LOCATION,,,59000,Lille,,,https://www.orpi.com/annonce-location-appartement-t2-lille-59000-ecaf26ef-855c-47ca-8507-5d7a33838e25/,https://cutjhqvjma.cloudimg.io/_prod_/sweepbright-s3/ecaf26ef-855c-47ca-8507-5d7a33838e25--9ed39d67-a31c-488e-bea9-eb50d7dd7d48.jpg?p=estate-result-item&ci_url_encoded=1&ci_sign=de575d460fe6d2d871f4458c4a09c2b1bfa6e516,2026-08-12
61,Orpi,450.0,28.0,16.07,Appartement,1 pièce - 28 m2 450 €par mois LOCATION,,,59000,Lille,,,https://www.orpi.com/annonce-location-appartement-t1-faches-thumesnil-59155-7823793c-e9e8-422c-92b3-173f93c2bd43/,https://cutjhqvjma.cloudimg.io/_prod_/sweepbright-s3/7823793c-e9e8-422c-92b3-173f93c2bd43--1044b3b3-4655-43f5-ac6a-f74acd63d49b.jpg?p=estate-result-item&ci_url_encoded=1&ci_sign=028f0e4206fd1a5795c2b93fc7d0c3716e1526c1,2026-08-12
62,Orpi,1017.0,59.0,17.24,Appartement,3 pièce - s 59 m2 1 017 €par mois LOCATION,,,59000,Lille,,,https://www.orpi.com/annonce-location-appartement-t3-loos-59120-e6969692-fc0d-4b36-a758-033499f5fdba/,https://cutjhqvjma.cloudimg.io/_prod_/sweepbright-s3/e6969692-fc0d-4b36-a758-033499f5fdba--091fce10-0a25-41e8-92b8-ee1771c14f43.jpg?p=estate-result-item&ci_url_encoded=1&ci_sign=1c715b20d09eb4f0813999b1b15d597907cd70e7,2026-08-12
63,Orpi,550.0,14.0,39.29,Appartement,1 pièce - 14 m2 550 €par mois LOCATION,,,59000,Lille,,,https://www.orpi.com/annonce-location-appartement-t1-loos-59120-7e180453-1bb1-4de3-b8c0-d46e12612100/,https://cutjhqvjma.cloudimg.io/_prod_/sweepbright-s3/7e180453-1bb1-4de3-b8c0-d46e12612100--851bb044-5c6c-421b-acdc-c10d05bef213.jpg?p=estate-result-item&ci_url_encoded=1&ci_sign=a7d64d861a724ff0e97b8e3fe08956df879a5147,2026-08-12
64,Orpi,550.0,14.0,39.29,Maison,1 pièce - Maison 14 m2 550 €par mois LOCATION,,,59000,Lille,,,https://www.orpi.com/annonce-location-maison-t1-loos-59120-08fae46e-7646-435c-909c-4af4f33288b3/,https://cutjhqvjma.cloudimg.io/_prod_/sweepbright-s3/08fae46e-7646-435c-909c-4af4f33288b3--1a133b87-8e94-4ba7-adcb-5160fe8333a9.jpg?p=estate-result-item&ci_url_encoded=1&ci_sign=f709af9a274e259eb6b450a4b970becaaf460732,2026-08-12
65,Orpi,1400.0,126.0,11.11,Maison,3 pièce - Maison s 126 m2 1 400 €par mois LOCATION,,,59000,Lille,,,https://www.orpi.com/annonce-location-maison-t3-lambersart-59130-f7419438-65ee-4fd4-bac9-36d70e12b359/,https://cutjhqvjma.cloudimg.io/_prod_/sweepbright-s3/f7419438-65ee-4fd4-bac9-36d70e12b359--29d03afd-79ba-43d4-83d6-b7afe043639b.jpg?p=estate-result-item&ci_url_encoded=1&ci_sign=281a559329344245b5b9bd8de1504a229ffde154,2026-08-12
66,Orpi,630.0,50.0,12.6,Appartement,3 pièce - s 50 m2 630 €par mois LOCATION,,,59000,Lille,,,https://www.orpi.com/annonce-location-appartement-t3-wattignies-59139-8e53943c-23eb-4043-8c8f-897fa061af54/,https://cutjhqvjma.cloudimg.io/_prod_/sweepbright-s3/8e53943c-23eb-4043-8c8f-897fa061af54--8f5df96d-4136-430f-80dc-072f37111f27.jpg?p=estate-result-item&ci_url_encoded=1&ci_sign=9c595282fe37108e8e8905a4c5ebb5d48b6a6b67,2026-08-12
67,Orpi,820.0,58.0,14.14,Appartement,3 pièce - s 58 m2 820 €par mois PRIX EN BAISSE LOCATION,,,59000,Lille,,,https://www.orpi.com/annonce-location-appartement-t3-faches-thumesnil-59155-ec6346d0-2a55-4ce9-be13-2567b704f955/,https://cutjhqvjma.cloudimg.io/_prod_/sweepbright-s3/ec6346d0-2a55-4ce9-be13-2567b704f955--1292d147-ff31-48ad-8f02-a65128dbd84f.jpg?p=estate-result-item&ci_url_encoded=1&ci_sign=dd50b806cc9312032d706709b5cee31b536952b4,2026-08-12
68,Orpi,541.0,31.0,17.45,Appartement,1 pièce - 31 m2 541 €par mois LOCATION,,,59000,Lille,,,https://www.orpi.com/annonce-location-appartement-t1-mons-en-baroeul-59370-1348-120902-167/,https://cutjhqvjma.cloudimg.io/_prod_/sweepbright-s3/bac27fb1-8d3f-4371-8162-479bfafa5331--c7f9c609-1180-45a3-a437-f5747e960f05.jpg?p=estate-result-item&ci_url_encoded=1&ci_sign=15b0f460a275773210865fdb88c8f0f6b5f565c2,2026-08-12
69,Orpi,2300.0,140.0,16.43,Maison,6 pièce - Maison s 140 m2 2 300 €par mois LOCATION,,,59000,Lille,,,https://www.orpi.com/annonce-location-maison-t6-la-madeleine-59110-75088fa0-2403-4f18-add8-973df7685f1c/,https://cutjhqvjma.cloudimg.io/_prod_/sweepbright-s3/75088fa0-2403-4f18-add8-973df7685f1c--c47f1b2c-3cfb-47d7-88d5-50d564b2f5f2.jpg?p=estate-result-item&ci_url_encoded=1&ci_sign=d38ffeb49b5a3c9fd16efd034250db7e11e43cbb,2026-08-12
70,Orpi,1175.0,52.0,22.6,Appartement,3 pièce - s 52 m2 1 175 €par mois PRIX EN BAISSE LOCATION,,,59000,Lille,,,https://www.orpi.com/annonce-location-appartement-t3-mons-en-baroeul-59370-1ae72161-2a48-4ca8-a1ff-963e8b4c9d58/,https://cutjhqvjma.cloudimg.io/_prod_/sweepbright-s3/1ae72161-2a48-4ca8-a1ff-963e8b4c9d58--7cf10edc-fdda-4200-8040-a2a19209271f.jpg?p=estate-result-item&ci_url_encoded=1&ci_sign=c2bf1265cbbd0fd64c074e983c83de31a4ce3b1c,2026-08-12
71,Orpi,750.0,45.0,16.67,Appartement,1 pièce - 45 m2 750 €par mois LOCATION,,,59000,Lille,,,https://www.orpi.com/annonce-location-appartement-t1-mons-en-baroeul-59370-e877be2a-8f91-4215-8b9b-a4b78b41f7e7/,https://cutjhqvjma.cloudimg.io/_prod_/sweepbright-s3/e877be2a-8f91-4215-8b9b-a4b78b41f7e7--48965b96-1a27-410f-b0f9-1630b3648a4e.jpg?p=estate-result-item&ci_url_encoded=1&ci_sign=7ae6920e8b54f6ead6baa5429ac8d0b6ea6127aa,2026-08-12
72,Orpi,760.0,41.0,18.54,Appartement,2 pièce - s 41 m2 760 €par mois LOCATION,,,59000,Lille,,,https://www.orpi.com/annonce-location-appartement-t2-faches-thumesnil-59155-3c4fb648-514e-41a0-acf6-f38a2f8c3ce5/,https://cutjhqvjma.cloudimg.io/_prod_/sweepbright-s3/3c4fb648-514e-41a0-acf6-f38a2f8c3ce5--417b0290-393d-4a6a-bfcb-f1e04404c5e1.jpg?p=estate-result-item&ci_url_encoded=1&ci_sign=bf8136d2174a174ee9b546f8d881625434e64d9b,2026-08-12
73,PAP,650.0,42.0,15.48,Appartement,2 pièce - 1 chambre - s 42 m²,,,59300,Lille,,,https://www.pap.fr/annonces/appartement-valenciennes-59300-r464402733,https://cdn.pap.fr/photos/pap/58/ad/58adef9ed703033e61eade372f4ca714/5-p2.webp,2026-08-12
74,PAP,605.0,37.0,16.35,Appartement,2 pièce - 1 chambre - s 37 m²,,,59300,Lille,,,https://www.pap.fr/annonces/appartement-famars-59300-r464700706,https://cdn.pap.fr/photos/pap/5f/e6/5fe6c7d680bf1ced966b742cdc3d6dfb/5-p2.webp,2026-08-12
75,PAP,555.0,30.0,18.5,Appartement,2 pièce - 1 chambre - s 30 m²,,,59300,Lille,,,https://www.pap.fr/annonces/appartement-famars-59300-r464700101,https://cdn.pap.fr/photos/pap/53/93/5393264c3b33ec28f050d0e990a9be44/5-p2.webp,2026-08-12
76,SeLoger,940.0,70.9,13.26,Appartement,"3 pièce - 2 chambre - s, s, 70,9 m², étage",,,59000,Lille,,,https://www.seloger.com/wl-cdp/26HLIM2M3DY3,,2026-08-12
77,SeLoger,1720.0,108.0,15.93,Maison,"6 pièce - 5 chambre - Maison s, s, 108 m²",,,59000,Lille,,,https://www.seloger.com/annonce/location/hauts-de-france/nord-59/lille-59000/26E5UADXQYND,,2026-08-12
78,SeLoger,1100.0,68.0,16.18,Appartement,"3 pièce - 2 chambre - s, s, 68 m², étage",,,59130,Lille,,,https://www.seloger.com/annonce/location/hauts-de-france/nord-59/lambersart-59130/26DW1YPICMQH,,2026-08-12
79,SeLoger,979.0,66.9,14.63,Appartement,"3 pièce - 2 chambre - s, s, 66,9 m², RDC",,,59000,Lille,,,https://www.seloger.com/annonce/location/hauts-de-france/nord-59/lille-59000/26HIGHTB9A1M,,2026-08-12
80,SeLoger,899.0,45.0,19.98,Appartement,"2 pièce - 1 chambre - s, , 45 m²",,,59000,Lille,,,https://www.seloger.com/annonce/location/hauts-de-france/nord-59/lille-59000/26U5RZY3EW3F,,2026-08-12
81,SeLoger,445.0,15.0,29.67,Studio,"1 pièce - Studio , 15 m², dès le 17/08/2026",,,59000,Lille,,,https://www.seloger.com/annonce/location/hauts-de-france/nord-59/lille-59000/26AFD99MQ6FH,,2026-08-12
82,SeLoger,520.0,15.0,34.67,Studio,"1 pièce - Studio , 15 m², étage, dès le 17/08/2026",,,59000,Lille,,,https://www.seloger.com/annonce/location/hauts-de-france/nord-59/lille-59000/261JVVZ71A7C,,2026-08-12
83,SeLoger,1264.0,84.0,15.05,Appartement,"2 pièce - 1 chambre - s, , 84 m²",,,59000,Lille,,,https://www.seloger.com/annonce/location/hauts-de-france/nord-59/lille-59000/26EZFE5V2TFM,,2026-08-12
84,SeLoger,720.0,19.0,37.89,Studio,"1 pièce - Studio - , 19 m²",,,59000,Lille,,,https://www.seloger.com/annonce/location/hauts-de-france/nord-59/lille-59000/25HJMN7HERRZ,,2026-08-12
85,SeLoger,550.0,18.0,30.56,Studio,"1 pièce - Studio - , 18 m²",,,59000,Lille,,,https://www.seloger.com/annonces/locations/appartement/lille-59/vauban-esquermes/237114473.htm,,2026-08-12
86,SeLoger,510.0,15.0,34.0,Colocation,"1 pièce - Colocation , 15 m², étage, dès le 20/08/2026",,,59000,Lille,,,https://www.seloger.com/annonce/location/hauts-de-france/nord-59/lille-59000/26T73Q193WLP,,2026-08-12
87,SeLoger,475.0,15.0,31.67,Colocation,"1 pièce - Colocation , 15 m², dès le 20/08/2026",,,59000,Lille,,,https://www.seloger.com/annonce/location/hauts-de-france/nord-59/lille-59000/266ZIUS7RT9Q,,2026-08-12
88,SeLoger,586.0,17.0,34.47,Appartement,1 pièce - 17 m²,,,59650,Lille,,,https://www.seloger.com/annonces/locations/appartement/villeneuve-d-ascq-59/252788015.htm,,2026-08-12
89,SeLoger,515.0,15.0,34.33,Colocation,"1 pièce - Colocation , 15 m², dès le 20/08/2026",,,59000,Lille,,,https://www.seloger.com/annonce/location/hauts-de-france/nord-59/lille-59000/26JLRZB85D4M,,2026-08-12
90,SeLoger,594.0,15.0,39.6,Colocation,"1 pièce - Colocation , 15 m², dès le 16/08/2026",,,59000,Lille,,,https://www.seloger.com/annonce/location/hauts-de-france/nord-59/lille-59000/26XC7ULH4F2E,,2026-08-12
91,SeLoger,890.0,62.0,14.35,Maison,"3 pièce - 2 chambre - Maison s, s, 62 m²",,,59000,Lille,,,https://www.seloger.com/annonce/location/hauts-de-france/nord-59/lille-59000/26S8K2ACKC7P,,2026-08-12
92,SeLoger,1650.0,93.0,17.74,Appartement,"5 pièce - 4 chambre - s, s, 93 m²",,,59000,Lille,,,https://www.seloger.com/wl-cdp/26N7572EQXUC,,2026-08-12
93,SeLoger,1490.0,56.1,26.56,Appartement,"2 pièce - 1 chambre - s, , 56,1 m², RDC/2",,,59000,Lille,,,https://www.seloger.com/annonces/locations/appartement/lille-59/vieux-lille/272279793.htm,,2026-08-12
94,SeLoger,450.0,15.0,30.0,Colocation,"1 pièce - Colocation , 15 m², étage, dès le 20/08/2026",,,59000,Lille,,,https://www.seloger.com/annonce/location/hauts-de-france/nord-59/lille-59000/268ESR4N3GRC,,2026-08-12
95,SeLoger,1940.0,141.4,13.72,Appartement,"5 pièce - 4 chambre - s, s, 141,4 m², étage",,,59000,Lille,,,https://www.seloger.com/annonce/location/hauts-de-france/nord-59/lille-59000/26444AQ66JTF,,2026-08-12
96,SeLoger,1040.0,38.7,26.87,Colocation,"3 pièce - 2 chambre - Colocation s, s, 38,7 m², RDC",,,59000,Lille,,,https://www.seloger.com/annonces/locations/appartement/lille-59/vauban-esquermes/262359059.htm,,2026-08-12
97,SeLoger,515.0,10.3,50.0,Appartement,"1 pièce - 10,3 m², Étage 3/3",,,59000,Lille,,,https://www.seloger.com/annonces/locations/appartement/lille-59/vauban-esquermes/266921697.htm,,2026-08-12
98,SeLoger,1450.0,82.9,17.49,Appartement,"3 pièce - 2 chambre - s, s, 82,9 m², étage",,,59000,Lille,,,https://www.seloger.com/annonces/locations/appartement/lille-59/centre/268194889.htm,,2026-08-12
99,SeLoger,1300.0,81.0,16.05,Appartement,"3 pièce - 2 chambre - s, s, 81 m², RDC/3",,,59000,Lille,,,https://www.seloger.com/annonces/locations/appartement/lille-59/vieux-lille/266095381.htm,,2026-08-12
100,SeLoger,615.0,23.9,25.73,Appartement,"1 pièce - 23,9 m², Étage 3/5",,,59000,Lille,,,https://www.seloger.com/annonces/locations/appartement/lille-59/centre/265264507.htm,,2026-08-12
101,SeLoger,955.0,62.4,15.3,Appartement,"3 pièce - 2 chambre - s, s, 62,4 m², Étage 2/5",,,59000,Lille,,,https://www.seloger.com/annonce/location/hauts-de-france/nord-59/lille-59000/261236JQH2HB,,2026-08-12
102,SeLoger,1162.0,83.0,14.0,Appartement,"4 pièce - 3 chambre - s, s, 83 m², Étage 3/4",,,59000,Lille,,,https://www.seloger.com/annonce/location/hauts-de-france/nord-59/lille-59000/26YUTNYJ4QST,,2026-08-12
103,SeLoger,412.0,15.7,26.24,Appartement,"1 pièce - 15,7 m², RDC/2",,,59000,Lille,,,https://www.seloger.com/annonce/location/hauts-de-france/nord-59/lille-59000/26U5PRRE64QZ,,2026-08-12
104,SeLoger,1135.0,87.1,13.03,Appartement,"4 pièce - 3 chambre - s, s, 87,1 m², étage",,,59000,Lille,,,https://www.seloger.com/annonce/location/hauts-de-france/nord-59/lille-59000/26C7MCQZPSK7,,2026-08-12
105,SeLoger,830.0,39.9,20.8,Appartement,"1 pièce - 39,9 m², Étage 4/4",,,59000,Lille,,,https://www.seloger.com/annonces/locations/appartement/lille-59/centre/266899963.htm,,2026-08-12
106,SeLoger,953.0,58.0,16.43,Appartement,"2 pièce - 1 chambre - s, , 58 m², étage",,,59000,Lille,,,https://www.seloger.com/annonces/locations/appartement/lille-59/275611617.htm,,2026-08-12
107,SeLoger,600.0,25.0,24.0,Studio,"1 pièce - Studio , 25 m²",,,59000,Lille,,,https://www.seloger.com/annonce/location/hauts-de-france/nord-59/lille-59000/26FDJK3ASBSS,,2026-08-12
108,SeLoger,575.0,35.0,16.43,Appartement,"2 pièce - 1 chambre - s, , 35 m²",,,59000,Lille,,,https://www.seloger.com/wl-cdp/26Z9YKSMH3W3,,2026-08-12
109,SeLoger,890.0,53.9,16.51,Appartement,"2 pièce - 1 chambre - s, , 53,9 m², Étage 1/1",,,59000,Lille,,,https://www.seloger.com/annonce/location/hauts-de-france/nord-59/lille-59000/26TCYPY5Q34Z,,2026-08-12
110,SeLoger,655.0,40.0,16.38,Appartement,"1 pièce - 40 m², RDC, dès le 10/09/2026",,,59000,Lille,,,https://www.seloger.com/wl-cdp/262DFGYU4FIR,,2026-08-12
111,SeLoger,614.0,26.0,23.62,Appartement,"1 pièce - 26 m², étage",,,59000,Lille,,,https://www.seloger.com/annonce/location/hauts-de-france/nord-59/lille-59000/26SQIBTR1G33,,2026-08-12
112,SeLoger,780.0,33.0,23.64,Appartement,"2 pièce - 1 chambre - s, , 33 m², Étage 4/4",,,59000,Lille,,,https://www.seloger.com/annonce/location/hauts-de-france/nord-59/lille-59000/26U86Y5VVPEU,,2026-08-12
113,SeLoger,1110.0,76.0,14.61,Colocation,"3 pièce - 2 chambre - Colocation s, s, 76 m², Étage 2/4",,,59000,Lille,,,https://www.seloger.com/annonce/location/hauts-de-france/nord-59/lille-59000/261GSYTTRL7M,,2026-08-12
114,SeLoger,690.0,28.2,24.47,Appartement,"1 pièce - 28,2 m², Étage 3/5, dès le 14/09/2026",,,59000,Lille,,,https://www.seloger.com/wl-cdp/26INPGVPVF78,,2026-08-12
115,SeLoger,875.0,51.6,16.96,Appartement,"3 pièce - 2 chambre - s, s, 51,6 m², étage",,,59000,Lille,,,https://www.seloger.com/wl-cdp/26NSZKZ8JEJU,,2026-08-12
116,SeLoger,520.0,11.0,47.27,Colocation,"1 pièce - 1 chambre - Colocation , , 11 m², étage",,,59000,Lille,,,https://www.seloger.com/annonce/location/hauts-de-france/nord-59/lille-59000/26NMDPUNWA7N,,2026-08-12
117,SeLoger,670.0,20.0,33.5,Maison,"9 pièce - 1 chambre - Maison s, , 20 m², dès le 17/08/2026",,,59000,Lille,,,https://www.seloger.com/wl-cdp/266U1X62EAA5,,2026-08-12
118,SeLoger,1650.0,70.5,23.4,Appartement,"4 pièce - 3 chambre - s, s, 70,5 m², Étage 1/5",,,59000,Lille,,,https://www.seloger.com/annonce/location/hauts-de-france/nord-59/lille-59000/25DHI1HSMZZN,,2026-08-12
119,SeLoger,755.0,38.0,19.87,Colocation,"2 pièce - 1 chambre - Colocation s, , 38 m², Étage 1/2",,,59000,Lille,,,https://www.seloger.com/annonces/locations/appartement/lille-59/wazemmes/2611SB13DXHE.htm,,2026-08-12
120,SeLoger,989.0,54.0,18.31,Appartement,"3 pièce - 2 chambre - s, s, 54 m², étage",,,59000,Lille,,,https://www.seloger.com/annonce/location/hauts-de-france/nord-59/lille-59000/26JX41KG7CFM,,2026-08-12
121,SeLoger,600.0,15.0,40.0,Appartement,"1 pièce - 15 m², étage",,,59000,Lille,,,https://www.seloger.com/annonce/location/hauts-de-france/nord-59/lille-59000/26V7SI6V2ZTL,,2026-08-12
122,SeLoger,550.0,50.0,11.0,Colocation,"2 pièce - 2 chambre - Colocation s, s, 50 m², étage",,,59000,Lille,,,https://www.seloger.com/annonce/location/hauts-de-france/nord-59/lille-59000/26ISGSY8RPN5,,2026-08-12
123,SeLoger,520.0,59.0,8.81,Colocation,"3 pièce - 2 chambre - Colocation s, s, 59 m², étage",,,59000,Lille,,,https://www.seloger.com/annonce/location/hauts-de-france/nord-59/lambersart-59130/26IJFJ32KV4C,,2026-08-12
124,SeLoger,720.0,27.0,26.67,Appartement,"1 pièce - 27 m², Étage 2/3, dès le 16/08/2026",,,59000,Lille,,,https://www.seloger.com/annonce/location/hauts-de-france/nord-59/lille-59000/26VP8R4PYG7Y,,2026-08-12
125,SeLoger,923.0,64.0,14.42,Appartement,"3 pièce - 2 chambre - s, s, 64 m², Étage 2/2",,,59000,Lille,,,https://www.seloger.com/wl-cdp/265HUT8L11HZ,,2026-08-12
126,SeLoger,1058.0,73.0,14.49,Appartement,"3 pièce - 2 chambre - s, s, 73 m², Étage 6/6",,,59000,Lille,,,https://www.seloger.com/annonces/locations/appartement/lille-59/lille-sud/273461147.htm,,2026-08-12
127,SeLoger,846.0,44.0,19.23,Appartement,"2 pièce - 1 chambre - s, , 44 m², étage",,,59000,Lille,,,https://www.seloger.com/annonce/location/hauts-de-france/nord-59/lille-59000/26CHCMDEN3PR,,2026-08-12
128,SeLoger,869.0,51.0,17.04,Appartement,"2 pièce - 1 chambre - s, , 51 m², Étage 4/7",,,59000,Lille,,,https://www.seloger.com/annonce/location/hauts-de-france/nord-59/lille-59000/26KMX1ACRM78,,2026-08-12
129,SeLoger,630.0,19.0,33.16,Appartement,"1 pièce - 19 m², RDC/2, dès le 24/08/2026",,,59000,Lille,,,https://www.seloger.com/annonce/location/hauts-de-france/nord-59/lille-59000/261GUYWEWMIJ,,2026-08-12
130,SeLoger,705.0,24.5,28.78,Appartement,"2 pièce - 1 chambre - s, , 24,5 m², étage",,,59000,Lille,,,https://www.seloger.com/annonce/location/hauts-de-france/nord-59/lille-59000/26LWVFDNSWIU,,2026-08-12
131,SeLoger,1252.0,96.9,12.92,Appartement,"4 pièce - 3 chambre - Duplex s, s, 96,9 m², Étage 1/5",,,59000,Lille,,,https://www.seloger.com/annonce/location/hauts-de-france/nord-59/lille-59000/26AC6BVB19NI,,2026-08-12
132,SeLoger,363.0,15.0,24.2,Appartement,"1 pièce - 15 m², étage",,,59000,Lille,,,https://www.seloger.com/annonce/location/hauts-de-france/nord-59/lille-59000/26MUAFWNRUGQ,,2026-08-12
133,SeLoger,1230.0,83.7,14.7,Colocation,"3 pièce - 1 chambre - Colocation s, , 83,7 m², RDC",,,59000,Lille,,,https://www.seloger.com/annonces/locations/appartement/lille-59/vauban-esquermes/275507559.htm,,2026-08-12
134,SeLoger,965.0,40.0,24.12,Appartement,"2 pièce - 1 chambre - s, , 40 m², RDC",,,59000,Lille,,,https://www.seloger.com/annonce/location/hauts-de-france/nord-59/lille-59000/26U11HX6G3H1,,2026-08-12
135,SeLoger,860.0,49.8,17.27,Appartement,"2 pièce - 1 chambre - s, , 49,8 m², Étage 1/1",,,59000,Lille,,,https://www.seloger.com/annonce/location/hauts-de-france/nord-59/lille-59000/2657PZAEMV25,,2026-08-12
136,SeLoger,900.0,51.4,17.51,Appartement,"2 pièce - 1 chambre - s, , 51,4 m², étage",,,59000,Lille,,,https://www.seloger.com/annonces/locations/appartement/lille-59/275832153.htm,,2026-08-12
137,SeLoger,710.0,35.9,19.78,Appartement,"1 pièce - 1 chambre - 35,9 m², RDC",,,59000,Lille,,,https://www.seloger.com/annonce/location/hauts-de-france/nord-59/lille-59000/263DDC3URQL4,,2026-08-12
138,SeLoger,528.0,15.0,35.2,Colocation,"1 pièce - Colocation , 15 m², dès le 09/09/2026",,,59000,Lille,,,https://www.seloger.com/wl-cdp/261BYJ351A5E,,2026-08-12
139,SeLoger,680.0,33.0,20.61,Appartement,"1 pièce - 33 m², 8 étages",,,59000,Lille,,,https://www.seloger.com/annonce/location/hauts-de-france/nord-59/lille-59000/26PVM75DVBT3,,2026-08-12
140,SeLoger,895.0,46.0,19.46,Appartement,"2 pièce - 1 chambre - Duplex s, , 46 m², Étage 2/3",,,59000,Lille,,,https://www.seloger.com/annonce/location/hauts-de-france/nord-59/lille-59000/26FU6I66ATZM,,2026-08-12
141,SeLoger,1950.0,132.0,14.77,Appartement,"4 pièce - 3 chambre - Loft s, s, 132 m²",,,59000,Lille,,,https://www.seloger.com/annonce/location/hauts-de-france/nord-59/lille-59000/263H8EL4EI6B,,2026-08-12
142,SeLoger,580.0,10.0,58.0,Colocation,"1 pièce - 7 chambre - Colocation , s, 10 m², dès le 15/08/2026",,,59000,Lille,,,https://www.seloger.com/annonce/location/hauts-de-france/nord-59/lille-59000/26RRPDIYDIR7,,2026-08-12
143,SeLoger,697.0,28.0,24.89,Studio,"1 pièce - Studio - , 28 m², étage",,,59000,Lille,,,https://www.seloger.com/annonce/location/hauts-de-france/nord-59/lille-59000/265EK26VSX7Z,,2026-08-12
144,SeLoger,574.0,15.0,38.27,Studio,"1 pièce - Studio , 15 m², étage, dès le 16/09/2026",,,59000,Lille,,,https://www.seloger.com/annonce/location/hauts-de-france/nord-59/lille-59000/26NX61EE95PR,,2026-08-12
145,SeLoger,1720.0,108.0,15.93,Appartement,"5 pièce - 5 chambre - s, s, 108 m², dès le 17/08/2026",,,59000,Lille,,,https://www.seloger.com/annonce/location/hauts-de-france/nord-59/lille-59000/26LNAUYIBLQC,,2026-08-12
146,SeLoger,525.0,15.0,35.0,Studio,"1 pièce - Studio , 15 m², étage, dès le 17/08/2026",,,59000,Lille,,,https://www.seloger.com/annonce/location/hauts-de-france/nord-59/lille-59000/26U48244YB15,,2026-08-12
147,SeLoger,533.0,15.0,35.53,Studio,"1 pièce - Studio , 15 m², étage, dès le 17/08/2026",,,59000,Lille,,,https://www.seloger.com/annonce/location/hauts-de-france/nord-59/lille-59000/26SVNMHPTABL,,2026-08-12
148,SeLoger,565.0,15.0,37.67,Studio,"1 pièce - Studio , 15 m², étage, dès le 17/08/2026",,,59000,Lille,,,https://www.seloger.com/annonce/location/hauts-de-france/nord-59/lille-59000/267EASQYNTCK,,2026-08-12
149,SeLoger,486.0,15.0,32.4,Studio,"1 pièce - Studio , 15 m², étage, dès le 17/08/2026",,,59000,Lille,,,https://www.seloger.com/annonce/location/hauts-de-france/nord-59/lille-59000/262BECQ393HY,,2026-08-12
150,SeLoger,400.0,15.0,26.67,Colocation,"1 pièce - Colocation , 15 m², dès le 20/08/2026",,,59000,Lille,,,https://www.seloger.com/annonce/location/hauts-de-france/nord-59/lille-59000/267DV8LK5ZFE,,2026-08-12
151,SeLoger,904.0,72.6,12.45,Appartement,"3 pièce - 2 chambre - s, s, 72,6 m², étage",,,59000,Lille,,,https://www.seloger.com/annonce/location/hauts-de-france/nord-59/lille-59000/26BHCRX9GWVQ,,2026-08-12
152,SeLoger,1185.0,92.0,12.88,Maison,"3 pièce - 2 chambre - Maison de ville s, s, 92 m²",,,59000,Lille,,,https://www.seloger.com/annonces/locations/maison/lille-59/bois-blanc/276420483.htm,,2026-08-12
153,SeLoger,609.0,14.0,43.5,Appartement,"1 pièce - 14 m², Étage 1/2, disponible dès maintenant",,,59000,Lille,,,https://www.seloger.com/annonce/location/hauts-de-france/nord-59/lille-59000/26XB9XWEULG3,,2026-08-12
154,SeLoger,885.0,58.6,15.1,Appartement,"2 pièce - 1 chambre - s, , 58,6 m², RDC",,,59000,Lille,,,https://www.seloger.com/annonce/location/hauts-de-france/nord-59/lille-59000/26IKSUKMXABX,,2026-08-12
155,SeLoger,550.0,15.0,36.67,Studio,"1 pièce - Studio , 15 m², dès le 17/08/2026",,,59000,Lille,,,https://www.seloger.com/annonce/location/hauts-de-france/nord-59/lille-59000/26UWPEFJ72BU,,2026-08-12
156,SeLoger,645.0,15.0,43.0,Studio,"1 pièce - Studio , 15 m², dès le 17/08/2026",,,59000,Lille,,,https://www.seloger.com/annonce/location/hauts-de-france/nord-59/lille-59000/26G2YBMU8PYE,,2026-08-12
157,SeLoger,490.0,15.0,32.67,Studio,"1 pièce - Studio , 15 m², dès le 17/08/2026",,,59000,Lille,,,https://www.seloger.com/annonce/location/hauts-de-france/nord-59/lille-59000/26MQ5DLCKIZV,,2026-08-12
158,SeLoger,500.0,15.0,33.33,Studio,"1 pièce - Studio , 15 m², dès le 17/08/2026",,,59000,Lille,,,https://www.seloger.com/annonce/location/hauts-de-france/nord-59/lille-59000/26GV117SJUCT,,2026-08-12
159,SeLoger,648.0,15.0,43.2,Studio,"1 pièce - Studio , 15 m², dès le 17/08/2026",,,59000,Lille,,,https://www.seloger.com/annonce/location/hauts-de-france/nord-59/lille-59000/2674YSV4AYS3,,2026-08-12
160,SeLoger,595.0,15.0,39.67,Studio,"1 pièce - Studio , 15 m², dès le 17/08/2026",,,59000,Lille,,,https://www.seloger.com/annonce/location/hauts-de-france/nord-59/lille-59000/263EEZ3UBP97,,2026-08-12
161,SeLoger,530.0,15.0,35.33,Studio,"1 pièce - Studio , 15 m², dès le 17/08/2026",,,59000,Lille,,,https://www.seloger.com/annonce/location/hauts-de-france/nord-59/lille-59000/26R7WSY2ZPU9,,2026-08-12
162,SeLoger,650.0,15.0,43.33,Studio,"1 pièce - Studio , 15 m², dès le 17/08/2026",,,59000,Lille,,,https://www.seloger.com/annonce/location/hauts-de-france/nord-59/lille-59000/26VV4XXFTLZJ,,2026-08-12
163,SeLoger,659.0,15.0,43.93,Studio,"1 pièce - Studio , 15 m², dès le 17/08/2026",,,59000,Lille,,,https://www.seloger.com/annonce/location/hauts-de-france/nord-59/lille-59000/26B9CPX8T971,,2026-08-12
164,SeLoger,495.0,15.0,33.0,Studio,"1 pièce - Studio , 15 m², dès le 17/08/2026",,,59000,Lille,,,https://www.seloger.com/annonce/location/hauts-de-france/nord-59/lille-59000/26E1DIH9DRJR,,2026-08-12
165,SeLoger,485.0,15.0,32.33,Studio,"1 pièce - Studio , 15 m², dès le 17/08/2026",,,59000,Lille,,,https://www.seloger.com/annonce/location/hauts-de-france/nord-59/lille-59000/26CAJUZJ3LHQ,,2026-08-12
166,SeLoger,1700.0,91.0,18.68,Colocation,"5 pièce - 4 chambre - Colocation s, s, 91 m², Étage 1/3",,,59000,Lille,,,https://www.seloger.com/annonces/locations/appartement/lille-59/vauban-esquermes/274770073.htm,,2026-08-12
167,SeLoger,470.0,11.0,42.73,Colocation,"1 pièce - 4 chambre - Colocation , s, 11 m², étage",,,59000,Lille,,,https://www.seloger.com/annonce/location/hauts-de-france/nord-59/lille-59000/26741BHGBB6N,,2026-08-12
168,SeLoger,470.0,10.0,47.0,Colocation,"1 pièce - 4 chambre - Colocation , s, 10 m², étage",,,59000,Lille,,,https://www.seloger.com/annonce/location/hauts-de-france/nord-59/lille-59000/26IWY7JSVXMY,,2026-08-12
169,SeLoger,945.0,62.4,15.14,Appartement,"3 pièce - 2 chambre - s, s, 62,4 m², Étage 3/3",,,59000,Lille,,,https://www.seloger.com/annonces/locations/appartement/lille-59/mitterie/275729601.htm,,2026-08-12
170,SeLoger,1726.0,105.0,16.44,Appartement,"4 pièce - 2 chambre - s, s, 105 m², étage",,,59000,Lille,,,https://www.seloger.com/annonces/locations/appartement/lille-59/centre/276279579.htm,,2026-08-12
171,SeLoger,890.0,40.0,22.25,Appartement,"2 pièce - s, 40 m², étage, dès le 02/10/2026",,,59000,Lille,,,https://www.seloger.com/annonce/location/hauts-de-france/nord-59/lille-59000/26I3ZDS6U62G,,2026-08-12
172,SeLoger,1495.0,86.0,17.38,Appartement,"5 pièce - 4 chambre - s, s, 86 m², Étage 1/6",,,59000,Lille,,,https://www.seloger.com/annonce/location/hauts-de-france/nord-59/lille-59000/26GKWH9ZSHRJ,,2026-08-12
173,SeLoger,630.0,10.0,63.0,Colocation,"1 pièce - 7 chambre - Colocation , s, 10 m²",,,59000,Lille,,,https://www.seloger.com/annonce/location/hauts-de-france/nord-59/lille-59000/26JDBK5UPKBL,,2026-08-12
174,SeLoger,575.0,15.0,38.33,Colocation,"1 pièce - Colocation , 15 m², dès le 16/08/2026",,,59000,Lille,,,https://www.seloger.com/annonce/location/hauts-de-france/nord-59/lille-59000/265NY4E1UZAW,,2026-08-12
175,SeLoger,560.0,15.0,37.33,Colocation,"1 pièce - Colocation , 15 m², dès le 20/08/2026",,,59000,Lille,,,https://www.seloger.com/annonce/location/hauts-de-france/nord-59/lille-59000/26S42TFIFNWL,,2026-08-12
176,SeLoger,515.0,11.0,46.82,Colocation,"1 pièce - 1 chambre - Colocation , , 11 m², étage",,,59000,Lille,,,https://www.seloger.com/wl-cdp/2691KQEIWW2V,,2026-08-12
177,SeLoger,2136.0,124.9,17.1,Appartement,"5 pièce - 3 chambre - s, s, 124,9 m², Étage 5/5",,,59000,Lille,,,https://www.seloger.com/annonces/locations/appartement/lille-59/276313035.htm,,2026-08-12
178,SeLoger,1020.0,57.0,17.89,Colocation,"3 pièce - 2 chambre - Colocation s, s, 57 m², Étage 3/4",,,59000,Lille,,,https://www.seloger.com/annonce/location/hauts-de-france/nord-59/lille-59000/26Q53SU2B8TX,,2026-08-12
179,SeLoger,1580.0,80.0,19.75,Appartement,"3 pièce - 2 chambre - s, s, 80 m², étage",,,59000,Lille,,,https://www.seloger.com/wl-cdp/26CJYGRXQTMW,,2026-08-12
180,SeLoger,927.0,64.4,14.39,Appartement,"2 pièce - 2 chambre - s, s, 64,4 m²",,,59000,Lille,,,https://www.seloger.com/wl-cdp/26E6EF6HMHK3,,2026-08-12
181,SeLoger,756.0,48.0,15.75,Appartement,"2 pièce - 1 chambre - s, , 48 m², RDC",,,59000,Lille,,,https://www.seloger.com/annonce/location/hauts-de-france/nord-59/lille-59000/26AIJDXGE7U3,,2026-08-12
182,SeLoger,988.0,64.7,15.27,Appartement,"3 pièce - 2 chambre - s, s, 64,7 m², 4 étages",,,59000,Lille,,,https://www.seloger.com/annonce/location/hauts-de-france/nord-59/lille-59000/263PTK1HD9QU,,2026-08-12
183,SeLoger,750.0,31.0,24.19,Appartement,"2 pièce - 1 chambre - s, , 31 m², étage",,,59000,Lille,,,https://www.seloger.com/annonce/location/hauts-de-france/nord-59/lille-59000/262CJW4RXQPE,,2026-08-12
184,SeLoger,716.0,34.0,21.06,Appartement,"2 pièce - 1 chambre - s, , 34 m², Étage 1/3",,,59000,Lille,,,https://www.seloger.com/annonce/location/hauts-de-france/nord-59/lille-59000/26VEBS4EG9QR,,2026-08-12
185,SeLoger,1385.0,82.9,16.71,Appartement,"3 pièce - 1 chambre - s, , 82,9 m², étage",,,59000,Lille,,,https://www.seloger.com/annonce/location/hauts-de-france/nord-59/lille-59000/26Z7RLGPZ8TX,,2026-08-12
186,SeLoger,665.0,15.2,43.75,Appartement,"1 pièce - 11 chambre - s, 15,2 m², Étage 2/3",,,59000,Lille,,,https://www.seloger.com/annonces/locations/appartement/lille-59/276162809.htm,,2026-08-12
187,SeLoger,890.0,49.8,17.87,Appartement,"3 pièce - 2 chambre - s, s, 49,8 m², étage",,,59000,Lille,,,https://www.seloger.com/wl-cdp/26773ZCJD8GK,,2026-08-12
188,SeLoger,950.0,40.0,23.75,Appartement,"2 pièce - 1 chambre - s, , 40 m², RDC/4",,,59000,Lille,,,https://www.seloger.com/annonce/location/hauts-de-france/nord-59/lille-59000/26PY7NCN671H,,2026-08-12
189,SeLoger,595.0,12.0,49.58,Appartement,"1 pièce - 12 m², RDC/3, disponible dès maintenant",,,59000,Lille,,,https://www.seloger.com/annonces/locations/appartement/lille-59/vauban-esquermes/254GG752P3CV.htm,,2026-08-12
190,SeLoger,2100.0,90.0,23.33,Appartement,"4 pièce - 1 chambre - s, , 90 m², étage",,,59000,Lille,,,https://www.seloger.com/annonce/location/hauts-de-france/nord-59/lille-59000/269MH758IFK9,,2026-08-12
191,SeLoger,750.0,38.0,19.74,Appartement,"2 pièce - 1 chambre - s, , 38 m², étage",,,59000,Lille,,,https://www.seloger.com/annonce/location/hauts-de-france/nord-59/lille-59000/26NBAN841WAW,,2026-08-12
192,SeLoger,1180.0,49.1,24.03,Appartement,"2 pièce - 1 chambre - s, , 49,1 m²",,,59000,Lille,,,https://www.seloger.com/annonce/location/hauts-de-france/nord-59/lille-59000/26ZPR4Q2DFQM,,2026-08-12
193,SeLoger,920.0,42.0,21.9,Appartement,"2 pièce - s, 42 m², RDC/2, dès le 20/08/2026",,,59000,Lille,,,https://www.seloger.com/annonce/location/hauts-de-france/nord-59/lille-59000/265IJU2C38UV,,2026-08-12
194,SeLoger,914.0,57.3,15.95,Appartement,"2 pièce - 2 chambre - s, s, 57,3 m², 4 étages",,,59000,Lille,,,https://www.seloger.com/wl-cdp/262LSXWGSB2Z,,2026-08-12
195,SeLoger,495.0,17.0,29.12,Colocation,"7 pièce - 6 chambre - Colocation s, s, 17 m², étage",,,59000,Lille,,,https://www.seloger.com/annonce/location/hauts-de-france/nord-59/lille-59000/26BZE31L4T47,,2026-08-12
196,SeLoger,808.0,19.0,42.53,Studio,"1 pièce - Studio - , 19 m²",,,59000,Lille,,,https://www.seloger.com/annonce/location/hauts-de-france/nord-59/lille-59000/26MLC112ZK71,,2026-08-12
197,SeLoger,525.0,11.0,47.73,Colocation,"1 pièce - Colocation , 11 m², RDC",,,59000,Lille,,,https://www.seloger.com/annonces/locations/appartement/lille-59/caulier/258272125.htm,,2026-08-12
198,SeLoger,525.0,10.0,52.5,Colocation,"1 pièce - Colocation , 10 m², RDC",,,59000,Lille,,,https://www.seloger.com/annonces/locations/appartement/lille-59/caulier/258171949.htm,,2026-08-12
199,SeLoger,599.0,16.0,37.44,Appartement,"1 pièce - 16 m², Étage 2/2, disponible dès maintenant",,,59000,Lille,,,https://www.seloger.com/annonces/locations/appartement/lille-59/moulins/25HDST2ALT2Y.htm,,2026-08-12
200,SeLoger,910.0,68.0,13.38,Appartement,"3 pièce - 2 chambre - s, s, 68 m², dès le 05/09/2026",,,59000,Lille,,,https://www.seloger.com/annonce/location/hauts-de-france/nord-59/lille-59000/26QMI1BB5M23,,2026-08-12
201,SeLoger,1320.0,48.0,27.5,Appartement,"1 pièce - 48 m², étage, dès le 30/08/2026",,,59000,Lille,,,https://www.seloger.com/annonce/location/hauts-de-france/nord-59/lille-59000/262IP53E3NJG,,2026-08-12
202,SeLoger,890.0,55.0,16.18,Appartement,"2 pièce - 1 chambre - s, , 55 m², Étage 1/2",,,59000,Lille,,,https://www.seloger.com/annonces/locations/appartement/lille-59/276394059.htm,,2026-08-12
203,SeLoger,819.0,58.6,13.98,Appartement,"3 pièce - 2 chambre - s, s, 58,6 m², Étage 3/4",,,59000,Lille,,,https://www.seloger.com/annonce/location/hauts-de-france/nord-59/lille-59000/265VG8MNAS7F,,2026-08-12
204,SeLoger,494.0,26.5,18.64,Appartement,"1 pièce - 26,5 m², dès le 02/09/2026",,,59000,Lille,,,https://www.seloger.com/wl-cdp/26UAQNAAJNEE,,2026-08-12
205,SeLoger,570.0,16.9,33.73,Appartement,"1 pièce - 16,9 m², étage",,,59000,Lille,,,https://www.seloger.com/annonce/location/hauts-de-france/nord-59/lille-59000/262EKXLIZI2M,,2026-08-12
206,SeLoger,1490.0,94.0,15.85,Maison,"4 pièce - 3 chambre - Maison s, s, 94 m²",,,59000,Lille,,,https://www.seloger.com/annonce/location/hauts-de-france/nord-59/lille-59000/26F7BPQV1PMM,,2026-08-12
207,SeLoger,1408.0,107.6,13.09,Appartement,"4 pièce - 3 chambre - s, s, 107,6 m², RDC/2",,,59000,Lille,,,https://www.seloger.com/annonce/location/hauts-de-france/nord-59/lille-59000/26MYVSIC3FLB,,2026-08-12
208,SeLoger,655.0,28.6,22.9,Appartement,"1 pièce - 28,6 m², Étage 2/4",,,59000,Lille,,,https://www.seloger.com/annonce/location/hauts-de-france/nord-59/lille-59000/26A9BX93N685,,2026-08-12
209,SeLoger,890.0,32.0,27.81,Appartement,"1 pièce - 32 m², Étage 5/8",,,59000,Lille,,,https://www.seloger.com/annonces/locations/appartement/lille-59/saint-maurice-pellevoisin/26P38UGNESP2.htm,,2026-08-12
210,SeLoger,693.0,25.0,27.72,Studio,"1 pièce - Studio , 25 m²",,,59000,Lille,,,https://www.seloger.com/annonce/location/hauts-de-france/nord-59/lille-59000/269E1LALLD28,,2026-08-12
211,SeLoger,990.0,42.0,23.57,Appartement,"2 pièce - 1 chambre - s, , 42 m², Étage 5/6",,,59000,Lille,,,https://www.seloger.com/annonces/locations/appartement/lille-59/moulins/26EJ9F4QN86F.htm,,2026-08-12
212,SeLoger,1184.0,81.6,14.51,Appartement,"3 pièce - 2 chambre - s, s, 81,6 m², Étage 1/5",,,59000,Lille,,,https://www.seloger.com/annonce/location/hauts-de-france/nord-59/lille-59000/26SV8DKN7P4Q,,2026-08-12
213,SeLoger,2300.0,151.0,15.23,Appartement,"4 pièce - 3 chambre - s, s, 151 m²",,,59000,Lille,,,https://www.seloger.com/annonce/location/hauts-de-france/nord-59/lille-59000/262LACK8R8QI,,2026-08-12
214,SeLoger,580.0,16.0,36.25,Studio,"1 pièce - Studio , 16 m², étage",,,59000,Lille,,,https://www.seloger.com/annonce/location/hauts-de-france/nord-59/lille-59000/26KCBRJHFX1W,,2026-08-12
215,SeLoger,998.0,55.2,18.08,Appartement,"3 pièce - 2 chambre - s, s, 55,2 m², étage",,,59000,Lille,,,https://www.seloger.com/annonces/locations/appartement/lille-59/vieux-lille/274670575.htm,,2026-08-12
216,SeLoger,420.0,17.5,24.0,Appartement,"1 pièce - 17,5 m², Étage 3/3",,,59000,Lille,,,https://www.seloger.com/annonce/location/hauts-de-france/nord-59/lille-59000/26RA49MB2GIM,,2026-08-12
217,SeLoger,850.0,42.0,20.24,Appartement,"2 pièce - 1 chambre - s, , 42 m², étage",,,59000,Lille,,,https://www.seloger.com/annonce/location/hauts-de-france/nord-59/lille-59000/26IYAVZ46FCJ,,2026-08-12
218,SeLoger,545.0,15.0,36.33,Colocation,"1 pièce - Colocation , 15 m², dès le 20/08/2026",,,59000,Lille,,,https://www.seloger.com/annonce/location/hauts-de-france/nord-59/lille-59000/26NGV2FZZN8R,,2026-08-12
219,SeLoger,889.0,63.6,13.98,Appartement,"3 pièce - 2 chambre - s, s, 63,6 m², RDC",,,59000,Lille,,,https://www.seloger.com/wl-cdp/26M5IAPQAHYF,,2026-08-12
220,SeLoger,565.0,34.9,16.19,Appartement,"2 pièce - 1 chambre - s, , 34,9 m², Étage 1/3",,,59000,Lille,,,https://www.seloger.com/annonces/locations/appartement/lille-59/276162645.htm,,2026-08-12
221,SeLoger,605.0,29.0,20.86,Appartement,"1 pièce - 29 m², Étage 2/4",,,59000,Lille,,,https://www.seloger.com/annonce/location/hauts-de-france/nord-59/lille-59000/265YB48EMGCQ,,2026-08-12
222,SeLoger,570.0,14.0,40.71,Colocation,"1 pièce - 5 chambre - Colocation , s, 14 m², RDC",,,59000,Lille,,,https://www.seloger.com/annonce/location/hauts-de-france/nord-59/lille-59000/26KMT5IYMFNP,,2026-08-12
223,SeLoger,1015.0,54.8,18.52,Appartement,"3 pièce - 2 chambre - s, s, 54,8 m², RDC",,,59000,Lille,,,https://www.seloger.com/annonces/locations/appartement/lille-59/vieux-lille/271787893.htm,,2026-08-12
224,SeLoger,600.0,10.0,60.0,Colocation,"1 pièce - 1 chambre - Colocation , , 10 m², Étage 1/3",,,59000,Lille,,,https://www.seloger.com/wl-cdp/26KHZPBX3LSI,,2026-08-12
225,SeLoger,415.0,12.0,34.58,Colocation,"1 pièce - 1 chambre - Colocation - , , 12 m², étage",,,59000,Lille,,,https://www.seloger.com/annonce/location/hauts-de-france/nord-59/lille-59000/26VXVESILX98,,2026-08-12
226,SeLoger,750.0,39.0,19.23,Appartement,"1 pièce - 39 m², étage",,,59000,Lille,,,https://www.seloger.com/annonces/locations/appartement/lille-59/270369581.htm,,2026-08-12
227,SeLoger,566.0,14.0,40.43,Colocation,"1 pièce - 10 chambre - Colocation , s, 14 m², étage",,,59000,Lille,,,https://www.seloger.com/annonce/location/hauts-de-france/nord-59/lille-59000/26IM3TKKKY11,,2026-08-12
228,SeLoger,1900.0,43.0,44.19,Appartement,"2 pièce - 1 chambre - s, , 43 m²",,,59000,Lille,,,https://www.seloger.com/annonces/locations/appartement/lille-59/275575821.htm,,2026-08-12
229,SeLoger,910.0,56.0,16.25,Appartement,"2 pièce - 1 chambre - s, , 56 m², RDC",,,59000,Lille,,,https://www.seloger.com/annonce/location/hauts-de-france/nord-59/lille-59000/26RJITTSURM8,,2026-08-12
230,SeLoger,1450.0,84.0,17.26,Appartement,"3 pièce - 2 chambre - s, s, 84 m², étage",,,59000,Lille,,,https://www.seloger.com/annonce/location/hauts-de-france/nord-59/lille-59000/26TA7ZZNNEWG,,2026-08-12
231,SeLoger,545.0,10.0,54.5,Colocation,"1 pièce - 3 chambre - Colocation , s, 10 m², étage",,,59000,Lille,,,https://www.seloger.com/annonce/location/hauts-de-france/nord-59/lille-59000/263E18V815IS,,2026-08-12
232,SeLoger,530.0,11.0,48.18,Colocation,"1 pièce - 3 chambre - Colocation , s, 11 m², étage",,,59000,Lille,,,https://www.seloger.com/annonce/location/hauts-de-france/nord-59/lille-59000/26URAA5QUG79,,2026-08-12
233,SeLoger,510.0,13.0,39.23,Colocation,"1 pièce - 1 chambre - Colocation , , 13 m², étage",,,59000,Lille,,,https://www.seloger.com/annonce/location/hauts-de-france/nord-59/lille-59000/26P3RN3BDJ9P,,2026-08-12
234,SeLoger,545.0,11.0,49.55,Colocation,"1 pièce - 4 chambre - Colocation , s, 11 m², étage",,,59000,Lille,,,https://www.seloger.com/annonces/locations/appartement/lille-59/moulins/274005883.htm,,2026-08-12
235,SeLoger,1004.0,83.4,12.04,Maison,"3 pièce - 2 chambre - Maison s, s, 83,4 m², 12 m² de terrain",,,59000,Lille,,,https://www.seloger.com/annonces/locations/maison/lille-59/vauban-esquermes/273836615.htm,,2026-08-12
236,SeLoger,515.0,10.0,51.5,Colocation,"Colocation 10 m², RDC/2, disponible dès maintenant",,,59000,Lille,,,https://www.seloger.com/annonces/locations/appartement/lille-59/lomme-le-marais/26P4QDQU5KDQ.htm,,2026-08-12
237,SeLoger,1050.0,48.0,21.88,Colocation,"3 pièce - 2 chambre - Colocation s, s, 48 m², RDC/4",,,59000,Lille,,,https://www.seloger.com/annonces/locations/appartement/lille-59/wazemmes/25M3YRJ42NIY.htm,,2026-08-12
238,SeLoger,600.0,13.0,46.15,Colocation,"1 pièce - 2 chambre - Colocation , s, 13 m², étage",,,59000,Lille,,,https://www.seloger.com/annonce/location/hauts-de-france/nord-59/lille-59000/26QNSZ5IAJWK,,2026-08-12
239,SeLoger,580.0,11.0,52.73,Colocation,"1 pièce - 3 chambre - Colocation , s, 11 m², étage",,,59000,Lille,,,https://www.seloger.com/annonce/location/hauts-de-france/nord-59/lille-59000/26XXYZ2AMEX1,,2026-08-12
240,SeLoger,510.0,10.0,51.0,Colocation,"1 pièce - 9 chambre - Colocation - , s, 10 m², étage",,,59000,Lille,,,https://www.seloger.com/annonce/location/hauts-de-france/nord-59/lille-59000/26DUYT8V5RGV,,2026-08-12
241,SeLoger,555.0,11.0,50.45,Colocation,"1 pièce - 2 chambre - Colocation , s, 11 m², étage",,,59000,Lille,,,https://www.seloger.com/annonce/location/hauts-de-france/nord-59/lille-59000/26SN89G8322D,,2026-08-12
242,SeLoger,600.0,11.0,54.55,Colocation,"1 pièce - 1 chambre - Colocation , , 11 m², étage",,,59000,Lille,,,https://www.seloger.com/annonce/location/hauts-de-france/nord-59/lille-59000/26667RTQKETT,,2026-08-12
243,SeLoger,590.0,10.0,59.0,Colocation,"1 pièce - 2 chambre - Colocation , s, 10 m², étage",,,59000,Lille,,,https://www.seloger.com/annonce/location/hauts-de-france/nord-59/lille-59000/26M82NNR5AF4,,2026-08-12
244,SeLoger,585.0,15.0,39.0,Colocation,"1 pièce - 6 chambre - Colocation , s, 15 m², étage",,,59000,Lille,,,https://www.seloger.com/annonce/location/hauts-de-france/nord-59/lille-59000/266JJ4MVX6GY,,2026-08-12
245,SeLoger,1680.0,91.0,18.46,Appartement,"3 pièce - 1 chambre - s, , 91 m², Étage 2/6",,,59000,Lille,,,https://www.seloger.com/annonces/locations/appartement/lille-59/271443183.htm,,2026-08-12
246,SeLoger,515.0,15.0,34.33,Studio,"1 pièce - Studio , 15 m², dès le 17/08/2026",,,59000,Lille,,,https://www.seloger.com/annonce/location/hauts-de-france/nord-59/lille-59000/26WFTA8K1EGS,,2026-08-12
247,SeLoger,991.0,68.5,14.47,Appartement,"3 pièce - 2 chambre - s, s, 68,5 m², Étage 6/4",,,59000,Lille,,,https://www.seloger.com/annonce/location/hauts-de-france/nord-59/lille-59000/26ZN8SXMH7GK,,2026-08-12
248,SeLoger,950.0,73.1,13.0,Appartement,"3 pièce - Duplex s, 73,1 m², RDC/3",,,59000,Lille,,,https://www.seloger.com/annonce/location/hauts-de-france/nord-59/lille-59000/26FWBTE23MFB,,2026-08-12
249,SeLoger,498.0,28.0,17.79,Appartement,"1 pièce - 28 m², Étage 1/3",,,59000,Lille,,,https://www.seloger.com/annonce/location/hauts-de-france/nord-59/lille-59000/26WAK2Q9ADMU,,2026-08-12
250,SeLoger,599.0,30.9,19.39,Appartement,"1 pièce - 30,9 m², étage, dès le 21/08/2026",,,59000,Lille,,,https://www.seloger.com/annonce/location/hauts-de-france/nord-59/lille-59000/26AQP9YMFR18,,2026-08-12
251,SeLoger,480.0,11.0,43.64,Colocation,"1 pièce - 1 chambre - Colocation , , 11 m², Étage 1/2",,,59000,Lille,,,https://www.seloger.com/wl-cdp/2692WEXA7HIH,,2026-08-12
252,SeLoger,560.0,11.0,50.91,Colocation,"1 pièce - 7 chambre - Colocation , s, 11 m², dès le 15/08/2026",,,59000,Lille,,,https://www.seloger.com/annonce/location/hauts-de-france/nord-59/lille-59000/265RGB73JTDP,,2026-08-12
253,SeLoger,610.0,10.0,61.0,Colocation,"1 pièce - 2 chambre - Colocation , s, 10 m², RDC",,,59000,Lille,,,https://www.seloger.com/annonce/location/hauts-de-france/nord-59/lille-59000/26S25U6TESBJ,,2026-08-12
254,SeLoger,1040.0,80.0,13.0,Maison,"4 pièce - 3 chambre - Maison s, s, 80 m²",,,59000,Lille,,,https://www.seloger.com/annonce/location/hauts-de-france/nord-59/lille-59000/26W8VV92XCI7,,2026-08-12
255,SeLoger,545.0,12.0,45.42,Colocation,"1 pièce - 4 chambre - Colocation - , s, 12 m², étage",,,59000,Lille,,,https://www.seloger.com/annonce/location/hauts-de-france/nord-59/lille-59000/26SXYRVZUAHL,,2026-08-12
256,SeLoger,595.0,10.0,59.5,Colocation,"1 pièce - 2 chambre - Colocation , s, 10 m², étage",,,59000,Lille,,,https://www.seloger.com/annonce/location/hauts-de-france/nord-59/lille-59000/26QHJIY4UJXK,,2026-08-12
257,SeLoger,545.0,13.0,41.92,Colocation,"1 pièce - 3 chambre - Colocation , s, 13 m², étage",,,59000,Lille,,,https://www.seloger.com/annonce/location/hauts-de-france/nord-59/lille-59000/26YMVVWZBUKZ,,2026-08-12
258,SeLoger,585.0,11.0,53.18,Colocation,"1 pièce - 2 chambre - Colocation , s, 11 m², étage",,,59000,Lille,,,https://www.seloger.com/annonces/locations/appartement/lille-59/274001153.htm,,2026-08-12
259,SeLoger,570.0,10.0,57.0,Colocation,"1 pièce - 3 chambre - Colocation , s, 10 m², étage",,,59000,Lille,,,https://www.seloger.com/annonce/location/hauts-de-france/nord-59/lille-59000/26GIAE1S82YG,,2026-08-12
260,SeLoger,620.0,10.0,62.0,Colocation,"1 pièce - 2 chambre - Colocation , s, 10 m², étage",,,59000,Lille,,,https://www.seloger.com/annonce/location/hauts-de-france/nord-59/lille-59000/26YUENFQ1WND,,2026-08-12
261,SeLoger,780.0,45.0,17.33,Appartement,"3 pièce - 2 chambre - s, s, 45 m²",,,59000,Lille,,,https://www.seloger.com/annonce/location/hauts-de-france/nord-59/lille-59000/267N96WSIDE9,,2026-08-12
262,SeLoger,1900.0,120.6,15.75,Appartement,"4 pièce - 3 chambre - s, s, 120,6 m², Étage 4/4",,,59000,Lille,,,https://www.seloger.com/annonces/locations/appartement/lille-59/saint-maurice-pellevoisin/275473315.htm,,2026-08-12
263,SeLoger,590.0,26.2,22.52,Colocation,"5 pièce - 4 chambre - Colocation s, s, 26,2 m², étage",,,59000,Lille,,,https://www.seloger.com/annonce/location/hauts-de-france/nord-59/lille-59000/26PRHSWQX77E,,2026-08-12
264,SeLoger,900.0,71.1,12.66,Appartement,"3 pièce - 2 chambre - s, s, 71,1 m², étage",,,59000,Lille,,,https://www.seloger.com/annonces/locations/appartement/lille-59/275551257.htm,,2026-08-12
265,SeLoger,502.0,24.0,20.92,Appartement,"1 pièce - 24 m², étage",,,59000,Lille,,,https://www.seloger.com/annonce/location/hauts-de-france/nord-59/lille-59000/26Z38BJDEQJT,,2026-08-12
266,SeLoger,700.0,28.0,25.0,Appartement,"1 pièce - 28 m², étage",,,59000,Lille,,,https://www.seloger.com/annonce/location/hauts-de-france/nord-59/lille-59000/26YNKRLZKH87,,2026-08-12
267,SeLoger,1080.0,53.6,20.15,Appartement,"2 pièce - 1 chambre - s, , 53,6 m², Étage 2/3",,,59000,Lille,,,https://www.seloger.com/annonce/location/hauts-de-france/nord-59/lille-59000/26LZKXT4YTW3,,2026-08-12
268,SeLoger,1200.0,69.2,17.34,Appartement,"3 pièce - 2 chambre - s, s, 69,2 m², étage",,,59000,Lille,,,https://www.seloger.com/annonces/locations/appartement/lille-59/275454175.htm,,2026-08-12
269,SeLoger,1995.0,69.7,28.62,Appartement,"3 pièce - 2 chambre - s, s, 69,7 m², RDC/1",,,59000,Lille,,,https://www.seloger.com/annonces/locations/appartement/lille-59/vieux-lille/273642497.htm,,2026-08-12
270,SeLoger,640.0,36.1,17.73,Appartement,"2 pièce - 1 chambre - s, , 36,1 m², étage",,,59000,Lille,,,https://www.seloger.com/annonces/locations/appartement/lille-59/lille-sud/274670537.htm,,2026-08-12
271,SeLoger,575.0,10.0,57.5,Colocation,"1 pièce - 2 chambre - Colocation , s, 10 m², étage",,,59000,Lille,,,https://www.seloger.com/annonce/location/hauts-de-france/nord-59/lille-59000/2691X1KHEPWV,,2026-08-12
272,SeLoger,530.0,10.0,53.0,Colocation,"1 pièce - 3 chambre - Colocation , s, 10 m², étage",,,59000,Lille,,,https://www.seloger.com/annonce/location/hauts-de-france/nord-59/lille-59000/269ITGGFC26X,,2026-08-12
273,SeLoger,695.0,28.0,24.82,Appartement,"1 pièce - 1 chambre - 28 m², RDC",,,59000,Lille,,,https://www.seloger.com/annonce/location/hauts-de-france/nord-59/lille-59000/26SFKEQZE1WA,,2026-08-12
274,SeLoger,555.0,10.0,55.5,Colocation,"1 pièce - 4 chambre - Colocation , s, 10 m², étage",,,59000,Lille,,,https://www.seloger.com/annonce/location/hauts-de-france/nord-59/lille-59000/26GQCTHDRLGX,,2026-08-12
275,SeLoger,570.0,13.0,43.85,Colocation,"1 pièce - 2 chambre - Colocation , s, 13 m², étage",,,59000,Lille,,,https://www.seloger.com/annonces/locations/appartement/lille-59/wazemmes/264557805.htm,,2026-08-12
276,SeLoger,1195.0,47.0,25.43,Appartement,"2 pièce - 1 chambre - s, , 47 m², étage",,,59000,Lille,,,https://www.seloger.com/annonce/location/hauts-de-france/nord-59/lille-59000/26LWNTNNN4XP,,2026-08-12
277,SeLoger,570.0,16.0,35.62,Studio,"1 pièce - Studio , 16 m², étage",,,59000,Lille,,,https://www.seloger.com/annonce/location/hauts-de-france/nord-59/lille-59000/261EJIN46AC1,,2026-08-12
278,SeLoger,550.0,11.0,50.0,Colocation,"1 pièce - 3 chambre - Colocation , s, 11 m², étage",,,59000,Lille,,,https://www.seloger.com/annonce/location/hauts-de-france/nord-59/lille-59000/26F9FVNM4UQN,,2026-08-12
279,SeLoger,540.0,15.0,36.0,Appartement,"1 pièce - Duplex , 15 m², Étage 1/3",,,59000,Lille,,,https://www.seloger.com/annonces/locations/appartement/lille-59/261956241.htm,,2026-08-12
280,SeLoger,516.0,11.0,46.91,Appartement,"1 pièce - 1 chambre - 11 m², RDC/2",,,59000,Lille,,,https://www.seloger.com/annonces/locations/appartement/lille-59/wazemmes/276250469.htm,,2026-08-12
281,SeLoger,1558.0,93.0,16.75,Appartement,"3 pièce - 2 chambre - s, s, 93 m², Étage 3/5",,,59000,Lille,,,https://www.seloger.com/annonces/locations/appartement/lille-59/271648885.htm,,2026-08-12
282,SeLoger,731.0,45.4,16.1,Appartement,"2 pièce - 1 chambre - s, , 45,4 m², étage",,,59000,Lille,,,https://www.seloger.com/annonce/location/hauts-de-france/nord-59/lille-59000/26X33Q1I8AEG,,2026-08-12
283,SeLoger,779.0,39.0,19.97,Appartement,"2 pièce - 1 chambre - s, , 39 m², Étage 3/5",,,59000,Lille,,,https://www.seloger.com/annonces/locations/appartement/lille-59/276118171.htm,,2026-08-12
284,SeLoger,1450.0,75.0,19.33,Appartement,"2 pièce - 1 chambre - s, , 75 m², étage",,,59000,Lille,,,https://www.seloger.com/annonce/location/hauts-de-france/nord-59/lille-59000/26TGQ92Q9C9N,,2026-08-12
285,SeLoger,487.0,18.2,26.76,Appartement,"1 pièce - 18,2 m², RDC",,,59000,Lille,,,https://www.seloger.com/wl-cdp/263PTGJ3RIH9,,2026-08-12
286,SeLoger,1051.0,60.5,17.37,Appartement,"3 pièce - 2 chambre - s, s, 60,5 m², Étage 2/3",,,59000,Lille,,,https://www.seloger.com/annonces/locations/appartement/lille-59/275779493.htm,,2026-08-12
287,SeLoger,1145.0,71.1,16.1,Appartement,"3 pièce - 2 chambre - s, s, 71,1 m², RDC/5",,,59000,Lille,,,https://www.seloger.com/annonces/locations/appartement/lille-59/vauban-esquermes/270165525.htm,,2026-08-12
288,SeLoger,625.0,28.3,22.08,Appartement,"1 pièce - 28,3 m², RDC",,,59000,Lille,,,https://www.seloger.com/annonce/location/hauts-de-france/nord-59/lille-59000/26GUHB2KHJ7K,,2026-08-12
289,SeLoger,1399.0,77.0,18.17,Colocation,"4 pièce - 3 chambre - Colocation s, s, 77 m², Étage 1/3",,,59000,Lille,,,https://www.seloger.com/annonce/location/hauts-de-france/nord-59/lille-59000/267MVMIIJR65,,2026-08-12
290,SeLoger,1208.0,84.3,14.33,Appartement,"3 pièce - 2 chambre - s, s, 84,3 m², étage",,,59000,Lille,,,https://www.seloger.com/annonces/locations/appartement/lille-59/centre/275043953.htm,,2026-08-12
291,SeLoger,620.0,16.0,38.75,Colocation,"1 pièce - 2 chambre - Colocation , s, 16 m², étage",,,59000,Lille,,,https://www.seloger.com/annonce/location/hauts-de-france/nord-59/lille-59000/26HJNGD68ZWP,,2026-08-12
292,SeLoger,1500.0,148.9,10.07,Appartement,"4 pièce - 3 chambre - s, s, 148,9 m², RDC",,,59000,Lille,,,https://www.seloger.com/annonces/locations/appartement/lille-59/vauban-esquermes/271140453.htm,,2026-08-12
293,SeLoger,505.0,12.0,42.08,Colocation,"1 pièce - 1 chambre - Colocation , , 12 m², étage",,,59000,Lille,,,https://www.seloger.com/annonce/location/hauts-de-france/nord-59/lille-59000/26C37S6Q5PHY,,2026-08-12
294,SeLoger,970.0,49.6,19.56,Appartement,"2 pièce - 1 chambre - s, , 49,6 m², étage",,,59000,Lille,,,https://www.seloger.com/annonce/location/hauts-de-france/nord-59/lille-59000/26PNKSU6DWA7,,2026-08-12
295,SeLoger,1392.0,67.0,20.78,Appartement,"4 pièce - 3 chambre - s, s, 67 m², étage",,,59000,Lille,,,https://www.seloger.com/annonces/locations/appartement/lille-59/276324227.htm,,2026-08-12
296,SeLoger,1600.0,80.0,20.0,Appartement,"4 pièce - 3 chambre - s, s, 80 m²",,,59000,Lille,,,https://www.seloger.com/annonces/locations/appartement/lille-59/vauban-esquermes/276513917.htm,,2026-08-12
297,SeLoger,898.0,79.3,11.32,Appartement,"3 pièce - 2 chambre - s, s, 79,3 m², étage",,,59000,Lille,,,https://www.seloger.com/annonces/locations/appartement/lille-59/275523967.htm,,2026-08-12
298,SeLoger,949.0,44.5,21.33,Appartement,"2 pièce - 1 chambre - s, , 44,5 m², Étage 1/2",,,59000,Lille,,,https://www.seloger.com/annonce/location/hauts-de-france/nord-59/lille-59000/26IDTPGKBXLK,,2026-08-12
299,SeLoger,750.0,48.0,15.62,Appartement,"2 pièce - 1 chambre - s, , 48 m², Étage 2/3",,,59000,Lille,,,https://www.seloger.com/annonce/location/hauts-de-france/nord-59/lille-59000/26B1BRPNZQ7P,,2026-08-12
300,SeLoger,570.0,11.0,51.82,Colocation,"1 pièce - 1 chambre - Colocation , , 11 m², étage",,,59000,Lille,,,https://www.seloger.com/annonce/location/hauts-de-france/nord-59/lille-59000/26CV6YVP3E96,,2026-08-12
301,SeLoger,1290.0,64.9,19.88,Appartement,"3 pièce - 2 chambre - s, s, 64,9 m², étage",,,59000,Lille,,,https://www.seloger.com/annonces/locations/appartement/lille-59/vieux-lille/274670583.htm,,2026-08-12
302,SeLoger,920.0,75.0,12.27,Appartement,"3 pièce - 2 chambre - s, s, 75 m², étage",,,59000,Lille,,,https://www.seloger.com/annonces/locations/appartement/lille-59/274670569.htm,,2026-08-12
303,SeLoger,1399.0,77.0,18.17,Maison,"4 pièce - 3 chambre - Maison de ville s, s, 77 m²",,,59000,Lille,,,https://www.seloger.com/annonces/locations/maison/lille-59/268405575.htm,,2026-08-12
304,SeLoger,623.0,16.0,38.94,Studio,"1 pièce - Studio , 16 m², étage",,,59000,Lille,,,https://www.seloger.com/annonce/location/hauts-de-france/nord-59/lille-59000/264XJD3MWFUB,,2026-08-12
305,SeLoger,670.0,15.0,44.67,Colocation,"1 pièce - 6 chambre - Colocation , s, 15 m², étage",,,59000,Lille,,,https://www.seloger.com/annonce/location/hauts-de-france/nord-59/lille-59000/26DRW4JWE7B4,,2026-08-12
306,SeLoger,1049.0,70.0,14.99,Appartement,"3 pièce - 2 chambre - s, s, 70 m², étage",,,59000,Lille,,,https://www.seloger.com/annonces/locations/appartement/lille-59/271216025.htm,,2026-08-12
307,SeLoger,1228.0,73.0,16.82,Appartement,"3 pièce - 2 chambre - s, s, 73 m², Étage 3/3",,,59000,Lille,,,https://www.seloger.com/annonce/location/hauts-de-france/nord-59/lille-59000/26X3113YSZSE,,2026-08-12
308,SeLoger,1250.0,30.0,41.67,Appartement,"1 pièce - 30 m², RDC",,,59000,Lille,,,https://www.seloger.com/annonce/location/hauts-de-france/nord-59/lille-59000/26LHJZN9Q6F2,,2026-08-12
309,SeLoger,1406.0,88.1,15.96,Appartement,"4 pièce - 3 chambre - s, s, 88,1 m², étage",,,59000,Lille,,,https://www.seloger.com/annonces/locations/appartement/lille-59/caulier/276315773.htm,,2026-08-12
310,SeLoger,520.0,13.0,40.0,Colocation,"1 pièce - 1 chambre - Colocation , , 13 m²",,,59000,Lille,,,https://www.seloger.com/wl-cdp/26MHWTSFPZD3,,2026-08-12
311,SeLoger,1247.0,79.1,15.76,Appartement,"3 pièce - 2 chambre - s, s, 79,1 m², RDC/2",,,59000,Lille,,,https://www.seloger.com/annonce/location/hauts-de-france/nord-59/lille-59000/26595MT9P2K8,,2026-08-12
312,SeLoger,620.0,15.0,41.33,Colocation,"1 pièce - 3 chambre - Colocation , s, 15 m², 3 étages",,,59000,Lille,,,https://www.seloger.com/annonce/location/hauts-de-france/nord-59/lille-59000/26EN88U2LZYV,,2026-08-12
313,SeLoger,1113.0,69.0,16.13,Appartement,"3 pièce - 2 chambre - s, s, 69 m², dès le 31/08/2026",,,59000,Lille,,,https://www.seloger.com/wl-cdp/26S3IRZ22VVG,,2026-08-12
314,SeLoger,823.0,255.0,3.23,Appartement,"1 pièce - 10 chambre - s, 255 m², RDC",,,59000,Lille,,,https://www.seloger.com/annonce/location/hauts-de-france/nord-59/lille-59000/25W8BQHFM4PT,,2026-08-12
315,SeLoger,436.0,16.7,26.11,Appartement,"1 pièce - 16,7 m², Étage 1/1",,,59000,Lille,,,https://www.seloger.com/annonce/location/hauts-de-france/nord-59/lille-59000/26U39WFVMR9K,,2026-08-12
316,SeLoger,694.0,42.7,16.25,Appartement,"1 pièce - 42,7 m², Étage 5/5",,,59000,Lille,,,https://www.seloger.com/annonce/location/hauts-de-france/nord-59/lille-59000/26X5NF44VLMW,,2026-08-12
317,SeLoger,770.0,48.0,16.04,Appartement,"2 pièce - 1 chambre - s, , 48 m², Étage - 2/2",,,59000,Lille,,,https://www.seloger.com/annonce/location/hauts-de-france/nord-59/lille-59000/26VEEMFGFYBK,,2026-08-12
318,SeLoger,900.0,40.0,22.5,Appartement,"1 pièce - 40 m², 2 étages",,,59000,Lille,,,https://www.seloger.com/annonce/location/hauts-de-france/nord-59/lille-59000/2654ARWSF1LR,,2026-08-12
319,SeLoger,505.0,21.6,23.38,Appartement,"1 pièce - 21,6 m², Étage 4/4",,,59000,Lille,,,https://www.seloger.com/annonces/locations/appartement/lille-59/276162653.htm,,2026-08-12
320,SeLoger,810.0,34.2,23.68,Appartement,"2 pièce - 1 chambre - s, , 34,2 m², Étage 3/3",,,59000,Lille,,,https://www.seloger.com/annonces/locations/appartement/lille-59/centre/274040205.htm,,2026-08-12
321,SeLoger,2919.0,184.9,15.79,Appartement,"4 pièce - 3 chambre - s, s, 184,9 m², étage",,,59000,Lille,,,https://www.seloger.com/annonces/locations/appartement/lille-59/centre/234372627.htm,,2026-08-12
322,SeLoger,610.0,35.0,17.43,Appartement,"2 pièce - 1 chambre - s, , 35 m², RDC",,,59000,Lille,,,https://www.seloger.com/annonces/locations/appartement/lille-59/275832335.htm,,2026-08-12
323,SeLoger,790.0,50.0,15.8,Appartement,"2 pièce - 1 chambre - s, , 50 m², Étage 1/3",,,59000,Lille,,,https://www.seloger.com/annonces/locations/appartement/lille-59/caulier/273837709.htm,,2026-08-12
324,SeLoger,850.0,51.0,16.67,Appartement,"3 pièce - 1 chambre - s, , 51 m², disponible dès maintenant",,,59000,Lille,,,https://www.seloger.com/annonces/locations/appartement/lille-59/faubourg-de-bethune-concorde/26PNWSX4IPZJ.htm,,2026-08-12
325,SeLoger,1250.0,63.1,19.81,Appartement,"2 pièce - 1 chambre - s, , 63,1 m², étage",,,59000,Lille,,,https://www.seloger.com/annonces/locations/appartement/lille-59/centre/273839767.htm,,2026-08-12
326,SeLoger,765.0,15.0,51.0,Colocation,"1 pièce - 1 chambre - Colocation , , 15 m², étage",,,59000,Lille,,,https://www.seloger.com/annonce/location/hauts-de-france/nord-59/lille-59000/2639YSWY947V,,2026-08-12
327,SeLoger,880.0,43.0,20.47,Appartement,"2 pièce - 1 chambre - s, , 43 m², Étage 3/3",,,59000,Lille,,,https://www.seloger.com/annonce/location/hauts-de-france/nord-59/lille-59000/26TUHLYQLR16,,2026-08-12
328,SeLoger,806.0,46.3,17.41,Appartement,"2 pièce - 1 chambre - s, , 46,3 m², Étage 5/5",,,59000,Lille,,,https://www.seloger.com/annonces/locations/appartement/lille-59/moulins/275404311.htm,,2026-08-12
329,SeLoger,700.0,37.0,18.92,Appartement,"1 pièce - 37 m², 3 étages",,,59000,Lille,,,https://www.seloger.com/annonce/location/hauts-de-france/nord-59/lille-59000/26YVBN16P1T5,,2026-08-12
330,SeLoger,1400.0,81.9,17.09,Appartement,"4 pièce - 3 chambre - s, s, 81,9 m², Étage 1/2",,,59000,Lille,,,https://www.seloger.com/annonces/locations/appartement/lille-59/276193559.htm,,2026-08-12
331,SeLoger,900.0,52.0,17.31,Colocation,"2 pièce - 1 chambre - Colocation s, , 52 m², étage",,,59000,Lille,,,https://www.seloger.com/annonce/location/hauts-de-france/nord-59/lille-59000/26G5Y73545PA,,2026-08-12
332,SeLoger,585.0,11.0,53.18,Appartement,"1 pièce - 11 m², Étage 3/3, disponible dès maintenant",,,59000,Lille,,,https://www.seloger.com/annonces/locations/appartement/lille-59/moulins/26C758W217AF.htm,,2026-08-12
333,SeLoger,478.0,11.0,43.45,Appartement,"1 pièce - 11 m², Étage 6/6, disponible dès maintenant",,,59000,Lille,,,https://www.seloger.com/annonce/location/hauts-de-france/nord-59/lille-59000/26LNAY9S6K1U,,2026-08-12
334,SeLoger,700.0,50.0,14.0,Appartement,"2 pièce - 1 chambre - s, , 50 m², RDC/2",,,59000,Lille,,,https://www.seloger.com/annonces/locations/appartement/lille-59/saint-maurice-pellevoisin/273805035.htm,,2026-08-12
335,SeLoger,565.0,19.0,29.74,Colocation,"1 pièce - 1 chambre - Colocation , , 19 m², RDC",,,59000,Lille,,,https://www.seloger.com/annonce/location/hauts-de-france/nord-59/lille-59000/26213G96R1TK,,2026-08-12
336,SeLoger,650.0,17.0,38.24,Colocation,"1 pièce - 1 chambre - Colocation , , 17 m², étage",,,59000,Lille,,,https://www.seloger.com/annonce/location/hauts-de-france/nord-59/lille-59000/26Z2LBSBQHB9,,2026-08-12
337,SeLoger,650.0,34.5,18.84,Appartement,"1 pièce - 34,5 m², RDC",,,59000,Lille,,,https://www.seloger.com/annonces/locations/appartement/lille-59/wazemmes/249191571.htm,,2026-08-12
338,SeLoger,665.0,12.9,51.55,Colocation,"1 pièce - 1 chambre - Colocation , , 12,9 m², étage",,,59000,Lille,,,https://www.seloger.com/annonces/locations/appartement/lille-59/centre/268858377.htm,,2026-08-12
339,SeLoger,1286.0,73.2,17.57,Appartement,"4 pièce - 3 chambre - s, s, 73,2 m², étage",,,59000,Lille,,,https://www.seloger.com/annonces/locations/appartement/lille-59/vauban-esquermes/271666213.htm,,2026-08-12
340,SeLoger,839.0,56.0,14.98,Appartement,"2 pièce - 1 chambre - s, , 56 m², Étage 3/7",,,59000,Lille,,,https://www.seloger.com/annonces/locations/appartement/lille-59/vauban-esquermes/272671087.htm,,2026-08-12
341,SeLoger,1470.0,66.0,22.27,Appartement,"3 pièce - 2 chambre - s, s, 66 m², Étage 9/11",,,59000,Lille,,,https://www.seloger.com/annonces/locations/appartement/lille-59/centre/26GPTX8HFH1C.htm,,2026-08-12
342,SeLoger,410.0,12.0,34.17,Appartement,"1 pièce - Duplex - , 12 m², RDC",,,59000,Lille,,,https://www.seloger.com/annonces/locations/appartement/lille-59/263372717.htm,,2026-08-12
343,SeLoger,567.0,23.0,24.65,Colocation,"1 pièce - Colocation - , 23 m², Étage 2/2",,,59000,Lille,,,https://www.seloger.com/annonces/locations/appartement/lille-59/bois-blanc/154476261.htm,,2026-08-12
344,SeLoger,607.0,15.0,40.47,Studio,"1 pièce - 5 chambre - Studio , s, 15 m², RDC",,,59000,Lille,,,https://www.seloger.com/annonce/location/hauts-de-france/nord-59/lille-59000/26E26CRQDCEJ,,2026-08-12
345,SeLoger,500.0,20.7,24.15,Appartement,"1 pièce - 20,7 m², Étage 1/3",,,59000,Lille,,,https://www.seloger.com/annonce/location/hauts-de-france/nord-59/lille-59000/26GPUUQQ7SAY,,2026-08-12
346,SeLoger,1140.0,115.3,9.89,Appartement,"3 pièce - 2 chambre - s, s, 115,3 m², étage",,,59000,Lille,,,https://www.seloger.com/annonce/location/hauts-de-france/nord-59/lille-59000/26WLEGW73PUR,,2026-08-12
347,SeLoger,2270.0,106.2,21.37,Colocation,"6 pièce - 5 chambre - Colocation s, s, 106,2 m², étage",,,59000,Lille,,,https://www.seloger.com/annonce/location/hauts-de-france/nord-59/lille-59000/26Y3S3NDCJWU,,2026-08-12
348,SeLoger,900.0,61.8,14.56,Colocation,"3 pièce - 2 chambre - Colocation s, s, 61,8 m², étage",,,59000,Lille,,,https://www.seloger.com/wl-cdp/269LTFR42AKB,,2026-08-12
349,SeLoger,517.0,21.4,24.16,Appartement,"1 pièce - 21,4 m², Étage 3/6, dès le 12/09/2026",,,59000,Lille,,,https://www.seloger.com/annonce/location/hauts-de-france/nord-59/lille-59000/26LW4YCIL2WI,,2026-08-12
350,SeLoger,609.0,20.0,30.45,Appartement,"1 pièce - 20 m², étage",,,59000,Lille,,,https://www.seloger.com/annonce/location/hauts-de-france/nord-59/lille-59000/26FGJKI2IERK,,2026-08-12
351,SeLoger,865.0,28.0,30.89,Appartement,"1 pièce - 28 m², Étage 1/4",,,59000,Lille,,,https://www.seloger.com/annonce/location/hauts-de-france/nord-59/lille-59000/238U33TZRKZW,,2026-08-12
352,SeLoger,363.0,56.0,6.48,Colocation,"4 pièce - 3 chambre - Colocation s, s, 56 m², étage",,,59000,Lille,,,https://www.seloger.com/annonce/location/hauts-de-france/nord-59/lille-59000/2694CZULDABE,,2026-08-12
353,SeLoger,750.0,26.0,28.85,Appartement,"1 pièce - 26 m², 2 étages",,,59000,Lille,,,https://www.seloger.com/annonce/location/hauts-de-france/nord-59/lille-59000/26D3I1SNIVZ8,,2026-08-12
354,SeLoger,700.0,33.0,21.21,Colocation,"2 pièce - 1 chambre - Colocation s, , 33 m², Étage 1/2",,,59000,Lille,,,https://www.seloger.com/annonces/locations/appartement/lille-59/caulier/26TYAVF1V92U.htm,,2026-08-12
355,SeLoger,584.0,20.0,29.2,Colocation,"Colocation 20 m², Étage 1/3, disponible dès maintenant",,,59000,Lille,,,https://www.seloger.com/annonces/locations/appartement/lille-59/wazemmes/26FDG3Q2SXKF.htm,,2026-08-12
356,SeLoger,555.0,12.0,46.25,Colocation,"1 pièce - 4 chambre - Colocation , s, 12 m², étage",,,59000,Lille,,,https://www.seloger.com/annonce/location/hauts-de-france/nord-59/lille-59000/26SV85EBN5LM,,2026-08-12
357,SeLoger,527.0,27.0,19.52,Appartement,"1 pièce - 27 m², Étage 3/3",,,59000,Lille,,,https://www.seloger.com/annonce/location/hauts-de-france/nord-59/lille-59000/26M9D247DCZC,,2026-08-12
358,SeLoger,901.0,68.9,13.08,Appartement,"2 chambre - Duplex s, 68,9 m², étage",,,59000,Lille,,,https://www.seloger.com/annonces/locations/appartement/lille-59/276316813.htm,,2026-08-12
359,SeLoger,1280.0,72.8,17.58,Appartement,"3 pièce - 2 chambre - s, s, 72,8 m², étage",,,59000,Lille,,,https://www.seloger.com/annonces/locations/appartement/lille-59/275613961.htm,,2026-08-12
360,SeLoger,1790.0,136.0,13.16,Appartement,"5 pièce - 4 chambre - Duplex - s, s, 136 m², Étage 9/9",,,59000,Lille,,,https://www.seloger.com/annonces/locations/appartement/lille-59/centre/270720083.htm,,2026-08-12
361,SeLoger,1070.0,76.0,14.08,Appartement,"3 pièce - 2 chambre - s, s, 76 m², 3 étages",,,59000,Lille,,,https://www.seloger.com/annonce/location/hauts-de-france/nord-59/lille-59000/26ZFRT67EML3,,2026-08-12
362,SeLoger,950.0,55.3,17.18,Appartement,"2 pièce - 1 chambre - s, , 55,3 m², Étage 2/4",,,59000,Lille,,,https://www.seloger.com/annonce/location/hauts-de-france/nord-59/lille-59000/2698NQ9U5RRE,,2026-08-12
363,SeLoger,670.0,12.0,55.83,Colocation,"1 pièce - 4 chambre - Colocation , s, 12 m², étage",,,59000,Lille,,,https://www.seloger.com/annonce/location/hauts-de-france/nord-59/lille-59000/26PJY8Y3EQL8,,2026-08-12
364,SeLoger,1312.0,90.6,14.48,Appartement,"4 pièce - 3 chambre - s, s, 90,6 m², étage",,,59000,Lille,,,https://www.seloger.com/annonce/location/hauts-de-france/nord-59/lille-59000/26JGD961A7WE,,2026-08-12
365,SeLoger,1105.0,61.0,18.11,Appartement,"3 pièce - 1 chambre - s, , 61 m², RDC",,,59000,Lille,,,https://www.seloger.com/annonce/location/hauts-de-france/nord-59/lille-59000/26MZSDH3WTHZ,,2026-08-12
366,SeLoger,947.0,72.4,13.08,Appartement,"3 pièce - 2 chambre - s, s, 72,4 m², étage",,,59000,Lille,,,https://www.seloger.com/annonces/locations/appartement/lille-59/lille-sud/273547431.htm,,2026-08-12
367,SeLoger,2077.0,125.0,16.62,Appartement,"3 pièce - 2 chambre - Duplex s, s, 125 m², RDC",,,59000,Lille,,,https://www.seloger.com/annonce/location/hauts-de-france/nord-59/lille-59000/26RU9PXUTZ8E,,2026-08-12
368,SeLoger,1554.0,60.0,25.9,Appartement,"2 pièce - 1 chambre - s, , 60 m²",,,59000,Lille,,,https://www.seloger.com/annonce/location/hauts-de-france/nord-59/lille-59000/26GNPAPQ77EG,,2026-08-12
369,SeLoger,590.0,12.0,49.17,Colocation,"1 pièce - 2 chambre - Colocation , s, 12 m², étage",,,59000,Lille,,,https://www.seloger.com/wl-cdp/26P1CSKKD6P8,,2026-08-12
370,SeLoger,630.0,14.0,45.0,Colocation,"1 pièce - 2 chambre - Colocation , s, 14 m², étage",,,59000,Lille,,,https://www.seloger.com/annonce/location/hauts-de-france/nord-59/lille-59000/263N1BAUV33W,,2026-08-12
371,SeLoger,969.0,67.0,14.46,Colocation,"3 pièce - 2 chambre - Colocation s, s, 67 m², Étage 1/3",,,59000,Lille,,,https://www.seloger.com/annonces/locations/appartement/lille-59/mitterie/273349713.htm,,2026-08-12
372,SeLoger,711.0,56.8,12.52,Appartement,"2 pièce - 1 chambre - s, , 56,8 m², RDC",,,59000,Lille,,,https://www.seloger.com/annonces/locations/appartement/lille-59/saint-maurice-pellevoisin/275454179.htm,,2026-08-12
373,SeLoger,1335.0,76.0,17.57,Maison,"4 pièce - 3 chambre - Maison s, s, 76 m², dès le 25/08/2026",,,59000,Lille,,,https://www.seloger.com/annonce/location/hauts-de-france/nord-59/lille-59000/2667HVNC6HBB,,2026-08-12
374,SeLoger,710.0,28.0,25.36,Appartement,1 pièce - 28 m²,,,59000,Lille,,,https://www.seloger.com/annonces/locations/appartement/lille-59/276068423.htm,,2026-08-12
375,SeLoger,1350.0,76.0,17.76,Appartement,"3 pièce - 2 chambre - s, s, 76 m², Étage 6/50",,,59000,Lille,,,https://www.seloger.com/annonces/locations/appartement/lille-59/centre/26V8RF5UIANF.htm,,2026-08-12
376,SeLoger,520.0,27.5,18.91,Maison,"7 pièce - 1 chambre - Maison s, , 27,5 m², 87 m² de terrain",,,59000,Lille,,,https://www.seloger.com/annonce/location/hauts-de-france/nord-59/lille-59000/26MM164XCI93,,2026-08-12
377,SeLoger,550.0,12.0,45.83,Colocation,"1 pièce - 10 chambre - Colocation , s, 12 m², dès le 15/09/2026",,,59000,Lille,,,https://www.seloger.com/annonce/location/hauts-de-france/nord-59/lille-59000/2648ITW5ZF73,,2026-08-12
378,SeLoger,841.0,35.0,24.03,Appartement,"2 pièce - 1 chambre - s, , 35 m²",,,59000,Lille,,,https://www.seloger.com/annonces/locations/appartement/lille-59/hellemmes-centre/26F2KUMKFJM7.htm,,2026-08-12
379,SeLoger,1034.0,49.4,20.93,Appartement,"2 pièce - 1 chambre - s, , 49,4 m², étage",,,59000,Lille,,,https://www.seloger.com/annonce/location/hauts-de-france/nord-59/lille-59000/26R3J6JT2JBK,,2026-08-12
380,SeLoger,890.0,50.0,17.8,Colocation,"3 pièce - 2 chambre - Colocation s, s, 50 m², Étage 2/4",,,59000,Lille,,,https://www.seloger.com/annonce/location/hauts-de-france/nord-59/lille-59000/26FE126D9L4V,,2026-08-12
381,SeLoger,1189.0,65.3,18.21,Appartement,"3 pièce - 2 chambre - s, s, 65,3 m², étage",,,59000,Lille,,,https://www.seloger.com/annonce/location/hauts-de-france/nord-59/lille-59000/26W2ZZC28SWD,,2026-08-12
382,SeLoger,800.0,46.0,17.39,Appartement,"2 pièce - 1 chambre - s, , 46 m², Étage 1/3",,,59000,Lille,,,https://www.seloger.com/annonce/location/hauts-de-france/nord-59/lille-59000/26DQH3HGKG6F,,2026-08-12
383,SeLoger,3375.0,45.0,75.0,Appartement,"2 pièce - 1 chambre - s, , 45 m², RDC",,,59000,Lille,,,https://www.seloger.com/annonce/location/hauts-de-france/nord-59/lille-59000/263TLTRDIAFG,,2026-08-12
384,SeLoger,824.0,64.0,12.88,Appartement,"3 pièce - 1 chambre - s, , 64 m², étage",,,59000,Lille,,,https://www.seloger.com/annonce/location/hauts-de-france/nord-59/lille-59000/26BHCS3ABK4V,,2026-08-12
385,SeLoger,1644.0,97.0,16.95,Appartement,"5 pièce - 4 chambre - s, s, 97 m², Étage 2/3",,,59000,Lille,,,https://www.seloger.com/annonces/locations/appartement/lille-59/vieux-lille/271750401.htm,,2026-08-12
386,SeLoger,900.0,50.0,18.0,Appartement,"3 pièce - 2 chambre - s, s, 50 m²",,,59000,Lille,,,https://www.seloger.com/annonces/locations/appartement/lille-59/vauban-esquermes/275276655.htm,,2026-08-12
387,SeLoger,1575.0,86.0,18.31,Appartement,"3 pièce - 2 chambre - s, s, 86 m²",,,59000,Lille,,,https://www.seloger.com/annonces/locations/appartement/lille-59/centre/275137013.htm,,2026-08-12
388,SeLoger,1340.0,80.0,16.75,Appartement,"3 pièce - 2 chambre - s, s, 80 m², Étage 3/5",,,59000,Lille,,,https://www.seloger.com/annonces/locations/appartement/lille-59/wazemmes/271766243.htm,,2026-08-12
389,SeLoger,450.0,10.0,45.0,Colocation,"Colocation 10 m², Étage 2/2, disponible dès maintenant",,,59000,Lille,,,https://www.seloger.com/annonces/locations/appartement/lille-59/caulier/263PXF6M5DN4.htm,,2026-08-12
390,SeLoger,745.0,48.0,15.52,Appartement,"2 pièce - 1 chambre - s, , 48 m², Étage 3/3",,,59000,Lille,,,https://www.seloger.com/annonces/locations/appartement/lille-59/centre/123850073.htm,,2026-08-12
391,SeLoger,1504.0,60.0,25.07,Appartement,"2 pièce - 1 chambre - s, , 60 m²",,,59000,Lille,,,https://www.seloger.com/annonce/location/hauts-de-france/nord-59/lille-59000/26RIZ32WWV4C,,2026-08-12
392,SeLoger,1700.0,97.0,17.53,Appartement,"4 pièce - 3 chambre - Loft s, s, 97 m², 3 étages",,,59000,Lille,,,https://www.seloger.com/annonce/location/hauts-de-france/nord-59/lille-59000/26SA4KTPVN1D,,2026-08-12
393,SeLoger,440.0,10.0,44.0,Appartement,"1 pièce - 10 m², Étage 3/3, disponible dès maintenant",,,59000,Lille,,,https://www.seloger.com/annonces/locations/appartement/lille-59/vauban-esquermes/26AK3KJHN87N.htm,,2026-08-12
394,SeLoger,926.0,64.4,14.38,Appartement,"3 pièce - 2 chambre - s, s, 64,4 m², RDC/4",,,59000,Lille,,,https://www.seloger.com/annonces/locations/appartement/lille-59/bois-blanc/275467829.htm,,2026-08-12
395,SeLoger,1270.0,72.0,17.64,Appartement,"2 pièce - 1 chambre - s, , 72 m², Étage 3/3",,,59000,Lille,,,https://www.seloger.com/annonce/location/hauts-de-france/nord-59/lille-59000/26H3NQAILAV3,,2026-08-12
396,SeLoger,840.0,40.2,20.9,Appartement,"2 pièce - 1 chambre - s, , 40,2 m², étage",,,59000,Lille,,,https://www.seloger.com/annonce/location/hauts-de-france/nord-59/lille-59000/26AUXCLVXULG,,2026-08-12
397,SeLoger,905.0,53.0,17.08,Appartement,"1 pièce - 1 chambre - Duplex , , 53 m²",,,59000,Lille,,,https://www.seloger.com/wl-cdp/26CIQ74EBK6E,,2026-08-12
398,SeLoger,1124.0,70.0,16.06,Appartement,"3 pièce - 2 chambre - s, s, 70 m², étage",,,59000,Lille,,,https://www.seloger.com/wl-cdp/268UCN7RFE5Q,,2026-08-12
399,SeLoger,2300.0,177.0,12.99,Maison,"6 pièce - 4 chambre - Maison s, s, 177 m²",,,59000,Lille,,,https://www.seloger.com/annonce/location/hauts-de-france/nord-59/lille-59000/264U3PY8EGUG,,2026-08-12
400,SeLoger,916.0,71.8,12.76,Appartement,"3 pièce - 2 chambre - s, s, 71,8 m², Étage 1/7",,,59000,Lille,,,https://www.seloger.com/annonces/locations/appartement/lille-59/centre/269544463.htm,,2026-08-12
401,SeLoger,450.0,19.0,23.68,Appartement,"1 pièce - 19 m², étage",,,59000,Lille,,,https://www.seloger.com/annonce/location/hauts-de-france/nord-59/lille-59000/26W9VPAXRSVC,,2026-08-12
402,SeLoger,750.0,33.5,22.39,Appartement,"2 pièce - 1 chambre - s, , 33,5 m²",,,59000,Lille,,,https://www.seloger.com/wl-cdp/25KPK9D9T1S8,,2026-08-12
403,SeLoger,520.0,14.0,37.14,Colocation,"1 pièce - 3 chambre - Colocation , s, 14 m²",,,59000,Lille,,,https://www.seloger.com/annonce/location/hauts-de-france/nord-59/lille-59000/2653YUNB1RZV,,2026-08-12
404,SeLoger,640.0,15.0,42.67,Colocation,"1 pièce - 1 chambre - Colocation , , 15 m², étage",,,59000,Lille,,,https://www.seloger.com/annonce/location/hauts-de-france/nord-59/lille-59000/268CZ1PRQ74K,,2026-08-12
405,SeLoger,382.0,17.0,22.47,Appartement,"1 pièce - 17 m², 2 étages",,,59000,Lille,,,https://www.seloger.com/wl-cdp/24VDS8RDQUI9,,2026-08-12
406,SeLoger,1300.0,102.0,12.75,Appartement,"4 pièce - 2 chambre - s, s, 102 m², Étage 4/4",,,59000,Lille,,,https://www.seloger.com/annonces/locations/appartement/lille-59/centre/271768319.htm,,2026-08-12
407,SeLoger,950.0,72.0,13.19,Appartement,"3 pièce - 2 chambre - s, s, 72 m², étage",,,59000,Lille,,,https://www.seloger.com/annonces/locations/appartement/lille-59/wazemmes/271883509.htm,,2026-08-12
408,SeLoger,969.0,64.7,14.98,Appartement,"3 pièce - 2 chambre - s, s, 64,7 m², étage",,,59000,Lille,,,https://www.seloger.com/annonces/locations/appartement/lille-59/vieux-lille/272286119.htm,,2026-08-12
409,SeLoger,1350.0,73.1,18.47,Appartement,"3 pièce - 2 chambre - Duplex s, s, 73,1 m², RDC",,,59000,Lille,,,https://www.seloger.com/annonces/locations/appartement/lille-59/vieux-lille/270398497.htm,,2026-08-12
410,SeLoger,1080.0,65.0,16.62,Appartement,"3 pièce - 2 chambre - s, s, 65 m², Étage 2/6",,,59000,Lille,,,https://www.seloger.com/annonces/locations/appartement/lille-59/wazemmes/268ZS2RFJ5MJ.htm,,2026-08-12
411,SeLoger,827.0,31.8,26.01,Appartement,"2 pièce - 1 chambre - s, , 31,8 m², RDC/2",,,59000,Lille,,,https://www.seloger.com/annonces/locations/appartement/lille-59/saint-maurice-pellevoisin/270862603.htm,,2026-08-12
412,SeLoger,500.0,15.0,33.33,Colocation,"1 pièce - Colocation , 15 m², étage, dès le 20/08/2026",,,59000,Lille,,,https://www.seloger.com/annonce/location/hauts-de-france/nord-59/lille-59000/26BN2ZECSXYX,,2026-08-12
413,SeLoger,470.0,15.0,31.33,Colocation,"1 pièce - Colocation , 15 m², étage, dès le 20/08/2026",,,59000,Lille,,,https://www.seloger.com/annonce/location/hauts-de-france/nord-59/lille-59000/26BFPSSDQN5I,,2026-08-12
414,SeLoger,420.0,15.0,28.0,Colocation,"1 pièce - Colocation , 15 m², étage, dès le 20/08/2026",,,59000,Lille,,,https://www.seloger.com/annonce/location/hauts-de-france/nord-59/lille-59000/265PHR8SJ9UM,,2026-08-12
415,SeLoger,626.0,15.0,41.73,Colocation,"1 pièce - 1 chambre - Colocation , , 15 m², Étage 2/2",,,59000,Lille,,,https://www.seloger.com/annonces/locations/appartement/lille-59/wazemmes/255803163.htm,,2026-08-12
416,SeLoger,770.0,15.0,51.33,Studio,"1 pièce - Studio , 15 m², dès le 15/08/2026",,,59000,Lille,,,https://www.seloger.com/annonces/locations/appartement/lille-59/centre/269634947.htm,,2026-08-12
417,SeLoger,510.0,12.0,42.5,Colocation,"1 pièce - 10 chambre - Colocation , s, 12 m², étage",,,59000,Lille,,,https://www.seloger.com/annonce/location/hauts-de-france/nord-59/lille-59000/26QZ9GETKCAL,,2026-08-12
418,SeLoger,540.0,12.0,45.0,Colocation,"1 pièce - 1 chambre - Colocation - , , 12 m², dès le 15/08/2026",,,59000,Lille,,,https://www.seloger.com/annonce/location/hauts-de-france/nord-59/lille-59000/26YLIQJGZ28M,,2026-08-12
419,SeLoger,550.0,22.0,25.0,Appartement,"1 pièce - 22 m², RDC/1, disponible dès maintenant",,,59000,Lille,,,https://www.seloger.com/annonces/locations/appartement/lille-59/caulier/26US8K8PSFR4.htm,,2026-08-12
420,SeLoger,927.0,55.6,16.67,Appartement,"3 pièce - 2 chambre - s, s, 55,6 m², Étage 2/3",,,59000,Lille,,,https://www.seloger.com/annonce/location/hauts-de-france/nord-59/lille-59000/26SGSNCAINLY,,2026-08-12
421,SeLoger,740.0,32.3,22.91,Appartement,"1 pièce - 32,3 m², étage",,,59000,Lille,,,https://www.seloger.com/annonces/locations/appartement/lille-59/centre/275534021.htm,,2026-08-12
422,SeLoger,890.0,56.0,15.89,Appartement,"2 pièce - 1 chambre - s, , 56 m², étage",,,59000,Lille,,,https://www.seloger.com/annonce/location/hauts-de-france/nord-59/lille-59000/269R167BCTFZ,,2026-08-12
423,SeLoger,2136.0,164.9,12.95,Appartement,"5 pièce - 4 chambre - s, s, 164,9 m², Étage 5/5",,,59000,Lille,,,https://www.seloger.com/annonce/location/hauts-de-france/nord-59/lille-59000/26NE2EM8Z3G6,,2026-08-12
424,SeLoger,1278.0,64.6,19.78,Appartement,"3 pièce - 2 chambre - s, s, 64,6 m², étage",,,59000,Lille,,,https://www.seloger.com/annonce/location/hauts-de-france/nord-59/lille-59000/268E4N5JFTZL,,2026-08-12
425,SeLoger,1100.0,77.0,14.29,Appartement,"3 pièce - 2 chambre - s, s, 77 m², Étage 3/3",,,59000,Lille,,,https://www.seloger.com/annonce/location/hauts-de-france/nord-59/lille-59000/26JM461FBK4A,,2026-08-12
426,SeLoger,479.0,19.0,25.21,Appartement,"1 pièce - 19 m², étage",,,59000,Lille,,,https://www.seloger.com/annonce/location/hauts-de-france/nord-59/lille-59000/261VXJUNAS6S,,2026-08-12
427,SeLoger,475.0,12.0,39.58,Colocation,"1 pièce - Colocation , 12 m², Étage 1/4",,,59000,Lille,,,https://www.seloger.com/annonce/location/hauts-de-france/nord-59/lille-59000/26511GG272Q7,,2026-08-12
428,SeLoger,852.0,53.8,15.84,Appartement,"3 pièce - 2 chambre - s, s, 53,8 m², étage",,,59000,Lille,,,https://www.seloger.com/annonce/location/hauts-de-france/nord-59/lille-59000/26CYG5F5GA2H,,2026-08-12
429,SeLoger,887.0,51.0,17.39,Appartement,"3 pièce - 2 chambre - s, s, 51 m², Étage 7/7",,,59000,Lille,,,https://www.seloger.com/annonces/locations/appartement/lille-59/vieux-lille/132459679.htm,,2026-08-12
430,SeLoger,846.0,77.1,10.97,Appartement,"3 pièce - 2 chambre - s, s, 77,1 m², étage",,,59000,Lille,,,https://www.seloger.com/annonces/locations/appartement/lille-59/274697479.htm,,2026-08-12
431,SeLoger,1400.0,37.0,37.84,Appartement,"2 pièce - s, 37 m², étage, dès le 04/09/2026",,,59000,Lille,,,https://www.seloger.com/annonce/location/hauts-de-france/nord-59/lille-59000/2635YVF8DG6A,,2026-08-12
432,SeLoger,620.0,27.3,22.71,Appartement,"2 pièce - 1 chambre - s, , 27,3 m², Étage 2/2",,,59000,Lille,,,https://www.seloger.com/annonces/locations/appartement/lille-59/wazemmes/270885021.htm,,2026-08-12
433,SeLoger,1519.0,47.0,32.32,Appartement,"2 pièce - 1 chambre - s, , 47 m², dès le 13/10/2026",,,59000,Lille,,,https://www.seloger.com/annonces/locations/appartement/lille-59/271986123.htm,,2026-08-12
434,SeLoger,1050.0,55.0,19.09,Appartement,"3 pièce - 2 chambre - s, s, 55 m², Étage 1/1",,,59000,Lille,,,https://www.seloger.com/annonces/locations/appartement/lille-59/lille-sud/26661179JIJ1.htm,,2026-08-12
435,SeLoger,1250.0,66.0,18.94,Appartement,"3 pièce - 2 chambre - s, s, 66 m², Étage 5/5",,,59000,Lille,,,https://www.seloger.com/annonces/locations/appartement/lille-59/lille-sud/234379161.htm,,2026-08-12
436,SeLoger,595.0,11.0,54.09,Colocation,"Colocation 11 m², 3 étages, disponible dès maintenant",,,59000,Lille,,,https://www.seloger.com/annonces/locations/appartement/lille-59/moulins/26IPY8GJSIMF.htm,,2026-08-12
437,SeLoger,700.0,29.0,24.14,Appartement,"1 pièce - 29 m², RDC, dès le 16/08/2026",,,59000,Lille,,,https://www.seloger.com/annonces/locations/appartement/lille-59/hellemmes-les-sarts/265370855.htm,,2026-08-12
438,SeLoger,823.0,16.0,51.44,Colocation,"1 pièce - 3 chambre - Colocation , s, 16 m², RDC",,,59000,Lille,,,https://www.seloger.com/annonces/locations/appartement/lille-59/centre/259351061.htm,,2026-08-12
439,SeLoger,1258.0,70.0,17.97,Appartement,"3 pièce - 2 chambre - s, s, 70 m²",,,59000,Lille,,,https://www.seloger.com/annonces/locations/appartement/lille-59/lille-sud/262677819.htm,,2026-08-12
440,SeLoger,600.0,19.0,31.58,Appartement,"1 pièce - 19 m², Étage 1/2, disponible dès maintenant",,,59000,Lille,,,https://www.seloger.com/annonces/locations/appartement/lille-59/caulier/26VYGFFWEWM9.htm,,2026-08-12
441,SeLoger,704.0,40.9,17.21,Appartement,"2 pièce - 1 chambre - s, , 40,9 m², étage",,,59000,Lille,,,https://www.seloger.com/wl-cdp/26J3DVM66VMA,,2026-08-12
442,SeLoger,650.0,31.0,20.97,Appartement,"2 pièce - 1 chambre - s, , 31 m², étage",,,59000,Lille,,,https://www.seloger.com/annonce/location/hauts-de-france/nord-59/lille-59000/26DQ96N8JUC4,,2026-08-12
443,SeLoger,600.0,29.0,20.69,Appartement,"2 pièce - 1 chambre - s, , 29 m², Étage 1/2",,,59000,Lille,,,https://www.seloger.com/annonce/location/hauts-de-france/nord-59/lille-59000/26EIR2JJ7D9V,,2026-08-12
444,SeLoger,1295.0,66.0,19.62,Appartement,"2 pièce - 1 chambre - s, , 66 m², Étage 1/3",,,59000,Lille,,,https://www.seloger.com/annonces/locations/appartement/lille-59/wazemmes/2653M45QUKRE.htm,,2026-08-12
445,SeLoger,505.0,15.0,33.67,Colocation,"1 pièce - Colocation , 15 m², étage, dès le 20/08/2026",,,59000,Lille,,,https://www.seloger.com/annonce/location/hauts-de-france/nord-59/lille-59000/26N19ERJ9RBT,,2026-08-12
446,SeLoger,605.0,15.0,40.33,Colocation,"1 pièce - Colocation , 15 m², étage",,,59000,Lille,,,https://www.seloger.com/wl-cdp/26QLSXFHCDDP,,2026-08-12
447,SeLoger,540.0,15.0,36.0,Colocation,"1 pièce - Colocation , 15 m², dès le 20/08/2026",,,59000,Lille,,,https://www.seloger.com/annonce/location/hauts-de-france/nord-59/lille-59000/265CPW9G22CZ,,2026-08-12
448,SeLoger,480.0,15.0,32.0,Colocation,"1 pièce - Colocation , 15 m², dès le 20/08/2026",,,59000,Lille,,,https://www.seloger.com/annonce/location/hauts-de-france/nord-59/lille-59000/26SKGREHUR54,,2026-08-12
449,SeLoger,430.0,15.0,28.67,Colocation,"1 pièce - Colocation , 15 m², dès le 20/08/2026",,,59000,Lille,,,https://www.seloger.com/annonce/location/hauts-de-france/nord-59/lille-59000/26X14RFNXYJI,,2026-08-12
450,SeLoger,1200.0,86.4,13.89,Appartement,"4 pièce - 3 chambre - s, s, 86,4 m², Étage 1/3",,,59000,Lille,,,https://www.seloger.com/annonce/location/hauts-de-france/nord-59/lille-59000/26T3S2NR9HAR,,2026-08-12
451,SeLoger,350.0,15.0,23.33,Colocation,"1 pièce - Colocation , 15 m², dès le 20/08/2026",,,59000,Lille,,,https://www.seloger.com/annonce/location/hauts-de-france/nord-59/lille-59000/268KLS82HNJ3,,2026-08-12
452,SeLoger,335.0,15.0,22.33,Colocation,"1 pièce - Colocation , 15 m², dès le 20/08/2026",,,59000,Lille,,,https://www.seloger.com/annonce/location/hauts-de-france/nord-59/lille-59000/26MSS34NSSFX,,2026-08-12
453,SeLoger,550.0,15.0,36.67,Colocation,"1 pièce - Colocation , 15 m², dès le 20/08/2026",,,59000,Lille,,,https://www.seloger.com/annonce/location/hauts-de-france/nord-59/lille-59000/26GDT33GMWBQ,,2026-08-12
454,SeLoger,410.0,15.0,27.33,Colocation,"1 pièce - Colocation , 15 m², dès le 20/08/2026",,,59000,Lille,,,https://www.seloger.com/annonce/location/hauts-de-france/nord-59/lille-59000/26W19RZ4L51R,,2026-08-12
455,SeLoger,445.0,15.0,29.67,Colocation,"1 pièce - Colocation , 15 m², dès le 20/08/2026",,,59000,Lille,,,https://www.seloger.com/annonce/location/hauts-de-france/nord-59/lille-59000/268ZJJAG59WM,,2026-08-12
456,SeLoger,495.0,15.0,33.0,Colocation,"1 pièce - Colocation , 15 m², dès le 20/08/2026",,,59000,Lille,,,https://www.seloger.com/annonce/location/hauts-de-france/nord-59/lille-59000/26XNYC2LDM51,,2026-08-12
457,SeLoger,425.0,15.0,28.33,Colocation,"1 pièce - Colocation , 15 m², dès le 20/08/2026",,,59000,Lille,,,https://www.seloger.com/annonce/location/hauts-de-france/nord-59/lille-59000/26ZAM91IPC6V,,2026-08-12
458,SeLoger,385.0,15.0,25.67,Colocation,"1 pièce - Colocation , 15 m², dès le 20/08/2026",,,59000,Lille,,,https://www.seloger.com/annonce/location/hauts-de-france/nord-59/lille-59000/26477F7DWWYY,,2026-08-12
459,SeLoger,460.0,15.0,30.67,Colocation,"1 pièce - Colocation , 15 m², dès le 20/08/2026",,,59000,Lille,,,https://www.seloger.com/annonce/location/hauts-de-france/nord-59/lille-59000/269T333VC1HQ,,2026-08-12
460,SeLoger,715.0,15.0,47.67,Studio,"1 pièce - Studio , 15 m², dès le 15/08/2026",,,59000,Lille,,,https://www.seloger.com/annonce/location/hauts-de-france/nord-59/lille-59000/26I8N4QNKHZD,,2026-08-12
461,SeLoger,540.0,14.0,38.57,Colocation,"1 pièce - 1 chambre - Colocation , , 14 m², 2 étages",,,59000,Lille,,,https://www.seloger.com/annonce/location/hauts-de-france/nord-59/lille-59000/26X531KBHUDL,,2026-08-12
462,SeLoger,340.0,15.0,22.67,Colocation,"1 pièce - Colocation , 15 m², dès le 20/08/2026",,,59000,Lille,,,https://www.seloger.com/annonce/location/hauts-de-france/nord-59/lille-59000/26RTKKD16R6Z,,2026-08-12
463,SeLoger,455.0,15.0,30.33,Colocation,"1 pièce - Colocation , 15 m², dès le 20/08/2026",,,59000,Lille,,,https://www.seloger.com/annonce/location/hauts-de-france/nord-59/lille-59000/264TJ6P7CQC4,,2026-08-12
464,SeLoger,490.0,15.0,32.67,Colocation,"1 pièce - Colocation , 15 m², dès le 20/08/2026",,,59000,Lille,,,https://www.seloger.com/annonce/location/hauts-de-france/nord-59/lille-59000/26MD74RXHR8H,,2026-08-12
465,SeLoger,706.0,15.0,47.07,Studio,"1 pièce - Studio , 15 m²",,,59000,Lille,,,https://www.seloger.com/annonces/locations/appartement/lille-59/moulins/268318089.htm,,2026-08-12
466,SeLoger,759.0,15.0,50.6,Studio,"1 pièce - Studio , 15 m²",,,59000,Lille,,,https://www.seloger.com/annonce/location/hauts-de-france/nord-59/lille-59000/26RUW28XNFIG,,2026-08-12
467,SeLoger,650.0,15.0,43.33,Colocation,"1 pièce - Colocation , 15 m²",,,59000,Lille,,,https://www.seloger.com/annonce/location/hauts-de-france/nord-59/lille-59000/26VJ7B9TLSSW,,2026-08-12
468,SeLoger,712.0,15.0,47.47,Colocation,"1 pièce - Colocation , 15 m²",,,59000,Lille,,,https://www.seloger.com/annonces/locations/appartement/lille-59/centre/268318095.htm,,2026-08-12
469,SeLoger,737.0,15.0,49.13,Studio,"1 pièce - Studio , 15 m², dès le 15/08/2026",,,59000,Lille,,,https://www.seloger.com/annonces/locations/appartement/lille-59/centre/269634487.htm,,2026-08-12
470,SeLoger,790.0,15.0,52.67,Studio,"1 pièce - Studio , 15 m²",,,59000,Lille,,,https://www.seloger.com/annonce/location/hauts-de-france/nord-59/lille-59000/26RCK5DXINEG,,2026-08-12
471,SeLoger,706.0,15.0,47.07,Colocation,"1 pièce - Colocation , 15 m²",,,59000,Lille,,,https://www.seloger.com/annonce/location/hauts-de-france/nord-59/lille-59000/26C5WEFEPVT2,,2026-08-12
472,SeLoger,530.0,37.0,14.32,Colocation,"1 pièce - 3 chambre - Colocation , s, 37 m², étage",,,59000,Lille,,,https://www.seloger.com/annonces/locations/appartement/lille-59/centre/261238287.htm,,2026-08-12
473,SeLoger,500.0,10.0,50.0,Colocation,"1 pièce - 4 chambre - Colocation , s, 10 m², RDC/2",,,59000,Lille,,,https://www.seloger.com/wl-cdp/264DB1BGR9HZ,,2026-08-12
474,SeLoger,765.0,15.0,51.0,Studio,"1 pièce - Studio , 15 m², dès le 15/08/2026",,,59000,Lille,,,https://www.seloger.com/annonces/locations/appartement/lille-59/centre/269635175.htm,,2026-08-12
475,SeLoger,740.0,46.0,16.09,Appartement,"2 pièce - 1 chambre - s, , 46 m², Étage 1/2",,,59000,Lille,,,https://www.seloger.com/annonces/locations/appartement/lille-59/127899589.htm,,2026-08-12
476,SeLoger,1023.0,68.6,14.91,Appartement,"3 pièce - 2 chambre - s, s, 68,6 m², RDC",,,59000,Lille,,,https://www.seloger.com/annonces/locations/appartement/lille-59/vauban-esquermes/271789135.htm,,2026-08-12
477,SeLoger,521.0,19.3,26.99,Appartement,"1 pièce - 19,3 m², Étage 5/5",,,59000,Lille,,,https://www.seloger.com/annonces/locations/appartement/lille-59/wazemmes/268231229.htm,,2026-08-12
478,SeLoger,678.0,30.0,22.6,Appartement,"2 pièce - 1 chambre - s, , 30 m², Étage 1/3",,,59000,Lille,,,https://www.seloger.com/annonces/locations/appartement/lille-59/vieux-lille/256237047.htm,,2026-08-12
479,SeLoger,890.0,270.0,3.3,Maison,"13 pièce - 10 chambre - Maison s, s, 270 m², disponible dès maintenant",,,59000,Lille,,,https://www.seloger.com/annonces/locations/maison/lille-59/wazemmes/26CQKCVCBDNM.htm,,2026-08-12
480,SeLoger,695.0,24.0,28.96,Appartement,"1 pièce - 24 m², Étage 1/3, disponible dès maintenant",,,59000,Lille,,,https://www.seloger.com/annonces/locations/appartement/lille-59/vauban-esquermes/26XXX8PU14DE.htm,,2026-08-12
481,SeLoger,1380.0,53.0,26.04,Colocation,"3 pièce - 2 chambre - Colocation s, s, 53 m², Étage 3/3",,,59000,Lille,,,https://www.seloger.com/annonces/locations/appartement/lille-59/centre/26HCZAPU53IZ.htm,,2026-08-12
482,SeLoger,1110.0,64.3,17.26,Appartement,"3 pièce - 2 chambre - s, s, 64,3 m², Étage 2/4",,,59000,Lille,,,https://www.seloger.com/annonces/locations/appartement/lille-59/vieux-lille/265735029.htm,,2026-08-12
483,SeLoger,780.0,47.6,16.39,Appartement,"2 pièce - Duplex s, 47,6 m², Étage 2/2",,,59000,Lille,,,https://www.seloger.com/annonces/locations/appartement/lille-59/fives/257503855.htm,,2026-08-12
484,SeLoger,980.0,23.0,42.61,Appartement,1 pièce - 23 m²,,,59000,Lille,,,https://www.seloger.com/annonces/locations/appartement/lille-59/246730053.htm,,2026-08-12
485,SeLoger,439.0,17.9,24.53,Appartement,"1 pièce - 17,9 m², Étage 2/3, dès le 04/09/2026",,,59000,Lille,,,https://www.seloger.com/annonce/location/hauts-de-france/nord-59/lille-59000/26C27FE6LJR2,,2026-08-12
486,SeLoger,750.0,16.0,46.88,Colocation,"1 pièce - 4 chambre - Colocation - , s, 16 m²",,,59000,Lille,,,https://www.seloger.com/annonce/location/hauts-de-france/nord-59/lille-59000/26EEZBZWUJBH,,2026-08-12
487,SeLoger,504.0,22.6,22.3,Appartement,"2 pièce - 1 chambre - Duplex - s, , 22,6 m², RDC",,,59000,Lille,,,https://www.seloger.com/annonce/location/hauts-de-france/nord-59/lille-59000/26AIYDBHN36H,,2026-08-12
488,SeLoger,990.0,62.3,15.89,Appartement,"2 pièce - 1 chambre - s, , 62,3 m², RDC",,,59000,Lille,,,https://www.seloger.com/wl-cdp/26HXTM8YU2L3,,2026-08-12
489,SeLoger,2950.0,310.0,9.52,Maison,"8 pièce - 7 chambre - Maison s, s, 310 m²",,,59000,Lille,,,https://www.seloger.com/annonce/location/hauts-de-france/nord-59/lille-59000/26PMTC319CBM,,2026-08-12
490,SeLoger,640.0,26.0,24.62,Appartement,"2 pièce - 1 chambre - s, , 26 m², étage",,,59000,Lille,,,https://www.seloger.com/annonce/location/hauts-de-france/nord-59/lille-59000/26W3ZKX15NJ6,,2026-08-12
491,SeLoger,515.0,22.0,23.41,Appartement,"1 pièce - 22 m², Étage 1/3",,,59000,Lille,,,https://www.seloger.com/annonce/location/hauts-de-france/nord-59/lille-59000/26N3QXUSMISN,,2026-08-12
492,SeLoger,1280.0,110.0,11.64,Colocation,"6 pièce - 3 chambre - Colocation s, s, 110 m², Étage 1/1",,,59000,Lille,,,https://www.seloger.com/annonce/location/hauts-de-france/nord-59/lille-59000/26HDSLZRD8DS,,2026-08-12
493,SeLoger,690.0,38.0,18.16,Appartement,"2 pièce - 1 chambre - s, , 38 m², RDC",,,59000,Lille,,,https://www.seloger.com/annonce/location/hauts-de-france/nord-59/lille-59000/26G1HXZIFPZH,,2026-08-12
494,SeLoger,535.0,15.0,35.67,Colocation,"1 pièce - Colocation , 15 m², dès le 20/08/2026",,,59000,Lille,,,https://www.seloger.com/annonce/location/hauts-de-france/nord-59/lille-59000/26BUUEV7RUW4,,2026-08-12
495,SeLoger,1088.0,20.0,54.4,Appartement,"1 pièce - 20 m², dès le 16/08/2026",,,59000,Lille,,,https://www.seloger.com/wl-cdp/26Y4IXV97XLX,,2026-08-12
496,SeLoger,601.0,15.0,40.07,Colocation,"1 pièce - Colocation , 15 m², dès le 16/08/2026",,,59000,Lille,,,https://www.seloger.com/wl-cdp/26THXL4S9G5A,,2026-08-12
497,SeLoger,781.0,15.0,52.07,Colocation,"1 pièce - Colocation , 15 m², dès le 16/08/2026",,,59000,Lille,,,https://www.seloger.com/wl-cdp/26VE9JTLN1C8,,2026-08-12
498,SeLoger,1180.0,40.0,29.5,Appartement,"3 pièce - 2 chambre - s, s, 40 m², RDC/3",,,59000,Lille,,,https://www.seloger.com/annonce/location/hauts-de-france/nord-59/lille-59000/26I1FGYZRG3S,,2026-08-12
499,SeLoger,680.0,11.0,61.82,Colocation,"1 pièce - 1 chambre - Colocation - , , 11 m², dès le 01/09/2026",,,59000,Lille,,,https://www.seloger.com/annonce/location/hauts-de-france/nord-59/lille-59000/26X2H15A9YCL,,2026-08-12
500,SeLoger,1150.0,85.0,13.53,Appartement,"3 pièce - 2 chambre - s, s, 85 m², étage",,,59000,Lille,,,https://www.seloger.com/annonce/location/hauts-de-france/nord-59/lille-59000/26U8TRU7MIZL,,2026-08-12
501,SeLoger,500.0,14.0,35.71,Colocation,"Colocation 14 m², Étage 1/3, disponible dès maintenant",,,59000,Lille,,,https://www.seloger.com/annonce/location/hauts-de-france/nord-59/lille-59000/266QF3NM17BT,,2026-08-12
502,SeLoger,710.0,15.0,47.33,Colocation,"1 pièce - 4 chambre - Colocation - , s, 15 m²",,,59000,Lille,,,https://www.seloger.com/annonce/location/hauts-de-france/nord-59/lille-59000/26T5DZGHBQU1,,2026-08-12
503,SeLoger,423.0,10.0,42.3,Colocation,"1 pièce - 5 chambre - Colocation , s, 10 m², étage",,,59000,Lille,,,https://www.seloger.com/annonce/location/hauts-de-france/nord-59/lille-59000/26F9UMISFJ6T,,2026-08-12
504,SeLoger,570.0,15.0,38.0,Colocation,"1 pièce - 9 chambre - Colocation , s, 15 m², étage",,,59000,Lille,,,https://www.seloger.com/annonce/location/hauts-de-france/nord-59/lille-59000/26UHYRA9PLRX,,2026-08-12
505,SeLoger,1257.0,77.0,16.32,Appartement,"3 pièce - 2 chambre - s, s, 77 m², Étage 1/3",,,59000,Lille,,,https://www.seloger.com/annonces/locations/appartement/lille-59/276428545.htm,,2026-08-12
506,SeLoger,770.0,41.7,18.47,Appartement,"2 pièce - 1 chambre - s, , 41,7 m², étage",,,59000,Lille,,,https://www.seloger.com/annonces/locations/appartement/lille-59/vieux-lille/268763553.htm,,2026-08-12
507,SeLoger,1304.0,76.0,17.16,Appartement,"3 pièce - 2 chambre - Duplex s, s, 76 m², Étage 1/2",,,59000,Lille,,,https://www.seloger.com/annonces/locations/appartement/lille-59/vieux-lille/267682087.htm,,2026-08-12
508,SeLoger,880.0,46.7,18.84,Appartement,"3 pièce - 2 chambre - s, s, 46,7 m², étage",,,59000,Lille,,,https://www.seloger.com/annonces/locations/appartement/lille-59/274666767.htm,,2026-08-12
509,SeLoger,440.0,35.9,12.26,Maison,"3 pièce - 2 chambre - Maison s, s, 35,9 m²",,,59000,Lille,,,https://www.seloger.com/annonces/locations/maison/lille-59/moulins/262968345.htm,,2026-08-12
510,SeLoger,700.0,30.0,23.33,Appartement,"1 pièce - 30 m², disponible dès maintenant",,,59000,Lille,,,https://www.seloger.com/annonces/locations/appartement/lille-59/bourg-delivrance/267I82UDKEGB.htm,,2026-08-12
511,SeLoger,890.0,50.0,17.8,Appartement,"2 pièce - 1 chambre - s, , 50 m², Étage 1/3",,,59000,Lille,,,https://www.seloger.com/annonces/locations/appartement/lille-59/moulins/26IEQTQ4GSF4.htm,,2026-08-12
512,SeLoger,789.0,48.0,16.44,Appartement,"2 pièce - 1 chambre - s, , 48 m²",,,59000,Lille,,,https://www.seloger.com/wl-cdp/24Z97I9HSRUZ,,2026-08-12
513,SeLoger,1550.0,52.0,29.81,Appartement,1 pièce - 52 m²,,,59000,Lille,,,https://www.seloger.com/annonce/location/hauts-de-france/nord-59/lille-59000/26H3KRS1E1ZM,,2026-08-12
514,SeLoger,790.0,42.0,18.81,Appartement,"2 pièce - 1 chambre - s, , 42 m², étage",,,59000,Lille,,,https://www.seloger.com/annonces/locations/appartement/lille-59/lille-sud/274445397.htm,,2026-08-12
515,SeLoger,1900.0,70.0,27.14,Colocation,"4 pièce - 3 chambre - Colocation s, s, 70 m², RDC/3",,,59000,Lille,,,https://www.seloger.com/annonces/locations/appartement/lille-59/vauban-esquermes/26G3CZKF4JRH.htm,,2026-08-12
516,SeLoger,1119.0,48.0,23.31,Appartement,"2 pièce - 1 chambre - s, , 48 m², dès le 31/08/2026",,,59000,Lille,,,https://www.seloger.com/annonces/locations/appartement/lille-59/centre/275400753.htm,,2026-08-12
517,SeLoger,790.0,40.6,19.46,Appartement,"1 pièce - 40,6 m², RDC",,,59000,Lille,,,https://www.seloger.com/wl-cdp/26P5QRTU1UMF,,2026-08-12
518,SeLoger,988.0,54.0,18.3,Appartement,"2 pièce - 1 chambre - s, , 54 m², dès le 31/08/2026",,,59000,Lille,,,https://www.seloger.com/annonce/location/hauts-de-france/nord-59/lille-59000/26MMIZUHL139,,2026-08-12
519,SeLoger,500.0,20.0,25.0,Appartement,1 pièce - 20 m²,,,59000,Lille,,,https://www.seloger.com/annonces/locations/appartement/lille-59/276364397.htm,,2026-08-12
520,SeLoger,912.0,61.0,14.95,Appartement,"3 pièce - 2 chambre - s, s, 61 m², étage",,,59000,Lille,,,https://www.seloger.com/annonces/locations/appartement/lille-59/276101327.htm,,2026-08-12
521,SeLoger,952.0,81.7,11.65,Appartement,"4 pièce - 3 chambre - s, s, 81,7 m², Étage 3/4",,,59000,Lille,,,https://www.seloger.com/annonces/locations/appartement/lille-59/centre/272321081.htm,,2026-08-12
522,SeLoger,713.0,39.8,17.91,Appartement,"2 pièce - 1 chambre - s, , 39,8 m², Étage 2/2",,,59000,Lille,,,https://www.seloger.com/annonces/locations/appartement/lille-59/caulier/264020153.htm,,2026-08-12
523,SeLoger,1050.0,62.4,16.83,Appartement,"3 pièce - 2 chambre - Duplex s, s, 62,4 m², Étage 3/4",,,59000,Lille,,,https://www.seloger.com/annonces/locations/appartement/lille-59/centre/265264517.htm,,2026-08-12
524,SeLoger,474.0,18.9,25.08,Appartement,"1 pièce - 18,9 m², Étage 2/3",,,59000,Lille,,,https://www.seloger.com/annonces/locations/appartement/lille-59/wazemmes/263709685.htm,,2026-08-12
525,SeLoger,1000.0,40.8,24.51,Appartement,"2 pièce - 1 chambre - s, , 40,8 m², Étage 3/4",,,59000,Lille,,,https://www.seloger.com/annonces/locations/appartement/lille-59/centre/265932027.htm,,2026-08-12
526,SeLoger,550.0,13.0,42.31,Colocation,"1 pièce - 5 chambre - Colocation , s, 13 m², étage",,,59000,Lille,,,https://www.seloger.com/annonces/locations/appartement/lille-59/caulier/261486693.htm,,2026-08-12
527,SeLoger,622.0,37.2,16.72,Maison,"2 pièce - Maison s, 37,2 m²",,,59000,Lille,,,https://www.seloger.com/annonces/locations/maison/lille-59/vauban-esquermes/265116513.htm,,2026-08-12
528,SeLoger,2099.0,111.0,18.91,Maison,"4 pièce - 3 chambre - Maison s, s, 111 m²",,,59000,Lille,,,https://www.seloger.com/annonce/location/hauts-de-france/nord-59/lille-59000/264F95NN7FNW,,2026-08-12
529,SeLoger,940.0,48.0,19.58,Appartement,"2 pièce - 1 chambre - s, , 48 m²",,,59000,Lille,,,https://www.seloger.com/annonce/location/hauts-de-france/nord-59/lille-59000/26H5WEC8XBEB,,2026-08-12
530,SeLoger,650.0,40.0,16.25,Appartement,"2 pièce - 1 chambre - s, , 40 m², Étage 2/3",,,59000,Lille,,,https://www.seloger.com/annonces/locations/appartement/lille-59/moulins/26BF1R97GAPI.htm,,2026-08-12
531,SeLoger,800.0,55.0,14.55,Appartement,"4 pièce - 3 chambre - Duplex s, s, 55 m², étage",,,59000,Lille,,,https://www.seloger.com/annonce/location/hauts-de-france/nord-59/lille-59000/26FP2FJAGKMS,,2026-08-12
532,SeLoger,1280.0,72.0,17.78,Appartement,"3 pièce - 2 chambre - s, s, 72 m²",,,59000,Lille,,,https://www.seloger.com/annonces/locations/appartement/lille-59/vauban-esquermes/276409161.htm,,2026-08-12
533,SeLoger,955.0,71.0,13.45,Maison,"3 pièce - 2 chambre - Maison s, s, 71 m²",,,59000,Lille,,,https://www.seloger.com/annonce/location/hauts-de-france/nord-59/lille-59000/26QGXK5WJTT4,,2026-08-12
534,SeLoger,1276.0,108.1,11.8,Maison,"4 pièce - 3 chambre - Maison s, s, 108,1 m², 19 m² de terrain",,,59000,Lille,,,https://www.seloger.com/annonce/location/hauts-de-france/nord-59/lille-59000/263UBZG3QSVW,,2026-08-12
535,SeLoger,700.0,25.0,28.0,Studio,"1 pièce - Studio , 25 m²",,,59000,Lille,,,https://www.seloger.com/annonce/location/hauts-de-france/nord-59/lille-59000/26Z1D8ZSIVYA,,2026-08-12
536,SeLoger,725.0,39.3,18.45,Appartement,"2 pièce - 1 chambre - s, , 39,3 m², Étage 1/4",,,59000,Lille,,,https://www.seloger.com/annonces/locations/appartement/lille-59/wazemmes/276544431.htm,,2026-08-12
537,SeLoger,490.0,18.7,26.2,Appartement,"1 pièce - 18,7 m², étage",,,59000,Lille,,,https://www.seloger.com/annonces/locations/appartement/lille-59/275653433.htm,,2026-08-12
538,SeLoger,800.0,30.0,26.67,Appartement,"2 pièce - 1 chambre - s, , 30 m², étage",,,59000,Lille,,,https://www.seloger.com/annonce/location/hauts-de-france/nord-59/lille-59000/26TJQFVVBNKR,,2026-08-12
539,SeLoger,620.0,32.0,19.38,Appartement,"2 pièce - 1 chambre - s, , 32 m², étage",,,59000,Lille,,,https://www.seloger.com/annonce/location/hauts-de-france/nord-59/lille-59000/265CEZD7BHS1,,2026-08-12
540,SeLoger,575.0,38.1,15.09,Appartement,"2 pièce - 1 chambre - s, , 38,1 m², RDC",,,59000,Lille,,,https://www.seloger.com/annonce/location/hauts-de-france/nord-59/lille-59000/266RKTU4HPWS,,2026-08-12
541,SeLoger,830.0,46.1,18.0,Appartement,"2 pièce - 1 chambre - s, , 46,1 m², Étage 2/3",,,59000,Lille,,,https://www.seloger.com/annonces/locations/appartement/lille-59/wazemmes/259869889.htm,,2026-08-12
542,SeLoger,700.0,32.0,21.88,Appartement,1 pièce - 32 m²,,,59000,Lille,,,https://www.seloger.com/annonce/location/hauts-de-france/nord-59/lille-59000/268AXHKL6F1R,,2026-08-12
543,SeLoger,680.0,41.0,16.59,Appartement,"2 pièce - 1 chambre - s, , 41 m², étage",,,59000,Lille,,,https://www.seloger.com/annonce/location/hauts-de-france/nord-59/lille-59000/26EN4MHIRQJE,,2026-08-12
544,SeLoger,600.0,28.0,21.43,Appartement,"2 pièce - 1 chambre - s, , 28 m², étage",,,59000,Lille,,,https://www.seloger.com/annonce/location/hauts-de-france/nord-59/lille-59000/26PY57BJY453,,2026-08-12
545,SeLoger,2200.0,88.5,24.86,Colocation,"5 pièce - 4 chambre - Colocation s, s, 88,5 m², étage",,,59000,Lille,,,https://www.seloger.com/annonce/location/hauts-de-france/nord-59/lille-59000/265KUELVS3QY,,2026-08-12
546,SeLoger,750.0,20.0,37.5,Studio,"1 pièce - Studio - , 20 m², 6 étages, dès le 30/08/2026",,,59000,Lille,,,https://www.seloger.com/annonces/locations/appartement/lille-59/mitterie/265194761.htm,,2026-08-12
547,SeLoger,770.0,31.1,24.76,Appartement,"1 pièce - 31,1 m², Étage 1/1",,,59000,Lille,,,https://www.seloger.com/annonces/locations/appartement/lille-59/centre/268388209.htm,,2026-08-12
548,SeLoger,900.0,71.0,12.68,Maison,"3 pièce - 2 chambre - Maison s, s, 71 m², disponible dès maintenant",,,59000,Lille,,,https://www.seloger.com/annonce/location/hauts-de-france/nord-59/lille-59000/26TIKIYR2LTG,,2026-08-12
549,SeLoger,495.0,19.6,25.26,Colocation,"1 pièce - Colocation , 19,6 m², RDC",,,59000,Lille,,,https://www.seloger.com/annonce/location/hauts-de-france/nord-59/lille-59000/26ZADKLWAWN1,,2026-08-12
550,SeLoger,431.0,13.0,33.15,Studio,"1 pièce - Studio , 13 m², Étage 2/3",,,59000,Lille,,,https://www.seloger.com/annonces/locations/appartement/lille-59/wazemmes/276044473.htm,,2026-08-12
551,SeLoger,645.0,49.6,13.0,Maison,"3 pièce - 2 chambre - Maison s, s, 49,6 m²",,,59000,Lille,,,https://www.seloger.com/annonce/location/hauts-de-france/nord-59/lille-59000/26KXS8IHK1PA,,2026-08-12
552,SeLoger,910.0,29.1,31.27,Appartement,"1 pièce - 1 chambre - 29,1 m², Étage 1/3",,,59000,Lille,,,https://www.seloger.com/annonces/locations/appartement/lille-59/274377207.htm,,2026-08-12
553,SeLoger,520.0,16.0,32.5,Appartement,"1 pièce - 16 m², étage",,,59000,Lille,,,https://www.seloger.com/annonce/location/hauts-de-france/nord-59/lille-59000/26V4ZTDJWULJ,,2026-08-12
554,SeLoger,630.0,30.0,21.0,Appartement,"2 pièce - 1 chambre - s, , 30 m², étage",,,59000,Lille,,,https://www.seloger.com/annonce/location/hauts-de-france/nord-59/lille-59000/26GGFYW13Y6D,,2026-08-12
555,SeLoger,590.0,11.0,53.64,Colocation,"1 pièce - 5 chambre - Colocation , s, 11 m²",,,59000,Lille,,,https://www.seloger.com/annonce/location/hauts-de-france/nord-59/lille-59000/26FV1TAZ4Q3T,,2026-08-12
556,SeLoger,689.0,32.5,21.2,Appartement,"2 pièce - 1 chambre - s, , 32,5 m², RDC",,,59000,Lille,,,https://www.seloger.com/annonce/location/hauts-de-france/nord-59/lille-59000/26T364LNMMD2,,2026-08-12
557,SeLoger,665.0,14.1,47.16,Appartement,"1 pièce - 11 chambre - s, 14,1 m², Étage 2/3",,,59000,Lille,,,https://www.seloger.com/annonces/locations/appartement/lille-59/centre/268826841.htm,,2026-08-12
558,SeLoger,650.0,12.3,52.85,Appartement,"1 pièce - 11 chambre - s, 12,3 m², Étage 2/3",,,59000,Lille,,,https://www.seloger.com/annonces/locations/appartement/lille-59/centre/271654741.htm,,2026-08-12
559,SeLoger,650.0,11.0,59.09,Appartement,"1 pièce - 11 chambre - s, 11 m², Étage 3/3",,,59000,Lille,,,https://www.seloger.com/annonces/locations/appartement/lille-59/centre/268825799.htm,,2026-08-12
560,SeLoger,665.0,14.6,45.55,Appartement,"1 pièce - 11 chambre - s, 14,6 m², Étage 3/3",,,59000,Lille,,,https://www.seloger.com/annonces/locations/appartement/lille-59/centre/272408479.htm,,2026-08-12
561,SeLoger,550.0,18.0,30.56,Colocation,"1 pièce - Colocation - , 18 m², étage",,,59000,Lille,,,https://www.seloger.com/annonces/locations/appartement/lille-59/centre/265654677.htm,,2026-08-12
562,SeLoger,649.0,31.1,20.87,Appartement,"1 pièce - 31,1 m², RDC",,,59000,Lille,,,https://www.seloger.com/annonces/locations/appartement/lille-59/vauban-esquermes/262933143.htm,,2026-08-12
563,SeLoger,850.0,45.8,18.56,Appartement,"2 pièce - 1 chambre - s, , 45,8 m², Étage 1/2",,,59000,Lille,,,https://www.seloger.com/annonce/location/hauts-de-france/nord-59/lille-59000/26GEHH3M4UML,,2026-08-12
564,SeLoger,888.0,63.1,14.07,Appartement,"2 pièce - 1 chambre - s, , 63,1 m², RDC",,,59000,Lille,,,https://www.seloger.com/annonce/location/hauts-de-france/nord-59/lille-59000/26PQ8VEWQKIQ,,2026-08-12
565,SeLoger,1270.0,93.0,13.66,Maison,"4 pièce - 3 chambre - Maison s, s, 93 m²",,,59000,Lille,,,https://www.seloger.com/annonces/locations/maison/lille-59/bourg-delivrance/274098493.htm,,2026-08-12
566,SeLoger,695.0,19.0,36.58,Studio,"1 pièce - Studio - , 19 m²",,,59000,Lille,,,https://www.seloger.com/annonces/locations/appartement/lille-59/wazemmes/242706951.htm,,2026-08-12
567,SeLoger,1231.0,89.1,13.82,Appartement,"4 pièce - 3 chambre - s, s, 89,1 m², étage",,,59000,Lille,,,https://www.seloger.com/annonces/locations/appartement/lille-59/vieux-lille/261184947.htm,,2026-08-12
568,SeLoger,300.0,13.0,23.08,Studio,"1 pièce - Studio , 13 m²",,,59000,Lille,,,https://www.seloger.com/annonce/location/hauts-de-france/nord-59/lille-59000/26TY199X5CHB,,2026-08-12
569,SeLoger,630.0,41.1,15.33,Appartement,"1 pièce - 41,1 m², RDC, dès le 29/08/2026",,,59000,Lille,,,https://www.seloger.com/annonces/locations/appartement/lille-59/275598623.htm,,2026-08-12
570,SeLoger,1400.0,99.3,14.1,Appartement,"5 pièce - 4 chambre - s, s, 99,3 m², Étage 11/11",,,59000,Lille,,,https://www.seloger.com/annonces/locations/appartement/lille-59/centre/273858221.htm,,2026-08-12
571,SeLoger,806.0,47.0,17.15,Appartement,"2 pièce - 1 chambre - s, , 47 m², étage",,,59000,Lille,,,https://www.seloger.com/annonces/locations/appartement/lille-59/wazemmes/275669165.htm,,2026-08-12
572,SeLoger,950.0,79.0,12.03,Colocation,"4 pièce - 3 chambre - Colocation s, s, 79 m², RDC/2",,,59000,Lille,,,https://www.seloger.com/annonces/locations/appartement/lille-59/faubourg-de-bethune-concorde/26KSSGZ2C9V3.htm,,2026-08-12
573,SeLoger,1380.0,74.0,18.65,Colocation,"4 pièce - 3 chambre - Colocation s, s, 74 m², RDC/3",,,59000,Lille,,,https://www.seloger.com/annonces/locations/appartement/lille-59/vieux-lille/26TRJSQMJT61.htm,,2026-08-12
574,SeLoger,460.0,14.0,32.86,Studio,"1 pièce - Studio , 14 m²",,,59000,Lille,,,https://www.seloger.com/annonces/locations/appartement/lille-59/276155875.htm,,2026-08-12
575,SeLoger,701.0,43.6,16.08,Appartement,"2 pièce - s, 43,6 m², Étage 2/1",,,59000,Lille,,,https://www.seloger.com/annonce/location/hauts-de-france/nord-59/lille-59000/26XLWANV6SAS,,2026-08-12
576,SeLoger,950.0,80.0,11.88,Appartement,"3 pièce - 2 chambre - s, s, 80 m², Étage 1/3",,,59000,Lille,,,https://www.seloger.com/annonce/location/hauts-de-france/nord-59/lille-59000/26ANHKTQYLJR,,2026-08-12
577,SeLoger,580.0,20.8,27.88,Colocation,"2 pièce - 1 chambre - Colocation - s, , 20,8 m², RDC",,,59000,Lille,,,https://www.seloger.com/annonce/location/hauts-de-france/nord-59/lille-59000/26NEYTXNMXSE,,2026-08-12
578,SeLoger,601.0,10.0,60.1,Colocation,"1 pièce - 1 chambre - Colocation , , 10 m², étage",,,59000,Lille,,,https://www.seloger.com/annonce/location/hauts-de-france/nord-59/lille-59000/26WIA7GY2DA9,,2026-08-12
579,SeLoger,750.0,21.0,35.71,Studio,"1 pièce - Studio - , 21 m², 6 étages",,,59000,Lille,,,https://www.seloger.com/annonces/locations/appartement/lille-59/267809031.htm,,2026-08-12
580,SeLoger,480.0,15.0,32.0,Studio,"1 pièce - Studio , 15 m²",,,59000,Lille,,,https://www.seloger.com/annonces/locations/appartement/lille-59/vauban-esquermes/274354379.htm,,2026-08-12
581,SeLoger,1222.0,68.0,17.97,Appartement,"3 pièce - 2 chambre - s, s, 68 m², Étage 1/1",,,59000,Lille,,,https://www.seloger.com/annonces/locations/appartement/lille-59/caulier/26WJ51I3C32T.htm,,2026-08-12
582,SeLoger,825.0,41.2,20.02,Appartement,"2 pièce - 1 chambre - s, , 41,2 m², étage",,,59000,Lille,,,https://www.seloger.com/annonce/location/hauts-de-france/nord-59/lille-59000/26QF6M8HKYWG,,2026-08-12
583,SeLoger,595.0,13.0,45.77,Studio,"1 pièce - Studio , 13 m², étage",,,59000,Lille,,,https://www.seloger.com/annonce/location/hauts-de-france/nord-59/lille-59000/26YYEKDJ7NJX,,2026-08-12
584,SeLoger,739.0,31.8,23.24,Appartement,"2 pièce - 1 chambre - s, , 31,8 m², Étage 1/3",,,59000,Lille,,,https://www.seloger.com/wl-cdp/266YLE3WENUI,,2026-08-12
585,SeLoger,340.0,24.0,14.17,Studio,"1 pièce - Studio , 24 m²",,,59000,Lille,,,https://www.seloger.com/annonce/location/hauts-de-france/nord-59/lille-59000/26DPTY83YM4U,,2026-08-12
586,SeLoger,660.0,42.1,15.68,Appartement,"2 pièce - 1 chambre - s, , 42,1 m², étage",,,59000,Lille,,,https://www.seloger.com/annonces/locations/appartement/lille-59/moulins/276212691.htm,,2026-08-12
587,SeLoger,995.0,71.4,13.94,Appartement,"3 pièce - 2 chambre - s, s, 71,4 m², étage",,,59000,Lille,,,https://www.seloger.com/annonces/locations/appartement/lille-59/274932367.htm,,2026-08-12
588,SeLoger,750.0,36.0,20.83,Appartement,"2 pièce - 1 chambre - s, , 36 m², étage",,,59000,Lille,,,https://www.seloger.com/annonce/location/hauts-de-france/nord-59/lille-59000/26NM357M3B3P,,2026-08-12
589,SeLoger,1289.0,105.0,12.28,Maison,"5 pièce - 4 chambre - Maison s, s, 105 m²",,,59000,Lille,,,https://www.seloger.com/annonce/location/hauts-de-france/nord-59/lille-59000/264YHGED6BNC,,2026-08-12
590,SeLoger,1005.0,63.7,15.78,Appartement,"3 pièce - s, 63,7 m², Étage 8/99",,,59000,Lille,,,https://www.seloger.com/annonce/location/hauts-de-france/nord-59/lille-59000/26DE96EN1SJW,,2026-08-12
591,SeLoger,1290.0,70.0,18.43,Colocation,"4 pièce - 2 chambre - Colocation s, s, 70 m², Étage 5/7",,,59000,Lille,,,https://www.seloger.com/annonces/locations/appartement/lille-59/bois-blanc/267W2YZ3S4UL.htm,,2026-08-12
592,SeLoger,738.0,44.9,16.44,Appartement,"2 pièce - 1 chambre - s, , 44,9 m², étage",,,59000,Lille,,,https://www.seloger.com/annonces/locations/appartement/lille-59/274457789.htm,,2026-08-12
593,SeLoger,995.0,79.8,12.47,Appartement,"3 pièce - s, 79,8 m², Étage 3/5",,,59000,Lille,,,https://www.seloger.com/annonces/locations/appartement/lille-59/vauban-esquermes/251264859.htm,,2026-08-12
594,SeLoger,780.0,31.0,25.16,Appartement,"1 pièce - 31 m², étage",,,59000,Lille,,,https://www.seloger.com/annonce/location/hauts-de-france/nord-59/lille-59000/263J1UXH4L8X,,2026-08-12
595,SeLoger,615.0,41.0,15.0,Appartement,"2 pièce - 1 chambre - s, , 41 m², étage",,,59000,Lille,,,https://www.seloger.com/annonce/location/hauts-de-france/nord-59/lille-59000/267GCG15VWQ2,,2026-08-12
596,SeLoger,990.0,45.0,22.0,Appartement,"2 pièce - 1 chambre - s, , 45 m², étage",,,59000,Lille,,,https://www.seloger.com/annonce/location/hauts-de-france/nord-59/lille-59000/26915HMITKNX,,2026-08-12
597,SeLoger,615.0,27.0,22.78,Appartement,"1 pièce - 27 m², étage",,,59000,Lille,,,https://www.seloger.com/annonce/location/hauts-de-france/nord-59/lille-59000/266L8R8TFLMJ,,2026-08-12
598,SeLoger,818.0,15.0,54.53,Colocation,"1 pièce - Colocation , 15 m², dès le 16/08/2026",,,59000,Lille,,,https://www.seloger.com/wl-cdp/26F1MITFH35C,,2026-08-12
599,SeLoger,894.0,15.0,59.6,Colocation,"1 pièce - Colocation , 15 m², dès le 16/08/2026",,,59000,Lille,,,https://www.seloger.com/wl-cdp/26BLWPPRYZG3,,2026-08-12
600,SeLoger,823.0,15.0,54.87,Colocation,"1 pièce - Colocation , 15 m², dès le 16/08/2026",,,59000,Lille,,,https://www.seloger.com/wl-cdp/26A4XG52TJYQ,,2026-08-12
601,SeLoger,770.0,16.0,48.12,Colocation,"1 pièce - 6 chambre - Colocation , s, 16 m²",,,59000,Lille,,,https://www.seloger.com/annonce/location/hauts-de-france/nord-59/lille-59000/26ME6PWDTM3V,,2026-08-12
602,SeLoger,1250.0,56.9,21.97,Appartement,"3 pièce - 2 chambre - s, s, 56,9 m², étage",,,59000,Lille,,,https://www.seloger.com/annonce/location/hauts-de-france/nord-59/lille-59000/26FDKJZ8RMFB,,2026-08-12
603,SeLoger,1620.0,24.0,67.5,Studio,"1 pièce - Studio , 24 m², dès le 01/09/2026",,,59000,Lille,,,https://www.seloger.com/annonces/locations/appartement/lille-59/centre/261035741.htm,,2026-08-12
604,SeLoger,400.0,13.2,30.3,Appartement,"1 pièce - 13,2 m², RDC/4, dès le 28/08/2026",,,59000,Lille,,,https://www.seloger.com/annonces/locations/appartement/lille-59/276282987.htm,,2026-08-12
605,SeLoger,860.0,47.9,17.95,Appartement,"2 pièce - 1 chambre - Duplex s, , 47,9 m², Étage 2/2",,,59000,Lille,,,https://www.seloger.com/annonce/location/hauts-de-france/nord-59/lille-59000/26MLTVCP7SN3,,2026-08-12
606,SeLoger,815.0,33.0,24.7,Appartement,"1 pièce - 33 m², Étage 3/3",,,59000,Lille,,,https://www.seloger.com/annonces/locations/appartement/lille-59/276113977.htm,,2026-08-12
607,SeLoger,615.0,25.0,24.6,Appartement,"1 pièce - 25 m², étage",,,59000,Lille,,,https://www.seloger.com/annonce/location/hauts-de-france/nord-59/lille-59000/2652TZHI22PZ,,2026-08-12
608,SeLoger,680.0,36.0,18.89,Appartement,"1 pièce - 36 m², disponible dès maintenant",,,59000,Lille,,,https://www.seloger.com/annonce/location/hauts-de-france/nord-59/lille-59000/26B7MT4K7P73,,2026-08-12
609,SeLoger,850.0,55.0,15.45,Appartement,"2 pièce - 1 chambre - s, , 55 m², Étage 1/2",,,59000,Lille,,,https://www.seloger.com/annonces/locations/appartement/lille-59/saint-maurice-pellevoisin/26J82524QQKF.htm,,2026-08-12
610,SeLoger,580.0,32.0,18.12,Appartement,"2 pièce - 1 chambre - s, , 32 m², étage",,,59000,Lille,,,https://www.seloger.com/annonce/location/hauts-de-france/nord-59/lille-59000/26J25HN1CGGM,,2026-08-12
611,SeLoger,670.0,30.0,22.33,Appartement,"1 pièce - 1 chambre - 30 m², étage",,,59000,Lille,,,https://www.seloger.com/annonce/location/hauts-de-france/nord-59/lille-59000/26HP3CLA58JT,,2026-08-12
612,SeLoger,898.0,59.5,15.09,Appartement,"2 pièce - 1 chambre - s, , 59,5 m², étage",,,59000,Lille,,,https://www.seloger.com/annonce/location/hauts-de-france/nord-59/lille-59000/26L51PBZMPQB,,2026-08-12
613,SeLoger,595.0,25.0,23.8,Appartement,"1 pièce - 25 m², 2 étages, disponible dès maintenant",,,59000,Lille,,,https://www.seloger.com/annonces/locations/appartement/lille-59/caulier/24G9WC8EL7A1.htm,,2026-08-12
614,SeLoger,1040.0,70.0,14.86,Appartement,"3 pièce - 2 chambre - s, s, 70 m²",,,59000,Lille,,,https://www.seloger.com/annonce/location/hauts-de-france/nord-59/lille-59000/261E3YQS1NND,,2026-08-12
615,SeLoger,775.0,27.7,27.98,Appartement,"2 pièce - 1 chambre - s, , 27,7 m², Étage 2/2",,,59000,Lille,,,https://www.seloger.com/annonces/locations/appartement/lille-59/moulins/274284931.htm,,2026-08-12
616,SeLoger,941.0,61.8,15.23,Appartement,"2 pièce - 2 chambre - s, s, 61,8 m², Étage 2/4",,,59000,Lille,,,https://www.seloger.com/annonces/locations/appartement/lille-59/bois-blanc/265080117.htm,,2026-08-12
617,SeLoger,872.0,61.7,14.13,Appartement,"2 pièce - 1 chambre - s, , 61,7 m², étage",,,59000,Lille,,,https://www.seloger.com/annonces/locations/appartement/lille-59/wazemmes/269544447.htm,,2026-08-12
618,SeLoger,1290.0,81.0,15.93,Appartement,"3 pièce - 2 chambre - s, s, 81 m², Étage 1/4",,,59000,Lille,,,https://www.seloger.com/annonces/locations/appartement/lille-59/vieux-lille/263300427.htm,,2026-08-12
619,SeLoger,595.0,13.0,45.77,Colocation,"1 pièce - 2 chambre - Colocation , s, 13 m², Étage 1/3",,,59000,Lille,,,https://www.seloger.com/annonce/location/hauts-de-france/nord-59/lille-59000/26PPAP13BRQX,,2026-08-12
620,SeLoger,500.0,18.0,27.78,Appartement,"1 pièce - 18 m², RDC/1, disponible dès maintenant",,,59000,Lille,,,https://www.seloger.com/annonce/location/hauts-de-france/nord-59/lille-59000/26WIKDC74S4K,,2026-08-12
621,SeLoger,540.0,22.0,24.55,Colocation,"1 pièce - 3 chambre - Colocation , s, 22 m², étage",,,59000,Lille,,,https://www.seloger.com/annonce/location/hauts-de-france/nord-59/lille-59000/26FN4T1F1A3C,,2026-08-12
622,SeLoger,1429.0,80.0,17.86,Appartement,"3 pièce - 2 chambre - s, s, 80 m²",,,59000,Lille,,,https://www.seloger.com/annonce/location/hauts-de-france/nord-59/lille-59000/26ALZHSX8HHN,,2026-08-12
623,SeLoger,625.0,28.0,22.32,Appartement,"1 pièce - 28 m², étage",,,59000,Lille,,,https://www.seloger.com/annonce/location/hauts-de-france/nord-59/lille-59000/26485XPID2UY,,2026-08-12
624,SeLoger,1175.0,58.0,20.26,Appartement,"3 pièce - 2 chambre - s, s, 58 m², RDC",,,59000,Lille,,,https://www.seloger.com/annonce/location/hauts-de-france/nord-59/lille-59000/26G18Y5V7CN7,,2026-08-12
625,SeLoger,600.0,23.0,26.09,Appartement,"1 pièce - 23 m², étage",,,59000,Lille,,,https://www.seloger.com/annonce/location/hauts-de-france/nord-59/lille-59000/26VKWCN6NGM2,,2026-08-12
626,SeLoger,930.0,40.0,23.25,Appartement,"2 pièce - s, 40 m², étage, dès le 15/08/2026",,,59000,Lille,,,https://www.seloger.com/annonce/location/hauts-de-france/nord-59/lille-59000/264YLFVWWUBI,,2026-08-12
627,SeLoger,1054.0,51.0,20.67,Appartement,"3 pièce - 2 chambre - s, s, 51 m²",,,59000,Lille,,,https://www.seloger.com/annonces/locations/appartement/lille-59/vieux-lille/273078169.htm,,2026-08-12
628,SeLoger,1595.0,112.4,14.19,Colocation,"5 pièce - 4 chambre - Colocation s, s, 112,4 m², RDC/3",,,59000,Lille,,,https://www.seloger.com/annonce/location/hauts-de-france/nord-59/lille-59000/26EPD1XEFJMW,,2026-08-12
629,SeLoger,645.0,14.0,46.07,Colocation,"1 pièce - 1 chambre - Colocation - , , 14 m², étage",,,59000,Lille,,,https://www.seloger.com/annonce/location/hauts-de-france/nord-59/lille-59000/26XVX32W5C7N,,2026-08-12
630,SeLoger,440.0,11.0,40.0,Colocation,"1 pièce - 1 chambre - Colocation , , 11 m², RDC/2",,,59000,Lille,,,https://www.seloger.com/wl-cdp/26RKD3Z5TZ7F,,2026-08-12
631,SeLoger,941.0,62.1,15.15,Appartement,"3 pièce - 2 chambre - s, s, 62,1 m², étage",,,59000,Lille,,,https://www.seloger.com/annonce/location/hauts-de-france/nord-59/lille-59000/26DIKYFVYLQU,,2026-08-12
632,SeLoger,1700.0,43.0,39.53,Appartement,"2 pièce - 1 chambre - s, , 43 m², étage",,,59000,Lille,,,https://www.seloger.com/annonce/location/hauts-de-france/nord-59/lille-59000/26J3M2IIUG4P,,2026-08-12
633,SeLoger,790.0,46.9,16.84,Appartement,"1 pièce - 46,9 m², RDC/2",,,59000,Lille,,,https://www.seloger.com/annonces/locations/appartement/lille-59/bois-blanc/268456053.htm,,2026-08-12
634,SeLoger,749.0,48.8,15.35,Appartement,"2 pièce - 1 chambre - s, , 48,8 m², étage",,,59000,Lille,,,https://www.seloger.com/annonces/locations/appartement/lille-59/lille-sud/273463111.htm,,2026-08-12
635,SeLoger,1065.0,39.0,27.31,Appartement,"2 pièce - 1 chambre - s, , 39 m²",,,59000,Lille,,,https://www.seloger.com/annonces/locations/appartement/lille-59/hellemmes-epine-mont-de-terre/274086465.htm,,2026-08-12
636,SeLoger,700.0,20.7,33.82,Appartement,"1 pièce - 20,7 m², Étage 2/3",,,59000,Lille,,,https://www.seloger.com/annonces/locations/appartement/lille-59/centre/265387269.htm,,2026-08-12
637,SeLoger,750.0,46.0,16.3,Colocation,"2 pièce - 1 chambre - Colocation s, , 46 m², Étage - 1/8",,,59000,Lille,,,https://www.seloger.com/annonces/locations/appartement/lille-59/lille-sud/26S43R5SGAYK.htm,,2026-08-12
638,SeLoger,650.0,33.0,19.7,Appartement,"1 pièce - 33 m², dès le 31/10/2026",,,59000,Lille,,,https://www.seloger.com/annonces/locations/appartement/lille-59/273834773.htm,,2026-08-12
639,SeLoger,920.0,65.0,14.15,Appartement,"2 pièce - 1 chambre - s, , 65 m², Étage 2/2",,,59000,Lille,,,https://www.seloger.com/annonces/locations/appartement/lille-59/wazemmes/26E58EEIS3VN.htm,,2026-08-12
640,SeLoger,500.0,30.0,16.67,Appartement,"2 pièce - 1 chambre - s, , 30 m², étage",,,59000,Lille,,,https://www.seloger.com/annonce/location/hauts-de-france/nord-59/lille-59000/26M4W43YTE73,,2026-08-12
641,SeLoger,650.0,30.0,21.67,Appartement,"1 pièce - 30 m², étage",,,59000,Lille,,,https://www.seloger.com/annonce/location/hauts-de-france/nord-59/lille-59000/26HPX4ETK8EY,,2026-08-12
642,SeLoger,545.0,29.0,18.79,Appartement,"2 pièce - 1 chambre - s, , 29 m², dès le 22/08/2026",,,59000,Lille,,,https://www.seloger.com/annonce/location/hauts-de-france/nord-59/lille-59000/26FVEKR7QIKE,,2026-08-12
643,SeLoger,631.0,23.0,27.43,Appartement,"1 pièce - 1 chambre - 23 m², étage",,,59000,Lille,,,https://www.seloger.com/annonce/location/hauts-de-france/nord-59/lille-59000/269P6QP11VKX,,2026-08-12
644,SeLoger,630.0,20.8,30.29,Colocation,"2 pièce - 1 chambre - Colocation s, , 20,8 m², RDC",,,59000,Lille,,,https://www.seloger.com/annonces/locations/appartement/lille-59/269701673.htm,,2026-08-12
645,SeLoger,1995.0,104.7,19.05,Maison,"5 pièce - 3 chambre - Maison s, s, 104,7 m²",,,59000,Lille,,,https://www.seloger.com/annonces/locations/maison/lille-59/vieux-lille/269948131.htm,,2026-08-12
646,SeLoger,500.0,23.0,21.74,Colocation,"1 pièce - 3 chambre - Colocation - , s, 23 m², RDC",,,59000,Lille,,,https://www.seloger.com/annonce/location/hauts-de-france/nord-59/lille-59000/2647YJ35G9DN,,2026-08-12
647,SeLoger,665.0,16.5,40.3,Colocation,"1 pièce - 11 chambre - Colocation , s, 16,5 m², RDC",,,59000,Lille,,,https://www.seloger.com/annonces/locations/appartement/lille-59/centre/273184859.htm,,2026-08-12
648,SeLoger,1283.0,72.7,17.65,Appartement,"3 pièce - 2 chambre - s, s, 72,7 m², RDC",,,59000,Lille,,,https://www.seloger.com/annonces/locations/appartement/lille-59/centre/268349211.htm,,2026-08-12
649,SeLoger,728.0,40.9,17.8,Appartement,"2 pièce - 1 chambre - s, , 40,9 m², Étage 3/3",,,59000,Lille,,,https://www.seloger.com/annonces/locations/appartement/lille-59/wazemmes/273858321.htm,,2026-08-12
650,SeLoger,750.0,37.0,20.27,Appartement,"2 pièce - 1 chambre - s, , 37 m², RDC/3",,,59000,Lille,,,https://www.seloger.com/annonces/locations/appartement/lille-59/wazemmes/26932I2LC7UW.htm,,2026-08-12
651,SeLoger,715.0,15.0,47.67,Colocation,"1 pièce - Colocation , 15 m², dès le 02/12/2026",,,59000,Lille,,,https://www.seloger.com/wl-cdp/26NBDJTIKR5U,,2026-08-12
652,SeLoger,493.0,13.0,37.92,Colocation,"1 pièce - Colocation , 13 m²",,,59000,Lille,,,https://www.seloger.com/annonce/location/hauts-de-france/nord-59/lille-59000/262ECL4NZRA2,,2026-08-12
653,SeLoger,1004.0,67.0,14.99,Appartement,"3 pièce - 2 chambre - Duplex - s, s, 67 m², RDC",,,59000,Lille,,,https://www.seloger.com/annonces/locations/appartement/lille-59/255547663.htm,,2026-08-12
654,SeLoger,530.0,13.0,40.77,Appartement,"1 pièce - 13 m², Étage 3/3",,,59000,Lille,,,https://www.seloger.com/annonce/location/hauts-de-france/nord-59/lille-59000/26VF7NFK5M7D,,2026-08-12
655,SeLoger,900.0,35.0,25.71,Appartement,"1 pièce - 35 m², Étage 2/2",,,59000,Lille,,,https://www.seloger.com/annonces/locations/appartement/lille-59/centre/275049121.htm,,2026-08-12
656,SeLoger,720.0,46.4,15.52,Appartement,"2 pièce - s, 46,4 m², RDC/1, dès le 17/08/2026",,,59000,Lille,,,https://www.seloger.com/annonce/location/hauts-de-france/nord-59/lille-59000/26C5T9EVS6PE,,2026-08-12
657,SeLoger,849.0,50.1,16.95,Appartement,"2 pièce - 1 chambre - s, , 50,1 m², Étage 2/6",,,59000,Lille,,,https://www.seloger.com/annonce/location/hauts-de-france/nord-59/lille-59000/268KV3FTFVFN,,2026-08-12
658,SeLoger,850.0,49.6,17.14,Appartement,"2 pièce - 1 chambre - s, , 49,6 m², étage",,,59000,Lille,,,https://www.seloger.com/annonces/locations/appartement/lille-59/wazemmes/274666773.htm,,2026-08-12
659,SeLoger,1035.0,77.0,13.44,Appartement,"3 pièce - 2 chambre - s, s, 77 m², Étage 11/12",,,59000,Lille,,,https://www.seloger.com/annonces/locations/appartement/lille-59/vauban-esquermes/269554215.htm,,2026-08-12
660,SeLoger,660.0,26.0,25.38,Studio,"1 pièce - Studio , 26 m²",,,59000,Lille,,,https://www.seloger.com/annonces/locations/appartement/lille-59/vauban-esquermes/273903393.htm,,2026-08-12
661,SeLoger,389.0,16.5,23.58,Appartement,"1 pièce - 16,5 m², RDC/1, dès le 27/08/2026",,,59000,Lille,,,https://www.seloger.com/annonce/location/hauts-de-france/nord-59/lille-59000/24WYWE5PDPW7,,2026-08-12
662,SeLoger,846.0,59.1,14.31,Appartement,"2 pièce - 1 chambre - s, , 59,1 m², Étage 4/4",,,59000,Lille,,,https://www.seloger.com/annonces/locations/appartement/lille-59/271419099.htm,,2026-08-12
663,SeLoger,630.0,18.1,34.81,Appartement,"1 pièce - 18,1 m², RDC/3",,,59000,Lille,,,https://www.seloger.com/annonces/locations/appartement/lille-59/centre/274020907.htm,,2026-08-12
664,SeLoger,781.0,37.3,20.94,Appartement,"2 pièce - 1 chambre - s, , 37,3 m², étage",,,59000,Lille,,,https://www.seloger.com/annonces/locations/appartement/lille-59/mont-a-camp-marais/272906933.htm,,2026-08-12
665,SeLoger,550.0,18.0,30.56,Appartement,"1 pièce - 18 m², Étage 4/4, disponible dès maintenant",,,59000,Lille,,,https://www.seloger.com/annonces/locations/appartement/lille-59/vauban-esquermes/26N1TXNFSBGA.htm,,2026-08-12
666,SeLoger,1500.0,68.0,22.06,Colocation,"3 pièce - 2 chambre - Colocation s, s, 68 m², Étage 2/5",,,59000,Lille,,,https://www.seloger.com/annonces/locations/appartement/lille-59/vieux-lille/26PDC1WUQ8VA.htm,,2026-08-12
667,SeLoger,602.0,33.0,18.24,Appartement,"1 pièce - 33 m², RDC, dès le 28/08/2026",,,59000,Lille,,,https://www.seloger.com/annonce/location/hauts-de-france/nord-59/lille-59000/26PA2DLZLXAE,,2026-08-12
668,SeLoger,470.0,19.3,24.35,Appartement,"1 pièce - 1 chambre - Duplex , , 19,3 m², dès le 16/08/2026",,,59000,Lille,,,https://www.seloger.com/annonces/locations/appartement/lille-59/275237507.htm,,2026-08-12
669,SeLoger,1179.0,100.4,11.74,Appartement,"3 pièce - 2 chambre - s, s, 100,4 m², RDC",,,59000,Lille,,,https://www.seloger.com/annonces/locations/appartement/lille-59/vauban-esquermes/274029365.htm,,2026-08-12
670,SeLoger,850.0,32.0,26.56,Appartement,"1 pièce - 32 m², 2 étages",,,59000,Lille,,,https://www.seloger.com/annonce/location/hauts-de-france/nord-59/lille-59000/26SXWWSYY14P,,2026-08-12
671,SeLoger,1060.0,54.0,19.63,Colocation,"3 pièce - 2 chambre - Colocation s, s, 54 m², Étage 1/3",,,59000,Lille,,,https://www.seloger.com/annonce/location/hauts-de-france/nord-59/lille-59000/26ZPAK5R6AA5,,2026-08-12
672,SeLoger,1300.0,88.0,14.77,Appartement,"3 pièce - 2 chambre - s, s, 88 m², Étage 2/5",,,59000,Lille,,,https://www.seloger.com/annonces/locations/appartement/lille-59/vauban-esquermes/259512491.htm,,2026-08-12
673,SeLoger,3420.0,138.0,24.78,Maison,"7 pièce - 6 chambre - Maison s, s, 138 m², disponible dès maintenant",,,59000,Lille,,,https://www.seloger.com/annonce/location/hauts-de-france/nord-59/lille-59000/26P3Y1G7R9JA,,2026-08-12
674,SeLoger,490.0,23.0,21.3,Appartement,"1 pièce - 23 m², étage",,,59000,Lille,,,https://www.seloger.com/annonce/location/hauts-de-france/nord-59/lille-59000/26E94LQ2KH84,,2026-08-12
675,SeLoger,1600.0,130.9,12.22,Appartement,"4 pièce - 3 chambre - s, s, 130,9 m², Étage 3/4",,,59000,Lille,,,https://www.seloger.com/annonce/location/hauts-de-france/nord-59/lille-59000/267BIV79UJXI,,2026-08-12
676,SeLoger,691.0,41.4,16.69,Appartement,"2 pièce - 1 chambre - s, , 41,4 m², étage",,,59000,Lille,,,https://www.seloger.com/annonce/location/hauts-de-france/nord-59/lille-59000/26K7KDRRZZIN,,2026-08-12
677,SeLoger,900.0,52.9,17.01,Appartement,"2 pièce - 1 chambre - s, , 52,9 m², Étage 2/2",,,59000,Lille,,,https://www.seloger.com/annonce/location/hauts-de-france/nord-59/lille-59000/26LEKGJ2U4P1,,2026-08-12
678,SeLoger,600.0,12.0,50.0,Colocation,"1 pièce - 2 chambre - Colocation , s, 12 m², RDC",,,59000,Lille,,,https://www.seloger.com/annonce/location/hauts-de-france/nord-59/lille-59000/26UVDZP58H1J,,2026-08-12
679,SeLoger,770.0,34.0,22.65,Appartement,"2 pièce - 1 chambre - s, , 34 m², RDC",,,59000,Lille,,,https://www.seloger.com/annonces/locations/appartement/lille-59/vauban-esquermes/274762535.htm,,2026-08-12
680,SeLoger,1896.0,79.0,24.0,Appartement,"3 pièce - 2 chambre - s, s, 79 m², étage",,,59000,Lille,,,https://www.seloger.com/annonces/locations/appartement/lille-59/271417977.htm,,2026-08-12
681,SeLoger,3300.0,218.7,15.09,Appartement,"5 pièce - 3 chambre - s, s, 218,7 m², Étage 1/3",,,59000,Lille,,,https://www.seloger.com/annonces/locations/appartement/lille-59/vieux-lille/269948115.htm,,2026-08-12
682,SeLoger,1200.0,66.0,18.18,Appartement,"3 pièce - 2 chambre - s, s, 66 m², Étage 4/4",,,59000,Lille,,,https://www.seloger.com/annonces/locations/appartement/lille-59/centre/262271KBP12A.htm,,2026-08-12
683,SeLoger,790.0,40.4,19.55,Appartement,"2 pièce - 1 chambre - s, , 40,4 m²",,,59000,Lille,,,https://www.seloger.com/annonces/locations/appartement/lille-59/centre/272294953.htm,,2026-08-12
684,SeLoger,3036.0,184.9,16.42,Appartement,"4 pièce - 3 chambre - s, s, 184,9 m², Étage 5/5",,,59000,Lille,,,https://www.seloger.com/annonces/locations/appartement/lille-59/265928253.htm,,2026-08-12
685,SeLoger,1000.0,62.5,16.0,Colocation,"4 pièce - 3 chambre - Colocation s, s, 62,5 m², Étage 2/2",,,59000,Lille,,,https://www.seloger.com/annonces/locations/appartement/lille-59/270836511.htm,,2026-08-12
686,SeLoger,929.0,48.0,19.35,Appartement,"2 pièce - 1 chambre - s, , 48 m², Étage 2/4",,,59000,Lille,,,https://www.seloger.com/annonces/locations/appartement/lille-59/centre/265061193.htm,,2026-08-12
687,SeLoger,950.0,83.0,11.45,Maison,"3 pièce - 2 chambre - Maison s, s, 83 m²",,,59000,Lille,,,https://www.seloger.com/annonce/location/hauts-de-france/nord-59/lille-59000/26SEKFBPJIB1,,2026-08-12
688,SeLoger,400.0,12.0,33.33,Colocation,"Colocation 12 m², dès le 15/08/2026",,,59000,Lille,,,https://www.seloger.com/annonce/location/hauts-de-france/nord-59/lille-59000/26KYZ5P6MZDS,,2026-08-12
689,SeLoger,660.0,38.5,17.14,Appartement,"1 pièce - 38,5 m², étage",,,59000,Lille,,,https://www.seloger.com/annonce/location/hauts-de-france/nord-59/lille-59000/26JWCP5H2PUJ,,2026-08-12
690,SeLoger,900.0,44.0,20.45,Appartement,"2 pièce - 1 chambre - s, , 44 m², - sous - sol",,,59000,Lille,,,https://www.seloger.com/annonce/location/hauts-de-france/nord-59/lille-59000/266AHPMYK5TR,,2026-08-12
691,SeLoger,1075.0,85.9,12.51,Appartement,"3 pièce - 2 chambre - s, s, 85,9 m², étage",,,59000,Lille,,,https://www.seloger.com/annonces/locations/appartement/lille-59/vieux-lille/275152273.htm,,2026-08-12
692,SeLoger,901.0,48.3,18.65,Appartement,"2 pièce - 1 chambre - s, , 48,3 m², RDC",,,59000,Lille,,,https://www.seloger.com/annonces/locations/appartement/lille-59/centre/264020157.htm,,2026-08-12
693,SeLoger,785.0,41.2,19.05,Appartement,"2 pièce - 1 chambre - s, , 41,2 m², RDC",,,59000,Lille,,,https://www.seloger.com/annonces/locations/appartement/lille-59/vauban-esquermes/265932035.htm,,2026-08-12
694,SeLoger,621.0,30.3,20.5,Appartement,"1 pièce - 30,3 m², Étage 4/4",,,59000,Lille,,,https://www.seloger.com/annonces/locations/appartement/lille-59/wazemmes/258597835.htm,,2026-08-12
695,SeLoger,550.0,30.0,18.33,Appartement,"2 pièce - 1 chambre - s, , 30 m², RDC",,,59000,Lille,,,https://www.seloger.com/annonce/location/hauts-de-france/nord-59/lille-59000/26QWJX18QWWY,,2026-08-12
696,SeLoger,1032.0,74.8,13.8,Appartement,"3 pièce - 2 chambre - s, s, 74,8 m², RDC/1",,,59000,Lille,,,https://www.seloger.com/annonce/location/hauts-de-france/nord-59/lille-59000/269EDPQWUQ58,,2026-08-12
697,SeLoger,522.0,16.0,32.62,Appartement,"1 pièce - 16 m², Étage 2/2",,,59000,Lille,,,https://www.seloger.com/annonce/location/hauts-de-france/nord-59/lille-59000/26LU6TDW3MGH,,2026-08-12
698,SeLoger,494.0,12.7,38.9,Appartement,"1 pièce - 12,7 m², 1 étages",,,59000,Lille,,,https://www.seloger.com/annonces/locations/appartement/lille-59/caulier/265504723.htm,,2026-08-12
699,SeLoger,580.0,13.0,44.62,Colocation,"1 pièce - Colocation , 13 m², étage",,,59000,Lille,,,https://www.seloger.com/annonces/locations/appartement/lille-59/254911167.htm,,2026-08-12
700,SeLoger,650.0,30.0,21.67,Colocation,"1 pièce - Colocation , 30 m², Étage 1/4, disponible dès maintenant",,,59000,Lille,,,https://www.seloger.com/annonces/locations/appartement/lille-59/wazemmes/267MUEP68C5M.htm,,2026-08-12
701,SeLoger,540.0,21.0,25.71,Colocation,"1 pièce - 4 chambre - Colocation , s, 21 m², étage",,,59000,Lille,,,https://www.seloger.com/annonce/location/hauts-de-france/nord-59/lille-59000/26Z9IDWK3A8I,,2026-08-12
702,SeLoger,1200.0,65.6,18.29,Appartement,"3 pièce - 2 chambre - s, s, 65,6 m², Étage 2/2",,,59000,Lille,,,https://www.seloger.com/wl-cdp/26CDZVAZ1GKW,,2026-08-12
703,SeLoger,2001.0,100.0,20.01,Maison,"4 pièce - 2 chambre - Maison s, s, 100 m², dès le 08/09/2026",,,59000,Lille,,,https://www.seloger.com/annonces/locations/maison/lille-59/vieux-lille/26UK321DLU2M.htm,,2026-08-12
704,SeLoger,472.0,12.0,39.33,Colocation,"1 pièce - 3 chambre - Colocation , s, 12 m², RDC",,,59000,Lille,,,https://www.seloger.com/annonces/locations/appartement/lille-59/275282975.htm,,2026-08-12
705,SeLoger,695.0,30.0,23.17,Appartement,"1 pièce - 30 m², RDC, disponible dès maintenant",,,59000,Lille,,,https://www.seloger.com/annonce/location/hauts-de-france/nord-59/lille-59000/26Z9LE6C52SM,,2026-08-12
706,SeLoger,1784.0,144.0,12.39,Appartement,"5 pièce - 4 chambre - Duplex s, s, 144 m², étage",,,59000,Lille,,,https://www.seloger.com/annonces/locations/appartement/lille-59/centre/274666729.htm,,2026-08-12
707,SeLoger,670.0,14.0,47.86,Colocation,"1 pièce - 1 chambre - Colocation , , 14 m², étage",,,59000,Lille,,,https://www.seloger.com/annonce/location/hauts-de-france/nord-59/lille-59000/26T9H696BQ9H,,2026-08-12
708,SeLoger,460.0,14.0,32.86,Appartement,"1 pièce - 14 m², étage, disponible dès maintenant",,,59000,Lille,,,https://www.seloger.com/annonce/location/hauts-de-france/nord-59/lille-59000/26AAZXE1W4VF,,2026-08-12
709,SeLoger,495.0,14.7,33.67,Appartement,"1 pièce - 14,7 m², Étage 1/2",,,59000,Lille,,,https://www.seloger.com/annonce/location/hauts-de-france/nord-59/lille-59000/269JXDBD8NAC,,2026-08-12
710,SeLoger,613.0,18.0,34.06,Studio,"1 pièce - Studio , 18 m²",,,59000,Lille,,,https://www.seloger.com/annonce/location/hauts-de-france/nord-59/lille-59000/26UTB2BVDR8X,,2026-08-12
711,SeLoger,773.0,42.4,18.23,Appartement,"3 pièce - 2 chambre - s, s, 42,4 m², Étage 1/3",,,59000,Lille,,,https://www.seloger.com/annonces/locations/appartement/lille-59/vauban-esquermes/270287057.htm,,2026-08-12
712,SeLoger,442.0,19.0,23.26,Appartement,"1 pièce - 19 m², étage",,,59000,Lille,,,https://www.seloger.com/annonces/locations/appartement/lille-59/wazemmes/274670547.htm,,2026-08-12
713,SeLoger,490.0,54.0,9.07,Colocation,"4 pièce - 3 chambre - Colocation s, s, 54 m², Étage 2/2",,,59000,Lille,,,https://www.seloger.com/annonces/locations/appartement/lille-59/faubourg-de-bethune-concorde/26WGZITI6PCL.htm,,2026-08-12
714,SeLoger,735.0,52.2,14.08,Appartement,"2 pièce - 1 chambre - s, , 52,2 m², étage",,,59000,Lille,,,https://www.seloger.com/annonce/location/hauts-de-france/nord-59/lille-59000/2699M4REPKFX,,2026-08-12
715,SeLoger,450.0,20.0,22.5,Maison,"1 pièce - 1 chambre - Maison , , 20 m²",,,59000,Lille,,,https://www.seloger.com/annonce/location/hauts-de-france/nord-59/lille-59000/26LMHE3HGLAV,,2026-08-12
716,SeLoger,870.0,47.0,18.51,Appartement,"2 pièce - s, 47 m², étage",,,59000,Lille,,,https://www.seloger.com/annonces/locations/appartement/lille-59/caulier/276408645.htm,,2026-08-12
717,SeLoger,925.0,69.6,13.29,Appartement,"3 pièce - 2 chambre - s, s, 69,6 m², étage",,,59000,Lille,,,https://www.seloger.com/annonce/location/hauts-de-france/nord-59/lille-59000/26P3ARKA8G4Y,,2026-08-12
718,SeLoger,395.0,17.6,22.44,Appartement,"1 pièce - 17,6 m², Étage 1/3, dès le 24/08/2026",,,59000,Lille,,,https://www.seloger.com/annonce/location/hauts-de-france/nord-59/lille-59000/26896T3FGP3K,,2026-08-12
719,SeLoger,1290.0,99.2,13.0,Appartement,"4 pièce - 3 chambre - s, s, 99,2 m², étage",,,59000,Lille,,,https://www.seloger.com/annonces/locations/appartement/lille-59/273899965.htm,,2026-08-12
720,SeLoger,687.0,31.5,21.81,Appartement,"1 pièce - 31,5 m², Étage 2/6",,,59000,Lille,,,https://www.seloger.com/annonces/locations/appartement/lille-59/centre/267803493.htm,,2026-08-12
721,SeLoger,560.0,13.0,43.08,Appartement,"1 pièce - 13 m², Étage 2/2",,,59000,Lille,,,https://www.seloger.com/annonces/locations/appartement/lille-59/fives/274585733.htm,,2026-08-12
722,SeLoger,1600.0,130.0,12.31,Colocation,"5 pièce - 4 chambre - Colocation s, s, 130 m², étage",,,59000,Lille,,,https://www.seloger.com/annonce/location/hauts-de-france/nord-59/lille-59000/26WB8W6L2PBX,,2026-08-12
723,SeLoger,1900.0,45.0,42.22,Appartement,"2 pièce - s, 45 m², étage, disponible dès maintenant",,,59000,Lille,,,https://www.seloger.com/annonce/location/hauts-de-france/nord-59/lille-59000/26CDFYV2J1BN,,2026-08-12
724,SeLoger,998.0,39.0,25.59,Appartement,"2 pièce - 1 chambre - s, , 39 m²",,,59000,Lille,,,https://www.seloger.com/annonce/location/hauts-de-france/nord-59/lille-59000/266I43SS4VI2,,2026-08-12
725,SeLoger,770.0,41.1,18.73,Appartement,"2 pièce - 1 chambre - s, , 41,1 m², Étage 1/1",,,59000,Lille,,,https://www.seloger.com/annonce/location/hauts-de-france/nord-59/lille-59000/26ATWM192GMJ,,2026-08-12
726,SeLoger,1840.0,82.0,22.44,Appartement,"4 pièce - 2 chambre - Duplex s, s, 82 m², Étage 2/2",,,59000,Lille,,,https://www.seloger.com/annonces/locations/appartement/lille-59/271432071.htm,,2026-08-12
727,SeLoger,437.0,27.6,15.83,Colocation,"1 pièce - Colocation , 27,6 m², RDC",,,59000,Lille,,,https://www.seloger.com/annonces/locations/appartement/lille-59/hellemmes-epine-mont-de-terre/274442311.htm,,2026-08-12
728,SeLoger,430.0,18.9,22.75,Appartement,"1 pièce - 18,9 m², Étage 1/2",,,59000,Lille,,,https://www.seloger.com/annonces/locations/appartement/lille-59/saint-maurice-pellevoisin/268823873.htm,,2026-08-12
729,SeLoger,730.0,46.0,15.87,Appartement,"2 pièce - 1 chambre - Duplex s, , 46 m², Étage 3/4",,,59000,Lille,,,https://www.seloger.com/annonces/locations/appartement/lille-59/centre/264688941.htm,,2026-08-12
730,SeLoger,440.0,15.0,29.33,Colocation,"1 pièce - Colocation , 15 m², étage, dès le 20/08/2026",,,59000,Lille,,,https://www.seloger.com/annonce/location/hauts-de-france/nord-59/lille-59000/26CEVQPC2L6G,,2026-08-12
731,SeLoger,708.0,24.8,28.55,Appartement,"1 pièce - 24,8 m², RDC/3",,,59000,Lille,,,https://www.seloger.com/annonces/locations/appartement/lille-59/centre/276092119.htm,,2026-08-12
732,SeLoger,448.0,18.2,24.62,Appartement,"1 pièce - 18,2 m², RDC",,,59000,Lille,,,https://www.seloger.com/annonce/location/hauts-de-france/nord-59/lille-59000/26SN3HIAJ3MF,,2026-08-12
733,SeLoger,780.0,54.6,14.29,Appartement,"2 pièce - 1 chambre - s, , 54,6 m², Étage 3/3",,,59000,Lille,,,https://www.seloger.com/annonces/locations/appartement/lille-59/moulins/273821565.htm,,2026-08-12
734,SeLoger,950.0,48.0,19.79,Appartement,"3 pièce - 2 chambre - s, s, 48 m², RDC",,,59000,Lille,,,https://www.seloger.com/annonce/location/hauts-de-france/nord-59/lille-59000/26HHQ11UKXCB,,2026-08-12
735,SeLoger,490.0,26.3,18.63,Appartement,"1 pièce - 26,3 m², RDC/3",,,59000,Lille,,,https://www.seloger.com/annonces/locations/appartement/lille-59/centre/266650397.htm,,2026-08-12
736,SeLoger,453.0,28.5,15.89,Appartement,"2 pièce - 1 chambre - s, , 28,5 m², étage",,,59000,Lille,,,https://www.seloger.com/annonces/locations/appartement/lille-59/caulier/265322753.htm,,2026-08-12
737,SeLoger,655.0,35.4,18.5,Appartement,"2 pièce - 1 chambre - Duplex s, , 35,4 m², RDC",,,59000,Lille,,,https://www.seloger.com/annonces/locations/appartement/lille-59/vieux-lille/265264467.htm,,2026-08-12
738,SeLoger,485.0,15.0,32.33,Colocation,"1 pièce - Colocation , 15 m², dès le 20/08/2026",,,59000,Lille,,,https://www.seloger.com/annonce/location/hauts-de-france/nord-59/lille-59000/26K1ARN52NCG,,2026-08-12
739,SeLoger,1300.0,85.0,15.29,Colocation,"5 pièce - 4 chambre - Colocation s, s, 85 m², étage",,,59000,Lille,,,https://www.seloger.com/annonces/locations/appartement/lille-59/centre/270792377.htm,,2026-08-12
740,SeLoger,1000.0,73.5,13.61,Appartement,"3 pièce - 2 chambre - s, s, 73,5 m², Étage 3/4",,,59000,Lille,,,https://www.seloger.com/annonces/locations/appartement/lille-59/wazemmes/275307577.htm,,2026-08-12
741,SeLoger,550.0,17.0,32.35,Colocation,"1 pièce - Colocation , 17 m², Étage 1/2",,,59000,Lille,,,https://www.seloger.com/annonces/locations/appartement/lille-59/wazemmes/274763159.htm,,2026-08-12
742,SeLoger,980.0,58.0,16.9,Appartement,"3 pièce - 2 chambre - s, s, 58 m², étage",,,59000,Lille,,,https://www.seloger.com/annonces/locations/appartement/lille-59/270835359.htm,,2026-08-12
743,SeLoger,1378.0,113.0,12.19,Appartement,"4 pièce - 3 chambre - s, s, 113 m²",,,59000,Lille,,,https://www.seloger.com/annonce/location/hauts-de-france/nord-59/lille-59000/26K1UPGJEJKJ,,2026-08-12
744,SeLoger,1172.0,92.0,12.74,Appartement,"4 pièce - 3 chambre - s, s, 92 m², Étage 10/12",,,59000,Lille,,,https://www.seloger.com/annonces/locations/appartement/lille-59/271772201.htm,,2026-08-12
745,SeLoger,926.0,61.7,15.01,Appartement,"3 pièce - 2 chambre - s, s, 61,7 m², RDC/2",,,59000,Lille,,,https://www.seloger.com/annonce/location/hauts-de-france/nord-59/lille-59000/26HBVNNFCUYJ,,2026-08-12
746,SeLoger,469.0,22.1,21.22,Appartement,"1 pièce - 22,1 m², RDC",,,59000,Lille,,,https://www.seloger.com/annonces/locations/appartement/lille-59/centre/273920643.htm,,2026-08-12
747,SeLoger,910.0,66.0,13.79,Maison,"2 pièce - 2 chambre - Maison s, s, 66 m², 40 m² de terrain",,,59000,Lille,,,https://www.seloger.com/annonces/locations/maison/lille-59/246954145.htm,,2026-08-12
748,SeLoger,574.0,30.2,19.01,Appartement,"1 pièce - 30,2 m², dès le 14/08/2026",,,59000,Lille,,,https://www.seloger.com/annonces/locations/appartement/lille-59/276164063.htm,,2026-08-12
749,SeLoger,620.0,30.0,20.67,Studio,"1 pièce - Studio , 30 m²",,,59000,Lille,,,https://www.seloger.com/annonces/locations/appartement/lille-59/275575853.htm,,2026-08-12
750,SeLoger,699.0,36.0,19.42,Appartement,"2 pièce - 1 chambre - Duplex s, , 36 m², Étage 2/2",,,59000,Lille,,,https://www.seloger.com/annonces/locations/appartement/lille-59/273394121.htm,,2026-08-12
751,SeLoger,910.0,46.2,19.7,Appartement,"3 pièce - 2 chambre - s, s, 46,2 m², RDC",,,59000,Lille,,,https://www.seloger.com/annonce/location/hauts-de-france/nord-59/lille-59000/26HNPEUTHDE6,,2026-08-12
752,SeLoger,995.0,58.7,16.95,Appartement,"3 pièce - 2 chambre - s, s, 58,7 m², Étage 1/4",,,59000,Lille,,,https://www.seloger.com/annonce/location/hauts-de-france/nord-59/lille-59000/265KCEKVUALS,,2026-08-12
753,SeLoger,824.0,50.0,16.48,Appartement,"2 pièce - s, 50 m², Étage 6/7",,,59000,Lille,,,https://www.seloger.com/annonces/locations/appartement/lille-59/centre/273900325.htm,,2026-08-12
754,SeLoger,430.0,13.9,30.94,Appartement,"1 pièce - 13,9 m², étage",,,59000,Lille,,,https://www.seloger.com/annonces/locations/appartement/lille-59/wazemmes/271793041.htm,,2026-08-12
755,SeLoger,1515.0,96.6,15.68,Appartement,"5 pièce - 4 chambre - s, s, 96,6 m², RDC",,,59000,Lille,,,https://www.seloger.com/annonces/locations/appartement/lille-59/moulins/272188571.htm,,2026-08-12
756,SeLoger,440.0,12.5,35.2,Colocation,"1 pièce - Colocation , 12,5 m², RDC",,,59000,Lille,,,https://www.seloger.com/annonces/locations/appartement/lille-59/moulins/273858281.htm,,2026-08-12
757,SeLoger,1105.0,84.0,13.15,Maison,"3 pièce - 2 chambre - Maison s, s, 84 m², disponible dès maintenant",,,59000,Lille,,,https://www.seloger.com/annonces/locations/maison/lille-59/bois-blanc/26URYWJ7PHIH.htm,,2026-08-12
758,SeLoger,1100.0,68.1,16.15,Appartement,"3 pièce - 2 chambre - s, s, 68,1 m², étage",,,59000,Lille,,,https://www.seloger.com/annonces/locations/appartement/lille-59/centre/256303409.htm,,2026-08-12
759,SeLoger,849.0,37.0,22.95,Appartement,"2 pièce - 1 chambre - s, , 37 m²",,,59000,Lille,,,https://www.seloger.com/annonces/locations/appartement/lille-59/moulins/26V9Y1KW6XW9.htm,,2026-08-12
760,SeLoger,700.0,32.4,21.6,Appartement,"2 pièce - 1 chambre - s, , 32,4 m², Étage 2/3",,,59000,Lille,,,https://www.seloger.com/annonces/locations/appartement/lille-59/wazemmes/275779563.htm,,2026-08-12
761,SeLoger,1080.0,50.0,21.6,Colocation,"3 pièce - 2 chambre - Colocation s, s, 50 m², Étage 2/4",,,59000,Lille,,,https://www.seloger.com/annonces/locations/appartement/lille-59/vieux-lille/268GY99UE3JD.htm,,2026-08-12
762,SeLoger,1160.0,50.0,23.2,Colocation,"3 pièce - 2 chambre - Colocation s, s, 50 m², Étage 1/4",,,59000,Lille,,,https://www.seloger.com/annonce/location/hauts-de-france/nord-59/lille-59000/261WT6HFEBJ5,,2026-08-12
763,SeLoger,580.0,27.4,21.17,Appartement,"1 pièce - 27,4 m², Étage 2/3",,,59000,Lille,,,https://www.seloger.com/annonces/locations/appartement/lille-59/wazemmes/267651285.htm,,2026-08-12
764,SeLoger,1945.0,95.0,20.47,Appartement,"4 pièce - 3 chambre - s, s, 95 m², Étage 4/4",,,59000,Lille,,,https://www.seloger.com/annonce/location/hauts-de-france/nord-59/lille-59000/265ZP5IA9L4V,,2026-08-12
765,SeLoger,725.0,27.2,26.65,Appartement,"1 pièce - 27,2 m², RDC/3",,,59000,Lille,,,https://www.seloger.com/annonce/location/hauts-de-france/nord-59/lille-59000/26JAR6DX24DK,,2026-08-12
766,SeLoger,750.0,58.3,12.86,Appartement,"2 pièce - 1 chambre - s, , 58,3 m², RDC",,,59000,Lille,,,https://www.seloger.com/annonces/locations/appartement/lille-59/moulins/271181163.htm,,2026-08-12
767,SeLoger,435.0,27.9,15.59,Colocation,"1 pièce - Colocation , 27,9 m², RDC",,,59000,Lille,,,https://www.seloger.com/annonces/locations/appartement/lille-59/hellemmes-epine-mont-de-terre/263865819.htm,,2026-08-12
768,SeLoger,430.0,21.8,19.72,Appartement,"1 pièce - 21,8 m², Étage 4/5",,,59000,Lille,,,https://www.seloger.com/annonces/locations/appartement/lille-59/centre/260930733.htm,,2026-08-12
769,SeLoger,655.0,26.8,24.44,Appartement,"1 pièce - 26,8 m², étage",,,59000,Lille,,,https://www.seloger.com/annonces/locations/appartement/lille-59/centre/267153535.htm,,2026-08-12
770,SeLoger,800.0,33.0,24.24,Appartement,"1 pièce - 33 m², Étage 6/10, dès le 01/09/2026",,,59000,Lille,,,https://www.seloger.com/annonces/locations/appartement/lille-59/saint-maurice-pellevoisin/26UDK94P74HR.htm,,2026-08-12
771,SeLoger,622.0,42.4,14.67,Appartement,"2 pièce - 1 chambre - s, , 42,4 m², Étage 3/5",,,59000,Lille,,,https://www.seloger.com/annonces/locations/appartement/lille-59/276188301.htm,,2026-08-12
772,SeLoger,620.0,32.0,19.38,Studio,"1 pièce - Studio , 32 m²",,,59000,Lille,,,https://www.seloger.com/wl-cdp/26NDCMPUEL5I,,2026-08-12
773,SeLoger,612.0,25.0,24.48,Appartement,"1 pièce - 25 m², étage",,,59000,Lille,,,https://www.seloger.com/annonces/locations/appartement/lille-59/vauban-esquermes/262720745.htm,,2026-08-12
774,SeLoger,490.0,25.9,18.92,Appartement,"1 pièce - 25,9 m², RDC/2",,,59000,Lille,,,https://www.seloger.com/annonces/locations/appartement/lille-59/centre/265932029.htm,,2026-08-12
775,SeLoger,569.0,18.9,30.11,Appartement,"1 pièce - 18,9 m², étage",,,59000,Lille,,,https://www.seloger.com/annonces/locations/appartement/lille-59/vauban-esquermes/265932033.htm,,2026-08-12
776,SeLoger,631.0,23.9,26.4,Appartement,"1 pièce - 23,9 m², étage",,,59000,Lille,,,https://www.seloger.com/annonces/locations/appartement/lille-59/centre/260035663.htm,,2026-08-12
777,SeLoger,528.0,21.0,25.14,Studio,"1 pièce - Studio , 21 m², RDC/2",,,59000,Lille,,,https://www.seloger.com/annonces/locations/appartement/lille-59/wazemmes/273394133.htm,,2026-08-12
778,SeLoger,629.0,28.7,21.92,Appartement,"2 pièce - 1 chambre - s, , 28,7 m², étage",,,59000,Lille,,,https://www.seloger.com/annonces/locations/appartement/lille-59/wazemmes/269481045.htm,,2026-08-12
779,SeLoger,495.0,10.0,49.5,Colocation,"1 pièce - 2 chambre - Colocation , s, 10 m², étage",,,59000,Lille,,,https://www.seloger.com/annonces/locations/appartement/lille-59/lille-sud/259346383.htm,,2026-08-12
780,SeLoger,550.0,12.0,45.83,Studio,"1 pièce - Studio , 12 m²",,,59000,Lille,,,https://www.seloger.com/annonce/location/hauts-de-france/nord-59/lille-59000/2694UHMSBGK7,,2026-08-12
781,SeLoger,1650.0,110.0,15.0,Colocation,"4 pièce - 3 chambre - Colocation s, s, 110 m², Étage 3/3",,,59000,Lille,,,https://www.seloger.com/annonce/location/hauts-de-france/nord-59/lille-59000/26CC5WDG281C,,2026-08-12
782,SeLoger,500.0,11.0,45.45,Colocation,"1 pièce - 2 chambre - Colocation , s, 11 m², dès le 15/08/2026",,,59000,Lille,,,https://www.seloger.com/annonces/locations/appartement/lille-59/wazemmes/270998727.htm,,2026-08-12
783,SeLoger,1370.0,87.4,15.68,Appartement,"5 pièce - 2 chambre - s, s, 87,4 m², Étage 1/4",,,59000,Lille,,,https://www.seloger.com/annonces/locations/appartement/lille-59/252610335.htm,,2026-08-12
784,SeLoger,800.0,42.9,18.65,Appartement,"2 pièce - 1 chambre - s, , 42,9 m², RDC",,,59000,Lille,,,https://www.seloger.com/annonce/location/hauts-de-france/nord-59/lille-59000/26634NHMCTQ6,,2026-08-12
785,SeLoger,460.0,22.0,20.91,Appartement,"1 pièce - 22 m², RDC",,,59000,Lille,,,https://www.seloger.com/annonce/location/hauts-de-france/nord-59/lille-59000/269Q69JI718P,,2026-08-12
786,SeLoger,650.0,14.0,46.43,Colocation,"9 pièce - 1 chambre - Colocation s, , 14 m²",,,59000,Lille,,,https://www.seloger.com/annonces/locations/appartement/lille-59/275673153.htm,,2026-08-12
787,SeLoger,650.0,38.0,17.11,Appartement,"3 pièce - 2 chambre - s, s, 38 m²",,,59000,Lille,,,https://www.seloger.com/annonces/locations/appartement/lille-59/vauban-esquermes/273371125.htm,,2026-08-12
788,SeLoger,610.0,26.0,23.46,Appartement,"2 pièce - 1 chambre - s, , 26 m²",,,59000,Lille,,,https://www.seloger.com/annonces/locations/appartement/lille-59/vauban-esquermes/273364877.htm,,2026-08-12
789,SeLoger,626.0,18.7,33.48,Appartement,"1 pièce - 18,7 m², étage",,,59000,Lille,,,https://www.seloger.com/annonces/locations/appartement/lille-59/vauban-esquermes/272286101.htm,,2026-08-12
790,SeLoger,1120.0,68.0,16.47,Appartement,"2 pièce - 1 chambre - s, , 68 m², Étage 5/7",,,59000,Lille,,,https://www.seloger.com/annonces/locations/appartement/lille-59/centre/269NIUNYZDCQ.htm,,2026-08-12
791,SeLoger,570.0,25.0,22.8,Appartement,1 pièce - 25 m²,,,59000,Lille,,,https://www.seloger.com/annonces/locations/appartement/lille-59/wazemmes/272259811.htm,,2026-08-12
792,SeLoger,700.0,15.7,44.59,Appartement,"1 pièce - 15,7 m², étage",,,59000,Lille,,,https://www.seloger.com/annonces/locations/appartement/lille-59/centre/252116061.htm,,2026-08-12
793,SeLoger,640.0,33.0,19.39,Studio,"1 pièce - Studio , 33 m², étage",,,59000,Lille,,,https://www.seloger.com/annonce/location/hauts-de-france/nord-59/lille-59000/26LB67P6P6XD,,2026-08-12
794,SeLoger,591.0,33.8,17.49,Appartement,"2 pièce - 1 chambre - s, , 33,8 m², Étage 3/3",,,59000,Lille,,,https://www.seloger.com/annonces/locations/appartement/lille-59/centre/262909479.htm,,2026-08-12
795,SeLoger,630.0,12.6,50.0,Appartement,"1 pièce - 12,6 m², Étage 2/2",,,59000,Lille,,,https://www.seloger.com/annonces/locations/appartement/lille-59/centre/266670901.htm,,2026-08-12
796,SeLoger,400.0,10.0,40.0,Appartement,"1 pièce - 10 m², Étage 2/2",,,59000,Lille,,,https://www.seloger.com/annonces/locations/appartement/lille-59/moulins/268436757.htm,,2026-08-12
797,SeLoger,850.0,38.0,22.37,Appartement,"2 pièce - 1 chambre - s, , 38 m²",,,59000,Lille,,,https://www.seloger.com/annonces/locations/appartement/lille-59/vauban-esquermes/273364525.htm,,2026-08-12
798,SeLoger,1420.0,92.0,15.43,Appartement,"3 pièce - 2 chambre - s, s, 92 m²",,,59000,Lille,,,https://www.seloger.com/annonces/locations/appartement/lille-59/273364813.htm,,2026-08-12
799,SeLoger,520.0,25.0,20.8,Appartement,"1 pièce - 25 m², étage",,,59000,Lille,,,https://www.seloger.com/annonces/locations/appartement/lille-59/264680155.htm,,2026-08-12
800,SeLoger,1271.0,81.7,15.56,Appartement,"4 pièce - 3 chambre - s, s, 81,7 m², RDC",,,59000,Lille,,,https://www.seloger.com/annonces/locations/appartement/lille-59/centre/266234355.htm,,2026-08-12
801,SeLoger,1644.0,107.6,15.28,Appartement,"4 pièce - 3 chambre - s, s, 107,6 m², étage",,,59000,Lille,,,https://www.seloger.com/annonces/locations/appartement/lille-59/wazemmes/274891641.htm,,2026-08-12
802,SeLoger,995.0,52.1,19.1,Appartement,"2 pièce - 1 chambre - s, , 52,1 m², Étage 2/3",,,59000,Lille,,,https://www.seloger.com/annonces/locations/appartement/lille-59/273946605.htm,,2026-08-12
803,SeLoger,938.0,59.0,15.9,Maison,"3 pièce - 2 chambre - Maison s, s, 59 m²",,,59000,Lille,,,https://www.seloger.com/annonces/locations/maison/lille-59/wazemmes/274465429.htm,,2026-08-12
804,SeLoger,1990.0,127.3,15.63,Colocation,"6 pièce - 5 chambre - Colocation s, s, 127,3 m², RDC",,,59000,Lille,,,https://www.seloger.com/annonces/locations/appartement/lille-59/vauban-esquermes/272722503.htm,,2026-08-12
805,SeLoger,660.0,25.0,26.4,Appartement,1 pièce - 25 m²,,,59000,Lille,,,https://www.seloger.com/annonces/locations/appartement/lille-59/vauban-esquermes/273577457.htm,,2026-08-12
806,SeLoger,690.0,47.7,14.47,Appartement,"2 pièce - 1 chambre - s, , 47,7 m², étage",,,59000,Lille,,,https://www.seloger.com/annonces/locations/appartement/lille-59/hellemmes-centre/256303953.htm,,2026-08-12
807,SeLoger,565.0,20.0,28.25,Studio,"1 pièce - Studio - , 20 m²",,,59000,Lille,,,https://www.seloger.com/annonce/location/hauts-de-france/nord-59/lille-59000/268GEJQTZB4J,,2026-08-12
808,SeLoger,500.0,19.0,26.32,Appartement,"1 pièce - 19 m², Étage 2/2, disponible dès maintenant",,,59000,Lille,,,https://www.seloger.com/annonce/location/hauts-de-france/nord-59/lille-59000/26NPM24CVB5P,,2026-08-12
809,SeLoger,630.0,24.0,26.25,Maison,"1 pièce - Maison à plusieurs étages - , 24 m²",,,59000,Lille,,,https://www.seloger.com/annonces/locations/appartement/lille-59/lille-sud/234566735.htm,,2026-08-12
810,SeLoger,459.0,18.0,25.5,Studio,"1 pièce - Studio , 18 m²",,,59000,Lille,,,https://www.seloger.com/annonces/locations/appartement/lille-59/vauban-esquermes/273370949.htm,,2026-08-12
811,SeLoger,590.0,17.0,34.71,Studio,"1 pièce - Studio , 17 m²",,,59000,Lille,,,https://www.seloger.com/annonces/locations/appartement/lille-59/vauban-esquermes/273367415.htm,,2026-08-12
812,SeLoger,552.0,14.1,39.15,Colocation,"10 pièce - 9 chambre - Colocation s, s, 14,1 m², RDC",,,59000,Lille,,,https://www.seloger.com/annonce/location/hauts-de-france/nord-59/lille-59000/269UGCPC9APH,,2026-08-12
813,SeLoger,895.0,64.0,13.98,Appartement,"3 pièce - 2 chambre - s, s, 64 m², RDC/4",,,59000,Lille,,,https://www.seloger.com/annonces/locations/appartement/lille-59/269612347.htm,,2026-08-12
814,SeLoger,604.0,29.0,20.83,Studio,"1 pièce - Studio , 29 m²",,,59000,Lille,,,https://www.seloger.com/annonces/locations/appartement/lille-59/vauban-esquermes/273371649.htm,,2026-08-12
815,SeLoger,625.0,16.0,39.06,Colocation,"1 pièce - Colocation , 16 m², étage",,,59000,Lille,,,https://www.seloger.com/annonces/locations/appartement/lille-59/263344651.htm,,2026-08-12
816,SeLoger,1411.0,85.0,16.6,Appartement,"3 pièce - 2 chambre - s, s, 85 m², Étage 1/2",,,59000,Lille,,,https://www.seloger.com/annonces/locations/appartement/lille-59/centre/268JUEZZZHSC.htm,,2026-08-12
817,SeLoger,640.0,30.0,21.33,Appartement,"1 pièce - 30 m², RDC/3, disponible dès maintenant",,,59000,Lille,,,https://www.seloger.com/annonces/locations/appartement/lille-59/vieux-lille/268FK9H4F9KI.htm,,2026-08-12
818,SeLoger,450.0,12.0,37.5,Colocation,"Colocation 12 m², disponible dès maintenant",,,59000,Lille,,,https://www.seloger.com/annonce/location/hauts-de-france/nord-59/lille-59000/26L6RFPZDBBF,,2026-08-12
819,SeLoger,710.0,37.0,19.19,Studio,"1 pièce - Studio , 37 m²",,,59000,Lille,,,https://www.seloger.com/wl-cdp/26YGEC4N2BWT,,2026-08-12
820,SeLoger,480.0,12.0,40.0,Colocation,"Colocation 12 m², RDC/3, disponible dès maintenant",,,59000,Lille,,,https://www.seloger.com/annonces/locations/appartement/lille-59/moulins/26SQK9Y2NQPY.htm,,2026-08-12
821,SeLoger,350.0,11.0,31.82,Studio,"1 pièce - Studio , 11 m²",,,59000,Lille,,,https://www.seloger.com/annonces/locations/appartement/lille-59/vauban-esquermes/273438941.htm,,2026-08-12
822,SeLoger,880.0,69.0,12.75,Appartement,"4 pièce - 1 chambre - s, , 69 m², Étage 1/2",,,59000,Lille,,,https://www.seloger.com/annonces/locations/appartement/lille-59/wazemmes/26I3JHX8N9K8.htm,,2026-08-12
823,SeLoger,950.0,63.0,15.08,Appartement,"3 pièce - 2 chambre - s, s, 63 m²",,,59000,Lille,,,https://www.seloger.com/annonces/locations/appartement/lille-59/vauban-esquermes/273372105.htm,,2026-08-12
824,SeLoger,670.0,35.0,19.14,Appartement,"3 pièce - 2 chambre - s, s, 35 m²",,,59000,Lille,,,https://www.seloger.com/annonces/locations/appartement/lille-59/vauban-esquermes/273364827.htm,,2026-08-12
825,SeLoger,509.0,10.0,50.9,Appartement,"1 pièce - 10 m², 4 étages, disponible dès maintenant",,,59000,Lille,,,https://www.seloger.com/annonces/locations/appartement/lille-59/vieux-lille/26CR1AHE157R.htm,,2026-08-12
826,SeLoger,890.0,55.0,16.18,Colocation,"3 pièce - 2 chambre - Colocation s, s, 55 m², Étage 1/4",,,59000,Lille,,,https://www.seloger.com/annonces/locations/appartement/lille-59/centre/265W6HDWU3UV.htm,,2026-08-12
827,SeLoger,1290.0,75.0,17.2,Colocation,"4 pièce - Colocation s, 75 m², RDC",,,59000,Lille,,,https://www.seloger.com/annonces/locations/appartement/lille-59/wazemmes/265807881.htm,,2026-08-12
828,SeLoger,780.0,60.0,13.0,Appartement,"3 pièce - 2 chambre - Duplex s, s, 60 m², Étage 1/2",,,59000,Lille,,,https://www.seloger.com/annonces/locations/appartement/lomme-59/274472385.htm,,2026-08-12
829,SeLoger,949.0,44.0,21.57,Appartement,"2 pièce - 1 chambre - s, , 44 m²",,,59000,Lille,,,https://www.seloger.com/annonce/location/hauts-de-france/nord-59/lille-59000/26IX16CWQSC8,,2026-08-12
830,SeLoger,2608.0,147.2,17.72,Appartement,"4 pièce - 3 chambre - s, s, 147,2 m², étage",,,59000,Lille,,,https://www.seloger.com/annonces/locations/appartement/lille-59/centre/271763881.htm,,2026-08-12
831,SeLoger,610.0,25.0,24.4,Appartement,"1 pièce - 25 m², RDC",,,59000,Lille,,,https://www.seloger.com/annonce/location/hauts-de-france/nord-59/lille-59000/269AWYN3ZNQX,,2026-08-12
832,SeLoger,970.0,57.0,17.02,Appartement,"3 pièce - s, 57 m², Étage 2/2, disponible dès maintenant",,,59000,Lille,,,https://www.seloger.com/annonces/locations/appartement/lille-59/centre/26BP54QXXIXS.htm,,2026-08-12
833,SeLoger,917.0,66.0,13.89,Appartement,"3 pièce - 2 chambre - s, s, 66 m², Étage 1/3",,,59000,Lille,,,https://www.seloger.com/annonces/locations/appartement/lille-59/273674763.htm,,2026-08-12
834,SeLoger,691.0,57.2,12.08,Appartement,"2 chambre - s, 57,2 m², RDC",,,59000,Lille,,,https://www.seloger.com/annonces/locations/appartement/lille-59/272596373.htm,,2026-08-12
835,SeLoger,770.0,33.0,23.33,Appartement,"1 pièce - 33 m², étage",,,59000,Lille,,,https://www.seloger.com/annonces/locations/appartement/lille-59/vieux-lille/275307557.htm,,2026-08-12
836,SeLoger,1001.0,60.0,16.68,Colocation,"4 pièce - 3 chambre - Colocation s, s, 60 m², étage",,,59000,Lille,,,https://www.seloger.com/annonce/location/hauts-de-france/nord-59/lille-59000/265KHMZEAQ7U,,2026-08-12
837,SeLoger,460.0,13.0,35.38,Colocation,"Colocation 13 m², disponible dès maintenant",,,59000,Lille,,,https://www.seloger.com/annonces/locations/appartement/lille-59/lille-sud/268BRXHKL4T3.htm,,2026-08-12
838,SeLoger,700.0,26.0,26.92,Appartement,"1 pièce - 26 m², Étage 2/6",,,59000,Lille,,,https://www.seloger.com/annonces/locations/appartement/lille-59/224923457.htm,,2026-08-12
839,SeLoger,790.0,40.0,19.75,Appartement,"2 pièce - 1 chambre - s, , 40 m², RDC",,,59000,Lille,,,https://www.seloger.com/annonces/locations/appartement/lille-59/271484299.htm,,2026-08-12
840,SeLoger,785.0,41.0,19.15,Appartement,"2 pièce - 1 chambre - s, , 41 m², RDC",,,59000,Lille,,,https://www.seloger.com/annonces/locations/appartement/lille-59/vauban-esquermes/265822127.htm,,2026-08-12
841,SeLoger,1300.0,68.0,19.12,Colocation,"4 pièce - 3 chambre - Colocation s, s, 68 m², Étage 3/4",,,59000,Lille,,,https://www.seloger.com/annonces/locations/appartement/lille-59/vieux-lille/26CPAPBRFPZU.htm,,2026-08-12
842,SeLoger,550.0,12.8,42.97,Appartement,"1 pièce - 12,8 m², Étage 1/3",,,59000,Lille,,,https://www.seloger.com/annonce/location/hauts-de-france/nord-59/lille-59000/26TN2FJZ4R8Q,,2026-08-12
843,SeLoger,715.0,53.7,13.31,Appartement,"2 pièce - s, 53,7 m², Étage 1/5",,,59000,Lille,,,https://www.seloger.com/annonces/locations/appartement/lille-59/lille-sud/274100051.htm,,2026-08-12
844,SeLoger,390.0,12.3,31.71,Studio,"1 pièce - Studio , 12,3 m², 2 étages",,,59000,Lille,,,https://www.seloger.com/annonce/location/hauts-de-france/nord-59/lille-59000/269Z6BBVGYH3,,2026-08-12
845,SeLoger,442.0,25.0,17.68,Colocation,"1 pièce - Colocation , 25 m², disponible dès maintenant",,,59000,Lille,,,https://www.seloger.com/annonces/locations/appartement/lille-59/caulier/26U2VEN5X8WW.htm,,2026-08-12
846,SeLoger,1518.0,87.0,17.45,Appartement,"4 pièce - 3 chambre - s, s, 87 m², RDC/2",,,59000,Lille,,,https://www.seloger.com/annonces/locations/appartement/lille-59/centre/257WM8YIYELM.htm,,2026-08-12
847,SeLoger,854.0,50.8,16.81,Appartement,"2 pièce - 1 chambre - s, , 50,8 m², étage",,,59000,Lille,,,https://www.seloger.com/annonces/locations/appartement/lille-59/274457793.htm,,2026-08-12
848,SeLoger,530.0,16.0,33.12,Appartement,"1 pièce - Lambersart - , 16 m², RDC, dès le 24/08/2026",,,59130,Lille,,,https://www.seloger.com/annonce/location/hauts-de-france/nord-59/lambersart-59130/26I7BHY834VG,,2026-08-12
849,SeLoger,445.0,11.0,40.45,Colocation,"1 pièce - 3 chambre - Colocation , s, 11 m², étage",,,59155,Lille,,,https://www.seloger.com/annonces/locations/appartement/faches-thumesnil-59/croisette/259345955.htm,,2026-08-12
850,SeLoger,400.0,15.0,26.67,Colocation,"1 pièce - Colocation , 15 m², dès le 20/08/2026",,,59155,Lille,,,https://www.seloger.com/annonce/location/hauts-de-france/nord-59/faches-thumesnil-59155/269CI27G3B8T,,2026-08-12
851,SeLoger,420.0,15.0,28.0,Colocation,"1 pièce - Colocation , 15 m², dès le 20/08/2026",,,59155,Lille,,,https://www.seloger.com/annonce/location/hauts-de-france/nord-59/faches-thumesnil-59155/26IFFSWSFMQ8,,2026-08-12
852,SeLoger,375.0,15.0,25.0,Colocation,"1 pièce - Colocation , 15 m², dès le 20/08/2026",,,59155,Lille,,,https://www.seloger.com/annonce/location/hauts-de-france/nord-59/faches-thumesnil-59155/26TIPPIGTL6C,,2026-08-12
853,SeLoger,880.0,61.0,14.43,Appartement,"3 pièce - 2 chambre - s, s, 61 m², Étage 1/3",,,59130,Lille,,,https://www.seloger.com/wl-cdp/26AW1A45UCDR,,2026-08-12
854,SeLoger,947.0,67.0,14.13,Appartement,"3 pièce - 2 chambre - Lambersart - s, s, 67 m², Étage 1/4",,,59130,Lille,,,https://www.seloger.com/wl-cdp/24EDJ4VPBPPT,,2026-08-12
855,SeLoger,470.0,14.0,33.57,Colocation,"Colocation 14 m², Étage 2/3, disponible dès maintenant",,,59155,Lille,,,https://www.seloger.com/annonces/locations/appartement/faches-thumesnil-59/croisette/26FKHYDPFTK4.htm,,2026-08-12
856,SeLoger,450.0,13.0,34.62,Colocation,"1 pièce - 3 chambre - Colocation , s, 13 m², Étage 1/2",,,59155,Lille,,,https://www.seloger.com/annonce/location/hauts-de-france/nord-59/faches-thumesnil-59155/26N2VKI9EK2M,,2026-08-12
857,SeLoger,1740.0,18.0,96.67,Studio,"1 pièce - Studio , 18 m²",,,59110,Lille,,,https://www.seloger.com/annonce/location/hauts-de-france/nord-59/la-madeleine-59110/26HSMSKGA9TI,,2026-08-12
858,SeLoger,462.0,25.0,18.48,Appartement,"2 pièce - 1 chambre - s, , 25 m², étage",,,59155,Lille,,,https://www.seloger.com/annonce/location/hauts-de-france/nord-59/faches-thumesnil-59155/26KDGQHD1XHK,,2026-08-12
859,SeLoger,461.0,25.0,18.44,Appartement,"1 pièce - 25 m², étage, dès le 10/09/2026",,,59155,Lille,,,https://www.seloger.com/wl-cdp/26IABELJZDQ8,,2026-08-12
860,SeLoger,538.0,38.0,14.16,Appartement,"2 pièce - 1 chambre - s, , 38 m², étage",,,59155,Lille,,,https://www.seloger.com/annonce/location/hauts-de-france/nord-59/faches-thumesnil-59155/24GRTHLP41Q6,,2026-08-12
861,SeLoger,828.0,46.0,18.0,Appartement,"2 pièce - 1 chambre - s, , 46 m², Étage 4/5",,,59110,Lille,,,https://www.seloger.com/annonces/locations/appartement/la-madeleine-59/grand-boulevard/274021039.htm,,2026-08-12
862,SeLoger,850.0,42.9,19.81,Appartement,"2 pièce - 1 chambre - s, , 42,9 m², Étage 5/5",,,59110,Lille,,,https://www.seloger.com/annonces/locations/appartement/la-madeleine-59/grand-boulevard/272340375.htm,,2026-08-12
863,SeLoger,960.0,43.3,22.17,Appartement,"2 pièce - 1 chambre - s, , 43,3 m², Étage 3/4",,,59110,Lille,,,https://www.seloger.com/annonce/location/hauts-de-france/nord-59/la-madeleine-59110/26MKQEA6434W,,2026-08-12
864,SeLoger,850.0,47.0,18.09,Maison,"3 pièce - 1 chambre - Maison s, , 47 m², 41 m² de terrain",,,59155,Lille,,,https://www.seloger.com/annonce/location/hauts-de-france/nord-59/faches-thumesnil-59155/26IVP6EGHYRA,,2026-08-12
865,SeLoger,1400.0,125.5,11.16,Maison,"4 pièce - 3 chambre - Maison de ville s, s, 125,5 m², 50 m² de terrain",,,59130,Lille,,,https://www.seloger.com/annonces/locations/maison/lambersart-59/canteleu-ampere/276127493.htm,,2026-08-12
866,SeLoger,500.0,19.0,26.32,Studio,"1 pièce - Studio , 19 m²",,,59130,Lille,,,https://www.seloger.com/annonce/location/hauts-de-france/nord-59/lambersart-59130/26Y57YCFIBD7,,2026-08-12
867,SeLoger,440.0,15.0,29.33,Colocation,"1 pièce - Colocation , 15 m², dès le 20/08/2026",,,59130,Lille,,,https://www.seloger.com/annonce/location/hauts-de-france/nord-59/lambersart-59130/26J8E2JDZR68,,2026-08-12
868,SeLoger,1500.0,55.0,27.27,Appartement,"1 pièce - 1 chambre - 55 m², dès le 07/09/2026",,,59110,Lille,,,https://www.seloger.com/annonces/locations/appartement/la-madeleine-59/grand-boulevard/268412229.htm,,2026-08-12
869,SeLoger,450.0,15.0,30.0,Colocation,"1 pièce - Colocation , 15 m², dès le 20/08/2026",,,59130,Lille,,,https://www.seloger.com/annonce/location/hauts-de-france/nord-59/lambersart-59130/267CSEBYSI2T,,2026-08-12
870,SeLoger,1450.0,100.0,14.5,Maison,"5 pièce - 4 chambre - Maison s, s, 100 m², disponible dès maintenant",,,59130,Lille,,,https://www.seloger.com/annonces/locations/maison/lambersart-59/canteleu-ampere/26VCVBDX75Z3.htm,,2026-08-12
871,SeLoger,1002.0,60.7,16.51,Appartement,"3 pièce - 2 chambre - La Madeleine - s, s, 60,7 m², étage",,,59110,Lille,,,https://www.seloger.com/annonce/location/hauts-de-france/nord-59/la-madeleine-59110/26TWTNUG8M72,,2026-08-12
872,SeLoger,445.0,15.0,29.67,Colocation,"1 pièce - Colocation , 15 m², dès le 11/09/2026",,,59130,Lille,,,https://www.seloger.com/annonce/location/hauts-de-france/nord-59/lambersart-59130/268RFTNW1MCC,,2026-08-12
873,SeLoger,820.0,57.8,14.19,Appartement,"3 pièce - 2 chambre - s, s, 57,8 m², RDC",,,59155,Lille,,,https://www.seloger.com/annonces/locations/appartement/faches-thumesnil-59/croisette/266912173.htm,,2026-08-12
874,SeLoger,603.0,42.9,14.06,Appartement,"2 pièce - 1 chambre - s, , 42,9 m², étage",,,59155,Lille,,,https://www.seloger.com/annonces/locations/appartement/faches-thumesnil-59/croisette/274666703.htm,,2026-08-12
875,SeLoger,810.0,54.0,15.0,Appartement,"3 pièce - 2 chambre - s, s, 54 m², Étage 1/3",,,59155,Lille,,,https://www.seloger.com/annonce/location/hauts-de-france/nord-59/faches-thumesnil-59155/26F4HRRZ733B,,2026-08-12
876,Vizzit,688.0,36.0,19.11,Appartement,1 pièce - 36 m²,,,59000,Lille,,,https://www.vizzit.fr/fr/property/appartement/lille/Ahyhnqvlayuidud6,,2026-08-12
877,Vizzit,610.0,33.0,18.48,Appartement,1 pièce - 33 m²,,,59000,Lille,,,https://www.vizzit.fr/fr/property/appartement/lille/Avg707rqhzpqqo29,,2026-08-12
878,Vizzit,406.0,18.0,22.56,Studio,18 m² - Studio,,,59000,Lille,,,https://www.vizzit.fr/fr/property/appartement/lille/A52k0ujffoe3ocvk,,2026-08-12
879,Vizzit,1554.0,85.0,18.28,Appartement,3 pièce - 85 m² - s,,,59000,Lille,,,https://www.vizzit.fr/fr/property/appartement/lille/Absvwl4s5hiebku3,,2026-08-12
880,Vizzit,630.0,27.0,23.33,Studio,27 m² - Studio,,,59000,Lille,,,https://www.vizzit.fr/fr/property/appartement/lille/Aj6c7v4qa3m6yiu2,,2026-08-12
881,Vizzit,1122.0,68.0,16.5,Appartement,2 pièce - 1 chambre - 68 m² - s,,,59000,Lille,,,https://www.vizzit.fr/fr/property/appartement/lille/A1qtynjmxsj3b0uw,,2026-08-12
882,Vizzit,785.0,34.0,23.09,Appartement,2 pièce - 34 m² - s,,,59000,Lille,,,https://www.vizzit.fr/fr/property/appartement/lille/Aberbrkra22zlqxw,,2026-08-12
883,Vizzit,2300.0,177.0,12.99,Appartement,6 pièce - 4 chambre - 177 m² - s - s,,,59000,Lille,,,https://www.vizzit.fr/fr/property/immobilier/lille/A4xkyna5d4plvof9,,2026-08-12
884,Vizzit,831.0,41.0,20.27,Appartement,2 pièce - 1 chambre - 41 m² - s,,,59000,Lille,,,https://www.vizzit.fr/fr/property/appartement/lille/Aw5u7of6gnv3ov5c,,2026-08-12
885,Vizzit,680.0,28.0,24.29,Studio,28 m² - Studio,,,59000,Lille,,,https://www.vizzit.fr/fr/property/appartement/lille/A5g80zcykpfe6u7q,,2026-08-12
886,Vizzit,693.0,25.0,27.72,Appartement,25 m²,,,59000,Lille,,,https://www.vizzit.fr/fr/property/appartement/lille/Atcqq9iufvghtq2l,,2026-08-12
887,Vizzit,725.0,38.0,19.08,Appartement,2 pièce - 1 chambre - 38 m² - s,,,59000,Lille,,,https://www.vizzit.fr/fr/property/appartement/lille/Avzw0qv3mbfam79y,,2026-08-12
888,Vizzit,710.0,35.0,20.29,Appartement,2 pièce - 1 chambre - 35 m² - s,,,59000,Lille,,,https://www.vizzit.fr/fr/property/appartement/lille/Adw4s48t2tmmn6ia,,2026-08-12
889,Vizzit,725.0,39.0,18.59,Appartement,2 pièce - 1 chambre - 39 m² - s,,,59000,Lille,,,https://www.vizzit.fr/fr/property/appartement/lille/Astlx5okyuz3fvbl,,2026-08-12
890,Vizzit,941.0,62.0,15.18,Appartement,3 pièce - 2 chambre - 62 m² - s - s,,,59000,Lille,,,https://www.vizzit.fr/fr/property/appartement/lille/Ay969ag8m8pxfhkh,,2026-08-12
891,Vizzit,510.0,28.0,18.21,Appartement,2 pièce - 1 chambre - 28 m² - s,,,59000,Lille,,,https://www.vizzit.fr/fr/property/appartement/lille/A28x9mn2ao5ym601,,2026-08-12
892,Vizzit,860.0,49.0,17.55,Appartement,2 pièce - 1 chambre - 49 m² - s,,,59000,Lille,,,https://www.vizzit.fr/fr/property/appartement/lille/An8ykj5ym4iysgqm,,2026-08-12
893,Vizzit,599.0,30.0,19.97,Studio,30 m² - Studio,,,59000,Lille,,,https://www.vizzit.fr/fr/property/appartement/lille/A4g612y6ox0b7bhj,,2026-08-12
894,Vizzit,400.0,12.0,33.33,Appartement,3 pièce - 2 chambre - 12 m² - s - s,,,59000,Lille,,,https://www.vizzit.fr/fr/property/appartement/lille/Aruarn4m09pox6nc,,2026-08-12
895,Vizzit,889.0,63.0,14.11,Appartement,3 pièce - 2 chambre - 63 m² - s - s,,,59000,Lille,,,https://www.vizzit.fr/fr/property/appartement/lille/A2zdknx8su0qqn2j,,2026-08-12
896,Vizzit,540.0,26.0,20.77,Appartement,1 pièce - 26 m²,,,59000,Lille,,,https://www.vizzit.fr/fr/property/appartement/lille/Ay8gwoibmcd26s14,,2026-08-12
897,Vizzit,617.0,34.0,18.15,Studio,34 m² - Studio,,,59000,Lille,,,https://www.vizzit.fr/fr/property/appartement/lille/A89vnn3h1kp3o8wr,,2026-08-12
898,Vizzit,407.0,16.0,25.44,Studio,16 m² - Studio,,,59000,Lille,,,https://www.vizzit.fr/fr/property/appartement/lille/Aledy060qlenq56b,,2026-08-12
899,Vizzit,1100.0,45.0,24.44,Appartement,3 pièce - 2 chambre - 45 m² - s - s,,,59000,Lille,,,https://www.vizzit.fr/fr/property/appartement/lille/Auj0945uabp6vqz3,,2026-08-12
900,Vizzit,550.0,22.0,25.0,Studio,22 m² - Studio,,,59000,Lille,,,https://www.vizzit.fr/fr/property/appartement/lille/A3nmogi1io0q0ssu,,2026-08-12
901,Vizzit,700.0,25.0,28.0,Appartement,2 pièce - 1 chambre - 25 m² - s,,,59000,Lille,,,https://www.vizzit.fr/fr/property/appartement/lille/Acyb39uhcw5x30qj,,2026-08-12
902,Vizzit,490.0,20.0,24.5,Appartement,1 pièce - 20 m²,,,59000,Lille,,,https://www.vizzit.fr/fr/property/appartement/lille/A4wds3ksyk1fb2jz,,2026-08-12
903,Vizzit,734.0,44.0,16.68,Appartement,2 pièce - 1 chambre - 44 m² - s,,,59000,Lille,,,https://www.vizzit.fr/fr/property/appartement/lille/Aasn42mkcmp1ag34,,2026-08-12
904,Vizzit,710.0,35.0,20.29,Studio,35 m² - Studio,,,59000,Lille,,,https://www.vizzit.fr/fr/property/appartement/lille/Avd6v8d5eltpcgq6,,2026-08-12
905,Vizzit,2136.0,164.0,13.02,Appartement,5 pièce - 4 chambre - 164 m² - s - s,,,59000,Lille,,,https://www.vizzit.fr/fr/property/appartement/lille/Am2oklgkyyrt7vyr,,2026-08-12
906,Vizzit,487.0,18.0,27.06,Studio,18 m² - Studio,,,59000,Lille,,,https://www.vizzit.fr/fr/property/appartement/lille/A78wqqv1p606a3pz,,2026-08-12
907,Vizzit,975.0,64.0,15.23,Appartement,2 pièce - 1 chambre - 64 m² - s,,,59000,Lille,,,https://www.vizzit.fr/fr/property/appartement/lille/A5e3p0h38rzk3wel,,2026-08-12
908,Vizzit,700.0,47.0,14.89,Appartement,2 pièce - 1 chambre - 47 m² - s,,,59000,Lille,,,https://www.vizzit.fr/fr/property/appartement/lille/Av3xjoxg56k0eokh,,2026-08-12
909,Vizzit,655.0,28.0,23.39,Studio,28 m² - Studio,,,59000,Lille,,,https://www.vizzit.fr/fr/property/appartement/lille/Aaql8vosbnzahfuj,,2026-08-12
910,Vizzit,565.0,48.0,11.77,Appartement,2 pièce - 1 chambre - 48 m² - s,,,59000,Lille,,,https://www.vizzit.fr/fr/property/appartement/lille/A01tsp2ikadxmhd8,,2026-08-12
911,Vizzit,900.0,52.0,17.31,Appartement,2 pièce - 1 chambre - 52 m² - s,,,59000,Lille,,,https://www.vizzit.fr/fr/property/appartement/lille/Ayramef89sj0pm80,,2026-08-12
912,Vizzit,1184.0,81.0,14.62,Appartement,3 pièce - 2 chambre - 81 m² - s - s,,,59000,Lille,,,https://www.vizzit.fr/fr/property/appartement/lille/Ay7v3acnrhmn6ls8,,2026-08-12
913,Vizzit,731.0,45.0,16.24,Appartement,2 pièce - 1 chambre - 45 m² - s,,,59000,Lille,,,https://www.vizzit.fr/fr/property/appartement/lille/Aa0a45qwajtcrl4v,,2026-08-12
914,Vizzit,745.0,43.0,17.33,Appartement,2 pièce - 1 chambre - 43 m² - s,,,59000,Lille,,,https://www.vizzit.fr/fr/property/appartement/lille/Aqqzs9jq93efb7bb,,2026-08-12
915,Vizzit,1050.0,42.0,25.0,Appartement,2 pièce - 1 chambre - 42 m² - s,,,59000,Lille,,,https://www.vizzit.fr/fr/property/appartement/lille/Anga675cxt1cko0h,,2026-08-12
916,Vizzit,840.0,40.0,21.0,Appartement,2 pièce - 1 chambre - 40 m² - s,,,59000,Lille,,,https://www.vizzit.fr/fr/property/appartement/lille/Ai9h164oky7bxosh,,2026-08-12
917,Vizzit,825.0,41.0,20.12,Appartement,2 pièce - 1 chambre - 41 m² - s,,,59000,Lille,,,https://www.vizzit.fr/fr/property/appartement/lille/Argprlj4izajgflx,,2026-08-12
918,Vizzit,439.0,17.0,25.82,Studio,17 m² - Studio,,,59000,Lille,,,https://www.vizzit.fr/fr/property/appartement/lille/A0r8iqvdlzehdqxq,,2026-08-12
919,Vizzit,1005.0,63.0,15.95,Appartement,3 pièce - 63 m² - s,,,59000,Lille,,,https://www.vizzit.fr/fr/property/appartement/lille/Afefllewq52jlgb6,,2026-08-12
920,Vizzit,907.0,40.0,22.68,Appartement,2 pièce - 1 chambre - 40 m² - s,,,59000,Lille,,,https://www.vizzit.fr/fr/property/appartement/lille/Akq8yhjwpi2ohrlu,,2026-08-12
921,Vizzit,611.0,22.0,27.77,Studio,22 m² - Studio,,,59000,Lille,,,https://www.vizzit.fr/fr/property/appartement/lille/Aqr8p7nzhl290154,,2026-08-12
922,Vizzit,650.0,19.0,34.21,Studio,19 m² - Studio,,,59000,Lille,,,https://www.vizzit.fr/fr/property/appartement/lille/A4dtjocieklw3uzr,,2026-08-12
923,Vizzit,770.0,41.0,18.78,Appartement,2 pièce - 1 chambre - 41 m² - s,,,59000,Lille,,,https://www.vizzit.fr/fr/property/appartement/lille/Atab2yme1nh6dwhm,,2026-08-12
924,Vizzit,424.0,15.0,28.27,Studio,15 m² - Studio,,,59000,Lille,,,https://www.vizzit.fr/fr/property/appartement/lille/A3cba39jnc971wmu,,2026-08-12
925,Vizzit,352.0,15.0,23.47,Studio,15 m² - Studio,,,59000,Lille,,,https://www.vizzit.fr/fr/property/appartement/lille/Ahyed47t8lzh1noc,,2026-08-12
926,Vizzit,750.0,26.0,28.85,Studio,26 m² - Studio,,,59000,Lille,,,https://www.vizzit.fr/fr/property/appartement/lille/Ah5td9ccivl28gi9,,2026-08-12
927,Vizzit,865.0,28.0,30.89,Studio,28 m² - Studio,,,59000,Lille,,,https://www.vizzit.fr/fr/property/appartement/lille/Akjuibjst7w4yw7r,,2026-08-12
928,Vizzit,635.0,32.0,19.84,Appartement,2 pièce - 1 chambre - 32 m² - s,,,59000,Lille,,,https://www.vizzit.fr/fr/property/appartement/lille/A4hjl9yio86uhvj7,,2026-08-12
929,Vizzit,574.0,33.0,17.39,Appartement,1 pièce - 33 m²,,,59000,Lille,,,https://www.vizzit.fr/fr/property/appartement/lille/Al9g251z3vcjkt3t,,2026-08-12
930,Vizzit,880.0,40.0,22.0,Appartement,2 pièce - 1 chambre - 40 m² - s,,,59000,Lille,,,https://www.vizzit.fr/fr/property/appartement/lille/A25n80c46o12xz81,,2026-08-12
931,Vizzit,1185.0,92.0,12.88,Appartement,3 pièce - 2 chambre - 92 m² - s - s,,,59000,Lille,,,https://www.vizzit.fr/fr/property/immobilier/lille/Augsiq9s8oh2c9ju,,2026-08-12
932,Vizzit,1280.0,85.0,15.06,Appartement,3 pièce - 2 chambre - 85 m² - s - s,,,59000,Lille,,,https://www.vizzit.fr/fr/property/appartement/lille/Ai78dur5sp4qfwny,,2026-08-12
933,Vizzit,830.0,46.0,18.04,Appartement,2 pièce - 46 m² - s,,,59000,Lille,,,https://www.vizzit.fr/fr/property/appartement/lille/Ayhx72u0szt8ek1a,,2026-08-12
934,Vizzit,650.0,29.0,22.41,Appartement,29 m²,,,59000,Lille,,,https://www.vizzit.fr/fr/property/appartement/lille/Awpoca78r0lrd9vd,,2026-08-12
935,Vizzit,636.0,27.0,23.56,Studio,27 m² - Studio,,,59000,Lille,,,https://www.vizzit.fr/fr/property/appartement/lille/Aa1tqs9guwaa5g2h,,2026-08-12
936,Vizzit,730.0,40.0,18.25,Appartement,2 pièce - 1 chambre - 40 m² - s,,,59000,Lille,,,https://www.vizzit.fr/fr/property/appartement/lille/Am77sxj40150r9ox,,2026-08-12
937,Vizzit,784.0,55.0,14.25,Appartement,3 pièce - 2 chambre - 55 m² - s - s,,,59000,Lille,,,https://www.vizzit.fr/fr/property/appartement/lille/Avwoto2bntkma96e,,2026-08-12
938,Vizzit,600.0,16.0,37.5,Studio,16 m² - Studio,,,59000,Lille,,,https://www.vizzit.fr/fr/property/appartement/lille/A0xdpv6b8w3wnf5t,,2026-08-12
939,Vizzit,550.0,25.0,22.0,Studio,25 m² - Studio,,,59000,Lille,,,https://www.vizzit.fr/fr/property/appartement/lille/Afoy109xx70xcrfl,,2026-08-12
940,Vizzit,690.0,35.0,19.71,Appartement,2 pièce - 1 chambre - 35 m² - s,,,59000,Lille,,,https://www.vizzit.fr/fr/property/appartement/lille/Agub4hc4otsh6sty,,2026-08-12
941,Vizzit,967.0,55.0,17.58,Appartement,2 pièce - 1 chambre - 55 m² - s,,,59000,Lille,,,https://www.vizzit.fr/fr/property/appartement/lille/Am34g9vr1pa6o997,,2026-08-12
942,Vizzit,435.0,19.0,22.89,Appartement,2 pièce - 1 chambre - 19 m² - s,,,59000,Lille,,,https://www.vizzit.fr/fr/property/appartement/lille/Akm0a9e1vt23pxrm,,2026-08-12
943,Vizzit,560.0,25.0,22.4,Studio,25 m² - Studio,,,59000,Lille,,,https://www.vizzit.fr/fr/property/appartement/lille/Avprjoi7bzsflht4,,2026-08-12
944,Vizzit,480.0,25.0,19.2,Studio,25 m² - Studio,,,59000,Lille,,,https://www.vizzit.fr/fr/property/appartement/lille/Apcify16y6gw5mlh,,2026-08-12
945,Vizzit,860.0,31.0,27.74,Studio,31 m² - Studio,,,59000,Lille,,,https://www.vizzit.fr/fr/property/appartement/lille/An82dfbxer6zy8f4,,2026-08-12
946,Vizzit,900.0,46.0,19.57,Appartement,2 pièce - 1 chambre - 46 m² - s,,,59000,Lille,,,https://www.vizzit.fr/fr/property/appartement/lille/Aogbduhy7a3opjo3,,2026-08-12
947,Vizzit,1130.0,50.0,22.6,Appartement,2 pièce - 1 chambre - 50 m² - s,,,59000,Lille,,,https://www.vizzit.fr/fr/property/appartement/lille/Ad1vbcuirs2mena6,,2026-08-12
948,Vizzit,655.0,23.0,28.48,Studio,23 m² - Studio,,,59000,Lille,,,https://www.vizzit.fr/fr/property/appartement/lille/Aew34thy9p37nfn4,,2026-08-12
949,Vizzit,790.0,28.0,28.21,Appartement,2 pièce - 1 chambre - 28 m² - s,,,59000,Lille,,,https://www.vizzit.fr/fr/property/appartement/lille/A3z2hc75l506y470,,2026-08-12
950,Vizzit,560.0,15.0,37.33,Studio,15 m² - Studio,,,59000,Lille,,,https://www.vizzit.fr/fr/property/appartement/lille/A31xdtqbud3mqqxo,,2026-08-12
951,Vizzit,700.0,19.0,36.84,Studio,19 m² - Studio,,,59000,Lille,,,https://www.vizzit.fr/fr/property/appartement/lille/A6c226gs47z2h7fd,,2026-08-12
952,Vizzit,785.0,60.0,13.08,Appartement,3 pièce - 2 chambre - 60 m² - s - s,,,59000,Lille,,,https://www.vizzit.fr/fr/property/appartement/lille/Amgew9qqz2sc5arq,,2026-08-12
953,Vizzit,895.0,68.0,13.16,Appartement,3 pièce - 2 chambre - 68 m² - s - s,,,59000,Lille,,,https://www.vizzit.fr/fr/property/appartement/lille/A0trg9hhw53knpu3,,2026-08-12
954,Vizzit,465.0,21.0,22.14,Studio,21 m² - Studio,,,59000,Lille,,,https://www.vizzit.fr/fr/property/appartement/lille/Alm417t20cgiltur,,2026-08-12
955,Vizzit,750.0,42.0,17.86,Appartement,2 pièce - 1 chambre - 42 m² - s,,,59000,Lille,,,https://www.vizzit.fr/fr/property/appartement/lille/Ak7wo379n5h24dow,,2026-08-12
956,Vizzit,759.0,44.0,17.25,Studio,44 m² - Studio,,,59000,Lille,,,https://www.vizzit.fr/fr/property/appartement/lille/Ac79gzo8cnt1q43h,,2026-08-12
957,Vizzit,610.0,16.0,38.12,Studio,16 m² - Studio,,,59000,Lille,,,https://www.vizzit.fr/fr/property/appartement/lille/Anrcb1o5895ndrpu,,2026-08-12
958,Vizzit,1070.0,54.0,19.81,Appartement,2 pièce - 1 chambre - 54 m² - s,,,59000,Lille,,,https://www.vizzit.fr/fr/property/appartement/lille/Ae0u30ito66icfi7,,2026-08-12
959,Vizzit,450.0,18.0,25.0,Studio,18 m² - Studio,,,59000,Lille,,,https://www.vizzit.fr/fr/property/appartement/lille/A0wcz67qqtw0ddj5,,2026-08-12
960,Vizzit,609.0,22.0,27.68,Studio,22 m² - Studio,,,59000,Lille,,,https://www.vizzit.fr/fr/property/appartement/lille/Autfr6wh8qfz6ybs,,2026-08-12
961,Vizzit,600.0,46.0,13.04,Appartement,4 pièce - 1 chambre - 46 m² - s,,,59000,Lille,,,https://www.vizzit.fr/fr/property/appartement/lille/A422l4lk86myfe1s,,2026-08-12
962,Vizzit,995.0,45.0,22.11,Appartement,2 pièce - 1 chambre - 45 m² - s,,,59000,Lille,,,https://www.vizzit.fr/fr/property/appartement/lille/Atpck0jev2hrjin9,,2026-08-12
963,Vizzit,990.0,75.0,13.2,Appartement,3 pièce - 2 chambre - 75 m² - s - s,,,59000,Lille,,,https://www.vizzit.fr/fr/property/appartement/lille/Awyzfps14cbrptad,,2026-08-12
964,Vizzit,575.0,25.0,23.0,Studio,25 m² - Studio,,,59000,Lille,,,https://www.vizzit.fr/fr/property/appartement/lille/Al2qcg8favdlejap,,2026-08-12
965,Vizzit,575.0,25.0,23.0,Appartement,2 pièce - 1 chambre - 25 m² - s,,,59000,Lille,,,https://www.vizzit.fr/fr/property/appartement/lille/Al5ngcnbggl511ww,,2026-08-12
966,Vizzit,695.0,27.0,25.74,Studio,27 m² - Studio,,,59000,Lille,,,https://www.vizzit.fr/fr/property/appartement/lille/Ab0yfxqikqx096o8,,2026-08-12
967,Vizzit,745.0,32.0,23.28,Studio,32 m² - Studio,,,59000,Lille,,,https://www.vizzit.fr/fr/property/appartement/lille/Az8kkwd15nwi25lw,,2026-08-12
968,Vizzit,490.0,22.0,22.27,Studio,22 m² - Studio,,,59000,Lille,,,https://www.vizzit.fr/fr/property/appartement/lille/Af0h3tqmbek87vus,,2026-08-12
969,Vizzit,770.0,33.0,23.33,Studio,33 m² - Studio,,,59000,Lille,,,https://www.vizzit.fr/fr/property/appartement/lille/Ag49sputue4ie2pq,,2026-08-12
970,Vizzit,520.0,18.0,28.89,Studio,18 m² - Studio,,,59000,Lille,,,https://www.vizzit.fr/fr/property/appartement/lille/Ab50lvb6h2aj0q0l,,2026-08-12
971,Vizzit,650.0,45.0,14.44,Appartement,2 pièce - 1 chambre - 45 m² - s,,,59000,Lille,,,https://www.vizzit.fr/fr/property/appartement/lille/A3t20b8n13kh5lch,,2026-08-12
972,Vizzit,640.0,40.0,16.0,Appartement,3 pièce - 2 chambre - 40 m² - s - s,,,59000,Lille,,,https://www.vizzit.fr/fr/property/appartement/lille/A3bd51xltr2i6waw,,2026-08-12
973,Vizzit,700.0,49.0,14.29,Appartement,2 pièce - 1 chambre - 49 m² - s,,,59000,Lille,,,https://www.vizzit.fr/fr/property/appartement/lille/Aodu0dqwyyy9fwv2,,2026-08-12
974,Vizzit,580.0,23.0,25.22,Studio,23 m² - Studio,,,59000,Lille,,,https://www.vizzit.fr/fr/property/appartement/lille/A6bwza26j2ti63oi,,2026-08-12
975,Vizzit,640.0,30.0,21.33,Studio,30 m² - Studio,,,59000,Lille,,,https://www.vizzit.fr/fr/property/appartement/lille/Aax1frpq72aeuvx6,,2026-08-12
976,Vizzit,695.0,40.0,17.38,Appartement,1 pièce - 40 m²,,,59000,Lille,,,https://www.vizzit.fr/fr/property/appartement/lille/Asmldn60z2bf22z7,,2026-08-12
977,Vizzit,290.0,22.0,13.18,Studio,22 m² - Studio,,,59000,Lille,,,https://www.vizzit.fr/fr/property/appartement/lille/Au18b6flykxco8g0,,2026-08-12
978,Vizzit,545.0,15.0,36.33,Studio,15 m² - Studio,,,59000,Lille,,,https://www.vizzit.fr/fr/property/appartement/lille/A493kxvrpn48njj6,,2026-08-12
979,Vizzit,1020.0,80.0,12.75,Appartement,3 pièce - 2 chambre - 80 m² - s - s,,,59000,Lille,,,https://www.vizzit.fr/fr/property/appartement/lille/A6e442bpsogexha3,,2026-08-12
980,Vizzit,850.0,54.0,15.74,Appartement,2 pièce - 1 chambre - 54 m² - s,,,59000,Lille,,,https://www.vizzit.fr/fr/property/appartement/lille/A9ibtvqqaygdhkya,,2026-08-12
981,Vizzit,1200.0,75.0,16.0,Appartement,3 pièce - 2 chambre - 75 m² - s - s,,,59000,Lille,,,https://www.vizzit.fr/fr/property/appartement/lille/Azkw6gej8mgmmcyf,,2026-08-12
982,Vizzit,1565.0,108.0,14.49,Appartement,4 pièce - 3 chambre - 108 m² - s - s,,,59000,Lille,,,https://www.vizzit.fr/fr/property/appartement/lille/Avrkawb2mg5iwk9q,,2026-08-12
983,Vizzit,1230.0,56.0,21.96,Appartement,2 pièce - 1 chambre - 56 m² - s,,,59000,Lille,,,https://www.vizzit.fr/fr/property/appartement/lille/Aq6sfbuz3tux0z2k,,2026-08-12
984,Vizzit,720.0,41.0,17.56,Appartement,2 pièce - 1 chambre - 41 m² - s,,,59000,Lille,,,https://www.vizzit.fr/fr/property/appartement/lille/A38j7l74fm6ud6mm,,2026-08-12
985,Vizzit,640.0,49.0,13.06,Appartement,3 pièce - 2 chambre - 49 m² - s - s,,,59000,Lille,,,https://www.vizzit.fr/fr/property/appartement/lille/Aiw2rgu6janwvo3o,,2026-08-12
986,Vizzit,750.0,31.0,24.19,Studio,31 m² - Studio,,,59000,Lille,,,https://www.vizzit.fr/fr/property/appartement/lille/Ay4044m0jgovi5to,,2026-08-12
987,Vizzit,1179.0,57.0,20.68,Appartement,3 pièce - 2 chambre - 57 m² - s - s,,,59000,Lille,,,https://www.vizzit.fr/fr/property/appartement/lille/Adezbaq6un70sahh,,2026-08-12
988,Vizzit,690.0,40.0,17.25,Studio,40 m² - Studio,,,59000,Lille,,,https://www.vizzit.fr/fr/property/appartement/lille/Awly76cwh70k4f01,,2026-08-12
989,Vizzit,725.0,58.0,12.5,Appartement,3 pièce - 2 chambre - 58 m² - s - s,,,59000,Lille,,,https://www.vizzit.fr/fr/property/appartement/lille/Av58xvb4i5u1dly9,,2026-08-12
990,Vizzit,380.0,18.0,21.11,Studio,18 m² - Studio,,,59000,Lille,,,https://www.vizzit.fr/fr/property/appartement/lille/A3gza1t47a9kukwy,,2026-08-12
991,Vizzit,650.0,37.0,17.57,Appartement,2 pièce - 1 chambre - 37 m² - s,,,59000,Lille,,,https://www.vizzit.fr/fr/property/appartement/lille/Asvgvx8upwyfgbd1,,2026-08-12
992,Vizzit,695.0,25.0,27.8,Appartement,2 pièce - 25 m² - s,,,59000,Lille,,,https://www.vizzit.fr/fr/property/appartement/lille/Aig5yl6u0zb1kl59,,2026-08-12
993,Vizzit,860.0,26.0,33.08,Studio,26 m² - Studio,,,59000,Lille,,,https://www.vizzit.fr/fr/property/appartement/lille/A95kcdvo0vlmu55n,,2026-08-12
994,Vizzit,878.0,60.0,14.63,Appartement,3 pièce - 2 chambre - 60 m² - s - s,,,59000,Lille,,,https://www.vizzit.fr/fr/property/appartement/lille/Aqv4qenzu94xhytl,,2026-08-12
995,Vizzit,700.0,30.0,23.33,Studio,30 m² - Studio,,,59000,Lille,,,https://www.vizzit.fr/fr/property/appartement/lille/A3pmn0emimnwcyox,,2026-08-12
996,Vizzit,730.0,23.0,31.74,Studio,23 m² - Studio,,,59000,Lille,,,https://www.vizzit.fr/fr/property/appartement/lille/Av6hswydukry6v8a,,2026-08-12
997,Vizzit,979.0,49.0,19.98,Appartement,2 pièce - 1 chambre - 49 m² - s,,,59000,Lille,,,https://www.vizzit.fr/fr/property/appartement/lille/Am94qrcw8sbw0dm6,,2026-08-12
998,Vizzit,1200.0,60.0,20.0,Appartement,3 pièce - 1 chambre - 60 m² - s,,,59000,Lille,,,https://www.vizzit.fr/fr/property/immobilier/lille/A1waue5sfuxuhkim,,2026-08-12
999,Vizzit,553.0,24.0,23.04,Appartement,1 pièce - 24 m²,,,59000,Lille,,,https://www.vizzit.fr/fr/property/appartement/lille/Abqk0ab8gjkeugxp,,2026-08-12
1000,Vizzit,900.0,65.0,13.85,Appartement,6 pièce - 65 m² - 65 m² de terrain - s,,,59000,Lille,,,https://www.vizzit.fr/fr/property/immobilier/lille/Au8n1lvyx17qwscw,,2026-08-12
1001,Vizzit,619.0,17.0,36.41,Studio,17 m² - Studio,,,59000,Lille,,,https://www.vizzit.fr/fr/property/appartement/lille/Aae85zlh2kc2aphg,,2026-08-12
1002,Vizzit,950.0,45.0,21.11,Appartement,2 pièce - 1 chambre - 45 m² - s,,,59000,Lille,,,https://www.vizzit.fr/fr/property/appartement/lille/Ax1blceft30dxtyb,,2026-08-12
1003,Vizzit,630.0,24.0,26.25,Studio,24 m² - Studio,,,59000,Lille,,,https://www.vizzit.fr/fr/property/appartement/lille/Afb6zuub5y3ef4wg,,2026-08-12
1004,Vizzit,600.0,30.0,20.0,Appartement,2 pièce - 1 chambre - 30 m² - s,,,59000,Lille,,,https://www.vizzit.fr/fr/property/appartement/lille/Akkk37p78krs2qri,,2026-08-12
1005,Vizzit,1110.0,57.0,19.47,Appartement,3 pièce - 1 chambre - 57 m² - s,,,59000,Lille,,,https://www.vizzit.fr/fr/property/immobilier/lille/Apf2tg7cz04oez6y,,2026-08-12
1006,Vizzit,670.0,27.0,24.81,Studio,27 m² - Studio,,,59000,Lille,,,https://www.vizzit.fr/fr/property/appartement/lille/A2v1tg96k2jn0zk9,,2026-08-12
1007,Vizzit,862.0,47.0,18.34,Appartement,2 pièce - 1 chambre - 47 m² - s,,,59000,Lille,,,https://www.vizzit.fr/fr/property/appartement/lille/A2q80cl0gylcds6h,,2026-08-12
1008,Vizzit,560.0,23.0,24.35,Studio,23 m² - Studio,,,59000,Lille,,,https://www.vizzit.fr/fr/property/appartement/lille/Ar7p411vxihytva8,,2026-08-12
1009,Vizzit,1390.0,98.0,14.18,Appartement,4 pièce - 98 m² - s,,,59000,Lille,,,https://www.vizzit.fr/fr/property/appartement/lille/Af0fu10o8pt1z4zo,,2026-08-12
1010,Vizzit,1450.0,111.0,13.06,Appartement,5 pièce - 4 chambre - 111 m² - s - s,,,59000,Lille,,,https://www.vizzit.fr/fr/property/immobilier/lille/Ar7pn3xoe9on2k3i,,2026-08-12
1011,Vizzit,585.0,17.0,34.41,Studio,17 m² - Studio,,,59000,Lille,,,https://www.vizzit.fr/fr/property/appartement/lille/A8w7wfrh8jbp92le,,2026-08-12
1012,Vizzit,740.0,29.0,25.52,Studio,29 m² - Studio,,,59000,Lille,,,https://www.vizzit.fr/fr/property/appartement/lille/A17vtto9gmdtge9q,,2026-08-12
1013,Vizzit,675.0,54.0,12.5,Appartement,3 pièce - 2 chambre - 54 m² - s - s,,,59000,Lille,,,https://www.vizzit.fr/fr/property/appartement/lille/Autpkqg34bovpuxw,,2026-08-12
1014,Vizzit,442.0,17.0,26.0,Studio,17 m² - Studio,,,59000,Lille,,,https://www.vizzit.fr/fr/property/appartement/lille/A02y3pvah8f21rv1,,2026-08-12
1015,Vizzit,1470.0,70.0,21.0,Appartement,2 pièce - 1 chambre - 70 m² - s,,,59000,Lille,,,https://www.vizzit.fr/fr/property/appartement/lille/Alpws2zauf9is318,,2026-08-12
1016,Vizzit,850.0,42.0,20.24,Studio,42 m² - Studio,,,59000,Lille,,,https://www.vizzit.fr/fr/property/appartement/lille/Abfr0q46fpyeq97d,,2026-08-12
1017,Vizzit,931.0,26.0,35.81,Studio,26 m² - Studio,,,59000,Lille,,,https://www.vizzit.fr/fr/property/appartement/lille/Ax3epd32nvjgk4ep,,2026-08-12
1018,Vizzit,1008.0,58.0,17.38,Appartement,3 pièce - 2 chambre - 58 m² - s - s,,,59000,Lille,,,https://www.vizzit.fr/fr/property/appartement/lille/Ay8ijc9icin5vs48,,2026-08-12
1019,Vizzit,830.0,50.0,16.6,Appartement,2 pièce - 1 chambre - 50 m² - s,,,59000,Lille,,,https://www.vizzit.fr/fr/property/appartement/lille/Ah2s13p1chfes54h,,2026-08-12
1020,Vizzit,670.0,28.0,23.93,Appartement,2 pièce - 1 chambre - 28 m² - s,,,59000,Lille,,,https://www.vizzit.fr/fr/property/appartement/lille/Adclg4xbwj2lizse,,2026-08-12
1021,Vizzit,571.0,28.0,20.39,Studio,28 m² - Studio,,,59000,Lille,,,https://www.vizzit.fr/fr/property/appartement/lille/Ax264wko5kf1lh6d,,2026-08-12
1022,Vizzit,515.0,21.0,24.52,Studio,21 m² - Studio,,,59000,Lille,,,https://www.vizzit.fr/fr/property/appartement/lille/Alf6apq3t2zptmoc,,2026-08-12
1023,Vizzit,720.0,38.0,18.95,Appartement,2 pièce - 1 chambre - 38 m² - s,,,59000,Lille,,,https://www.vizzit.fr/fr/property/appartement/lille/A4hf4lvw78salsxi,,2026-08-12
1024,Vizzit,1660.0,96.0,17.29,Appartement,3 pièce - 2 chambre - 96 m² - s - s,,,59000,Lille,,,https://www.vizzit.fr/fr/property/appartement/lille/A3qs03ky3sm9nsln,,2026-08-12
1025,Vizzit,850.0,50.0,17.0,Appartement,3 pièce - 1 chambre - 50 m² - s,,,59000,Lille,,,https://www.vizzit.fr/fr/property/appartement/lille/A7r1ph43k2i51jtp,,2026-08-12
1026,Vizzit,680.0,28.0,24.29,Appartement,2 pièce - 1 chambre - 28 m² - s,,,59000,Lille,,,https://www.vizzit.fr/fr/property/appartement/lille/Afmgcu2uclspknpt,,2026-08-12
1027,Vizzit,500.0,25.0,20.0,Studio,25 m² - Studio,,,59000,Lille,,,https://www.vizzit.fr/fr/property/appartement/lille/As0qa4yipfcvtvf6,,2026-08-12
1028,Vizzit,915.0,58.0,15.78,Appartement,3 pièce - 2 chambre - 58 m² - s - s,,,59000,Lille,,,https://www.vizzit.fr/fr/property/appartement/lille/Arepazgwh8z5d5ow,,2026-08-12
1029,Vizzit,765.0,32.0,23.91,Appartement,2 pièce - 1 chambre - 32 m² - s,,,59000,Lille,,,https://www.vizzit.fr/fr/property/appartement/lille/Ajfh83i9bx2ve30l,,2026-08-12
1030,Vizzit,660.0,25.0,26.4,Studio,25 m² - Studio,,,59000,Lille,,,https://www.vizzit.fr/fr/property/appartement/lille/Axj8nxnj3b8xnu3p,,2026-08-12
1031,Vizzit,1000.0,70.0,14.29,Appartement,4 pièce - 3 chambre - 70 m² - s - s,,,59000,Lille,,,https://www.vizzit.fr/fr/property/appartement/lille/Aehlosdtbqcz1hj0,,2026-08-12
1032,Vizzit,795.0,35.0,22.71,Appartement,2 pièce - 1 chambre - 35 m² - s,,,59000,Lille,,,https://www.vizzit.fr/fr/property/appartement/lille/A1u1o61ly1hpyq0c,,2026-08-12
1033,Vizzit,1000.0,54.0,18.52,Appartement,2 pièce - 1 chambre - 54 m² - s,,,59000,Lille,,,https://www.vizzit.fr/fr/property/appartement/lille/Ag7i17q5arhzi1ii,,2026-08-12
1034,Vizzit,643.0,34.0,18.91,Appartement,1 pièce - 34 m²,,,59000,Lille,,,https://www.vizzit.fr/fr/property/appartement/lille/Anupfwzdtfrwwxfd,,2026-08-12
1035,Vizzit,640.0,24.0,26.67,Studio,24 m² - Studio,,,59000,Lille,,,https://www.vizzit.fr/fr/property/appartement/lille/Avwjksy5wx9u9gmu,,2026-08-12
1036,Vizzit,700.0,31.0,22.58,Appartement,2 pièce - 1 chambre - 31 m² - s,,,59000,Lille,,,https://www.vizzit.fr/fr/property/appartement/lille/Az1vakbcx2ptm841,,2026-08-12
1037,Vizzit,680.0,56.0,12.14,Appartement,2 pièce - 1 chambre - 56 m² - s,,,59000,Lille,,,https://www.vizzit.fr/fr/property/appartement/lille/Am78sbtvyf5xtjcf,,2026-08-12
1038,Vizzit,460.0,20.0,23.0,Studio,20 m² - Studio,,,59000,Lille,,,https://www.vizzit.fr/fr/property/appartement/lille/As20r2zwmb1vbhkx,,2026-08-12
1039,Vizzit,890.0,64.0,13.91,Appartement,3 pièce - 2 chambre - 64 m² - s - s,,,59000,Lille,,,https://www.vizzit.fr/fr/property/appartement/lille/Askczsnngf58xiri,,2026-08-12
1040,Vizzit,705.0,47.0,15.0,Appartement,2 pièce - 1 chambre - 47 m² - s,,,59000,Lille,,,https://www.vizzit.fr/fr/property/appartement/lille/A4j04tebuyzxg5ya,,2026-08-12
1041,Vizzit,521.0,13.0,40.08,Studio,13 m² - Studio,,,59000,Lille,,,https://www.vizzit.fr/fr/property/appartement/lille/A6dp8zdyi3uqmnax,,2026-08-12
1042,Vizzit,740.0,25.0,29.6,Appartement,2 pièce - 1 chambre - 25 m² - s,,,59000,Lille,,,https://www.vizzit.fr/fr/property/appartement/lille/Azkcn981hiww5wbp,,2026-08-12
1043,Vizzit,485.0,18.0,26.94,Studio,18 m² - Studio,,,59000,Lille,,,https://www.vizzit.fr/fr/property/appartement/lille/Aofn1foerfo301ef,,2026-08-12
1044,Vizzit,600.0,27.0,22.22,Appartement,2 pièce - 1 chambre - 27 m² - s,,,59000,Lille,,,https://www.vizzit.fr/fr/property/appartement/lille/Aioomwwpxj4yoydd,,2026-08-12
1045,Vizzit,915.0,50.0,18.3,Appartement,2 pièce - 1 chambre - 50 m² - s,,,59000,Lille,,,https://www.vizzit.fr/fr/property/appartement/lille/Aw2ozqex6qv6i719,,2026-08-12
1046,Vizzit,780.0,35.0,22.29,Appartement,2 pièce - 1 chambre - 35 m² - s,,,59000,Lille,,,https://www.vizzit.fr/fr/property/appartement/lille/A5jg60ej8brb1mp7,,2026-08-12
1047,Vizzit,440.0,18.0,24.44,Studio,18 m² - Studio,,,59000,Lille,,,https://www.vizzit.fr/fr/property/appartement/lille/Atevfypbhmjf8717,,2026-08-12
1048,Vizzit,535.0,18.0,29.72,Studio,18 m² - Studio,,,59000,Lille,,,https://www.vizzit.fr/fr/property/appartement/lille/Ac6cywke2v5drsw2,,2026-08-12
1049,Vizzit,720.0,37.0,19.46,Appartement,2 pièce - 1 chambre - 37 m² - s,,,59000,Lille,,,https://www.vizzit.fr/fr/property/appartement/lille/A45023v7w2fcjpx8,,2026-08-12
1050,Vizzit,900.0,49.0,18.37,Appartement,2 pièce - 1 chambre - 49 m² - s,,,59000,Lille,,,https://www.vizzit.fr/fr/property/appartement/lille/Ayrq005i7fpd55df,,2026-08-12
1051,Vizzit,300.0,18.0,16.67,Appartement,18 pièce - 1 chambre - 18 m² - s,,,59000,Lille,,,https://www.vizzit.fr/fr/property/appartement/lille/A8rkz55tv69d5e9a,,2026-08-12
1052,Vizzit,970.0,65.0,14.92,Appartement,3 pièce - 2 chambre - 65 m² - s - s,,,59000,Lille,,,https://www.vizzit.fr/fr/property/appartement/lille/Aafbbd9sg3nvp9ec,,2026-08-12
1053,Vizzit,720.0,42.0,17.14,Appartement,1 pièce - 42 m²,,,59000,Lille,,,https://www.vizzit.fr/fr/property/appartement/lille/Afxntzkktl6cyckx,,2026-08-12
1054,Vizzit,560.0,26.0,21.54,Studio,26 m² - Studio,,,59000,Lille,,,https://www.vizzit.fr/fr/property/appartement/lille/Abgqarkvis6bo0zt,,2026-08-12
1055,Vizzit,605.0,30.0,20.17,Studio,30 m² - 30 m² de terrain - Studio,,,59000,Lille,,,https://www.vizzit.fr/fr/property/appartement/lille/Axx1v5o77jngykgt,,2026-08-12
1056,Vizzit,740.0,38.0,19.47,Appartement,2 pièce - 1 chambre - 38 m² - s,,,59000,Lille,,,https://www.vizzit.fr/fr/property/appartement/lille/Aiqz1hof9s87bgp9,,2026-08-12
1057,Vizzit,696.0,30.0,23.2,Studio,30 m² - Studio,,,59000,Lille,,,https://www.vizzit.fr/fr/property/appartement/lille/Aosgvorzccgvyk3z,,2026-08-12
1058,Vizzit,450.0,16.0,28.12,Studio,16 m² - Studio,,,59000,Lille,,,https://www.vizzit.fr/fr/property/appartement/lille/Asl5wz2re66xjyip,,2026-08-12
1059,Vizzit,1052.0,62.0,16.97,Appartement,3 pièce - 62 m² - s,,,59000,Lille,,,https://www.vizzit.fr/fr/property/appartement/lille/Ab0fwxisf7ilxw7g,,2026-08-12
1060,Vizzit,550.0,24.0,22.92,Studio,24 m² - Studio,,,59000,Lille,,,https://www.vizzit.fr/fr/property/appartement/lille/A4yndyep1sh6gs7p,,2026-08-12
1061,Vizzit,650.0,43.0,15.12,Appartement,2 pièce - 1 chambre - 43 m² - s,,,59000,Lille,,,https://www.vizzit.fr/fr/property/appartement/lille/A6d0n1nzdczeeczz,,2026-08-12
1062,Vizzit,1380.0,60.0,23.0,Appartement,2 pièce - 1 chambre - 60 m² - s,,,59000,Lille,,,https://www.vizzit.fr/fr/property/appartement/lille/Au8bvxl5ardphbte,,2026-08-12
1063,Vizzit,500.0,20.0,25.0,Studio,20 m² - Studio,,,59000,Lille,,,https://www.vizzit.fr/fr/property/appartement/lille/A6urzs6i0bxm3fze,,2026-08-12
1064,Vizzit,540.0,20.0,27.0,Studio,20 m² - Studio,,,59000,Lille,,,https://www.vizzit.fr/fr/property/appartement/lille/A7n272t4j2lsqqbh,,2026-08-12
1065,Vizzit,490.0,21.0,23.33,Studio,21 m² - Studio,,,59000,Lille,,,https://www.vizzit.fr/fr/property/appartement/lille/Av9l793i6p7nee06,,2026-08-12
1066,Vizzit,638.0,24.0,26.58,Studio,24 m² - Studio,,,59000,Lille,,,https://www.vizzit.fr/fr/property/appartement/lille/Af1yvasetan9xt00,,2026-08-12
1067,Vizzit,650.0,30.0,21.67,Studio,30 m² - Studio,,,59000,Lille,,,https://www.vizzit.fr/fr/property/appartement/lille/Akhy9cn7w7qwzx67,,2026-08-12
1068,Vizzit,815.0,50.0,16.3,Appartement,3 pièce - 1 chambre - 50 m² - s,,,59000,Lille,,,https://www.vizzit.fr/fr/property/appartement/lille/Avz614n08csmxb9e,,2026-08-12
1069,Vizzit,735.0,30.0,24.5,Appartement,2 pièce - 30 m² - s,,,59000,Lille,,,https://www.vizzit.fr/fr/property/appartement/lille/Akb83ne1t9gijxnf,,2026-08-12
1070,Vizzit,1480.0,110.0,13.45,Appartement,6 pièce - 3 chambre - 110 m² - s - s,,,59000,Lille,,,https://www.vizzit.fr/fr/property/appartement/lille/Ayfzqqy35j4qjh6z,,2026-08-12
1071,Vizzit,660.0,40.0,16.5,Appartement,2 pièce - 1 chambre - 40 m² - s,,,59000,Lille,,,https://www.vizzit.fr/fr/property/appartement/lille/Anxzxh43qr1ixbwj,,2026-08-12
1072,Vizzit,475.0,18.0,26.39,Studio,18 m² - Studio,,,59000,Lille,,,https://www.vizzit.fr/fr/property/appartement/lille/Ayjxaa11m0fe1xav,,2026-08-12
1073,Vizzit,470.0,24.0,19.58,Studio,24 m² - Studio,,,59000,Lille,,,https://www.vizzit.fr/fr/property/appartement/lille/Ah85qfao5sznncm3,,2026-08-12
1074,Vizzit,600.0,30.0,20.0,Studio,30 m² - Studio,,,59000,Lille,,,https://www.vizzit.fr/fr/property/appartement/lille/A36m0iufja0pdglq,,2026-08-12
1075,Vizzit,573.0,29.0,19.76,Studio,29 m² - Studio,,,59000,Lille,,,https://www.vizzit.fr/fr/property/appartement/lille/Apkka5b36vf17tmj,,2026-08-12
1076,Vizzit,800.0,35.0,22.86,Studio,35 m² - Studio,,,59000,Lille,,,https://www.vizzit.fr/fr/property/appartement/lille/A2833395zrjv3wp9,,2026-08-12
1077,Vizzit,590.0,31.0,19.03,Appartement,2 pièce - 1 chambre - 31 m² - s,,,59000,Lille,,,https://www.vizzit.fr/fr/property/appartement/lille/Ala2j3nyosved8r6,,2026-08-12
1078,Vizzit,920.0,51.0,18.04,Appartement,2 pièce - 1 chambre - 51 m² - s,,,59000,Lille,,,https://www.vizzit.fr/fr/property/appartement/lille/Aelzgjxs5nut016d,,2026-08-12
1079,Vizzit,480.0,20.0,24.0,Studio,20 m² - Studio,,,59000,Lille,,,https://www.vizzit.fr/fr/property/appartement/lille/An9ylm3m4cniwtzc,,2026-08-12
1080,Vizzit,490.0,54.0,9.07,Appartement,2 pièce - 2 chambre - 54 m² - s - s,,,59000,Lille,,,https://www.vizzit.fr/fr/property/appartement/lille/Ak44pbu74o92w3oy,,2026-08-12
1081,Vizzit,900.0,42.0,21.43,Appartement,2 pièce - 1 chambre - 42 m² - s,,,59000,Lille,,,https://www.vizzit.fr/fr/property/appartement/lille/A1qc6n0bgnsrzn12,,2026-08-12
1082,Vizzit,1190.0,48.0,24.79,Appartement,2 pièce - 1 chambre - 48 m² - s,,,59000,Lille,,,https://www.vizzit.fr/fr/property/appartement/lille/Ays4qzn5a0yv4s4z,,2026-08-12
1083,Vizzit,569.0,29.0,19.62,Studio,29 m² - Studio,,,59000,Lille,,,https://www.vizzit.fr/fr/property/appartement/lille/A8h7t0n2i3r7ere6,,2026-08-12
1084,Vizzit,500.0,18.0,27.78,Studio,18 m² - Studio,,,59000,Lille,,,https://www.vizzit.fr/fr/property/appartement/lille/Aw4jfvsrj7exgk49,,2026-08-12
1085,Vizzit,440.0,20.0,22.0,Studio,20 m² - Studio,,,59000,Lille,,,https://www.vizzit.fr/fr/property/appartement/lille/Aheywx9d0qc8283i,,2026-08-12
1086,Vizzit,515.0,20.0,25.75,Studio,20 m² - Studio,,,59000,Lille,,,https://www.vizzit.fr/fr/property/appartement/lille/Asl30seuodl1bmb2,,2026-08-12
1087,Vizzit,685.0,27.0,25.37,Studio,27 m² - Studio,,,59000,Lille,,,https://www.vizzit.fr/fr/property/appartement/lille/Amnekily51bgbd03,,2026-08-12
1088,Vizzit,610.0,42.0,14.52,Appartement,2 pièce - 1 chambre - 42 m² - s,,,59000,Lille,,,https://www.vizzit.fr/fr/property/appartement/lille/A15a76i3da9p06p8,,2026-08-12
1089,Vizzit,649.0,30.0,21.63,Appartement,2 pièce - 1 chambre - 30 m² - s,,,59000,Lille,,,https://www.vizzit.fr/fr/property/appartement/lille/Ahkhdzr0d8kl4cef,,2026-08-12
1090,Vizzit,1090.0,59.0,18.47,Appartement,2 pièce - 1 chambre - 59 m² - s,,,59000,Lille,,,https://www.vizzit.fr/fr/property/appartement/lille/Al0afinu2dezdpo0,,2026-08-12
1091,Vizzit,1372.0,61.0,22.49,Appartement,3 pièce - 2 chambre - 61 m² - s - s,,,59000,Lille,,,https://www.vizzit.fr/fr/property/appartement/lille/A5swaktsg69emr9f,,2026-08-12
1092,Vizzit,800.0,75.0,10.67,Appartement,3 pièce - 2 chambre - 75 m² - s - s,,,59000,Lille,,,https://www.vizzit.fr/fr/property/appartement/lille/A55tcbwtq3hu3vun,,2026-08-12
1093,Vizzit,600.0,38.0,15.79,Appartement,1 pièce - 38 m²,,,59000,Lille,,,https://www.vizzit.fr/fr/property/appartement/lille/A0o1u1rzynay5x1y,,2026-08-12
1094,Vizzit,625.0,34.0,18.38,Appartement,2 pièce - 1 chambre - 34 m² - s,,,59000,Lille,,,https://www.vizzit.fr/fr/property/appartement/lille/A3n3xqr5ee0dd7an,,2026-08-12
1095,Vizzit,630.0,49.0,12.86,Appartement,2 pièce - 1 chambre - 49 m² - s,,,59000,Lille,,,https://www.vizzit.fr/fr/property/appartement/lille/As56fvg7x0ux20hj,,2026-08-12
1096,Vizzit,770.0,50.0,15.4,Appartement,3 pièce - 2 chambre - 50 m² - s - s,,,59000,Lille,,,https://www.vizzit.fr/fr/property/immobilier/lille/Ao3tmidt49wyrsgb,,2026-08-12
1097,Vizzit,615.0,36.0,17.08,Appartement,2 pièce - 1 chambre - 36 m² - s,,,59000,Lille,,,https://www.vizzit.fr/fr/property/appartement/lille/Av4vzsgcaunu48f6,,2026-08-12
1098,Vizzit,997.0,47.0,21.21,Appartement,2 pièce - 1 chambre - 47 m² - s,,,59000,Lille,,,https://www.vizzit.fr/fr/property/appartement/lille/Augwg7xa6msl8ypm,,2026-08-12
1099,Vizzit,479.0,18.0,26.61,Studio,18 m² - Studio,,,59000,Lille,,,https://www.vizzit.fr/fr/property/appartement/lille/A46j8cz250owdpfm,,2026-08-12
1100,Vizzit,530.0,20.0,26.5,Studio,20 m² - Studio,,,59000,Lille,,,https://www.vizzit.fr/fr/property/appartement/lille/Afvgwucu13mw5m2l,,2026-08-12
1101,Vizzit,591.0,47.0,12.57,Appartement,2 pièce - 1 chambre - 47 m² - s,,,59000,Lille,,,https://www.vizzit.fr/fr/property/appartement/lille/Ahvyoggrelt6y5sr,,2026-08-12
1102,Vizzit,735.0,27.0,27.22,Studio,27 m² - Studio,,,59000,Lille,,,https://www.vizzit.fr/fr/property/appartement/lille/Anmisuouozhj0ku2,,2026-08-12
1103,Vizzit,980.0,43.0,22.79,Appartement,2 pièce - 1 chambre - 43 m² - s,,,59000,Lille,,,https://www.vizzit.fr/fr/property/appartement/lille/Anjzuht34srspccb,,2026-08-12
1104,Vizzit,825.0,44.0,18.75,Appartement,2 pièce - 1 chambre - 44 m² - s,,,59000,Lille,,,https://www.vizzit.fr/fr/property/appartement/lille/A18cpbt1hd9jg0v7,,2026-08-12
1105,Vizzit,520.0,25.0,20.8,Studio,25 m² - Studio,,,59000,Lille,,,https://www.vizzit.fr/fr/property/appartement/lille/Aesgm7hgxgkclb8f,,2026-08-12
1106,Vizzit,650.0,22.0,29.55,Studio,22 m² - Studio,,,59000,Lille,,,https://www.vizzit.fr/fr/property/appartement/lille/A75q9jj2bmjta5pg,,2026-08-12
1107,Vizzit,670.0,29.0,23.1,Studio,29 m² - Studio,,,59000,Lille,,,https://www.vizzit.fr/fr/property/appartement/lille/Atdxahz2utz5z432,,2026-08-12
1108,Vizzit,620.0,23.0,26.96,Studio,23 m² - Studio,,,59000,Lille,,,https://www.vizzit.fr/fr/property/appartement/lille/Ad9xvvtuej1layg6,,2026-08-12
1109,Vizzit,988.0,60.0,16.47,Appartement,4 pièce - 3 chambre - 60 m² - s - s,,,59000,Lille,,,https://www.vizzit.fr/fr/property/appartement/lille/A72slkhw0twuympe,,2026-08-12
1110,Vizzit,440.0,10.0,44.0,Studio,10 m² - Studio,,,59000,Lille,,,https://www.vizzit.fr/fr/property/appartement/lille/A6ooght3kkxs0b3l,,2026-08-12
1111,Vizzit,400.0,13.0,30.77,Studio,13 m² - Studio,,,59000,Lille,,,https://www.vizzit.fr/fr/property/appartement/lille/A04rutrtmrtm5j40,,2026-08-12
1112,Vizzit,660.0,42.0,15.71,Appartement,2 pièce - 1 chambre - 42 m² - s,,,59000,Lille,,,https://www.vizzit.fr/fr/property/appartement/lille/Awgg6a50epzz37yy,,2026-08-12
1113,Vizzit,1520.0,97.0,15.67,Appartement,3 pièce - 2 chambre - 97 m² - s - s,,,59000,Lille,,,https://www.vizzit.fr/fr/property/appartement/lille/A5b01h0bmqjl2z25,,2026-08-12
1114,Vizzit,460.0,23.0,20.0,Studio,23 m² - Studio,,,59000,Lille,,,https://www.vizzit.fr/fr/property/appartement/lille/Am7hi81fi2cu8vlj,,2026-08-12
1115,Vizzit,395.0,17.0,23.24,Studio,17 m² - Studio,,,59000,Lille,,,https://www.vizzit.fr/fr/property/appartement/lille/A2sgyv4w107dna8u,,2026-08-12
1116,Vizzit,760.0,44.0,17.27,Appartement,2 pièce - 1 chambre - 44 m² - s,,,59000,Lille,,,https://www.vizzit.fr/fr/property/appartement/lille/Awq5sbpcrxu8evay,,2026-08-12
1117,Vizzit,742.0,36.0,20.61,Appartement,1 pièce - 36 m²,,,59000,Lille,,,https://www.vizzit.fr/fr/property/appartement/lille/A97f6gqlhywguqws,,2026-08-12
1118,Vizzit,980.0,48.0,20.42,Appartement,2 pièce - 1 chambre - 48 m² - s,,,59000,Lille,,,https://www.vizzit.fr/fr/property/appartement/lille/Ah1u2lak522ee534,,2026-08-12
1119,Vizzit,705.0,31.0,22.74,Appartement,1 pièce - 31 m²,,,59000,Lille,,,https://www.vizzit.fr/fr/property/appartement/lille/An9u5em3107w0pyo,,2026-08-12
1120,Vizzit,775.0,38.0,20.39,Appartement,2 pièce - 1 chambre - 38 m² - s,,,59000,Lille,,,https://www.vizzit.fr/fr/property/appartement/lille/A9e6fuppritjwy1r,,2026-08-12
1121,Vizzit,505.0,23.0,21.96,Appartement,1 pièce - 23 m²,,,59000,Lille,,,https://www.vizzit.fr/fr/property/appartement/lille/Alw1sr7i7b2vpfwi,,2026-08-12
1122,Vizzit,1400.0,62.0,22.58,Appartement,3 pièce - 2 chambre - 62 m² - s - s,,,59000,Lille,,,https://www.vizzit.fr/fr/property/appartement/lille/Aqmcmki4mnvhqwj5,,2026-08-12
1123,Vizzit,622.0,42.0,14.81,Appartement,2 pièce - 1 chambre - 42 m² - s,,,59000,Lille,,,https://www.vizzit.fr/fr/property/appartement/lille/A7ey4kkj4gqeg8qv,,2026-08-12
1124,Vizzit,583.0,36.0,16.19,Appartement,2 pièce - 1 chambre - 36 m² - s,,,59000,Lille,,,https://www.vizzit.fr/fr/property/appartement/lille/A2ikt1edz7mw2u77,,2026-08-12
1125,Vizzit,516.0,11.0,46.91,Studio,11 m² - Studio,,,59000,Lille,,,https://www.vizzit.fr/fr/property/appartement/lille/A2fl9lupj8o24p3o,,2026-08-12
1126,Vizzit,575.0,38.0,15.13,Appartement,2 pièce - 1 chambre - 38 m² - s,,,59000,Lille,,,https://www.vizzit.fr/fr/property/appartement/lille/An7tyzgfwcuma3d9,,2026-08-12
1127,Vizzit,901.0,69.0,13.06,Appartement,2 chambre - 69 m² - s,,,59000,Lille,,,https://www.vizzit.fr/fr/property/appartement/lille/A5d23tuvfqdhdq6h,,2026-08-12
1128,Vizzit,470.0,10.0,47.0,Studio,10 m² - Studio,,,59000,Lille,,,https://www.vizzit.fr/fr/property/appartement/lille/A4wo5b5hwxft5u65,,2026-08-12
1129,Vizzit,931.0,45.0,20.69,Studio,45 m² - Studio,,,59000,Lille,,,https://www.vizzit.fr/fr/property/appartement/lille/Aqzoq8zffy7850d7,,2026-08-12
1130,Vizzit,580.0,28.0,20.71,Appartement,1 pièce - 28 m²,,,59000,Lille,,,https://www.vizzit.fr/fr/property/appartement/lille/Ar2yzshb1dfhtjdh,,2026-08-12
1131,Vizzit,1406.0,88.0,15.98,Appartement,4 pièce - 3 chambre - 88 m² - s - s,,,59000,Lille,,,https://www.vizzit.fr/fr/property/appartement/lille/Agbf8sdxse2h9p38,,2026-08-12
1132,Vizzit,1267.0,73.0,17.36,Appartement,3 pièce - 2 chambre - 73 m² - s - s,,,59000,Lille,,,https://www.vizzit.fr/fr/property/appartement/lille/Ax7k5d33ilfmb7q9,,2026-08-12
1133,Vizzit,753.0,47.0,16.02,Appartement,2 pièce - 1 chambre - 47 m² - s,,,59000,Lille,,,https://www.vizzit.fr/fr/property/appartement/lille/Arjauhmm0rc1hmjh,,2026-08-12
1134,Vizzit,890.0,43.0,20.7,Appartement,2 pièce - 43 m² - s,,,59000,Lille,,,https://www.vizzit.fr/fr/property/appartement/lille/A4auf4unr4w23276,,2026-08-12
1135,Vizzit,1850.0,105.0,17.62,Appartement,4 pièce - 2 chambre - 105 m² - s - s,,,59000,Lille,,,https://www.vizzit.fr/fr/property/appartement/lille/A8cla8npzsxs0zyn,,2026-08-12
1136,Vizzit,1299.0,93.0,13.97,Appartement,4 pièce - 1 chambre - 93 m² - s,,,59000,Lille,,,https://www.vizzit.fr/fr/property/appartement/lille/Auovwexdgn3fnqk6,,2026-08-12
1137,Vizzit,1090.0,65.0,16.77,Appartement,3 pièce - 65 m² - s,,,59000,Lille,,,https://www.vizzit.fr/fr/property/appartement/lille/Ajnnv92img3x0dzi,,2026-08-12
1138,Vizzit,710.0,28.0,25.36,Studio,28 m² - Studio,,,59000,Lille,,,https://www.vizzit.fr/fr/property/appartement/lille/Ajy4ag50k10vrpi4,,2026-08-12
1139,Vizzit,1135.0,87.0,13.05,Appartement,4 pièce - 3 chambre - 87 m² - s - s,,,59000,Lille,,,https://www.vizzit.fr/fr/property/appartement/lille/Ai0rarzgiknvs7yt,,2026-08-12
1140,Vizzit,682.0,45.0,15.16,Appartement,2 pièce - 1 chambre - 45 m² - s,,,59000,Lille,,,https://www.vizzit.fr/fr/property/appartement/lille/Ai3pkz0d9emqa4sm,,2026-08-12
1141,Vizzit,825.0,50.0,16.5,Appartement,2 pièce - 1 chambre - 50 m² - s,,,59000,Lille,,,https://www.vizzit.fr/fr/property/appartement/lille/Apcj4yrmr2yq9og0,,2026-08-12
1142,Vizzit,550.0,23.0,23.91,Studio,23 m² - Studio,,,59000,Lille,,,https://www.vizzit.fr/fr/property/appartement/lille/Apfvlp10dijziqkl,,2026-08-12
1143,Vizzit,972.0,65.0,14.95,Appartement,3 pièce - 2 chambre - 65 m² - s - s,,,59000,Lille,,,https://www.vizzit.fr/fr/property/appartement/lille/Aqq8vjqig5dnee9q,,2026-08-12
1144,Vizzit,575.0,20.0,28.75,Appartement,1 pièce - 20 m²,,,59000,Lille,,,https://www.vizzit.fr/fr/property/appartement/lille/Acl1g9f86at1izb3,,2026-08-12
1145,Vizzit,560.0,20.0,28.0,Studio,20 m² - Studio,,,59000,Lille,,,https://www.vizzit.fr/fr/property/appartement/lille/Arnhnhpbsqvo2evo,,2026-08-12
1146,Vizzit,430.0,56.0,7.68,Appartement,1 pièce - 56 m²,,,59000,Lille,,,https://www.vizzit.fr/fr/property/appartement/lille/Agmltg0n2i0m3ez3,,2026-08-12
1147,Vizzit,2263.0,109.0,20.76,Appartement,3 pièce - 2 chambre - 109 m² - s - s,,,59000,Lille,,,https://www.vizzit.fr/fr/property/appartement/lille/Ahssuorbnrrs1a58,,2026-08-12
1148,Vizzit,700.0,24.0,29.17,Studio,24 m² - Studio,,,59000,Lille,,,https://www.vizzit.fr/fr/property/appartement/lille/Aaqz2el2s5r5xrep,,2026-08-12
1149,Vizzit,1050.0,74.0,14.19,Appartement,3 pièce - 2 chambre - 74 m² - s - s,,,59000,Lille,,,https://www.vizzit.fr/fr/property/appartement/lille/A5b59v87im8em9mr,,2026-08-12
1150,Vizzit,479.0,15.0,31.93,Studio,15 m² - Studio,,,59000,Lille,,,https://www.vizzit.fr/fr/property/appartement/lille/Ax8b7ze3m783qobh,,2026-08-12
1151,Vizzit,655.0,37.0,17.7,Appartement,2 pièce - 1 chambre - 37 m² - s,,,59000,Lille,,,https://www.vizzit.fr/fr/property/appartement/lille/Aewlswi5mqlhmxt6,,2026-08-12
1152,Vizzit,970.0,50.0,19.4,Appartement,3 pièce - 2 chambre - 50 m² - s - s,,,59000,Lille,,,https://www.vizzit.fr/fr/property/appartement/lille/As1j1h0hpxqdmu6z,,2026-08-12
1153,Vizzit,795.0,27.0,29.44,Appartement,1 pièce - 27 m²,,,59000,Lille,,,https://www.vizzit.fr/fr/property/appartement/lille/Ain161yefkvirdsk,,2026-08-12
1154,Vizzit,740.0,50.0,14.8,Appartement,2 pièce - 1 chambre - 50 m² - s,,,59000,Lille,,,https://www.vizzit.fr/fr/property/appartement/lille/Aa695evxku709qtf,,2026-08-12
1155,Vizzit,600.0,10.0,60.0,Appartement,1 pièce - 10 m²,,,59000,Lille,,,https://www.vizzit.fr/fr/property/immobilier/lille/Aku3yquk7j3s3n5k,,2026-08-12
1156,Vizzit,1180.0,71.0,16.62,Appartement,3 pièce - 2 chambre - 71 m² - s - s,,,59000,Lille,,,https://www.vizzit.fr/fr/property/appartement/lille/Ayezjtt0avcb6y8p,,2026-08-12
1157,Vizzit,530.0,18.0,29.44,Studio,18 m² - Studio,,,59000,Lille,,,https://www.vizzit.fr/fr/property/appartement/lille/Ad0lpzl29l8nra9h,,2026-08-12
1158,Vizzit,530.0,23.0,23.04,Studio,23 m² - Studio,,,59000,Lille,,,https://www.vizzit.fr/fr/property/appartement/lille/Azasfhucvtwtbgv0,,2026-08-12
1159,Vizzit,837.0,56.0,14.95,Appartement,4 pièce - 2 chambre - 56 m² - s - s,,,59000,Lille,,,https://www.vizzit.fr/fr/property/appartement/lille/Anw6ehds0t8w2bmw,,2026-08-12
1160,Vizzit,610.0,31.0,19.68,Appartement,2 pièce - 1 chambre - 31 m² - s,,,59000,Lille,,,https://www.vizzit.fr/fr/property/appartement/lille/A4eb76hpolr1iv60,,2026-08-12
1161,Vizzit,670.0,32.0,20.94,Appartement,4 pièce - 1 chambre - 32 m² - s,,,59000,Lille,,,https://www.vizzit.fr/fr/property/appartement/lille/Aoxqmae9ksbdbdm6,,2026-08-12
1162,Vizzit,434.0,20.0,21.7,Studio,20 m² - Studio,,,59000,Lille,,,https://www.vizzit.fr/fr/property/appartement/lille/Acbg9jg45r9uzfgo,,2026-08-12
1163,Vizzit,670.0,43.0,15.58,Appartement,2 pièce - 1 chambre - 43 m² - s,,,59000,Lille,,,https://www.vizzit.fr/fr/property/appartement/lille/A33lx1eaxzebb6i2,,2026-08-12
1164,Vizzit,427.0,19.0,22.47,Studio,19 m² - Studio,,,59000,Lille,,,https://www.vizzit.fr/fr/property/appartement/lille/Alau2yl1f1k2m8hf,,2026-08-12
1165,Vizzit,670.0,23.0,29.13,Studio,23 m² - Studio,,,59000,Lille,,,https://www.vizzit.fr/fr/property/appartement/lille/A16hw942hvtyh9tt,,2026-08-12
1166,Vizzit,590.0,16.0,36.88,Studio,16 m² - Studio,,,59000,Lille,,,https://www.vizzit.fr/fr/property/appartement/lille/Alm4zl23bvwgqeei,,2026-08-12
1167,Vizzit,610.0,17.0,35.88,Studio,17 m² - Studio,,,59000,Lille,,,https://www.vizzit.fr/fr/property/appartement/lille/Autiir8damoj5qmu,,2026-08-12
1168,Vizzit,1104.0,65.0,16.98,Appartement,3 pièce - 2 chambre - 65 m² - s - s,,,59000,Lille,,,https://www.vizzit.fr/fr/property/appartement/lille/Akw20ig3bu616gu8,,2026-08-12
1169,Vizzit,800.0,42.0,19.05,Studio,42 m² - Studio,,,59000,Lille,,,https://www.vizzit.fr/fr/property/appartement/lille/Ak98m0i95h376c0k,,2026-08-12
1170,Vizzit,810.0,45.0,18.0,Appartement,2 pièce - 45 m² - s,,,59000,Lille,,,https://www.vizzit.fr/fr/property/appartement/lille/Ag2c0dbd8fawj7y7,,2026-08-12
1171,Vizzit,760.0,35.0,21.71,Studio,35 m² - Studio,,,59000,Lille,,,https://www.vizzit.fr/fr/property/appartement/lille/Actwu5kk2sac6k6r,,2026-08-12
1172,Vizzit,2700.0,160.0,16.88,Appartement,4 pièce - 3 chambre - 160 m² - s - s,,,59000,Lille,,,https://www.vizzit.fr/fr/property/appartement/lille/Aj3isu0dks1xs834,,2026-08-12
1173,Vizzit,2140.0,124.0,17.26,Appartement,5 pièce - 3 chambre - 124 m² - s - s,,,59000,Lille,,,https://www.vizzit.fr/fr/property/appartement/lille/Aatv8d0q9xhznbo1,,2026-08-12
1174,Vizzit,830.0,42.0,19.76,Appartement,2 pièce - 1 chambre - 42 m² - s,,,59000,Lille,,,https://www.vizzit.fr/fr/property/appartement/lille/Ak24wtptn8d129fv,,2026-08-12
1175,Vizzit,505.0,21.0,24.05,Studio,21 m² - Studio,,,59000,Lille,,,https://www.vizzit.fr/fr/property/appartement/lille/A8uapt7vlymg71fl,,2026-08-12
1176,Vizzit,660.0,37.0,17.84,Appartement,2 pièce - 1 chambre - 37 m² - s,,,59000,Lille,,,https://www.vizzit.fr/fr/property/appartement/lille/Ampty62nllx1pyh5,,2026-08-12
1177,Vizzit,250.0,20.0,12.5,Studio,20 m² - 25 m² de terrain - Studio,,,59000,Lille,,,https://www.vizzit.fr/fr/property/immobilier/lille/Asaxosmclawbf93k,,2026-08-12
1178,Vizzit,515.0,19.0,27.11,Studio,19 m² - Studio,,,59000,Lille,,,https://www.vizzit.fr/fr/property/appartement/lille/Ayhnlrz3vxcurhl5,,2026-08-12
1179,Vizzit,680.0,31.0,21.94,Studio,31 m² - Studio,,,59000,Lille,,,https://www.vizzit.fr/fr/property/appartement/lille/Aspwzoztr0aj49ws,,2026-08-12
1180,Vizzit,825.0,45.0,18.33,Appartement,3 pièce - 2 chambre - 45 m² - s - s,,,59000,Lille,,,https://www.vizzit.fr/fr/property/appartement/lille/A2ssktcup9ri3tre,,2026-08-12
1181,Vizzit,945.0,54.0,17.5,Appartement,3 pièce - 2 chambre - 54 m² - s - s,,,59000,Lille,,,https://www.vizzit.fr/fr/property/appartement/lille/Aqb3opqcl28uompu,,2026-08-12
1182,Vizzit,640.0,34.0,18.82,Appartement,2 pièce - 1 chambre - 34 m² - s,,,59000,Lille,,,https://www.vizzit.fr/fr/property/appartement/lille/Aqpjls0g76hltb2z,,2026-08-12
1183,Vizzit,745.0,45.0,16.56,Appartement,2 pièce - 1 chambre - 45 m² - s,,,59000,Lille,,,https://www.vizzit.fr/fr/property/appartement/lille/Akoxyedg22du480y,,2026-08-12
1184,Vizzit,835.0,30.0,27.83,Appartement,3 pièce - 2 chambre - 30 m² - s - s,,,59000,Lille,,,https://www.vizzit.fr/fr/property/appartement/lille/A72kptmnsl7m4l1k,,2026-08-12
1185,Vizzit,620.0,29.0,21.38,Studio,29 m² - Studio,,,59000,Lille,,,https://www.vizzit.fr/fr/property/appartement/lille/Axcfwoojc4sqa3m5,,2026-08-12
1186,Vizzit,820.0,45.0,18.22,Appartement,2 pièce - 1 chambre - 45 m² - s,,,59000,Lille,,,https://www.vizzit.fr/fr/property/appartement/lille/A9scgnfc6vwhefyb,,2026-08-12
1187,Vizzit,820.0,42.0,19.52,Appartement,2 pièce - 1 chambre - 42 m² - s,,,59000,Lille,,,https://www.vizzit.fr/fr/property/appartement/lille/Ag32yi3g2rgpwm46,,2026-08-12
1188,Vizzit,625.0,35.0,17.86,Appartement,1 pièce - 2 chambre - 35 m² -  - s,,,59000,Lille,,,https://www.vizzit.fr/fr/property/appartement/lille/Adgsf2nozv8p3a34,,2026-08-12
1189,Vizzit,896.0,38.0,23.58,Appartement,1 pièce - 38 m²,,,59000,Lille,,,https://www.vizzit.fr/fr/property/appartement/lille/A1ewwawpkj9jp084,,2026-08-12
1190,Vizzit,1000.0,82.0,12.2,Appartement,4 pièce - 3 chambre - 82 m² - s - s,,,59000,Lille,,,https://www.vizzit.fr/fr/property/appartement/lille/A34xqfktn1zxly97,,2026-08-12
1191,Vizzit,756.0,51.0,14.82,Appartement,2 pièce - 1 chambre - 51 m² - s,,,59000,Lille,,,https://www.vizzit.fr/fr/property/appartement/lille/Al0hzge49sx9u6vb,,2026-08-12
1192,Vizzit,740.0,49.0,15.1,Appartement,2 pièce - 1 chambre - 49 m² - s,,,59000,Lille,,,https://www.vizzit.fr/fr/property/appartement/lille/Alj42eyoewndkuwg,,2026-08-12
1193,Vizzit,430.0,18.0,23.89,Studio,18 m² - Studio,,,59000,Lille,,,https://www.vizzit.fr/fr/property/appartement/lille/Awot5tkm3bw5w6yy,,2026-08-12
1194,Vizzit,815.0,36.0,22.64,Studio,36 m² - Studio,,,59000,Lille,,,https://www.vizzit.fr/fr/property/appartement/lille/Asthudmjlz5gsqby,,2026-08-12
1195,Vizzit,720.0,24.0,30.0,Studio,24 m² - Studio,,,59000,Lille,,,https://www.vizzit.fr/fr/property/appartement/lille/A8lhz0yif8oi8h68,,2026-08-12
1196,Vizzit,530.0,30.0,17.67,Studio,30 m² - Studio,,,59000,Lille,,,https://www.vizzit.fr/fr/property/appartement/lille/Akwc5klu5ozrogz7,,2026-08-12
1197,Vizzit,821.0,47.0,17.47,Appartement,2 pièce - 1 chambre - 47 m² - s,,,59000,Lille,,,https://www.vizzit.fr/fr/property/appartement/lille/Aqqg090wd51bpr0i,,2026-08-12
1198,Vizzit,608.0,33.0,18.42,Studio,33 m² - Studio,,,59000,Lille,,,https://www.vizzit.fr/fr/property/appartement/lille/Ae1hydoic0chuqy8,,2026-08-12
1199,Vizzit,440.0,16.0,27.5,Studio,16 m² - Studio,,,59000,Lille,,,https://www.vizzit.fr/fr/property/appartement/lille/Aewfy0djim0g726l,,2026-08-12
1200,Vizzit,913.0,37.0,24.68,Appartement,2 pièce - 1 chambre - 37 m² - s,,,59000,Lille,,,https://www.vizzit.fr/fr/property/appartement/lille/A13rfz6rucot9fob,,2026-08-12
1201,Vizzit,400.0,17.0,23.53,Studio,17 m² - Studio,,,59000,Lille,,,https://www.vizzit.fr/fr/property/appartement/lille/Awb4r22nji0xqxvx,,2026-08-12
1202,Vizzit,866.0,56.0,15.46,Appartement,3 pièce - 2 chambre - 56 m² - s - s,,,59000,Lille,,,https://www.vizzit.fr/fr/property/appartement/lille/Al0sq9awxqrha7f4,,2026-08-12
1203,Vizzit,500.0,24.0,20.83,Studio,24 m² - Studio,,,59000,Lille,,,https://www.vizzit.fr/fr/property/appartement/lille/Aekzo3mo5qjy22t2,,2026-08-12
1204,Vizzit,565.0,34.0,16.62,Appartement,2 pièce - 1 chambre - 34 m² - s,,,59000,Lille,,,https://www.vizzit.fr/fr/property/appartement/lille/A6n5xa9uybzqtxok,,2026-08-12
1205,Vizzit,870.0,48.0,18.12,Appartement,2 pièce - 1 chambre - 48 m² - s,,,59000,Lille,,,https://www.vizzit.fr/fr/property/appartement/lille/Abbnupueudc7afss,,2026-08-12
1206,Vizzit,1320.0,64.0,20.62,Appartement,4 pièce - 3 chambre - 64 m² - s - s,,,59000,Lille,,,https://www.vizzit.fr/fr/property/appartement/lille/Alnywgigum1ru5dm,,2026-08-12
1207,Vizzit,820.0,46.0,17.83,Appartement,2 pièce - 1 chambre - 46 m² - s,,,59000,Lille,,,https://www.vizzit.fr/fr/property/appartement/lille/Af6v1190uqqo0wfe,,2026-08-12
1208,Vizzit,670.0,37.0,18.11,Appartement,2 pièce - 1 chambre - 37 m² - s,,,59000,Lille,,,https://www.vizzit.fr/fr/property/appartement/lille/Arauw4zo9u7zzpcm,,2026-08-12
1209,Vizzit,310.0,14.0,22.14,Studio,14 m² - Studio,,,59000,Lille,,,https://www.vizzit.fr/fr/property/appartement/lille/Aiq5qiah8u2fej9d,,2026-08-12
1210,Vizzit,585.0,25.0,23.4,Studio,25 m² - Studio,,,59000,Lille,,,https://www.vizzit.fr/fr/property/appartement/lille/Anzka72forkrk70u,,2026-08-12
1211,Vizzit,850.0,30.0,28.33,Appartement,1 pièce - 30 m²,,,59000,Lille,,,https://www.vizzit.fr/fr/property/appartement/lille/A0977916g9py71u4,,2026-08-12
1212,Vizzit,938.0,51.0,18.39,Appartement,3 pièce - 1 chambre - 51 m² - s,,,59000,Lille,,,https://www.vizzit.fr/fr/property/appartement/lille/Aji1nxxt6xueuo6t,,2026-08-12
1213,Vizzit,460.0,17.0,27.06,Studio,17 m² - Studio,,,59000,Lille,,,https://www.vizzit.fr/fr/property/appartement/lille/Awfr730sas8eid4k,,2026-08-12
1214,Vizzit,1320.0,81.0,16.3,Appartement,3 pièce - 2 chambre - 81 m² - s - s,,,59000,Lille,,,https://www.vizzit.fr/fr/property/appartement/lille/Ae3shuo70thk1y3b,,2026-08-12
1215,Vizzit,1250.0,63.0,19.84,Appartement,2 pièce - 1 chambre - 63 m² - s,,,59000,Lille,,,https://www.vizzit.fr/fr/property/appartement/lille/Axs0mukxf1hes4vf,,2026-08-12
1216,Vizzit,1200.0,85.0,14.12,Appartement,3 pièce - 2 chambre - 85 m² - s - s,,,59000,Lille,,,https://www.vizzit.fr/fr/property/appartement/lille/Aiip3d1wn9k59u3l,,2026-08-12
1217,Vizzit,850.0,45.0,18.89,Appartement,3 pièce - 2 chambre - 45 m² - s - s,,,59000,Lille,,,https://www.vizzit.fr/fr/property/appartement/lille/A2pgbzywogb70yt6,,2026-08-12
1218,Vizzit,995.0,75.0,13.27,Appartement,2 pièce - 1 chambre - 75 m² - s,,,59000,Lille,,,https://www.vizzit.fr/fr/property/appartement/lille/Ajr42nxon8ar6ydm,,2026-08-12
1219,Vizzit,730.0,36.0,20.28,Studio,36 m² - Studio,,,59000,Lille,,,https://www.vizzit.fr/fr/property/appartement/lille/A1j64hnqi2wnbg5w,,2026-08-12
1220,Vizzit,565.0,18.0,31.39,Studio,18 m² - Studio,,,59000,Lille,,,https://www.vizzit.fr/fr/property/appartement/lille/Awfvqzrj5q9s2j8c,,2026-08-12
1221,Century 21,1215.0,72.0,16.88,Local/Bureau,"2 pièce - Local 72 m2, s Ref : 134701","Appartement Local à louer LYON  69003 72 m2, 2 pièces Ref : 134701","LYON 3 / PLACE GUICHARD LOCAL COMMERCIAL Votre agence Century 21 Part-Dieu vous propose à la location ce local commercial idéalement situé à proximité immédiate de la Place Guichard, au cœur d'un secteur dynamique et recherché du 3 arrondissement de Lyon. Bénéficiant d'un emplacement stratégique, à deux pas des commerces, transports en commun, bureaux et nombreuses commodités, ce local offre une excellente visibilité ainsi qu'un accès rapide au quartier d'affaires de la Part-Dieu. Le secteur est particulièrement apprécié pour son fort passage et son environnement professionnel et résidentiel, idéal pour le développement de votre activité commerciale, libérale ou tertiaire. Le bien se compose d'une grande entrée pouvant accueillir un espace d'accueil ou d'attente, d'une pièce indépendante faisant office de bureau ainsi que d'un W.C. séparé. À l'étage, vous profiterez d'une vaste pièce supplémentaire offrant de nombreuses possibilités d'aménagement selon vos besoins : espace de travail, salle de réunion, showroom, atelier ou espace de stockage. Grâce à sa configuration fonctionnelle et à sa situation géographique centrale, ce local conviendra parfaitement à de nombreuses activités professionnelles : professions libérales, cabinet de conseil, activité administrative, coworking, architecture, design, communication, activité de service, institut spécialisé ou encore bureaux pour une société souhaitant bénéficier d'une adresse attractive à Lyon 3. Ce bien représente une opportunité idéale pour développer votre activité dans un environnement vivant, facilement accessible et bénéficiant d'une forte attractivité commerciale et professionnelle. N'hésitez pas à nous contacter pour plus de renseignements ou pour organiser un rendez-vous de visite !",69003,Lyon,,,https://www.century21.fr/trouver_logement/detail/15520790871/,https://www.century21.fr/imagesBien/s3/202/3743/c21_202_3743_134701_8_C3A57178-8B12-49B0-AD52-E79C81EB90AC.jpg,2026-09-24
1222,Century 21,2500.0,170.0,14.71,Appartement,"T3 - 170 m2, 4 pièces Ref : 907","Appartement T3 à louer LYON  69007 170 m2, 4 pièces Ref : 907","T3 BIS - LYON 8 - MEUBLE À découvrir sans tarder, ce superbe et rare T3 bis de 170 m² situé dans le quartier prisé de la Route de Vienne. Ce bien bourgeois, traversant et lumineux, séduira par son cachet et son potentiel, idéal pour une résidence familiale. L'appartement se compose d'un spacieux séjour double de 50 m², d'une suite parentale avec salle de bains, d'un grand bureau, d'une chambre exceptionnelle de 32 m², d'une cuisine indépendante, d'une seconde salle d'eau avec WC, ainsi que de nombreux rangements auxquels s'ajoute un cellier. Situé dans un immeuble classé, ce bien historique offre un charme unique, et une terrasse privatise de 32m2 Les charges incluent l'eau froide et l'entretien des parties communes. Disponible de suite !",69007,Lyon,,,https://www.century21.fr/trouver_logement/detail/13910822966/,https://www.century21.fr/imagesBien/s3/202/3306/c21_202_3306_907_8_D94D9D33-18B4-4A76-8B15-4514A8AD786B.jpg,2026-09-24
1223,Century 21,912.0,41.91,21.76,Appartement,"1 pièce - F1 41,91 m2, Ref : 1218","Appartement F1 à louer LYON  69007 41,91 m2, 1 pièce Ref : 1218","T1 BIS - MEUBLE - LYON 7 Venez visiter ce grand T1 Bis meublé de 41,91 m² situé au 2 étage d'un immeuble sécurisé, au pied du tramway T2 arrêt ""Route de Vienne"", et à proximité immédiate des commerces (boulangerie, pharmacie, superette). L'appartement se compose d'une entrée avec un grand dressing, d'un vaste séjour lumineux ouvert sur une cuisine aménagée et entièrement équipée (lave-vaisselle, plaques de cuisson, hotte, four, micro-ondes). La salle d'eau est équipée d'une machine à laver et les WC sont séparés. Une chambre, séparé par une verrière, offre une vraie pièce supplémentaire (moins de 9 m²). Eau chaude et Electricité Individuel Disponible le 05/10/2026 !",69007,Lyon,,,https://www.century21.fr/trouver_logement/detail/16837375255/,https://www.century21.fr/imagesBien/s3/202/3306/c21_202_3306_1218_8_300CFBEE-F6D7-453A-9A39-44B59229C90F.jpg,2026-09-24
1224,Century 21,862.0,45.0,19.16,Appartement,"2 pièce - F2 45 m2, s Ref : 4028","Appartement F2 à louer LYON  69005 45 m2, 2 pièces Ref : 4028","Situé derrière l'hôpital des Massues, au 80 rue Edmond Locard : Découvrez ce superbe 2-pièces en rez-de-jardin, un véritable havre de paix décoré avec un goût exquis. Dès l'entrée, vous serez séduit par ses espaces lumineux et parfaitement agencés. Le séjour s'ouvre sur une charmante terrasse avec vue dégagée sur un bel espace vert, idéal pour profiter du calme et de la nature. La chambre confortable et la cuisine élégante complètent ce bien d'exception. Un lieu rare, alliant sérénité et raffinement, à découvrir sans tarder.",69005,Lyon,,,https://www.century21.fr/trouver_logement/detail/15159448270/,https://www.century21.fr/imagesBien/s3/202/3404/c21_202_3404_4028_8_9BF5D034-B8B4-4D83-89AB-DDBBF7B8C915.jpg,2026-09-24
1225,Century 21,826.0,44.73,18.47,Appartement,"2 pièce - F2 44,73 m2, s Ref : 20597","Appartement F2 à louer LYON  69003 44,73 m2, 2 pièces Ref : 20597","A louer à Lyon 3ème, quartier Montchat : Rue Cyrano, (proche commerces, transports notamment Tramway T3 et du TB12) dans une impasse au calme, un appartement traversant est /ouest de 2 pièces meublé entièrement rénové il y a moins de 3 ans. Il se compose d'une belle pièce à vivre avec un espace salon et cuisine équipée très fonctionnelle, d'une chambre avec salle d'eau et d'un WC séparé. Atouts supplémentaires : ce bien dispose de nombreux rangements. Est inclus dans les charges l'entretien des parties communes. Disponible le 29 septembre.",69003,Lyon,,,https://www.century21.fr/trouver_logement/detail/16941557090/,https://www.century21.fr/imagesBien/s3/202/3571/c21_202_3571_20597_8_D31DF63E-AA4A-40E9-A379-5EAF577FAE53.jpg,2026-09-24
1226,Century 21,1288.0,98.93,13.02,Appartement,"T4 - 98,93 m2, 3 pièces Ref : 1219","Appartement T4 à louer LYON  69007 98,93 m2, 3 pièces Ref : 1219","T3 - NON MEUBLE - LYON 7 Century 21 le 7 de Cœur vous propose à la location un grand T3 de 98.93m², situé au 1er étage avec ascenseur. Emplacement idéal, à proximité des transports en commun : - Metro B arrêt ""Jean Macé"" à 6 minutes à pieds. - Tram T2 arrêt ""Garibaldi - Berthelot"" à 2 minutes à pieds. Le bien se compose d'une grande entrée, une cuisine aménagée séparée, un séjour double de 32m², 2 grandes chambres de 12m² et 15m², une salle de bains ainsi qu'un WC séparé. Charges : - Eau froide individuelle - Eau chaude individuelle Gaz - Chauffage individuel Gaz Disponible de suite !",69007,Lyon,,,https://www.century21.fr/trouver_logement/detail/16837469534/,https://www.century21.fr/imagesBien/s3/202/3306/c21_202_3306_1219_8_FA80BF39-0FF4-4867-BCE2-04C6A4C31D17.jpg,2026-09-24
1227,Century 21,1500.0,56.89,26.37,Appartement,"3 pièce - F3 56,89 m2, s Ref : 1229","Appartement F3 à louer LYON  69007 56,89 m2, 3 pièces Ref : 1229","T3 - MEUBLE - LYON 7 Century 21 le 7 de Cœur vous propose ce T3 de 56m² situé dans une résidence sécurisée à proximité des commerces et des transports : - Métro B et D arrêt ""Saxe - Gambetta"" à 6 minutes à pieds. - Tram 1 arrêt ""Rue de l'Université"" à 6 minutes à pieds. Cet appartement est composé d'une entrée avec placards, un salon séjour avec une jolie cuisine américaine aménagée et équipée ouvrant sur un balcon sans vis-à-vis, 2 chambres dont une avec placard, une salle d'eau avec douche italienne, un couloir avec placards, ainsi qu'un WC séparé. En sus, un garage extérieur est disponible pour 120€/mois. Charges : - Eau froide collective - Eau chaude individuelle Gaz - Chauffage individuel Gaz Disponible le 1er novembre 2026 ! Complément de loyer de 485.18 euros justifié par le mobilier et la décoration non obligatoire, le lave vaisselle, une cave, un four + un micro-ondes, une cave à vin, lave linge.",69007,Lyon,,,https://www.century21.fr/trouver_logement/detail/16962107944/,https://www.century21.fr/imagesBien/s3/202/3306/c21_202_3306_1229_8_CA3F2BDF-E879-4C62-AED7-96759E3983DD.jpg,2026-09-24
1228,Century 21,1110.0,45.0,24.67,Appartement,"2 pièce - F2 45 m2, s Ref : 134827","Appartement F2 à louer LYON  69003 45 m2, 2 pièces Ref : 134827","LYON 3ème/Saxe-Gambetta Votre agence Century 21 Part-Dieu vous propose à Lyon 3, à proximité de la station de métro Saxe-Gambetta, au cœur d'une copropriété de standing avec jardins et terrain de tennis, un appartement de type 2 style maison de vacance en location meublée. Vous apprécierez le calme, le volume et l'agencement de ce bien offrant un séjour avec cuisine ouverte, la chambre en mezzanine fermée avec sa salle de bain et ses WC séparés. DPE EN COURS",69003,Lyon,,,https://www.century21.fr/trouver_logement/detail/16969179473/,https://www.century21.fr/imagesBien/s3/202/3743/c21_202_3743_134827_8_E00974B4-89A9-4B83-88D9-6E597800686B.jpg,2026-09-24
1229,Century 21,1639.0,103.72,15.8,Appartement,"T4 - 103,72 m2, 4 pièces Ref : 810","Appartement T4 à louer LYON  69004 103,72 m2, 4 pièces Ref : 810","Plateau Croix Rousse - Idéalement situé à 300 m du métro Hénon dans une résidence arborée, au calme et bien entretenue, venez découvrir cet appartement spacieux et bien distribué de 104m². Il se compose d'un séjour, d'une cuisine indépendante aménagée et équipée, de 3 chambres, d'une salle de bains, d'une salle d'eau et d'un WC. Cave et place de parking privative dans la résidence. Le quartier est très bien desservi: métro ligneC Hénon et plusieurs arrêts de bus (33, 2, 45, PL2). À quelques pas se trouvent des établissements scolaires ainsi que de nombreux commerces et une offre variée de restaurants et cafés. Les espaces verts et équipements sportifs (squares, boulodromes) sont également à proximité immédiate, offrant un cadre de vie pratique et agréable. Disponible au 01/09/2026",69004,Lyon,,,https://www.century21.fr/trouver_logement/detail/16715543571/,https://www.century21.fr/imagesBien/s3/202/3403/c21_202_3403_810_8_A281292D-A269-47A0-A82C-52292FDE5E98.jpg,2026-09-24
1230,Century 21,977.0,48.55,20.12,Appartement,"2 pièce - F1 48,55 m2, s Ref : 1217","Appartement F1 à louer LYON  69007 48,55 m2, 2 pièces Ref : 1217","T2 - MEUBLE - LYON 7 SECTEUR JEAN MACE : Venez visiter notre appartement T2 meublé au sein d'une résidence calme et sécurisé. Situé à proximité des transports, à 5min à pieds du Métro B et du Tram 2 arrêt ""Jean Macé"". Il se compose d'une entrée, un séjour ouvrant sur un grand balcon SANS VIS A VIS sur jardin. Une cuisine indépendante aménagée et équipée. une chambre avec 2 espaces de rangements, une salle de bain et WC séparés. Un box complète cette location en sous sol. Charges : - Eau froide collective - Eau chaude individuelle Gaz - Chauffage individuel Gaz Disponible de suite !",69007,Lyon,,,https://www.century21.fr/trouver_logement/detail/16836641499/,https://www.century21.fr/imagesBien/s3/202/3306/c21_202_3306_1217_8_9BA12C66-096F-4BAE-95C8-B06F8DDB7F3F.jpg,2026-09-24
1231,Century 21,1500.0,70.69,21.22,Appartement,"T3 - 70,69 m2, 3 pièces Ref : 1220","Appartement T3 à louer LYON  69003 70,69 m2, 3 pièces Ref : 1220","T3 - NON MEUBLÉ - LYON 3 Century 21 Le 7 de Cœur vous propose à la location d'un T3 de 70 m², situé au 3 étage avec ascenseur d'une résidence sécurisée et parfaitement entretenue. Vous apprécierez son emplacement idéal, à proximité immédiate des transports en commun : - Métro D arrêt Garibaldi à 10 minutes à pieds, - Tram 4 arrêt Archives Départementales à 7 minutes à pieds. Bénéficiant d'une vue dégagée sur cour, cet appartement lumineux se compose d'une entrée, d'une spacieuse pièce de vie avec une cuisine ouverte Mobalpa, aménagée et entièrement équipée, ouvrant sur un agréable balcon. L'espace nuit offre deux chambres, dont une avec accès direct au balcon, une salle d'eau moderne avec douche à l'italienne, ainsi que des WC séparés. Un garage est disponible en supplément pour 130 € par mois charges comprises. Charges : - Eau froide individuelle - Eau chaude individuelle électrique - Chauffage individuel électrique Disponible à partir du 28 septembre 2026 ! Complément de loyer : 316,24 €, justifié par la présence d'une cuisine Mobalpa aménagée et équipée comprenant des plaques de cuisson, une hotte, un four, un lave-vaisselle et une machine à laver.",69003,Lyon,,,https://www.century21.fr/trouver_logement/detail/16862665411/,https://www.century21.fr/imagesBien/s3/202/3306/c21_202_3306_1220_8_1212D99B-11A9-4B88-8ED1-194B12BF9607.jpg,2026-09-24
1232,Century 21,1208.0,50.0,24.16,Appartement,"2 pièce - F2 50 m2, s Ref : 134814","Appartement F2 à louer LYON  69003 50 m2, 2 pièces Ref : 134814","LYON 3ème/Gare Part-Dieu Votre agence Century 21 Part-Dieu vous propose à Lyon 3, idéalement situé à quelques minutes de la gare Part-Dieu, des tram, du Rhône Express et des commerces, un appartement de type 2 avec jardin. Vous serez séduit par le calme de ce bien totalement rénové s'ouvrant son jardin arboré sans vis-à-vis et ses volumes généreux. L'appartement se compose d'un séjour avec cuisine ouverte, d'une chambre spacieuse, d'une salle d'au avec douche italienne et de WC séparés.",69003,Lyon,,,https://www.century21.fr/trouver_logement/detail/16482417571/,https://www.century21.fr/imagesBien/s3/202/3743/c21_202_3743_134814_8_32884FF6-49B0-48D9-BB50-4BE59C652378.jpg,2026-09-24
1233,Century 21,744.0,37.66,19.76,Appartement,"1 pièce - F1 37,66 m2, Ref : 2345","Appartement F1 à louer LYON  69008 37,66 m2, 1 pièce Ref : 2345","69008 LYON Rue Florent Grand studio avec garage en supplément LOCATION VIDE DISPONIBLE FIN SEPTEMBRE Pas de visite sans dossier de candidature complet, à transmettre via le site Century 21 ou par e-mail à : laetitia.cuomo@century21.fr Venez découvrir, au sein d'une résidence fermée et sécurisée avec ascenseur, ce bel appartement de type 1 situé au 3 étage avec ascenseur, bénéficiant également d'un garage fermé en sous-sol pour 55€ de plus / mois soit un loyer total de 799€ charges comprises Vous profiterez d'une proximité immédiate avec les commodités, les transports en commun et les commerces du quartier. D'une superficie de 38 m², ce grand studio lumineux se compose de : une belle pièce de vie lumineuse ; un coin cuisine équipé d'une plaque de cuisson, d'un évier, d'un réfrigérateur et de meubles de rangement ; une grande salle d'eau avec WC. A visiter sans plus attendre !",69008,Lyon,,,https://www.century21.fr/trouver_logement/detail/16936002273/,https://www.century21.fr/imagesBien/s3/202/3446/c21_202_3446_2345_8_10105581-E543-4E14-9526-D9BE603C9D27.jpg,2026-09-24
1234,Century 21,1200.0,54.18,22.15,Appartement,"3 pièce - F3 54,18 m2, s Ref : 134816","Appartement F3 à louer LYON  69003 54,18 m2, 3 pièces Ref : 134816","LYON 3EME / MONCHAT Century 21 vous présente ce 3 pièces en rez-de-jardin. Venez découvrir ce bien au calme absolu. L'appartement se compose d'une pièce de vie avec son espace cuisine entièrement équipée. Vous disposerez d'un accès a la terrasse de 22m² orientée Sud-Est. Coté nuit, 2 chambres dont une possédant son accès terrasse, ainsi qu'une vaste salle d'eau. Situé à proximité de la Place Henri et du cours du Dr Long, vous disposerez de tous les commerces à proximité immédiate. Pour plus de confort, l'appartement est desservi par la ligne C13 reliant la Gare LYON Part-Dieu et se trouve à 500m du métro Blanche et des Ecoles de médecine. Un box fermé en sous-sol est compris dans le bail.",69003,Lyon,,,https://www.century21.fr/trouver_logement/detail/16761853543/,https://www.century21.fr/imagesBien/s3/202/3743/c21_202_3743_134816_8_8218FA53-6524-435A-ABA5-9CB8756F85F3.jpg,2026-09-24
1235,Century 21,1474.0,81.26,18.14,Appartement,"T3 - 81,26 m2, 3 pièces Ref : 805","Appartement T3 à louer LYON  69004 81,26 m2, 3 pièces Ref : 805","CROIX-ROUSSE RUE HENRI GORJUS - Dans une résidence sécurisée avec gardien, espaces verts et tennis, nous vous proposons cet appartement T3 meublé de 81,26m². Traversant est/ouest, il se compose d'une entrée, d'un séjour ouvert sur un balcon de 6m², d'une cuisine indépendante entièrement aménagée et équipée avec cellier attenant, de 2 chambres, d'une salle de bains et d'un WC séparé. Vous disposerez d'une place de parking privative dans la résidence pour votre confort de stationnement et l'immeuble est également équipé d'un local vélos. En très bon état, cet appartement vous séduira par son environnement calme et arboré et par sa luminosité. Le quartier combine praticité et cadre de vie agréable : à moins de 10 minutes à pied, la ligne C du métro (arrêt Hénon) et plusieurs lignes de bus (C18, S4) assurent une excellente desserte des transports en commun. Les établissements scolaires sont très proches (2 collèges et 1 lycée à 4 mns à pied), idéal pour les familles. DISPONIBLE DE SUITE !",69004,Lyon,,,https://www.century21.fr/trouver_logement/detail/16529111124/,https://www.century21.fr/imagesBien/s3/202/3403/c21_202_3403_805_8_C58F2BA2-FD1E-40B6-B245-A20854CD8823.jpg,2026-09-24
1236,Orpi,1964.0,116.0,16.93,Appartement,4 pièce - EXCLUSIVITÉ par mois LOCATION s 116 m2 5 - Fourvière Message 3 chamb res Bon état Meublé Ascenseur Etage : 1 Favoris,EXCLUSIVITÉ par mois LOCATION Location Appartement 4 pièces 116 m2 Lyon 5- Fourvière Message 3 chamb res Bon état Meublé Ascenseur Etage : 1 Favoris,"Appartement meublé dans les cloitres de l'Antiquaille 4 pièce(s) 116.23 m² + possibilité box. OUVERT AUX COLOCATIONS !! Photos non contractuelles (pas les mêmes meubles). Site de l'antiquaille (partie cloître), T4 meublé de 116.23 m² au 1er étage avec ascenseur, composé d'une entrée avec placards, séjour, cuisine indépendante (meubles et hotte), 3 chambres (dont 1 parentale avec salle de bains attenante et wc), salle de bains, wc indépendants. Chauffage individuel au gaz (entretien charge locataire). Possibilité de location de garage sur le site en sus (111 €/mois, honoraires 111 €, dépôt de garantie 111 €). Loyer de référence : 13 €/m² Loyer de référence majoré : 15.60 €/m² soit 1813.19 €. Loyer HC pratiqué : 1724 € Provisions sur charges 140 €/mois avec régularisation annuelle (locatives, eau froide) honoraires 1 394.76 € dont 232.46 € d'état des lieux. Disponible immédiatement !",69005,Lyon,,,https://www.orpi.com/annonce-location-appartement-t4-lyon-5-69005-2c7a891b-2b4b-45b3-a9ff-dfeaae835d07/,,2026-09-24
1237,Orpi,95.0,15.0,6.33,Appartement,par mois LOCATION Stationnement 15 m2 7 - Debourg Message Ascenseur Favoris,par mois LOCATION Location Stationnement 15 m2 Lyon 7- Debourg Message Ascenseur Favoris ,Parking À Louer. A LOUER DEBOUG/JEAN-JAURES - Garage situé 52 Rue André Bollier 69007 Lyon en sous sol d'une résidence sécurisée. Facile d'accès. Libre de suite. Loyers charges comprises : 95  (dont 10 € de charges communes) Honoraires locataires : 90  Dépôt de garantie : 85 ,69007,Lyon,,,https://www.orpi.com/annonce-location-stationnement-lyon-7-69007-54ea3e8d-feeb-40d1-9e0a-00b9e116c58d/,,2026-09-24
1238,Orpi,2250.0,180.0,12.5,Appartement,4 pièce - 3 chambre - EXCLUSIVITÉ VISITE VIRTUELLE par mois LOCATION s 180 m2 5 - Vieux Ly on Message s Cave Bon état Non meublé Etage : 1 Favoris,EXCLUSIVITÉ VISITE VIRTUELLE par mois LOCATION Location Appartement 4 pièces 180 m2 Lyon 5- Vieux Ly on Message 3 chambres Cave Bon état Non meublé Etage : 1 Favoris,"T4 d'exeption de 180 m² au cœur du Vieux-Lyon + place de stationnement. 8 Place Saint-Jean, 69005 Lyon Un appartement rare, spacieux et plein de caractère au cœur du Vieux-Lyon ! Venez découvrir ce magnifique T4 de 180 m², idéalement situé sur la Place Saint-Jean au cœur du quartier historique et touristique du Vieux-Lyon. Avec ses volumes généreux, son cachet et son emplacement exceptionnel, cet appartement offre un cadre de vie unique, à deux pas des commerces, restaurants, transports en commun et de toutes les richesses du centre historique lyonnais. Dès l'entrée, vous serez séduit par une vaste entrée qui donne le ton de ce logement. L'appartement se compose de : - Un très beau séjour donnant directement sur la Place Saint-Jean, offrant une vue et une atmosphère particulièrement agréables - Une grande cuisine indépendante, aménagée et équipée - 3 chambres, dont une superbe chambre en mezzanine - Une salle de douche - Une salle de bains - De nombreux rangements - Des WC séparés Les 180 m² permettent de profiter d'un véritable sentiment d'espace, avec des pièces généreuses et une configuration idéale pour celles et ceux qui recherchent un logement avec du caractère et de beaux volumes. Le logement bénéficie également : - D'une cave privative avec porte blindée - D'une place de stationnement À noter concernant la place de stationnement : celle-ci est réservée exclusivement aux véhicules thermiques. Elle ne peut pas être utilisée pour un véhicule électrique ou hybride rechargeable. Charges et équipements : - Chauffage individuel au gaz - Eau chaude individuelle au gaz - Eau froide individuelle, à souscrire directement auprès de l'Eau du Grand Lyon Disponible immédiatement. Découvrez l'appartement depuis chez vous grâce à la visite virtuelle : https://envisite.net/vtour/fr/3dae2m/frame Un bien aussi spacieux et aussi bien situé est une opportunité rare à Saint-Jean. Venez découvrir tout le charme de cet appartement d'exception au cœur du Vieux-Lyon !",69005,Lyon,,,https://www.orpi.com/annonce-location-appartement-t4-lyon-5-69005-83f755c7-66f2-420b-a513-05b2db60b833/,,2026-09-24
1239,Orpi,1400.0,86.0,16.28,Appartement,3 pièce - s 86 m2 1 400 €par mois LOCATION,"Location Appartement 3 pièces 86 m2 1 400 €par mois
LOCATION","A louer, Appartement T3 NON MEUBLE à Lyon 9ème - CHAUFFAGE ET EAU COMPRIS. A Louer, T3 NON MEUBLE à Lyon 9ème (à la frontière avec Tassin la Demi Lune). Cet appartement à la location inclut toutes vos charges : chauffage, eau froide et eau chaude, il ne vous restera qu'a souscrire à votre abonnement d'électricité ! Appartement T3 de 85,88 m2 à louer idéalement situé à proximité immédiate des commerces, services, écoles et transports en commun (à 3min de la Gare de Gorge de Loup - 7 lignes de bus en bas de la résidence). La copropriété est calme et bien entretenue avec une gardienne, un local vélo / poussettes, un terrain de tennis. En très bon état, ce logement propose un séjour double 30 m2, donnant sur un balcon exposé SUD, une cuisine séparée de 11m2 entièrement équipée et meublée donnant également sur le balcon de 7m2. Dans la continuité du logement, vous trouverez deux chambres dont une avec un balcon de 8m2 exposé NORD, un dressing et une salle d'eau avec WC séparé. Un garage fermé en sous-sol ainsi qu'une cave complètent ce bien. Disponible immédiatement. Loyer : 1 340,00 euros charges comprises (dont 204 euros de charges comprenant l'eau chaude et froide, le chauffage et les parties communes). Dépôt de garantie : 1 136,00 euros Honoraires : 1 126,75 euros (dont 260,22 euros de frais d'état des lieux) Lien de la vidéo : https://youtube.com/shorts/vnuiYUm_I3I Pour visiter ou obtenir plus d'informations, contactez-nous dès aujourd'hui au 04 78 59 06 06.",69009,Lyon,,,https://www.orpi.com/annonce-location-appartement-t3-lyon-9-69009-c613f31e-6f5e-4077-9987-415792fe96bb/,,2026-09-24
1240,Orpi,1749.0,82.0,21.33,Appartement,5 pièce - s 82 m2 1 749 €par mois LOCATION,"Location Appartement 5 pièces 82 m2 1 749 €par mois
LOCATION","Appartement idéal pour colocation Lyon - 5 pièce(s) 82.05 m2. IDEAL COLOCATION pour 4 personnes Appartement meublé de type 5 de 85.02m² situé 322 Avenue Berthelot 69008 LYON au 4ème étage avec ascenseur. Il se compose d'un hall d'entrée, de quatre chambres, d'un séjour ouvert sur une cuisine aménagée et équipée, d'une salle d'eau et d'un WC séparé. Chauffage et eau froide inclus dans les charges Disponible immédiatement A proximité immédiate de la ligne de tramway T2 arrêt Bachut - Mairie du 8ème Loyer de référence majoré (loyer de base à ne pas dépasser) : 1172,46€ loyer de base : 1172,46€ complément de loyer: 252,54€",69008,Lyon,,,https://www.orpi.com/annonce-location-appartement-t5-lyon-8-69008-43caac36-dc50-4ab2-9323-1aa09a338588/,,2026-09-24
1241,Orpi,1843.0,117.0,15.75,Appartement,4 pièce - s 117 m2 1 843 €par mois LOCATION,"Location Appartement 4 pièces 117 m2 1 843 €par mois
LOCATION","Appartement Lyon 4 pièce(s) 117.09 m2 OUVERT COLOCATION!. OUVERT À LA COLOCATION ! En plein cœur du très recherché quartier d'Ainay , bel appartement de type 4 de 117.09 m² au 2ème étage avec ascenseur d'une copropriété bien entretenue. L'appartement se compose d'un hall d'entrée avec placard, d'un vaste séjour avec rangements muraux, d'une salle à manger donnant sur une cuisine aménagée et partiellement équipée (meubles, plaque de cuisson gaz, hotte, four, four à micro-ondes, lave-vaisselle), de deux chambres, d'une salle de bains avec fenêtre, toilettes séparées et buanderie. Cave. Chauffage individuel au gaz. Nombreux rangements. Loyer de référence : 12,3 €/m² Loyer de référence majoré : 14,8 €/m² soit 1732,93 € Loyer hors charges : 1740 € Provision pour charges : 50 € Complément de loyer : 7.07€ (cuisine aménagée et équipée) Honoraires : 1405,08€ dont 234,18€ d'état des lieux. Disponible immédiatement !",69002,Lyon,,,https://www.orpi.com/annonce-location-appartement-t4-lyon-2-69002-5b10371f-0c27-4d7a-bc7e-5441b6edf80b/,,2026-09-24
1242,Orpi,1520.0,113.0,13.45,Appartement,4 pièce - s 113 m2 1 520 €par mois LOCATION,"Location Appartement 4 pièces 113 m2 1 520 €par mois
LOCATION","Appartement 4 pièces 113m2 À Louer. 23 Rue du Docteur Alberic Pont à Lyon 5ème, appartement situé au 6ème étage avec ascenseur, T4 de 113m2, Il se compose d'une entrée avec rangement, d'une grande pièce de vie d'une surface de 34m² donnant accès à deux balcons avec une vue dégagée au sud. Une cuisine indépendante avec balcon, possibilité de l'ouvrir sur la pièce de vie. Côté nuit, vous retrouvez trois grandes chambres, dont deux avec balcons, un dressing (pouvant se rattacher à l'une des chambres), une salle de bains, une salle d'eau et un WC séparé. La copropriété est fermée et sécurisée avec portail électrique, vous bénéficiez d'un jardin collectif joliment arboré. Une place de stationnement en location est disponible en supplément. Chauffage collectif. Loyer HC : 1370€ Provision sur charges (régularisation annuelle) : 120€ Loyer de référence : 10,70€/m2 Loyer de référence majoré : 12,80€/m2 soit 1449,98€ Dépôt de garantie : 1370 € Honoraires : 1 472,64€ dont 339,84€ d'état des lieux Libre immédiatement !",69005,Lyon,,,https://www.orpi.com/annonce-location-appartement-t4-lyon-5-69005-fb6091e2-5857-402f-bb87-c8f8bc84baa3/,,2026-09-24
1243,Orpi,1450.0,108.0,13.43,Appartement,4 pièce - s 108 m2 1 450 €par mois LOCATION,"Location Appartement 4 pièces 108 m2 1 450 €par mois
LOCATION","À louer – Grand T4 de 108 m² – Lyon 8ᵉ – Disponible immédiatement. Situé au 133 rue Challemel-Lacour, au 7ᵉ et dernier étage avec ascenseur, ce spacieux appartement T4 de 108 m² offre une vue entièrement dégagée et un cadre de vie lumineux. Il se compose de trois chambres, d’une cuisine, d’une salle de bains, de nombreux rangements ainsi que d’un vaste séjour ouvert sur la salle à manger. Cette configuration offre différentes possibilités d’aménagement et peut notamment convenir à une famille ou à une colocation, (possibilité de créer une 4ème chambre semi-ouverte dans le séjour) Deux balcons permettent de profiter d’un agréable espace extérieur. Un garage privatif en sous-sol complète ce bien. L'appartement bénéficie d'un accès rapide aux lignes de bus et au tramway T6, facilitant les déplacements au quotidien. Disponible immédiatement Loyer de base: 1291€ Loyer de référence majoré: 1291€ Complément de loyer: 0€",69008,Lyon,,,https://www.orpi.com/annonce-location-appartement-t4-lyon-8-69008-173272dc-2cfc-48ec-996a-e0d8e770316c/,,2026-09-24
1244,Orpi,110.0,14.0,7.86,Appartement,Stationnement 14 m2 110 €par mois LOCATION,"Location Stationnement 14 m2 110 €par mois
LOCATION","Parking / box Lyon 3e Arrondissement. Exclusivité ORPI - LYON 3ème - 7 Rue professeur René Guillet - Dans une résidence sécurisée, garage fermé à louer en sous sol, au pied de la place Bir-Hakeim. Disponible de suite. Mesures : Largeur : 2m50 Hauteur : 2m20 Profondeur : 5m",69003,Lyon,,,https://www.orpi.com/annonce-location-stationnement-lyon-3-69003-4cd53631-ecef-44ec-aebf-219d111a764f/,,2026-09-24
1245,Orpi,1800.0,62.0,29.03,Appartement,4 pièce - s 62 m2 1 800 €par mois LOCATION,"Location Appartement 4 pièces 62 m2 1 800 €par mois
LOCATION","Appartement À Louer. APPARTEMENT D'EXCEPTION ENTIÈREMENT RÉNOVÉ AVEC TERRASSE – COLOCATION OU LOCATION COMPLÈTE Découvrez ce magnifique appartement entièrement refait à neuf, situé au 7 rue Lieutenant-Colonel Girard à Lyon. Alliant confort, modernité et prestations de qualité, il offre un cadre de vie idéal pour des colocataires comme pour une famille ou un groupe d'amis souhaitant louer l'ensemble du logement. Les points forts de l'appartement : Entièrement rénové avec des matériaux et finitions de qualité 3 belles chambres lumineuses Climatisation réversible dans chaque pièce pour un confort optimal en toute saison Agréable terrasse pour profiter des beaux jours Espaces de vie modernes et fonctionnels Proche des commerces, transports et commodités Option 1 : Colocation Chaque chambre est proposée au même tarif : 550 € de loyer + 50 € de charges Soit 600 € charges comprises par chambre Dépôt de garantie : 1 200 € par chambre Option 2 : Location de l'appartement entier 1 650 € de loyer + 150 € de charges 1 800 € charges comprises Dépôt de garantie : 3 600 € Rare sur le secteur, cet appartement offre un excellent niveau de confort et des équipements modernes dans un cadre agréable. Une opportunité idéale pour profiter d'un logement clé en main, prêt à accueillir ses futurs occupants. N'hésitez pas à nous contacter pour plus d'informations ou pour organiser une visite. _______ Votre dossier locataire : Démarquez vous et mettez toutes les chances de votre côté, merci d’utiliser DossierFacile (dossierfacile.logement.gouv.fr) pour constituer et nous envoyer votre dossier locataire, c'est un service gratuit du gouvernement qui aide les locataires à constituer un Dossier unique, complet et sécurisé afin de le partager simplement aux Propriétaires et Agences.",69007,Lyon,,,https://www.orpi.com/annonce-location-appartement-t4-lyon-7-69007-04f9f32b-9b1f-40d8-88bb-5c9dda0d2a9f/,,2026-09-24
1246,Orpi,1299.0,91.0,14.27,Appartement,2 pièce - s 91 m2 1 299 €par mois LOCATION,"Location Appartement 2 pièces 91 m2 1 299 €par mois
LOCATION","LOCATION : appartement T3 (91 m²) à LYON. EXCLUSIVITÉ - GRAND APPARTEMENT 3 PIÈCES À louer PRISE DE RENDEZ-VOUS UNIQUEMENT VIA LE FORMULAIRE DE CONTACT DE L’AGENCE. Un email automatique vous sera envoyé afin de réserver votre créneau de visite. Découvrez cet appartement de 4 pièces de 91,36 m² à LYON (69005). Il inclut deux chambres, une cuisine aménagée équipée et une salle de bains. Le chauffage de l'immeuble est collectif fonctionnant au gaz. Une cave ainsi qu'un garage fermé sont associés à cet appartement. Il se situe au 2e étage d'un immeuble des années 70 de 11 étages avec ascenseur. Des établissements scolaires de tous niveaux se trouvent à moins de 10 minutes à pied. Côté transports, il y a 17 lignes de bus, la gare Lyon Gorge de Loup ainsi que la station de métro Gorge de Loup (ligne D) juste à côté. Des autoroutes et la nationale N6 sont accessibles à moins de 9 km. Il y a aussi des restaurants, des commerces, deux supermarchés, des boulangeries, un bureau de poste et quatre épiceries. zone soumise à encadrement des loyers. Cet appartement est proposé à la location pour un loyer mensuel de 1299€ CC, avec 120€ de provision sur charges. Un complément de loyer de 82,63 euros est compris dedans. (Cave, garage, résidence avec accès sécurisé et espaces verts communs, vue dégagée.) Le dépôt de garantie demandé est de 1.178,95€. Le montant estimé des dépenses annuelles d'énergie pour un usage standard s'élève entre 1 070 € et 1 490€. (indexé sur l'année 2021). Disponible fin aout",69005,Lyon,,,https://www.orpi.com/annonce-location-appartement-t2-lyon-5-69005-9fb7354a-eafe-4418-8223-1afb9931d1df/,,2026-09-24
1247,Orpi,770.0,39.0,19.74,Appartement,1 pièce - 39 m2 770 €par mois PRIX EN BAISSE LOCATION,"Location Appartement 1 pièce 39 m2 770 €par mois
PRIX EN BAISSE
LOCATION","Grand T1 non meublé de 38.77 m² à 770 € CC. Grand T1 non meublé de 38.77 m² à 770 € CC avec place de parking - 101 AVENUE LACASSAGNE 69003 LYON. Appartement au 2ème étage avec ascenseur situé au 101 avenue Lacassagne 69003 LYON se compose : d'un hall d'entrée, d'une pièce à vivre, d'une cuisine séparée aménagée, d'une salle de bain avec WC, placards et séjour donnant sur loggia de 5 m². Le logement est loué avec une cave et une place de parking. Eau froide comprise dans la provision sur charges. Disponible dès maintenant - Visite accompagnée sur rendez-vous. Contacter le service location au 04.72.33.00.81.",69003,Lyon,,,https://www.orpi.com/annonce-location-appartement-t1-lyon-3-69003-5ff11d7a-a6d5-418c-874e-17ede385cbfc/,,2026-09-24
1248,Orpi,1072.0,49.0,21.88,Appartement,2 pièce - s 49 m2 1 072 €par mois PRIX EN BAISSE LOCATION,"Location Appartement 2 pièces 49 m2 1 072 €par mois
PRIX EN BAISSE
LOCATION","T2 meublé avec balcon – Lyon 3ème. Idéalement situé au 14 rue Lavoisier, au cœur du 3ème arrondissement de Lyon et à deux pas de la Gare Part-Dieu, ce bel appartement T2 meublé de 48,88 m² offre un cadre de vie de qualité. Il se situe au 2ème étage d’un immeuble moderne (construit entre 1991 et 2005) et sécurisé, avec ascenseur. L'appartement se compose d'une entrée menant à une pièce de vie lumineuse qui s'ouvre sur un agréable balcon. Vous profiterez d'une cuisine indépendante, entièrement équipée et aménagée sur mesure avec des matériaux de qualité. L'espace nuit comprend une chambre confortable ainsi qu'une salle de bains fonctionnelle. Le logement bénéficie d'une excellente performance énergétique (DPE classe C), garantissant un bon confort thermique et des dépenses maîtrisées. Transports : À seulement quelques minutes à pied de la Gare Part-Dieu (Métro B, Tramways T1, T3, T4, Rhônexpress et trains). Quartier : Proche de tous les commerces, du centre commercial Westfield Part-Dieu et des commodités du quotidien. Loyer Hors Charges (HC) : 919 € Provision pour charges : 80,00 € Loyer Charges Comprises (CC) : 999 € Loyer de référence : 801.63 € Disponible de suite. Pour toute visite, contactez le service location au 04.72.33.00.81. Pour déposer votre dossier, rendez-vous sur DossierFacile.",69003,Lyon,,,https://www.orpi.com/annonce-location-appartement-t2-lyon-3-69003-6bb5e09a-42de-460d-a834-cca4b6d2f493/,,2026-09-24
1249,Orpi,1192.0,65.0,18.34,Appartement,3 pièce - s 65 m2 1 192 €par mois LOCATION,"Location Appartement 3 pièces 65 m2 1 192 €par mois
LOCATION","Appartement meublé Lyon 3 pièce(s). MERCI DE PRENDRE RDV EN LIGNE VIA LE FORMULAIRE DE CONTAT AGENCE - Vous recevrez un lien par mai pour la prise de rendez-vous et le dépôt de dossier. 1 rue de l'Espérance, appartement de type 3 meublé d'une surface de 65,42 m². Au rez-de-chaussée surélevé meublé avec du mobilier contemporain. Appartement composé d'un hall d'entrée desservant un séjour, deux chambres avec placards, une cuisine équipée et aménagée (lave-vaisselle, plaques de cuisson, réfrigérateur, congélateur, hotte, four), une salle d'eau avec lave-linge, WC séparés. Appartement disponible rapidement. Zone soumise a l'encadrement des loyers : Loyer HC : 1058€ Provisions pour charges : 92€ (parties communes, entretien de chaudière)",69003,Lyon,,,https://www.orpi.com/annonce-location-appartement-t3-lyon-3-69003-3e3cd914-906b-4703-86c7-29d7af67d7f0/,,2026-09-24
1250,Orpi,2000.0,139.0,14.39,Appartement,5 pièce - s 139 m2 2 000 €par mois PRIX EN BAISSE LOCATION,"Location Appartement 5 pièces 139 m2 2 000 €par mois
PRIX EN BAISSE
LOCATION","Appartement standing T5 - proche métro HENON - 139.41M² - 2 000€ CC. Rue Hénon - Proximité métro Hénon et toutes commodités. Appartement de type 5 meublé au 6eme étage sur 7 avec ascenseur. Il dispose d'une entrée, d'une cuisine indépendante équipée donnant sur cours et jardin, un grand séjour, quatre chambres spacieuses, une salle de bains, une salle d'eau et deux WC séparés. Un garage double en enfilade en sous-sol complète le bien. Chauffage individuel électrique par le plafond. Résidence sécurisée. Disponible de suite. Loyer 1812€ + charges 188€ (Communs, eau froide)",69004,Lyon,,,https://www.orpi.com/annonce-location-appartement-t5-lyon-4-69004-3c43dea7-9d57-4f38-b138-00589d031f9c/,,2026-09-24
1251,Orpi,900.0,65.0,13.85,Appartement,3 pièce - s 65 m2 900 €par mois LOCATION,"Location Appartement 3 pièces 65 m2 900 €par mois
LOCATION","A LOUER - T4 - 2 CHAMBRES - RUE DES ACQUEDUCS LYON 5. POUR CANDIDATER : cliquez sur ""envoyer un message"" ou cliquez sur ""contacter l'agence"", vous recevrez un lien par mail pour pré valider votre dossier et obtenir un rendez-vous. À louer, T4 de 65,41 m² situé au 3ᵉ étage d'une résidence au 38 rue des Aqueducs à Lyon 5ᵉ, dans un secteur recherché, calme et agréable, à proximité des commerces, des transports en commun et des établissements scolaires. Cet appartement se compose d'une spacieuse pièce de vie de plus de 30 m² (séjour double), d'une petite cuisine indépendante, de deux chambres, d'une salle de bains, et d'un WC séparé. Une cave complète ce bien. Logement très lumineux. Chauffage et eau froide collective (inclus dans les charges) Disponible dès maintenant.",69005,Lyon,,,https://www.orpi.com/annonce-location-appartement-t3-lyon-5-69005-786ac9ec-9175-430b-bf49-cb9d5aadcc31/,,2026-09-24
1252,Orpi,1100.0,62.0,17.74,Appartement,5 pièce - s 62 m2 1 100 €par mois LOCATION,"Location Appartement 5 pièces 62 m2 1 100 €par mois
LOCATION","Appartement T4 meublé – Lyon 5ᵉ. Situé dans un secteur calme et recherché du 5ᵉ arrondissement de Lyon, ce bel appartement meublé vous séduira par sa luminosité et son agencement fonctionnel. Il comprend une entrée, un séjour spacieux et lumineux, une cuisine indépendante entièrement équipée, trois chambres avec rangements, une salle de douche et un WC séparé. Une cave en sous-sol et un stationnement extérieur privatif vient compléter ce bien. L’appartement se situe rue Commandant Charcot, dans un quartier résidentiel apprécié pour son calme et sa qualité de vie. Les transports en commun sont facilement accessibles, notamment la ligne de bus C20 qui relie Bellecour à Francheville, facilitant les déplacements vers le centre-ville comme vers l’ouest lyonnais. Pour toute information ou pour planifier une visite, n’hésitez pas à nous contacter.",69005,Lyon,,,https://www.orpi.com/annonce-location-appartement-t5-lyon-5-69005-388f0486-2d6f-4c4d-8e62-46e2dbec555b/,,2026-09-24
1253,Orpi,1180.0,59.0,20.0,Appartement,2 pièce - s 59 m2 1 180 €par mois LOCATION,"Location Appartement 2 pièces 59 m2 1 180 €par mois
LOCATION","Appartement À Louer. LYON 1 - QUARTIER CROIX PAQUET - Bel appartement T2 MEUBLE en très bon état avec climatisation réversible. Il est composé d'une pièce principale avec hauteur de plafond, charme de l'ancien et moulures, d'une entrée avec une cuisine aménagée et équipée (machine à laver), d'une chambre et d'une salle d'eau avec WC. Un séjour donnant sur deux petits balcons avec vue sur le parc croix Paquet. Libre à partir du 30 Juillet 2026. Loyer charges comprises : 1.180  (dont charges communes : 75 ) Dépôt de garantie : 1.180  Honoraires locataire : 774 €",69001,Lyon,,,https://www.orpi.com/annonce-location-appartement-t2-lyon-1-69001-65b5da19-e403-4e1c-a49c-57bb01ae8bc5/,,2026-09-24
1254,Orpi,1920.0,86.0,22.33,Appartement,5 pièce - s 86 m2 1 920 €par mois LOCATION,"Location Appartement 5 pièces 86 m2 1 920 €par mois
LOCATION","Appartement Lyon 5 pièce(s). LYON 9 - VAISE - Grand appartement meuble d'une surface utile de 86m2 comprenant une séjour, 4 chambres avec armoires, une cuisine aménagée et équipée, une salle de bains et une cave. Proche commerces et transports au pied de l'immeuble. Indice de performance énergétique : C Libre de suite. Loyer charges comprises : 1.290  Dépôt de garantie : 1.290  Honoraires locataire : 1.126 ",69009,Lyon,,,https://www.orpi.com/annonce-location-appartement-t5-lyon-9-69009-0a621e98-34c5-4033-a751-ce0a1b36ac39/,,2026-09-24
1255,Orpi,1800.0,82.0,21.95,Appartement,5 pièce - s 82 m2 1 800 €par mois LOCATION,"Location Appartement 5 pièces 82 m2 1 800 €par mois
LOCATION","Appartement Lyon 5 pièces. LYON 5 - Quartier SAINT IRENEE - Grand appartement meuble d'une surface utile de 94m2 comprenant un séjour, 4 chambres avec armoires, une cuisine aménagée et équipée, une salle d'eau, un grand balcon/loggia et une cave. Proche commerces et transports au pied de l'immeuble. Indice de performance énergétique : D Disponible de suite. Loyer charges comprises : 1.380  Dépôt de garantie : 1.380  Honoraires locataire : 1.082 ",69005,Lyon,,,https://www.orpi.com/annonce-location-appartement-t5-lyon-5-69005-248-028062-884/,,2026-09-24
1256,Orpi,1522.0,64.0,23.78,Appartement,4 pièce - s 64 m2 1 522 €par mois LOCATION,"Location Appartement 4 pièces 64 m2 1 522 €par mois
LOCATION","IDEAL COLOCATION - Appartement T4 meublé de 63 m2. Appartement de type T4 meublé de 63.13m2 situé au 9 rue David 69003 LYON. L'appartement se compose d'un hall d'entrée, d'une cuisine ouverte équipée, d'un séjour, d'une salle d'eau, de wc séparés et de trois chambres. Idéal colocation. Le logement a été entièrement rénové et meublé. A proximité immédiate des transports. Disponible immédiatement Loyer de référence majoré (loyer de base à ne pas dépasser): 947€ Loyer de base : 947€ Complément de loyer : 364€",69003,Lyon,,,https://www.orpi.com/annonce-location-appartement-t4-lyon-3-69003-4153c01e-2210-4204-8694-ade053b4f58c/,,2026-09-24
1257,Orpi,100.0,12.0,8.33,Appartement,Stationnement 12 m2 100 €par mois LOCATION,"Location Stationnement 12 m2 100 €par mois
LOCATION","Garage fermé à louer à 100 € CC - 308 rue Paul Bert, 69003 LYON. Orpi vous propose en exclusivité un garage fermé en sous-sol à louer à 100 € CC. Entrée petite rue saint Eusèbe. Secteur Part-Dieu - proche transports et toutes commodités idéal pour une petite citadine. Honoraires à 172.08 € euros ( état des lieux d'entrée inclus ) Disponible à partir du 21 juillet 2026 - Visite accompagnée sur rendez-vous - Contacter le service location au 04 12 33 00 81.",69003,Lyon,,,https://www.orpi.com/annonce-location-stationnement-lyon-3-69003-283b7bf3-3703-4a27-92cc-00933ae15848/,,2026-09-24
1258,Orpi,1466.0,86.0,17.05,Appartement,3 pièce - s 86 m2 1 466 €par mois LOCATION,"Location Appartement 3 pièces 86 m2 1 466 €par mois
LOCATION","Appartement T3 Vue sur Saône. LYON 5ème - QUARTIER ST GEORGES - Appartement T3 de 86m2 offrant une magnifique vue sur la Saône. Dans un immeuble datant de 1850, il vous séduira par ses volumes généreux, sa luminosité et ses parquets. Il se compose d’un vaste séjour avec alcove, de deux chambres sur cour, d'une salle de bains, d'un WC, d’une cuisine, d'un grenier et d'une cave. Proche des commerces, transports et services. Libre de suite. Indice de performance énergétique : E Loyer charges comprises : 1.466 € (dont 66€ de charges) Dépôt de garantie : 1.400 € Honoraires d'agence : 1.124,25 €",69005,Lyon,,,https://www.orpi.com/annonce-location-appartement-t3-lyon-5-69005-e65318e8-9ac4-4c2e-9ab0-5f428ca9c8f6/,,2026-09-24
1259,Orpi,1071.0,40.0,26.77,Appartement,2 pièce - s 40 m2 1 071 €par mois PRIX EN BAISSE LOCATION,"Location Appartement 2 pièces 40 m2 1 071 €par mois
PRIX EN BAISSE
LOCATION","T2 meublé - Part-Dieu - 69003 LYON. 39 Rue Desaix, 69003 Lyon Exceptionnel par son emplacement, à deux pas de la Part-Dieu, cet appartement bénéficie d'un cadre de vie privilégié au sein d'une résidence récente. Ce 2 pièces meublé de standing, situé au 7ᵉ étage avec ascenseur, offre une superficie de 40 m². Il se compose d'une entrée desservant une agréable pièce de vie avec une cuisine équipée (plaque de cuisson, hotte, four, lave-vaisselle et réfrigérateur), le tout ouvrant sur une loggia exposée sud. L'appartement dispose également d'une chambre avec placard aménagé ainsi que d'une salle d'eau avec douche à l'italienne, toilettes et lave-linge séchant. Le chauffage, l'eau chaude et l'eau froide sont compris dans les charges. Un garage individuel complète ce bien. La visite virtuelle : https://envisite.net/vtour/fr/4tjt4o/frame Disponible immédiatement. /!\ Pour visiter, rien de plus simple : faites la demande de contact en complétant le formulaire et vous recevrez un lien qui vous permettra de réserver une visite. Si vous n'avez aucun créneau de visite disponible à la réservation, cela signifie que le nombre maximum de visites prévu pour le moment a été atteint. /!\",69003,Lyon,,,https://www.orpi.com/annonce-location-appartement-t2-lyon-3-69003-7293beb2-ad19-475e-980c-0c94848b5a67/,https://cutjhqvjma.cloudimg.io/_prod_/sweepbright-s3/7293beb2-ad19-475e-980c-0c94848b5a67--021b194d-f97e-438f-b664-8cdc1df9255b.jpg?p=estate-result-item&ci_url_encoded=1&ci_sign=267e57a5a2ea62da3822a6d051ed8ade0fd7033a,2026-09-24
1260,Orpi,640.0,47.0,13.62,Appartement,2 pièce - s 47 m2 640 €par mois LOCATION,"Location Appartement 2 pièces 47 m2 640 €par mois
LOCATION","T2 métro Debourg. 269 avenue Jean Jaurès 69007 Lyon Au pied du métro Debourg, vous rejoindrez très facilement le quartier d'affaires de la Part-Dieu, les commerces de proximité et les accès autoroutiers. Venez découvrir cet agréable appartement T2 en étage élevé, situé au sein d'un immeuble sécurisé, au 5ᵉ étage sans ascenseur. Vous serez séduit par la luminosité de cet appartement plein de charme. Il se compose d'une cuisine ouverte sur un séjour avec cheminée, d'une chambre spacieuse ainsi que d'une salle d'eau. En annexe, vous bénéficierez d'une cave. Le chauffage et l'eau chaude sont individuels électriques. L'eau froide est individuelle, à souscrire au près de l'Eau du Grand Lyon. La visite virtuelle : https://envisite.net/vtour/fr/5p5ffb/frame Disponible immédiatement. Pour visiter, rien de plus simple : faites la demande de contact en complétant le formulaire et vous recevrez un lien qui vous permettra de réserver une visite. /!\ Si vous n'avez aucun créneau de visite disponible à la réservation, cela signifie que le nombre maximum de visites prévu pour le moment a été atteint. /!\",69007,Lyon,,,https://www.orpi.com/annonce-location-appartement-t2-lyon-7-69007-32943651-db26-4a65-a76a-235ad964786e/,https://cutjhqvjma.cloudimg.io/_prod_/sweepbright-s3/32943651-db26-4a65-a76a-235ad964786e--c4e03416-519f-4328-83b5-a71133977205.jpg?p=estate-result-item&ci_url_encoded=1&ci_sign=5ecdf1595a03ec8f9b73f95a634ef888bdf5b42b,2026-09-24
1261,Orpi,748.0,36.0,20.78,Appartement,2 pièce - s 36 m2 748 €par mois LOCATION,"Location Appartement 2 pièces 36 m2 748 €par mois
LOCATION","T2 COURS LAFAYETTE. 300 Bis Cours Lafayette, 69003 Lyon Bel appartement dans un immeuble de standing, très bien situé entre commerces et transports en commun. Situé au 2ᵉ étage avec ascenseur, il se compose d'un séjour ouvert sur le coin cuisine aménagée et équipée (plaques, hotte, frigo top) ainsi qu'un spacieux balcon, d'une chambre en parquet avec placard puis que d'une salle de bains avec WC. En annexe, vous bénéficierez d'une place de parking en sous-sol, équipée d'une borne électrique. Les charges comprennent le chauffage, l'eau chaude (collectifs gaz), l'eau froide ainsi que l'entretien des parties communes. Disponible immédiatement. /!\ Pour visiter, rien de plus simple : faites la demande de contact en complétant le formulaire et vous recevrez un lien qui vous permettra de réserver une visite. Si vous n'avez aucun créneau de visite disponible à la réservation, cela signifie que le nombre maximum de visites prévu pour le moment a été atteint. /!\",69003,Lyon,,,https://www.orpi.com/annonce-location-appartement-t2-lyon-3-69003-253748b2-9fd0-4a14-9fa7-b0742dc7f6b2/,https://cutjhqvjma.cloudimg.io/_prod_/sweepbright-s3/253748b2-9fd0-4a14-9fa7-b0742dc7f6b2--15e53362-4d87-49bb-a731-796d66a2c450.jpg?p=estate-result-item&ci_url_encoded=1&ci_sign=c6649621959574a6b5dc61e867d5104f85a1e898,2026-09-24
1262,Orpi,554.0,23.0,24.09,Appartement,1 pièce - 23 m2 554 €par mois LOCATION,"Location Appartement 1 pièce 23 m2 554 €par mois
LOCATION","Appartement Lyon 1 pièce(s) 22,54 m2. Studio meublé rénové. MERCI DE PRENDRE RDV EN LIGNE VIA LE FORMULAIRE DE CONTACT AGENCE - Vous recevrez un lien par mail pour la prise de rendez-vous en ligne et le dépôt de dossier. 2 impasse de l'horloge - studio meublé à louer ! Studio meublé de 22.54m2, situé au premier étage composé d'un séjour avec un coin cuisine entièrement équipé et aménagé , salle d'eau avec WC, sans vis-à-vis lumineux. Logement disponible dès le 2 octobre ! Zone soumise à l'encadrement des loyers : Loyer de référence majoré : 475,59€ Complément de loyer : 38,41€ Provisions pour charges : 40€ (parties communes)",69009,Lyon,,,https://www.orpi.com/annonce-location-appartement-t1-lyon-9-69009-a21cc823-f6a3-4878-91ba-53ad3977012e/,https://cutjhqvjma.cloudimg.io/_prod_/sweepbright-s3/a21cc823-f6a3-4878-91ba-53ad3977012e--b9298ab8-4ccc-43b1-a353-dc031c311abe.jpg?p=estate-result-item&ci_url_encoded=1&ci_sign=bb6c0427607b17596c9ab7863e32a9d25fd626f0,2026-09-24
1263,Orpi,924.0,43.0,21.49,Appartement,2 pièce - s 43 m2 924 €par mois LOCATION,"Location Appartement 2 pièces 43 m2 924 €par mois
LOCATION","T2 MEUBLE + PARKING. T2 Meublé d'exception - Lyon 7ème - Résidence récente au calme Découvrez ce superbe appartement de type 2, situé rue Félix Brun, dans une résidence arborée et sécurisée construite en 2020. Entièrement meublé, cet appartement se distingue par son agencement optimisé : une entrée accueillante s'ouvrant sur un salon lumineux prolongé par une cuisine moderne, aménagée et équipée. Vous profiterez d'une belle chambre, d'une salle d'eau fonctionnelle avec WC, et surtout d'un balcon privatif pour vos moments de détente. Un stationnement en sous-sol complète ce bien. Idéalement situé dans le 7ème arrondissement, vous bénéficiez d'un environnement privilégié à proximité immédiate de la place Jean Jaurès et de Jean Macé. Tout est accessible en quelques minutes : commerces, boulangeries, restaurants, mairie, transports (métro) et les agréables promenades des quais du Rhône. Loyer : 855,11 € HC + 69,08 € de charges Dépôt de garantie : 1 710,22 € Honoraires d'agence : 520 € (dont 400 € pour la constitution du dossier, visite et bail / 120 € pour l'état des lieux) DPE : B Disponibilité : 15 octobre 2026 Zone soumis à l'encadrement des loyers Loyer de Référence: 16.40 Loyer Majoré: 19.70 N'hésitez pas à nous contacter pour plus d'informations ou pour organiser une visite. _______ Votre dossier locataire : Démarquez vous et mettez toutes les chances de votre côté, merci d’utiliser DossierFacile (dossierfacile.logement.gouv.fr) pour constituer et nous envoyer votre dossier locataire, c'est un service gratuit du gouvernement qui aide les locataires à constituer un Dossier unique, complet et sécurisé afin de le partager simplement aux Propriétaires et Agences.",69007,Lyon,,,https://www.orpi.com/annonce-location-appartement-t2-lyon-7-69007-75ef7531-2a6a-4e81-9a88-369e518c47fa/,https://cutjhqvjma.cloudimg.io/_prod_/sweepbright-s3/75ef7531-2a6a-4e81-9a88-369e518c47fa--10922eeb-8fc5-4c4f-b55b-53a9e1b18161.jpg?p=estate-result-item&ci_url_encoded=1&ci_sign=fa880b3480cab59f400ad7ed3d05331ea09b953f,2026-09-24
1264,Orpi,612.0,31.0,19.74,Appartement,1 pièce - 31 m2 612 €par mois LOCATION,"Location Appartement 1 pièce 31 m2 612 €par mois
LOCATION","Appartement T1 de 30.81m² SECTEUR GARIBALDI. A 20 minutes à pied des quais du Rhône / Proximité toutes commodités et transports en commun. Appartement de type studio situé au 5ème étage comprenant une cuisine équipée, une pièce principale, une salle de bains avec emplacement machine à laver et des toilettes. Ses plus : une cave et une place de parking Chauffage individuel électrique Eau chaude individuelle Eau froide collective comprise dans les provisions pour charges DISPONIBLE A PARTIR DU 07/10/26 Loyer : 570€ + 42€ = 612€ Honoraires de location : 308.10€ (visites, constitution de dossiers et rédaction de bail) + 92.43€ (état des lieux)= 400.53€  Dépôt de garantie : 570€ Zone soumise à encadrement des loyers Loyer de référence : 14.10€/m² Loyer majoré : 16.90€/m² Complément déjà inclut dans le loyer : 50€ ( cave + place de parking ) Diagnostic de performance énergétique noté C-192 Gaz effet de serre noté A-5 Estimation des dépenses : entre 530€ et 760€ Années de référence des prix : 2021,2022,2023 Les informations sur les risques auxquels ce bien est exposé sont disponibles sur le site Géorisques : https://www.georisques.gouv.fr/ *La taxe d'ordure ménagère n'est pas comprise dans les charges, celle ci sera quittancée en sus.",69007,Lyon,,,https://www.orpi.com/annonce-location-appartement-t1-lyon-7-69007-babd46b1-52b6-4ba8-9388-9b6abaab055e/,https://cutjhqvjma.cloudimg.io/_prod_/sweepbright-s3/babd46b1-52b6-4ba8-9388-9b6abaab055e--30239c29-12b2-4a06-8780-775eca17058c.jpg?p=estate-result-item&ci_url_encoded=1&ci_sign=15bbfbe577852459c0fa3401b7e12964cf896421,2026-09-24
1265,Orpi,695.0,18.0,38.61,Appartement,1 pièce - 18 m2 695 €par mois LOCATION,"Location Appartement 1 pièce 18 m2 695 €par mois
LOCATION","Studio meublé rénové. MERCI DE PRENDRE RDV EN LIGNE VIA LE FORMULAIRE DE CONTACT AGENCE - Vous recevrez un lien par mail pour la prise de rendez-vous en ligne et le dépôt de dossier. 20 Rue Antoine Lumière, proximité du métro Monplaisir Lumière. Studio meublé de 17.65m² (26.96m² au sol) refait à neuf au dernier étage d'une copropriété entièrement rénovée. Pièce principale éclairée par un velux, coin cuisine équipée et aménagée (plaques de cuisson, hotte, rangements), une salle d'eau avec arrivée d'eau, WC séparés. Logement disponible dès maintenant. Zone soumise à l'encadrement des loyers : Loyer de référence majoré : 409,48€ Complément de loyer : 265.52€ Provisions pour charges : 20€ (parties communes)",69008,Lyon,,,https://www.orpi.com/annonce-location-appartement-t1-lyon-8-69008-3797a4eb-009d-4de2-b296-3b3d9ab762df/,https://cutjhqvjma.cloudimg.io/_prod_/sweepbright-s3/3797a4eb-009d-4de2-b296-3b3d9ab762df--13e7060b-26a3-4f78-b5dd-59203c5d6768.jpg?p=estate-result-item&ci_url_encoded=1&ci_sign=6a134f95d9d948907f7d59656e37cb06603e83d3,2026-09-24
1266,Orpi,1243.0,63.0,19.73,Appartement,2 pièce - s 63 m2 1 243 €par mois LOCATION,"Location Appartement 2 pièces 63 m2 1 243 €par mois
LOCATION","Appartement T2 meublé. MERCI DE PRENDRE RDV EN LIGNE VIA LE FORMULAIRE DE CONTACT AGENCE - Vous recevrez un lien par mail pour la prise de rendez-vous en ligne et le dépôt de dossier. 12 Rue Mazenod - 69003. Secteur Préfecture. Magnifique T2 meublé entièrement refait à neuf de 63.25 m², composé d'une pièce de vie avec cuisine entièrement équipée et aménagée (Four, micro-ondes, lave-vaisselle, plaques, hottes, réfrigérateur), 1 chambre avec alcôve, une salle d'eau, un WC séparé. Logement disponible rapidement. Zone soumise à l'encadrement des loyers : Loyer HC : 1193€ Provisions pour charges : 50€ (parties communes)",69003,Lyon,,,https://www.orpi.com/annonce-location-appartement-t2-lyon-3-69003-da31b6af-7eea-4eb0-b63d-ed75f78a722b/,https://cutjhqvjma.cloudimg.io/_prod_/sweepbright-s3/da31b6af-7eea-4eb0-b63d-ed75f78a722b--e3c463a0-096f-4c27-b5d2-10bd4282924c.jpg?p=estate-result-item&ci_url_encoded=1&ci_sign=29b95ea52dd7d1dc11c61ce0d4e1622d53983758,2026-09-24
1267,Orpi,822.0,40.0,20.55,Appartement,2 pièce - s 40 m2 822 €par mois LOCATION,"Location Appartement 2 pièces 40 m2 822 €par mois
LOCATION","Appartement - Non meublé À Louer. À louer, joli appartement de 40 m² situé rue Maryse Bastié, au 5ᵉ étage d’une résidence récente avec ascenseur. Il se compose d’une cuisine aménagée ouverte sur un séjour lumineux, donnant accès à une grande terrasse de 6 m², une chambre, d’une salle de bain, et d’un garage en sous-sol. Disponible le 27/10/2026. A environ 10min du T6 et T2 Loyer de référence majoré (loyer de base à ne pas dépasser) : 697€ loyer de base : 697€ complément de loyer 91€",69008,Lyon,,,https://www.orpi.com/annonce-location-appartement-t2-lyon-8-69008-688f1d81-ebea-45ce-a0d4-9a3f41b2fbc4/,https://cutjhqvjma.cloudimg.io/_prod_/sweepbright-s3/688f1d81-ebea-45ce-a0d4-9a3f41b2fbc4--84c4460a-8371-4edf-9047-a0c4a136aa8a.jpg?p=estate-result-item&ci_url_encoded=1&ci_sign=be11ca3aedada9c99c0b5c14094352cb965e386b,2026-09-24
1268,Orpi,795.0,47.0,16.91,Appartement,1 pièce - 47 m2 795 €par mois LOCATION,"Location Appartement 1 pièce 47 m2 795 €par mois
LOCATION","T2 - Proximité des transports. T2 - 68 Rue Montesquieu, 69007 Lyon À proximité des quais du Rhône et des transports (Tram ligne T1 et Métro ligne D), cet appartement de type 2 est situé au 2ᵉ étage sans ascenseur. Il se compose d'une entrée, d'un séjour, d'une cuisine, d'une chambre, ainsi que d'une salle de bains avec WC. Le chauffage et l'eau chaude sont individuels électriques. L'eau froide est individuelle, à souscrire auprès de l'Eau du Grand Lyon. La visite virtuelle : https://envisite.net/vtour/fr/annmi8/frame Disponible immédiatement. /!\ Pour visiter, rien de plus simple : faites la demande de contact en complétant le formulaire et vous recevrez un lien qui vous permettra de réserver une visite. Si vous n'avez aucun créneau de visite disponible à la réservation, cela signifie que le nombre maximum de visites prévu pour le moment a été atteint. /!\",69007,Lyon,,,https://www.orpi.com/annonce-location-appartement-t1-lyon-7-69007-12934c75-9b66-4c60-acbd-d1cbdd3b6c05/,https://cutjhqvjma.cloudimg.io/_prod_/sweepbright-s3/12934c75-9b66-4c60-acbd-d1cbdd3b6c05--bf1fa017-a18f-4363-a416-af324e8b962c.jpg?p=estate-result-item&ci_url_encoded=1&ci_sign=dba24bd595295384381e24c913e710549465ece7,2026-09-24
1269,Orpi,696.0,23.0,30.26,Appartement,1 pièce - 23 m2 696 €par mois LOCATION,"Location Appartement 1 pièce 23 m2 696 €par mois
LOCATION","Location T1 Meublé - Part-Dieu. Appartement de type T1 meublé de 23m², situé au 2ème étage avec ascenseur, comprenant un hall avec placard, une cuisine séparée, une pièce à vivre lumineuse avec placard, une salle de bains avec WC. Les résidents bénéficient d'un accès à une laverie, une salle de sport et un parking en sous-sol, le tout inclus dans le loyer. Idéalement situé à proximité de la gare Part-Dieu et de l'arrêt de métro Garibaldi (ligne D), ce bien est parfait pour des étudiants ou jeunes professionnels désirant résider au cœur de Lyon. Disponible le 22/09/2026 Loyer de base: 605€ Loyer de référence majoré ( loyer à ne pas dépasser ) : 605 € Complément de loyer : 51 €",69003,Lyon,,,https://www.orpi.com/annonce-location-appartement-t1-lyon-3-69003-a6a407f1-5ef0-4dd1-bb5a-a469a761d8d4/,https://cutjhqvjma.cloudimg.io/_prod_/sweepbright-s3/a6a407f1-5ef0-4dd1-bb5a-a469a761d8d4--75af35d0-d1e8-4ae5-88f1-dabc76388e4f.jpg?p=estate-result-item&ci_url_encoded=1&ci_sign=b0ac5dd2934955d99649326d886fdc752f7930d6,2026-09-24
1270,Orpi,959.0,40.0,23.98,Appartement,2 pièce - s 40 m2 959 €par mois LOCATION,"Location Appartement 2 pièces 40 m2 959 €par mois
LOCATION","Appartement À Louer secteur Montchat. Agréable T2 meublé de 39,62 m², situé cours Docteur Long, Lyon 3e, dans le secteur recherché de Montchat. Situé au 3e étage d’une résidence récente datant de 2015, l’appartement se compose de une cuisine équipée et aménagée ouverte sur le séjour, un séjour lumineux donnant accès à un balcon, une chambre et une salle de bains avec WC. Le + : Un balcon et un garage privatif en sous-sol complète le bien. chauffage collectif ; eau chaude collective ; eau froide individuelle. Disponible au 05/10/26 Loyer : 877€ + 82€ = 959€ Dépôt de garantie : 1754€ Honoraires de location : 396.20€ (visites, constitution de dossiers et rédaction de bail) + 118.86€ (frais état des lieux) = 515.06€ Zone soumise à encadrement des loyers Complément de loyer déjà inclus : 65€ (garage + balcon) Loyer majoré : 20.50€/m² Loyer de référence : 17.10€/m² DPE noté : C-110 Gaz à effet de serre noté : C-21 Estimation des dépenses annuelles d'énergie : entre 350€ et 510€ Année de référence des prix de l'énergie : 2021,2022,2023 Les informations sur les risques auxquels ce bien est exposé sont disponibles sur le site Géorisques : https://www.georisques.gouv.fr/ *La taxe d'ordure ménagère n'est pas comprise dans les charges, celle ci sera quittancée en sus.",69003,Lyon,,,https://www.orpi.com/annonce-location-appartement-t2-lyon-3-69003-6e15aa09-ed09-40a2-8b33-3bf22246b8c4/,https://cutjhqvjma.cloudimg.io/_prod_/sweepbright-s3/6e15aa09-ed09-40a2-8b33-3bf22246b8c4--d5b1cbca-f31c-427f-a228-12d6d96ae877.jpg?p=estate-result-item&ci_url_encoded=1&ci_sign=c8d61c92747503d7fe28b3519473e44c466c0ac1,2026-09-24
1271,Orpi,953.0,48.0,19.85,Appartement,2 pièce - s 48 m2 953 €par mois LOCATION,"Location Appartement 2 pièces 48 m2 953 €par mois
LOCATION","Appartement T2 MEUBLE - 953.99€ CC. Appartement de type 2 pièces MEUBLE à 953.99€ CC à 48,2 m2 - 12 rue Lavoisier à LYON 69003. Cet appartement lumineux de 48,20 m2 au 8ème étage dans une copropriété avec ascenseur est composé : d'une entrée, d'une pièce de vie avec cuisine équipée, salle d'eau, d'une chambre et WC séparés. Loyer de référence majoré : 886.88 € Complément de loyer : 17.11 € (étage élevé) Loyer HC : 903.99 € Provisions pour charges : 50 € Loyer CC : 953.99 € Logement disponible à partir du 22/09/2026. Visite accompagnée sur RDV, contacter le service location au 04 72 33 00 81.",69003,Lyon,,,https://www.orpi.com/annonce-location-appartement-t2-lyon-3-69003-9eceec25-5517-4283-b18c-d6223fd1acd0/,https://cutjhqvjma.cloudimg.io/_prod_/sweepbright-s3/9eceec25-5517-4283-b18c-d6223fd1acd0--63a45f66-18ab-4743-b7da-8c0bf8ee2109.jpg?p=estate-result-item&ci_url_encoded=1&ci_sign=ead62cec6111c14591e90f482c73a85bdbae377a,2026-09-24
1272,Orpi,700.0,26.0,26.92,Appartement,1 pièce - 26 m2 700 €par mois LOCATION,"Location Appartement 1 pièce 26 m2 700 €par mois
LOCATION","Appartement Lyon 1 pièce Mezzanine. CROIX ROUSSE - Sur les pentes, en dernier étage avec ascenseur, grand studio rénové récemment de 26m2 carrez mais 40m2 au sol. Très lumineux avec volume comprenant une pièce principale avec coin cuisine, une salle d'eau avec WC et une mezzanine. Libre à partir du 18 Septembre 2026. Indice de performance énergétique : C Loyer charges comprises : 700  (dont 10  de charges communes) Honoraires locataires : 343  Dépôt de garantie : 690 ",69001,Lyon,,,https://www.orpi.com/annonce-location-appartement-t1-lyon-1-69001-b349db13-e262-4179-a528-237da95a5d05/,https://cutjhqvjma.cloudimg.io/_prod_/sweepbright-s3/b349db13-e262-4179-a528-237da95a5d05--854b9779-b941-42e1-89dd-a3fe005bcd40.jpeg?p=estate-result-item&ci_url_encoded=1&ci_sign=494f965288fd3097d5b55f7666e697f03d9a37c1,2026-09-24
1273,Orpi,910.0,47.0,19.36,Appartement,2 pièce - s 47 m2 910 €par mois LOCATION,"Location Appartement 2 pièces 47 m2 910 €par mois
LOCATION","Appartement Lyon T2 de 46.76 m2. Appartement de type 2 de 46.76m2 au 3ème étage avec ascenseur, situé Rue des Alouettes 69008 LYON. Il se compose d'un hall d'entrée avec rangements, de WC séparés, un séjour ouvert sur une cuisine donnant sur un balcon, d'une chambre et d'une salle de bains attenante. L'appartement est loué avec un garage et une cave. A proximité immédiate de la station de métro D arrêt Monplaisir Lumière, du Tramway T2 et de la place Ambroise Courtois. Disponible 16/10/2026 Loyer de référence majoré (loyer de base à ne pas dépasser) : 806€ loyer de base : 806€ complément de loyer : 54€",69008,Lyon,,,https://www.orpi.com/annonce-location-appartement-t2-lyon-8-69008-5bed5823-3d6a-4bfd-a6df-ed65da47881e/,https://cutjhqvjma.cloudimg.io/_prod_/sweepbright-s3/5bed5823-3d6a-4bfd-a6df-ed65da47881e--ac27b4b9-1a70-49fa-a650-6c28016b3165.jpg?p=estate-result-item&ci_url_encoded=1&ci_sign=254061487a502a6e7efa162e2930197bdfe583b6,2026-09-24
1274,Orpi,1090.0,49.0,22.24,Appartement,2 pièce - s 49 m2 1 090 €par mois PRIX EN BAISSE LOCATION,"Location Appartement 2 pièces 49 m2 1 090 €par mois
PRIX EN BAISSE
LOCATION","APPARTEMENT T2 DE 48.75 m² - avec garage - LYON 4ème. Orpi Côté Mont d'Or – Appartement T2, Plateau de la Croix-Rousse, Lyon Prise de rendez-vous uniquement via le formulaire de contact de l'agence. Un email automatique vous sera envoyé afin de réserver votre créneau de visite. Situé au cœur du plateau de la Croix-Rousse, ce superbe deux pièces non meublé de 48,75 m² se trouve au premier étage d'une résidence récente (2020). Il se compose d'un séjour prolongé par une loggia, d'une cuisine équipée fonctionnelle, d'un espace buanderie, ainsi que d'une chambre avec placard aménagé et salle d'eau attenante. Un garage fermé en sous-sol complète ce bien. Le logement garantit un excellent confort thermique au quotidien. Loyer charges comprises : 1090 Euros (zone soumise à l'encadrement des loyers) Loyer hors charges : 1001 Euros Charges : 89 Euros Dépôt de garantie : 1001 Euros Le complément de loyer comprend la loggia et un garage privatif (118.62 Euros). Honoraires locataire : 633,75 Euros TTC (487,50 Euros dossier/visite/bail + 146,25 Euros état des lieux) Estimation des coûts annuels d'énergie du logement : entre 460 Euros et 660 Euros par an.",69004,Lyon,,,https://www.orpi.com/annonce-location-appartement-t2-lyon-4-69004-d4b6e150-2222-4005-87d1-2adfb65f1e7f/,https://cutjhqvjma.cloudimg.io/_prod_/sweepbright-s3/d4b6e150-2222-4005-87d1-2adfb65f1e7f--e4d05fc6-d874-4841-ae2c-fbfede42af22.jpg?p=estate-result-item&ci_url_encoded=1&ci_sign=5a52a477f33fc1fa2d2088e1dd41f177bc60ea13,2026-09-24
1275,Orpi,906.0,47.0,19.28,Appartement,2 pièce - s 47 m2 906 €par mois LOCATION,"Location Appartement 2 pièces 47 m2 906 €par mois
LOCATION","Appartement LYON 07 2 pièce(s) 46.67 m²/ SOUMIS AU DISPOSITIF SCELLIER. LYON 7, Dans le secteur de la ZAC DU BON LAIT, à 5 minutes du Métro Place Jean Jaurès, Beau T2 dans un immeuble de 2013 de 46,67m2 au 4ème étage avec ascenseur, composé d'une pièce principale avec coin cuisine, d'une chambre et d'une salle de bain avec WC. Cet appartement dispose d'un beau balcon, et d'un garage en sous-sol. Eau froide, eau chaude et chauffage collectif au gaz. Disponible LE 22/10/26 VISITE DES DEBUT OCTOBRE ATTENTION APPARTEMENT SOUMIS AU DISPOSITIF SCELLIER Loyer : 770€ + 136€ = 906€ Honoraires d'Agence : 466.70€ (visites, constitution de dossiers et rédaction de bail) + 140.01€ (frais état des lieux) = 606.71€ Dépôt de Garantie : 770€ Zone soumise à encadrement des loyers : Loyer de référence : 14.50€/m² Loyer majoré : 17.40€/m² DPE noté : C-140 Gaz Effet de Serre noté : C-28 Estimation des dépenses annuelles d'énergie : entre 370€ et 540€  *La taxe d'ordure ménagère n'est pas comprise dans la provision pour charges",69007,Lyon,,,https://www.orpi.com/annonce-location-appartement-t2-lyon-7-69007-81eda2d9-b87b-436e-83ff-5ac3c000619a/,https://cutjhqvjma.cloudimg.io/_prod_/sweepbright-s3/81eda2d9-b87b-436e-83ff-5ac3c000619a--58d5bfa1-ecb6-4f6c-ad3f-b646f1cc01ed.jpg?p=estate-result-item&ci_url_encoded=1&ci_sign=3bbbf23652c0d2f061a90ac64885f83b36c5f383,2026-09-24
1276,Orpi,1290.0,69.0,18.7,Appartement,3 pièce - s 69 m2 1 290 €par mois PRIX EN BAISSE LOCATION,"Location Appartement 3 pièces 69 m2 1 290 €par mois
PRIX EN BAISSE
LOCATION","Appartement À Louer. Lyon 8, Avenue Paul Santy, Secteur Mermoz, dans bel immeuble récent de 2002, au quatrième étage avec ascenseur, agréable et lumineux F3 de 68.90m² entièrement meublé, se composant d'une entrée avec placards, une grande pièce de vie avec cuisine meublée et équipée, donnant sur un grand balcon à vivre, deux chambres avec placards, salle de bains, et WC séparé. Vous aurez à disposition avec l'appartement un jardin arboré, et un local vélo. Appartement entièrement climatisé. DISPONIBLE DE SUITE Loyer : 1250€ + 40€ = 1290€ Honoraires d'Agence : 689€ (visites, constitution du dossier et rédaction du bail) + 206.7€ (frais d'état des lieux) = 895.7€ Dépôt de Garantie : 2500€ Zone soumise à l'encadrement des loyers : Loyer de référence majoré : 16.80€/m² Loyer de référence : 14€/m² DPE noté : C94 Gaz Effet de Serre noté : C-17 Estimation des dépenses annuelles d'énergie : entre 600€ et 900€ *La taxe d'ordures ménagère n'est pas comprises dans les provisions pour charges.",69008,Lyon,,,https://www.orpi.com/annonce-location-appartement-t3-lyon-8-69008-a14d6857-566c-49bc-9100-9980156a5ac6/,https://cutjhqvjma.cloudimg.io/_prod_/sweepbright-s3/a14d6857-566c-49bc-9100-9980156a5ac6--57071517-914e-4b44-ba45-4cab046b31fc.jpg?p=estate-result-item&ci_url_encoded=1&ci_sign=a938cc8d2fa36ee196d4ac26fa12ff2b50a43462,2026-09-24
1277,Orpi,840.0,32.0,26.25,Appartement,2 pièce - s 32 m2 840 €par mois PRIX EN BAISSE LOCATION,"Location Appartement 2 pièces 32 m2 840 €par mois
PRIX EN BAISSE
LOCATION","Studio meublé + coin nuit à louer. 24 Montée Saint Sébastien - Secteur pentes de la croix Rousse, à deux pas du métro Croix-Paquet. Au rez-de-chaussée, appartement de 32.10m² entièrement rénové, composé d'une pièce à vivre lumineuse, un coin nuit avec salle d'eau, une cuisine ouverte aménagée et équipée (plaques de cuisson, micro-ondes), WC séparés, une cave attenante avec réfrigérateur et lave-linge. Disponible rapidement. Zone soumise à l'encadrement des loyers : Loyer de référence majoré : 767.19€ Complément de loyer : 32.81€ Provisions pour charges : 40€ (parties communes, eau froide)",69001,Lyon,,,https://www.orpi.com/annonce-location-appartement-t2-lyon-1-69001-52e6df36-ad70-47ee-a04d-6cf962274cdc/,https://cutjhqvjma.cloudimg.io/_prod_/sweepbright-s3/52e6df36-ad70-47ee-a04d-6cf962274cdc--07270393-e5cb-45f2-a3ee-f4fc52ce248e.jpg?p=estate-result-item&ci_url_encoded=1&ci_sign=c10f5cf39738dfb3d84abc0304e981ce738750e7,2026-09-24
1278,Orpi,920.0,47.0,19.57,Appartement,2 pièce - s 47 m2 920 €par mois LOCATION,"Location Appartement 2 pièces 47 m2 920 €par mois
LOCATION","Appartement T2 à louer. Exclusivité Orpi ! La prise de rendez-vous s'effectue en ligne. Merci de remplir la rubrique 'Contacter l’agence'. Vous recevrez instantanément un email et un SMS vous invitant à choisir un créneau pour visiter le bien. Venez découvrir ce charmant T2 meublé idéalement situé au 43 Rue Léon Jouhaux dans le 3ème arrondissement de Lyon. Le logement est composé d'une pièce à vivre avec cuisine ouverte et équipée, d'une chambre et d'une salle d'eau. Disponible à partir du 1er novembre ! Le loyer : Loyer hors charges : 856€ Provisions sur charges : 64€ Dépôt de garantie : 1712€ Honoraires de visites, constitution du dossier, rédaction du bail : 470€ Honoraires d'état des lieux : 141€ DPE D - estimation annuelle des coûts de l'énergie entre 1020€ et 1430€",69003,Lyon,,,https://www.orpi.com/annonce-location-appartement-t2-lyon-3-69003-27f6ffa1-bdfb-41d0-a1b0-e44f74f18ce7/,https://cutjhqvjma.cloudimg.io/_prod_/sweepbright-s3/27f6ffa1-bdfb-41d0-a1b0-e44f74f18ce7--7ab90b33-cd2f-4392-acf7-8d0a8e9403e4.jpg?p=estate-result-item&ci_url_encoded=1&ci_sign=5d031167b2c170cca1abfad98fde596ed0df8c32,2026-09-24
1279,Orpi,1300.0,85.0,15.29,Appartement,4 pièce - s 85 m2 1 300 €par mois LOCATION,"Location Appartement 4 pièces 85 m2 1 300 €par mois
LOCATION","Appartement À Louer. 19 cours Suchet 69002 Lyon, appartement situé au 6ème étage avec ascenseur, T4 de 85m2. Il se compose d'une entrée avec rangement, d'une grande pièce de vie avec placard, donnant accès à un balcon. Une cuisine indépendante meublée et équipée ( plaques, hotte, lave vaisselle, four ) avec balcon. Côté nuit, vous retrouvez trois chambres, dont deux avec accès à un balcon, une salle de bains, et un WC séparé. Chauffage individuel électrique, eau froide collective. Un garage double est disponible en complément pour 150 €/mois. Loyer de référence : 11€/m2 Loyer de référence majoré : 13,20€/m2 soit 1 123,32€ Loyer HC : 1225 € dont 101,68 € de complément ( jusitifié par la présence de deux balcons ainsi que la cuisine meublée ) Provision sur charges (régularisation annuelle) : 75 € soit, charges locatives et eau froide Dépôt de garantie : 1225 € Honoraires : 1 021,20€ dont 170,20€ d'état des lieux. Libre immédiatement !",69002,Lyon,,,https://www.orpi.com/annonce-location-appartement-t4-lyon-2-69002-4673b1e1-26db-49c3-9969-4f4470e5bfdb/,https://cutjhqvjma.cloudimg.io/_prod_/sweepbright-s3/4673b1e1-26db-49c3-9969-4f4470e5bfdb--284fbf80-f884-41f0-8794-2463191c0bde.jpg?p=estate-result-item&ci_url_encoded=1&ci_sign=c30bc3257c7ee25ee8cc10defc2ce9f57373854e,2026-09-24
1280,Orpi,1266.0,76.0,16.66,Appartement,3 pièce - s 76 m2 1 266 €par mois LOCATION,"Location Appartement 3 pièces 76 m2 1 266 €par mois
LOCATION","T3 NON MEUBLE de 75.70 m2 à 1266.35 € CC. Appartement T3 NON MEUBLE de 75.70 m2 à 1266.35 € CC - 24 rue d'Essling 69003 LYON. Ce T3 NON MEUBLE et lumineux au 1er étage avec ascenseur dans une copropriété sécurisée se compose : d'une entrée spacieuse avec un placard de rangement, d'une cuisine indépendante avec seulement bloc évier et hotte, d'un séjour donnant sur une loggia de 8.90 m2, d'une salle de bains, WC séparés et de 2 chambres avec placards de rangement. Une cave et un garage fermé sont loués avec ce logement. DPE C Loyer de référence : 976.53 € Loyer de référence majoré : 1173.35 € Disponible de suite. Visite accompagnée sur RDV. Contacter le service location au 04 72 33 00 81.",69003,Lyon,,,https://www.orpi.com/annonce-location-appartement-t3-lyon-3-69003-bd70ad1c-16bc-44ec-b6f3-ef26775d8d89/,https://cutjhqvjma.cloudimg.io/_prod_/sweepbright-s3/bd70ad1c-16bc-44ec-b6f3-ef26775d8d89--e0e79b01-66fb-4c56-bb66-76b5b9e38665.jpg?p=estate-result-item&ci_url_encoded=1&ci_sign=70bbed5f06eb14408cea279564c53a4b0ba492c4,2026-09-24
1281,Orpi,600.0,12.0,50.0,Appartement,1 pièce - 12 m2 600 €par mois LOCATION,"Location Appartement 1 pièce 12 m2 600 €par mois
LOCATION","Appartement À Louer. APPARTEMENT D'EXCEPTION ENTIÈREMENT RÉNOVÉ AVEC TERRASSE – EN COLOCATION Découvrez ce magnifique appartement entièrement refait à neuf, situé au 7 rue Lieutenant-Colonel Girard à Lyon. Alliant confort, modernité et prestations de qualité, il offre un cadre de vie idéal pour des colocataires comme pour une famille ou un groupe d'amis souhaitant louer l'ensemble du logement. Les points forts de l'appartement : Entièrement rénové avec des matériaux et finitions de qualité 3 belles chambres lumineuses Climatisation réversible dans chaque pièce pour un confort optimal en toute saison Agréable terrasse pour profiter des beaux jours Espaces de vie modernes et fonctionnels Proche des commerces, transports et commodités Chambre en Colocation Chaque chambre est proposée au même tarif : 550 € de loyer + 50 € de charges Soit 600 € charges comprises par chambre Dépôt de garantie : 1 100 € par chambre Frais d'agence : 206+ 61.67 par personne N'hésitez pas à nous contacter pour plus d'informations ou pour organiser une visite. _______ Votre dossier locataire : Démarquez vous et mettez toutes les chances de votre côté, merci d’utiliser DossierFacile (dossierfacile.logement.gouv.fr) pour constituer et nous envoyer votre dossier locataire, c'est un service gratuit du gouvernement qui aide les locataires à constituer un Dossier unique, complet et sécurisé afin de le partager simplement aux Propriétaires et Agences.",69007,Lyon,,,https://www.orpi.com/annonce-location-appartement-t1-lyon-7-69007-d48c137e-900a-487a-ac40-971d3287d3ed/,https://cutjhqvjma.cloudimg.io/_prod_/sweepbright-s3/d48c137e-900a-487a-ac40-971d3287d3ed--71ba670a-8b7c-42ec-bb66-be82bcaa4e68.jpg?p=estate-result-item&ci_url_encoded=1&ci_sign=f24f04315e06b8c0e0a483664ec55cc60f94f28b,2026-09-24
1282,Orpi,690.0,32.0,21.56,Appartement,1 pièce - 32 m2 690 €par mois LOCATION,"Location Appartement 1 pièce 32 m2 690 €par mois
LOCATION","Grand Studio à louer ! Gorge de Loup. Exclusivité Orpi ! La prise de rendez-vous s'effectue en ligne. Merci de remplir la rubrique 'Contacter l’agence'. Vous recevrez instantanément un email et un SMS vous invitant à choisir un créneau pour visiter le bien. Venez découvrir ce spacieux studio meublé de 32m² idéalement situé au 28 Rue Louis Loucheur dans une copropriété calme au 1er étage avec ascenseur. Le logement est composé d'une grande pièce à vivre avec cuisine ouverte et équipée (présence d'une machine à laver) et d'une salle de bain. Le loyer : Loyer hors charges : 645€ Provisions sur charges : 45€ (eau froide, entretien des parties communes) Dépôt de garantie : 1290€ Honoraires de visites, constitution du dossier, rédaction du bail : 317€ Honoraires d'état des lieux : 95,10€ DPE C - estimation annuelle des coûts de l'énergie entre 360€ et 560€",69009,Lyon,,,https://www.orpi.com/annonce-location-appartement-t1-lyon-9-69009-79d1aa5b-77eb-4532-8fd7-f635483400a7/,https://cutjhqvjma.cloudimg.io/_prod_/sweepbright-s3/79d1aa5b-77eb-4532-8fd7-f635483400a7--b78fc8e8-2ce0-4615-8e14-084cae91c54d.jpg?p=estate-result-item&ci_url_encoded=1&ci_sign=0f38d3b44dd170613bd3f4341cd02ed1710deb2b,2026-09-24
1283,Orpi,992.0,64.0,15.5,Appartement,3 pièce - s 64 m2 992 €par mois LOCATION,"Location Appartement 3 pièces 64 m2 992 €par mois
LOCATION","Appartement À Louer T3 LYON 7ème. Appartement Type 3 idéalement situé au 46 Avenue Jean-François Raclet, dans le dynamique 7e Arrondissement de Lyon. Cet appartement se compose d'une entrée donnant sur un séjour avec cuisine équipée, un grand espace buanderie, deux chambres avec parquet, une salle d'eau avec W.C. L'eau froide et l'entretien des communs sont inclus dans les charges. Profitez de la proximité des transports en commun, tout en vivant en plein cœur de la ville. Ne manquez pas cette opportunité unique de vivre au centre de Lyon. Disponible de suite",69007,Lyon,,,https://www.orpi.com/annonce-location-appartement-t3-lyon-7-69007-10c0b6fb-d8b9-47c4-99ff-dbb9594e25c9/,https://cutjhqvjma.cloudimg.io/_prod_/sweepbright-s3/10c0b6fb-d8b9-47c4-99ff-dbb9594e25c9--3a7977d0-e7b7-4f05-a98e-0343aaf2ad6e.jpg?p=estate-result-item&ci_url_encoded=1&ci_sign=4bd0fb07bfa2368eb70de9230958efcb1fa0f1da,2026-09-24
1284,Orpi,600.0,17.0,35.29,Appartement,1 pièce - 17 m2 600 €par mois LOCATION,"Location Appartement 1 pièce 17 m2 600 €par mois
LOCATION","A LOUER, studio meublé à Lyon 8ème. A Louer, Studio MEUBLE à Lyon 8ème. A louer, Studio Meublé au rez-de-chaussée, idéalement situé à proximité immédiate des commerces, services et transports en commun. Rénové récemment, ce logement au rez-de-chaussée propose une agréable pièce de vie ouvrant sur un jardin clos, une cuisine ouverte équipée et meublée, un lit et une salle d'eau avec WC séparé. L'appartement dispose de nombreux rangements. Disponible le 7 octobre 2026. Loyer : 600,00 euros charges comprises (dont 70,00 euros de charges). Dépôt de garantie : 1 060,00 euros Honoraires : 220,42 euros (dont 50,90 euros de frais d'état des lieux) Pour visiter ou obtenir plus d'informations, contactez-vous dès aujourd'hui au 04 78 59 06 06.",69008,Lyon,,,https://www.orpi.com/annonce-location-appartement-t1-lyon-8-69008-4fdd5806-45e0-4570-8c3a-b953b1465627/,https://cutjhqvjma.cloudimg.io/_prod_/sweepbright-s3/4fdd5806-45e0-4570-8c3a-b953b1465627--b6110811-6874-44a4-9749-6911b912019b.jpg?p=estate-result-item&ci_url_encoded=1&ci_sign=da0877660d7b1e6b074f739403c2720795e62926,2026-09-24
1285,Orpi,2200.0,140.0,15.71,Maison,5 pièce - Maison s 140 m2 2 200 €par mois LOCATION,"Location Maison 5 pièces 140 m2 2 200 €par mois
LOCATION","Maison meublée de 140 m² avec jardin -Lyon 9 - Exclusivité Côté Mont D'Or. Exclusivité ORPI Côté Mont D’OR – Maison meublée à Lyon 9, Chemin de Montessuy Prise de rendez-vous uniquement via le formulaire de contact de l'agence. Un email automatique vous sera envoyé afin de réserver votre créneau de visite. Nous vous proposons à la location une belle maison meublée d'une surface habitable de 140 mètres carrés, idéalement située dans un quartier stratégique et recherché du 9e arrondissement de Lyon. La maison bénéficie d’un emplacement privilégié, à proximité immédiate de Saint-Cyr-au-Mont-d’Or et de Saint-Didier-au-Mont-d’Or Description du bien : La maison se compose de deux niveaux avec un agencement fonctionnel et des prestations de qualité. Au rez-de-chaussée : Un salon lumineux, une cuisine aménagée et entièrement équipée, un espace bureau, une buanderie, un WC indépendant, un cellier donnant accès direct au garage double À l’étage : Quatre chambres, dont une suite parentale avec sa propre salle d’eau et un dressing, une salle de bains, un WC indépendant Extérieurs : Un jardin agréable et une belle terrasse viennent compléter ce bien, offrant un cadre de vie calme et confortable. Quartier calme, proche des commodités et des accès. Loyer mensuel : 2200 Euros Charges comprises Zone soumise à l'encadrement des loyers Loyer : 2198.10€ Complément de loyer : 1.90€ Dépôt de garantie : 4400€ Honoraires à la charges du locataire: 1595€ dont 195€ d'état des lieux. Cette maison conviendra parfaitement à une famille à la recherche d’un lieu de vie spacieux, fonctionnel et prêt à vivre. Pour plus d’informations ou pour organiser une visite, contactez l’agence ORPI Côté Mont D’OR.",69009,Lyon,,,https://www.orpi.com/annonce-location-maison-t5-lyon-9-69009-befb7f32-1ef2-488b-afd5-03b9099a0987/,https://cutjhqvjma.cloudimg.io/_prod_/sweepbright-s3/befb7f32-1ef2-488b-afd5-03b9099a0987--7b7243ee-7ded-440d-886e-0cda37dcd695.jpg?p=estate-result-item&ci_url_encoded=1&ci_sign=69700331c4bb521a76447c18201c3e9cced30305,2026-09-24
1286,Orpi,569.0,23.0,24.74,Appartement,1 pièce - 23 m2 569 €par mois LOCATION,"Location Appartement 1 pièce 23 m2 569 €par mois
LOCATION","Location studio RDC sur cour - 23,09m². MERCI DE PRENDRE RDV EN LIGNE VIA LE FORMULAIRE DE CONTACT AGENCE - Vous recevrez un lien par mail pour la prise de rendez-vous et le dépôt de dossier. 234 Avenue Felix Faure, 69003 - Secteur MAISONS NEUVES Studio meublé de 23.09m2 au rdc au calme sur cour, composé d'une pièce de vie avec coin cuisine aménagé et équipé (plaques, hotte, frigo), une salle d'eau avec WC. Location disponible à partir du 5 octobre 2026 ! Zone soumise à l'encadrement des loyers : Loyer de référence majoré : 512,60€ Complément de loyer : 16,40€ Provisions pour charges : 40€ (parties communes)",69003,Lyon,,,https://www.orpi.com/annonce-location-appartement-t1-lyon-3-69003-e0a5b1e8-585b-4fe3-a850-aa88f8ac82cd/,https://cutjhqvjma.cloudimg.io/_prod_/sweepbright-s3/e0a5b1e8-585b-4fe3-a850-aa88f8ac82cd--4ef366a5-b748-47b0-bbc8-bdcbd3744236.jpg?p=estate-result-item&ci_url_encoded=1&ci_sign=c49e3bc6dbdb99e0534c0ab831b09c624c987668,2026-09-24
1287,Orpi,971.0,49.0,19.82,Appartement,2 pièce - s 49 m2 971 €par mois LOCATION,"Location Appartement 2 pièces 49 m2 971 €par mois
LOCATION","Appartement T2 bis meublé à louer. MERCI DE PRENDRE RDV EN LIGNE VIA LE FORMULAIRE DE CONTACT AGENCE - Vous recevrez un lien par mail pour la prise de rendez-vous et le dépôt de dossier. 21 Rue de Flesselles - 69001. Appartement T2 meublé composé d'une pièce à vivre lumineuse avec mezzanine pour un couchage d'appoint, une chambre séparée, une cuisine ouverte aménagée et équipée (plaques de cuisson, hotte, four, lave-vaisselle, réfrigérateur), une salle d'eau. Disponible rapidement. Zone soumise à l'encadrement des loyers : Loyer HC : 926€ Provisions pour charges : 20€ (parties communes) Forfait pour charges : 25€ (box internet)",69001,Lyon,,,https://www.orpi.com/annonce-location-appartement-t2-lyon-1-69001-211c4e75-beb5-423a-aa33-1971e3db2e48/,https://cutjhqvjma.cloudimg.io/_prod_/sweepbright-s3/211c4e75-beb5-423a-aa33-1971e3db2e48--2c13c4d4-d2b5-46f9-8b4d-249893984795.jpg?p=estate-result-item&ci_url_encoded=1&ci_sign=105471658eaa66e377407505c68b943a836a7929,2026-09-24
1288,Orpi,1059.0,50.0,21.18,Appartement,2 pièce - s 50 m2 1 059 €par mois LOCATION,"Location Appartement 2 pièces 50 m2 1 059 €par mois
LOCATION","Appartement meublé À Louer - LYON 3. À louer, appartement de type 2 de 50m² situé au 4ème étage, entièrement meublé. Il comprend un hall, une cuisine équipée, un séjour, une chambre, une salle de bains, des WC séparés et un balcon privatif. L'appartement dispose également d'un garage fermé en sous sol. Disponible le 13 octobre A quelques pas du métro D. Loyer de référence majoré (loyer de base à ne pas dépasser) : 909€ loyer de base : 909€ complément de loyer 118€",69003,Lyon,,,https://www.orpi.com/annonce-location-appartement-t2-lyon-3-69003-ccb0e200-47c3-4289-bb61-0b0c58f06bfe/,https://cutjhqvjma.cloudimg.io/_prod_/sweepbright-s3/ccb0e200-47c3-4289-bb61-0b0c58f06bfe--9aa74be5-5bd7-43b5-bae8-eef6ed299665.jpg?p=estate-result-item&ci_url_encoded=1&ci_sign=916ac503c6da663bb86c36498c1bb6e925b0005b,2026-09-24
1289,Orpi,1850.0,106.0,17.45,Appartement,4 pièce - s 106 m2 1 850 €par mois LOCATION,"Location Appartement 4 pièces 106 m2 1 850 €par mois
LOCATION","T4 Meublé 105m² avec garage. Idéalement situé Rue Bouteille à Lyon 1, à deux pas de la Place des Terreaux et de la place Sathonay et du métro A, découvrez ce spacieux appartement meublé de 105 m², situé au 1er étage avec ascenseur d'une résidence sécurisée. L'appartement se compose d'une entrée avec rangements, d'un vaste séjour avec espace salle à manger, d'une cuisine aménagée et entièrement équipée, de trois chambres disposant chacune de rangements, d'une véranda, d'une salle d'eau, de WC séparés ainsi que d'un espace équipé d'un sèche-linge. Un garage complète ce bien. Disponible immédiatement Loyer de référence majoré (loyer de base à ne pas dépasser) : 1733€ loyer de base : 1733€ complément de loyer 22€",69001,Lyon,,,https://www.orpi.com/annonce-location-appartement-t4-lyon-1-69001-eadbf0d0-6adf-4e54-a788-2875be96a24d/,https://cutjhqvjma.cloudimg.io/_prod_/sweepbright-s3/eadbf0d0-6adf-4e54-a788-2875be96a24d--b68974e7-a7e6-4a68-8294-2dd7b73ee5c4.jpg?p=estate-result-item&ci_url_encoded=1&ci_sign=c481f986e8cd938e2c9bc1d13e8be3d56fa97ee6,2026-09-24
1290,Orpi,1650.0,69.0,23.91,Appartement,3 pièce - s 69 m2 1 650 €par mois PRIX EN BAISSE LOCATION,"Location Appartement 3 pièces 69 m2 1 650 €par mois
PRIX EN BAISSE
LOCATION","T3 MEUBLE BALCON - RUE BOSSUET. 21 Rue Bossuet 69006 Lyon Venez découvrir ce magnifique appartement meublé, refait à neuf, de type 3 pièces, situé au 1ᵉʳ étage avec ascenseur. Il se compose d'une entrée, d'un séjour lumineux ouvrant sur un balcon, d'une cuisine séparée entièrement aménagée et équipée bénéficiant elle aussi d'un accès au balcon, de deux chambres, d'une salle de bains, de WC séparés, ainsi que d'un dégagement. Les charges comprennent le chauffage, l'eau froide ainsi que l'eau chaude (collectifs gaz). La visite virtuelle : https://envisite.net/vtour/fr/ufryqp/frame Disponible immédiatement. /!\ Pour visiter, rien de plus simple : faites la demande de contact en complétant le formulaire et vous recevrez un lien qui vous permettra de réserver une visite. Si vous n'avez aucun créneau de visite disponible à la réservation, cela signifie que le nombre maximum de visites prévu pour le moment a été atteint. /!\",69006,Lyon,,,https://www.orpi.com/annonce-location-appartement-t3-lyon-6-69006-56c99ffb-277e-4d20-9388-165ed1b8fa9e/,https://cutjhqvjma.cloudimg.io/_prod_/sweepbright-s3/56c99ffb-277e-4d20-9388-165ed1b8fa9e--6580e3f6-d828-43c4-9fb8-37ca4676078b.jpg?p=estate-result-item&ci_url_encoded=1&ci_sign=9fd1ac790e40535a3c05fed033457de3ac1c1b78,2026-09-24
1291,Orpi,1175.0,53.0,22.17,Appartement,3 pièce - s 53 m2 1 175 €par mois LOCATION,"Location Appartement 3 pièces 53 m2 1 175 €par mois
LOCATION","Proche Confluence T3 meublé 69002. 22 quai Perrache, 69002 LYON Tout proche de Confluence, des axes routiers A7 et à deux pas de Perrache, de sa gare et du tramway, cet appartement bénéficie d'un emplacement idéal au sein d'un immeuble sécurisé édifié en 1842. Situé au 1er étage, cet appartement meublé de 53 m² se compose d'une entrée distribuant une cuisine aménagée et équipée, ouverte sur un séjour exposé Est, d'un dégagement avec placards, de deux chambres avec mezzanine ainsi que d'une salle de bains avec toilettes. Le chauffage est individuel électrique et le logement dispose également d'une climatisation réversible. Disponible immédiatement. Visite virtuelle : https://envisite.net/vtour/fr/qrtxea/frame Pour visiter, rien de plus simple : faites la demande de contact en complétant le formulaire et vous recevrez un lien qui vous permettra de réserver une visite.",69002,Lyon,,,https://www.orpi.com/annonce-location-appartement-t3-lyon-2-69002-40a9f904-e1e8-4df7-9f54-e173bf2122be/,https://cutjhqvjma.cloudimg.io/_prod_/sweepbright-s3/40a9f904-e1e8-4df7-9f54-e173bf2122be--38701a0c-c6fb-4cd5-aca5-2472dbccb7fd.jpg?p=estate-result-item&ci_url_encoded=1&ci_sign=3821a15c1c4bd840d5f551e1f1f7128c96244135,2026-09-24
1292,Orpi,1252.0,78.0,16.05,Appartement,3 pièce - s 78 m2 1 252 €par mois LOCATION,"Location Appartement 3 pièces 78 m2 1 252 €par mois
LOCATION","T3 meublé 78m² GARE DE VAISE / LYON 9. EXCLUSIVITÉ ORPI - APPARTEMENT 3 PIÈCES AVEC BALCON La prise de rendez-vous s'effectue en ligne. Merci de remplir la rubrique 'Contacter l’agence'. Vous recevrez instantanément un email et un SMS vous invitant à choisir un créneau pour visiter le bien. Découvrez cet appartement de 3 pièces de 78,1 m². Il dispose de deux chambres, d'un cellier, d'une cuisine aménagée équipée et d'une salle d'eau. Le chauffage de l'immeuble est collectif fonctionnant au gaz. Deux balcons viennent agrémenter cet appartement. Il est situé au 4e étage d'un immeuble des années 60 de sept étages avec ascenseur. Les + : A 5 Minutes du METRO D / Gare de VAISE Le loyer : Loyer hors charges : 1128 € Provisions sur charges : 124 €(Chauffage, eau chaude, froide, parties communes) Dépôt de garantie : 2256€ Honoraires de visites, constitution du dossier, rédaction du bail : 781€ Honoraires d'état des lieux : 195€ DPE D",69009,Lyon,,,https://www.orpi.com/annonce-location-appartement-t3-lyon-9-69009-78fdcbdf-5afa-46da-86ae-bf0c52b356ff/,https://cutjhqvjma.cloudimg.io/_prod_/sweepbright-s3/78fdcbdf-5afa-46da-86ae-bf0c52b356ff--58250044-f1a0-4cd7-919a-47ce1f3d6b25.jpg?p=estate-result-item&ci_url_encoded=1&ci_sign=83822218497059a8f008c3d5c8076cd173733724,2026-09-24
1293,Orpi,1000.0,51.0,19.61,Appartement,2 pièce - s 51 m2 1 000 €par mois LOCATION,"Location Appartement 2 pièces 51 m2 1 000 €par mois
LOCATION","APPARTEMENT T2 MEUBLE - LYON 1 - 50.50M² - 1000€ CC. QUAI SAINT VINCENT - Proximité toutes commodités. Grand appartement meublé type 2 au 5ème étage d’une surface de 50.50 m2 comprenant une entrée avec placards, une grande pièce de vie avec cuisine ouverte aménagée et équipée, une chambre, une salle d’eau, un WC séparé. Chauffage et eau chaude individuels gaz Disponible à partir du 25 septembre 2026. Loyer HC 970€ + 30€ de charges (communs, ascenseur).",69001,Lyon,,,https://www.orpi.com/annonce-location-appartement-t2-lyon-1-69001-0ebbcdf5-c77a-42af-b238-5c31a2268952/,https://cutjhqvjma.cloudimg.io/_prod_/sweepbright-s3/0ebbcdf5-c77a-42af-b238-5c31a2268952--b867b65a-a7e8-4080-9d85-1b6defcb7e35.jpg?p=estate-result-item&ci_url_encoded=1&ci_sign=20e46af244b07cef77be77ed5ff2ea87285f6f8c,2026-09-24
1294,Orpi,977.0,54.0,18.09,Appartement,2 pièce - s 54 m2 977 €par mois LOCATION,"Location Appartement 2 pièces 54 m2 977 €par mois
LOCATION","Appartement T2 bis + balcon. MERCI DE PRENDRE RDV EN LIGNE VIA LE FORMULAIRE DE CONTACT AGENCE - Vous recevrez un lien par mail pour la prise de rendez-vous en ligne et le dépôt de dossier. 27 Cours Vitton, proximité immédiate métro Masséna, cœur Lyon 6. Appartement T2 bis non meublé de 54.25m² composé d'une pièce à vivre avec cuisine aménagée et équipée, une chambre donnant sur un petit balcon, un espace bureau ou deuxième coin nuit, une salle d'eau avec Lave-Linge. Disponible le 18/09/2026 Zone soumise à l'encadrement des loyers Loyer HC : 927€ Provisions pour charges : 50€ (parties communes)",69006,Lyon,,,https://www.orpi.com/annonce-location-appartement-t2-lyon-6-69006-96d8790f-f115-46f6-9622-f756d9de70cf/,https://cutjhqvjma.cloudimg.io/_prod_/sweepbright-s3/96d8790f-f115-46f6-9622-f756d9de70cf--32fce314-b4a5-4ee0-b9a0-cce9aa81d189.jpg?p=estate-result-item&ci_url_encoded=1&ci_sign=80e96ff4132929a3f8b2e3a2277093b75466e75c,2026-09-24
1295,Orpi,450.0,27.0,16.67,Appartement,1 pièce - 27 m2 450 €par mois LOCATION,"Location Appartement 1 pièce 27 m2 450 €par mois
LOCATION","PEINTURE EN COURS - STUDIO - METRO VALMY. 26 Rue du Bourbonnais, 69009 Lyon Dans un petit immeuble au rez-de-chaussée, ce T1 actuellement en cours de réfection (peinture blanche) se compose d'une pièce de vie avec un espace cuisine aménagée et équipée (réfrigérateur, plaque de cuisson, hotte), d'une chambre en alcôve, ainsi que d'une salle d'eau avec toilettes. Les charges comprennent l'eau froide et l'entretien des parties communes. Le chauffage et l'eau chaude sont individuels électriques. Disponible à partir du 01/10/2026. /!\ Pour visiter, rien de plus simple : faites la demande de contact en complétant le formulaire et vous recevrez un lien qui vous permettra de réserver une visite. Si vous n'avez aucun créneau de visite disponible à la réservation, cela signifie que le nombre maximum de visites prévu pour le moment a été atteint. /!\",69009,Lyon,,,https://www.orpi.com/annonce-location-appartement-t1-lyon-9-69009-92b80a8b-3f35-41d7-be55-879986b94462/,https://cutjhqvjma.cloudimg.io/_prod_/sweepbright-s3/92b80a8b-3f35-41d7-be55-879986b94462--0e79602a-ff96-4d7f-bb13-9ee921cba015.jpg?p=estate-result-item&ci_url_encoded=1&ci_sign=e73ec86b5e3e77d0dd4feae97d83f779bab10ea9,2026-09-24
1296,Orpi,1200.0,68.0,17.65,Appartement,3 pièce - s 68 m2 1 200 €par mois LOCATION,"Location Appartement 3 pièces 68 m2 1 200 €par mois
LOCATION","Beau T3 LYON 5 Lumineux et en pleine nature. QUARTIER CHARCOT/CASTORS. Dans une résidence, beau T3 de 67m2 en étage élevé avec ascenseur. Il bénéficie d'un séjour lumineux (orienté Sud/ouest) donnant sur un joli balcon au grand calme et entouré de verdure, une cuisine aménagée et équipée, 2 chambres, une salle de bain et WC séparé. Un garage et une grande cave de 15 m2 complètent ce bien. Local à vélo fermée dans la résidence. Transports à proximité : bus , station de vélo. Gare de train Lyon Perrache proche : 20 mn environ. Disponible de suite. Indice de performance énergétique : D Loyer charges comprises : 1.200  (dont charges communes, chauffage et eau froide 247 ) Dépôt de garantie : 953  Honoraires locataire : 885 ",69005,Lyon,,,https://www.orpi.com/annonce-location-appartement-t3-lyon-5-69005-fa1117db-c4f0-4867-b718-10a27e698ee9/,https://cutjhqvjma.cloudimg.io/_prod_/sweepbright-s3/fa1117db-c4f0-4867-b718-10a27e698ee9--0a64821d-648c-4d3d-9066-f185a60118d4.jpg?p=estate-result-item&ci_url_encoded=1&ci_sign=d8f6a4e238a787ac5ae376d2db268dc48e675bac,2026-09-24
1297,Orpi,1670.0,79.0,21.14,Appartement,3 pièce - s 79 m2 1 670 €par mois LOCATION,"Location Appartement 3 pièces 79 m2 1 670 €par mois
LOCATION","Appartement T3 meublé à louer. 73 Rue de Créqui - 69006 Lyon. Proximité Parc de la Tête d'Or, métro Foch. Au 5ème étage avec ascenseur, appartement T3 meublé de 75.80m² composé d'un hall d'entrée desservant un séjour lumineux, deux chambres en parquet, une cuisine équipée et aménagée avec accès à une loggia, une salle d'eau. Disponible rapidement. Zone soumise à l'encadrement des loyers : Loyer de référence majoré : 1415.89€ Complément de loyer : 134.11€ Provisions pour charges : 120€ (communs, chauffage).",69006,Lyon,,,https://www.orpi.com/annonce-location-appartement-t3-lyon-6-69006-f023133b-c2ad-4ee7-bf02-d86cac96c40e/,https://cutjhqvjma.cloudimg.io/_prod_/sweepbright-s3/f023133b-c2ad-4ee7-bf02-d86cac96c40e--ba9a8450-a830-4455-b5dd-91a997a2a0ff.jpg?p=estate-result-item&ci_url_encoded=1&ci_sign=79936c53c94b27936ec0df444ad511d79bf04abd,2026-09-24
1298,Orpi,1907.0,104.0,18.34,Appartement,5 pièce - s 104 m2 1 907 €par mois LOCATION,"Location Appartement 5 pièces 104 m2 1 907 €par mois
LOCATION","Appartement Lyon 5 pièce(s) 104.39 m2. Lyon 5e – Limite Sainte-Foy-lès-Lyon Dans une résidence sécurisée avec piscine, découvrez ce très bel appartement meublé de plus de 104 m², aménagé et décoré avec goût. Il se compose de : D'un vaste séjour double avec cuisine américaine aménagée, de 3 chambres, dont une suite disposant d’une salle de bains avec WC. Une seconde salle d’eau avec douche et WC, un placard aménagé avec lave-linge et sèche-linge et un balcon exposé ouest, offrant une agréable vue sur le jardin. Un garage fermé complète ce bien. Loyer charges comprises : 1 907.90€ Provision de charges : 295€ qui comprend le chauffage, l’eau froide, l’eau chaude ainsi que l’entretien des parties communes. Loyer hors charges : 1612.90€ Dépôt de garantie : 3224€",69005,Lyon,,,https://www.orpi.com/annonce-location-appartement-t5-lyon-5-69005-d2682902-2c14-4354-b1cd-2f69a6335c59/,https://cutjhqvjma.cloudimg.io/_prod_/sweepbright-s3/d2682902-2c14-4354-b1cd-2f69a6335c59--8262f4f4-4c93-465e-a889-583ad94c3b37.jpg?p=estate-result-item&ci_url_encoded=1&ci_sign=6811758776293ece72bf97d5af9f0be5e3a6c515,2026-09-24
1299,Orpi,1790.0,107.0,16.73,Appartement,4 pièce - s 107 m2 1 790 €par mois PRIX EN BAISSE LOCATION,"Location Appartement 4 pièces 107 m2 1 790 €par mois
PRIX EN BAISSE
LOCATION","T4 Meublé 107m² LYON 8 IDEAL COLOCATION Proche Facs. Situé au 1er étage d'un immeuble idéalement placé Avenue des Frères Lumière, à proximité de toutes les facultés et du métro D, ce superbe appartement meublé de 107m² allie le charme de l'ancien et de beaux volumes. Il se compose d'une jolie entrée, d'une cuisine aménagée et entièrement équipée, d'un vaste séjour avec le cachet de l'ancien, d'une salle à manger, d'une salle de bains, de WC séparés, d'une première chambre avec dressing, d'une deuxième chambre ainsi que d'une grande troisième chambre. Une cave vient compléter ce bien. Disponible immédiatement Loyer de référence majoré (loyer de base à ne pas dépasser) : 1772€ loyer de base : 1772€ complément de loyer 0€",69008,Lyon,,,https://www.orpi.com/annonce-location-appartement-t4-lyon-8-69008-f961f6a8-8385-45af-9f48-955a770ed7a6/,https://cutjhqvjma.cloudimg.io/_prod_/sweepbright-s3/f961f6a8-8385-45af-9f48-955a770ed7a6--624b9fdd-9a46-4344-89d7-eff44c8947b5.jpg?p=estate-result-item&ci_url_encoded=1&ci_sign=253b629991940fda74ee68da0c553ba33991763f,2026-09-24
1300,Orpi,1680.0,99.0,16.97,Appartement,4 pièce - s 99 m2 1 680 €par mois LOCATION,"Location Appartement 4 pièces 99 m2 1 680 €par mois
LOCATION","Appartement T5 loué meublé OUVERT COLOCATION. Idéal colocation ! Appartement loué meublé disposant de quatre chambres (aménagé en trois chambres et un bureau à l'instant). Situé au cinquième et dernier étage d'une charmante copropriété avec ascenseur, le logement dispose: d'une belle entrée donnant sur séjour et cuisine séparée, aménagée et complétement équipée. D'un couloir de dégagement avec cellier, deux grands placards muraux, wc, salle d'eau, salle de bains et quatre chambres. Double vitrage récent dans chaque pièce! Chaudière individuelle au gaz (eau chaude et chauffage) dont l'entretien est à la charge du locataire. Loyer de référence: 12.50 € / m² Loyer de référence majoré: 15 € / m² Loyer hors charges: 1585 € Complément de loyer: 100.30 € justifiés par présence du balcon et liste du mobilier supérieur à celle du décret encadrant le mobilier minimum. Provision pour charges: 95 € comprenant les charges locatives de copropriété et l'eau froide. Honoraires: 1.187,76 € dont 197,96 € d'état des lieux. Disponibilité immédiate !",69002,Lyon,,,https://www.orpi.com/annonce-location-appartement-t4-lyon-2-69002-f6ffb32c-44c5-4361-82d0-88ac0d94acb1/,https://cutjhqvjma.cloudimg.io/_prod_/sweepbright-s3/f6ffb32c-44c5-4361-82d0-88ac0d94acb1--2fe1b6aa-dac2-4851-a78b-a34265cb630c.jpg?p=estate-result-item&ci_url_encoded=1&ci_sign=49a4273873367eda5effa7746990d9e02ede90aa,2026-09-24
1301,Orpi,1050.0,43.0,24.42,Appartement,2 pièce - s 43 m2 1 050 €par mois LOCATION,"Location Appartement 2 pièces 43 m2 1 050 €par mois
LOCATION","Appartement meublé T2 bis à louer. MERCI DE PRENDRE RDV EN LIGNE VIA LE FORMULAIRE DE CONTACT AGENCE - Vous recevrez un lien par mail pour la prise de rendez-vous et le dépôt de dossier. 15 Rue Notre Dame - 69006. Secteur Bellecombe. Dans un immeuble ancien totalement réhabilité, au deuxième étage, appartement T2 bis de 43m² composé d'une pièce à vivre lumineuse avec cuisine ouverte équipée et aménagée, une chambre avec penderie, un bureau, une salle d'eau avec lave-linge, WC séparés. Double vitrage, volets électriques. Disponible rapidement. Zone soumise à l'encadrement des loyers : Loyer de référence majoré : 804.85€ Complément de loyer : 195.15€ Provisions pour charges : 50€ (parties communes)",69006,Lyon,,,https://www.orpi.com/annonce-location-appartement-t2-69006-b93ef6d1-bded-4ce0-b17a-d60c8e5576f2/,https://cutjhqvjma.cloudimg.io/_prod_/sweepbright-s3/b93ef6d1-bded-4ce0-b17a-d60c8e5576f2--1bfe64c1-b989-4164-a647-15cafca5f9c8.jpg?p=estate-result-item&ci_url_encoded=1&ci_sign=5e6f55cf44ad8a6b71ca821e3b7ca88e5a22b011,2026-09-24
1302,Orpi,2000.0,110.0,18.18,Appartement,4 pièce - s 110 m2 2 000 €par mois LOCATION,"Location Appartement 4 pièces 110 m2 2 000 €par mois
LOCATION","Appartement T4 meublé à Louer. 173 Avenue Thiers - 69006 Lyon A quelques pas des Brotteaux, au troisième étage avec ascenseur d'un bel immeuble ancien, appartement T4 meublé composé d'un hall d'entrée, un grand séjour d'angle lumineux avec placards, une cuisine équipée et aménagée, 3 chambres avec placards dont une suite parentale avec salle d'eau, une salle de bains, wc séparés. Une cave complète l'appartement. Double vitrage, chauffage individuel électrique. Disponible rapidement. Zone soumise à l'encadrement des loyers : Loyer de référence majoré : 1713.35€ Complément de loyer : 216.65€ Provisions pour charges : 70€ (entretien des parties communes)",69006,Lyon,,,https://www.orpi.com/annonce-location-appartement-t4-69006-c0164be1-2415-40df-af3f-90fea66e2ed4/,https://cutjhqvjma.cloudimg.io/_prod_/sweepbright-s3/c0164be1-2415-40df-af3f-90fea66e2ed4--cdd469ab-4cfc-410e-b8fe-bbe534ef5f0a.jpg?p=estate-result-item&ci_url_encoded=1&ci_sign=6f3018df74efe88b914404201440c3a42e2047d2,2026-09-24
1303,Orpi,1300.0,68.0,19.12,Appartement,3 pièce - s 68 m2 1 300 €par mois PRIX EN BAISSE LOCATION,"Location Appartement 3 pièces 68 m2 1 300 €par mois
PRIX EN BAISSE
LOCATION","Appartement T2 bis Lyon Croix Rousse 68.34 m². Lyon, Croix Rousse, Rue Jacquard. Beaucoup de charme pour ce magnifique Canut. Appartement meublé de type 2 bis de 68 m². Il est composé d'une entrée, un séjour lumineux avec une cuisine ouverte meublée et entièrement équipée, une chambre, une mezzanine, une salle d'eau avec douche à l'italienne, un WC séparé. Belles prestations, parquet dans toutes les pièces de vie, mobilier contemporain, Pierres apparentes. Une cave complète ce bien. Chauffage individuel gaz de ville. Charges de 11€ à ajouter au loyer comprenant l'entretien des parties communes. Prévoir l'entretien de la chaudière et la taxe d'ordures ménagères en sus également.",69004,Lyon,,,https://www.orpi.com/annonce-location-appartement-t3-lyon-4-69004-e0870919-2688-4c2d-a435-b75d2297dea0/,https://cutjhqvjma.cloudimg.io/_prod_/sweepbright-s3/e0870919-2688-4c2d-a435-b75d2297dea0--09cefed9-13e7-4a38-b336-b30c80e0f63c.jpg?p=estate-result-item&ci_url_encoded=1&ci_sign=85fc5fd3fda67b30d0bde3943e47c87587f4317d,2026-09-24
1304,Orpi,1050.0,45.0,23.33,Appartement,3 pièce - s 45 m2 1 050 €par mois PRIX EN BAISSE LOCATION,"Location Appartement 3 pièces 45 m2 1 050 €par mois
PRIX EN BAISSE
LOCATION","Appartement meublé T3 pièces 45m². Situé cours Richard-Vitton, au cœur du quartier de Montchat, cet appartement meublé de 44,17m² entièrement refait à neuf offre une configuration particulièrement adaptée à une colocation. Au premier étage d’un immeuble sans ascenseur, il se compose d’un séjour avec cuisine entièrement aménagée et équipée, d’une chambre et d’une seconde pièce aménagée en espace nuit, d’une superficie inférieure à 9 m². Le logement comprend également une salle d’eau et des toilettes séparées. Chauffage individuel électrique, une climatisation mobile. À proximité immédiate des commerces de la place Ronde et des lignes de bus C9 et C26. Le tramway T3 est également accessible en quelques minutes. Disponible immédiatement. Loyer de référence majoré (loyer de base à ne pas dépasser) : 725€ loyer de base : 725€ complément de loyer 300€",69003,Lyon,,,https://www.orpi.com/annonce-location-appartement-t3-lyon-3-69003-4f9e9a28-9efc-4774-9ef2-958d57b36bf0/,https://cutjhqvjma.cloudimg.io/_prod_/sweepbright-s3/4f9e9a28-9efc-4774-9ef2-958d57b36bf0--7f0f6474-8858-477e-9cb2-96067a0a6788.jpg?p=estate-result-item&ci_url_encoded=1&ci_sign=5b2e1e39a9ade29d7c7d06090fc62ea83e08dce1,2026-09-24
1305,Orpi,815.0,36.0,22.64,Appartement,2 pièce - s 36 m2 815 €par mois LOCATION,"Location Appartement 2 pièces 36 m2 815 €par mois
LOCATION","Appartement À Louer. Exclusivité ORPI - LYON 6ème - 17 Rue Notre Dame - Charmant T2 meublé d'une superficie de 36,28 m²n situé au 3ème étage d'un très bel immeuble calme et sécurisé. Cet appartement combine le charme de l'ancien et le confort moderne, offrant une vie agréable au coeur de Lyon. Ce bien se compose d'une entrée, d'un séjour avec une cuisine meublée et équipée, d'une chambre avec une salle d'eau et d'un WC indépendant. Situation idéale à proximité des commerces et des transports (métros A et B, bus et tram). Logement soumis à l'encadrement des loyers : - Loyer de référence : 658,80 € - Loyer de référence majoré : 792,00 €",69006,Lyon,,,https://www.orpi.com/annonce-location-appartement-t2-lyon-6-69006-1732ab8b-9527-46af-adf8-0cff6ac97ba2/,https://cutjhqvjma.cloudimg.io/_prod_/sweepbright-s3/1732ab8b-9527-46af-adf8-0cff6ac97ba2--4cf1e7bf-1e54-427e-be25-8d7ed82a2f02.jpg?p=estate-result-item&ci_url_encoded=1&ci_sign=e747224b8013613cb3674a8c2fb68cc910255d28,2026-09-24
1306,Orpi,1836.0,93.0,19.74,Appartement,3 pièce - s 93 m2 1 836 €par mois LOCATION,"Location Appartement 3 pièces 93 m2 1 836 €par mois
LOCATION","Appartement Lyon 3 pièce(s) 92.59 m2. 4, Place d'Ainay, superbe T3 de 92,59 m² au 1er étage avec ascenseur. Rénovation intégrale datant de quatre ans! Il est composé d'une entrée avec wc indépendants, d'un grand séjour (47 m²) avec très beau parquet Versailles et cheminée ainsi qu'une mezzanine habitable, d'une cuisine entièrement aménagée et équipée avec salle à manger adjacente et cellier, de 2 chambres (dont 1 avec mezzanine habitable et l'autre avec salle de douche privative), d'une salle de bains. Belle rénovation avec matériaux de qualité. Chauffage individuel électrique, appartement entièrement climatisé. Loyer de référence : 13,2 € /m2 Loyer de référence majoré : 1462,92 € Loyer de référence majoré au m2 : 15,8€ complément de loyer : 343,08 € (Cuisine entièrement meublée et équipée, climatisation, rénovation totale). Loyer hors charges : 1806 € Provisions sur charges : 30 € (charges locatives de copropriété), Dépôt de garantie : 1806 € Honoraires : 925,90 € (dont 185,18 € d'état des lieux). Disponible à partir du 25/09/2026 !",69002,Lyon,,,https://www.orpi.com/annonce-location-appartement-t3-lyon-2-69002-bd4cce8f-dd01-447a-861b-5f06b0bdaccb/,https://cutjhqvjma.cloudimg.io/_prod_/sweepbright-s3/bd4cce8f-dd01-447a-861b-5f06b0bdaccb--45d756cd-e3b8-4915-9bdf-171e02eceb02.jpg?p=estate-result-item&ci_url_encoded=1&ci_sign=d4b23328788c95fb3fcb82b6e0f13e02d6e91100,2026-09-24
1307,Orpi,1570.0,99.0,15.86,Appartement,4 pièce - s 99 m2 1 570 €par mois LOCATION,"Location Appartement 4 pièces 99 m2 1 570 €par mois
LOCATION","appartement T4 loué nu idéal colocation. Situé au cœur du quartier de la Part-Dieu, à deux pas de la gare et proche du site manufacture des tabacs! Au 4ème étage d’une résidence calme et bien entretenue, accessible par une agréable allée piétonne, ce bien séduit immédiatement par sa luminosité exceptionnelle et sa distribution idéale. Son vaste séjour de plus de 30 m², baigné de lumière grâce à sa triple exposition, constitue un véritable espace de vie chaleureux et convivial. Il s’ouvre sur deux balcons-loggias confortables (5,01 m² et 4,34 m²). La cuisine, indépendante vient d'être aménagée. Côté nuit, l’appartement dispose de trois chambres, dont deux avec accès direct aux balcons, d’une belle salle de bains et de WC séparés. Nombreux rangements, dont un placard d’accueil dans l’entrée. Chauffage individuel électrique. Une cave en sous-sol ainsi qu'un garage viennent compléter ce bien. Loyer de référence: 13.30 € / m² Loyer de référence majoré: 14.30 € / m² soit 1410.84 €. Loyer hors charges: 1500 € Dont complément de loyer: 89.16 € (justifié par deux balcons + garage) Provision pour charges : 70 € / mois comprenant charges locatives de copropriété + eau froide. Dépôt de garantie: 1500 € Honoraires: 1183.92 € dont 197,32 € d'état des lieux. Disponible immédiatement !",69003,Lyon,,,https://www.orpi.com/annonce-location-appartement-t4-lyon-3-69003-61ff4a78-3ca7-4f90-9817-d154255e4aa8/,https://cutjhqvjma.cloudimg.io/_prod_/sweepbright-s3/61ff4a78-3ca7-4f90-9817-d154255e4aa8--1aacfdb9-8226-442e-adcf-0b4b64cfe6ba.jpg?p=estate-result-item&ci_url_encoded=1&ci_sign=e944efc660f14e472724879d20f8e12a71ecedd4,2026-09-24
1308,Orpi,785.0,56.0,14.02,Appartement,3 pièce - s 56 m2 785 €par mois LOCATION,"Location Appartement 3 pièces 56 m2 785 €par mois
LOCATION","T3 Résidence de standing avec piscine. 8 Bis Rue Hugues Guérin, 69008 Lyon Dans une résidence de standing avec piscine, au cœur du 8ᵉ arrondissement de Lyon, cet appartement de type 3 d'une superficie de 56 m² est situé au dernier étage. Il se compose d'un séjour donnant sur un agréable balcon, d'une cuisine ouverte aménagée et équipée, de deux chambres avec placards, d'une salle de bains, ainsi que d'un WC indépendant. En annexe, vous bénéficierez d'un parking. Les charges comprennent l'entretien des parties communes ainsi que l'eau froide. Le chauffage et l'eau chaude sont individuels électriques. La visite virtuelle : https://envisite.net/vtour/fr/dbd8wr/frame Disponible à partir du 30/09/2026. /!\ Pour visiter, rien de plus simple : faites la demande de contact en complétant le formulaire et vous recevrez un lien qui vous permettra de réserver une visite. Si vous n'avez aucun créneau de visite disponible à la réservation, cela signifie que le nombre maximum de visites prévu pour le moment a été atteint. /!\",69008,Lyon,,,https://www.orpi.com/annonce-location-appartement-t3-lyon-8-69008-cef13788-8078-42da-bf19-59948b996f27/,https://cutjhqvjma.cloudimg.io/_prod_/sweepbright-s3/cef13788-8078-42da-bf19-59948b996f27--4f0a97e0-5b8e-4c85-909b-460fc018fdc1.jpg?p=estate-result-item&ci_url_encoded=1&ci_sign=8a233ff1ed9d7ff40bebfbe02242f5e73a2f3a5a,2026-09-24
1309,Orpi,1800.0,70.0,25.71,Appartement,3 pièce - s 70 m2 1 800 €par mois LOCATION,"Location Appartement 3 pièces 70 m2 1 800 €par mois
LOCATION","T3 meublé et climatisé - balcon et garage - 69007 Lyon. 7 Place Victor Basch, 69007 Lyon La résidence senior Les Hespérides propose des appartements à la location, alliant indépendance et sérénité. Située au cœur de Lyon, elle offre un cadre sécurisé, proche de toutes les commodités, avec des espaces communs conviviaux, un service de restauration sur place (option), des activités variées (option) pour favoriser les rencontres, et une équipe disponible 24h/24 et 7j/7 pour accompagner les résidents dans leur quotidien. Au sein de cette résidence, et ouverte à tout type de profil (les seniors étant toutefois privilégiés), venez découvrir ce T3 meublé et climatisé d’une superficie de 69 m², situé au 4ᵉ étage avec ascenseur. L’appartement se compose d’une entrée, d’un salon/séjour climatisé donnant accès à un balcon exposé Sud/Ouest, d’un dégagement avec placards intégrés, et d’une cuisine meublée et équipée (plaques, hotte, four, lave-vaisselle et réfrigérateur avec compartiment congélateur). Il comprend également deux chambres avec placards intégrés et climatisation ainsi que deux salles d’eau avec WC, dont une équipée d’un lave-linge. Annexe : un garage en sous-sol. Les charges comprennent l’entretien des parties communes, l’eau chaude et froide, ainsi que les services proposés au sein de la résidence. Disponible immédiatement. /!\ Pour visiter, rien de plus simple : faites la demande de contact en complétant le formulaire et vous recevrez un lien qui vous permettra de réserver une visite. Si vous n'avez aucun créneau de visite disponible à la réservation, cela signifie que le nombre maximum de visites prévu pour le moment a été atteint. /!\",69007,Lyon,,,https://www.orpi.com/annonce-location-appartement-t3-lyon-7-69007-e7678ca6-0769-41c3-8cfc-83cc02384a9e/,https://cutjhqvjma.cloudimg.io/_prod_/sweepbright-s3/e7678ca6-0769-41c3-8cfc-83cc02384a9e--1c14d6aa-ef88-4b13-83f8-ec227c36966b.jpg?p=estate-result-item&ci_url_encoded=1&ci_sign=f2d1bdafa74894cf157d72bc1383cd4da8d72bcf,2026-09-24
1310,Orpi,1450.0,104.0,13.94,Appartement,4 pièce - s 104 m2 1 450 €par mois LOCATION,"Location Appartement 4 pièces 104 m2 1 450 €par mois
LOCATION","T4 à Louer - 152 cours Gambetta - 69007 LYON. 152 Cours Gambetta 69007 Lyon À deux pas de la Gare de la Part-Dieu et des transports en commun. Situé au dernier étage avec ascenseur d'un bel immeuble ancien, cet appartement séduira par sa vue exceptionnelle ainsi que par la qualité de sa rénovation. Cet appartement de type T4 se compose d'un beau séjour avec parquet, cheminée et balconnet donnant sur une cuisine meublée, suivie de trois belles chambres (dont une avec balcon, une avec une petite salle d'eau, et une avec dressing), d'une salle de bains et des WC séparés. Les charges comprennent le chauffage, l'eau froide ainsi que l'entretien des parties communes. La visite virtuelle : https://envisite.net/vtour/fr/h44j85/frame COLOCATION REFUSEE. Disponible immédiatement. /!\ Pour visiter, rien de plus simple : faites la demande de contact en complétant le formulaire et vous recevrez un lien qui vous permettra de réserver une visite. Si vous n'avez aucun créneau de visite disponible à la réservation, cela signifie que le nombre maximum de visites prévu pour le moment a été atteint. /!\",69007,Lyon,,,https://www.orpi.com/annonce-location-appartement-t4-lyon-7-69007-34f04bfc-bef2-4df7-ae06-bd3ae818cb42/,https://cutjhqvjma.cloudimg.io/_prod_/sweepbright-s3/34f04bfc-bef2-4df7-ae06-bd3ae818cb42--140c90f4-1557-4be8-8847-a822680edcb3.jpg?p=estate-result-item&ci_url_encoded=1&ci_sign=a38d60cf8356e7afa40cb38166e41d084c50feb3,2026-09-24
1311,Orpi,1043.0,54.0,19.31,Appartement,3 pièce - s 54 m2 1 043 €par mois LOCATION,"Location Appartement 3 pièces 54 m2 1 043 €par mois
LOCATION","LUMINEUX T3 MEUBLE 69008. 3 rue Antoine Dumont 69008 Lyon Venez découvrir cet agréable appartement T3 meublé situé au 1ᵉʳ étage avec ascenseur. Cet appartement de 53,65 m² se compose d'une entrée avec placard, d'une cuisine aménagée et équipée, d'un séjour, d'un dégagement, de deux chambres, d'une salle de bains ainsi que de toilettes séparées. Vous profiterez également d'une terrasse de 5,28 m². En annexe, vous bénéficierez d'un garage en sous-sol. Les charges comprennent l'entretien des parties communes ainsi que l'eau froide. Le chauffage et l'eau chaude sont individuels au gaz. La visite virtuelle : https://envisite.net/vtour/fr/pae9i8/frame Disponible à partir du 24/08/2026. Pour visiter, rien de plus simple : faites la demande de contact en complétant le formulaire et vous recevrez un lien qui vous permettra de réserver une visite. /!\ Si vous n'avez aucun créneau de visite disponible à la réservation, cela signifie que le nombre maximum de visites prévu pour le moment a été atteint. /!\",69008,Lyon,,,https://www.orpi.com/annonce-location-appartement-t3-lyon-8-69008-047f2d46-a80f-4fbc-9431-a8b40e87e2be/,https://cutjhqvjma.cloudimg.io/_prod_/sweepbright-s3/047f2d46-a80f-4fbc-9431-a8b40e87e2be--d186fc7c-596a-472b-840e-d74affbdfea3.jpg?p=estate-result-item&ci_url_encoded=1&ci_sign=ec3fb11e4e85ebbfc42d2b9599d59b0f02713274,2026-09-24
1312,Orpi,1222.0,76.0,16.08,Appartement,3 pièce - s 76 m2 1 222 €par mois LOCATION,"Location Appartement 3 pièces 76 m2 1 222 €par mois
LOCATION","Grand T3 69007. 20 avenue Félix Faure 69007 Lyon Venez découvrir cet agréable appartement T3 de 76,29 m², situé au sein d'une résidence sécurisée édifiée sur sous-sol en 1996, au 5ᵉ étage avec ascenseur. Cet appartement se compose d'une entrée avec placard distribuant un séjour, une cuisine équipée (plaque de cuisson vitrocéramique, hotte) ouverte sur un balcon de 5 m², deux chambres avec placard dont une avec un accès au balcon, une salle de bains ainsi que de toilettes séparées. En annexe, vous bénéficierez d'une cave ainsi deux places de parking en sous-sol. Le chauffage et l'eau chaude sont individuels électriques. L'eau froide est individuelle, à souscrire au près de l'Eau du Grand Lyon. La visite virtuelle : https://envisite.net/vtour/fr/f2rzfw/frame Disponible à partir du 05/09/2026. Pour visiter, rien de plus simple : faites la demande de contact en complétant le formulaire et vous recevrez un lien qui vous permettra de réserver une visite. /!\ Si vous n'avez aucun créneau de visite disponible à la réservation, cela signifie que le nombre maximum de visites prévu pour le moment a été atteint. /!\",69007,Lyon,,,https://www.orpi.com/annonce-location-appartement-t3-lyon-7-69007-fd17b3d9-0a31-4de3-9074-b25c57f035ba/,https://cutjhqvjma.cloudimg.io/_prod_/sweepbright-s3/fd17b3d9-0a31-4de3-9074-b25c57f035ba--e88782bc-a1ae-4b56-8e61-e9845d96abfd.jpg?p=estate-result-item&ci_url_encoded=1&ci_sign=cbc2a0357c2e2a58bb0320952baab964d792298c,2026-09-24
1313,Orpi,950.0,56.0,16.96,Appartement,2 pièce - s 56 m2 950 €par mois LOCATION,"Location Appartement 2 pièces 56 m2 950 €par mois
LOCATION","Appartement T3 à louer. MERCI DE PRENDRE RDV EN LIGNE VIA LE FORMULAIRE DE CONTACT AGENCE - Vous recevrez un lien par mail pour la dépôt de dossier et la prise de rendez-vous en ligne. 3 Rue d'Aguesseau - 69007 Lyon. En face de la piscine du Rhône, au rdc d'un immeuble ancien, appartement T3 composé d'un hall d'entrée avec placards, une cuisine équipée et aménagée (four, plaques de cuisson, hotte, placards de rangement), une première chambre avec évier et douche. A l'étage, un espace rangement avec placards, une seconde chambre en parquet avec salle d'eau attenante. Disponible rapidement. Zone soumise à l'encadrement des loyers : Loyer de référence majoré : 806.93€ Complément de loyer : 93.07€ Provisions pour charges : 50€ (parties communes)",69007,Lyon,,,https://www.orpi.com/annonce-location-appartement-t2-lyon-7-69007-a5dc1e80-5c62-4c38-9784-ec00c35edf42/,https://cutjhqvjma.cloudimg.io/_prod_/sweepbright-s3/a5dc1e80-5c62-4c38-9784-ec00c35edf42--3313aaff-686f-404f-89d6-08355acc01f8.jpg?p=estate-result-item&ci_url_encoded=1&ci_sign=73ad5bc74dbb71a192b109c0076ba965cf6a09bd,2026-09-24
1321,Vizzit,771.0,40.0,19.27,Appartement,2 pièce - 1 chambre - 40 m² - s,40 m² - 2 pièces - 1 chambre,"À louer, joli appartement de 40 m² situé rue Maryse Bastié, au 5ᵉ étage d'une résidence récente avec ascenseur. Il se compose d'une cuisine aménagée ouverte sur un séjour lumineux, donnant accès à une grande terrasse de 6 m², une chambre, d'une salle de bain, et d'un garage en sous-sol. Disponible le . A environ 10min du T6 et T2 Loyer de référence majoré (loyer de base à ne pas dépasser): 697€ loyer de base: 697€ complément de loyer 91€.",69008,Lyon,,,https://www.vizzit.fr/fr/property/appartement/lyon-8eme/Aqwjf14dqfj44u2x,,2026-09-24
1322,Vizzit,1374.0,69.0,19.91,Appartement,3 pièce - 2 chambre - 69 m² - s - s,69 m² - 3 pièces - 2 chambres,"A LOUER - T3 DE 69.92 M2 A LYON 8, AVENUE JEAN MERMOZ - Magnifique appartement à louer à Lyon (69008), situé dans le quartier de Mermoz. Ce charmant appartement de 3 pièces bénéficie d'une surface habitable de 69,92 m². Situé dans un immeuble récent avec ascenseur, ce bien dispose d'une pièce de vie ouverte sur une cuisine équipée, toutes deux donnant sur une belle terrasse offrant une vue dégagée, ainsi que de deux chambres et d'une salle d'eau. Un garage en sous-sol est mis à disposition avec la location. Vous serez séduit par la luminosité de cet appartement, grâce à ses grandes fenêtres offrant une vue dégagée. Idéalement situé dans une résidence sécurisée, vous pourrez profiter de tout le confort nécessaire pour une vie agréable au quotidien. La proximité des commerces, des transports en commun et des écoles en fait un emplacement idéal pour les familles. Ne ratez pas cette belle opportunité et contactez-nous dès maintenant pour plus d'informations ou pour organiser une visite. Ce bien rare sur le marché saura vous séduire par ses caractéristiques uniques. Le chauffage est individuel électrique. L'eau est collective électrique. Loyer mensuel charges comprises 1 464.00€ dont 204.00€ de provisions sur charges (soumis à régularisation annuelle). Diagnostic Energétique : C COMPLEMENT DE LOYER A HAUTEUR DE 211.20€ POUR CLIMATISATION, TERRASSE ET GARAGE LOYER SOUMIS A ENCADREMENT DES LOYERS : LOYER REFERENT : 12.50€M² (soit 874.00€) / LOYER MAJORE : 15.00€M² (soit 1048.80€) DEPOT DE GARANTIE : 1 260.00€ HONORAIRES LOC : 705.49€ (10.09€/m²) ET 211.86€ POUR ETAT DES LIEUX (3.Loyer de 1 464,00 euros par mois charges comprises dont 204,00 euros par mois de provision pour charges (soumis à la régularisation annuelle). Les honoraires charge locataire sont de 917,35 euros ( soit 13,12 euros/m² ) dont 211,86 euros pour état des lieux ( soit 3,03 euros/m² ). Montant estimé des dépenses annuelles d'énergie pour un usage standard : entre 1 160 et 1 620 euros. Prix moyens des énergies indexés en 2023. Zone soumise à encadrement des loyers. Le loyer de base du bien proposé est de 1 260 euros, le loyer de référence majoré (fixé par arrêté préfectoral) est de 874 euros et le complément de loyer est de 211,2 euros par mois.",69008,Lyon,,,https://www.vizzit.fr/fr/property/appartement/lyon-8eme/Apabsx0s8zav1whd,,2026-09-24
1323,Vizzit,1164.0,57.0,20.42,Appartement,3 pièce - 57 m² - s,57 m² - 3 pièces,"A1-203 T. EMILIE - A SAISIR LUMINEUX ET CALME - SUPERBE TERRASSE DE 14.5M2 - RESIDENCE RECENTE DE STANDING A PROXIMITE DE TOUS COMMERCES ET TCL - Beau T3 entirèrement meublé situé au 2ème étage comprenant une entréeavec rangements, un grand séjour de 26 m² ouvert sur une cuisine US équipée et aménagée, deux chambres en sol parquet avec placard aménagé, une salle de bains aménagée. Garage fermé en sous sol sécurisé. Chauffage + eau chaude et froide inclus dans les charges. ZONE SOUMISE A ENCADREMENT DES LOYERS LOYER DE REFERENCE MAJORE (LOYER DE BASE A NE PAS DEPASSER) : 984.00 EUR LOYER DE BASE : 984 EUR SURLOYER : 116 EUR Consommation d'énergie totale comprise entre 240 et 360 EUR par an (prix moyens des énergies indexés en 2021).",69008,Lyon,,,https://www.vizzit.fr/fr/property/appartement/lyon-8eme/A1ovlxat5mrzuhjb,,2026-09-24
1324,Vizzit,956.0,96.0,9.96,Appartement,4 pièce - 3 chambre - 96 m² - s - s,96 m² - 4 pièces - 3 chambres,"A LOUER grand F4 de 96m², au 1er étage avec ascenseur, dans une résidence des années 70 avec espaces verts en cour intérieure, comprenant une entrée avec placard, un séjour ouvrant sur balcon, une cuisine indépendante, 3 chambres avec placard: dont une parentale avec salle de bains privative et second balcon, et une 3ème chambre possibilité salle à manger attenante au séjour, une salle d'eau, un WC. Possibilité de parking en sus. Eaux froide et chaude, et chauffage inclus dans les charges! Location soumise à plafonds de ressources, bien vous munir de votre avis d'imposition 2024.",69007,Lyon,,,https://www.vizzit.fr/fr/property/appartement/lyon-7eme/Adryhsj7455fw3j3,,2026-09-24
1325,Vizzit,1182.0,65.0,18.18,Appartement,3 pièce - 65 m² - s,65 m² - 3 pièces,"1260€cc a saisir de suite sur lyon 07 secteur jean mace spacieux t3 de 65 m² composé d'une entrée avec grands placards, beau volume dans le séjour avec grand balcon filant, cuisine aménagée, salle de douche, wc séparé, 2 belles chambres très lumineuses avec volets roulants électriques, chauffage collectif, double vitrage, grande cave, dans immeuble avec ascenseur et parking privé et fermé. Zone soumise à encadrement des loyers - loyer de base : 1100€ - loyer de référence majoré : 910€ - maj. De loyer : 190€ - toutes nos offres de location sur loca. Fr - frais de convention : 220€ - cette offre s'inscrit dans le cadre de la fourniture d'un fichier.",69007,Lyon,,,https://www.vizzit.fr/fr/property/appartement/lyon-7eme/A1l3h3wlzj5w3uby,,2026-09-24
1326,Vizzit,1032.0,52.0,19.85,Appartement,2 pièce - 1 chambre - 52 m² - s,52 m² - 2 pièces - 1 chambre,"Mazzocco Immobilier a le plaisir de vous présenter un nouvel appartement à louer rue du professeur Rochaix , à proximité du métro et tramway Grange Blanche.. Ce beau T2 meublé traversant de 52m² se compose d'un séjour avec cuisine équipée, un balcon , un espace bureau + placard, un dégagement desservant une salle d'eau avec toilettes, un placard lave-linge, une chambre côté cour avec placards sur mesure et tablette télétravail. Chauffage individuel électrique - Climatisation Parking en sous-sol",69003,Lyon,,,https://www.vizzit.fr/fr/property/appartement/lyon-3eme/Azp3yog73zzgxw9k,,2026-09-24
1327,Vizzit,724.0,41.0,17.66,Appartement,2 pièce - 1 chambre - 41 m² - s,41 m² - 2 pièces - 1 chambre,"CONTACT UNIQUEMENT PAR MAIL Logement sous garantie de loyer impayé, dossier demandé avant visite Rue Edouard Nieuport, agréable T2 de 41,8m² situé au 2ème étage d'une résidence récente comprenant entrée avec placard aménagé, séjour ouvrant sur balcon de 6m², belle cuisine équipée, salle de bains avec placard, wc séparés. Grand garage en sous-sol. Classe énergie C. Disponible dès maintenant. Loyer: 696.12€ + 76€ Charges (provision eau froide , entretien annuel de chaudière et copropriété). Honoraires de visite, de constitution de dossier, de rédaction de bail et d'état des lieux d'entrée: 548.72€ TTC. Dépôt de garantie : 696€.",69008,Lyon,,,https://www.vizzit.fr/fr/property/appartement/lyon-8eme/A205h3bnoxcaeobu,,2026-09-24
1328,Vizzit,1971.0,92.0,21.42,Appartement,3 pièce - 2 chambre - 92 m² - s - s,92 m² - 3 pièces - 2 chambres,"A LOUER, au pied des pentes de la Croix Rousse, au coeur de la Presqu'île, magnifique appartement rénové de trois pièces en étage élevé avec ascenseur dans superbe immeuble ancien. Il se compose d'un suberbe séjour avec cheminée donnant sur balcon, deux chambres, une cuisine aménagée et équipée, une salle d'eau et un WC. Plusieurs rangements. Eau chaude et chauffage individuel électrique. Loyer mensuel : 2100 € charges comprises dont 100 €/mois de provisions pour charges avec régularisation annuelle. Garantie : 2000 €. Honoraires d'état des lieux facturés ensuite par le gestionnaire : 3 €/m2. Le loyer de base est de 2000 € / mois, le loyer de référence majoré (fixé par arrêté préfectoral) est de 1452,02 € et le complément de loyer est de 547,98 € par mois. Proche tous commerces, écoles et transports en commun. Pour toute visite privée, merci de F.Meyer, votre agent commercial immobilier .  Consultez toutes nos annonces sur .",69007,Lyon,,,https://www.vizzit.fr/fr/property/appartement/lyon-7eme/Auyeu6lc7dbewzcy,,2026-09-24
1329,Vizzit,586.0,18.0,32.56,Studio,18 m² - Studio,18 m² - Studio,"STUDIO MEUBLÉ - LYON 7 - Studio Meublé, Rue Marcel Mérieux 69007 LYON Anjalys vous propose à la location un studio meublé lumineux de 18m2 situé au 5ième étage. Le bien se compose d'une entrée avec placard, une pièce à vivre avec une cuisine ouverte aménagée et équipée (hotte, plaque de cuisson et réfrigérateur) et une salle d'eau avec WC. Chauffage et eau chaude individuelle électrique. Eau froide collective. dès maintenant. Pour visiter ce bien, veuillez directement déposer un dossier de candidature sur notre site internet groupe anjalys, pour cela, vous devez aller dans l'onglet LOUER, sélectionner l'annonce et cliquer sur ""déposer mon dossier"". Contact - Appartement soumis à l'encadrement des loyers. Loyer de référence : 316,50. Loyer de référence majoré : 379,8€. Loyer de 625,00 euros par mois charges comprises dont 35,00 euros par mois de provision pour charges (soumis à la régularisation annuelle). Les honoraires charge locataire sont de 234,00 euros ( soit 13,00 euros/m² ) dont 54,00 euros pour état des lieux ( soit 3,00 euros/m² ). DPE ANCIENNE VERSION. Montant estimé des dépenses annuelles d'énergie pour un usage standard : 650 euros.",69007,Lyon,,,https://www.vizzit.fr/fr/property/appartement/lyon-7eme/Azxye0ke0zjxlswf,,2026-09-24
1330,Vizzit,811.0,59.0,13.75,Appartement,3 pièce - 2 chambre - 59 m² - s - s,59 m² - 3 pièces - 2 chambres,"À louer à Lyon 8e, agréable appartement T3 de 59,07 m², situé au 6e étage avec ascenseur d'une résidence bénéficiant d'un environnement agréable, calme et d'espaces verts. L'appartement, particulièrement lumineux grâce à ses nombreuses ouvertures et à son étage élevé, se compose d'une belle pièce de vie offrant une vue dégagée avec une terrasse, d'une cuisine, de deux chambres avec placards intégrés, ainsi que d'une salle de bains avec baignoire. Les chambres disposent d'un parquet chaleureux et de rangements permettant de profiter pleinement des volumes de l'appartement. Un parking privatif en sous-sol ainsi qu'une cave complètent ce bien, des prestations particulièrement appréciables en secteur urbain. Loyer mensuel : 799,10 euros Provision sur charges : 65 euros / mois Soit 864,10 euros charges comprises / mois Un appartement fonctionnel et lumineux, idéalement conçu pour un couple ou une petite famille avec ascenseur, stationnement privatif et cave.",69008,Lyon,,,https://www.vizzit.fr/fr/property/appartement/lyon-8eme/A17cs4pposup24br,,2026-09-24
1331,Vizzit,1293.0,96.0,13.47,Appartement,4 pièce - 3 chambre - 96 m² - s - s,96 m² - 4 pièces - 3 chambres,"A LOUER grand F4 de 96m², au 1er étage avec ascenseur, dans une résidence des années 70 avec espaces verts en cour intérieure, comprenant une entrée avec placard, un séjour ouvrant sur balcon, une cuisine indépendante, 3 chambres avec placard: dont une parentale avec salle de bains privative et second balcon, et une 3ème chambre possibilité salle à manger attenante au séjour, une salle d'eau, un WC. Possibilité de parking en sus. Eaux froide et chaude, et chauffage inclus dans les charges ! Location soumise à plafonds de ressources, bien vous munir de votre avis d'imposition 2024.",69007,Lyon,,,https://www.vizzit.fr/fr/property/appartement/lyon-7eme/Aq964ivog1nsgjt0,,2026-09-24
1332,Vizzit,1220.0,95.0,12.84,Appartement,4 pièce - 3 chambre - 95 m² - s - s,95 m² - 4 pièces - 3 chambres,"A LOUER en dispo immédiate en face du Parc Bandan, LYON 7, GRAND F4 en RDC sur cour intérieure: une grande entrée desservant un séjour avec balcon et salle à manger attenante indépendante, utilisable en 3ème chambre, une cuisine indépendante, un dégagement desservant 2 chambres dont une avec un second balcon, une salle de bains et une salle d'eau, WC indépendants. Possibilité de parking sous réserve de disponibilité. Eau chaude et froide et chauffage collectifs inclus dans les charges. Location soumise à plafonds de ressources, bien vous munir de votre avis d'imposition 2024.",69007,Lyon,,,https://www.vizzit.fr/fr/property/appartement/lyon-7eme/A9ulf8llm552esph,,2026-09-24
1333,Vizzit,401.0,18.0,22.28,Studio,18 m² - Studio,18 m² - Studio,"Studio meublé Lyon 7ème - Studio meublé au 7/9 rue Jean Gay Lyon 7ème situé au 6ème étage avec ascenseur. Il comprend un sejour avec coin cuisine, une salle d'eau et wc. Chauffage et eau chaud : Individuels électrique Eau froide : Collective. Loyer de 427,00 euros par mois charges comprises dont 30,00 euros par mois de provision pour charges (soumis la régularisation annuelle). Les honoraires charge locataire sont de 245,18 euros ( soit 13,00 euros/m² ) dont 56,58 euros pour état des lieux ( soit 3,00 euros/m² ). DPE ANCIENNE VERSION. Zone soumise encadrement des loyers. Le loyer de base du bien proposé est de 397 euros, le loyer de référence majoré (fixé par arrêté préfectoral) est de 397,946 euros",69007,Lyon,,,https://www.vizzit.fr/fr/property/appartement/lyon-7eme/Aob5ftscm0b2n5or,,2026-09-24
1334,Vizzit,1689.0,65.0,25.98,Appartement,3 pièce - 65 m² - s,65 m² - 3 pièces,"Appartement T3 Meublé avec terrasse - Rue du lieutenant colonel Girard 69007 LYON - Appartement T3 Meublé - Rue du lieutenant colonel Girard 69007 LYON Au coeur du 7ème arrondissement de Lyon, Anjalys vous propose à la location un appartement de type 3 avec une terrasse de 65m2, au 6ème étage d'environ 65m2. Le bien est composé d'une entrée, d'une cuisine aménagée et équipée, d'un séjour avec un canapé convertible, de deux chambres, d'une salle de bain et d'un WC indépendant. Possibilité d'une location de garage fermées en plus. Disponible dès maintenant Chauffage et eau chaude individuel gaz. Eau froide individuelle également. POUR VISITER CE BIEN, veuillez déposer un dossier directement sur notre site internet groupe Anjalys, pour cela, vous devez aller dans l'onglet LOUER, sélectionner l'annonce et de cliquer sur ""déposer mon dossier"". Contact - Appartement soumis à l'encadrement des loyers. Loyer de référence : 851,50€. Loyer de référence majoré : 113,50€. Loyer de 1 800,00 euros par mois charges comprises dont 200,00 euros par mois de provision pour charges (soumis à la régularisation annuelle). Les honoraires charge locataire sont de 859,36 euros ( soit 13,12 euros/m² ) dont 198,46 euros pour état des lieux ( soit 3,03 euros/m² ). DPE ANCIENNE VERSION.",69007,Lyon,,,https://www.vizzit.fr/fr/property/appartement/lyon-7eme/Au5n1wt6bpnya06a,,2026-09-24
1335,Vizzit,369.0,16.0,23.06,Studio,16 m² - Studio,16 m² - Studio,"SANS SOUCI - Studio meublé à proximité du métro - Découvrez ce charmant studio entièrement meublé, idéalement situé à proximité immédiate de la station de métro Sans Souci, des commerces et de toutes les commodités. Le logement se compose d'une agréable pièce de vie avec un espace kitchenette fonctionnel, équipé d'une plaque de cuisson, de meubles de rangement, d'un réfrigérateur et d'un micro-ondes. Vous profiterez également d'une salle d'eau moderne avec WC. Le chauffage est électrique et individuel. Les charges comprennent l'entretien des parties communes ainsi que la taxe d'enlèvement des ordures ménagères. Un logement confortable et fonctionnel, bénéficiant d'un emplacement pratique et recherché. Contactez-nous pour plus d'informations ou pour organiser une visite. Loyer de 393,00 euros par mois charges comprises dont 35,00 euros par mois de provision pour charges (soumis à la régularisation annuelle). Les honoraires charge locataire sont de 218,45 euros ( soit 13,12 euros/m² ) dont 50,45 euros pour état des lieux ( soit 3,03 euros/m² ). Montant estimé des dépenses annuelles d'énergie pour un usage standard : entre 320 et 470 euros. Prix moyens des énergies indexés en 2021. Zone soumise à encadrement des loyers. Le loyer de base du bien proposé est de 358 euros, le loyer de référence majoré (fixé par arrêté préfectoral) est de 333 euros et le complément de loyer est de 25 euros par mois.",69003,Lyon,,,https://www.vizzit.fr/fr/property/appartement/lyon-3eme/A7bqwm5rcs50kz4e,,2026-09-24
1336,Vizzit,900.0,60.0,15.0,Appartement,2 pièce - 1 chambre - 60 m² - s,60 m² - 2 pièces - 1 chambre,"Coeur de Monplaisir, Place A. Courtois. face au château des frères lumière, T2 non meublé en dernier étage avec ASC de 60.17m² dans immeuble ancien rénové.1 chambre, séjour, cuisine. Vue sur la place et Fourvière, 1 cave. Zone soumise à l'encadrement des loyers, loyer de référence médiant : 848,40 euros/mois, loyer majoré : 1016,87 euros /mois Les informations sur les risques auxquels ce bien est exposé sont disponibles sur le site Géorisques :",69008,Lyon,,,https://www.vizzit.fr/fr/property/appartement/lyon-8eme/Axfypoopw90x8xh1,,2026-09-24
1338,Vizzit,1093.0,84.0,13.01,Appartement,4 pièce - 3 chambre - 84 m² - s - s,84 m² - 4 pièces - 3 chambres,"A LOUER - LYON 7, rue Lamothe à proximité du Parc Blandan dans immeuble raccordée fibre optique, avec ascenseur. Appartement F4 de 84m² au 6ème étage comprenant : une entrée, une cuisine indépendante ouvrant sur balcon d'angle, un séjour donnant sur le même balcon, 2 chambres plus une salle à manger attenante au séjour, transformable en 3ème chambre, une salle de bains, une salle de douche et WC. Chauffage, eaux chaude et froide, et tantièmes de gaz cuisson collectifs inclus dans les charges. Possibilité de stationnement en sus. Location soumise à plafonds de ressources, bien vous munir de votre avis d'imposition 2024.",69007,Lyon,,,https://www.vizzit.fr/fr/property/appartement/lyon-7eme/Aixe05v6biw6aouy,,2026-09-24
1339,Vizzit,511.0,20.0,25.55,Studio,20 m² - Studio,20 m² - Studio,,69008,Lyon,,,https://www.vizzit.fr/fr/property/appartement/lyon-8eme/A2sejb482mo69j3p,,2026-09-24
1340,Vizzit,810.0,30.0,27.0,Appartement,2 pièce - 30 m² - s,30 m² - 2 pièces,,69008,Lyon,,,https://www.vizzit.fr/fr/property/appartement/lyon-8eme/Az29spbk4p1w9f2c,,2026-09-24
1341,Vizzit,788.0,36.0,21.89,Appartement,1 pièce - 36 m²,36 m² - 1 pièce,,69008,Lyon,,,https://www.vizzit.fr/fr/property/appartement/lyon-8eme/Atmbv91vg18ydj4p,,2026-09-24
1342,Vizzit,713.0,35.0,20.37,Appartement,2 pièce - 35 m² - s,35 m² - 2 pièces,,69008,Lyon,,,https://www.vizzit.fr/fr/property/appartement/lyon-8eme/Adba6inkvkzthz6e,,2026-09-24
1343,Vizzit,1356.0,79.0,17.16,Appartement,4 pièce - 3 chambre - 79 m² - s - s,79 m² - 4 pièces - 3 chambres,,69008,Lyon,,,https://www.vizzit.fr/fr/property/appartement/lyon-8eme/Au31bunh8m6a1kjx,,2026-09-24
1344,Vizzit,1201.0,77.0,15.6,Appartement,3 pièce - 2 chambre - 77 m² - s - s,77 m² - 3 pièces - 2 chambres,,69007,Lyon,,,https://www.vizzit.fr/fr/property/appartement/lyon-7eme/Agqoj9n29bhq3a3z,,2026-09-24
1345,Vizzit,848.0,44.0,19.27,Appartement,2 pièce - 1 chambre - 44 m² - s,44 m² - 2 pièces - 1 chambre,,69008,Lyon,,,https://www.vizzit.fr/fr/property/appartement/lyon-8eme/A3nx5y78s5seh0mz,,2026-09-24
1346,Vizzit,1060.0,52.0,20.38,Appartement,3 pièce - 2 chambre - 52 m² - s - s,52 m² - 3 pièces - 2 chambres,,69008,Lyon,,,https://www.vizzit.fr/fr/property/appartement/lyon-8eme/A6idt1xesej1im8r,,2026-09-24
1347,Vizzit,676.0,18.0,37.56,Studio,18 m² - Studio,18 m² - Studio,,69007,Lyon,,,https://www.vizzit.fr/fr/property/appartement/lyon-7eme/Aiqr2p32cebfqmah,,2026-09-24
1348,Vizzit,596.0,20.0,29.8,Studio,20 m² - Studio,20 m² - Studio,,69008,Lyon,,,https://www.vizzit.fr/fr/property/appartement/lyon-8eme/Aifm2ph42jifi7im,,2026-09-24
1349,Vizzit,1365.0,81.0,16.85,Appartement,4 pièce - 3 chambre - 81 m² - s - s,81 m² - 4 pièces - 3 chambres,"T4 A LOUER AVEC GARAGE ET PARKING- JEAN MACE- Proche des transports et commodités, grand appartement T4 comprenant une entrée avec placard, un séjour avec balcon , une cuisine aménagée ( avec plaque et hotte), 3 chambres avec placard, une salle de bains et un WC séparé. Un garage et une place de parking en sous-sol. PHOTOS A VENIR Zone soumise à encadrement des loyers Loyer de référence : 988,81 € HC/mois Loyer de référence majoré : 1.183,33 € HC/mois Complément de loyer : 151,67 € /mois ( garage, parking, balcon, cuisine aménagée) Les informations sur les risques auxquels ce bien est exposé sont disponibles sur le site Géorisques :",69007,Lyon,,,https://www.vizzit.fr/fr/property/appartement/lyon-7eme/Akslxhg15w337y9y,,2026-09-24
1350,Vizzit,767.0,41.0,18.71,Appartement,2 pièce - 1 chambre - 41 m² - s,41 m² - 2 pièces - 1 chambre,,69007,Lyon,,,https://www.vizzit.fr/fr/property/appartement/lyon-7eme/Amd2ur6hwtoto5hz,,2026-09-24
1351,Vizzit,1104.0,67.0,16.48,Appartement,3 pièce - 2 chambre - 67 m² - s - s,67 m² - 3 pièces - 2 chambres,,69007,Lyon,,,https://www.vizzit.fr/fr/property/appartement/lyon-7eme/A0y38ut846js959n,,2026-09-24
1352,Vizzit,984.0,77.0,12.78,Appartement,3 pièce - 2 chambre - 77 m² - s - s,77 m² - 3 pièces - 2 chambres,"A LOUER - LYON 7ème rue du Repos, en face du Parc Blandan, proximité Tram Berthelot, et métro Garibaldi, F3 de 77m² au 1er étage avec ascenseur, dans résidences années 7O raccordé fibre optique, et bien entretenue, avec espaces verts communs, comprenant une entrée,, un séjour avec balcon, une cuisine indépendante, 2 chambres, une salle de bains, WC séparés. Chauffage et eaux collectifs inclus dans les charges. Location soumise à plafonds de ressources, bien vous munir de votre avis d'imposition 2024.",69007,Lyon,,,https://www.vizzit.fr/fr/property/appartement/lyon-7eme/A0fer9upbudh03xe,,2026-09-24
1353,Vizzit,488.0,17.0,28.71,Studio,17 m² - Studio,17 m² - Studio,,69008,Lyon,,,https://www.vizzit.fr/fr/property/appartement/lyon-8eme/Audetfcqu70bc938,,2026-09-24
1354,Vizzit,792.0,46.0,17.22,Appartement,2 pièce - 1 chambre - 46 m² - s,46 m² - 2 pièces - 1 chambre,,69008,Lyon,,,https://www.vizzit.fr/fr/property/appartement/lyon-8eme/A0pe9c4eehji0j8k,,2026-09-24
1355,Vizzit,779.0,54.0,14.43,Appartement,3 pièce - 2 chambre - 54 m² - s - s,54 m² - 3 pièces - 2 chambres,,69007,Lyon,,,https://www.vizzit.fr/fr/property/appartement/lyon-7eme/Ayzpbckqsxqc3aa4,,2026-09-24
1356,Vizzit,962.0,45.0,21.38,Appartement,2 pièce - 1 chambre - 45 m² - s,45 m² - 2 pièces - 1 chambre,,69008,Lyon,,,https://www.vizzit.fr/fr/property/appartement/lyon-8eme/A1xkk3avtcs3nft9,,2026-09-24
1357,Vizzit,450.0,12.0,37.5,Studio,12 m² - Studio,12 m² - Studio,,69007,Lyon,,,https://www.vizzit.fr/fr/property/appartement/lyon-7eme/A13k8x6xgyodqqie,,2026-09-24
1358,Vizzit,469.0,17.0,27.59,Studio,17 m² - Studio,17 m² - Studio,,69008,Lyon,,,https://www.vizzit.fr/fr/property/appartement/lyon-8eme/Ad2hxyfau3m4aams,,2026-09-24
1360,Vizzit,1304.0,74.0,17.62,Appartement,3 pièce - 2 chambre - 74 m² - s - s,74 m² - 3 pièces - 2 chambres,,69003,Lyon,,,https://www.vizzit.fr/fr/property/appartement/lyon-3eme/Aeyglsfspf1c9b0j,,2026-09-24
1361,Vizzit,680.0,33.0,20.61,Studio,33 m² - Studio,33 m² - Studio,"Lyon 08 non loin des transports. Studio meublé de 33 m², disponible pour un loyer de 725 € charges incluses. Le locataire dispose d'un local de stockage, d'un ascenseur, d'une possibilité de stationnement. Pas loin de la station États-Unis Viviani (T4).",69008,Lyon,,,https://www.vizzit.fr/fr/property/appartement/lyon-8eme/Ay4tumfdtveip2bj,,2026-09-24
1363,Vizzit,1088.0,79.0,13.77,Appartement,3 pièce - 79 m² - s,79 m² - 3 pièces,"75 RUE PHILIPPE FABIA - 69008Au 5ème étage d'un immeuble avec ascenseur, cet appartement meublé de 3 pièces offre un cadre de vie agréable et fonctionnel. Une entrée avec rangements ouvre sur un séjour lumineux, prolongé par une cuisine indépendante. Deux chambres complètent l'ensemble, accompagnées d'une salle d'eau avec W.C. séparés. Chauffage et eau chaude collectifs au gaz. La location pourra être déléguée à Foncia Développement et Location.",69008,Lyon,,,https://www.vizzit.fr/fr/property/appartement/lyon-8eme/Ae2vlexhvckbe3r4,,2026-09-24
1365,Vizzit,891.0,36.0,24.75,Studio,36 m² - Studio,36 m² - Studio,"A louer, studio meublé de 36 m² situé à Lyon, dans le 3è arrondissement, proche métro Garibaldi & gare Part Dieu. Il fait partie d'une résidence dans un quartier calme donnant sur le parc Jacob Kaplan, la rue étant réservé à la circulation des habitants seulement. Le studio, situé au RDC, comprend une pièce principale lumineuse, une salle de bain avec baignoire, une cuisine équipée et séparée, et un dressing indépendant. L'agencement permet une bonne séparation des espaces de vie et de repos. Cet appartement a été entièrement refait à neuf il y a 12 mois et tout le mobilier, neuf, a également 12 mois. Un parquet massif en chêne a été complètement changé et posé en Septembre. Dans la résidence: - 1 place de parking dans le parking sous terrain de la résidence, est comprise avec le bien (accès via ascenseur ou escalier) - Ascenseur - Cuisine équipée et séparée - Bien complètement meublé. Mobilier de moins de 12 mois. Machine à laver et réfrigérateur inclus. Chauffage individuel. Classe énergie E - Classe climat B. Studio disponible dès maintenant. Contactez-moi pour plus d'informations ou pour organiser une visite. Dossiers complets uniquement acceptés. Location en direct, agences s'abstenir. Merci.",69003,Lyon,,,https://www.vizzit.fr/fr/property/appartement/lyon-3eme/A0mlcf8j8svfz1lx,,2026-09-24
1370,Vizzit,1182.0,69.0,17.13,Appartement,3 pièce - 2 chambre - 69 m² - s - s,69 m² - 3 pièces - 2 chambres,"A LOUER - T3 DE 69.92 M2 A LYON 8, AVENUE JEAN MERMOZ - Magnifique appartement à louer à Lyon (69008), situé dans le quartier de Mermoz. Ce charmant appartement de 3 pièces bénéficie d'une surface habitable de 69,92 m². Situé dans un immeuble récent avec ascenseur, ce bien dispose d'une pièce de vie ouverte sur une cuisine équipée, toutes deux donnant sur une belle terrasse offrant une vue dégagée, ainsi que de deux chambres et d'une salle d'eau. Un garage en sous-sol est mis à disposition avec la location. Vous serez séduit par la luminosité de cet appartement, grâce à ses grandes fenêtres offrant une vue dégagée. Idéalement situé dans une résidence sécurisée, vous pourrez profiter de tout le confort nécessaire pour une vie agréable au quotidien. La proximité des commerces, des transports en commun et des écoles en fait un emplacement idéal pour les familles. Ne ratez pas cette belle opportunité et contactez-nous dès maintenant pour plus d'informations ou pour organiser une visite. Ce bien rare sur le marché saura vous séduire par ses caractéristiques uniques. Le chauffage est individuel électrique. L'eau est collective électrique. Loyer mensuel charges comprises 1 464.00€ dont 204.00€ de provisions sur charges (soumis à régularisation annuelle). Diagnostic Energétique: C COMPLEMENT DE LOYER A HAUTEUR DE 211.20€ POUR CLIMATISATION, TERRASSE ET GARAGE LOYER SOUMIS A ENCADREMENT DES LOYERS: LOYER REFERENT: 12.50€M² (soit 874.00€) / LOYER MAJORE: 15.00€M² (soit 1048.80€) DEPOT DE GARANTIE: 1 260.00€ HONORAIRES LOC: 705.49€ (10.09€/m²) ET 211.86€ POUR ETAT DES LIEUX (3.Loyer de 1 464,00 euros par mois charges comprises dont 204,00 euros par mois de provision pour charges (soumis à la régularisation annuelle). Les honoraires charge locataire sont de 917,35 euros ( soit 13,12 euros/m² ) dont 211,86 euros pour état des lieux ( soit 3,03 euros/m² ). Montant estimé des dépenses annuelles d'énergie pour un usage standard: entre 1 160 et 1 620 euros. Prix moyens des énergies indexés en 2023. Zone soumise à encadrement des loyers. Le loyer de base du bien proposé est de 1 260 euros, le loyer de référence majoré (fixé par arrêté préfectoral) est de 874 euros et le complément de loyer est de 211,2 euros par mois.",69008,Lyon,,,https://www.vizzit.fr/fr/property/appartement/lyon-8eme/Ayiettl049cq8v42,,2026-09-24
1371,Vizzit,891.0,49.0,18.18,Appartement,2 pièce - 49 m² - s,49 m² - 2 pièces,"Découvrez cet appartement de 2 pièces de 50 m² à Lyon (69008). Il est situé au 4e étage d'un immeuble avec ascenseur. Son intérieur inclut une entrée, une cuisine aménagée équipée, une salle d'eau, une pièce à vivre, une alcôve et des toilettes. Cet appartement est équipé d'un chauffage individuel électrique. Disponible à partir de mi-juillet. LOYER CC / mois: 950 € dont 26 € de provisions pour charges - Honoraires charge locataire: 539 € dont 147 € TTC pour état des lieux - Dépôt de garantie: 924 € Réf. : LA2332 Coline GIROUD - - Retrouvez toutes nos annonces sur notre site: Honoraires de 539 € TTC à la charge du locataire comprenant 147 € TTC pour l'état des lieux. Zone soumise à encadrement des loyers. Loyer de référence majoré (loyer de base à ne pas dépasser) 1045.51 €/mois. Loyer de base 924 €/mois. Provision sur charges 26 €/mois, régularisation annuelle. Dépôt de garantie 924 €. Classe énergie D, Classe climat C Montant moyen estimé des dépenses annuelles d'énergie pour un usage standard, établi à partir des prix de l'énergie de l'année 2021: entre 840.00 et 1190.00 €.",69008,Lyon,,,https://www.vizzit.fr/fr/property/appartement/lyon-8eme/Aar7n6wrtqjz78i9,,2026-09-24
1372,Vizzit,729.0,42.0,17.36,Appartement,2 pièce - 1 chambre - 42 m² - s,42 m² - 2 pièces - 1 chambre,"Proche avenue des Frères Lumière, T2 de 42.59m², au 2ème étage, rue St Nestor, Lyon 8 Séjour carrelé (15m²), cuisine indépendante et équipée, 1 chambre avec moquette (11m²), SDB et WC séparé. Balcon (7.5m²), rangements. Chauffage individuel électrique, eau chaude par cumulus et eau froide collective. Disponible: . DPE: C 145 / A 5 Montant estimé des dépenses annuelles d'énergie utilisés pour un usage standard: entre 640 € et 920 € par an Prix moyens des énergies indexés sur les années(abonnements compris) conformément à l'arrêté du 31 mars 2021 en vigueur lors de l'établissement du DPE Possibilité de louer un garage en sus pour 80€ par mois. - Loyer: 777 € /mois CC dont 77 € de provision pour charges locatives (régularisation annuelle) - Dépôt de garantie: 700 € - Honoraires à la charge du locataire: 558.78 € TTC dont 129.05 € pour l'état des lieux Zone soumise à encadrement des loyers: Loyer de référence: 617.56€ / Loyer majoré: 741.07€. Honoraires de 558,78 € TTC à la charge du locataire comprenant 129,05 € TTC pour l'état des lieux. Zone soumise à encadrement des loyers. Loyer de référence majoré (loyer de base à ne pas dépasser) 741.07 €/mois. Loyer de base 700.00 €/mois. Provision sur charges 77 €/mois, régularisation annuelle. Dépôt de garantie 700 €. Classe énergie C, Classe climat A Montant estimé des dépenses annuelles d'énergie pour un usage standard: entre 640.00 € et 920.00 € sur les années 2021, 2022 et 2023 (abonnements compris).",69008,Lyon,,,https://www.vizzit.fr/fr/property/appartement/lyon-8eme/Aucmty7fpi3izcug,,2026-09-24
1373,Vizzit,678.0,34.0,19.94,Studio,34 m² - Studio,34 m² - Studio,"A voir absolument, Quartier Jets D'Eau, Av. de l'EUROPE, TRAM et nombreux commerces, Dans résidence récente, magnifique studio entièrement meublé avec goût, au 5ème étage avec ascenseur, de 34.11m², comprenant: une pièce principale avec coin cuisine équipée et meublée (frigo, four micro-ondes grill, plaques cuisson, lave-vaisselle), une salle d'eau et wc. Balcon de 11.75m². Loué avec un garage au sous-sol. Chauffage et eau collectifsDISPONIBLE LE 01.09. 2022 Honoraires de 443,43 € TTC à la charge du locataire comprenant 102,33 € TTC pour l'état des lieux. Zone soumise à encadrement des loyers. Loyer de référence majoré (loyer de base à ne pas dépasser) 736.78 €/mois. Loyer de base 650.00 €/mois. Provision sur charges 73 €/mois, régularisation annuelle. Dépôt de garantie 1 300 €. Classe énergie C, Classe climat C. Montant moyen estimé des dépenses annuelles d'énergie pour un usage standard, établi à partir des prix de l'énergie de l'année 2021: 310.00 €. Date de réalisation du DPE: .",69008,Lyon,,,https://www.vizzit.fr/fr/property/appartement/lyon-8eme/Ayni20nlh2nxb6l1,,2026-09-24
1374,Vizzit,955.0,57.0,16.75,Appartement,3 pièce - 2 chambre - 57 m² - s - s,57 m² - 3 pièces - 2 chambres,"À louer, appartement T3 de 58,17 m² comprenant une agréable pièce à vivre avec coin cuisine aménagée et semi équipée (plaque de cuisson et hotte), deux chambres, une salle de bains et des toilettes séparées. Le logement dispose également d'une terrasse offrant un espace extérieur appréciable. Charges comprenant l'entretien de la chaudière gaz, l'entretien de la VMC ainsi que l'entretien des parties communes de la copropriété. Honoraires de 756 € TTC à la charge du locataire. Zone soumise à encadrement des loyers. Loyer de référence majoré (loyer de base à ne pas dépasser) 872.00 €/mois. Loyer de base 842.00 €/mois. Provision sur charges 80 €/mois, régularisation annuelle. Complément de loyer 96 €/mois. Dépôt de garantie 842 €. Classe énergie C, Classe climat C Montant moyen estimé des dépenses annuelles d'énergie pour un usage standard, établi à partir des prix de l'énergie de l'année 2023: entre 432.00 et 584.00 €. Ce bien vous est proposé par un agent commercial (Entreprise individuelle). Votre conseiller Laforêt Cabinet Mermet: Manon Murro Agent commercial (Entreprise individuelle).",69008,Lyon,,,https://www.vizzit.fr/fr/property/appartement/lyon-8eme/Aznri8vdl21l56cq,,2026-09-24
1375,Vizzit,1650.0,93.0,17.74,Appartement,4 pièce - 3 chambre - 93 m² - s - s,93 m² - 4 pièces - 3 chambres,"A proximité immédiate du quartier PAUL BERT/VILLETTE ET DE LA PLACE ROUGEST DE L'ISLE, dans quartier commerçant et dynamique, au coeur de la Résidence LA FLORENTINE, dans un écrin de verdure, nous vous proposons, au 5ème étage et bénéficiant d'une belle vue et d'une grande luminosité, un bel appartement familial de 94 m², de très bon standing, traversant récemment rénové. IL detaille un hall d'entree avec rangement intégré, un séjour ouvrant sur balcon de 12. m² à l'Est sur jardin, une cuisine indépendante totalement équipée, un dégagement nuit desservant une suite parentale (chambre, salle d'eau, dressing), une salle de bains contemporaine, des toilettes et un cellier. Le séjour et la suite parentale bénéficient d'une installation de climatisation, les huisseries sont en double vitrage, les stores électriques. Chauffage et eau collectifs. Le bien est complété par une cave et un garage en sous-sol. DPE DU Carte pro. ”.",69003,Lyon,,,https://www.vizzit.fr/fr/property/appartement/lyon-3eme/Adziemsazo2obw5k,,2026-09-24
1376,Vizzit,554.0,19.0,29.16,Studio,19 m² - Studio,19 m² - Studio,"A LOUER! Studilodge vous propose un studio de 19.82m² au 2éme étage d'une résidence étudiante neuve (Livraison Juin 2022) meublé disposant de nombreux rangements, placards aménagés, étagères et penderies. Cet appartement est entièrement autonome grâce à sa kitchenette équipée d'un four à micro-onde, de plaques électriques et d'un réfrigérateur mais également de sa salle d'eau avec WC privatif, lavabo avec meuble vasque et cabine de douche. Prestation de services: internet WIFI illimité et gratuit, accueil, digicode, salle fitness, nettoyage du logement, laverie, salle commune et un espace jardin. A proximité de la Gare Jean Macé, Métro ligne B, arrêts Jean Jaurès et/ou Debourg, Tramway T2, centre commercial à 200 m, nombreux commerces. A voir absolument! Loyer mensuel 690TTC (chauffage collectif, eau chaude et eau froide compris), Dépôt de garantie: 450€, Frais de dossier: de 450€. Pour plus de renseignements contactez la résidence au 07.78. 51.21. 31 avec la référence suivante: SEVEN 2 - 208 Copropriété de 71 lots.",69007,Lyon,,,https://www.vizzit.fr/fr/property/appartement/lyon-7eme/A0cq4eukswdiaffr,,2026-09-24
1377,Vizzit,638.0,30.0,21.27,Studio,30 m² - Studio,30 m² - Studio,"A LOUER - T1 MEUBLE de 30m2 - LYON 3 Rue Guilloud: Au sein d'un immeuble sécurisé et de standing, T1 MEUBLE de 30m2 bénéficiant d'un agréable balcon à vivre. Idéalement situé, à proximité des transports et des commerces l'appartement comprend une pièce de vie lumineuse, une cuisine semi-ouverte aménagée et équipée et une salle de bains carrelée avec WC. Charges comprises: entretien des espaces verts et des parties communes. Chauffage individuel au GAZ. DPE: D Disponible dès le 21/8/2026 Honoraires de 390 € TTC à la charge du locataire comprenant 90 € TTC pour l'état des lieux. Loyer de base 630.00 €/mois. Provision sur charges 50 €/mois, régularisation annuelle. Dépôt de garantie 1 260 €. Classe énergie D, Classe climat D Montant moyen estimé des dépenses annuelles d'énergie pour un usage standard, établi à partir des prix de l'énergie de l'année 2022: entre 520.00 et 760.00 €.",69008,Lyon,,,https://www.vizzit.fr/fr/property/appartement/lyon-8eme/Ayfpqu3yq367nbdz,,2026-09-24
1378,Vizzit,891.0,43.0,20.72,Appartement,1 pièce - 43 m²,43 m² - 1 pièce,"LUMINEUX – LOGGIA – ASCENSEUR – PLACE DE PARKING – BELLE HAUTEUR SOUS PLAFOND – CHAUFFAGE ET EAU FROIDE INCLUS DANS LES CHARGES Ce loft d'environ 43 m² est situé au 2 € étage avec ascenseur d'un immeuble d'inspiration explicite de la « Cité Radieuse » de Le Corbusier. Idéalement situé, il se trouve à seulement 1 minute à pied de la place Saint-Louis et 5 minutes à pied de la place Jean Macé, desservie par le métro, le tramway et plusieurs lignes de bus du réseau TCL. Le logement se compose : - Au premier niveau : hall d'entrée, cuisine équipée (réfrigérateur, plaque de cuisson et lave-linge), WC et d'un magnifique salon cathédral donnant accès à une loggia - Au deuxième niveau : coin nuit, salle de bains et dressing. Le bien bénéficie d'une belle hauteur sous plafond et d'une place de parking. L'eau froide et le chauffage sont collectifs et inclus dans les provisions pour charges. Disponibilité : à compter du lundi 12 octobre 2026. Loyer appartement : 860 € / mois Provisions pour charges (charges de copropriété, eau froide et chauffage) : 90 € / mois Dépôt de garantie : 1 720 € Honoraires à la charge du locataire, plafonnés à 10,09 €/m² : 303,71 € Frais d'état des lieux, plafonnés à 3,03 €/m² : 131,32 € Zone soumise à l'encadrement des loyers : Loyer de référence majoré : 1 005,49 € / mois Loyer de base : 836,46 € / mois Vous pouvez consulter toutes nos offres sur notre site internet :",69007,Lyon,,,https://www.vizzit.fr/fr/property/appartement/lyon-7eme/Aoqp6cgip3r2jxp6,,2026-09-24
1379,Vizzit,469.0,23.0,20.39,Appartement,1 pièce - 23 m²,23 m² - 1 pièce,"A proximité de la place ROUGET DE LISLE et du tramway DAUPHINE-LACASSAGNE, F1 de 23,23 m² situé au 1er étage sans ascenseur, se composant d'une pièce d'entrée avec cuisine aménagée, d'une chambre, et d'une salle d'eau avec wc. Chauffage individuel électrique avec fenêtre double vitrage récent. Loyer de 500 € ( loyer 465 € + provision sur charges locatives 35 € ). Honoraires loi ALUR : 351,47 €.",69003,Lyon,,,https://www.vizzit.fr/fr/property/appartement/lyon-3eme/A5sf2zxvncp1gw5z,,2026-09-24
1380,Vizzit,464.0,21.0,22.1,Studio,21 m² - Studio,21 m² - Studio,"STUDIO EN LOCATION NUE AVEC CUISINE ÉQUIPÉE ET PLACARD Une cuisine équipée et un rangement intégré : cet appartement propose un intérieur aux tons clairs, comprenant une entrée, une pièce principale et une pièce d’eau avec sanitaires. Le logement est proposé en location nue. La pièce principale bénéficie d’une fenêtre à deux vantaux laissant entrer la lumière naturelle. Des appliques murales complètent l’éclairage. Le radiateur prend place sous la fenêtre, laissant les autres pans de mur disponibles pour votre mobilier. Un placard intégré complète cette pièce. Ce rangement fermé accueille vos vêtements et vos affaires personnelles, sans nécessiter l’installation immédiate d’une armoire supplémentaire. Dans l’entrée, le coin cuisine se situe en retrait. Cette disposition distingue l’espace de préparation des repas du séjour. La kitchenette comprend un évier, des plaques de cuisson et un réfrigérateur sous le plan de travail. Vous disposez ainsi des principaux équipements pour préparer et conserver vos repas dès votre installation. Des meubles hauts et bas complètent la cuisine . Les façades vertes apportent une touche de couleur à l’ensemble. La pièce d’eau avec sanitaires complète le logement. La location nue vous laisse le choix de votre couchage, de votre mobilier et de votre décoration, tout en conservant les équipements de cuisine et le placard existants.",69007,Lyon,,,https://www.vizzit.fr/fr/property/appartement/lyon-7eme/Asso25wp45wic7o2,,2026-09-24
1381,Vizzit,975.0,59.0,16.53,Appartement,3 pièce - 2 chambre - 59 m² - s - s,59 m² - 3 pièces - 2 chambres,"LYON 8, 216 Av Paul Santy, dans un immeuble sans ascenseur, au 2éme étage, T3 meublé de 59 m2 offrant une cuisine aménagée et équipée (Meubles haut et bhotte, four, plaque de cuisson, lave vaisselle, lave linge..) un salon/séjour avec canapé d'angle + TV ouvert sur un balcon 2 chambres avec grand lit tiroir 1 salle de bains avec grande douche à l'italienne toilettes séparées. Une cave compléte ce bien.Bien soumis à l'encadrement des loyers",69008,Lyon,,,https://www.vizzit.fr/fr/property/appartement/lyon-8eme/Ak2kzxtqwie2q32b,,2026-09-24
1382,Vizzit,697.0,33.0,21.12,Appartement,1 pièce - 33 m²,33 m² - 1 pièce,"03 BERTHELOT - A SAISIR 65 RUE DU REPOS, dans résidence de standing sécurisée au pied du tramway t2 (route de vienne). T1 bis entièrement meublé et aménagé de 34m² situé au rez-de-chaussée avec terrasse et jardin, il comporte une entrée, une pièce principale avec cuisine équipée et meublée, un séjour et un coin nuit séparé par des portes coulissantes. Placards aménagés. Salle de bain avec meubles sous vasque et lave linge. Wc indépendant. Parking en sous sol sécurisé. ZONE SOUMISE A ENCADREMENT DES LOYERS LOYER DE REFERENCE MAJORE (LOYER DE BASE A NE PAS DEPASSER) : 712.97 EUR LOYER DE BASE : 712.00 EUR Consommation d'énergie totale entre 500EUR et 720EUR par an (prix moyens des énergies indexés au ).",69007,Lyon,,,https://www.vizzit.fr/fr/property/appartement/lyon-7eme/Ax715m07iei4du3z,,2026-09-24
1383,Vizzit,1045.0,73.0,14.32,Appartement,3 pièce - 2 chambre - 73 m² - s - s,73 m² - 3 pièces - 2 chambres,"Situé au 8 rue des Alouettes, cet appartement offre un agencement fonctionnel et agréable. Il se compose d'une entrée avec placard, d'un séjour carrelé lumineux, ainsi que d'une cuisine ouverte et aménagée, équipée d'une plaque de cuisson gaz 4 feux et d'une hotte. L'espace nuit comprend une suite parentale avec accès direct la terrasse et une salle d'eau attenante, ainsi qu'une seconde chambre, une salle de bains et un WC indépendant. Le logement bénéficie d'un chauffage individuel au gaz. L'eau froide est provisionnée dans les charges. En complément, vous disposez d'une cave (n°24) et d'un garage (n°106) en sous-sol. Zone soumise encadrement des loyers. Loyer de référence : 914.50 € Loyer de référence majoré : 1098.88 € Ce logement est couvert par l'assurance garantie loyers impayés. Si ce bien vous intéresse, nous vous invitons déposer votre dossier de candidature sur notre site . Loyer de 1 114,00 euros par mois charges comprises dont 82,00 euros par mois de provision pour charges (soumis la régularisation annuelle). Les honoraires charge locataire sont de 967,60 euros ( soit 13,12 euros/m² ) dont 223,46 euros pour état des lieux ( soit 3,03 euros/m² ). Montant estimé des dépenses annuelles d'énergie pour un usage standard : entre 720 et 1010 euros. Prix moyens des énergies indexés en 2021. Zone soumise encadrement des loyers. Le loyer de base du bien proposé est de 1032 euros, le loyer de référence majoré (fixé par arrêté préfectoral) est de euros",69008,Lyon,,,https://www.vizzit.fr/fr/property/appartement/lyon-8eme/A943es9tf78c9gzk,,2026-09-24
1384,Vizzit,487.0,29.0,16.79,Appartement,1 pièce - 29 m²,29 m² - 1 pièce,,69003,Lyon,,,https://www.vizzit.fr/fr/property/appartement/lyon-3eme/Adxnfls1z7tv11ul,,2026-09-24
1385,Vizzit,487.0,19.0,25.63,Studio,19 m² - Studio,19 m² - Studio,"T1 MEUBLÉ 69008 LYON - Idéalement situé dans le quartier dynamique de Lyon 8ème, ce studio fonctionnel au 5ème étage offre un cadre de vie pratique et agréable, parfait pour étudiants ou jeunes actifs à la recherche d'une adresse centrale. D'une surface de 19 m², cet appartement lumineux se compose d'une pièce principale bien agencée, d'un espace kitchenette et d'une salle d'eau. Situé au 83 D rue Laennec, il bénéficie de la proximité immédiate des commerces, des transports en commun et des universités, facilitant tous vos déplacements quotidiens. Ne manquez pas cette opportunité de vous installer dans un secteur recherché à un loyer attractif. Contactez-nous dès maintenant pour organiser une visite et découvrir votre futur chez-vous à Lyon 8ème. Loyer de 518,90 euros par mois charges comprises dont 20,00 euros par mois de provision pour charges (soumis à la régularisation annuelle). Les honoraires charge locataire sont de 249,28 euros ( soit 13,12 euros/m² ) dont 57,57 euros pour état des lieux ( soit 3,03 euros/m² ). DPE ANCIENNE VERSION. Montant estimé des dépenses annuelles d'énergie pour un usage standard : 555 euros. Prix moyens des énergies indexés en 2023.",69008,Lyon,,,https://www.vizzit.fr/fr/property/appartement/lyon-8eme/Ac5og8eqspqhzv1t,,2026-09-24
1386,Vizzit,1004.0,68.0,14.76,Appartement,3 pièce - 2 chambre - 68 m² - s - s,68 m² - 3 pièces - 2 chambres,"T3 LYON 69003 ACTE III - 52 rue Abbé Boisard 69003 LYON Clesev Immobilier vous propose à la location, dans le 3ème arrondissement de Lyon, au sein de la résidence récente Acte III, située au 52 rue Abbé Boisard, un agréable appartement de type T3 au 2ème étage. L'appartement se compose d'une entrée desservant une belle pièce de vie avec une cuisine ouverte sur le séjour. La cuisine est aménagée et équipée avec une hotte, des plaques de cuisson et un four. Le séjour, lumineux et convivial, bénéficie d'un accès direct à un balcon offrant un agréable espace extérieur. L'espace nuit se compose de deux chambres, dont une avec placard intégré, ainsi que d'une salle de bains. L'appartement dispose également d'un garage fermé en sous-sol, offrant un stationnement sécurisé et un espace de rangement supplémentaire. Situé dans le 3ème arrondissement, le logement bénéficie d'un emplacement pratique, à proximité des commerces, services et transports en commun. Le secteur permet de profiter facilement des commodités du quotidien tout en bénéficiant d'un accès rapide aux différents quartiers de Lyon et à leurs nombreux équipements. Le chauffage, l'eau chaude et l'eau froide sont compris dans les charges. Une provision mensuelle de 15 € au titre de la taxe d'enlèvement des ordures ménagères est à prévoir en supplément. Un appartement fonctionnel et confortable, idéal pour profiter d'un cadre de vie agréable au cœur de Lyon. Contactez-nous dès maintenant sur Seventee pour organiser une visite et découvrir votre futur logement !. Loyer de 1 070,00 euros par mois charges comprises dont 120,00 euros par mois de provision pour charges (soumis à la régularisation annuelle). Les honoraires charge locataire sont de 900,03 euros ( soit 13,12 euros/m² ) dont 207,86 euros pour état des lieux ( soit 3,03 euros/m² ). DPE ANCIENNE VERSION.",69003,Lyon,,,https://www.vizzit.fr/fr/property/appartement/lyon-3eme/Avmfzdsy6rjsqv3s,,2026-09-24
1387,Vizzit,626.0,35.0,17.89,Appartement,1 pièce - 35 m²,35 m² - 1 pièce,"69003 - 251 rue Garibaldi, au sein d'une résidence sécurisée, découvrez ce T2 de 35,03 m², situé au 4ème étage avec ascenseur. Fonctionnel et agréable à vivre, l'appartement se compose d'une pièce de vie avec cuisine ouverte équipée, comprenant plaques de cuisson, hotte, four et four micro-ondes, d'une chambre avec accès direct à la salle de bains. WC séparés. Loyer = 634 € hors charges NOTRE AVIS : Un appartement fonctionnel et bien agencé, idéal pour une personne seule ou un couple, à proximité des commodités et des transports lyonnais.",69003,Lyon,,,https://www.vizzit.fr/fr/property/appartement/lyon-3eme/Ahjmg92ix75rwkcx,,2026-09-24
1388,Vizzit,587.0,17.0,34.53,Studio,17 m² - Studio,17 m² - Studio,,69008,Lyon,,,https://www.vizzit.fr/fr/property/appartement/lyon-8eme/Ah6k9h2wug4x3010,,2026-09-24
1389,Vizzit,2064.0,125.0,16.51,Appartement,8 pièce - 5 chambre - 125 m² - s - s,125 m² - 8 pièces - 5 chambres,,69008,Lyon,,,https://www.vizzit.fr/fr/property/appartement/lyon-8eme/Atk47w3rs2pdimrx,,2026-09-24
1390,Vizzit,633.0,25.0,25.32,Studio,25 m² - Studio,25 m² - Studio,,69007,Lyon,,,https://www.vizzit.fr/fr/property/appartement/lyon-7eme/Alb6bngj281yyw0k,,2026-09-24
1391,Vizzit,915.0,44.0,20.8,Appartement,2 pièce - 1 chambre - 44 m² - s,44 m² - 2 pièces - 1 chambre,"65 RUE RACHAIS Quartier JEAN MACÉ, proche des transports et commodités. Découvrez cet appartement T2 MEUBLÉ au 1er étage avec ascenseur. Il se compose d'une entrée, d'une pièce de vie lumineuse avec cuisine ouverte, aménagée et équipée (four, lave-vaisselle, plaque de cuisson, hotte, réfrigérateur) s'ouvrant sur une terrasse donnant sur une vue arborée, d'une chambre avec placard, d'une salle de bains attenante et d'un WC indépendant. Une place de parking en sous-sol vient compléter ce bien.",69007,Lyon,,,https://www.vizzit.fr/fr/property/appartement/lyon-7eme/A5yree12svi7e2jz,,2026-09-24
1392,Vizzit,563.0,60.0,9.38,Appartement,3 pièce - 2 chambre - 60 m² - s - s,60 m² - 3 pièces - 2 chambres,,69007,Lyon,,,https://www.vizzit.fr/fr/property/appartement/lyon-7eme/Ayokusy9bs72x7zl,,2026-09-24
1393,Vizzit,662.0,40.0,16.55,Appartement,2 pièce - 1 chambre - 40 m² - s,40 m² - 2 pièces - 1 chambre,"LYON 8 / Rue du Général Gouraud / transports et commerces à proximité, Appartement entièrement rénové de type 2 de 40,48m² situé au 3ème et dernier étage, traversant composé d'un séjour/cuisine incluant une cuisine meublée et équipée d'une plaque de cuisson , d'une hôte aspirante et un four, d'une chambre à coucher donnant sur la cour intérieur au calme ,d'une salle de bains, WC séparé, A noter que le stationnement est gratuit dans la rue. Eau froide individuel , production eau chaude et chauffage individuel électrique Loyer de 651,00 Euros € + 55,00 € de provisions sur charges Ce bien immobilier est situé dans une zone soumise à l'encadrement des loyers Loyer de base : 13,4€ /m² mensuel hors charges soit 542,43 Euros € Loyer de référence majoré (loyer de base à ne pas dépasser) :651,73 Euros € /m² mensuel hors charges soit 953,04€ Disponible immédiatement Conditions de location : revenus équivalent à 3 mois de loyers charges comprises. Pas de garant (sauf étudiants). Dossier à déposer sur la plateforme FLATBAY. Référence interne : 9RUEDUGENERALGOURAUD",69008,Lyon,,,https://www.vizzit.fr/fr/property/appartement/lyon-8eme/Agg5kpx0dgri14n7,,2026-09-24
1394,Vizzit,680.0,33.0,20.61,Appartement,2 pièce - 1 chambre - 33 m² - s,33 m² - 2 pièces - 1 chambre,,69008,Lyon,,,https://www.vizzit.fr/fr/property/appartement/lyon-8eme/A8vcjwkai2fjt6ip,,2026-09-24
1395,Vizzit,657.0,35.0,18.77,Appartement,2 pièce - 1 chambre - 35 m² - s,35 m² - 2 pièces - 1 chambre,,69008,Lyon,,,https://www.vizzit.fr/fr/property/appartement/lyon-8eme/Agoxk7633qo6g8h0,,2026-09-24
1396,Vizzit,648.0,29.0,22.34,Appartement,1 pièce - 29 m²,29 m² - 1 pièce,"Lyon 7ème - 61 rue félix brun métro jean-jaurès résidence le pavillon brun au 1er étage avec ascenseur, appartement t1 meublé de 28.56 m² composé d'un hall d'entrée avec placard, une pièce de vie avec coin nuit et cuisine ouverte meublée et équipée, une salle de bains avec wc. Vous bénéficiez d'une magnifique terrasse de 21 m² et d'une place de parking en sous sol. Loyer = 600.84 € + 90 € charges (eau froide, eau chaude, chauffage inclus) zone soumise à encadrement des loyers : loyer de référence : 510.58 € loyer de référence majoré : 612.",69007,Lyon,,,https://www.vizzit.fr/fr/property/appartement/lyon-7eme/Accll248ma1afcxg,,2026-09-24
1397,Vizzit,891.0,59.0,15.1,Appartement,3 pièce - 1 chambre - 59 m² - s,59 m² - 3 pièces - 1 chambre,"LYON 3ème SAXE-GAMBETTA - Au coeur de ce quartier très prisé du 3ème arrondissement et de sa vie commerçante, dans un immeuble ancien de bonne facture sécurisé, découvrez ce ravissant T3 de 59,95 m² habitables idéalement situé à 2 pas du Métro. Situé au 3ème étage et profitant d'un belle luminosité du fait de son exposition Sud, il se compose d'une entrée, d'une double réception spacieuse de 37 m² avec séjour, salle à manger et cuisine ouverte parfaitement équipée et aménagée, ainsi qu'une alcôve offrant un espace nuit en seconde jour ou un bureau. Côté nuit, retrouvez une belle chambre de 12,55 m² au calme sur la cour intérieure, une salle d'eau et WC indépendant. Cet appartement a conservé tout le charme de l'ancien avec son parquet Chêne et ses cheminées décoratives en marbres. Emplacement premium à proximité immédiate des commerces, restaurants et transports en communs, avec à 50 m les Métro B et D (arrêt ""Saxe-Gambetta""), ainsi que les lignes de bus C5, C12, C14 et C27 et des stations Vélo'V. Disponible immédiatement. A visiter sans tarder, pour tout renseignement Essentiel Gestion Locative directement par téléphone Ce loyer de 950 € charges comprises intègre une provision sur charges de 60 € pour l'entretien des parties communes. (Encadrement des loyers : Loyer de référence : 749,38 € / Loyer de référence majoré : 899,25 €). Dépôt de garantie : 890 € Honoraires d'agence : 785 € (604 € Visites/Constitution du dossier/Rédaction de bail et 181 € Etat des lieux)",69003,Lyon,,,https://www.vizzit.fr/fr/property/appartement/lyon-3eme/A2b0l915s9qokq27,,2026-09-24
1398,Vizzit,539.0,28.0,19.25,Appartement,2 pièce - 1 chambre - 28 m² - s,28 m² - 2 pièces - 1 chambre,,69008,Lyon,,,https://www.vizzit.fr/fr/property/appartement/lyon-8eme/Auzusuosdxo1tdb3,,2026-09-24
1399,Vizzit,1278.0,71.0,18.0,Appartement,3 pièce - 2 chambre - 71 m² - s - s,71 m² - 3 pièces - 2 chambres,,69003,Lyon,,,https://www.vizzit.fr/fr/property/appartement/lyon-3eme/Awirgftxa4n9dm32,,2026-09-24
1400,Vizzit,985.0,45.0,21.89,Appartement,2 pièce - 1 chambre - 45 m² - s,45 m² - 2 pièces - 1 chambre,,69003,Lyon,,,https://www.vizzit.fr/fr/property/appartement/lyon-3eme/Aumea4dgryuvynhr,,2026-09-24
1401,Vizzit,807.0,43.0,18.77,Appartement,2 pièce - 1 chambre - 43 m² - s,43 m² - 2 pièces - 1 chambre,,69008,Lyon,,,https://www.vizzit.fr/fr/property/appartement/lyon-8eme/A03bt98g9bnsbjsl,,2026-09-24
1403,Vizzit,798.0,53.0,15.06,Appartement,2 pièce - 1 chambre - 53 m² - s,53 m² - 2 pièces - 1 chambre,,69007,Lyon,,,https://www.vizzit.fr/fr/property/appartement/lyon-7eme/Aio4j47svgtktp5i,,2026-09-24
1406,Vizzit,755.0,46.0,16.41,Appartement,2 pièce - 1 chambre - 46 m² - s,46 m² - 2 pièces - 1 chambre,"Très beau T2 de 46m2 avec avec terrasse jardin et grand garage, au calme au pied du métro Jean-Jaurès. Il se compose d'une belle pièce de vie, lumineuse et sans vis-à-vis, une chambre, salle de bains, WC Séparés. Triple vitrage, VMC double flux. Au chaude / Chauffage / Eau froide INCLUS DANS LE PRIX. Disponible au 20 octobre.",69007,Lyon,,,https://www.vizzit.fr/fr/property/appartement/lyon-7eme/Ailjpigx4z48aqr0,,2026-09-24
1410,Vizzit,662.0,37.0,17.89,Studio,37 m² - Studio,37 m² - Studio,"Bumper vous propose à la location un grand appartement T1 non meublé, situé avenue Lacassagne à 15 minutes de la gare Part-Dieu. Il est composé - d'une grande pièces principale qui donne sur un balon, - un espace cuisine aménagé (partiellement équipé avec frigo et plaques), - d'une salle de bain venant d'être refaite. - d'un grand cagibi offrant une belle capacité de stockage pouvant également faire office de dressing. Disponible immédiatement. Honoraires de 486 € TTC à la charge du locataire comprenant 112 € TTC pour l'état des lieux. Zone soumise à encadrement des loyers. Loyer de référence majoré (loyer de base à ne pas dépasser) 744 €/mois. Loyer de base 660 €/mois. Provision sur charges 45 €/mois, régularisation annuelle. Dépôt de garantie 660 €. Classe énergie D, Classe climat B Montant moyen estimé des dépenses annuelles d'énergie pour un usage standard, établi à partir des prix de l'énergie de l'année 2021: entre 650.00 et 850.00 €. Votre conseiller Bumper Immobilier: Jérémie Dumont Agent commercial (Entreprise individuelle).",69008,Lyon,,,https://www.vizzit.fr/fr/property/appartement/lyon-8eme/Az8grbvdyijy6qsk,,2026-09-24
1414,Vizzit,982.0,75.0,13.09,Appartement,3 pièce - 2 chambre - 75 m² - s - s,75 m² - 3 pièces - 2 chambres,"A saisir! T3 traversant de 75,67 m² situé 99 avenue Felix Faure 69003 LYON. Appartement au 3ème étage avec ascenseur comprenant un hall d'entrée, une cuisine séparée, un séjour et une première chambre donnant sur un balcon filant, une deuxième chambre, une salle de bains et toilette séparée. Une cave et une place de parking agrémentent ce bien en très bon état, à proximité de toutes les commodités. Chauffage et eaux collectifs. Zone soumise à encadrements des loyers. Loyer de base: 908.04 €. Loyer de base majoré: 1089.65 €. Montant estimé des dépenses annuelles d'énergie pour un usage standard: entre 910.00 € et 1280.00 € par an. Prix moyens des énergies indexés au . Adresse: 69003 - LYON 3E ARRONDISSEMENT - 99 AVENUE FELIX FAURE. Loyer HC: 877.85 €. Charges mensuelles: 170 €. Honoraires de location: 992.79 €. Dépôt de garantie: 877.85 €. DPE Vierge. Pour découvrir cette réelle opportunité de location, contactez-moi: régie gindre - 3 Grande rue de la Croix Rousse - 69004 LYON - Consultez notre site pour plus de photos et d'informations sur ce bien.",69003,Lyon,,,https://www.vizzit.fr/fr/property/appartement/lyon-3eme/Ajtl3cwt39ng9umk,,2026-09-24
1415,Vizzit,1152.0,45.0,25.6,Appartement,2 pièce - 1 chambre - 45 m² - s,45 m² - 2 pièces - 1 chambre,"Bienvenue dans mon appartement tout neuf, pensé pour que vous vous sentiez bien dès votre arrivée. Cuisine tout équipée avec lave-vaisselle, four, plaque et frigo, robot mixeur. Salon avec canapé convertible avec un matelas très confortable ! Chambre avec matelas Simmons de qualité et surmatelas intégré pour encore plus de confort. Je pars en déplacement pendant un mois du 4 décembre 2026 au 3 janvier 2027 et propose mon appartement à la location sur cette période avec un bail mobilité d'un mois. Quelques affaires resteront dans un des deux placards de la chambre et sur une étagère du placard de la salle de bain mais vous aurez largement la place de mettre vos affaires pour un mois.",69007,Lyon,,,https://www.vizzit.fr/fr/property/appartement/lyon-7eme/Aykfxzhh8yu326y9,,2026-09-24
1416,Vizzit,1267.0,64.0,19.8,Appartement,2 pièce - 1 chambre - 64 m² - s,64 m² - 2 pièces - 1 chambre,"Situé au 193 rue de Gerland dans un immeuble neuf de 2022, grand T2 de 64m2 entièrement meublé et équipé avec terrasse sans vis à vis et garage en sous-sol, 1350 euros CC chauffage inclus. Au 4ème étage avec ascenseur il comprend : Une entrée avec placard, un séjour, une salle à manger et une cuisine ouverte, un dégagement avec placards, une chambre, une salle de bain et un wc séparé. Chauffage collectif au gaz inclus dans les charges. Loyer encadré : 1250 euros + 100 euros charges de copropriété (incluant le chauffage) soit 1 350 euros CC. Honoraires agence : 832 euros Dépôt de garantie : 2 000 euros",69007,Lyon,,,https://www.vizzit.fr/fr/property/appartement/lyon-7eme/Ape9mk7rv1l280hc,,2026-09-24
1417,Vizzit,524.0,28.0,18.71,Appartement,1 pièce - 28 m²,28 m² - 1 pièce,"Rue Raoul Servant - Disponible à partir du 30 septembre 2026 Pour candidater, rendez-vous sur notre site internet -> onglet ""Dépôt dossier locataire en ligne"" -> plateforme Zelok (option gratuite uniquement) Idéalement situé à deux pas des commerces et transports en commun de la place Jean Macé. Agréable T1 de 28m² situé au 4ème étage avec ascenseur, il comprend une entrée, une pièce principale avec cuisine ouverte aménagée et équipée, un grand balcon, une salle de bains avec wc et un dressing. L'eau froide est comprise dans les charges. Chauffage et eau chaude individuels électriques.",69007,Lyon,,,https://www.vizzit.fr/fr/property/appartement/lyon-7eme/Ae2i0gn78axezl6p,,2026-09-24
1418,Vizzit,1428.0,61.0,23.41,Appartement,4 pièce - 3 chambre - 61 m² - s - s,61 m² - 4 pièces - 3 chambres,"Nous vous proposons cet appartement 4 pièces meublé de 61,31m² au 6ème étage d'un immeuble situé au 40 rue du Rhône à Lyon 7ème, proches des comodités et des écoles (EM LYON, ENS, ESD). Cet appartement se compose d'un séjour, une cuisine aménagée et équipée, trois chambres, une salle de bains et des toilettes. L'appartement est également équipé d'un balcon. Stationnement possible dans la copropriété. Libre le Loyer charges comprises: 1522 € Charges: 130 € (provision mensuelle comprenant chauffage + eau froide + charges communes générales) Dépôt de garantie: 2784 € Honoraires de location: 804.38 € dont 185.77 € pour l'état des lieux d'entrée. Zone soumise à l'encadrement des loyers. Loyer de référence majoré: 907.39 €. Complément de loyer: 484.08 € DPE classé D Agence SOLYGEST -",69007,Lyon,,,https://www.vizzit.fr/fr/property/appartement/lyon-7eme/Ag934deqdvzt2gy0,,2026-09-24
1419,Vizzit,1140.0,80.0,14.25,Appartement,4 pièce - 3 chambre - 80 m² - s - s,80 m² - 4 pièces - 3 chambres,"Appartement T4 - 9 cours Albert Thomas -69003 LYON. A proximité du Métro D (arrêt Sans souci), de l'Université Lyon III et de toutes commodités. D'une surface d'environ 80 m², il se compose d'une entrée, séjour parqueté ouvrant sur un balcon, d'une cuisine meublée (plaques de cuisson et hotte), de trois chambres, d'une salle de bains, WC séparé et nombreux rangements. Le garage n° 11 est loué avec l'appartement. Chauffage individuel gaz, eau chaude individuelle, eau froide collective. Loyer 1150 euros par mois charges comprises dont: - 75euros de charges locatives (provision donnant lieu à régularisation annuelle). Honoraires charge locataire: 1040.78 euros TTCDépôt de garantie: 1075 eurosDisponible le 1er juillet 2024 Honoraires de 1 050,38 € TTC à la charge du locataire comprenant 242,58 € TTC pour l'état des lieux. Zone soumise à encadrement des loyers. Loyer de référence majoré (loyer de base à ne pas dépasser) 1064.80 €/mois. Loyer de base 1064.80 €/mois. Provision sur charges 95 €/mois, régularisation annuelle. Complément de loyer 55,20 €/mois. Dépôt de garantie 1 120 €. Classe énergie C, Classe climat C Montant estimé des dépenses annuelles d'énergie pour un usage standard: entre 870.00 € et 1210.00 € sur les années 2021, 2022 et 2023 (abonnements compris).",69003,Lyon,,,https://www.vizzit.fr/fr/property/appartement/lyon-3eme/Al24k8poeh16cn7b,,2026-09-24
1420,Vizzit,742.0,59.0,12.58,Appartement,2 pièce - 1 chambre - 59 m² - s,59 m² - 2 pièces - 1 chambre,"En plein cœur du quartier Saxe, de ses nombreux commerces et divers moyens de transports. Rue Montesquieu, Dans une belle résidence sécurisée et bien entretenue. Nous vous invitons à venir découvrir ce superbe deux pièces à la superficie confortable de 59m2 !Il se compose d'un double séjour en parquet, d'une cuisine indépendante ouvrant sur un balcon qui vous offrira des moments privilégiés au calme, d'une salle de bains fonctionnelle, d'une chambre séparée avec placards, et de toilettes. Eau froide incluse dans les charges. merci de poser votre dossier en ligne pour une visite",69007,Lyon,,,https://www.vizzit.fr/fr/property/appartement/lyon-7eme/Atgwwienw3u79r20,,2026-09-24
1421,Vizzit,638.0,26.0,24.54,Studio,26 m² - Studio,26 m² - Studio,"Meublé- Chauffage et eau chaude inclus- Au pied du tram T2, dans une copropriété calme et sécurisé, venez visiter ce charmant studio entièrement meublé et très fonctionnel, il est composé d'un espace de vie très agréable, d'une kitchenette équipée de 2 plaques électriques et d'un frigo, d'une salle d'eau. Il vous apportera un grand confort pour un petit budget. Pour visiter, merci de remplir le formulaire de contact. Ensuite vous recevrez un lien pour déposer votre dossier en ligne. Une conseillère reviendra vers vous rapidement après étude de vos documents pour programmer une visite.Zone soumise à encadrement des loyers.",69008,Lyon,,,https://www.vizzit.fr/fr/property/appartement/lyon-8eme/Ajnzixfl1c7ztl8r,,2026-09-24
1422,Vizzit,1126.0,54.0,20.85,Appartement,3 pièce - 1 chambre - 54 m² - s,54 m² - 3 pièces - 1 chambre,,69007,Lyon,,,https://www.vizzit.fr/fr/property/appartement/lyon-7eme/Arm1hfdyvqsky266,,2026-09-24
1423,Vizzit,610.0,20.0,30.5,Studio,20 m² - Studio,20 m² - Studio,,69008,Lyon,,,https://www.vizzit.fr/fr/property/appartement/lyon-8eme/Aq3z6ji9xrmxv2i5,,2026-09-24
1424,Vizzit,902.0,62.0,14.55,Appartement,3 pièce - 2 chambre - 62 m² - s - s,62 m² - 3 pièces - 2 chambres,"Alliade Habitat, groupe Action Logement, vous propose à la location : -- - Lyon – Grand Trou - Rue Challemel Lacour Appartement - Type 3 - Situé au RDC. - Secteur calme. - Résidence sécurisée par interphone. -- - COMPOSITION : Cuisine ouverte sur séjour, 2 chambres fermée, salle de bain et 1 WC, grande terrasse. Type de chauffage : chauffage collectif. Double vitrage Stationnement : Box de stationnement possible en sous-sol de la résidence -- Caractéristiques : Lumineux – Espaces verts dans la résidence - Quartier familial – Commerces et écoles à proximité -- - LOYER : 833.64 € /mois payable à terme échoir – CAUTION : 706 euros à verser à l'entrée dans les lieux (soit un mois de loyer hors charges) -- - Pas de frais d'agence - Pas de frais de dossier - Pas de frais d'état des lieux - Pas de garant exigé -- - Logement soumis à la réglementation du logement intermédiaire - Dossier de candidature à constituer pour validation par l'agence -- - Vous êtes intéressés ? Pour visiter le logement, et pour toute information complémentaire, merci de l'agence. -- A bientôt chez Alliade Habitat !",69008,Lyon,,,https://www.vizzit.fr/fr/property/appartement/lyon-8eme/Alzxzgypuenscjlz,,2026-09-24
1426,Vizzit,1286.0,97.0,13.26,Appartement,4 pièce - 3 chambre - 97 m² - s - s,97 m² - 4 pièces - 3 chambres,"REF:015439 EN EXCLUSIVITÉ ET SANS FRAIS D'AGENCE T4 de 97m² situé 3 RUE GALLAND 69007 LYON à proximité de la Place Jean Macé (bus, Tram T2, Gare et Métro B). Au 1 er étage avec ascenseur, le logement se compose d'une entrée avec rabgement, d'un spacieux séjour donnant sur une véranda, une cuisine séparée donnant sur un balcon, 3 chambres avec rangements, salle de bain et wc séparé. Chauffage individuel au Gaz. Possibilité de louer un GARAGE en sous sol au tarif suivant 57 euros CC/mois Montant du loyer 1 260,66 euros/mois HC, montant des charges 109,90 euros/mois. LOYER CC 1370,56 euros Pour info, zone soumise à encadrement des loyers - Le loyer HC ne peut dépasser 1 325 euros, soit le loyer de référence MAJORE de la Métropole",69007,Lyon,,,https://www.vizzit.fr/fr/property/appartement/lyon-7eme/Akj37tu70gbx0yo2,,2026-09-24
1427,Vizzit,891.0,44.0,20.25,Appartement,2 pièce - 1 chambre - 44 m² - s,44 m² - 2 pièces - 1 chambre,,69008,Lyon,,,https://www.vizzit.fr/fr/property/immobilier/lyon-8eme/Ayt8xko7badw6m6q,,2026-09-24
1428,Vizzit,1145.0,49.0,23.37,Appartement,2 pièce - 1 chambre - 49 m² - s,49 m² - 2 pièces - 1 chambre,,69007,Lyon,,,https://www.vizzit.fr/fr/property/appartement/lyon-7eme/Apv1w3hzokvkdu2z,,2026-09-24
1429,Vizzit,1126.0,68.0,16.56,Appartement,3 pièce - 3 chambre - 68 m² - s - s,68 m² - 3 pièces - 3 chambres,,69007,Lyon,,,https://www.vizzit.fr/fr/property/appartement/lyon-7eme/Ackszo8kuepxgk1g,,2026-09-24
1430,Vizzit,563.0,17.0,33.12,Studio,17 m² - Studio,17 m² - Studio,,69007,Lyon,,,https://www.vizzit.fr/fr/property/appartement/lyon-7eme/Aalq6lc8go6efxd6,,2026-09-24
1431,Vizzit,985.0,69.0,14.28,Appartement,3 pièce - 2 chambre - 69 m² - s - s,69 m² - 3 pièces - 2 chambres,,69008,Lyon,,,https://www.vizzit.fr/fr/property/appartement/lyon-8eme/Ay6k8y2pjn4rdic8,,2026-09-24
1432,Vizzit,849.0,46.0,18.46,Appartement,2 pièce - 1 chambre - 46 m² - s,46 m² - 2 pièces - 1 chambre,,69007,Lyon,,,https://www.vizzit.fr/fr/property/appartement/lyon-7eme/Abz6a0mri7q7no46,,2026-09-24
1433,Vizzit,1314.0,80.0,16.43,Appartement,4 pièce - 3 chambre - 80 m² - s - s,80 m² - 4 pièces - 3 chambres,,69007,Lyon,,,https://www.vizzit.fr/fr/property/appartement/lyon-7eme/Akt2yajkxb000hhu,,2026-09-24
1437,Vizzit,840.0,44.0,19.09,Appartement,2 pièce - 1 chambre - 44 m² - s,44 m² - 2 pièces - 1 chambre,"Nous vous précisons qu'une pré-étude de votre dossier sera effectuée avant l'organisation d'une visite sur place. Pour déposer votre dossier, rendez-vous directement sur notre site internet, sur la page de l'annonce via le bouton 'Déposer ma candidature sur Seventee'. 3 rue des roses 69008 LYON - A quelques minutes à pied de l'avenue Jean Mermoz, desservie par le tramway T6 ainsi que par la ligne de métro D station Mermoz-Pinel, à proximité de nombreuses commodités. En retrait de la rue, au sein d'une résidence sécurisée, venez découvrir ce charmant T2 non meublé de 44,68 m2, situé au 2e et dernier étage avec ascenseur. Le logement se compose d'une entrée, d'une cuisine équipée et aménagée (placards hauts et bas, four, plaques de cuisson, lave-vaisselle, hotte) ouverte sur un séjour lumineux et, donnant accès à un balcon au calme. Il comprend également une chambre avec espace dressing ainsi qu'une salle d'eau avec WC. Réel atout dans ce quartier: une place de parking privative en sous-sol sécurisé. Chauffage et eau chaude individuels au gaz. Disponible immédiatement. Loyer: 895EUR dont 55EUR de charges (provisions mensuelles avec régularisation annuelle). Logement situé dans une zone soumise à l'encadrement des loyers. Loyer de référence: 647.43 EUR. Loyer de référence majoré: 777.43EUR. Complément de loyer: 62.57EUR (Cuisine entièrement équipée, balcon, dernier étage, place de parking) Dépôt de garantie: 840 euros. Honoraires à charge locataire: 586.2 TTC (13.12EUR/m2) - dont état des lieux: 135.38 euros TTC (3,03EUR/m2).",69008,Lyon,,,https://www.vizzit.fr/fr/property/appartement/lyon-8eme/Agu1zxg4a3ishoop,,2026-09-24
1438,Vizzit,710.0,52.0,13.65,Appartement,3 pièce - 3 chambre - 52 m² - s - s,52 m² - 3 pièces - 3 chambres,"T3 DE 52.81M² ENVIRON SITUE AU 41 AVENUE ROCKEFELLER SUR LYON 3 PROCHE TRAM ARRET AMBROISE PARE Appartement situé au 4ème étage avec ascenseur composé d'un hall d'entrée, de deux chambres, d'un séjour, d'une cuisine indépendante et d'un WC. Loyer: 707€ Charges: 50€ Dépôt de garantie: 707€ Honoraires: 692.87€ dont 158€ de frais d'état des lieux. Possibilité de payer en 3x (60€ de frais de dossier) Disponible à partir du . Bien soumis à l'encadrement des loyers. Loyer de référence majoré: 14.40€/m² Honoraires de 692,87 € TTC à la charge du locataire comprenant 158 € TTC pour l'état des lieux. Zone soumise à encadrement des loyers. Loyer de référence majoré (loyer de base à ne pas dépasser) 14.40 €/mois. Loyer de base 707.00 €/mois. Provision sur charges 50 €/mois, régularisation annuelle. Dépôt de garantie 707 €. Classe énergie D, Classe climat D Montant estimé des dépenses annuelles d'énergie pour un usage standard: entre 990.00 € et 1390.00 € sur les années 2021, 2022 et 2023 (abonnements compris).",69003,Lyon,,,https://www.vizzit.fr/fr/property/appartement/lyon-3eme/Aozsy5g5rtfgwgnr,,2026-09-24
1439,Vizzit,1867.0,137.0,13.63,Appartement,6 pièce - 4 chambre - 137 m² - s - s,137 m² - 6 pièces - 4 chambres,"MONPLAISIR / MONTCHAT T6 familial de 137 m² avec terrasse, balcon et double garage À louer, grand appartement de type 6 pièces de 137 m² habitables, au 2ᵉ étage avec ascenseur d’une résidence familiale standing de 1990, bien entretenue, dans un secteur calme à la lisière de Monplaisir et Montchat. L’appartement offre un vrai volume de vie: bel espace séjour / salle à manger, balcon de 5 m² et terrasse de 12 m² pour manger dehors, cuisine indépendante aménagée et équipée, 4 chambres, 1 salle de bains, 1 salle d’eau et 2 WC. Double stationnement en enfilade au sous-sol. Exposition Nord-Sud, ouvertures PVC double vitrage, Logement non meublé, en bon état. Emplacement: rue Feuillat, Lyon 3ᵉ (Sans Souci – Dauphiné / Montchat). À pied: 7 minutes du métro D Monplaisir – Lumière environ 10 minutes de Grange Blanche (métro D + trams T2 / T5, hôpitaux) bus à proximité immédiate (C16, C13, 25, arrêts Feuillat / Harmonie Campus Pro) Commerces, écoles (dont Charles de Foucauld à deux pas), services et axes vers Part-Dieu, Bellecour et l’Est lyonnais. Quartier familial, bien desservi, sans être au cœur du flux Part-Dieu. Honoraires de 1 803 € TTC à la charge du locataire comprenant 416 € TTC pour l'état des lieux. Zone soumise à encadrement des loyers. Loyer de référence majoré (loyer de base à ne pas dépasser) 1700 €/mois. Loyer de base 1700 €/mois. 290 €/mois de charges forfaitaires. Dépôt de garantie 1 700 €. Classe énergie D, Classe climat B Montant moyen estimé des dépenses annuelles d'énergie pour un usage standard, établi à partir des prix de l'énergie de l'année 2021: entre 1640.00 et 2260.00 €. VENTE - ACHAT - GESTION LOCATIVE - LOCATION TeamFi recrute, formation assurée. Devenez apporteur d'affaires en complément de revenus, contactez-nous! La présente annonce immobilière a été rédigée sous la responsabilité éditoriale du mandataire indépendant en immobilier.",69003,Lyon,,,https://www.vizzit.fr/fr/property/appartement/lyon-3eme/A51lqolvlgh4xcvs,,2026-09-24
1445,Vizzit,1370.0,71.0,19.3,Appartement,3 pièce - 2 chambre - 71 m² - s - s,71 m² - 3 pièces - 2 chambres,"Dans le quartier recherché de Jean Macé et à deux pas du tramway Garibaldi-Berthelot, découvrez ce spacieux T3 en duplex meublé de 71,33 m², situé dans une résidence sécurisée construite en 2012.    L'appartement se compose, d'une belle pièce de vie... Voir plus   Dans le quartier recherché de Jean Macé et à deux pas du tramway Garibaldi-Berthelot, découvrez ce spacieux T3 en duplex meublé de 71,33 m², situé dans une résidence sécurisée construite en 2012.  L'appartement se compose, d'une belle pièce de vie de 30 m² avec cuisine ouverte, entièrement aménagée et équipée, donnant accès à un balcon. Et un WC au même niveau. À l'étage, vous trouverez, un espace bureau, deux chambres, chacune équipée d'un grand placard et une salle d'eau avec WC.  L'ensemble de l'appartement est climatisé pour un confort optimal. Un garage privatif en sous-sol complète ce bien.  Le chauffage et l'eau sont inclus dans les charges.  Disponible le 6 octobre 2026  LOYER : 1 460€ CC dont 176€ de provision pour charges mensuelles avec régularisation annuelle. Les charges comprennent l'entretien des parties communes, le chauffage, l'eau chaude, l'eau froide, la taxe d'ordures ménagère et l'entretien de la climatisation.  Honoraires de location : 719 € Frais d'état des lieux entrant et sortant : 216 €  Le loyer est calculé selon le Décret n° du 2 septembre 2021 fixant le périmètre du territoire de la Métropole de Lyon sur lequel est mis en place le dispositif d'encadrement des loyers prévu à l'article 140 de la loi n° du 23 novembre 2018.   Voir moins",69007,Lyon,,,https://www.vizzit.fr/fr/property/appartement/lyon-7eme/Aacb39ok3q5a8pid,,2026-09-24
1447,Vizzit,985.0,55.0,17.91,Appartement,2 pièce - 1 chambre - 55 m² - s,55 m² - 2 pièces - 1 chambre,,69008,Lyon,,,https://www.vizzit.fr/fr/property/appartement/lyon-8eme/Ad5okmioldnkb615,,2026-09-24
1448,Vizzit,1220.0,63.0,19.37,Appartement,3 pièce - 2 chambre - 63 m² - s - s,63 m² - 3 pièces - 2 chambres,,69008,Lyon,,,https://www.vizzit.fr/fr/property/appartement/lyon-8eme/A2zgsqugviejerzm,,2026-09-24
1449,Vizzit,485.0,32.0,15.16,Appartement,1 pièce - 32 m²,32 m² - 1 pièce,"LYON 7e ? RUE DE TOULON / RUE DE VIENNE ? PROCHE TRAM T1 À découvrir, appartement traversant de 32,53 m² idéalement situé dans le 7e arrondissement de Lyon, à deux pas du tramway T1 et des lignes de bus. L'appartement se compose d'une pièce de vie, d'une grande cuisine indépendante, ainsi que d'une salle de bains avec WC. Bénéficiant d'un emplacement pratique et recherché, vous profiterez d'un accès rapide aux transports en commun, avec le métro Jean Macé accessible en environ 15 minutes. Un appartement fonctionnel et agréable, idéal pour un étudiant ou un jeune actif, à proximité des commerces, transports et commodités. À visiter sans tarder !",69007,Lyon,,,https://www.vizzit.fr/fr/property/appartement/lyon-7eme/Ambzwd8tooiu2ey0,,2026-09-24
1450,Vizzit,837.0,56.0,14.95,Appartement,3 pièce - 1 chambre - 56 m² - s,56 m² - 3 pièces - 1 chambre,,69007,Lyon,,,https://www.vizzit.fr/fr/property/appartement/lyon-7eme/Aww6t3ycdrabagug,,2026-09-24
1451,Vizzit,1126.0,83.0,13.57,Appartement,4 pièce - 3 chambre - 83 m² - s - s,83 m² - 4 pièces - 3 chambres,,69007,Lyon,,,https://www.vizzit.fr/fr/property/appartement/lyon-7eme/Ayrhodrcldckcl5w,,2026-09-24
1452,Vizzit,554.0,16.0,34.62,Appartement,2 pièce - 1 chambre - 16 m² - s,16 m² - 2 pièces - 1 chambre,,69003,Lyon,,,https://www.vizzit.fr/fr/property/appartement/lyon-3eme/Aku12u8qdecerore,,2026-09-24
1453,Vizzit,601.0,16.0,37.56,Studio,16 m² - Studio,16 m² - Studio,,69008,Lyon,,,https://www.vizzit.fr/fr/property/appartement/lyon-8eme/Ay82scyaeisru1di,,2026-09-24
1454,Vizzit,1009.0,69.0,14.62,Appartement,3 pièce - 2 chambre - 69 m² - s - s,69 m² - 3 pièces - 2 chambres,"Appartement 3 pièces comprenant 2 chambres avec balcon donnant sur le parc Sisley, peinture refaite. Hall d’entrée avec placard, un séjour avec cuisine US équipée, deux chambres avec rangement, une salle de bains, un WC séparé et un cellier. Situé au 2ème étage, accès par ascenseur, exposition Nord / Sud. Année de construction 2014, chauffage et eau chaude par chaudière individuelle gaz à condensation. Contrôle d’accès aux parties communes. Proximité écoles et commerces. Tramway T3 (250 m) et métro D (500 m). Possibilité de parking par box individuel. Visite après validation du dossier",69003,Lyon,,,https://www.vizzit.fr/fr/property/appartement/lyon-3eme/Aonm6rxrkgtcv666,,2026-09-24
1455,Vizzit,574.0,18.0,31.89,Studio,18 m² - Studio,18 m² - Studio,,69008,Lyon,,,https://www.vizzit.fr/fr/property/appartement/lyon-8eme/A082l55xcriejl64,,2026-09-24
1456,Vizzit,834.0,37.0,22.54,Appartement,2 pièce - 1 chambre - 37 m² - s,37 m² - 2 pièces - 1 chambre,,69008,Lyon,,,https://www.vizzit.fr/fr/property/appartement/lyon-8eme/Asne6u2qjqlp8nsw,,2026-09-24
1457,Vizzit,901.0,68.0,13.25,Appartement,3 pièce - 2 chambre - 68 m² - s - s,68 m² - 3 pièces - 2 chambres,,69007,Lyon,,,https://www.vizzit.fr/fr/property/appartement/lyon-7eme/A2p9ohcs2zq6510l,,2026-09-24
1458,Vizzit,718.0,15.0,47.87,Studio,15 m² - Studio,15 m² - Studio,,69008,Lyon,,,https://www.vizzit.fr/fr/property/appartement/lyon-8eme/Auamdrk5i30f3hh7,,2026-09-24
1459,Vizzit,985.0,57.0,17.28,Appartement,3 pièce - 2 chambre - 57 m² - s - s,57 m² - 3 pièces - 2 chambres,"L'APPARTEMENT 2 chambres, Sdb, WC séparé, séjour/cuisine américaine aménagée mais non équipée. Appartement lumineux (traversant est/ouest), 4ème étage sur 5 Baies vitrées pleine hauteur double-vitrage dans toutes les pièces principales. Chauffage avec thermostat d'ambiance et radiateurs à fluide caloriporteur. Rangements. Vidéophone. Garage double fermé. L'EMPLACEMENT Résidence avec ascenseur livrée en 2012 (6-8 rue Joseph Chapelle). Bâtiment certifié HPE 2005. Idéalement situé, à deux pas de la place du Bachut. Toutes commodités à proximité (tram T2, commerces, mairie, maison de la Danse, écoles/lycée...). Proximité Grange-Blanche et Montplaisir. PRIX ET DISPO Disponible à partir du 10 octobre. Décomposition du loyer mensuel : - appartement = 830 € - charges = 105 € (ascenseur, fonctionnement et entretien des communs, eau) - garage (double) = 115 €",69008,Lyon,,,https://www.vizzit.fr/fr/property/appartement/lyon-8eme/Atrg1ale3qwe82wv,,2026-09-24
1460,Vizzit,544.0,15.0,36.27,Appartement,4 pièce - 3 chambre - 15 m² - s - s,15 m² - 4 pièces - 3 chambres,,69007,Lyon,,,https://www.vizzit.fr/fr/property/appartement/lyon-7eme/Ajrrhidtrym2dcmy,,2026-09-24
1461,Vizzit,1314.0,84.0,15.64,Appartement,4 pièce - 3 chambre - 84 m² - s - s,84 m² - 4 pièces - 3 chambres,"T4 de 84m2 dans résidence sécurisée. Place de parking dans la résidence. Interphone et ascenseur. Cuisine équipée Séjour de 24m2 3 chambres avec parquet WC séparés Salle de bain Entrée avec placard Cellier Loggia Proche tous commerces, écoles et facultés. Loyer 1225€+165€de charges/mois eau et chauffage compris. Libre fin octobre",69008,Lyon,,,https://www.vizzit.fr/fr/property/appartement/lyon-8eme/Aovis92kkeotrnz5,,2026-09-24
1462,Vizzit,915.0,51.0,17.94,Appartement,3 pièce - 1 chambre - 51 m² - s,51 m² - 3 pièces - 1 chambre,,69008,Lyon,,,https://www.vizzit.fr/fr/property/appartement/lyon-8eme/Apwckh30pnllumgs,,2026-09-24
1463,Vizzit,981.0,46.0,21.33,Appartement,2 pièce - 1 chambre - 46 m² - s,46 m² - 2 pièces - 1 chambre,,69008,Lyon,,,https://www.vizzit.fr/fr/property/appartement/lyon-8eme/Ap8ek0d7vaz13q3k,,2026-09-24
1464,Vizzit,1304.0,87.0,14.99,Appartement,7 pièce - 3 chambre - 87 m² - s - s,87 m² - 7 pièces - 3 chambres,"Sans frais d'agence - cuisine aménagée - box garage double sécurisé. Résidence de 2007, à deux pas du tramway T6 et des bus C12, 34, 35, et à proximité du tramway T4. Proche des écoles, commerces, axes routiers rapides. Il se compose d'une entrée avec placards aménagés, d'une cuisine fermée entièrement équipée (meubles, hotte, lave-vaisselle, plaque induction, frigo, four chaleur tournante), d'une pièce de vie indépendante donnant sur un balcon à vivre sans vis-à-vis, d'un WC séparé, d'une salle de bains avec lavabo double vasque et baignoire. Les 3 chambres sont sans vis-à vis et pourvues d'un placard mural avec penderie. Un box garage double privatif en sous-sol sécurisé est inclus. Dans les parties communes, un local vélos est disponible. Le chauffage est individuel électrique, avec des radiateurs performants à chaleur douce l'appartement est très bien isolé. L'eau froide est incluse dans les charges. Logement soumis à conditions de ressources.",69008,Lyon,,,https://www.vizzit.fr/fr/property/appartement/lyon-8eme/A3xka00h1omq2xpe,,2026-09-24
1465,Vizzit,1464.0,18.0,81.33,Studio,18 m² - Studio,18 m² - Studio,"Idéalement situé, au pied du métro B, vous accéderez directement et en quelques minutes à la gare de Lyon-Part-Dieu. Tous les logements sont meublés et confortablement équipés pour que vous vous y sentiez comme à la maison. Vous y trouverez une literie de qualité supérieure, un coin bureau ainsi qu'une cuisine équipée de plaques de cuisson, réfrigérateur, micro-onde, bouilloire. En option, vous pourrez avoir accès à la laverie, ou réserver une place de stationnement, dans le parking privé de l'établissement. À noter aussi que les animaux sont acceptés moyennant un coût supplémentaire. Dans le cadre d'une location saisonnière, en plus du loyer mensuel, une taxe de séjour d'un montant qui varie par nuit et par personne, sera à régler directement auprès de la résidence.",69007,Lyon,,,https://www.vizzit.fr/fr/property/appartement/lyon-7eme/A0r7enuwsdsbvvnu,,2026-09-24
1466,Vizzit,1314.0,62.0,21.19,Appartement,3 pièce - 1 chambre - 62 m² - s,62 m² - 3 pièces - 1 chambre,"Location meublée Home Attitude (Référence 25707). Retrouvez la visite virtuelle de cet appartement meublé et envoyez votre demande de location uniquement via notre site Home Attitude. Cet appartement meublé prêt à vivre peut être réservé pour une durée comprise entre 3 mois et un an. Séjournez dans cet appartement d'une surface totale de 62m², situé dans le quartier saxe Gambetta et Garibaldi, au cœur du 7ème arrondissement à Lyon à deux pas de la place st Louis. Les stations de métro Garibaldi (D) et Saxe Gambetta (B) sont à seulement 5 min à pied. Ce 1 chambre prêt à vivre pourra vous accueillir vous et 1 personne supplémentaire pour un séjour en toute tranquillité à Lyon. Cet appartement est situé au 2ème étage avec ascenseur. Nos appartements étant tous prêts à vivre et équipés de Wifi, vous n'avez plus qu'à vous installer avec vos valises. Cet appartement est proposé à la location uniquement en bail CODE CIVIL (résidence secondaire ou en bail société) Vous pouvez voir tous nos appartements meublés de qualité, sélectionnés, visités et photographiés par nos agents sur notre site Home Attitude. Envoyez votre demande de location directement en ligne, téléchargez votre dossier locataire et un de nos conseillers reviendra vers vous rapidement.",69007,Lyon,,,https://www.vizzit.fr/fr/property/appartement/lyon-7eme/Apx8axgmydbczj5z,,2026-09-24
1467,Vizzit,843.0,56.0,15.05,Appartement,2 pièce - 1 chambre - 56 m² - s,56 m² - 2 pièces - 1 chambre,"Sans frais d'agence ! Chauffage inclus - Résidence récente avec des prestations de qualité, à deux pas du tramway T6 et Métro D arrêt Mermoz, proche des écoles, commerces, axes routiers rapides. Cet appartement composé d'une pièce de vie donnant sur un extérieur, d'une cuisine indépendante équipée et aménagée (Meubles, plaques de cuisson et hotte), une chambre en parquet avec placard mural, une salle de bains équipée ainsi qu'un WC séparé. Un parking privatif en sous-sol sécurisé pour faciliter le quotidien. Le chauffage et l'eau chaude sont inclus dans les charges. Logement soumis à CONDITIONS DE RESSOURCES.",69008,Lyon,,,https://www.vizzit.fr/fr/property/appartement/lyon-8eme/A4kor6a7l15ymew6,,2026-09-24
1468,Vizzit,1067.0,64.0,16.67,Appartement,3 pièce - 2 chambre - 64 m² - s - s,64 m² - 3 pièces - 2 chambres,"Situé Rue Léon Jouhaux, a proximité immédiate du Métro Garibaldi, des commerces et de la Gare de La Part Dieu. Appartement non meublé au 3ème étage avec ascenseur. Il se compose d'une entrée, un salon avec cuisine américaine meublée et équipée de plaques de cuisson ouvert sur le premier balcon, deux chambres avec placards de 9m2 et 13m2 dont l'une ouverte sur le second balcon, salle de bains et toilettes séparés. Un garage fermé en sous sol est loué avec l'appartement. Chauffage, eaux froide et chaude collectifs inclus dans les charges. Libre le 7 octobre 2026. Référence: 3265 Logement soumis à l'encadrement des loyers : Loyer de référence : 13,3€/m2 soit 853,73 Loyer de référence majoré : 16,00€/m2 soit 1027,04 euros Loyer de référence minoré : 9,3€ soit 596,97 euros Les informations sur les risques auxquels ce bien est exposé sont disponibles sur le site Géorisques : Dépot de dossier en ligne sur SEVENTEE uniquement.",69003,Lyon,,,https://www.vizzit.fr/fr/property/appartement/lyon-3eme/A1tm3akhoz1dtdkz,,2026-09-24
1469,Vizzit,547.0,35.0,15.63,Appartement,2 pièce - 1 chambre - 35 m² - s,35 m² - 2 pièces - 1 chambre,"T2 - LYON 7 - T2 LYON 07 - 97 rue de Gerland LYON 69007 Clesev propose à la location, au 97 rue de Gerland à Lyon 7e, ce charmant T2 situé dans un secteur recherché et dynamique de Lyon. L'appartement se compose d'une entrée, d'un coin cuisine équipée avec meubles, plaque de cuisson, four et hotte, ouvert sur un séjour agrémenté d'une cheminée d'ornement et d'un placard. Il dispose également d'une chambre, d'une salle d'eau et d'un WC. Situé dans le 7e arrondissement de Lyon, le logement bénéficie d'un emplacement pratique, à proximité des commerces, services et commodités du quotidien. Le quartier est également bien desservi par les transports en commun, permettant de rejoindre facilement le centre de Lyon et les différents pôles d'activité de la métropole. Ce T2 offre un cadre de vie agréable et fonctionnel, idéal pour profiter pleinement de la vie lyonnaise. Contactez-nous dès maintenant sur Seventee pour organiser une visite et découvrir votre futur logement !. Loyer de 583,00 euros par mois charges comprises dont 15,00 euros par mois de provision pour charges (soumis à la régularisation annuelle). Les honoraires charge locataire sont de 467,47 euros ( soit 13,12 euros/m² ) dont 107,96 euros pour état des lieux ( soit 3,03 euros/m² ). Logement à consommation énergétique excessive.",69007,Lyon,,,https://www.vizzit.fr/fr/property/appartement/lyon-7eme/A0eg5qop0z8565si,,2026-09-24
1470,Vizzit,538.0,14.0,38.43,Studio,14 m² - Studio,14 m² - Studio,"Studio meublé - Métro Garibaldi - 314 RUE GARIBALDI 69007 LYON - Nous vous proposons ce studio meublé de 14.87m² + espace nuit sur mezzanine (surface total 19.26m²), idéalement situé à côté du Métro. Coquet et fonctionnel, il se compose d'une pièce de vie avec cuisine meublée et équipée , d'un séjour avec canapé, table et chaises. Loyer : 573 € (553€ de loyer + 20€ de provisions de charges, révisable annuellement) - Dépôt de garantie : 1106 € + Honoraires d'agences : 195.09 € . Logement disponible de suite. Pour plus d'informations, vous pouvez l'agence Encadrement des loyers le loyer de référence pour ce logement est de 19,30€ par m², soit pour 14.87m², un loyer de 286,99€ hors charges. Le plafond (correspondant à 20% de plus que le loyer de référence) à ne pas dépasser pour ce logement est de 23,20€ par m², soit pour 14,87m², un loyer de 344,98€ hors charges. Un complément de loyer est appliqué pour les équipements de conforts apportés par les équipements suivants : Mezzanine, Une machine à laver, Une télévision. Loyer 553.00 € (344.98 € + 208,02 € de complément de loyer pour confort supplémentaire). Loyer de 573,00 euros par mois charges comprises dont 20,00 euros par mois de provision pour charges (soumis à la régularisation annuelle). Les honoraires charge locataire sont de 195,09 euros ( soit 13,12 euros/m² ) dont 45,06 euros pour état des lieux ( soit 3,03 euros/m² ). Montant estimé des dépenses annuelles d'énergie pour un usage standard : entre 350 et 510 euros. Prix moyens des énergies indexés en 2021.",69007,Lyon,,,https://www.vizzit.fr/fr/property/appartement/lyon-7eme/Ahgpbc9k0pvgwddg,,2026-09-24
1471,Vizzit,629.0,32.0,19.66,Studio,32 m² - Studio,32 m² - Studio,,69003,Lyon,,,https://www.vizzit.fr/fr/property/appartement/lyon-3eme/A7kfdfpgk6wyj84s,,2026-09-24
1472,Vizzit,685.0,27.0,25.37,Studio,27 m² - Studio,27 m² - Studio,,69008,Lyon,,,https://www.vizzit.fr/fr/property/appartement/lyon-8eme/A2fcbjq8fidpvzy7,,2026-09-24
1473,Vizzit,1534.0,87.0,17.63,Appartement,4 pièce - 3 chambre - 87 m² - s - s,87 m² - 4 pièces - 3 chambres,,69008,Lyon,,,https://www.vizzit.fr/fr/property/appartement/lyon-8eme/A37jzvo1vpfk7mnu,,2026-09-24
1474,Vizzit,845.0,50.0,16.9,Appartement,2 pièce - 1 chambre - 50 m² - s,50 m² - 2 pièces - 1 chambre,,69007,Lyon,,,https://www.vizzit.fr/fr/property/appartement/lyon-7eme/Ads55zhfouwxvhpp,,2026-09-24
1475,Vizzit,1111.0,66.0,16.83,Appartement,4 pièce - 2 chambre - 66 m² - s - s,66 m² - 4 pièces - 2 chambres,"Secteur Grange Blanche/Laennec, a proximité immédiate du Métro Ligne D et à 5 minutes à pied de la faculté de médecine Lyon Est et de l'école Rockefeller. Appartement au 7ème étage avec ascenseur. Il se compose d'une entrée, un séjour donnant sur le balcon, une salle à manger, une cuisine séparée meublée et équipée, DEUX chambres et une autre pièce faisant office de bureau, une salle de bain avec baignoire et toilettes séparées. Chauffage et eau froide collectifs inclus dans les charges. Les autres abonnements sont individuels. Emplacement de parking libre au sein de la copropriété. Libre de suite. Référence : 3224 Loyer de base : 944,00 € + 89,96 € de complément de loyer pour la balcon. Logement soumis à l'encadrement des loyers : Loyer de référence : 784,46€ (11,80€/m2) Loyer de référence majoré : 944,02€ (14,20€/m2) Les informations sur les risques auxquels ce bien est exposé sont disponibles sur le site Géorisques : Dépot de dossier en ligne sur SEVENTEE uniquement.",69008,Lyon,,,https://www.vizzit.fr/fr/property/appartement/lyon-8eme/Ae6kvlbauxgexq9z,,2026-09-24
1476,Vizzit,657.0,25.0,26.28,Appartement,1 pièce - 25 m²,25 m² - 1 pièce,"Situé en face du nouveau quartier Grand Parilly, rue Victor Roger et Thomas (très calme). Idéalement situé au cœur du quartier Grand Parily, et à quelques minutes du très agréable quartier Monplaisir, il dispose de tous les équipements nécessaires. :La cuisine est entièrement équipée avec frigo, lave-linge, micro-ondes, plaques électriques, bouilloire, grille-pain, thés, vaisselle, casseroles, poêles et ustensiles de cuisine.",69008,Lyon,,,https://www.vizzit.fr/fr/property/appartement/lyon-8eme/Azbf5uiqlplxw3x8,,2026-09-24
1481,Vizzit,702.0,39.0,18.0,Appartement,2 pièce - 1 chambre - 39 m² - s,39 m² - 2 pièces - 1 chambre,"A LOUER! T2 NON MEUBLE de 39,74 m² au 4ème étage d'une copropriété sécurisée. L'appartement se compose d'une entrée, d'une pièce de vie avec cuisine aménagé, d'une chambre, d'une salle de bains avec toilettes. Chauffage individuel électrique, eau froide individuel. Loyer de référence: loyer de référence majoré: 16,59 €/m² LOYER PRATIQUÉ: 763,87 € provisions sur charges mensuelles avec régularisation annuelle: 16 € dépôt de garantie: 763,87 €.",69003,Lyon,,,https://www.vizzit.fr/fr/property/appartement/lyon-3eme/A5jor4w8dpogcwvn,,2026-09-24
1482,Vizzit,604.0,28.0,21.57,Appartement,1 pièce - 28 m²,28 m² - 1 pièce,"Appartement calme situé rue Saint Hippolyte, deux pas du métro Sans-Souci - Comprenant : Entrée - Pièce principale Cuisine - Salle de bains / WC inclus en bains Annexes : parking et cave Chauffage collectif - Eau chaude et eau froide collectives selon index aux compteurs Résidence avec ascenseur et interphone Loyer de référence = 463.98€ Loyer de référence majoré = 556.78€ DPE nouvelle version réalisé en juillet 2022. Loyer de 644,00 euros par mois charges comprises dont 105,00 euros par mois de provision pour charges (soumis la régularisation annuelle). Les honoraires charge locataire sont de 365,56 euros ( soit 13,00 euros/m² ) dont 85,20 euros pour état des lieux ( soit 3,03 euros/m² ). Montant estimé des dépenses annuelles d'énergie pour un usage standard : entre 430 et 620 euros. Prix moyens des énergies indexés en 2021. Zone soumise encadrement des loyers. Le loyer de base du bien proposé est de 539 euros, le loyer de référence majoré (fixé par arrêté préfectoral) est de 556,776 euros",69008,Lyon,,,https://www.vizzit.fr/fr/property/appartement/lyon-8eme/Apwxqj5xtpf8b7gz,,2026-09-24
1483,Vizzit,918.0,64.0,14.34,Appartement,3 pièce - 2 chambre - 64 m² - s - s,64 m² - 3 pièces - 2 chambres,"Secteur Bachut, avenue Paul Santy, résidence récente, T3 de 64.01m² au 5ème étage, cuisine indépendante, séjour avec balcon de 5.69m², 2 chambres, salle de bains, WC séparés, chauffage individuel au gaz, garage, disponible le 2 octobre. Assurance habitation (facultative) à partir de 23.66€ par mois. Zone soumise à encadrement des loyers : Loyer de base : 894€. Loyer de référence majoré (loyer de base à ne pas dépasser) : 953.75€.",69008,Lyon,,,https://www.vizzit.fr/fr/property/appartement/lyon-8eme/Ajgg384dxtwmme98,,2026-09-24
1484,Vizzit,589.0,57.0,10.33,Appartement,3 pièce - 2 chambre - 57 m² - s - s,57 m² - 3 pièces - 2 chambres,,69008,Lyon,,,https://www.vizzit.fr/fr/property/appartement/lyon-8eme/Ajvpwubl2snjvpkj,,2026-09-24
1485,Vizzit,929.0,68.0,13.66,Appartement,3 pièce - 2 chambre - 68 m² - s - s,68 m² - 3 pièces - 2 chambres,,69007,Lyon,,,https://www.vizzit.fr/fr/property/appartement/lyon-7eme/Acxrtjz8ang5u821,,2026-09-24
1486,Vizzit,835.0,35.0,23.86,Studio,35 m² - Studio,35 m² - Studio,,69003,Lyon,,,https://www.vizzit.fr/fr/property/appartement/lyon-3eme/Am46s69ekvk10pbb,,2026-09-24
1487,Vizzit,798.0,52.0,15.35,Appartement,2 pièce - 1 chambre - 52 m² - s,52 m² - 2 pièces - 1 chambre,,69007,Lyon,,,https://www.vizzit.fr/fr/property/appartement/lyon-7eme/A1ka3t5z9zqbf9s7,,2026-09-24
1488,Vizzit,863.0,50.0,17.26,Appartement,2 pièce - 1 chambre - 50 m² - s,50 m² - 2 pièces - 1 chambre,"Appartement T1 bis entièrement rénové – Meublé avec goût – Disponible dès le 1octobre Montplaisir – Lyon 8ème – À moins de 5 min à pied de la Place Ambroise Courtois et du Métro D Le Charme de l'ancien, le confort du moderne ! Découvrez ce magnifique T1 bis de 35m² (50m² au sol), entièrement refait à neuf avec isolation renforcée, tout en conservant le cachet de l'ancien et ses belles poutres apparentes. Entièrement meublé et équipé, il sera prêt à vous accueillir dans un cadre élégant et chaleureux. Emplacement idéal : Quartier sécurisé et vivant À proximité immédiate de tous les commerces de l'Avenue des Frères Lumière : restaurants, boulangeries, supermarchés, boucheries, fromageries, caves à vin etc… Cuisine ouverte moderne entièrement équipée : machine à laver, four, micro-ondes… Salon cosy avec canapé, table basse, meuble TV et TV Coin nuit avec lit double et grand placard de rangement Loyer : 920 euros charges comprises (copropriété uniquement) Dépôt de garantie : 1740 euros Honoraires : 433 euros Disponible dès le 1 octobre Intéressé(e) ? Postulez dès maintenant ! Garantie Visale obligatoire pour l'acceptation du dossier Merci de nous envoyer un message avec les informations suivantes : Nom Prénom Âge Situation professionnelle & revenus Garant & revenus Honoraires de 438 euros TTC à la charge du locataire. Zone soumise à encadrement des loyers. Loyer de référence majoré (loyer de base à ne pas dépasser) 798 euros/mois. Loyer de base 798 euros/mois. 50 euros/mois de charges forfaitaires. Complément de loyer 72 euros/mois. Dépôt de garantie 1 740 euros. Classe énergie D, Classe climat B Montant estimé des dépenses annuelles d'énergie pour un usage standard : entre 510.00 euros et 730.00 euros sur les années 2021, 2022 et 2023 (abonnements compris).",69003,Lyon,,,https://www.vizzit.fr/fr/property/appartement/lyon-3eme/Ah73sc75yrs7g4fo,,2026-09-24
1490,Vizzit,1289.0,51.0,25.27,Appartement,3 pièce - 2 chambre - 51 m² - s - s,51 m² - 3 pièces - 2 chambres,"appartement meublé T3 deux chambres à Lyon 3ème arrondissement. Cet appartement est entièrement équipé et meublé de très bon standing.Spacieux, cet appartement résolument urbain et design. Situé au21 rue Eugène Déruelle vous offre une localisation exceptionnelle, proche des halles Paul Bocuse et Part Dieu..2ème étage avec ascenceur",69003,Lyon,,,https://www.vizzit.fr/fr/property/appartement/lyon-3eme/Agicv9ggniqp1e6n,,2026-09-24
1491,Vizzit,612.0,23.0,26.61,Studio,23 m² - Studio,23 m² - Studio,,69007,Lyon,,,https://www.vizzit.fr/fr/property/appartement/lyon-7eme/Aak2evekk727kw77,,2026-09-24
1492,Vizzit,938.0,29.0,32.34,Appartement,2 pièce - 1 chambre - 29 m² - s,29 m² - 2 pièces - 1 chambre,,69007,Lyon,,,https://www.vizzit.fr/fr/property/appartement/lyon-7eme/A8h16ewhlw8uhhc6,,2026-09-24
1493,Vizzit,648.0,29.0,22.34,Appartement,1 pièce - 29 m²,29 m² - 1 pièce,,69008,Lyon,,,https://www.vizzit.fr/fr/property/appartement/lyon-8eme/Akyx5cwa52mgyqjd,,2026-09-24
1495,Vizzit,1436.0,80.0,17.95,Appartement,3 pièce - 2 chambre - 80 m² - s - s,80 m² - 3 pièces - 2 chambres,"Appartement T3 meublé de 80 m² avec balcon – Quartier Préfecture - Disponible immédiatement. Idéalement entre Préfecture et Part Dieu , dans un quartier recherché offrant un accès rapide aux commerces, transports en commun, restaurants et services, ce bel appartement meublé vous séduira par ses volumes généreux et son confort de vie. Situé au 4ᵉ étage avec ascenseur, il bénéficie d'une belle luminosité. Descriptif du logement • Grand séjour lumineux avec balcon • Cuisine entièrement équipée • 2 chambres confortables • Salle de bains • wc indépendants • Nombreux espaces de rangement. Les atouts Emplacement privilégié proche de toutes les commodités 4ᵉ étage avec ascenseur Balcon offrant un espace extérieur appréciable Charges comprenant l'eau et l'électricité Disponible immédiatement.",69003,Lyon,,,https://www.vizzit.fr/fr/property/appartement/lyon-3eme/Ammsh9szk52eduka,,2026-09-24
1496,Vizzit,779.0,43.0,18.12,Studio,43 m² - Studio,43 m² - Studio,"Studio de particulier à louer sur lyon 08. Disponible immédiatement pour cette location meublé de 43 m² proposé à 830 € mensuel charges comprises. Disponible immédiatementce logement est réservé aux étudiants. Annonce entre particuliers. Code insee : 69388. Atouts : internet inclus, balcon ou terrasse, cuisine équipée, proximité transport, proximité commerce.",69008,Lyon,,,https://www.vizzit.fr/fr/property/appartement/lyon-8eme/Aw72dictce39p5fj,,2026-09-24
1497,Vizzit,1051.0,35.0,30.03,Appartement,2 pièce - 1 chambre - 35 m² - s,35 m² - 2 pièces - 1 chambre,"Studios meublés tout confort – Résidence moderne et sécurisée à Lyon 3 Emplacement idéal – Quartier vivant et central À proximité immédiate du campus Manufacture des Tabacs (Université Lyon 3 – IAE – Sciences-U) et des commodités : Carrefour City, boulangerie, restaurants… Mobilité facilitée : Métro Sans Souci (ligne D) au pied de l'immeuble Gare Part-Dieu à 5 minutes en bus Stations Vélo'v à 3 minutes à pied Studios prêts-à-vivre avec prestations premium : Mobilier et décoration modernes Climatisation réversible Internet illimité inclus Espace laverie dans la résidence Résidence moderne et sécurisée A savoir : Électricité et assurance à la charge du locataire Dépôt de garantie : 1 mois de loyer hors charges DPE : classe D – GES A Dossier à fournir obligatoirement AVANT toute visite Documents (locataire & garant) : - Pièce d'identité (recto/verso) - RIB - 3 dernières quittances de loyer ou attestation d'hébergement ou dernier avis de taxe foncière - Dernier avis d'imposition - 3 derniers bulletins de salaire Cas spécifiques : Étudiant / Apprenti : carte d'étudiant + justificatif de bourse Emploi récent : contrat de travail (< 1 an d'ancienneté) Travailleur indépendant : K-bis < 3 mois + 2 derniers derniers bilans + attestation comptable Retraite / Allocations : dernier décompte Dossier complet à envoyer à : gestion @ carredor .immo Format accepté : 1 PDF unique ou lien DossierFacile. Les dossiers incomplets ne seront pas traités.",69003,Lyon,,,https://www.vizzit.fr/fr/property/appartement/lyon-3eme/Ai22lezhf6gd4amx,,2026-09-24
1498,Vizzit,1023.0,62.0,16.5,Appartement,2 pièce - 62 m² - s,62 m² - 2 pièces,,69007,Lyon,,,https://www.vizzit.fr/fr/property/appartement/lyon-7eme/Aod96wbeapqwrpt8,,2026-09-24
1499,Vizzit,1689.0,80.0,21.11,Appartement,3 pièce - 2 chambre - 80 m² - s - s,80 m² - 3 pièces - 2 chambres,"Location meublée Home Attitude (Référence 25020). Retrouvez la visite virtuelle de cet appartement meublé et envoyez votre demande de location uniquement via notre site Home Attitude. Cet appartement meublé prêt à vivre peut être réservé pour une durée comprise entre 6 mois et un an. Séjournez dans ce superbe appartement de 80 m², idéalement situé au cœur de Montchat, l'un des quartiers les plus agréables et résidentiels du 3 € arrondissement de Lyon. Avec ses deux chambres et ses beaux volumes, cet appartement offre un cadre confortable et élégant pouvant accueillir jusqu'à 4 personnes. Entièrement équipé et prêt à vivre, il est parfaitement adapté à un séjour professionnel comme à une installation de plusieurs mois à Lyon. Situé au 1er étage avec ascenseur d'un immeuble sécurisé par code d'entrée, il bénéficie d'un environnement calme tout en restant parfaitement connecté, avec l'arrêt de bus Bonnand à seulement 100 mètres. Wi-Fi, mobilier et équipements sont déjà en place : posez simplement vos valises et profitez pleinement de votre nouveau chez-vous lyonnais. Vous pouvez voir tous nos appartements meublés de qualité, sélectionnés, visités et photographiés par nos agents sur notre site Home Attitude. Envoyez votre demande de location directement en ligne, téléchargez votre dossier locataire et un de nos conseillers reviendra vers vous rapidement. L'assurance habitation Axa est offerte pour chaque location.",69003,Lyon,,,https://www.vizzit.fr/fr/property/appartement/lyon-3eme/Al2ts9im1169qnhp,,2026-09-24
1500,Vizzit,648.0,41.0,15.8,Appartement,2 pièce - 1 chambre - 41 m² - s,41 m² - 2 pièces - 1 chambre,"Lyon 8 - Bachut - T2 de 42m², rénové dans une résidence calme. Une pièce de vie de 25m² env. comprenant cuisine entièrement équipée ouverte sur séjour, wc, salle d'eau et chambre. Garage et cave. Prox. Tram. et commerces. Dispo 11/05/26. Loyer : 691,32 euros C.",69008,Lyon,,,https://www.vizzit.fr/fr/property/appartement/lyon-8eme/A8d4dveqpyailviz,,2026-09-24
1502,Vizzit,798.0,15.0,53.2,Studio,15 m² - Studio,15 m² - Studio,"Lyon 08. Pas loin des transports Bachut - Mairie du 8e (T2). Loue studio meublé de 15 m², disponible pour un loyer de 850 € charges comprises avec internet.",69008,Lyon,,,https://www.vizzit.fr/fr/property/appartement/lyon-8eme/Ahcbs8ok1qx482xs,,2026-09-24
1503,Vizzit,891.0,44.0,20.25,Appartement,2 pièce - 1 chambre - 44 m² - s,44 m² - 2 pièces - 1 chambre,,69007,Lyon,,,https://www.vizzit.fr/fr/property/appartement/lyon-7eme/Apk0lwqzze4b3z00,,2026-09-24
1504,Vizzit,1083.0,47.0,23.04,Appartement,3 pièce - 2 chambre - 47 m² - s - s,47 m² - 3 pièces - 2 chambres,,69008,Lyon,,,https://www.vizzit.fr/fr/property/appartement/lyon-8eme/A3z10vxte9p100lc,,2026-09-24
1505,Vizzit,948.0,50.0,18.96,Appartement,2 pièce - 1 chambre - 50 m² - s,50 m² - 2 pièces - 1 chambre,,69008,Lyon,,,https://www.vizzit.fr/fr/property/appartement/lyon-8eme/A30wba1owujgg32r,,2026-09-24
1506,Vizzit,840.0,36.0,23.33,Appartement,1 pièce - 36 m²,36 m² - 1 pièce,,69007,Lyon,,,https://www.vizzit.fr/fr/property/appartement/lyon-7eme/Apque70mlpzvwm2q,,2026-09-24
1507,Vizzit,1370.0,67.0,20.45,Appartement,4 pièce - 3 chambre - 67 m² - s - s,67 m² - 4 pièces - 3 chambres,,69003,Lyon,,,https://www.vizzit.fr/fr/property/appartement/lyon-3eme/A9buge8qe6x3zmqw,,2026-09-24
1508,Vizzit,854.0,60.0,14.23,Appartement,3 pièce - 2 chambre - 60 m² - s - s,60 m² - 3 pièces - 2 chambres,,69008,Lyon,,,https://www.vizzit.fr/fr/property/appartement/lyon-8eme/A5fzjugozk72wc72,,2026-09-24
1509,Vizzit,798.0,31.0,25.74,Appartement,2 pièce - 1 chambre - 31 m² - s,31 m² - 2 pièces - 1 chambre,,69007,Lyon,,,https://www.vizzit.fr/fr/property/appartement/lyon-7eme/Al6blz0cir6n4x3x,,2026-09-24
1510,Vizzit,1104.0,85.0,12.99,Appartement,4 pièce - 2 chambre - 85 m² - s - s,85 m² - 4 pièces - 2 chambres,"51 rue de Montagny, immeuble de 2005 situé proximité de la rue Pierre Delore, il se compose d'une entrée, d 'un séjour double, lumineux avec cuisine équipée ouverte, et accès la terrasse de 18 m2 et un jardin de 69m2, de 2 chambres, d'une buanderie, et d'une salle de bains, wc indépendant. Chauffage individuel gaz Garage/box n°63 au 2eme sous-sol. Cet appartement est soumis la Garantie loyer impayé. DPE : D Loyer de référence : 987.16 € Loyer de référence majoré (loyer de base ne pas dépasser) :1184.59 € Merci de Déposez votre dossier de candidature sur . Loyer de 1 176,00 euros par mois charges comprises dont 91,00 euros par mois de provision pour charges (soumis la régularisation annuelle). Les honoraires charge locataire sont de 1 113,96 euros ( soit 12,98 euros/m² ) dont 260,10 euros pour état des lieux ( soit 3,03 euros/m² ). Montant estimé des dépenses annuelles d'énergie pour un usage standard : entre 1040 et 1470 euros. Prix moyens des énergies indexés en 2021. Zone soumise encadrement des loyers. Le loyer de base du bien proposé est de 1085 euros, le loyer de référence majoré (fixé par arrêté préfectoral) est de euros",69008,Lyon,,,https://www.vizzit.fr/fr/property/appartement/lyon-8eme/A5x3i45bgkscw58p,,2026-09-24
1511,Vizzit,1037.0,79.0,13.13,Appartement,3 pièce - 2 chambre - 79 m² - s - s,79 m² - 3 pièces - 2 chambres,"À LOUER - LYON 3 - appartement de type T3 de 79.55m², Traversant avec BALCONS ET GARAGE. Dans un environnement résidentiel, découvrez cet agréable appartement traversant de 79,55 m², Situé au 3e étage avec ascenseur. Dès l'entrée, l'appartement offre une distribution harmonieuse et des volumes agréables à vivre, avec un séjour ouvrant sur l'extérieur, une cuisine équipée avec plaque de cuisson et lave-vaisselle, ainsi que deux chambres. Les espaces de vie sont complétés par une salle de bains et un WC, offrant un ensemble fonctionnel et confortable au quotidien L'appartement bénéficie de deux balcons, véritables prolongements des espaces intérieurs, apportant une agréable ouverture vers l'extérieur Autre atout particulièrement appréciable, le bien dispose d'une cave ainsi que d'un garage fermé en sous-sol, offrant des espaces de rangement et de stationnement rares et recherchés Le logement est équipé d'un chauffage individuel au gaz et d'une production d'eau chaude individuelle au gaz, et bénéficie également du raccordement à la fibre. Avec sa belle superficie, son caractère traversant, ses deux espaces extérieurs et ses nombreuses annexes, cet appartement réunit les qualités recherchées pour un cadre de vie confortable et pratique Un bien complet et harmonieux, à découvrir sans tarder Zone soumise à encadrement des loyers : réf : 10.4€/m² réf majoré : 12.",69003,Lyon,,,https://www.vizzit.fr/fr/property/appartement/lyon-3eme/A9w0zjhf7x92euns,,2026-09-24
1512,Vizzit,704.0,28.0,25.14,Appartement,2 pièce - 1 chambre - 28 m² - s,28 m² - 2 pièces - 1 chambre,,69003,Lyon,,,https://www.vizzit.fr/fr/property/appartement/lyon-3eme/Azc5grqe7fkk7mrn,,2026-09-24
1513,Vizzit,1145.0,48.0,23.85,Appartement,2 pièce - 1 chambre - 48 m² - s,48 m² - 2 pièces - 1 chambre,,69007,Lyon,,,https://www.vizzit.fr/fr/property/appartement/lyon-7eme/Ad2ga8die4q6qtow,,2026-09-24
1515,Vizzit,920.0,57.0,16.14,Appartement,3 pièce - 2 chambre - 57 m² - s - s,57 m² - 3 pièces - 2 chambres,,69008,Lyon,,,https://www.vizzit.fr/fr/property/appartement/lyon-8eme/Amtzn1we7cp13vsl,,2026-09-24
1519,Vizzit,1107.0,94.0,11.78,Appartement,5 pièce - 3 chambre - 94 m² - s - s,94 m² - 5 pièces - 3 chambres,"Très bel appartement T5 avec deux grands balcons , cuisine équipée neuve , chambre avec parquet en bois , qui jouxte la maison de la danse .",69008,Lyon,,,https://www.vizzit.fr/fr/property/appartement/lyon-8eme/A6q14rys1wx9f9wx,,2026-09-24
1520,Vizzit,845.0,53.0,15.94,Appartement,2 pièce - 1 chambre - 53 m² - s,53 m² - 2 pièces - 1 chambre,Bel appartement T2 avec parquet et à deux minutes à pied du métro Saxe Gambetta .,69003,Lyon,,,https://www.vizzit.fr/fr/property/appartement/lyon-3eme/A0ix11ki0qwgvpub,,2026-09-24
1521,Vizzit,1126.0,60.0,18.77,Appartement,2 pièce - 1 chambre - 60 m² - s,60 m² - 2 pièces - 1 chambre,,69007,Lyon,,,https://www.vizzit.fr/fr/property/appartement/lyon-7eme/Axpwbxpehpat91q1,,2026-09-24
1522,Vizzit,716.0,43.0,16.65,Appartement,2 pièce - 1 chambre - 43 m² - s,43 m² - 2 pièces - 1 chambre,"Nous vous proposons ce T2 de 43 m² situé au 3ème étage du 51 Rue Raclet à LYON 7ème. Il dispose d'un balcon ainsi que d'un garage simple PMR. Il se compose d'une entrée avec placard, d'une pièce de vie avec cuisine équipée (four, plaques de cuisson, hotte, rangements), d'une chambre ainsi que d'une salle de bains avec toilettes. Chauffage - Eau chaude individuel gaz. Eau froide collective Disponible de suite. Dépôt de dossier en ligne sur notre site internet Zone soumise à encadrement des loyers : - Loyer de référence majoré : 725,35 € - Loyer de référence : 634,51 € - Complément de loyer : 0 € DISPOSITIF PINEL : Plafond de ressources a respecter Loyer HC : 663 € Charges : 100 € Classe énergétique : C Montant estimé des dépenses annuelles d'énergie pour un usage standard : entre 490 € et 710 € Date de référence des prix de l'énergie pour établir cette estimation : Les informations sur les risques auxquels ce bien est exposé sont disponibles sur le site Géorisques :",69007,Lyon,,,https://www.vizzit.fr/fr/property/appartement/lyon-7eme/Ag9e99nvwoypze4n,,2026-09-24
1523,Vizzit,452.0,16.0,28.25,Studio,16 m² - Studio,16 m² - Studio,"Nous vous proposons ce studio meublé de 17 m² situé au 2ème étage du 191 Rue Marcel Meyrieux à LYON 7ème. Il se compose d'une entrée avec cuisine équipée (plaques de cuisson, rangements, frigidaire), d'une pièce de vie lumineuse ainsi que d'une salle d'eau avec toilettes. Chauffage - Eau chaude individuel électrique Eau froide collective Disponible au . Dépôt de dossier en ligne sur notre site internet Zone soumise à encadrement des loyers : - Loyer de référence majoré : 358,07 € - Loyer de référence : 298,67 € - Complément de loyer : 108,93 € Loyer HC : 467 € Charges : 15 € Classe énergétique : E Montant estimé des dépenses annuelles d'énergie pour un usage standard : entre 398 € et 538 € Date de référence des prix de l'énergie pour établir cette estimation : Les informations sur les risques auxquels ce bien est exposé sont disponibles sur le site Géorisques :",69007,Lyon,,,https://www.vizzit.fr/fr/property/appartement/lyon-7eme/Arsb6rp9jy72hbna,,2026-09-24
1524,Vizzit,657.0,38.0,17.29,Appartement,2 pièce - 1 chambre - 38 m² - s,38 m² - 2 pièces - 1 chambre,"108 Rue Marius Berliet, 69008 Lyon. Nous vous proposons ce T2 non meublé situé au 4ème étage d'une résidence sécurisée. Une place de stationnement en sous sol est louée avec l'appartement. Le bien se compose d'une entrée avec placard, d'une pièce de vie lumineuse avec une cuisine ouverte (plaques de cuisson, hotte, rangements), d'une chambre ainsi que d'un balcon avec une vue dégagée et d'une salle d'eau avec WC. CHAUFFAGE, EAU CHAUDE, EAU FROIDE COLLECTIVES. ZONE SOUMISE A L'ENCADREMENT DES LOYERS Loyer médian : 565,16 € Loyer médian : 674,33 € Complément de loyer : 0 € Disponible de suite, dossier à déposer sur notre site internet. DISPOSITIF PINEL : Plafond de ressources a respecter Consommation énergétique : C Les coûts sont estimés en fonction des caractéristiques de votre logement et pour une utilisation standard sur 5 usages (chauffage, eau chaude sanitaire, climatisation, éclairage, auxiliaires) entre 344 € et 466 € par an Prix moyens des énergies indexés sur les années 2021, 2022, 2023 (abonnements compris) Les informations sur les risques auxquels ce bien est exposé sont disponibles sur le site Géorisques :",69008,Lyon,,,https://www.vizzit.fr/fr/property/appartement/lyon-8eme/A063mst5o5n4jt7h,,2026-09-24
1525,Vizzit,938.0,54.0,17.37,Appartement,2 pièce - 1 chambre - 54 m² - s,54 m² - 2 pièces - 1 chambre,"Appartement T2 entièrement meublé de 54.18m2 au 6ème étage avec ascenseur situé au 3 Rue Brigadier Voituret - 69007 LYON. -> Si vous souhaitez candidater, veuillez déposer votre dossier sur Seventee. L'appartement dispose d'une cuisine équipée et aménagée, un séjour donnant sur un balcon de 4.35m2, une chambre, une salle d'eau et des wc séparés. Le bien comprend également une cave. Le loyer est de 1000€ (incluant 90€ de charges, chauffage et eau froide collectifs). Les honoraires sont de 710.83€ (incluant 164.16€ d'état des lieux). Le dépôt de garantie est de 910€. Encadrement des loyers : Loyer de référence : 15.3€/m2 Loyer majoré : 18.4€/m2 Loyer minoré : 10.",69007,Lyon,,,https://www.vizzit.fr/fr/property/appartement/lyon-7eme/Azsr8u40pgdrggcf,,2026-09-24
1526,Vizzit,1048.0,104.0,10.08,Appartement,4 pièce - 3 chambre - 104 m² - s - s,104 m² - 4 pièces - 3 chambres,"A LOUER- LYON 3 - Rue du Docteur Rebatel , Appartement F4 de 104,40 m² au 4ème étage SANS ASCENSEUR , comprenant 3 belles chambres, un séjour lumineux et sans vis-à-vis, une cuisine indépendante, et une salle de bains avec WC séparés Entretien chaudière compris dans les charges. Chauffage et eau chaude par chaudière au gaz. I Idéalement situé dans le 3ème arrondissement de Lyon, ce bien bénéficie d'une adresse prisée, appréciée pour son équilibre entre vie de quartier et excellente desserte. Parfaitement connecté, le quartier est desservi par plusieurs lignes de bus et de tramway, permettant de rejoindre rapidement le métro ainsi que la gare de Lyon Part-Dieu, principal pôle de transports de la métropole. Le centre-ville, la Presqu'île, le quartier d'affaires de la Part-Dieu et Monplaisir sont facilement accessibles, faisant de cette adresse un choix attractif . Cette localisation réunit tous les atouts recherchés : une vie de quartier dynamique, des infrastructures de qualité, une mobilité optimale et un environnement pratique, garantissant un confort de vie rare au coeur de Lyon.",69003,Lyon,,,https://www.vizzit.fr/fr/property/appartement/lyon-3eme/A196vzeapjpg6vve,,2026-09-24
1527,Vizzit,623.0,33.0,18.88,Appartement,2 pièce - 1 chambre - 33 m² - s,33 m² - 2 pièces - 1 chambre,"Coeur de monplaisir, à 2 pas de l'avenue des frères lumière, T1 bis de 33m² au 2è étage, cuisine aménagée ouverte sur séjour, chambre, 1 salle d'eau. 1 Garage en sous/sol, 1 cave. Zone soumise à l'encadrement des loyers, loyer de référence médiant : 643.69 euros/mois, loyer majoré : 773.",69008,Lyon,,,https://www.vizzit.fr/fr/property/appartement/lyon-8eme/As4my84hsmgvozg2,,2026-09-24
1528,Vizzit,941.0,57.0,16.51,Appartement,3 pièce - 2 chambre - 57 m² - s - s,57 m² - 3 pièces - 2 chambres,"31 RUE PIERRE DELORE 69008 LYON , dans une résidence récente et sécurisée, venez visiter ce T3 de 57,84m2 en rez-de-jardin au calme. Il se compose d'un séjour avec une cuisine équipée ouverte, une grande terrasse avec jardin, deux chambres, une salle de bain et WC. Chauffage individuel au gaz. Proximité TRAM - BUS- EF dans les charges- La location pourra être déléguée à Foncia Développement et Location.",69008,Lyon,,,https://www.vizzit.fr/fr/property/appartement/lyon-8eme/Aq00ebrion5vbzde,,2026-09-24
1529,Vizzit,941.0,58.0,16.22,Appartement,3 pièce - 58 m² - s,58 m² - 3 pièces,,69008,Lyon,,,https://www.vizzit.fr/fr/property/appartement/lyon-8eme/Avvs37oekpnttcga,,2026-09-24
1530,Vizzit,1130.0,84.0,13.45,Appartement,4 pièce - 3 chambre - 84 m² - s - s,84 m² - 4 pièces - 3 chambres,"SANS HONORAIRES. T4 LYON 8 / GRAND TROU Appartement T4 situé 9 rue Colonel Arnaud Beltrame 69008 LYON, idéal pour une famille, dans une résidence calme et sécurisée. Description : - Grand séjour avec cuisine ouverte de 24,53m² - 3 chambres de 13m² et 9m² - Salle de bain - WC séparés - Terrasse de 7m² - Garage Surface : 84 m² Loyer : 1203 euros charges comprises Dépôt de garantie : 1020 euros Disponibilité : Immédiate Zone soumise à encadrement des loyers loyer de référence majoré : 1 150,80 euros loyer de base : 917,88 euros complément de loyer : 0,00 euros Référence à rappeler lors de nos échanges : 6859 - 345257 Les informations sur les risques auxquels ce bien est exposé sont disponibles sur le site Géorisques : LAC / Logement Abord.contract.",69008,Lyon,,,https://www.vizzit.fr/fr/property/appartement/lyon-8eme/Ahys7iqavjcv7mem,,2026-09-24
1531,Vizzit,798.0,39.0,20.46,Appartement,2 pièce - 1 chambre - 39 m² - s,39 m² - 2 pièces - 1 chambre,,69008,Lyon,,,https://www.vizzit.fr/fr/property/appartement/lyon-8eme/Ax6gid8mgn8626ko,,2026-09-24
1532,Vizzit,1018.0,62.0,16.42,Appartement,2 pièce - 2 chambre - 62 m² - s - s,62 m² - 2 pièces - 2 chambres,"Appartement T3 meublé – 112 Boulevard des Tchécoslovaques Découvrez cet appartement de type 3 meublé, situé dans un immeuble récent de 2012, alliant confort et modernité. L'appartement se compose : D'un hall d'entrée accueillant D'un salon lumineux D'une cuisine aménagée et équipée De deux chambres confortables D'une salle de bains D'un WC séparé De deux balcons D'un stationnement privatif Emplacement et commodités : Idéalement situé, l'appartement est proche de toutes les commodités et des commerces. Il bénéficie d'une excellente desserte avec le tramway à proximité immédiate, et se trouve à seulement 10 minutes du métro B (station Jean Macé) ainsi qu'à 10 minutes de la Part-Dieu. Conditions financières : Loyer : 1 030,13 euros par mois Provisions pour charges : 54,77 euros par mois Honoraires de location (dossier) : 273 euros Frais d'état des lieux : 78 euros Encadrement des loyers : Bien situé en zone soumise à l'encadrement des loyers : Loyer de référence : 14,10 euros/m² Loyer majoré : 16,90 euros/m² N'hésitez pas à nous pour plus d'informations ou pour organiser une visite. Votre dossier locataire : Démarquez vous et mettez toutes les chances de votre côté, merci d'utiliser DossierFacile () pour constituer et nous envoyer votre dossier locataire, c'est un service gratuit du gouvernement qui aide les locataires à constituer un Dossier unique, complet et sécurisé afin de le partager simplement aux Propriétaires et Agences.",69007,Lyon,,,https://www.vizzit.fr/fr/property/appartement/lyon-7eme/A77z8af2ozwst2us,,2026-09-24
1533,Vizzit,769.0,40.0,19.23,Appartement,2 pièce - 40 m² - 50 m² de terrain - s,40 m² - 50 m² de terrain - 2 pièces,,69008,Lyon,,,https://www.vizzit.fr/fr/property/immobilier/lyon-8eme/Ag372ull8hs6x9qv,,2026-09-24
1534,Vizzit,638.0,30.0,21.27,Studio,30 m² - Studio,30 m² - Studio,,69003,Lyon,,,https://www.vizzit.fr/fr/property/appartement/lyon-3eme/Ae7qjjamwcd4fs5h,,2026-09-24
1535,Vizzit,2674.0,160.0,16.71,Appartement,4 pièce - 160 m² - 600 m² de terrain - s,160 m² - 600 m² de terrain - 4 pièces,"Maison exceptionnelle à louer dans le quartier très recherché de Montchat, à 2 pas des principaux hôpitaux de Lyon. Salon cathédrale de 60m2 éclairé par une verrière qui s'ouvre sur une terrasse couverte et un jardin arboré. Les chambres sont spacieuses. Si vous recherchez un endroit où vous poser en Ville dans un coin de verdure, alors c'est l'endroit parfait pour vous.",69003,Lyon,,,https://www.vizzit.fr/fr/property/immobilier/lyon-3eme/A12j99l2edgfzsyw,,2026-09-24
1536,Vizzit,887.0,59.0,15.03,Appartement,2 pièce - 1 chambre - 59 m² - s,59 m² - 2 pièces - 1 chambre,"Plusse vous propose un appartement Meublé de 59 m² idéalement situé au 63 avenue des Frères Lumières Lyon 69008 : Ce quartier garde un esprit de village, les habitants s'y côtoyant dans les nombreux commerces de l'avenue des Frères-Lumière et sur le grand marché qui se tient place Ambroise-Courtois les mardi, jeudi et samedi. Vous apprécierez notamment la diversité des commerces alentours et la proximité de la faculté Lyon 3 ou des écoles privées. C'est un quartier idéal pour les étudiants. Disponible : Cet appartement clé en main dispose des aménagements suivants : L'appartement est traversant donc très lumineux L'entrée dessert une spacieuse pièce de vie d'environ 20 m², chaleureuse et lumineuse, aménagée avec goût pour offrir un espace convivial et agréable au quotidien. Ouverte sur le séjour, la cuisine est entièrement équipée et dispose de plaques de cuisson, d'un four, d'une hotte, d'un micro-ondes, d'un réfrigérateur-congélateur, d'un îlot central ainsi que de nombreux rangements. La chambre, spacieuse et lumineuse, bénéficie d'une agréable absence de vis-à-vis. Elle est équipée d'un lit double et dispose également d'une alcôve aménagée, offrant un espace supplémentaire fonctionnel. Un coin sanitaire séparé avec des toilettes fermées et une grande salle de bains récente et parfaitement équipée, comprenant une baignoire, une machine à laver et plusieurs espaces de rangement. Une place de parking sécurisée en sous-sol de la résidence Transport : L'appartement est situé au coeur du quartier Monplaisir à proximité de nombreux transports : À 5 minutes de la ligne D (arrêt Sans souci) À 10 minutes de la ligne de tram T4 (Lycée Colbert) et la ligne de tram T2 (Villon) À 16 minutes de la gare Part Dieu (Tram T4) À 12 minutes de la place Bellecour (ligne D) Loyer – Caution – frais Honoraires à la charge du locataire : 767 €TTC dont 177€ pour les frais d'état des lieux et 590 pour les frais de visites, constitution du dossier et rédaction du bail. Dépôt de garantie : 1650 € Montant du loyer charges comprises : 945 € / mois comprenant : Montant des charges : 120 € / mois - Provision pour charge Charges incluses : Entretien des parties communes, Taxe d'enlèvement des ordures ménagères Dépôt de garantie : 1650 € Loyer hors charges : Charges NON incluses : eau chaude et froide, électricité, internet, chauffage Performance énergétique Classement du logement en matière de performance énergétique : Le diagnostic n'a pas été réalisé - E - 238 kWhEP / m². an Classement du logement en matière d'émissions de gaz à effet de serre : C : de 11 à 20 - C - 11 kg éqCO2 / m². an À saisir rapidement ! Société PLUSSE SAS - Numéro SIRET : - Numéro RCS Lyon B 848 881 280.",69008,Lyon,,,https://www.vizzit.fr/fr/property/appartement/lyon-8eme/Ax3uepb4hkozjvfi,,2026-09-24
1537,Vizzit,1078.0,69.0,15.62,Appartement,3 pièce - 2 chambre - 69 m² - s - s,69 m² - 3 pièces - 2 chambres,"Lyon 7 / Rue Victorien Sardou dans un immeuble sécurisé année 2000, beau T3 de 69.97m² au 1er étage avec ascenseur. Il comprend un hall d'entrée avec placard - séjour - cuisine séparée et équipée (meubles, plaque, hotte) - dégagement - deux chambres avec placard - salle d'eau - WC séparé. Une terrasse de 12.57m². Un garage fermé en sous-sol et une cave. Appartement au calme et sans vis-à-vis. Proche transports et commerces. Chauffage et eau chaude individuels gaz. Loyer : 1149 € charges incluses de 95€ (provisions mensuelles soumises à régularisation annuelle). Honoraires d'agence à la charge du locataire : 909.61€. Zone soumise à encadrement des loyers : Loyer de base : 1054€. Loyer de référence majoré (à ne pas dépasser hors charges) : 1084.54€. Montant estimé des dépenses annuelles d'énergie pour un usage standard entre 860€ et 1220€ (Prix moyens des énergies indexés sur les années 2021, 2022, 2023 abonnements compris). (C. env. art. R 125 €25 I, modifié). N'hésitez pas à nous pour une visite en indiquant la référence C1918.",69007,Lyon,,,https://www.vizzit.fr/fr/property/appartement/lyon-7eme/A4sb63tnwcvl438w,,2026-09-24
1538,Vizzit,1117.0,31.0,36.03,Appartement,1 pièce - 31 m²,31 m² - 1 pièce,"EN EXCLUVISITE CHEZ AVRA IMMOBILIER, Venez découvrir ce très beau T1 de 31m2 entièrement rénové et meublé au 4ème étage d'une copropriété de standing. Il se compose d'une entrée avec placard, d'une pièce de vie climatisée avec un coin nuit, une cuisine entièrement aménagée et équipée donnant sur une loggia et une salle d'eau avec wc. Vue dégagée Appartement lumineux Eau froide dans les charges. ZONE SOUMISE A ENCADREMENT DES LOYERS Loyer 1120,00 euros ( comprenant un complément de loyer pour la rénovation, les équipements et la climatisation) Charges 80,00 euros ( immeuble et eau froide), Depot de garantie 2240,00 euros, Honoraires de location dont frais d'état des lieux 403.00 euros. DPE D- GES D Disponible immédiatement",69003,Lyon,,,https://www.vizzit.fr/fr/property/appartement/lyon-3eme/Aggoco94euy1ipne,,2026-09-24
1539,Vizzit,695.0,41.0,16.95,Appartement,2 pièce - 1 chambre - 41 m² - s,41 m² - 2 pièces - 1 chambre,"Lyon 8ème, route de vienne à deux pas du tramway, T2 de 41,52 m² + 6m² de balcon sur intérieur de copro au 4ème étage. Cuisine aménagée ouverte sur séjour, 1 chambre, 1 salle d'eau /wc, 1 garage en sous-sol. chauffage ind Gaz. Zone soumise à l'encadrement des loyers, loyer de référence médiant : 602.04 euros/mois, loyer majoré : 722.",69008,Lyon,,,https://www.vizzit.fr/fr/property/appartement/lyon-8eme/Anpur8kz0a6bflns,,2026-09-24
1540,Vizzit,900.0,89.0,10.11,Appartement,3 pièce - 2 chambre - 89 m² - s - s,89 m² - 3 pièces - 2 chambres,"Dans un bel immeuble, bien entretenu, proche du quartier Montchat et du centre Hospitalier de Grange Blanche, à proximité immédiate des écoles, d'une crèche, des commerces et des transports : bus C13, accès direct centre ville et gare Part Dieu et métro ligne D/Tram T2. Venez découvrir ce grand F3 exposé Est/Ouest, composé d'un grand hall d'entrée, d'un séjour, d'une cuisine indépendante, de deux chambres de 17m² chacune (une sur rue et une donnant sur les espaces verts de la résidence), d'une salle de bains et d'un WC séparé. L'appartement est équipé de fenêtres double vitrage dans toutes les pièces - Parquet au sol et carrelage dans les pièces d'eau - Nombreux rangements. Possibilité de louer un garage/parking dans la résidence (loyer en sus). Visite virtuelle disponible sur le site de la régie Juron & Tripier. Zone soumise à l'encadrement des loyers. Loyer de référence majoré : 1 282,32 € / Loyer de référence : 1 068,60 €. Classe énergétique catégorie : D. Estimation des coûts annuels d'énergie : entre 1 684,00 € et 2 278,00 €. Frais état des lieux 3.03 €/m2 soit 269,00 € selon loi ALUR. Une visite virtuelle de ce bien est disponible sur notre site Juron Tripier",69003,Lyon,,,https://www.vizzit.fr/fr/property/appartement/lyon-3eme/A4zxe4dvd59r5udo,,2026-09-24
1541,Vizzit,3284.0,106.0,30.98,Appartement,5 pièce - 4 chambre - 106 m² - s - s,106 m² - 5 pièces - 4 chambres,"EXCLUSIVITÉ NEOWI IMMOBILIER : EXCEPTIONNEL ! APPARTEMENT DUPLEX MEUBLÉ de 106,72 m2 au 8ème et dernier étage avec ascenseur, TERRASSE de 130 m2 et PISCINE. Idéalement situé dans une résidence récente et de standing au 10 rue Félix Brun dans le 7ème arrondissement. Ce bien d'exception offre au premier niveau une entrée, une vaste pièce de vie avec une cuisine US entièrement équipée HAUT-DE-GAMME, ainsi qu'une une chambre avec placards, le tout donnant sur la superbe terrasse et sa PISCINE. Une salle de douche avec WC complète ce premier niveau. À l'étage, vous trouverez trois chambres, un dégagement, une salle de bain, un WC séparé. Chaque chambre étant équipée de placards. Prestations haut-de-gamme, immense terrasse avec PISCINE chauffée et climatisée. UN GARAGE DOUBLE et UNE PLACE DE PARKING accompagnent ce bien d'exception. À proximité toutes commodités : métro / bus, commerces, écoles, quais du Rhône .. Vous profiterez également des services de la copropriété avec notamment : 2 voitures électriques à votre disposition, partagées entre les occupants (principe de réservation), possibilité de réserver une chambre d'hôte, salle de réunion, etc.. Disponible de suite. Nous pour plus de renseignements ou programmer une visite. Loyer de référence : 1390,36€ Loyer de référence majoré : 1670,59€ Loyer H.C : 1670,59€ + complément de loyer : 1399,41€ (terrasse privée de 130m2, piscine chauffée privée, aménagements et équipements haut de gamme de la cuisine, box fermé pour 2 véhicules + place de stationnement, droit d'accès au service de la résidence, vue imprenable..) + charges de copro : 430€ Soit 3500€ CC Honoraires agence : 1387,36€ Les informations sur les risques auxquels ce bien est exposé sont disponibles sur le site Géorisques :",69007,Lyon,,,https://www.vizzit.fr/fr/property/appartement/lyon-7eme/Agom37nojo01mz7t,,2026-09-24
1542,Vizzit,1220.0,68.0,17.94,Appartement,3 pièce - 2 chambre - 68 m² - s - s,68 m² - 3 pièces - 2 chambres,,69008,Lyon,,,https://www.vizzit.fr/fr/property/appartement/lyon-8eme/Axuh7cgal8jmgtxo,,2026-09-24
1543,Vizzit,1013.0,50.0,20.26,Appartement,2 pièce - 1 chambre - 50 m² - s,50 m² - 2 pièces - 1 chambre,,69007,Lyon,,,https://www.vizzit.fr/fr/property/appartement/lyon-7eme/A59df834pungqic8,,2026-09-24
1544,Vizzit,674.0,33.0,20.42,Appartement,1 pièce - 33 m²,33 m² - 1 pièce,,69008,Lyon,,,https://www.vizzit.fr/fr/property/appartement/lyon-8eme/Altii9u5hj03hxkj,,2026-09-24
1545,Vizzit,891.0,44.0,20.25,Appartement,2 pièce - 1 chambre - 44 m² - s,44 m² - 2 pièces - 1 chambre,,69003,Lyon,,,https://www.vizzit.fr/fr/property/appartement/lyon-3eme/Ao6qklzytt53hgy2,,2026-09-24
1546,Vizzit,920.0,48.0,19.17,Appartement,2 pièce - 1 chambre - 48 m² - s,48 m² - 2 pièces - 1 chambre,,69008,Lyon,,,https://www.vizzit.fr/fr/property/appartement/lyon-8eme/Apabnea5zwpb83ci,,2026-09-24
1547,Vizzit,466.0,21.0,22.19,Studio,21 m² - Studio,21 m² - Studio,"LYON 7ème entre GERLAND et DEBOURG, Place de l'Ecole, studio de 21m² idéal étudiant,, proximité tous commerces et transports, à 10 minutes de l'ENS et de l'EM, dans résidence avec ascenseur, raccordée fibre optique, composé d'une pièce à vivre ,avec kitchenette équipée avec 2 plaques et petit frigo, une salle d'eau avec WC. Eaux chaude et froide, et chauffage collectifs inclus dans les charges. Location soumise à plafonds de ressources, bien vous munir de votre avant dernier avis d'imposition.",69007,Lyon,,,https://www.vizzit.fr/fr/property/appartement/lyon-7eme/A38xm2w4nhh1hjpv,,2026-09-24
1548,Vizzit,784.0,45.0,17.42,Appartement,2 pièce - 1 chambre - 45 m² - s,45 m² - 2 pièces - 1 chambre,,69003,Lyon,,,https://www.vizzit.fr/fr/property/appartement/lyon-3eme/Ag0533nk396dg0oc,,2026-09-24
1549,Vizzit,1262.0,61.0,20.69,Appartement,3 pièce - 61 m² - s,61 m² - 3 pièces,T3 Duplex 64m² Penthouse 20m² De Terrasse,69003,Lyon,,,https://www.vizzit.fr/fr/property/appartement/lyon-3eme/A0jch3ttxu6jmclf,,2026-09-24
1553,Vizzit,2524.0,150.0,16.83,Appartement,5 pièce - 150 m² - 500 m² de terrain - s,150 m² - 500 m² de terrain - 5 pièces,"Bail meublé d'un an renouvelable ou bail mobilité 10 mois possible. Afin de sécuriser la location, nous demandons les garanties Smartgarant ou garantme. Les visites auront lieu les 17 et 18 septembre, après réception des dossiers complets. UNE MAISON SPACIEUSE (200m2 au sol, 150m2 habitables) AVEC PISCINE ET JARDIN au calme absolu : Profitez d'une maison entièrement équipée avec trois chambres dotées de lits doubles, deux salles de bain dont une avec baignoire, un grand séjour lumineux, une cuisine moderne, un coin salle de sport, un bureau, une piscine chauffée et un agréable espace extérieur avec mobilier de jardin. Le logement 100% CONFORT → UNE MAISON SPACIEUSE AVEC PISCINE CHAUFFEE : Découvrez cette superbe maison entièrement équipée, idéale pour une famille, et pourquoi pas pour une mobilité professionnelle. Vous profiterez d'un grand espace de vie lumineux avec un salon confortable, télévisions connectées, video-projecteur avec écran motorisé, et une décoration moderne pensée pour votre confort. → UNE CUISINE ENTIÈREMENT ÉQUIPÉE : cuisine moderne disposant de plaques de cuisson, four, micro-ondes, réfrigérateur/congélateur, lave-vaisselle, machine à café, bouilloire, grille-pain, vaisselle et tous les ustensiles nécessaires. → TROIS CHAMBRES CONFORTABLES CLIMATISEES (clim réversible): Les trois chambres sont équipées d'un lit double. Des espaces de rangement sont également à votre disposition. → DEUX SALLES DE BAIN : La maison dispose de deux salles de bain modernes, dont une avec une agréable baignoire a jets , ainsi que trois toilettes pour plus de confort. → UN EXTÉRIEUR PENSÉ POUR LA DÉTENTE : piscine chauffée, le jardin et le mobilier extérieur → 2 PLACES DE PARKING PRIVEES possibilité de charger une voiture . → DES ÉQUIPEMENTS PREMIUM : télévision, lave-linge, vidéo-projecteur et écran géant → UN SECTEUR CALME DU 8ᵉ ARRONDISSEMENT : Secteur Grand Parilly. La maison bénéficie d'un environnement agréable, tout en restant proche du centre de Lyon et des axes routiers. → COMMERCES À PROXIMITÉ : Boulangeries, supermarchés, restaurants, pharmacies et commerces du quotidien sont accessibles en quelques minutes. → TRANSPORTS EN COMMUN : Les transports à proximité permettent de rejoindre rapidement le centre-ville, la Presqu'île, Bellecour, Part-Dieu, le Vieux Lyon. Tram T4 à 5 min à pied, métro ligne D à 10min à pieds 2 263 €/mois 11,61 €/m² Complément de loyer 307 €/mois Charge de 120 euros , comprenant l'eau , les ordures ménagères. Internet haut débit compris dans la location",69008,Lyon,,,https://www.vizzit.fr/fr/property/immobilier/lyon-8eme/Aqmr7rq1bicgkeh1,,2026-09-24
1554,Vizzit,704.0,16.0,44.0,Studio,16 m² - Studio,16 m² - Studio,,69007,Lyon,,,https://www.vizzit.fr/fr/property/appartement/lyon-7eme/Atte0d0oy5qsyldz,,2026-09-24
1555,Vizzit,657.0,28.0,23.46,Studio,28 m² - Studio,28 m² - Studio,,69008,Lyon,,,https://www.vizzit.fr/fr/property/appartement/lyon-8eme/Ankpfc3qyxieryq0,,2026-09-24
1556,Vizzit,957.0,36.0,26.58,Studio,36 m² - Studio,36 m² - Studio,,69003,Lyon,,,https://www.vizzit.fr/fr/property/appartement/lyon-3eme/At0pabrib5va95gc,,2026-09-24
1557,Vizzit,920.0,44.0,20.91,Appartement,2 pièce - 1 chambre - 44 m² - s,44 m² - 2 pièces - 1 chambre,,69003,Lyon,,,https://www.vizzit.fr/fr/property/appartement/lyon-3eme/A1ipqjei7yfm3zm5,,2026-09-24
1558,Vizzit,901.0,45.0,20.02,Appartement,2 pièce - 1 chambre - 45 m² - s,45 m² - 2 pièces - 1 chambre,"Bel appartement de 45 m² au 2e étage (T1 Bis), lumineux et calme. Séjour spacieux d’environ 25 m² exposé ouest avec cuisine ouverte. Chambre séparée du séjour par une porte coulissante. Salle de bains et WC séparés. Peintures entièrement refaites en avril 2026, tons lin et crème claire. Points forts • Résidence avec ascenseur, environnement calme et résidentiel • Garage fermé en sous-sol disponible en supplément • Cave incluse • Tram T3 à 4 minutes à pied • Métro Grange Blanche (ligne D) à 10 minutes • Commerces et commodités à proximité immédiate • Chauffage individuel électrique • DPE C Conditions • Loyer hors charges : 800 € • Charges : 60 €/mois (estimation) • Garage : 100 €/mois (en supplément) • Total mensuel avec garage : 960 € • Dépôt de garantie : un mois de loyer hors charges • Disponibilité : 09/2026 • Dossier locataire complet demandé (justificatifs de revenus, garant le cas échéant) Premier contact exclusivement par mail, merci de préciser votre projet, votre situation et vos coordonnées. Loyer de référence : 15,10 €/m² – Loyer de référence majoré : 18,10 €/m² (arrêté préfectoral, zone 2, encadrement des loyers Lyon 3e, simulation Toodego du , code de suivi WVWZRMGK).",69003,Lyon,,,https://www.vizzit.fr/fr/property/appartement/lyon-3eme/Arf3su6dusjjhklu,,2026-09-24
1559,Vizzit,887.0,49.0,18.1,Appartement,2 pièce - 1 chambre - 49 m² - s,49 m² - 2 pièces - 1 chambre,,69003,Lyon,,,https://www.vizzit.fr/fr/property/appartement/lyon-3eme/A4e9p26sidywuge4,,2026-09-24
1560,Vizzit,652.0,21.0,31.05,Studio,21 m² - Studio,21 m² - Studio,,69003,Lyon,,,https://www.vizzit.fr/fr/property/appartement/lyon-3eme/Awgs4661ezsxlzi4,,2026-09-24
1562,Vizzit,1105.0,66.0,16.74,Appartement,3 pièce - 2 chambre - 66 m² - s - s,66 m² - 3 pièces - 2 chambres,"Lyon 7 - 26 rue Jean François Raclet. Appartement meublé T3 meublé de 66m² situé dans le quartier de Jean Jaurès, proche du métro et des écoles. L'appartement comprend une grande pièce à vivre cuisine-séjour, 2 chambres et une salle de bain. Disponible de suite. Honoraires locataire calculés selon le barème en vigueur au janvier 2022",69007,Lyon,,,https://www.vizzit.fr/fr/property/appartement/lyon-7eme/A5q7g5p26utc6kvy,,2026-09-24
1563,Vizzit,910.0,43.0,21.16,Appartement,2 pièce - 1 chambre - 43 m² - s,43 m² - 2 pièces - 1 chambre,"METROPOLE Immobilier vous propose au 30 Avenue Géneral frère à Lyon 8 ème ce T2 meublé, au 4 ème étage d'une belle copropriété avec ascenseur. Il se compose d'un séjour avec balcon, d'une cuisine neuve et équipée, d'une chambre avec rangement ainsi qu'une salle de bain, une entrée avec placard ainsi qu'un WC séparé. Un garage en sous sol vient compléter les prestations de ce bien. Loyer 930 euros + 40 euros de charges= 970 euros Pour plus d'informations n'hésitez pas à votre agence METROPOLE Immobilier",69008,Lyon,,,https://www.vizzit.fr/fr/property/appartement/lyon-8eme/Abak3cr0wosrra3n,,2026-09-24
1564,Vizzit,536.0,33.0,16.24,Appartement,2 pièce - 1 chambre - 33 m² - s,33 m² - 2 pièces - 1 chambre,"T2 LYON 08 - 7, rue St Agnan 69008 LYON CLESEV vous propose à la location ce joli T2 de 33 m² situé dans le 8e arrondissement de Lyon, rue Saint-Agnan, à proximité de l'avenue Berthelot. Au sein d'une résidence récente, sécurisée et bien entretenue, cet appartement offre un cadre de vie agréable et calme. Il bénéficie notamment d'une exposition sur la cour intérieure de l'immeuble, à l'écart des nuisances de la rue. Le logement se compose d'un hall d'entrée desservant un agréable séjour avec un coin cuisine ouvert, offrant un espace de vie convivial et fonctionnel. La chambre, équipée d'un parquet et d'un placard mural, permet de bénéficier d'un espace nuit confortable et de rangements appréciables. Une salle de bains complète l'ensemble. Le chauffage et l'eau chaude sont individuels au gaz. Grâce à son emplacement, l'appartement se situe à proximité de l'avenue Berthelot, des transports en commun, des commerces et des différentes commodités du quartier. Sa configuration et son environnement en font un logement idéal pour une personne seule ou un couple à la recherche d'un appartement pratique et au calme. Contactez-nous dès maintenant sur Seventee pour organiser une visite et découvrir votre futur logement !. Loyer de 571,00 euros par mois charges comprises dont 50,00 euros par mois de provision pour charges (soumis à la régularisation annuelle). Les honoraires charge locataire sont de 432,96 euros ( soit 12,97 euros/m² ) dont 99,99 euros pour état des lieux ( soit 2,99 euros/m² ).",69008,Lyon,,,https://www.vizzit.fr/fr/property/appartement/lyon-8eme/Akola1wewkrehk19,,2026-09-24
1565,Vizzit,750.0,43.0,17.44,Appartement,2 pièce - 1 chambre - 43 m² - s,43 m² - 2 pièces - 1 chambre,"Chauffage et eaux compris - Cave - Au cœur de Monchat, rue Ferdinand Buisson, proche des commerces et des transports, 2 pièces dans une copropriété au calme. Il possède du parquet dans le séjour et la chambre, une cuisine indépendante, un rangement, une salle de bain et un WC séparé. L'eau froide, l'eau chaude et le chauffage sont inclus dans les charges. Et pour plus de confort, une cave est à votre disposition, faites vite !! Merci de remplir le formulaire de contact. Ensuite vous recevrez un lien pour déposer votre dossier en ligne. Une conseillère reviendra vers vous rapidement après étude de vos documents pour programmer une visite. Zone soumise à encadrement des loyers. Loyer HC de référence majoré : 700,32 euros Loyer HC de base : 582,14 euros Complément de loyer : 0 euros",69003,Lyon,,,https://www.vizzit.fr/fr/property/appartement/lyon-3eme/Av25antandnrvld3,,2026-09-24
1566,Vizzit,849.0,56.0,15.16,Appartement,2 pièce - 1 chambre - 56 m² - s,56 m² - 2 pièces - 1 chambre,".. 21 rue Marie Madeleine Fourcade 69007 LYON - Métro DEBOURG et JEAN JAURES , avec garage et balcon. In'li Aura vous propose cet appartement T2 en location, avec garage et balcon. Proche commerces et métro Ce bien de 56,32m², au 3ème étage avec ascenseur, se compose de : - Une entrée - Un salon, donnant sur le balcon - Une cuisine semi-équipée, - Une chambre - Une salle de douche avec meuble - Un WC séparé - Plusieurs rangements Vous disposez d'un garage en sous-sol sécurisé. Inclus dans les charges : communs. Type de chauffage : individuel au gaz Ce logement vous intéresse ? 1. Vérifiez votre éligibilité : au moins un des demandeurs doit être salarié d'une entreprise privée de plus de 10 salariés. 2. Déposez votre dossier COMPLET sur notre site inli Les + d'in'li Aura : - Des loyers à prix maitrisés, en moyenne 10% moins chers que les prix du marché en zone tendue - Pas de frais d'agence ni de frais d'état des lieux - Pas de garants physiques - Garantie Visale recommandée si vous êtes éligibles (testez votre éligibilité sur le site Visale) In'li Aura, acteur de référence du logement à prix maitrisé en Auvergne Rhône-Alpes, propose des logements à prix maitrisés pour les jeunes actifs et salariés du secteur privé.",69007,Lyon,,,https://www.vizzit.fr/fr/property/appartement/lyon-7eme/Abe87t3d2f6wyyl8,,2026-09-24
1567,Vizzit,818.0,63.0,12.98,Appartement,2 pièce - 1 chambre - 63 m² - s,63 m² - 2 pièces - 1 chambre,"Garibaldi / Saxe. Dans Immeuble de caractère- Beau volume- avec cachet- Idéalement situé, à deux pas du métro Garibaldi, des nombreux commerces et écoles. Dans une résidence calme et bien entretenue. Venez découvrir ce vaste deux pièces aux beaux volumes. Son agencement et son cachet certain sauront vous ravir et faire de vous d'heureux locataires. Il se compose d'un séjour en parquet, d'une grande cuisine indépendante, d'une jolie chambre, d'une salle de bain et de toilettes. Le double vitrage et les volets roulants apporteront en plus, un confort supplémentaire. Pour votre plus grand confort, sachez qu'il est possible de louer un parking juste en face de la résidence. Merci de remplir le formulaire de contact. Ensuite vous recevrez un lien pour déposer votre dossier en ligne. Une conseillère reviendra vers vous rapidement après étude de vos documents pour programmer une visite. Zone soumise à encadrement des loyers. Loyer HC de référence majoré : 1 066,39 euros Loyer HC de base : 889,71 euros Complément de loyer : 0 euros",69007,Lyon,,,https://www.vizzit.fr/fr/property/appartement/lyon-7eme/Ash72p7940midzlb,,2026-09-24
1570,Vizzit,1299.0,78.0,16.65,Appartement,3 pièce - 78 m² - s,78 m² - 3 pièces,"Découvrez ce charmant appartement à louer, idéalement situé dans le quartier vivant des Girondins, dans le 7ème arrondissement de Lyon. Niché au cœur de la rue Auguste Payant, cet espace de vie de 78 m² est parfait pour ceux qui recherchent le confort et la commodité. L'appartement se compose de trois pièces spacieuses, offrant un agencement fonctionnel et accueillant. Vous apprécierez sa cuisine équipée qui rendra la préparation de vos repas agréable. Le bien dispose également d'un balcon de 8 m², parfait pour profiter des belles journées ensoleillées de Lyon. Situé au 6ème étage d'un immeuble bien entretenu, cet appartement bénéficie d'une vue dégagée et d'un accès facilité grâce à un ascenseur. La localisation de l'appartement est un véritable atout. À seulement 160 m de la station Girondins - Yves Farge, vous profiterez d'un accès rapide aux bus, facilitant vos déplacements à travers la ville. D'autres stations de bus à proximité, telles que Ayasse - Yves Farge et Leclerc - Girondins, vous permettront de rejoindre facilement votre destination. En ce qui concerne les commodités quotidiennes, un Super U est situé à seulement 220 m, vous offrant un accès pratique aux courses. De plus, vous trouverez une variété de restaurants dans un rayon proche, parfaits pour vos sorties entre amis ou en famille. Pour ceux qui recherchent une éducation de qualité, l'École Sécurité C-Srd - Lyon se trouve à seulement 360 m et l'École Normale Supérieure de Lyon - Site René Descartes à 570 m, vous garantissant un accès facile aux établissements d'enseignement supérieur. En somme, cet appartement au cœur des Girondins représente une opportunité rare de louer un espace de vie confortable et pratique à Lyon. Que vous soyez étudiant, jeune professionnel ou une petite famille, cet endroit saura répondre à vos besoins tout en vous offrant un cadre de vie agréable. Ne laissez pas passer cette chance ! Contactez-nous dès aujourd'hui pour planifier une visite et découvrir votre futur chez-vous dans l'un des quartiers les plus animés de Lyon.",69007,Lyon,,,https://www.vizzit.fr/fr/property/appartement/lyon-7eme/A106u629kkd5th6e,,2026-09-24
1571,Vizzit,56.0,20.0,2.8,Appartement,1 pièce - 20 m²,20 m² - 1 pièce,,69007,Lyon,,,https://www.vizzit.fr/fr/property/appartement/lyon-7eme/Aab26xyklachhv83,,2026-09-24
1574,Vizzit,1131.0,61.0,18.54,Appartement,2 pièce - 1 chambre - 61 m² - s,61 m² - 2 pièces - 1 chambre,"Nous vous proposons ce T2 de 61 m² situé au 2ème étage du 29 Rue Saint Michel à LYON 7ème. Il se compose d'une entrée, d'une spacieuse pièce de vie, d'une cuisine équipée, d'une grande chambre avec rangements ainsi que d'une salle d'eau et d'un toilette séparé. Chauffage - Eau chaude individuel électrique Eau froide individuelle Disponible de suite. Dépôt de dossier en ligne sur notre site internet Zone soumise à encadrement des loyers : - Loyer de référence majoré : 1115,68 € - Loyer de référence : 930,76 € - Complément de loyer : 54,32 € Loyer HC : 1 170 € Charges : 35 € Classe énergétique : D Montant estimé des dépenses annuelles d'énergie pour un usage standard : entre 1 390 € et 1 930 € Date de référence des prix de l'énergie pour établir cette estimation : Les informations sur les risques auxquels ce bien est exposé sont disponibles sur le site Géorisques : .",69007,Lyon,,,https://www.vizzit.fr/fr/property/appartement/lyon-7eme/Azh2gqnjsddu9fi6,,2026-09-24
1575,Vizzit,871.0,42.0,20.74,Appartement,2 pièce - 1 chambre - 42 m² - s,42 m² - 2 pièces - 1 chambre,"Disponible au 01/10/26, Immobilière de Salvagny vous propose un appartement type T2 MEUBLÉ, d'une surface habitable de 43 m2 situé au 6 éme étage (avec ascenseur) d'une résidence sécurisé au 177 Grande rue de la Guillotière 69007. Il se compose d'un hall d'entrée, d'un séjour avec cuisine équipée ouverte, une chambre avec placard et une salle de bains avec WC. Une cave et un box en sous-sol complète ce bien. Chauffage individuel électrique. DPE: D. Loyer charges comprises 928 € / mois dont 43 € de provision de charges (eau froide et communs, régularisation annuelle). Honoraires charge locataire 562 € dont 130 € pour l'état des lieux. Dépôt de garantie 1770 €. Pour renseignements et visites, nous . Dépot de dossier possible en ligne dans l'annonce",69007,Lyon,,,https://www.vizzit.fr/fr/property/appartement/lyon-7eme/Apoaah2341wnhaby,,2026-09-24
1576,Vizzit,640.0,36.0,17.78,Studio,36 m² - Studio,36 m² - Studio,"À louer, agréable T1 de 36,02 m² situé au 2e étage d'un immeuble au 23 passage des Alouettes, dans le 8e arrondissement de Lyon. L'appartement se compose d'une pièce de vie lumineuse, d'une cuisine aménagée équipée d'une plaque de cuisson et d'un réfrigérateur, ainsi que d'une salle de bains. Sa superficie offre un espace confortable et fonctionnel, idéal pour une personne seule. Un garage complète ce bien et permet de bénéficier d'un stationnement privatif, un véritable atout dans le secteur. Situé dans un environnement pratique et recherché du 8e arrondissement, ce T1 est à proximité des commerces, transports et commodités du quotidien. -> Si vous souhaitez candidater, veuillez déposer votre dossier sur Seventee. Le loyer est de 682€ (dont de 35€ charges). Les honoraires sont de 472.58€ (dont 109.14€ d'état des lieux). Le dépôt de garantie est de 647€ . Encadrement des loyers : Loyer de référence : 17.5€/m2 Loyer majoré : 21€/m2 Loyer minoré : 12.",69008,Lyon,,,https://www.vizzit.fr/fr/property/appartement/lyon-8eme/Aaoi5pok4aonk8rz,,2026-09-24
1577,Vizzit,929.0,52.0,17.87,Appartement,2 pièce - 1 chambre - 52 m² - s,52 m² - 2 pièces - 1 chambre,"Appartement t2 de particulier à louer sur lyon 03. Disponible le 01 / 11 / 2026 pour cette location meublé de 52 m² proposé à 990 € mensuel charges comprises. Libre le 01 / 11 / 2026 annonce entre particuliers. Code insee : 69383. Atouts : stationnement possible, balcon ou terrasse, sans vis-à-vis, grand séjour, cuisine équipée, proximité transport, proximité commerce, accès à mobilité réduite.",69003,Lyon,,,https://www.vizzit.fr/fr/property/appartement/lyon-3eme/Akmdcyj1gp0n2u9a,,2026-09-24
1578,Vizzit,724.0,33.0,21.94,Appartement,1 pièce - 33 m²,33 m² - 1 pièce,,69007,Lyon,,,https://www.vizzit.fr/fr/property/appartement/lyon-7eme/Anog34k7rchu6065,,2026-09-24
1580,Vizzit,849.0,72.0,11.79,Appartement,3 pièce - 2 chambre - 72 m² - s - s,72 m² - 3 pièces - 2 chambres,"Référence de l'annonce : UG006241 Aucun frais d'agence ni honoraires de commercialisation. Loyer HC: 729.45 euros Charges: 175.49 euros ( Chauffage collectif au gaz ) Dans une résidence situé au 158 Rue Challemel Lacour, Lyon 8ième. Nous vous proposons un appartement de Type 3 de 72 m² situé au 17ième étage avec ascenseur. Vous y retrouverez: • Un séjour lumineux . • Cuisine séparée • Deux chambres • Salle de bains et WC indépendant. M.Obern avec la référence du bien et vous serez recontacté dans les 48h. Pour info zone soumise à encadrement des loyers - Le loyer HC ne peut dépasser 900.00 euros, soit le loyer de référence MAJORE de la Métropole.",69008,Lyon,,,https://www.vizzit.fr/fr/property/appartement/lyon-8eme/Artwg23fzhflha40,,2026-09-24
1581,Vizzit,929.0,66.0,14.08,Appartement,3 pièce - 2 chambre - 66 m² - s - s,66 m² - 3 pièces - 2 chambres,,69008,Lyon,,,https://www.vizzit.fr/fr/property/appartement/lyon-8eme/A54qs54i3qoqpena,,2026-09-24
1582,Vizzit,1032.0,50.0,20.64,Appartement,2 pièce - 50 m² - s,50 m² - 2 pièces,Appartement meublé bon état au 2 étages avec une place de stationnement au sous-sol Est composé d'un grand salon une chambre et une salle de bain et une cuisine équipée,69007,Lyon,,,https://www.vizzit.fr/fr/property/appartement/lyon-7eme/Aosfeo0jytsjqosk,,2026-09-24
1583,Vizzit,1789.0,86.0,20.8,Appartement,3 pièce - 2 chambre - 86 m² - s - s,86 m² - 3 pièces - 2 chambres,"LOCATION MEUBLEE LODGIS (Référence : 3L723675) : Idéalement situé, métro au pied de l'immeuble, venez découvrir un appartement de type 3 au 5ème étage de 85 m² entièrement meublé. Ce bien comprend une entrée, un séjour avec espace cuisine, deux chambres, une salle de bains, une salle d'eau et un wc. Vous disposerez également d'une place de parking privative. Immeuble de standing avec gardien, piscine et terrain de tennis.(Les atouts de cet appartement: 5ème étage, deux orientations, environnement : nombreux commerces et transports en commun distribution, luminosité, caractère traversant, vue dégagée, absence de vis-à-vis dérangeant des pièces spacieuses par rapport à sa typologie, des rangements utiles, des équipements complets pour un logement meublé, du linge de maison, draps et serviettes l'accès à une loggia, un stationnement privatif).",69007,Lyon,,,https://www.vizzit.fr/fr/property/appartement/lyon-7eme/Ax6qgqnwtfh8qhx2,,2026-09-24
1587,Vizzit,1023.0,80.0,12.79,Appartement,2 pièce - 1 chambre - 80 m² - s,80 m² - 2 pièces - 1 chambre,"LYON 7ème 15 Rue Bonald - T2 meublé de 76,25m² avec hauteur sous plafond, parquet et cheminées anciennes. Au 1er étage avec ascenseur, cuisine séparée meublée et équipée. 1 chambre de 20m². SDB et WC séparés. Traversant. Chauffage individuel gaz. Loyer + charges : 1.090€ Honoraires : 1000,40€ Conditions: Meublé et GLI Disponibilité : 16 septembre Encadrement des loyers de la métropole de LYON Loyer de référence : 1.189,50€ Loyer de référence majoré : 1.425,88€",69007,Lyon,,,https://www.vizzit.fr/fr/property/appartement/lyon-7eme/A4644yj9awylz5yu,,2026-09-24
1588,Vizzit,1046.0,90.0,11.62,Appartement,5 pièce - 3 chambre - 90 m² - s - s,90 m² - 5 pièces - 3 chambres,"Situé Boulevard Yves Farge - Disponible de suite Pour organiser une visite, merci de déposer au préalable votre dossier de candidature via le site internet de notre agence, rubrique ""Location"", ""Mon dossier en ligne"" (plateforme Zelok, gratuite). Visite virtuelle à 360° disponible. Spacieux T5 de 90.67 m² au 5ème étage sans ascenseur entièrement rafraîchit, possédant 3 chambres, un bureau avec dressing, un séjour de 21 m², une cuisine indépendante (aménagé de rangements et d'une plaque de cuisson), une salle d'eau, une buanderie et un WC séparé. Situé dans un quartier moderne et résidentiel, proche des commerces et des transports en commun (métro B Arrêt - Place Jean Jaurès) et (tram T1 Arrêt - Debourg). Local à vélo. Les charges comprennent l'entretien de l'immeuble, l'eau froide et le contrat entretien gaz. Fenêtres double vitrage PVC.",69007,Lyon,,,https://www.vizzit.fr/fr/property/appartement/lyon-7eme/Avrnxpmj3hva6sih,,2026-09-24
1589,Vizzit,629.0,22.0,28.59,Studio,22 m² - Studio,22 m² - Studio,"Studio étudiant de 22.85m² doté d'un canapé lit et d'un bureau, d'une salle de bains incluant une douche à l'italienne - WC. Phileas Lodge possède une salle de sport et un jardin. Il propose un hébergement indépendant avec connexion Wi-Fi gratuite, ménage mensuel et coaching sportif compris dans le loyer, d'une laverie, local à vélo et proposant une salle petit déjeuner. Le Phileas Lodge se trouve à 10min à pied du métro D (arrêt Monplaisir ou Grange Blanche) et à seulement 10 min en bus de Part Dieu. A voir absolument ! Coup de coeur assuré. LOYER MENSUEL 595 + CHARGES 75€ , caution de 450€, Honoraire agence : 400€ Réservation auprès de notre gestionnaire tel référence PL1.409 Copropriété de 64 lots - dont 64 lots habitation.",69003,Lyon,,,https://www.vizzit.fr/fr/property/appartement/lyon-3eme/A2klm9q1yts82fzg,,2026-09-24
1590,Vizzit,981.0,49.0,20.02,Appartement,2 pièce - 1 chambre - 49 m² - s,49 m² - 2 pièces - 1 chambre,"Nous vous précisons qu'une pré-étude de votre dossier sera effectuée avant l'organisation d'une visite sur place. Pour déposer votre dossier, rendez-vous directement sur notre site internet, sur la page de l'annonce via le bouton 'Déposer ma candidature sur Seventee'. 104 AVENUE DEBOURG, 69007 LYON - Au sein d'un secteur dynamique, à proximité des commerces et de nombreuses écoles universitaires, à 5min de l'arrêt de métro DEBOURG ligne B et de l'arrêt du tramway T6 du même nom. Au 6ème étage avec ascenseur d'une résidence fermée et sécurisée, nous vous proposons cet appartement rénové comprenant une entrée avec espace bureau, une cuisine séparée entièrement équipée, un séjour lumineux, une chambre avec dressing ainsi qu'une salle d'eau avec WC. Un garage privatif complète ce bien. Disponible de suite, ce bien sera loué via un bail étudiant de 9 mois. LOYER: 1045EUR dont 95EUR de charges (provisions mensuelles avec régularisation annuelle). DEPOT DE GARANTIE: 1900EUR. HONORAIRES LOCATAIRE: 649,44EUR (13,12EUR/m2) dont 149,98 (3,03EUR/m2) pour l'état des lieux. Loyer soumis à l'encadrement des loyers. Loyer de référence: 747,45EUR. Loyer de référence majoré: 895,95EUR. Complément de loyer: 54,05EUR (garage fermé).",69007,Lyon,,,https://www.vizzit.fr/fr/property/appartement/lyon-7eme/Aug6s41kmy5hura3,,2026-09-24
1591,Vizzit,1032.0,48.0,21.5,Appartement,2 pièce - 1 chambre - 48 m² - s,48 m² - 2 pièces - 1 chambre,,69007,Lyon,,,https://www.vizzit.fr/fr/property/appartement/lyon-7eme/Ayunpxff16jxo6x7,,2026-09-24
1592,Vizzit,1173.0,57.0,20.58,Appartement,2 pièce - 1 chambre - 57 m² - s,57 m² - 2 pièces - 1 chambre,,69003,Lyon,,,https://www.vizzit.fr/fr/property/appartement/lyon-3eme/Aj8ofhzlon0xf86s,,2026-09-24
1593,Vizzit,820.0,50.0,16.4,Appartement,3 pièce - 2 chambre - 50 m² - s - s,50 m² - 3 pièces - 2 chambres,"F3 dans maison - Villette Paul Bert - Situé 264 bis rue Paul Bert, en arrière cour, dans une maison ancienne, en duplex, en RDC. Entièrement rénové, vous bénéficiez d'une entrée individuel en RDC, une grande pièce à vivre avec cuisine équipée, 2 chambres, une la salle de douche avec les toilettes. Une place de parking et une cave. Loyer 844 €+ 30 € de charges de copropriété Honoraires d'agence 661.51 + Dépôt de garantie 844 € Le loyer de référence pour ce logement est de 12,00€ par m², soit pour 50.42m², un loyer de 605,04€ hors charges. Le plafond (correspondant à 20% de plus que le loyer de référence) à ne pas dépasser pour ce logement est de 14,40€ par m², soit pour 50,42m², un loyer de 726,05€ hors charges. Loyer de 874,00 euros par mois charges comprises dont 30,00 euros par mois de provision pour charges (soumis à la régularisation annuelle). Les honoraires charge locataire sont de 661,51 euros ( soit 13,12 euros/m² ) dont 152,77 euros pour état des lieux ( soit 3,03 euros/m² ). Logement à consommation énergétique excessive. Montant estimé des dépenses annuelles d'énergie pour un usage standard : entre 1 140 et 1 480 euros. Prix moyens des énergies indexés en 2021.",69003,Lyon,,,https://www.vizzit.fr/fr/property/appartement/lyon-3eme/Al2sdohgrfgq1732,,2026-09-24
1597,Vizzit,488.0,28.0,17.43,Appartement,2 pièce - 1 chambre - 28 m² - s,28 m² - 2 pièces - 1 chambre,"T2 – 28 m² – Lyon 7 – Rue Marie-Madeleine Fourcade Loyer : 520 € charges comprises – APL possible Je mets en location ce T2 de 28 m² situé rue Marie-Madeleine Fourcade, dans un coin du 7 € agréable, avec un peu de verdure autour et pas mal d'étudiants dans le secteur. Transports et commerces pas loin. La pièce principale regroupe le salon et la cuisine. La cuisine est en angle, avec four et micro -onde encastré, plaque, hotte, évier et grand frigo et un lave -vaisselle intégré. Une petite table ronde avec deux chaises est installée pour les repas, et un canapé pour la détente. La chambre est à part, avec un lit double, deux tables de chevet et une grande armoire faite sur mesure. La TV est fixée au mur, en face du lit. Salle de bain simple et propre : baignoire, meuble vasque avec miroir, WC et machine à laver. Sèche-serviettes mural. Appartement bien agencé, facile à vivre, idéal pour une personne seule ou un couple. Loyer : 520 € charges comprises. APL possible. Disponible rapidement. Les candidatures et le suivi des dossiers sont centralisés sur Loximo. L'accès aux candidatures nécessite un abonnement Loximo.",69007,Lyon,,,https://www.vizzit.fr/fr/property/appartement/lyon-7eme/Avqwyemlm57lq1ke,,2026-09-24
1598,Vizzit,1247.0,66.0,18.89,Appartement,3 pièce - 2 chambre - 66 m² - s - s,66 m² - 3 pièces - 2 chambres,"LYON 3ème Garibaldi - Situé au coeur du prisé 3ème arrondissement et de sa vie commerçante, dans une résidence sécurisée des années 2000, découvrez ce joli appartement T3 meublé de 66,05 m² au 1er étage. Ce bien se compose d'un hall d'entrée avec placard, d'une pièce de vie de 21.68 m² ouvrant sur un balcon de 3 m², et d'une cuisine semi-ouverte aménagée et équipée (plaque de cuisson, hotte, four, réfrigérateur, lave-vaisselle et lave-linge). Côté nuit, retrouvez 2 chambres avec dressing et placard de 11,42 m² et 11,70m² , une salle de bains et un WC séparé. Ce bien bénéficie également d'un garage fermé en sous-sol inclus dans la location. Emplacement recherché à proximité immédiate des commerces, restaurants et des transports en commun avec à moins de 7 min à pied le Métro D arrêt ""Garibaldi"", le métro B arrêt ""Gare Part-Dieu"", la gare SNCF, la ligne de bus C25 arrêt ""Garibaldi Paul Bert"" et les stations Vélo'V. Disponible le 30 septembre, à visiter sans tarder ! Pour tout renseignement, l'agence Essentiel Gestion Locative directement par téléphone Ce loyer de 1329 € charges comprises intègre un loyer de référence majoré de 1 155 €, un complément de loyer de 119 € justifié par les prestations intérieures du logement (lave-vaisselle, lave-linge et box de stationnement) ainsi qu'une provision pour charges de 55 € (entretien des parties communes et entretien de la chaudière). (Loyer de référence : 964,33 € / Loyer de référence majoré : 1155,88 €) Dépôt de garantie : 2548 € Honoraires d'agence : 866 € (666 € Visites/Constitution du dossier/Rédaction de bail et 200 € Etats des lieux)",69003,Lyon,,,https://www.vizzit.fr/fr/property/appartement/lyon-3eme/Aqkw7gkey00n7kp4,,2026-09-24
1599,Vizzit,1104.0,81.0,13.63,Appartement,4 pièce - 3 chambre - 81 m² - s - s,81 m² - 4 pièces - 3 chambres,"LYON 8ème Boulevard des Etats-Unis - Situé dans une résidence sécurisée, découvrez ce ravissant T4 au 9ème étage de 81,74 m² entièrement rénové et avec vue dégagée. Calme et lumineux, il se compose d'un hall d'entrée, d'un séjour/salle à manger et d'une cuisine indépendante entièrement équipée et aménagée (plaque de cuisson, hotte et four).Côté nuit, retrouvez 3 chambres, un espace rangement, une salle d'eau et un WC séparé. Ce bien dispose également d'une cave située sur le palier et d'un stationnement libre dans la résidence. Vous serez à proximité des commodités (écoles, collèges, restaurants, commerces, supermarchés, etc..) et des transports en communs avec à 2 min à pied la ligne de bus 26 et la ligne de tramway T4 arrêt ""Etats-Unis Viviani"". Disponible le 28 septembre. Pour tout renseignement complémentaire, l'agence ESSENTIEL GESTION LOCATIVE directement par téléphone Ce loyer de 1 177 € charges comprises intègre une provision sur charges de 230 € incluant le chauffage, l'eau froide, l'eau chaude et l'entretien des parties communes. (Encadrement des loyers : Loyer de référence : 817,40 € / Loyer de référence majoré : 980,88 €). Dépôt de garantie : 947 € Honoraires d'agence : 1071 € (824 € Visites/Constitution du dossier/Rédaction de bail et 247 € Etat des lieux)",69008,Lyon,,,https://www.vizzit.fr/fr/property/appartement/lyon-8eme/Axnz7p3qgdt4b9j7,,2026-09-24
1600,Vizzit,723.0,32.0,22.59,Studio,32 m² - Studio,32 m² - Studio,,69003,Lyon,,,https://www.vizzit.fr/fr/property/appartement/lyon-3eme/A780esstmtqvwksz,,2026-09-24
1601,Vizzit,1408.0,80.0,17.6,Appartement,3 pièce - 2 chambre - 80 m² - s - s,80 m² - 3 pièces - 2 chambres,,69003,Lyon,,,https://www.vizzit.fr/fr/property/appartement/lyon-3eme/Aqnkzl6e59dqygg0,,2026-09-24
1602,Vizzit,1029.0,57.0,18.05,Appartement,3 pièce - 2 chambre - 57 m² - s - s,57 m² - 3 pièces - 2 chambres,"A proximité immédiate de la Place Bir-Hakeim, T3 dans résidence de standing comprenant un hall d'entrée avec placards, un séjour donnant sur un balcon de 6.67m2, un coin cuisine aménagé et équipé (four, plaques, hotte), deux chambres avec sol parquet et placards, une salle de bains avec baignoire et meuble vasque et un WC séparé. Un parking complète ce bien. Interphone - ASCENSEUR Chauffage et eau chaude ind. au gaz ( chaudière collective). Zone soumise à encadrement des loyers : Loyer de base (loyer hors charges) : 770.74€ /mois Loyer de référence majoré (loyer de base à ne pas dépasser) : 927.20 €/ mois Complément de loyer : 0 € / mois POUR VISITER, MERCI DE CATHERINE SOUIN Les informations sur les risques auxquels ce bien est exposé sont disponibles sur le site Géorisques :",69003,Lyon,,,https://www.vizzit.fr/fr/property/appartement/lyon-3eme/A35kbdxf3doawehm,,2026-09-24
1603,Vizzit,942.0,65.0,14.49,Appartement,3 pièce - 2 chambre - 65 m² - s - s,65 m² - 3 pièces - 2 chambres,"A LOUER - LYON 8 - Rue Hugues Guerin, Immeuble neuf, bel appartement F3 au troisième étage d'une surface de 65.82 m² avec loggia de 5.68m² comprenant un dégagement, un séjour avec coin cuisine aménagée, deux chambres , une salle de bains , un WC. Un garage fait partie de la location. Chauffage par caloporteur. Soumis à Loi PINEL ( plafonds de ressources ) Zone soumise à encadrement des loyers : ref : 12.50€ ref majoré : 15.00€ Bail à part pour garage.",69008,Lyon,,,https://www.vizzit.fr/fr/property/appartement/lyon-8eme/Aho0tx8ea5cdcjtc,,2026-09-24
1604,Vizzit,1137.0,71.0,16.01,Appartement,3 pièce - 2 chambre - 71 m² - s - s,71 m² - 3 pièces - 2 chambres,,69008,Lyon,,,https://www.vizzit.fr/fr/property/appartement/lyon-8eme/Au5jx0unc6qi82sw,,2026-09-24
1605,Vizzit,826.0,52.0,15.88,Appartement,3 pièce - 2 chambre - 52 m² - s - s,52 m² - 3 pièces - 2 chambres,,69008,Lyon,,,https://www.vizzit.fr/fr/property/appartement/lyon-8eme/Ateluac32118yefi,,2026-09-24
1606,Vizzit,779.0,48.0,16.23,Appartement,3 pièce - 48 m² - s,48 m² - 3 pièces,"86 Rue Rachais 69007 Lyon, à proximité de la place St Louis, du parc Sergent Blandan, des commerces et des transports (Métro B / Arrêt Jean Macé), situé au 2ème étage sans ascenseur dans un immeuble ancien, venez découvrir cet appartement T3 composé d'une entrée, une cuisine semie ouverte, un séjour avec des placards, 2 chambres, une salle de bains ainsi qu'un WC. Double vitrage, chauffage individuel électrique. DISPONIBLE IMMÉDIATEMENT. La location pourra être déléguée à Foncia Développement et Location.",69007,Lyon,,,https://www.vizzit.fr/fr/property/appartement/lyon-7eme/Axhwfrl6x0xt2n5a,,2026-09-24
1607,Vizzit,422.0,18.0,23.44,Studio,18 m² - Studio,18 m² - Studio,"Studio entièrement meublé et équipé (lit gigogne extensible, placard, commode, frigo, machine à laver le linge, plaques de cuisson, vaisselle, couette...) avec une salle de douche et des toilettes adjacent. Il est situé dans un quartier très calme, à six minutes du métro Grange Blanche. Il donne sur une cour sans vis à vis ni bruit, avec possibilité de garer un vélo ou une trottinette, et est ensoleillé Eau, électricité et wifi dans les charges. Nous cherchons un locataire à son image: propre et calme.",69003,Lyon,,,https://www.vizzit.fr/fr/property/appartement/lyon-3eme/Axrz8tspaqka33jr,,2026-09-24
1608,Vizzit,381.0,22.0,17.32,Studio,22 m² - Studio,22 m² - Studio,"Au pied du métro Gerland, dans le programme récent ''STAR PLAYER'', studio de 22,80m² a situé au 3ème étage avec ascenseur, comprenant une belle pièce de vie avec kitchenette, une salle de douche avec wc. Proche transports, écoles et commerces. Honoraires: 229.82€ + Frais d'état des lieux: 68.85€ - Zone soumise à l'encadrement des loyers: Loyer de référence médian : 362€HC / Loyer majoré : 435€HC. La prise de rendez-vous s'effectue en ligne, merci de vous rediriger sur notre site IBT GESTION et de cliquer sur la rubrique ""prendre rendez-vous"", celle-ci se situe au niveau du descriptif de l'annonce . Il vous suffira de réserver votre créneau de visite ou de remplir le formulaire afin d'être placé sur la liste d'attente en attendant de recevoir une invitation. Le locataire (hors étudiants) et les garants doivent chacun disposer de revenus équivalents à 3x le montant du loyer. Les garants doivent être des personnes physiques. Aucun dossier ne sera étudié sans visite préalable.",69007,Lyon,,,https://www.vizzit.fr/fr/property/appartement/lyon-7eme/Aihiq0emftkx7u04,,2026-09-24
1611,Vizzit,906.0,63.0,14.38,Appartement,2 pièce - 1 chambre - 63 m² - s,63 m² - 2 pièces - 1 chambre,"Exclusivité orpi - lyon 3ème, 173 avenue lacassagne - grand t2 meublé de 63.69 m², situé au rez-de-chaussée d'une copropriété calme et sécurisée des années 60. L'appartement dispose d'une entrée, d'une belle pièce de vie de 46,96 m² avec une cuisine meublée et équipée, d'une chambre de 10,71 m² avec rangements, d'une salle de bains et d'un wc indépendant. Une cave vient également compléter ce bien. Situation idéale au pied des commerces de montchat et des transports de grange blanche (métro d, tram t2 et t5 et bus).",69008,Lyon,,,https://www.vizzit.fr/fr/property/appartement/lyon-8eme/A7i7asz4yq0vqeah,,2026-09-24
1612,Vizzit,1173.0,72.0,16.29,Appartement,3 pièce - 2 chambre - 72 m² - s - s,72 m² - 3 pièces - 2 chambres,"Location appartement t3 à lyon 08 de 72 m². Cet appartement de particulier est à louer meublé pour un loyer de 1250 € disponible à partir du 01 / 10 / 2026 annonce entre particuliers. Code insee : 69388. Atouts : cave ou local, stationnement possible, balcon ou terrasse, dernier étage, baignoire, sans vis-à-vis, grand séjour, cuisine équipée, proximité transport, cuisine indépendante, proximité commerce.",69008,Lyon,,,https://www.vizzit.fr/fr/property/appartement/lyon-8eme/Agguoxsg1l63xrtj,,2026-09-24
1613,Vizzit,929.0,60.0,15.48,Appartement,2 pièce - 1 chambre - 60 m² - s,60 m² - 2 pièces - 1 chambre,,69007,Lyon,,,https://www.vizzit.fr/fr/property/appartement/lyon-7eme/Awlobdmpc2g0awzt,,2026-09-24
1614,Vizzit,2806.0,150.0,18.71,Appartement,5 pièce - 150 m² - 500 m² de terrain - s,150 m² - 500 m² de terrain - 5 pièces,,69008,Lyon,,,https://www.vizzit.fr/fr/property/immobilier/lyon-8eme/Au0crbpho5gby0pf,,2026-09-24
1615,Vizzit,1079.0,71.0,15.2,Appartement,3 pièce - 2 chambre - 71 m² - s - s,71 m² - 3 pièces - 2 chambres,,69008,Lyon,,,https://www.vizzit.fr/fr/property/appartement/lyon-8eme/Anuvnvhoj5n2pqdi,,2026-09-24
1618,Vizzit,1173.0,35.0,33.51,Appartement,2 pièce - 1 chambre - 35 m² - s,35 m² - 2 pièces - 1 chambre,,69008,Lyon,,,https://www.vizzit.fr/fr/property/appartement/lyon-8eme/Aji24zor8igy2z09,,2026-09-24
1619,Vizzit,788.0,53.0,14.87,Appartement,3 pièce - 2 chambre - 53 m² - s - s,53 m² - 3 pièces - 2 chambres,,69007,Lyon,,,https://www.vizzit.fr/fr/property/appartement/lyon-7eme/At4xqg20yyq1mxnl,,2026-09-24
1620,Vizzit,684.0,41.0,16.68,Appartement,2 pièce - 1 chambre - 41 m² - s,41 m² - 2 pièces - 1 chambre,"Référence 5109 - Disponible de suite. Appartement de type 2 de 41,53 m2 au 1er étage situé Avenue Berthelot à Lyon 7ème. Composé d'un séjour avec placards, kitchenette meublée et équipée (plaques électriques), une chambre, une salle d'eau et wc séparé. Modalité de production de chauffage : Individuel Radiateur Gaz Modalité de production d'eau chaude sanitaire : Individuelle Chaudiere Gaz Eau froide collective. Zone soumise à encadrement des loyers Loyer de base : 664 € Loyer de référence majoré (loyer de base à ne pas dépasser) : 664,20 € Les informations sur les risques auxquels ce bien est exposé sont disponibles sur le site Géorisques: Les informations sur les risques auxquels ce bien est exposé sont disponibles sur le site Géorisques :",69007,Lyon,,,https://www.vizzit.fr/fr/property/appartement/lyon-7eme/Anv98tvabqettluj,,2026-09-24
1621,Vizzit,1398.0,75.0,18.64,Appartement,3 pièce - 2 chambre - 75 m² - s - s,75 m² - 3 pièces - 2 chambres,"LYON 3 / T3 MEUBLÉ - RUE DE LA BUIRE, QUARTIER BIR-HAKEIM Situé dans une petite rue calme, venez découvrir cet appartement de 3 pièces meublé de 2007 et de 75,28 m². Situé au 4èmé étage avec ascenseur, il est composé d'un vaste séjour de 32,24 m² ouvrant sur une très agréable loggia de 7,10m² donnant sur cour, d'une cuisine meublée et équipée, de deux chambres avec placards, d'un balcon filant donnant sur rue (5,80m²), d'une salle de bain avec baignoire, d'un W.C indépendant avec lave mains. Un garage en sous-sol complète ce logement. Eau chaude et Chauffage individuel électrique, eau froide collective. Disponibilité immédiate. Loyer mensuel hors charges : 1390,00 EUR/mois Provisions pour charges, soumises à régularisation annuelle : 100,00 EUR/mois Dépôt de garantie : 2780,00 EUR Honoraires location : 759,58 EUR Etat des lieux : 228,10 EUR Zone soumise à l'encadrement des loyers Loyer médian : 15.00€ / m² Loyer majoré : 18.",69003,Lyon,,,https://www.vizzit.fr/fr/property/appartement/lyon-3eme/A9i1vlfm8gr4mc6i,,2026-09-24
1622,Vizzit,1077.0,115.0,9.37,Appartement,4 pièce - 3 chambre - 115 m² - s - s,115 m² - 4 pièces - 3 chambres,"À louer, au 9 rue Sébastien Gryphe, dans le 7e arrondissement de Lyon, spacieux appartement T4 de 115,02 m² situé au 1er étage. Le logement se compose d'un agréable séjour, de trois chambres, d'une cuisine séparée ainsi que d'une salle de bains. Sa belle superficie offre un cadre de vie confortable et fonctionnel. Des travaux sont actuellement prévus dans l'appartement. Le logement ne sera donc pas disponible immédiatement. La date de disponibilité sera précisée en fonction de l'avancement des travaux. -> Si vous souhaitez candidater, veuillez déposer votre dossier sur Seventee. Le loyer est de 1148€ (dont de 100€ charges). Les honoraires sont de 1509.06€ (dont 348.51€ d'état des lieux). Le dépôt de garantie est de 1048€ . Encadrement des loyers : Loyer de référence : 11.7€/m2 Loyer majoré : 14€/m2 Loyer minoré : 8.",69007,Lyon,,,https://www.vizzit.fr/fr/property/appartement/lyon-7eme/Anpmhabkwws38doe,,2026-09-24
1623,Vizzit,1032.0,88.0,11.73,Appartement,3 pièce - 2 chambre - 88 m² - s - s,88 m² - 3 pièces - 2 chambres,"Rue Domremy- Spacieux T3 de 88 m² situé au 6ème et dernier étage avec ascenseur dans un immeuble bien entretenu avec une jolie vue dégagée. Appartement composé d'un beau séjour avec rangement, d'une cuisine aménagée et équipée (plaques induction, hotte, four, lave-vaisselle, micro-onde, réfrigérateur/congélateur), 2 chambres donnant sur balcon, une grande salle d'eau et WC séparé. Garage privatif et cave. Chauffage individuel électrique, double vitrage.. Des travaux d'isolation des murs sont en cours de réalisation pour améliorer la performance énergétique du logement Visite virtuelle : Loyer : 1020,46€ + charges 80,00€ (charges communes d'immeuble + entretien immeuble) Dépôt de Garantie : 1020,46€ Honoraire d'agence : 1154,56€ (dont 266,64€ de frais d'état des lieux d'entrée + 887,92€ de frais de recherche de locataires, constitution de dossier et rédaction de bail). LIBRE au DPE : 310E GES : 12C Frais annuel d'énergie pour chauffage : 2510 et 3430€ selon l'index 2021. •Zone soumise à l'encadrement des loyers : •Zone soumise à l'encadrement des loyers : Loyer de référence : 1056 ,00€ Loyer Majoré : 1267,20€ Loyer Minoré : 739,20 Les informations sur les risques auxquels ce bien est exposé sont disponibles sur le site Géorisques :",69003,Lyon,,,https://www.vizzit.fr/fr/property/appartement/lyon-3eme/Ao5sb45mph5vgtbq,,2026-09-24
1624,Vizzit,1201.0,69.0,17.41,Appartement,3 pièce - 2 chambre - 69 m² - s - s,69 m² - 3 pièces - 2 chambres,"CONTACT PAR MAIL UNIQUEMENT - PAS DE COLOCATION POSSIBLE - MEUBLE Au 58 avenue Jean Mermoz, face à la clinique privée, retrouvez dans une résidence sécurisée, au 3ème étage, ce bel appartement de 70m2. Vous bénéficiez de tout le confort d'une résidence récente : climatisation, ascenseur, bonne isolation. L'appartement se compose d'une entrée avec placard, un WC séparé, une cuisine équipée ouverte sur un grand séjour donnant accès à une loggia spacieuse et au calme, un coin nuit composé de deux chambres avec une salle d'eau. L'appartement donne entièrement au calme sur une rue à sens unique. Le chauffage est individuel électrique. L'eau chaude et l'eau froide sont incluses dans les charges. L'appartement bénéficie d'un garage fermé en sous sol. Disponible dès maintenant ! Loyer de 1080 euros + 200 euros de charges (copropriété, provision eau froide, provision eau chaude) Dépôt de garantie : 2160 euros Honoraires de location à la charge du locataire : 911.97 euros ( dont 210.62 euros pour l'état des lieux ) AGENCE NESTENN LYON 8",69008,Lyon,,,https://www.vizzit.fr/fr/property/appartement/lyon-8eme/A7r76wut4h159u2y,,2026-09-24
1625,Vizzit,882.0,50.0,17.64,Appartement,2 pièce - 1 chambre - 50 m² - s,50 m² - 2 pièces - 1 chambre,"Au coeur du quartier recherché de Montchat, à proximité immédiate de l'arrêt de tramway Grange Blanche et de l'arrêt de métro Sans Souci, découvrez ce T2 meublé et climatisé situé au 3ème étage d'un immeuble avec ascenseur. L'appartement se compose d'un hall d'entrée avec rangements et dressing, d'un séjour ouvert sur une cuisine toute équipée, d'une chambre confortable, d'une salle de bains ainsi qu'un WC séparé. Chauffage et Eau chaude Collectif Gaz. Eau Froide Collective. Forfait (abonnement) Internet compris dans les charges. Provisions pour charges avec régularisation annuelle Zone soumise à l'encadrement des loyers. Loyer de référence majoré : 893.20 euros. Loyer de base : 820.00 euros. Complément de loyer : 0.00 euros Performance énergétique E. Performance climatique E. Montant estimé des dépenses annuelles d'énergie pour un usage standard : entre 960.00 euros et 1 350.00 euros par an selon prix moyens des énergies indexés sur les années 2021, 2022, 2023 (abonnements compris). (C. envir., art. R. 125-25, I) Honoraires de 659,15 euros TTC à la charge du locataire comprenant 147,08 euros TTC pour l'état des lieux. Zone soumise à encadrement des loyers. Loyer de référence majoré (loyer de base à ne pas dépasser) 893.20 euros/mois. Loyer de base 820.00 euros/mois. Provision sur charges 120 euros/mois, régularisation annuelle. Dépôt de garantie 1 640 euros. Classe énergie E, Classe climat E Montant estimé des dépenses annuelles d'énergie pour un usage standard : entre 960.00 euros et 1350.00 euros sur les années 2021, 2022 et 2023 (abonnements compris).",69003,Lyon,,,https://www.vizzit.fr/fr/property/appartement/lyon-3eme/A1lfdahjry559ngz,,2026-09-24
1626,Vizzit,1003.0,121.0,8.29,Appartement,3 pièce - 2 chambre - 121 m² - s - s,121 m² - 3 pièces - 2 chambres,"LYON 8° Avenue des Frères Lumière. F3 situé au 3e étage, 121 m² . Comprenant entrée, grand séjour avec deux alcôves + deux chambres, cuisine, salle de bains et WC. Chauffage individuel électrique. Proximité école, commerces, transports.. Libre de suite. Contact : SERVICE LOCATION Zone soumise à l'encadrement des loyers : OUI -Loyer de base : 12.10 € par m² -Loyer majoré : 14.50 € par m2 -Complément de loyer : NON -Loyer mensuel charges comprises : 1069.00 € par mois Dont provision sur charges : 82.00 € par mois -Dépôt de garantie : 987.00 € -Honoraires location : 1 587.52 € Dont pour l'état des lieux : 366.",69008,Lyon,,,https://www.vizzit.fr/fr/property/appartement/lyon-8eme/Avmsn69fpe0o0i5l,,2026-09-24
1627,Vizzit,791.0,51.0,15.51,Appartement,3 pièce - 2 chambre - 51 m² - s - s,51 m² - 3 pièces - 2 chambres,"Situé dans le 8ème arrondissement de Lyon, au coeur du quartier Grand Trou avec un emplacement privilégié à deux pas de la place Belleville, de la route de Vienne et de la ligne de Tram T2 (arrêt Jet d'eau). Découvrez ce T3 meublé situé au RDC sur cour. Le bien se compose d'un séjour, d'une cuisine, de deux chambres, d'une salle de bains (l'accès se fait par une des chambres), d'un WC indépendant et d'une terrasse avec mobilier extérieur. Chauffage et Eau Chaude individuel électrique. Eau Froide Individuelle Provisions sur charges avec régulation annuelle. Zone soumise à l'encadrement des loyers. Loyer de référence majoré : 814.36 euros. Loyer de base : 805.51 euros. Complément de loyer : 0.00 euros Performance énergétique E. Performance climatique B. Montant estimé des dépenses annuelles d'énergie pour un usage standard entre 1 320.00 euros et 1 820.00 euros par an selon prix moyens des énergies indexés sur les années 2021, 2022, 2023 (abonnement compris). (C. envir., art. R. 125-25, I) Honoraires de 670,44 euros TTC à la charge du locataire comprenant 147,08 euros TTC pour l'état des lieux. Zone soumise à encadrement des loyers. Loyer de référence majoré (loyer de base à ne pas dépasser) 814.36 euros/mois. Loyer de base 805.51 euros/mois. Provision sur charges 37 euros/mois, régularisation annuelle. Dépôt de garantie 1 611,02 euros. Classe énergie E, Classe climat B Montant estimé des dépenses annuelles d'énergie pour un usage standard : entre 1320.00 euros et 1820.00 euros sur les années 2021, 2022 et 2023 (abonnements compris).",69008,Lyon,,,https://www.vizzit.fr/fr/property/appartement/lyon-8eme/Anwbaxe6oe62uoux,,2026-09-24
1628,Vizzit,814.0,50.0,16.28,Appartement,2 pièce - 1 chambre - 50 m² - s,50 m² - 2 pièces - 1 chambre,"3 avenue des frères Lumière, situé juste côté de la manufacture des tabacs (Université Lyon 3), cet appartement spacieux se compose d'un salon lumineux avec parquet, d'une chambre avec parquet, d'une grande cuisine indépendante et d'une salle de bain. 5 eme étage sans ascenseur. DPE : D Appartement soumis la garantie loyer impayé. Loyer de référence : 697.18 € Loyer de référence majoré : 838.63 € Merci de déposer votre dossier de candidature sur Oralia. Loyer de 867,00 euros par mois charges comprises dont 32,00 euros par mois de provision pour charges (soumis la régularisation annuelle). Les honoraires charge locataire sont de 554,40 euros ( soit 10,97 euros/m² ) dont 153,08 euros pour état des lieux ( soit 3,03 euros/m² ). Montant estimé des dépenses annuelles d'énergie pour un usage standard : entre 850 et 1190 euros. Prix moyens des énergies indexés en 2021. Zone soumise encadrement des loyers. Le loyer de base du bien proposé est de 835 euros, le loyer de référence majoré (fixé par arrêté préfectoral) est de 838,632 euros",69008,Lyon,,,https://www.vizzit.fr/fr/property/appartement/lyon-8eme/Ao41qczvboi3akxs,,2026-09-24
1629,Vizzit,741.0,32.0,23.16,Appartement,2 pièce - 1 chambre - 32 m² - s,32 m² - 2 pièces - 1 chambre,"Rue St Fulbert, dans un immeuble récent de standing, bel appartement de type T2 entiérement meublé de 32.17m² en rez de jardin comprenant une entrée, un beau séjour avec une cuisine ouverte équipée donnant accès à la térasse et au jardin, une chambre avec une salle de bains et un WC. Entièrement rénové, au calme, lumineux, et sans vis-à-vis, cet appartement est au pied des transports, écoles et commerces. Eau inclus dans les charges. Honoraires 324.27€ + 97.15€ Frais d'état des lieux. Loyer de référence Médian : 527€HC / Loyer majoré : 633€HC/ Complément: 80€. Zone soumise à encadrement des loyers. La prise de rendez-vous s'effectue en ligne, merci de vous rediriger sur notre site IBT GESTION et de cliquer sur la rubrique ""prendre rendez-vous"", celle-ci se situe au niveau du descriptif de l'annonce . Il vous suffira de réserver votre créneau de visite ou de remplir le formulaire afin d'être placé sur la liste d'attente en attendant de recevoir une invitation. Le locataire (hors étudiants) et les garants doivent chacun disposer de revenus équivalents à 3x le montant du loyer. Les garants doivent être des personnes physiques. Aucun dossier ne sera étudié sans visite préalable. .",69008,Lyon,,,https://www.vizzit.fr/fr/property/appartement/lyon-8eme/Azzykqixed69wl07,,2026-09-24
1630,Vizzit,582.0,22.0,26.45,Studio,22 m² - Studio,22 m² - Studio,"A SAISIR ! La Régie Bellecour propose un beau studio meublé situé a proximité des écoles et facultés, commodités et transports. Cet appartement se compose d'une entrée, d'un bel espace de vie aménagé avec goût ( rangement, bureau,..) avec une cuisine ouverte aménagée et équipée (réfrigérateur, four, plaque à induction et machine à café), d'une belle salle d'eau avec WC séparé. Cet appartement est idéal pour un jeune actif ou étudiant. Si vous êtes intéressé n'hésitez pas à nous . Loyer HC : 595.00€ incluant un complément de loyer de 69.20€ justifié par la rénovation récente, le mobilier et les équipements de qualité. Charges: 25,00€ incluant l'entretien des parties communes Dépôt de garantie : 1 180,00€ Honoraires de location : 286,00€",69007,Lyon,,,https://www.vizzit.fr/fr/property/appartement/lyon-7eme/An8yrx4nths9iv50,,2026-09-24
1631,Vizzit,685.0,31.0,22.1,Appartement,2 pièce - 1 chambre - 31 m² - s,31 m² - 2 pièces - 1 chambre,"Découvrez ce charmant appartement situé dans le quartier prisé des Girondins, au cœur du 7ème arrondissement de Lyon. Situé sur le Boulevard Yves Farge, cet appartement de 31 m² est idéal pour les personnes seules ou les couples à la recherche d'un cadre de vie dynamique et accessible. Ce bien immobilier se compose de deux pièces fonctionnelles, offrant un agencement pratique pour maximiser l'espace. Le logement comprend une salle de bain et un WC séparé, ce qui est particulièrement appréciable pour le confort quotidien. La cuisine est entièrement équipée, vous permettant de préparer vos repas avec aisance. l'appartement se trouve au quatrième étage d'un immeuble de dix étages avec deux ascenseurs, rendant l'accès facile et pratique. De plus, une cave est incluse, offrant un espace de rangement supplémentaire pour vos affaires. La localisation de cet appartement est un véritable atout. À seulement 30 mètres de l'arrêt de bus Ayasse - Yves Farge, vos trajets quotidiens deviennent un jeu d'enfant. Vous avez également un accès rapide aux lignes de bus 34A et C7B à 284 mètres, ainsi qu'à la station de tram T1 de l'ENS Lyon, située à 440 mètres. Pour vos courses, le Super U, un supermarché bien approvisionné, n'est qu'à 160 mètres, vous permettant de faire vos emplettes en toute simplicité. Les étudiants apprécieront la proximité de l'Institut de gestion comptable et informatique du transport, à 410 mètres, ainsi que l'École Normale Supérieure de Lyon, à seulement 480 mètres. De plus, le quartier regorge de restaurants à distance de marche, vous permettant de découvrir une variété de cuisines dans un cadre agréable. En conclusion, cet appartement aux Girondins est une opportunité à ne pas manquer pour les célibataires et les couples souhaitant s'installer à Lyon. Avec son emplacement central, ses commodités pratiques, et son ambiance conviviale, il saura répondre à vos besoins tout en offrant un cadre de vie agréable. N'attendez plus et contactez-nous dès aujourd'hui pour organiser une visite de ce bien qui pourrait être votre futur chez-vous dans la belle ville de Lyon ! ps: possibilité d'avoir un stationnement en sus",69007,Lyon,,,https://www.vizzit.fr/fr/property/appartement/lyon-7eme/Ao3r7jyggnd1yihi,,2026-09-24
1633,Vizzit,1586.0,87.0,18.23,Appartement,4 pièce - 3 chambre - 87 m² - s - s,87 m² - 4 pièces - 3 chambres,"Très rare. Superbe appartement meublé en dernier étage avec terrasse de 107 m². Venez découvrir ce magnifique appartement de 87.20 m² au 8ème et dernier étage avec ascenseur, possédant une entrée avec placard, un séjour/cuisine US meublée et équipée, trois chambres (12m², 16m² et 10 m²), une salle de bains avec baignoire, un toilette séparé et un garage PMR en sous-sol. Vous apprécierez sa terrasse de 107 m² avec sa triple exposition (nord, sud et sud/ouest) et sa vue panoramique. Libre de suite. Mobilier sur demande. Rendez-vous sur notre site internet, pour consulter la visite virtuelle et pour déposer votre dossier de candidature et obtenir une visite.",69008,Lyon,,,https://www.vizzit.fr/fr/property/appartement/lyon-8eme/Akg8l0xa9yhmzdwp,,2026-09-24
1634,Vizzit,604.0,31.0,19.48,Studio,31 m² - Studio,31 m² - Studio,"Rue de la Fraternité - A deux pas des commerces et transports en commun (trams T2 et T4 arrêt Jet d'Eau). Agréable T1 de 32m² en rez-de-jardin situé dans une résidence récente bénéficiant d'un environnement calme. Il se compose d'une pièce principale avec lit mezzanine, d'une cuisine ouverte aménagée et équipée (plaques de cuisson et frigo), d'un placard et d'une salle de bains avec WC. Le bien bénéficie d'un jardin privatif. Eau chaude, eau froide et chauffage collectifs. Fenêtres double vitrage PVC. Pour visiter, veuillez déposer au préalable votre dossier de candidature via le site internet de notre agence, rubrique ""Location"", ""Mon dossier en ligne"".",69008,Lyon,,,https://www.vizzit.fr/fr/property/appartement/lyon-8eme/A0jz9pyutqdcgpo7,,2026-09-24
1635,Vizzit,1220.0,56.0,21.79,Appartement,2 pièce - 1 chambre - 56 m² - s,56 m² - 2 pièces - 1 chambre,"T2 BIS MEUBLE 56.39 M² - 1 RUE FELIX FAURE LYON 7 Très belles prestations et superbe vue pour cet appartement au 8ème étage avec ascenseur comprenant une entrée, un salon, un coin repas, une cuisine (équipée), une grande chambre avec placard, une salle de bain/toilettes. Une terrasse plein ciel avec vue sur Fourvière et une loggia fermée. Une cave en annexe. Loyer : 1 040.00€ Charges mensuelles : 260 € (entretien des communs, ascenseur, chauffage collectif avec répartiteurs individuels, consommation d'eau chaude et froide). Honoraires locataires : 663.90 € (dont 100€ pour l'état des lieux d'entrée). Dépôt de garantie : 2 080.00 € Contact agence : MOULOISE Paul",69007,Lyon,,,https://www.vizzit.fr/fr/property/appartement/lyon-7eme/Au7pwbnr8jjfuml0,,2026-09-24
1637,Vizzit,1243.0,66.0,18.83,Appartement,3 pièce - 2 chambre - 66 m² - s - s,66 m² - 3 pièces - 2 chambres,"T3 LYON 3ème - 52 rue Abbé Boisard 69003 LYON Clesev vous propose à la location, dans une résidence récente située rue Abbé Boisard à Lyon 3ème, à seulement 5 minutes à pied de la Gare Part Dieu, cet appartement de type 3 meublé situé au 1er étage avec ascenseur. L'appartement se compose d'une entrée, d'une cuisine aménagée et équipée ouverte sur le séjour donnant accès à un balcon, de deux chambres dont une avec placard, ainsi que d'une salle de bains. Le chauffage, l'eau froide et l'eau chaude sont inclus dans les charges. Idéalement situé, cet appartement bénéficie de la proximité immédiate de la Gare Part Dieu, des transports, des commerces et de toutes les commodités. Contactez-nous dès maintenant sur Seventee pour organiser une visite et découvrir votre futur logement !. Loyer de 1 325,00 euros par mois charges comprises dont 160,00 euros par mois de provision pour charges (soumis à la régularisation annuelle). Les honoraires charge locataire sont de 877,73 euros ( soit 13,12 euros/m² ) dont 202,71 euros pour état des lieux ( soit 3,03 euros/m² ). DPE ANCIENNE VERSION.",69003,Lyon,,,https://www.vizzit.fr/fr/property/appartement/lyon-3eme/Ahjwngtxx1vdyvlc,,2026-09-24
1638,Vizzit,453.0,21.0,21.57,Studio,21 m² - Studio,21 m² - Studio,"Rue Saint Isidore, quartier Montchat, dans un petit immeuble ancien, beau studio au rez de chaussée de 21.20m² comprenant une pièce de vie avec une cuisine ouverte, une salle de douche avec des wc. Eau froide comprise dans les charges. Honoraires: 213.65€ + Frais d'état des lieux: 64.02€ / Zone soumise à encadrement des loyers / Loyer de référence Médian : 362€HC / Loyer majoré : 434€HC / Complément de loyer : 19€ HC La prise de rendez-vous s'effectue en ligne, merci de vous rediriger sur notre site IBT GESTION et de cliquer sur la rubrique ""prendre rendez-vous"", celle-ci se situe au niveau du descriptif de l'annonce . Il vous suffira de réserver votre créneau de visite ou de remplir le formulaire afin d'être placé sur la liste d'attente en attendant de recevoir une invitation. Le locataire (hors étudiants) et les garants doivent chacun disposer de revenus équivalents à 3x le montant du loyer. Les garants doivent être des personnes physiques. Aucun dossier ne sera étudié sans visite préalable.",69003,Lyon,,,https://www.vizzit.fr/fr/property/appartement/lyon-3eme/Aewjjuum4hx0iej1,,2026-09-24
1639,Vizzit,1500.0,110.0,13.64,Appartement,5 pièce - 4 chambre - 110 m² - s - s,110 m² - 5 pièces - 4 chambres,"A LOUER - LYON 8° - RUE PUISARD - Appartement F5 de 110.28 m² au 5ème étage d'un immeuble neuf avec ascenseur comprenant un séjour avec coin cuisine aménagée, quatre chambres, salle d'eau avec WC, salle de bains, WC, 2 terrasses et un garage double. Chauffage individuel gaz. Location soumise à plafonds de ressources PINEL. Garage double indissociable 90€, en plus. Zone soumise à encadrement des loyers : Prix de référence : 11.70 €/m² Prix majoré : 14.",69008,Lyon,,,https://www.vizzit.fr/fr/property/appartement/lyon-8eme/A1o60fgjrwhm63mj,,2026-09-24
1640,Vizzit,1607.0,120.0,13.39,Appartement,5 pièce - 4 chambre - 120 m² - s - s,120 m² - 5 pièces - 4 chambres,"A LOUER - LYON 8 - Rue Hugues Guerin, Immeuble neuf, bel appartement F5 au troisième étage , d'une surface de 120.4 m² avec deux terrasses de 45.67m² et 74.43m² comprenant un dégagement, un séjour avec coin cuisine aménagée, quatre chambres , une salle d'eau , une salle de bains, un WC. Un garage fait partie de la location. Chauffage par caloporteur. Garage en sus indissociable 62€ Soumis à Loi PINEL ( plafonds de ressources ) Zone soumise à encadrement des loyers : ref : 11.70€ ref majoré : 14.",69008,Lyon,,,https://www.vizzit.fr/fr/property/appartement/lyon-8eme/Aluyr0kzmbjj2hcu,,2026-09-24
1641,Vizzit,949.0,43.0,22.07,Appartement,2 pièce - 1 chambre - 43 m² - s,43 m² - 2 pièces - 1 chambre,"Secteur Jean Macé, bel appartement T2 Meublé au 3ème étage comprenant une entrée, un séjour avec un espace cuisine aménagée et équipée ( frigo, hotte , plaques, lave-vaisselle, four, micro-ondes), une chambre, une salle de bains avec baignoire et meuble vasque et un WC séparé. Un garage complète ce bien Chauffage individuel électrique Ascenseur Zone soumise à encadrement des loyers : Loyer de base (loyer hors charges) : 685.15€ /mois Loyer de référence majoré (loyer de base à ne pas dépasser) : 820.43 €/ mois Complément de loyer : 0 € / mois POUR VISITER DEMANDER CATHERIEN SOUIN Les informations sur les risques auxquels ce bien est exposé sont disponibles sur le site Géorisques :",69007,Lyon,,,https://www.vizzit.fr/fr/property/appartement/lyon-7eme/Aymxqrkcq8k6sxzs,,2026-09-24
1642,Vizzit,679.0,31.0,21.9,Appartement,1 pièce - 31 m²,31 m² - 1 pièce,"T1 Lyon 8ème secteur Jet d'Eau Rue de la Fraternité - A deux pas des commerces et transports en commun (trams T2 et T4 arrêt Jet d'Eau). Agréable T1 de 32 m² en rez-de-jardin situé dans une résidence récente bénéficiant d'un environnement calme. Il se compose d'une pièce principale avec lit mezzanine, d'une cuisine ouverte aménagée et équipée (plaques de cuisson et frigo), d'un placard et d'une salle de bains avec WC. Le bien bénéficie d'un jardin privatif. Eau chaude, eau froide et chauffage collectifs. Fenêtres double vitrage PVC. Pour visiter, veuillez déposer au préalable votre dossier de candidature via le site internet de notre agence, rubrique 'Location', 'Mon dossier en ligne'.",69008,Lyon,,,https://www.vizzit.fr/fr/property/appartement/lyon-8eme/Al84evcx3vxgn2yr,,2026-09-24
1644,Vizzit,1126.0,49.0,22.98,Appartement,3 pièce - 1 chambre - 49 m² - s,49 m² - 3 pièces - 1 chambre,,69007,Lyon,,,https://www.vizzit.fr/fr/property/appartement/lyon-7eme/A60qn7v1kb5lnkqx,,2026-09-24
1645,Vizzit,845.0,43.0,19.65,Appartement,2 pièce - 1 chambre - 43 m² - s,43 m² - 2 pièces - 1 chambre,,69008,Lyon,,,https://www.vizzit.fr/fr/property/appartement/lyon-8eme/Acngwpkuqcmmoekn,,2026-09-24
1646,Vizzit,585.0,31.0,18.87,Studio,31 m² - Studio,31 m² - Studio,,69003,Lyon,,,https://www.vizzit.fr/fr/property/appartement/lyon-3eme/Actb7rfir8dt7ld5,,2026-09-24
1647,Vizzit,1629.0,106.0,15.37,Appartement,5 pièce - 4 chambre - 106 m² - s - s,106 m² - 5 pièces - 4 chambres,"Maison individuelle dans petit lotissement, d'une superficie de 106 m2, comprenant au rez-de-chaussée: un hall, un grand séjour, une cuisine et un WC + à l'étage: 4 chambres dont une avec une salle d'eau (douche), une salle de bains et un WC. Proximité du Parc de Parilly et de commerces. Un garage et un jardin privatif de 98 m2 viennent compléter le bienChauffage individuel gaz central (chaudière neuve)Libre de suite Honoraires de 1 060,10 € TTC à la charge du locataire comprenant 318,03 € TTC pour l'état des lieux. Zone soumise à encadrement des loyers. Loyer de référence majoré (loyer de base à ne pas dépasser) 1462.80 €/mois. Loyer de base 1587.93 €/mois. Provision sur charges 23 €/mois, régularisation annuelle. Complément de loyer 125,13 €/mois. Dépôt de garantie 1 587,93 €. Classe énergie C, Classe climat C Montant estimé des dépenses annuelles d'énergie pour un usage standard: entre 1460.00 € et 2020.00 € sur les années 2021, 2022 et 2023 (abonnements compris).",69008,Lyon,,,https://www.vizzit.fr/fr/property/immobilier/lyon-8eme/A3jxhidybbnv5xom,,2026-09-24
1649,Vizzit,1506.0,86.0,17.51,Appartement,3 pièce - 2 chambre - 86 m² - s - s,86 m² - 3 pièces - 2 chambres,,69003,Lyon,,,https://www.vizzit.fr/fr/property/appartement/lyon-3eme/Axryh1hmqsx80lzl,,2026-09-24
1650,Vizzit,798.0,52.0,15.35,Appartement,2 pièce - 1 chambre - 52 m² - s,52 m² - 2 pièces - 1 chambre,,69003,Lyon,,,https://www.vizzit.fr/fr/property/appartement/lyon-3eme/Afzvbuzg2p9alc06,,2026-09-24
1651,Vizzit,1018.0,71.0,14.34,Appartement,3 pièce - 2 chambre - 71 m² - s - s,71 m² - 3 pièces - 2 chambres,"..239 Avenue Jean Jaurès Lyon 7ème, résidence située à proximité des transports et de toutes commodités 239 avenue Jean Jaurès 69007 LYON - Métro DEBOURG et JEAN JAURES , avec garage et balcon. In'li Aura vous propose cet appartement T3 en location, avec garage et balcon. Proche commerces et métro Ce bien de 71m², au 1er étage avec ascenseur, se compose de : - Une entrée - Un salon, donnant sur le balcon - Une cuisine simple et séparée, - Deux chambres, au calme - Une salle de bain avec baignoire - Un WC séparé - Plusieurs rangements Vous disposez d'un garage en sous-sol sécurisé. Inclus dans les charges : communs. Type de chauffage : individuel au gaz Estimation des coûts annuels d'énergie entre 900 euros et 1270 euros Ce logement vous intéresse ? 1. Vérifiez votre éligibilité : au moins un des demandeurs doit être salarié d'une entreprise privée de plus de 10 salariés. 2. Déposez votre dossier COMPLET sur notre site inli Les + d'in'li Aura : - Des loyers à prix maitrisés, en moyenne 10% moins chers que les prix du marché en zone tendue - Pas de frais d'agence ni de frais d'état des lieux - Pas de garants physiques - Garantie Visale recommandée si vous êtes éligibles (testez votre éligibilité sur le site Visale) In'li Aura, acteur de référence du logement à prix maitrisé en Auvergne Rhône-Alpes, propose des logements à prix maitrisés pour les jeunes actifs et salariés du secteur privé.",69007,Lyon,,,https://www.vizzit.fr/fr/property/appartement/lyon-7eme/A9s1k6ycod6e5ojx,,2026-09-24
1652,Vizzit,1594.0,89.0,17.91,Appartement,4 pièce - 3 chambre - 89 m² - s - s,89 m² - 4 pièces - 3 chambres,,69008,Lyon,,,https://www.vizzit.fr/fr/property/appartement/lyon-8eme/Aum55nfg8t92evlc,,2026-09-24
1653,Vizzit,741.0,47.0,15.77,Appartement,2 pièce - 1 chambre - 47 m² - s,47 m² - 2 pièces - 1 chambre,"A LOUER - LYON 7, rue de la Guillotière, bel appartement T2 de 47.13m², Au coeur d'un quartier vivant et commerçant, à deux pas du métro ligne D - Station Garibaldi. Installé en entresol d'une résidence sécurisée avec ascenseur, interphone et local poubelles, l'appartement offre un cadre de vie confortable et agréable. Il se compose d'une entrée avec placard, d'un séjour lumineux ouvert sur une cuisine aménagée (plaques de cuisson et hotte), d'une chambre spacieuse, d'une salle d'eau ainsi que de WC indépendants. Le chauffage est individuel au gaz, pour un meilleur confort de gestion. Un appartement idéal pour profiter pleinement de la vie lyonnaise, alliant praticité, confort et situation privilégiée. Zone soumise à l'encadrement des loyers. Loyer médian : 13.",69007,Lyon,,,https://www.vizzit.fr/fr/property/appartement/lyon-7eme/Ap9nbysmbh2ridnf,,2026-09-24
1654,Vizzit,723.0,35.0,20.66,Studio,35 m² - Studio,35 m² - Studio,"Résidence calme, sécurisée et arborée Sans vis à vis Studio spacieux et lumineux entièrement rénové Entrée indépendante Débarras indépendant spacieux aménagé Salle de bain avec baignoire Pièce de vie lumineuse, véritable parquet au sol. Grand balcon sans vis à vis . Important : chauffage et eau compris dans les charges mensuelles.",69007,Lyon,,,https://www.vizzit.fr/fr/property/appartement/lyon-7eme/A5x5vw2f3mqyt7yj,,2026-09-24
1656,Vizzit,1226.0,66.0,18.58,Appartement,3 pièce - 2 chambre - 66 m² - s - s,66 m² - 3 pièces - 2 chambres,,69007,Lyon,,,https://www.vizzit.fr/fr/property/appartement/lyon-7eme/Axejvu40f8wr07b8,,2026-09-24
1657,Vizzit,1257.0,91.0,13.81,Appartement,4 pièce - 3 chambre - 91 m² - s - s,91 m² - 4 pièces - 3 chambres,"A louer JOLI T4 en bon état, comprenant une entrée avec placard, une cuisine aménagée et partiellement équipée (plaques élec., hotte) ouverte sur le séjour, un séjour avec sol parquet et cheminée décorative, 3 chambres avec parquet - placards et cheminées décoratives, une salle de bains avec baignoire, meuble/vasque et WC, une salle de douche attenante à une chambre, un WC séparé. A voir.. Zone soumise à encadrement des loyers : Loyer de base (loyer hors charges) : 1 110.20 € /mois Loyer de référence majoré (loyer de base à ne pas dépasser) : 1 328.",69003,Lyon,,,https://www.vizzit.fr/fr/property/appartement/lyon-3eme/Am82jcwf2597y6p8,,2026-09-24
1661,Vizzit,845.0,65.0,13.0,Appartement,3 pièce - 2 chambre - 65 m² - s - s,65 m² - 3 pièces - 2 chambres,,69008,Lyon,,,https://www.vizzit.fr/fr/property/appartement/lyon-8eme/Agr2p898w8xif4wz,,2026-09-24
1662,Vizzit,1060.0,75.0,14.13,Appartement,4 pièce - 3 chambre - 75 m² - s - s,75 m² - 4 pièces - 3 chambres,"Location meublée - Rue Miriam Makeba Au sein d'une résidence entretenue et sécurisée avec gardienne, cet appartement rénové séduit par son environnement paisible et sa luminosité. Dès l'entrée, vous découvrez une agréable pièce de vie avec cuisine ouverte sur séjour. Dans le prolongement du séjour, un espace aujourd'hui aménagé en salle à manger donnant accès à un bacon, offre une belle flexibilité d'aménagement et pourra facilement être transformé en troisième chambre selon vos besoins. L'espace nuit se compose de deux chambres ainsi que d'une salle d'eau entièrement rénovée. Une cave en sous-sol complète ce lot d'habitation. De nombreux travaux de rénovation ont été réalisés afin d'offrir un confort optimal : remise aux normes de l'installation électrique, remplacement de la chaudière au gaz, rénovation des revêtements de sols, rénovation de la salle d'eau, amélioration de l'isolation sur une partie des murs et réfection complète des peintures. Conditions financières : Loyer mensuel hors charges : 1020 € Provision sur charges : 110 € / mois Loyer mensuel charges comprises : 1130 € Honoraires locataire : 975 € TTC (750 € constitution du dossier / rédaction du bail + 225 € état des lieux) Dépôt de garantie : 2040 € (2 mois de loyer hors charges) Encadrement des loyers – Lyon : Loyer de référence : 847,50 € Loyer de référence majoré : 1020€",69008,Lyon,,,https://www.vizzit.fr/fr/property/appartement/lyon-8eme/Ao0vmm06uhc8ypvi,,2026-09-24
1664,Vizzit,878.0,68.0,12.91,Appartement,3 pièce - 2 chambre - 68 m² - s - s,68 m² - 3 pièces - 2 chambres,"Appartement de Type T3 - avenue Général Frère pour une superficie de 68.30 m². Au pied du Métro ligne D - Station Mermoz-Pinel Proche des Universités et de toutes les commodités.. Situé au 3ème étage avec ascenseur. Se composant d'une entrée, un beau et vaste séjour carrelé ouvert sur un balcon, une cuisine (meubles bas..), 2 chambres, une salle de bains (baignoire, miroir..) et un WC. Le chauffage est collectif. Pour faciliter votre quotidien se trouve un place de parking numéro 11 en surface. ZONE SOUMISE A ENCADREMENT DES LOYERS : Prix réf : 10.09 €/m². Prix majoré : 13.",69008,Lyon,,,https://www.vizzit.fr/fr/property/appartement/lyon-8eme/Ag42mx2syog0wj7s,,2026-09-24
1665,Vizzit,1318.0,70.0,18.83,Appartement,3 pièce - 2 chambre - 70 m² - s - s,70 m² - 3 pièces - 2 chambres,"1405€ cc / mois a visiter ! Part dieu spacieux f3 meublé dans résidence composé d'une entrée, séjour, cuisine équipée, 2 chambres, placards, sdb, sdd, terrasse 10 m², interphone, digicode, double vitrage, volets roulants, garage ( + 100€). Zone soumise à encadrement des loyers. Loyer de base : 1260€. Loyer de référence majoré : 1260€. Ttes nos offres de location sur loca. Fr. Réf : . Frais de convention : 220€. Cette offre s'inscrit dans le cadre de la fourniture d'un fichier.",69003,Lyon,,,https://www.vizzit.fr/fr/property/appartement/lyon-3eme/A94z23zqi7ykkzio,,2026-09-24
1666,Vizzit,1774.0,87.0,20.39,Appartement,4 pièce - 3 chambre - 87 m² - s - s,87 m² - 4 pièces - 3 chambres,"Secteur Route de vienne / place Belleville Très rare. Superbe appartement meublé en dernier étage avec terrasse de 107 m². Venez découvrir ce magnifique appartement de 87.20 m² au 8ème et dernier étage avec ascenseur, possédant une entrée avec placard, un séjour / cuisine US meublée et équipée, trois chambres (12 m², 16 m² et 10 m²), une salle de bains avec baignoire, un toilette séparé et un garage PMR en sous-sol. Vous apprécierez sa terrasse de 107 m² avec sa triple exposition (nord, sud et sud / ouest) et sa vue panoramique. Libre de suite. Mobilier sur demande. Rendez-vous sur notre site internet, pour consulter la visite virtuelle et pour déposer votre dossier de candidature et obtenir une visite.",69008,Lyon,,,https://www.vizzit.fr/fr/property/appartement/lyon-8eme/A62bqa803ve3qve0,,2026-09-24
1669,Vizzit,1248.0,78.0,16.0,Appartement,3 pièce - 1 chambre - 78 m² - s,78 m² - 3 pièces - 1 chambre,"A 10' à pied de la Place Guichard, entre les quais du Rhône et le cours de la Liberté (Tram T1 arrêt Liberté à 2' à pied), très grand T2 bis meublé d'environ 78 m² situé au 2° étage sans ascenseur, bel ancien pierres apparentes, moulures, cheminée décorative.. il se compose d'une grande pièce à vivre avec coin salon - coin salle à manger et cuisine ouverte, un wc séparé, une salle de bains, une chambre fermée avec dressing attenant, une alcôve fermée avec coin bureau et couchage d'appoint (Idéal télétravail). Disponible de suite,",69003,Lyon,,,https://www.vizzit.fr/fr/property/appartement/lyon-3eme/Axszg2pevmtjddbo,,2026-09-24
1670,Vizzit,638.0,27.0,23.63,Studio,27 m² - Studio,27 m² - Studio,"Joli studio 27 m2 meublé , au premier étage , entre deux bouches de métro . Refait à neuf il y a 3 ans . Cuisine équipée Lave linge , four , canapé lit confortable . 1 er étage Boulangerie carrefour à côté ainsi que station velib . Idéal étudiant ou jeune actif",69007,Lyon,,,https://www.vizzit.fr/fr/property/appartement/lyon-7eme/Ao8a1g7r4c9n271e,,2026-09-24
1672,Vizzit,1126.0,54.0,20.85,Appartement,3 pièce - 2 chambre - 54 m² - s - s,54 m² - 3 pièces - 2 chambres,"LYON 3EME / MONCHAT Century 21 vous présente ce 3 pièces en rez-de-jardin. Venez découvrir ce bien au calme absolu. L'appartement se compose d'une pièce de vie avec son espace cuisine entièrement équipée. Vous disposerez d'un accès a la terrasse de 22m² orientée Sud-Est. Coté nuit, 2 chambres dont une possédant son accès terrasse, ainsi qu'une vaste salle d'eau. Situé à proximité de la Place Henri et du cours du Dr Long, vous disposerez de tous les commerces à proximité immédiate. Pour plus de confort, l'appartement est desservi par la ligne C13 reliant la Gare LYON Part-Dieu et se trouve à 500m du métro Blanche et des Ecoles de médecine. Un box fermé en sous-sol est compris dans le bail.",69003,Lyon,,,https://www.vizzit.fr/fr/property/appartement/lyon-3eme/Ati3vmyinoruiozk,,2026-09-24
1676,Vizzit,1220.0,62.0,19.68,Appartement,2 pièce - 62 m² - s,62 m² - 2 pièces,"T2 meublé 62 m² entièrement rénové – Grande terrasse – Lyon 7 / Place Saint-Louis À louer, spacieux T2 de 62 m² entièrement rénové et meublé, idéalement situé dans le secteur recherché de la place Saint-Louis, Lyon 7e. Lumineux, soigneusement aménagé et disposant de nombreux rangements, l’appartement offre de beaux volumes ainsi qu’une grande terrasse aménagée, véritable espace de vie supplémentaire aux beaux jours. Idéal pour un couple de jeunes actifs à la recherche d’un appartement confortable, fonctionnel et prêt à vivre. L’appartement se compose de : Une entrée avec placard et meuble à chaussures Une cuisine entièrement équipée : four, micro-ondes, réfrigérateur, plaques à induction et nombreux rangements Un agréable coin repas avec banquette d’angle Un séjour lumineux et confortable, avec canapé convertible, télévision, meuble TV et table basse Un espace bureau, idéal pour le télétravail Une grande terrasse aménagée, avec table, chaises et coin détente Une grande chambre avec lit double, commode 6 tiroirs et rangements Une salle d’eau avec grande douche, meuble vasque et machine à laver Des WC séparés De nombreux placards et rangements dans l’ensemble de l’appartement. Un quartier vivant et recherché Vous profiterez pleinement de la vie de quartier autour de la place Saint-Louis, avec son marché et ses nombreux commerces de proximité : Super U, boulangeries, boucherie, pharmacie, tabac, restaurants, etc. L’appartement bénéficie également d’une excellente desserte en transports en commun : Métro D – Garibaldi à 5 min à pied Métro B – Saxe-Gambetta à 7 min à pied Accès rapide à Part-Dieu, Bellecour et la Presqu’île L’appartement se situe dans une copropriété familiale et bien entretenue, avec gardienne dans l’immeuble et ascenseur. Un emplacement particulièrement adapté à un couple de jeunes actifs, permettant de profiter pleinement de la vie lyonnaise tout en bénéficiant d’un appartement spacieux, agréable et entièrement équipé. Loyer et charges Loyer mensuel : 1 091,20 € Charges mensuelles : 208,80 €, comprenant : l’entretien des parties communes la gardienne l’ascenseur le chauffage collectif avec répartiteurs individuels la consommation d’eau chaude et d’eau froide. Soit 1 300 € charges comprises par mois Seule l’électricité reste à la charge du locataire. ? Disponible à partir de mi-septembre – date d’entrée à définir ensemble. Appartement entièrement meublé et équipé, prêt à emménager. Premier contact par message avec courte description de votre profil.",69007,Lyon,,,https://www.vizzit.fr/fr/property/appartement/lyon-7eme/Ag1c54egc7dngloo,,2026-09-24
1678,Vizzit,563.0,25.0,22.52,Studio,25 m² - Studio,25 m² - Studio,,69007,Lyon,,,https://www.vizzit.fr/fr/property/appartement/lyon-7eme/A892qiva9ggyp06c,,2026-09-24
1679,Vizzit,1513.0,94.0,16.1,Appartement,4 pièce - 3 chambre - 94 m² - s - s,94 m² - 4 pièces - 3 chambres,"52 rue Longefer, LYON 8 Nous vous proposons cette superbe maison meublée idéalement située Le logement se compose, au rez-de-chaussée, d'une entrée desservant une cuisine équipée ainsi qu'un séjour lumineux donnant accès à une terrasse sans vis-à-vis. À l'étage, vous trouverez trois chambres ainsi qu'une salle de bains. Le chauffage et la production d'eau chaude sont individuels au gaz. L'eau froide est individuelle. Disponible à partir de mi-septembre 2026. Zone soumise à l'encadrement des loyers. Loyer de référence : 1 217,89 € Loyer de référence majoré (loyer de base à ne pas dépasser) : 1 463,35 € Complément de loyer : 148,65 € Dossier de candidature à déposer en ligne. Loyer : 1 612 € par mois charges comprises Charges locatives : 0 € Classe Energétique : E Montant estimé des dépenses annuelles d'énergie pour un usage standard : entre 2 170 € et 3 000 € TTC/an. Date de référence des prix de l'énergie pour établir cette estimation : à préciser.",69008,Lyon,,,https://www.vizzit.fr/fr/property/immobilier/lyon-8eme/Axcf6imy2jzl8scd,,2026-09-24
1680,Vizzit,1420.0,73.0,19.45,Appartement,3 pièce - 2 chambre - 73 m² - s - s,73 m² - 3 pièces - 2 chambres,"LOCATION MEUBLEE LODGIS (Référence : 3L723667) : Située à égale distance des arrêts de métro Saxe Gambetta et Garibaldi , partez à la découverte de Lyon depuis votre location meublée du 7ème arrondissement de Lyon. Vous serez immédiatement frappé par la luminosité du logement en accédant à la pièce de vie avec son espace repas, son canapé d'angle et sa cuisine ouverte entièrement équipée (plaques de cuisson, bouilloire, cafetière, grille-pain, réfrigérateur/congélateur, micto-ondes, four, lave vaisselle et hotte aspirante). Vous accédez au balcon depuis le séjour où vous pourrez vous restaurer tout en profitant du soleil. Dans la première chambre, un lit double et une grande armoire. Dans la seconde chambre, vous trouverez un lit double et un espace bureau pour travailler en toute tranquillité. Un grand dressing complète cette location meublée lyonnaise, vous assurant d'avoir suffisamment d'espace pour ranger pour vos affaires. Enfin, vous profiterez d'une salle de bain fonctionnelle et de bonne taille.",69007,Lyon,,,https://www.vizzit.fr/fr/property/appartement/lyon-7eme/Aum8qdok38ry0rgb,,2026-09-24
1681,Vizzit,629.0,20.0,31.45,Studio,20 m² - Studio,20 m² - Studio,"A LOUER!! Studilodge vous propose un studio meublé de 20.6m² au 2ème étage d'une résidence étudiante meublé disposant de nombreux rangements, placards aménagés, étagères et penderies. Cet appartement est entièrement autonome grâce à sa kitchenette équipée d'un four à micro-onde, de plaques électriques et d'un réfrigérateur mais également de sa salle d'eau avec WC privatif, lavabo avec meuble vasque et cabine de douche. Prestation de services: internet WIFI illimité et gratuit, accueil, digicode, salle fitness, nettoyage du logement, laverie. A proximité de la Gare Jean Macé, Métro ligne B, arrêts Jean Jaurès et/ou Debourg, Tramway T2, centre commercial à 200 m, nombreux commerces. A voir absolument ! Loyer mensuel TTC (charges comprises) : 670 €, Dépôt de garantie : 450 €, Frais de dossier : 450 €. Pour plus de renseignements contactez la résidence avec la référence suivante : SEVEN-A201 Copropriété de 59 lots. Charges annuelles : 208.00 euros.",69007,Lyon,,,https://www.vizzit.fr/fr/property/appartement/lyon-7eme/Agjniq6f5jiwocf3,,2026-09-24
1682,Vizzit,1515.0,117.0,12.95,Appartement,5 pièce - 3 chambre - 117 m² - s - s,117 m² - 5 pièces - 3 chambres,"Dans une résidence bien située dans le quartier Montchat , à proximité de l'école Charles de Foucauld et du cours Docteur Long, bien desservie par les transports en commun avec 2 lignes de bus (C13 et 25) et l'arrêt de métro/Tramway Grange Blanche à 10mn à pied. Immeuble calme et sécurisé avec espaces verts et gardien. Venez visiter ce logement entièrement repeint, clair et lumineux, en étage élevé offrant une belle vue dégagée à l'Est et à l'Ouest. Il est composé d' un grand hall d'entrée, d'un double séjour de 31m², de 3 chambres (de 13, 14 et 19m²), d'une cuisine séparée et meublée, d'une salle de bains, et d'un WC séparé. Belles prestations : fenêtres isolantes double vitrage, nombreux rangements, balcons, parquet chêne au sol et carrelage dans les pièces d'eau - appartement loué avec une cave. Possibilité de louer un garage dans la résidence (loyer en sus). Visite virtuelle disponible sur le site de la régie Juron & Tripier. Zone soumise à l'encadrement des loyers. Loyer de référence majoré : 1 621.78 € Loyer de référence : 1 351.48 € Classe énergétique catégorie E Estimation des coûts annuels d'énergie : entre 2562 et 3466 € Frais d'état des lieux : 354.00 € TTC (3.03 €/m² selon loi ALUR) Honoraires de relocation : .Une visite virtuelle de ce bien est disponible sur notre site Juron Tripier",69003,Lyon,,,https://www.vizzit.fr/fr/property/appartement/lyon-3eme/Abevmvtx28yix4jp,,2026-09-24
1684,Vizzit,1032.0,59.0,17.49,Appartement,3 pièce - 2 chambre - 59 m² - s - s,59 m² - 3 pièces - 2 chambres,"SANS HONORAIRES. Lyon 7. 62 avenue Debourg. Devenez locataire de ce beau T3 de 59 m2 avec terrasse au sein d'une résidence idéalement située. Ce logement se compose d'une entrée avec placard, d'un séjour/cuisine (non équipée, non aménagée) de 22,8 m2, de 2 chambres de 12 m2 et 9 m2 avec placard, d'une salle de bain et d'un WC séparé. Une terrasse de 5 m2 et un garage en sous sol complète ce bien. Eau froide individuelle. Eau chaude, chauffage et taxe d'enlèvement des ordures ménagères provisionnés dans les charges. Proche toutes commodités, écoles, commerces, au pied du métro Debourg. Zone soumise à encadrement des loyers loyer de référence majoré : 890,90 euros loyer de base : 843,03 euros complément de loyer : 0,00 euros Référence à rappeler lors de nos échanges : Les informations sur les risques auxquels ce bien est exposé sont disponibles sur le site Géorisques : Logement Locatif Interm.",69007,Lyon,,,https://www.vizzit.fr/fr/property/appartement/lyon-7eme/Aks7w41ntw6xb09x,,2026-09-24
1685,Vizzit,833.0,60.0,13.88,Appartement,3 pièce - 2 chambre - 60 m² - s - s,60 m² - 3 pièces - 2 chambres,"Lyon 7, quartier Garibaldi, 86 Cours Gambetta. Appartement de type T3 dans une petite copropriété de 4 logements, résidence moderne ""Boileau "" datant de 1981, au pied du métro ligne D Garibaldi, des commerces, écoles... D'une superficie de 59 m², cet appartement, traversant Nord Sud, situé au 2ème étage / 4 avec ascenseur, se compose d'une entrée, d'un séjour avec dalle marbrière, d'une cuisine indépendante aménagée, de deux chambres donnant sur cour intérieure, dont une avec placard, d'une salle de bains, toilettes séparées. Un garage en sous-sol et une cave complètent ce bien. Loyer appartement + garage, charges comprises : 888€ – loyer 768.41€ + 119.59€ de charges Chauffage individuel gaz, eau froide dans les charges. DPE Consommations énergétiques « C », Emissions de gaz à effet de serre “C” (datant du 2 Septembre 2026) Encadrement des loyers: loyer de référence 684,40 € HC, plafond 820,10 € HC. Taxe d’ordures ménagères 2025 - 155 € Contrat d’entretien chaudière gaz environ 150 €. Dépôt de garantie 1 mois de loyer HC Libre immédiatement Dossier locataire (3x le montant du loyer + charges en revenus) + garants si nécessaire. Merci de renseigner votre profil locataire et préparer votre dossier de candidature via dossier facile ( impôt gouv)",69007,Lyon,,,https://www.vizzit.fr/fr/property/appartement/lyon-7eme/Arr1zfviadevojjp,,2026-09-24
1686,Vizzit,1266.0,84.0,15.07,Appartement,4 pièce - 3 chambre - 84 m² - s - s,84 m² - 4 pièces - 3 chambres,"T4 en duplex avec balcon, terrasse, climatisation, cave et double garage situé rue Colonel Girard - 69007 Lyon - Quartier Montplaisir - Proche Confluence Découvrez ce bel appartement T4 en duplex, offrant de beaux volumes, un agencement fonctionnel et de nombreux rangements. Au premier niveau, l'appartement se compose d'un séjour/cuisine lumineux ouvrant sur un balcon, de deux chambres, dont une avec placards, ainsi que d'une salle de bains et d'un WC. Le séjour est climatisé, pour un confort appréciable en toute saison. À l'étage, vous trouverez une troisième chambre avec mezzanine, offrant un espace supplémentaire idéal pour un bureau, un coin détente ou du rangement. La mezzanine est également climatisée. La chambre bénéficie d'un accès direct à une agréable terrasse de 24m² sans vis-à-vis, idéale pour profiter des beaux jours en toute tranquillité. Un second WC se trouve également à l'étage et dispose d'une arrivée d'eau permettant l'installation d'un lave-linge et d'un sèche-linge. Le bien est complété par une cave ainsi qu'un double garage fermé en sous-sol, offrant un stationnement sécurisé et un espace de rangement supplémentaire. Loyer : 1259€ Loyer de référence majoré : 1009€ Complément de loyer : 250€ (garage double, terrasse, climatisation) Charges : 90€ Eau froide comprise dans les provisions pour charges. Honoraires : 1103.52€ dont 254.85€ de frais d'état des lieux. Possibilité de payer en 3x (60€ de frais de dossier). Honoraires de 1 103,52 € TTC à la charge du locataire comprenant 254,85 € TTC pour l'état des lieux. Zone soumise à encadrement des loyers. Loyer de référence majoré (loyer de base à ne pas dépasser) 14.00 €/mois. Loyer de base 1009.00 €/mois. Provision sur charges 90 €/mois, régularisation annuelle. Complément de loyer 250 €/mois. Dépôt de garantie 1 259 €. Classe énergie C, Classe climat A Montant estimé des dépenses annuelles d'énergie pour un usage standard : entre 1200.00 € et 1680.00 € sur les années 2021, 2022 et 2023 (abonnements compris).",69007,Lyon,,,https://www.vizzit.fr/fr/property/appartement/lyon-7eme/Au33rerxn7r0hhos,,2026-09-24
1687,Vizzit,575.0,21.0,27.38,Studio,21 m² - Studio,21 m² - Studio,"Rue Georges Gouy, à proximité du Métro Debourg - Dans un immeuble récent, studio meublé de 21,10m² au 2ème étage avec ascenseur. Il se compose d'une entrée, une pièce principale avec un coin kitchenette équipé et une salle de douche avec WC. Balcon. Honoraires 212.68€ + 63.72€ Frais d'état des lieux / Zone soumise à l'encadrement des loyers / Loyer de référence médian : 371€HC / Loyer majoré : 445€HC / Complément de loyer : 151€HC La prise de rendez-vous s'effectue en ligne, merci de vous rediriger sur notre site IBT GESTION et de cliquer sur la rubrique ""prendre rendez-vous"", celle-ci se situe au niveau du descriptif de l'annonce . Il vous suffira de réserver votre créneau de visite ou de remplir le formulaire afin d'être placé sur la liste d'attente en attendant de recevoir une invitation. Le locataire (hors étudiants) et les garants doivent chacun disposer de revenus équivalents à 3x le montant du loyer. Les garants doivent être des personnes physiques. Aucun dossier ne sera étudié sans visite préalable.",69007,Lyon,,,https://www.vizzit.fr/fr/property/appartement/lyon-7eme/Apalaqmek7yeygi1,,2026-09-24
1688,Vizzit,787.0,56.0,14.05,Appartement,3 pièce - 2 chambre - 56 m² - s - s,56 m² - 3 pièces - 2 chambres,"112 rue Professeur Beauvisage BAT B , LYON 8, joli T3 rénové de 56.29m2 au 1er étage avec ascenseur et comprenant un hall - cuisine - séjour parquet- 2 chambres en parquet- salle de bains et wc . Chauffage collectif gaz, eau chaude individuelle électrique, eau froide collective. 1 GARAGE A LOUER AVEC L APPARTEMENT A 94.73 €/MOIS CHARGES COMPRISES Appartement soumis la garantie loyer impayé. DPE : E Loyer de référence : 613.56 euros Loyer majoré de 20% : 737.40 euros Merci de déposer votre dossier de candidature en ligne avant toute visite. Loyer de 839,00 euros par mois charges comprises dont 102,00 euros par mois de provision pour charges (soumis la régularisation annuelle). Les honoraires charge locataire sont de 738,53 euros ( soit 13,12 euros/m² ) dont 170,56 euros pour état des lieux ( soit 3,03 euros/m² ). Montant estimé des dépenses annuelles d'énergie pour un usage standard : entre 970 et 1360 euros. Prix moyens des énergies indexés en 1958.",69008,Lyon,,,https://www.vizzit.fr/fr/property/appartement/lyon-8eme/Avfr9o9sqnmnt79i,,2026-09-24
1689,Vizzit,723.0,52.0,13.9,Appartement,3 pièce - 2 chambre - 52 m² - s - s,52 m² - 3 pièces - 2 chambres,,69003,Lyon,,,https://www.vizzit.fr/fr/property/appartement/lyon-3eme/Adax9jojp4p8lx41,,2026-09-24
1690,Vizzit,938.0,65.0,14.43,Appartement,3 pièce - 2 chambre - 65 m² - s - s,65 m² - 3 pièces - 2 chambres,À louer sur lyon 03 appartement t3 non meublé. Ce logement d'une superficie de 65 m² est disponible immédiatement entre particuliers pour un loyer de 1000 € annonce entre particuliers. Code insee : 69383.,69003,Lyon,,,https://www.vizzit.fr/fr/property/appartement/lyon-3eme/Awh2w3d2xjixjthx,,2026-09-24
1691,Vizzit,991.0,80.0,12.39,Appartement,4 pièce - 80 m² - s,80 m² - 4 pièces,"Vous trouverez ce T4 de 80M2, situé au 3er étage d'une charmante résidence fermée et sécurisée possédant un espace extérieur agréable. Idéalement situé, ce bien se trouve à coté de la place JEAN MACE. Il est composé de 3 belles chambres, d'une cuisine fermée ,d'un séjour séjour spacieux et d'une salle de bain équipée d'une baignoire. Enfin, ce bien dispose d'un balcon volumineux. Disponible Immédiatement à la location pour un Loyer de 1056€ CC (chauffage collectif et eau chaude comprises).N'attendez plus et faites nous parvenir votre dossier(Ressources attendues 2800€/mois). Avec 55 000 logements Alliade Habitat, filiale d'Action Logement est le premier bailleur social de la Région Auvergne Rhône Alpes. Merci de nous uniquement par mail:",69007,Lyon,,,https://www.vizzit.fr/fr/property/appartement/lyon-7eme/A9jiznki68xipsde,,2026-09-24
1692,Vizzit,1074.0,85.0,12.64,Appartement,3 pièce - 2 chambre - 85 m² - s - s,85 m² - 3 pièces - 2 chambres,"Appartement de type 3 de 85.22m² situé Rue Camille Roy à Lyon 7 , dans une résidence calme et sécurisée, accessible en métro B (Jean Macé) et en tram T2 ( Garibaldi- Berthelot) proche de la place Jean-Macé , des commerces et de toutes commodités. Situé au 2ème étage avec ascenseur, il se compose d'un hall d'entrée avec placard, d'une cuisine séparée, aménagée et équipée (Plaque de cuisson, hotte, four , lave vaisselle) d'un grand séjour de 23m² donnant sur le balcon, de deux chambres dont une avec placard , d'une salle de bains et de Wc séparé. Vous disposez avec cet appartement d'une place de parking et d'une cave. Le chauffage, l'eau chaude et froide et l'entretien chaudière sont individuels au gaz. DPE (Diagnostic de Performance Énergétique) : « DPE D- GES D » Zone soumise à encadrement des loyers : Oui Loyer de base : 980.03€ Loyer de référence majoré (loyer de base à ne pas dépasser) : 1176.Loyer de 1 145,00 euros par mois charges comprises dont 50,00 euros par mois de provision pour charges (soumis à la régularisation annuelle). Les honoraires charge locataire sont de 1 118,09 euros ( soit 13,12 euros/m² ) dont 258,22 euros pour état des lieux ( soit 3,03 euros/m² ). Montant estimé des dépenses annuelles d'énergie pour un usage standard : entre 1 120 et 1 580 euros. Prix moyens des énergies indexés en 2021.",69007,Lyon,,,https://www.vizzit.fr/fr/property/appartement/lyon-7eme/Aco1rqzgxm29k0tv,,2026-09-24
1693,Vizzit,1267.0,100.0,12.67,Appartement,4 pièce - 3 chambre - 100 m² - s - s,100 m² - 4 pièces - 3 chambres,"Appartement T4 d'une superficie de 100m2, situé dans le quartier Grand Trou, au deuxième étage d'une résidence sécurisée et bien entretenue avec ascenseur (petite résidence de 3 étages). En très bon état, l’appartement est lumineux et traversant (est-ouest). Il se compose d’un grand séjour débouchant sur un balcon orienté Ouest. Côté Est, 3 chambres et deux salles de bains (une équipée d’une baignoire, l’autre d’une douche), une cuisine semi-aménagée et indépendante (plaque induction, hotte, emplacements lave-vaisselle et lave-linge). Le chauffage est électrique et individuel. Il est assuré par des corps de chauffe à inertie (sèche ou fluide) qui permettent une faible consommation d’énergie. Les provisions sur charges feront l'objet d'une régularisation annuelle, eau froide incluse. Un garage en sous-sol sécurisé et une cave viennent compléter cette location. Situé à proximité des lignes TRAMWAY T2, T4, T6, bus 35 et tous commerces, et écoles, cet appartement est disponible. Renseignements et visites en semaine possibles directement avec les propriétaires. Revenus exigés (3x le montant du loyer CC). Agences et projet de collocation s'abstenir svp. Le bien est soumis au statut de la copropriété. Loyer de 1 350,00 euros par mois dont 150,00 euros de provision pour charges mensuelles (soumis à la régularisation annuelle). Dépôt de garantie : 1200 €",69008,Lyon,,,https://www.vizzit.fr/fr/property/appartement/lyon-8eme/Agi4rd3klzr7l61k,,2026-09-24
1695,Vizzit,1511.0,134.0,11.28,Appartement,4 pièce - 3 chambre - 134 m² - s - s,134 m² - 4 pièces - 3 chambres,"62, rue Chevreul (angle rue Elie Rochette) 69007 Lyon, à 2 pas de la place Jean Macé, au 2e sans ascenseur, F4 de 134,63 m² comprenant entrée, séjour avec placards et donnant sur un balcon filant, cuisine séparée et avec plaque de cuisson, placards et branchements pour lave-vaisselle, 3 chambres avec placards, salle de bains avec baignoire et douche, wc séparé, et buanderie avec branchements pour lave-linge. Badge immeuble, double vitrage, volets roulants, fibre, chauffage individuel électrique, orientation Ouest et Nord. Appartement avec cachet (parquets, cheminées décoratives), idéalement situé à 2 pas des commerces et transports (Métro, Tram, Bus, Train). Loyer : 1560,00 € (loyer de référence majoré : 1857,89 €) + + Charges : 50,00 € comprenant uniquement les charges de copropriété. Dépôt de garantie : 1560,00 €. Frais de location et d’état des lieux à la charge du locataire : 1766,35 € TTC dont 415,11 € TTC de frais d’état des lieux à la charge du locataire. Visites accompagnées et sur rendez-vous uniquement. FD IMMOBILIER. Transactions et Locations. Sarl au capital de 7700 € - RCS Lyon Siret n° 435 224 - APE 703A - Carte Professionnelle n° 012088 délivrée par la Préfecture du Rhône - RCP Allianz Iard Paris La défense n° - Non soumis à garantie financière – Tva intracommunautaire n°FR.",69007,Lyon,,,https://www.vizzit.fr/fr/property/appartement/lyon-7eme/A5eumt2bui35qxfc,,2026-09-24
1696,Vizzit,563.0,11.0,51.18,Studio,11 m² - Studio,11 m² - Studio,"Située dans le dynamique quartier LECLERC - Gerland, cette chambre lumineuse constitue un pied-à-terre pratique proche des services et des transports. La chambre, de 11 m², fait partie d'un appartement partagé, de chauffage collectif. L'appartement totalise salles de bain sur 69 m². Disposition idéale pour une vie partagée entre étudiants et jeunes actifs : 3 pièces et 3 lits, situé au 4éme étage. Idéal pour étudiants ou jeunes professionnels recherchant un logement équipé à Lyon.",69007,Lyon,,,https://www.vizzit.fr/fr/property/appartement/lyon-7eme/Aqy1l0pa8go9w1vp,,2026-09-24
1698,Vizzit,1279.0,85.0,15.05,Appartement,4 pièce - 3 chambre - 85 m² - s - s,85 m² - 4 pièces - 3 chambres,"Lyon 8ème rue Volnay - Dans une petite résidence du début des années 2000, découvrez cet agréable T4 meublé de 85,49 m² situé au 1er étage. Profitant d'un environnement calme sur la cour intérieure de la copropriété et d'une belle luminosité du fait de sa double exposition Sud/Est - Nord/Ouest, il se compose d'une entrée avec placard, d'une pièce de vie confortable de 38 m² avec séjour et cuisine ouverte, entièrement aménagée et équipée, le tout communiquant avec un balcon à vivre. Côte nuit, vous disposerez de 3 belles chambres avec chacune un placard, d'une salle de bains et d'un WC indépendant. Vous bénéficierez également d'un garage fermé en sous-sol. Emplacement recherché à proximité immédiate des commerces, écoles et des transports en commun avec à 3 min à pied le Métro D arrêt ""Laennec"", la station de Tram T2 et T5 ""Ambroise Paré"", les lignes de bus C8 et C26 et des stations Vélo'V. Disponible le 15 septembre 2026. A visiter sans tarder, pour tout renseignement contactez l'agence Essentiel Gestion Locative directement par téléphone Ce loyer de 1363 € charges comprises intègre une provision sur charges de 115 € pour l'entretien des parties communes et l'eau froide. (Encadrement des loyers : Loyer de référence : 1068,63 € / Loyer de référence majoré : 1282,35 €). Honoraires agence : 1121 € (862 € Visites/Constitution du dossier/Rédaction du bail et 259 € Etat des lieux).",69008,Lyon,,,https://www.vizzit.fr/fr/property/appartement/lyon-8eme/Avbo2wqw7hvdiztg,,2026-09-24
1699,Vizzit,1633.0,97.0,16.84,Appartement,4 pièce - 3 chambre - 97 m² - s - s,97 m² - 4 pièces - 3 chambres,"Appartement situé a proximité du Métro Monplaisir, du Cours Albert Thomas et de ses commerces. Dans une belle résidence sécurisée. Il est situé au 3ème étage avec ascenseur. Il se compose d'une entrée avec placards, un séjour lumineux ouvert sur le balcon de 7,40m2 avec vue dégagée, une cuisine séparée entièrement meublée et équipée de plaques de cuisson et hotte donnant accès a un cellier avec espace buanderie, 3 chambres dont deux avec placards, un dressing aménagé, une salle d'eau avec douche et toilettes séparées. Climatisation. Nombreux rangements. Appartement lumineux et fonctionnel. Un garage fermé en sous sol est loué avec l'appartement. Chauffage et eau chaude collectifs. Libre de suite. Référence : 3176 Loyer de base : 1 301,00 euros + 89,00 euros de complément de loyer pour le garage, la climatisation et le balcon. Logement soumis à l'encadrement des loyers : Loyer de référence :1086,14€ (11,10€/m²) Loyer de référence majoré : 1301,41€ (13,30€/m²) Les informations sur les risques auxquels ce bien est exposé sont disponibles sur le site Géorisques : Dépôt de dossier en ligne sur SEVENTEE uniquement.",69003,Lyon,,,https://www.vizzit.fr/fr/property/appartement/lyon-3eme/Ar8k4vt93lm2s116,,2026-09-24
1700,Vizzit,882.0,37.0,23.84,Appartement,2 pièce - 1 chambre - 37 m² - s,37 m² - 2 pièces - 1 chambre,,69007,Lyon,,,https://www.vizzit.fr/fr/property/appartement/lyon-7eme/Azo0xh1g20pa14k0,,2026-09-24
1701,Vizzit,525.0,25.0,21.0,Studio,25 m² - Studio,25 m² - Studio,,69008,Lyon,,,https://www.vizzit.fr/fr/property/appartement/lyon-8eme/Aq7vvuuw6f5ore98,,2026-09-24
1702,Vizzit,563.0,20.0,28.15,Studio,20 m² - Studio,20 m² - Studio,,69007,Lyon,,,https://www.vizzit.fr/fr/property/appartement/lyon-7eme/A918o9nn68e5y889,,2026-09-24
1705,Vizzit,882.0,58.0,15.21,Appartement,2 pièce - 1 chambre - 58 m² - s,58 m² - 2 pièces - 1 chambre,"A SAISIR ! La régie Bellecour propose ce bel appartement T2 idéalement situé dans le quartier calme et arborée de Sans souci, à proximité des commerces et commodités. Cet appartement lumineux et traversant se compose d'une entrée disposant d'un grand dressing de 3,55 m², d'une cuisine aménagée et équipée de plaques de cuisson, d'une chambre avec parquet et d'un grand séjour donnant sur cour, d'une salle d'eau avec machine à laver et WC séparé. Si ce bien vous intéresse, n'hésitez pas à nous ! Loyer HC : 900,00€ Charges : 40,00€ comprenant la taxe ordures ménagères, digicode et entretien des parties communes Dépôt de garantie : 900,00€ Honoraires de location : 689,00€ DPE D",69003,Lyon,,,https://www.vizzit.fr/fr/property/appartement/lyon-3eme/A9cpa9nmd1qziudh,,2026-09-24
1718,Vizzit,696.0,52.0,13.38,Appartement,2 pièce - 1 chambre - 52 m² - s,52 m² - 2 pièces - 1 chambre,,69008,Lyon,,,https://www.vizzit.fr/fr/property/appartement/lyon-8eme/Adjxowhrflnqdps7,,2026-09-24
1735,Vizzit,840.0,46.0,18.26,Appartement,2 pièce - 1 chambre - 46 m² - s,46 m² - 2 pièces - 1 chambre,"Très beau T2 de 46m2 avec avec terrasse jardin et grand garage, au calme au pied du métro Jean-Jaurès. Il se compose d'une belle pièce de vie, lumineuse et sans vis-à-vis, une chambre, salle de bains, WC Séparés. Triple vitrage, VMC double flux. Au chaude / Chauffage / Eau froide INCLUS DANS LE PRIX. Disponible au 20 octobre.",69007,Lyon,,,https://www.vizzit.fr/fr/property/appartement/lyon-7eme/Aro242ay0v2p4q7e,,2026-09-24
