id_annonce,site,prix,surface,prix_m2,type,description,code_postal,ville,latitude,longitude,url,quartier,type_local,dist_vice_sex-shop,nb_vice_sex-shop_500m,dist_vice_bar,nb_vice_bar_500m,dist_vice_tabac,nb_vice_tabac_500m,dist_vice_cbd_shop,nb_vice_cbd_shop_500m,dist_gentrification_épicerie_fine,nb_gentrification_épicerie_fine_500m,dist_gentrification_atelier_vélo,nb_gentrification_atelier_vélo_500m,dist_nuisance_aire_de_jeux,nb_nuisance_aire_de_jeux_500m,dist_nuisance_discothèque,nb_nuisance_discothèque_500m,dist_superstition_pompes_funèbres,nb_superstition_pompes_funèbres_500m,dist_gentrification_salle_sport,nb_gentrification_salle_sport_500m,dist_vice_kebab,nb_vice_kebab_500m,dist_gentrification_crèche,nb_gentrification_crèche_500m,dist_nuisance_école,nb_nuisance_école_500m,dist_gentrification_fleuriste,nb_gentrification_fleuriste_500m,dist_nuisance_station_service,nb_nuisance_station_service_500m,dist_vice_casino,nb_vice_casino_500m,dist_gentrification_yoga,nb_gentrification_yoga_500m,dist_gentrification_torréfacteur,nb_gentrification_torréfacteur_500m,dist_nuisance_salle_de_concert,nb_nuisance_salle_de_concert_500m,dist_superstition_cimetière,nb_superstition_cimetière_500m
62,Vizzit,2100.0,77.0,27.27,Appartement,4 pièce - 77 m² - s,69007,Lyon,45.74211,4.84922,https://www.vizzit.fr/fr/property/appartement/lyon-7/Aii9huhqnmb9qc0r,Guillotière / Jean Macé,Grand (T4+),2021.0,0,473.0,1,594.0,0,1329.0,0,820.0,0,430.0,1,370.0,3,147.0,1,159.0,5,430.0,3,136.0,2,480.0,1,66.0,3,427.0,1,1114.0,0,4750.0,0,430.0,1,1341.0,0,3407.0,0,444.0,2
74,Vizzit,1230.0,81.0,15.19,Appartement,4 pièce - 81 m² - s,69008,Lyon,45.74365,4.87205,https://www.vizzit.fr/fr/property/appartement/lyon-8/Aofxg36oxhrs4tmh,Monplaisir / Bachut,Grand (T4+),2212.0,0,155.0,3,163.0,3,2284.0,0,440.0,1,655.0,0,251.0,5,1718.0,0,394.0,2,97.0,2,99.0,3,834.0,0,169.0,16,169.0,2,560.0,0,4809.0,0,2050.0,0,189.0,1,4167.0,0,1336.0,0
75,Vizzit,700.0,32.0,21.88,Studio,32 m² - Studio,69008,Lyon,45.7437,4.86174,https://www.vizzit.fr/fr/property/appartement/lyon-8/Aewvsk0sx7ga1r34,Monplaisir / Bachut,Studio/T1,1855.0,0,332.0,1,432.0,1,1636.0,0,419.0,1,310.0,1,31.0,5,1052.0,0,553.0,0,340.0,1,390.0,1,829.0,0,206.0,7,280.0,3,568.0,0,4618.0,0,1253.0,0,370.0,1,3669.0,0,548.0,0
76,Vizzit,1050.0,60.0,17.5,Appartement,3 pièce - 60 m² - s,69007,Lyon,45.7438,4.84813,https://www.vizzit.fr/fr/property/appartement/lyon-7/Aw62lrlevzf537jo,Guillotière / Jean Macé,T3,1863.0,0,277.0,1,515.0,0,1132.0,0,623.0,0,228.0,1,164.0,3,336.0,1,288.0,5,237.0,3,139.0,2,303.0,1,240.0,5,574.0,0,1207.0,0,4568.0,0,237.0,1,1386.0,0,3202.0,0,530.0,0
77,Vizzit,731.0,37.0,19.76,Appartement,2 pièce - 37 m² - s,69002,Lyon,45.74401,4.8169,https://www.vizzit.fr/fr/property/appartement/lyon-2/A59q73og58w859ev,Confluence,T2,2480.0,0,126.0,5,286.0,1,1424.0,0,378.0,1,271.0,1,74.0,6,649.0,0,1527.0,0,137.0,2,302.0,1,1034.0,0,210.0,5,544.0,0,939.0,0,5317.0,0,1154.0,0,1436.0,0,3238.0,0,1971.0,0
78,Vizzit,1580.0,110.0,14.36,Appartement,5 pièce - 110 m² - s,69002,Lyon,45.74431,4.8183,https://www.vizzit.fr/fr/property/appartement/lyon-2/A11oren1gjmmsydb,Confluence,Grand (T4+),2396.0,0,207.0,7,275.0,1,1327.0,0,386.0,2,264.0,1,114.0,7,715.0,0,1414.0,0,129.0,3,369.0,1,969.0,0,114.0,5,431.0,1,908.0,0,5232.0,0,1044.0,0,1335.0,0,3167.0,0,1955.0,0
79,Vizzit,1390.0,82.0,16.95,Appartement,3 pièce - 82 m² - s,69007,Lyon,45.74441,4.84547,https://www.vizzit.fr/fr/property/appartement/lyon-7/Ai5gaju591i8f839,Guillotière / Jean Macé,T3,1873.0,0,120.0,3,471.0,2,1061.0,0,576.0,0,121.0,1,145.0,2,477.0,1,501.0,0,81.0,4,280.0,2,93.0,1,218.0,3,615.0,0,1164.0,0,4522.0,0,81.0,1,1494.0,0,3081.0,0,489.0,1
80,Vizzit,649.0,37.0,17.54,Appartement,2 pièce - 37 m² - s,69003,Lyon,45.74446,4.88792,https://www.vizzit.fr/fr/property/appartement/lyon-3/Akkr88s5xekd14o0,Montchat,T2,3047.0,0,633.0,0,724.0,0,3377.0,0,627.0,0,1056.0,0,96.0,3,2692.0,0,504.0,0,558.0,0,734.0,0,1833.0,0,419.0,1,639.0,0,1653.0,0,5245.0,0,3275.0,0,1405.0,0,5027.0,0,2554.0,0
81,Vizzit,995.0,45.0,22.11,Appartement,2 pièce - 45 m² - s,69002,Lyon,45.74454,4.82216,https://www.vizzit.fr/fr/property/appartement/lyon-2/Ajep9oeofeu8juh3,Confluence,T2,2237.0,0,133.0,8,385.0,1,1135.0,0,488.0,2,388.0,1,163.0,7,661.0,0,1131.0,0,178.0,3,315.0,1,909.0,0,88.0,6,182.0,2,830.0,0,5063.0,0,744.0,0,1122.0,0,3046.0,0,1735.0,0
465,Century 21,700.0,21.62,32.38,Appartement,"T1 - 21,62 m2, 1 pièce Ref : 20465",69008,Lyon,45.731807797325146,4.861480274652183,https://www.century21.fr/trouver_logement/detail/15398798111/,Monplaisir / Bachut,Studio/T1,3146.0,0,285.0,1,172.0,2,2717.0,0,1531.0,0,612.0,0,232.0,6,213.0,1,1082.0,0,833.0,0,176.0,1,719.0,0,94.0,6,489.0,1,876.0,0,5926.0,0,1920.0,0,1536.0,0,4821.0,0,829.0,0
466,Century 21,912.0,41.91,21.76,Appartement,"1 pièce - F1 41,91 m2, Ref : 1026",69007,Lyon,45.745167724029216,4.847538770406696,https://www.century21.fr/trouver_logement/detail/15395801985/,Guillotière / Jean Macé,Studio/T1,1734.0,0,162.0,5,364.0,2,976.0,0,469.0,1,104.0,1,37.0,3,494.0,1,422.0,1,115.0,4,118.0,2,227.0,1,135.0,6,547.0,0,1112.0,0,4421.0,0,141.0,1,1421.0,0,3043.0,0,629.0,0
467,Century 21,840.0,71.2,11.8,Appartement,"3 pièce - 71,20 m2, s Ref : 22624",69009,Lyon,45.76360978577136,4.804561295271628,https://www.century21.fr/trouver_logement/detail/15321278025/,Vaise / Valmy,T3,2144.0,0,516.0,0,547.0,0,1203.0,0,1234.0,0,924.0,0,429.0,4,980.0,0,554.0,0,179.0,1,1120.0,0,1017.0,0,420.0,3,672.0,0,193.0,1,4417.0,0,1080.0,0,1217.0,0,2353.0,0,539.0,0
468,Century 21,1600.0,100.65,15.9,Appartement,"3 pièce - 100,65 m2, s Ref : 39048",69001,Lyon,45.769288404710345,4.8197947836891855,https://www.century21.fr/trouver_logement/detail/15274160940/,Pentes Croix-Rousse,T3,991.0,0,175.0,7,795.0,0,954.0,0,328.0,1,444.0,2,129.0,7,568.0,0,1071.0,0,435.0,1,579.0,0,1052.0,0,207.0,12,481.0,1,797.0,0,3082.0,0,435.0,1,1112.0,0,1044.0,0,977.0,0
469,Century 21,1305.0,91.33,14.29,Appartement,"4 pièce - F4 91,33 m2, s Ref : 20463",69003,Lyon,45.754108837885134,4.875602232527961,https://www.century21.fr/trouver_logement/detail/15387352898/,Montchat,Grand (T4+),1692.0,0,100.0,3,717.0,0,2059.0,0,725.0,0,681.0,0,203.0,3,1842.0,0,1166.0,0,892.0,0,674.0,0,1893.0,0,172.0,10,655.0,0,1013.0,0,3841.0,0,2052.0,0,1176.0,0,3633.0,0,2065.0,0
470,Century 21,949.0,34.03,27.89,Appartement,"1 pièce - F1 34,03 m2, Ref : 39074",69005,Lyon,45.75989609087355,4.800006810424049,https://www.century21.fr/trouver_logement/detail/15377856568/,Point du Jour / St Just,Studio/T1,2567.0,0,362.0,1,364.0,1,1696.0,0,1707.0,0,904.0,0,81.0,8,1520.0,0,392.0,1,662.0,0,1217.0,0,1191.0,0,117.0,1,459.0,1,351.0,1,4938.0,0,1569.0,0,1705.0,0,2839.0,0,918.0,0
471,Century 21,1515.0,80.35,18.86,Appartement,"4 pièce - F4 80,35 m2, s Ref : 39068",69002,Lyon,45.75748563420809,4.83452813439685,https://www.century21.fr/trouver_logement/detail/15361084077/,Bellecour / Cordeliers,Grand (T4+),610.0,0,25.0,28,80.0,4,591.0,0,167.0,14,133.0,4,292.0,12,373.0,3,393.0,2,120.0,5,476.0,1,1133.0,0,82.0,5,122.0,4,1459.0,0,3346.0,0,789.0,0,373.0,3,1491.0,0,1679.0,0
472,Century 21,1023.0,54.37,18.82,Appartement,"2 pièce - F2 54,37 m2, s Ref : 20462",69006,Lyon,45.76413344609628,4.849764232407127,https://www.century21.fr/trouver_logement/detail/15382558674/,Brotteaux / Foch,T2,650.0,0,202.0,10,407.0,3,188.0,4,310.0,3,362.0,5,97.0,9,817.0,0,834.0,0,138.0,10,198.0,4,818.0,0,54.0,17,189.0,8,1101.0,0,2305.0,0,138.0,2,487.0,1,1346.0,0,2447.0,0
473,Century 21,1000.0,57.14,17.5,Appartement,"2 pièce - F2 57,14 m2, s Ref : 1965",69008,Lyon,45.739216485747335,4.8804421940193,https://www.century21.fr/trouver_logement/detail/15064206354/,Monplaisir / Bachut,T2,3002.0,0,839.0,0,130.0,1,3096.0,0,929.0,0,673.0,0,162.0,6,1895.0,0,315.0,1,289.0,1,422.0,1,1087.0,0,361.0,3,663.0,0,1007.0,0,5500.0,0,2773.0,0,1002.0,0,4973.0,0,1918.0,0
474,Century 21,1115.0,79.73,13.98,Appartement,"3 pièce - F3 79,73 m2, s Ref : 2037",69008,Lyon,45.74166983623616,4.879105136665806,https://www.century21.fr/trouver_logement/detail/15308812750/,Monplaisir / Bachut,T3,2729.0,0,671.0,0,230.0,3,2869.0,0,668.0,0,701.0,0,305.0,4,1952.0,0,213.0,4,576.0,0,497.0,1,1083.0,0,463.0,2,423.0,1,967.0,0,5208.0,0,2619.0,0,779.0,0,4706.0,0,1827.0,0
475,Century 21,999.0,42.25,23.64,Appartement,"2 pièce - F2 42,25 m2, s Ref : 4029",69001,Lyon,45.76972297342491,4.823658716823795,https://www.century21.fr/trouver_logement/detail/15185134901/,Pentes Croix-Rousse,T2,721.0,0,119.0,21,504.0,0,678.0,0,472.0,2,286.0,7,70.0,8,351.0,1,1299.0,0,284.0,2,414.0,2,955.0,0,40.0,19,431.0,2,769.0,0,2809.0,0,284.0,1,854.0,0,740.0,0,1189.0,0
476,Century 21,711.0,22.68,31.35,Appartement,"T1 - 22,68 m2, 1 pièce Ref : 20459",69008,Lyon,45.739504521659235,4.879843003774058,https://www.century21.fr/trouver_logement/detail/15375276987/,Monplaisir / Bachut,Studio/T1,2948.0,0,869.0,0,182.0,2,3039.0,0,899.0,0,637.0,0,179.0,4,1870.0,0,349.0,4,328.0,1,476.0,1,1049.0,0,407.0,4,607.0,0,964.0,0,5452.0,0,2720.0,0,945.0,0,4917.0,0,1871.0,0
477,Century 21,1800.0,101.5,17.73,Appartement,"4 pièce - F4 101,50 m2, s Ref : 1852",69008,Lyon,45.7387029823267,4.880912959743716,https://www.century21.fr/trouver_logement/detail/14523630496/,Monplaisir / Bachut,Grand (T4+),3070.0,0,774.0,0,63.0,1,3157.0,0,986.0,0,698.0,0,139.0,7,1902.0,0,263.0,1,231.0,1,372.0,1,1112.0,0,297.0,3,636.0,0,1040.0,0,5567.0,0,2822.0,0,1064.0,0,5039.0,0,1955.0,0
478,Century 21,1100.0,46.26,23.78,Appartement,"2 pièce - F2 46,26 m2, s Ref : 39044",69001,Lyon,45.76501087902692,4.831537486589925,https://www.century21.fr/trouver_logement/detail/15263958366/,Terreaux / Hotel de Ville,T2,86.0,3,67.0,91,71.0,10,288.0,1,157.0,23,166.0,7,111.0,3,243.0,5,754.0,0,336.0,5,197.0,5,1144.0,0,89.0,18,99.0,5,1504.0,0,2744.0,0,336.0,2,246.0,3,661.0,0,1435.0,0
479,Century 21,2150.0,110.81,19.4,Appartement,"4 pièce - F4 110,81 m2, s Ref : 1949",69004,Lyon,45.7761423756648,4.8201024205982534,https://www.century21.fr/trouver_logement/detail/14978577349/,Croix-Rousse Plateau,Grand (T4+),1225.0,0,340.0,2,889.0,0,925.0,0,574.0,0,701.0,0,197.0,8,881.0,0,632.0,0,803.0,0,335.0,1,358.0,2,231.0,10,335.0,2,78.0,2,2708.0,0,1021.0,0,872.0,0,1164.0,0,691.0,0
480,Century 21,1390.0,84.0,16.55,Appartement,"3 pièce - 84 m2, s Ref : 39013",69002,Lyon,45.744828244933686,4.818576611840614,https://www.century21.fr/trouver_logement/detail/15045556647/,Confluence,T3,2335.0,0,265.0,7,329.0,1,1269.0,0,442.0,1,319.0,1,131.0,7,777.0,0,1372.0,0,103.0,3,431.0,2,907.0,0,136.0,5,390.0,1,949.0,0,5172.0,0,1023.0,0,1279.0,0,3105.0,0,1903.0,0
481,Century 21,2000.0,105.06,19.04,Appartement,"3 pièce - F3 105,06 m2, s Ref : 774",69001,Lyon,45.76798035077401,4.829872807007949,https://www.century21.fr/trouver_logement/detail/15178276307/,Terreaux / Hotel de Ville,T3,208.0,3,56.0,76,95.0,8,159.0,1,174.0,8,97.0,9,237.0,6,207.0,5,1070.0,0,221.0,5,108.0,4,871.0,0,24.0,21,148.0,4,1159.0,0,2575.0,0,221.0,3,596.0,0,405.0,1,1441.0,0
482,Century 21,1500.0,52.9,28.36,Appartement,"3 pièce - F3 52,90 m2, s Ref : 20372",69001,Lyon,45.766534512628475,4.823456854758396,https://www.century21.fr/trouver_logement/detail/14764436270/,Terreaux / Hotel de Ville,T3,672.0,0,127.0,29,450.0,1,661.0,0,271.0,5,128.0,6,286.0,4,253.0,1,1027.0,0,119.0,2,429.0,1,1123.0,0,225.0,17,618.0,0,1113.0,0,3045.0,0,119.0,1,854.0,0,887.0,0,935.0,0
483,Century 21,2500.0,170.0,14.71,Appartement,"T3 - 170 m2, 4 pièces Ref : 907",69007,Lyon,45.74326747422129,4.8444218748327605,https://www.century21.fr/trouver_logement/detail/13910822966/,Guillotière / Jean Macé,T3,2022.0,0,261.0,3,578.0,0,1196.0,0,609.0,0,272.0,1,288.0,2,437.0,1,538.0,0,229.0,2,369.0,2,193.0,1,368.0,4,670.0,0,1015.0,0,4659.0,0,229.0,1,1517.0,0,3186.0,0,346.0,1
484,Orpi,958.0,69.0,13.88,Appartement,3 pièce - 2 chambre - EXCLUSIVITÉ par mois PRIX EN BAISSE LOCATION s 69 m2 8 - Moulin à Ve nt Message s Balcon Bon état Non meublé Ascenseur Etage : 1 Favoris,69008,Lyon,45.73484990456048,4.857782828223123,https://www.orpi.com/annonce-location-appartement-t3-lyon-8-69008-8222b8db-276b-4330-ad63-612ffd87b4a5/,Monplaisir / Bachut,T3,2778.0,0,476.0,1,409.0,2,2292.0,0,1334.0,0,343.0,2,247.0,6,409.0,1,667.0,0,753.0,0,327.0,1,741.0,0,222.0,6,344.0,2,856.0,0,5563.0,0,1476.0,0,1329.0,0,4396.0,0,394.0,1
486,Orpi,892.0,50.0,17.84,Appartement,1 pièce - 1 chambre - par mois LOCATION 50 m2 7 - Guillotière Message À rafraîc hir Non meublé Ascenseur Rez - de - chaussée Favoris,69007,Lyon,45.745390313431216,4.841211587370899,https://www.orpi.com/annonce-location-appartement-t1-lyon-7-69007-56228171-23fd-41d0-8fd9-e75aef03cf0f/,Guillotière / Jean Macé,Studio/T1,1940.0,0,230.0,9,367.0,4,1035.0,0,267.0,1,389.0,1,277.0,3,325.0,2,639.0,0,296.0,3,236.0,3,268.0,2,199.0,5,330.0,2,1180.0,0,4468.0,0,351.0,1,1174.0,0,2902.0,0,607.0,0
490,Orpi,700.0,24.0,29.17,Appartement,1 pièce - EXCLUSIVITÉ par mois LOCATION 24 m2 5 - Saint - Georges Message Studi o Parfait état Meublé Etage : 3 Favoris,69005,Lyon,45.75723847107575,4.824663876100396,https://www.orpi.com/annonce-location-appartement-t1-lyon-5-69005-fb2e98f0-b330-4ce9-b3d4-17fb9aab46cc/,Vieux Lyon,Studio/T1,951.0,0,35.0,16,441.0,1,553.0,0,263.0,7,326.0,3,62.0,17,565.0,0,49.0,2,305.0,4,296.0,1,556.0,0,39.0,14,331.0,3,1785.0,0,3757.0,0,608.0,0,512.0,0,1649.0,0,979.0,0
496,Orpi,1200.0,75.0,16.0,Appartement,3 pièce - EXCLUSIVITÉ par mois LOCATION s 75 m2 5 - Saint - Irénée Message 2 cha mbres Balcon Cave Bon état Meublé Ascenseur Favoris,69005,Lyon,45.76542910085755,4.8266720440257815,https://www.orpi.com/annonce-location-appartement-t3-lyon-5-69005-596ba3b4-4379-49e8-aebf-aa24d056471d/,Vieux Lyon,T3,417.0,2,76.0,51,172.0,4,468.0,1,149.0,11,203.0,8,318.0,5,207.0,2,818.0,0,205.0,2,333.0,3,1197.0,0,56.0,12,368.0,2,1295.0,0,2952.0,0,260.0,1,576.0,0,781.0,0,1093.0,0
497,Orpi,994.0,40.0,24.85,Studio,1 pièce - EXCLUSIVITÉ par mois LOCATION 40 m2 3 - Villette Message Studio Bal con Bon état Meublé Ascenseur Etage : 3 Favoris,69003,Lyon,45.758142479215685,4.8405196693530845,https://www.orpi.com/annonce-location-appartement-t1-lyon-3-69003-0c919280-bd31-4fc6-924e-1b6682a898ee/,Préfecture / Quais,Studio/T1,747.0,0,65.0,35,316.0,5,620.0,0,264.0,4,83.0,10,362.0,5,421.0,1,115.0,2,282.0,6,276.0,7,866.0,0,318.0,5,301.0,3,1039.0,0,3108.0,0,489.0,1,642.0,0,1506.0,0,2009.0,0
498,Orpi,1283.0,68.0,18.87,Appartement,3 pièce - EXCLUSIVITÉ par mois LOCATION s 68 m2 3 - Férrandière Message 2 cham bres Balcon Cave Bon état Non meublé Etage : 4 Favoris,69003,Lyon,45.75392592345282,4.877351181884867,https://www.orpi.com/annonce-location-appartement-t3-lyon-3-69003-b9553abc-f4d8-4a65-a49c-e9c5b8bf8d0a/,Montchat,T3,1826.0,0,200.0,2,581.0,0,2187.0,0,589.0,0,814.0,0,269.0,5,1949.0,0,1140.0,0,802.0,0,811.0,0,2030.0,0,106.0,8,792.0,0,1094.0,0,3923.0,0,2175.0,0,1216.0,0,3759.0,0,2160.0,0
500,Orpi,1231.0,63.0,19.54,Appartement,3 pièce - EXCLUSIVITÉ par mois LOCATION s 63 m2 3 - Férrandière Message 2 cham bres Balcon Bon état Meublé Ascenseur Etage : 1 Favoris,69003,Lyon,45.74764803842487,4.888020014249195,https://www.orpi.com/annonce-location-appartement-t3-lyon-3-69003-d2fe21f0-1d39-4ca9-934d-87e574706446/,Montchat,T3,2871.0,0,317.0,2,598.0,0,3257.0,0,295.0,2,724.0,0,178.0,5,2906.0,0,720.0,0,444.0,2,1083.0,0,2023.0,0,147.0,6,295.0,1,1632.0,0,4950.0,0,3254.0,0,1459.0,0,4831.0,0,2633.0,0
501,Orpi,1313.0,61.0,21.52,Appartement,3 pièce - 2 chambre - EXCLUSIVITÉ par mois LOCATION s 61 m2 2 - Perrache Message s Balcon Bon état Meublé Ascenseur Etage : 1 Favoris,69002,Lyon,45.76217431436588,4.836874822533478,https://www.orpi.com/annonce-location-appartement-t3-lyon-2-69002-9ff65489-3174-4a45-905a-d696605408e2/,Bellecour / Cordeliers,T3,254.0,1,45.0,51,264.0,4,479.0,1,151.0,18,135.0,7,401.0,3,182.0,3,641.0,0,60.0,6,161.0,1,1281.0,0,341.0,7,188.0,5,1506.0,0,2797.0,0,546.0,0,295.0,3,1010.0,0,1799.0,0
503,Orpi,957.0,44.0,21.75,Appartement,2 pièce - EXCLUSIVITÉ par mois LOCATION s 44 m2 5 - Fourvière Message 1 chambr e Bon état Non meublé Ascenseur Etage : 2 Favoris,69005,Lyon,45.758879482762595,4.819263006663192,https://www.orpi.com/annonce-location-appartement-t2-lyon-5-69005-2af6d0d5-01ca-46cf-90c6-d2cb030d59ec/,Vieux Lyon,T2,1214.0,0,335.0,9,314.0,1,985.0,0,634.0,0,328.0,2,281.0,7,567.0,0,496.0,1,732.0,0,414.0,1,325.0,2,149.0,9,337.0,1,1330.0,0,3877.0,0,991.0,0,962.0,0,1709.0,0,527.0,0
507,Orpi,1964.0,116.0,16.93,Appartement,4 pièce - EXCLUSIVITÉ par mois LOCATION s 116 m2 5 - Fourvière Message 3 chamb res Bon état Meublé Ascenseur Etage : 1 Favoris,69005,Lyon,45.75220392330359,4.807207315992892,https://www.orpi.com/annonce-location-appartement-t4-lyon-5-69005-2c7a891b-2b4b-45b3-a9ff-dfeaae835d07/,Point du Jour / St Just,Grand (T4+),2383.0,0,861.0,0,370.0,1,1719.0,0,1479.0,0,536.0,0,327.0,1,957.0,0,1081.0,0,280.0,1,780.0,0,853.0,0,144.0,6,845.0,0,1177.0,0,5059.0,0,1593.0,0,1780.0,0,2886.0,0,1160.0,0
508,Orpi,859.0,47.0,18.28,Appartement,2 pièce - EXCLUSIVITÉ par mois LOCATION s 47 m2 4 - Quai de Saône Message 1 ch ambre Bon état Non meublé Etage : 4 Favoris,69004,Lyon,45.78186861750338,4.827547021706007,https://www.orpi.com/annonce-location-appartement-t2-lyon-4-69004-97afe692-f74e-4ef5-8ab1-65e24caceb80/,Croix-Rousse Plateau,T2,1412.0,0,604.0,0,471.0,1,635.0,0,788.0,0,269.0,1,42.0,5,1280.0,0,392.0,9,406.0,1,464.0,1,562.0,0,259.0,9,485.0,1,129.0,2,1982.0,0,406.0,1,690.0,0,1297.0,0,665.0,0
509,Orpi,1850.0,75.0,24.67,Appartement,3 pièce - EXCLUSIVITÉ par mois LOCATION s 75 m2 2 - Confluence Message 2 chamb res Balcon Bon état Meublé Ascenseur Etage : 7 Favoris,69002,Lyon,45.74697500065643,4.8212429885348085,https://www.orpi.com/annonce-location-appartement-t3-lyon-2-69002-892ab353-6776-4cd7-8779-c0e109006eba/,Confluence,T3,2025.0,0,93.0,6,574.0,0,953.0,0,709.0,0,589.0,0,191.0,5,607.0,0,1104.0,0,262.0,2,170.0,1,638.0,0,165.0,6,198.0,2,1110.0,0,4861.0,0,739.0,0,965.0,0,2810.0,0,1728.0,0
510,Orpi,2140.0,109.0,19.63,Appartement,4 pièce - 3 chambre - EXCLUSIVITÉ par mois PRIX EN BAISSE LOCATION s 109 m2 1 - Jardin des Plantes Message s Parfait état Meublé Ascenseur Etage : 5 Favoris,69001,Lyon,45.76940215925553,4.825098135749843,https://www.orpi.com/annonce-location-appartement-t4-lyon-1-69001-85f1d774-8099-44d3-bb80-0c008b07c64e/,Pentes Croix-Rousse,Grand (T4+),609.0,0,27.0,31,388.0,1,561.0,0,387.0,1,239.0,7,113.0,8,260.0,2,1277.0,0,242.0,2,299.0,1,932.0,0,102.0,22,510.0,0,839.0,0,2742.0,0,242.0,1,810.0,0,639.0,0,1239.0,0
512,Orpi,1800.0,95.0,18.95,Appartement,3 pièce - 2 chambre - EXCLUSIVITÉ VISITE VIRTUELLE par mois PRIX EN BAISSE LOCATION s 95 m2 Ly on 6 - Tête d'Or Message s Cave Bon état Meublé Rez - de - chaussée Favoris,69000,Lyon,45.75593666920509,4.84875014114386,https://www.orpi.com/annonce-location-appartement-t3-lyon-6-69006-24bcac90-5b51-4f72-bc6e-06184629c69b/,Grand Lyon / Autre,T3,667.0,0,129.0,12,417.0,4,281.0,1,421.0,4,177.0,8,186.0,13,981.0,0,405.0,2,173.0,5,217.0,5,240.0,1,136.0,15,413.0,2,356.0,1,3220.0,0,173.0,1,776.0,0,1981.0,0,1577.0,0
515,Orpi,1630.0,86.0,18.95,Appartement,4 pièce - 3 chambre - EXCLUSIVITÉ VISITE VIRTUELLE par mois LOCATION s 86 m2 6 - Foch Mess age s Cave Bon état Non meublé Ascenseur Etage : 5 Favoris,69006,Lyon,45.763922297261274,4.846514207334668,https://www.orpi.com/annonce-location-appartement-t4-lyon-6-69006-e4daecc4-97ce-472f-9f9a-237869aa8e47/,Brotteaux / Foch,Grand (T4+),827.0,0,147.0,14,314.0,2,73.0,5,59.0,6,109.0,10,124.0,9,870.0,0,783.0,0,93.0,10,267.0,2,875.0,0,142.0,17,78.0,8,1160.0,0,2367.0,0,231.0,3,388.0,1,1168.0,0,2478.0,0
517,Orpi,1100.0,54.0,20.37,Appartement,2 pièce - 1 chambre - EXCLUSIVITÉ par mois PRIX EN BAISSE LOCATION s 54 m2 2 - Confluence Message Balcon Terrasse Bon état Non meublé Ascenseur Favoris,69002,Lyon,45.751199358412975,4.826129937492772,https://www.orpi.com/annonce-location-appartement-t2-lyon-2-69002-f0bbc7de-b457-49aa-a57d-d34d9cbb4068/,Ainay,T2,1435.0,0,14.0,13,66.0,3,351.0,2,229.0,4,355.0,2,180.0,6,395.0,1,634.0,0,167.0,6,141.0,3,387.0,1,151.0,11,252.0,6,1567.0,0,4265.0,0,167.0,2,380.0,2,2251.0,0,1506.0,0
522,Orpi,95.0,15.0,6.33,Appartement,par mois LOCATION Stationnement 15 m2 7 - Debourg Message Ascenseur Favoris,69007,Lyon,45.73397030337264,4.836451150560335,https://www.orpi.com/annonce-location-stationnement-lyon-7-69007-54ea3e8d-feeb-40d1-9e0a-00b9e116c58d/,Gerland,Studio/T1,3223.0,0,340.0,1,195.0,1,2151.0,0,681.0,0,290.0,1,156.0,8,1086.0,0,1481.0,0,81.0,2,422.0,1,662.0,0,206.0,7,211.0,2,242.0,2,5787.0,0,1225.0,0,2146.0,0,4110.0,0,890.0,0
524,Orpi,1299.0,42.0,30.93,Appartement,3 pièce - EXCLUSIVITÉ par mois LOCATION s 42 m2 5 - Saint - Georges Message 2 ch ambres Bon état Meublé Ascenseur Etage : 2 Favoris,69005,Lyon,45.766765661973395,4.826598079953839,https://www.orpi.com/annonce-location-appartement-t3-lyon-5-69005-430c1733-385b-4fab-9e09-baaf560809a6/,Vieux Lyon,T3,431.0,2,54.0,56,278.0,3,417.0,1,116.0,9,56.0,8,237.0,4,58.0,3,963.0,0,57.0,2,212.0,4,1115.0,0,147.0,18,382.0,2,1154.0,0,2850.0,0,165.0,1,658.0,0,677.0,0,1154.0,0
526,Orpi,900.0,59.0,15.25,Appartement,3 pièce - 2 chambre - EXCLUSIVITÉ VISITE VIRTUELLE par mois LOCATION s 59 m2 9 - Gare de V aise Message s Bon état Non meublé Ascenseur Etage : 2 Favoris,69009,Lyon,45.764732156971235,4.803761297558427,https://www.orpi.com/annonce-location-appartement-t3-lyon-9-69009-9138e643-001d-4c5b-bca6-5b563e5a6471/,Vaise / Valmy,T3,2196.0,0,435.0,3,525.0,0,1095.0,0,1136.0,0,1064.0,0,290.0,3,917.0,0,526.0,0,279.0,1,1131.0,0,1142.0,0,284.0,4,780.0,0,275.0,1,4405.0,0,970.0,0,1107.0,0,2373.0,0,640.0,0
531,Orpi,420.0,16.0,26.25,Studio,1 pièce - EXCLUSIVITÉ par mois LOCATION 16 m2 9 - Ile Barbe Message Studio Bo n état Non meublé Etage : 1 Favoris,69009,Lyon,45.78872910916862,4.811193484221975,https://www.orpi.com/annonce-location-appartement-t1-lyon-9-69009-de5fa931-c08d-4dc0-b91e-10cf5e39afe6/,Vaise / Valmy,Studio/T1,2703.0,0,130.0,1,1002.0,0,1582.0,0,988.0,0,910.0,0,314.0,3,1974.0,0,897.0,0,1155.0,0,266.0,1,1210.0,0,314.0,1,211.0,1,914.0,0,3254.0,0,1609.0,0,1624.0,0,2612.0,0,817.0,0
537,Orpi,470.0,16.0,29.38,Studio,1 pièce - par mois LOCATION 16 m2 9 - Ile Barbe Message Studio Parfait état M eublé Rez - de - chaussée Favoris,69009,Lyon,45.77785392625508,4.797541297467898,https://www.orpi.com/annonce-location-appartement-t1-lyon-9-69009-c388768f-579b-493d-bb4a-0f618417a46e/,Vaise / Valmy,Studio/T1,2891.0,0,363.0,1,312.0,1,758.0,0,792.0,0,749.0,0,312.0,4,1325.0,0,1657.0,0,185.0,2,583.0,0,1406.0,0,282.0,5,756.0,0,375.0,2,4351.0,0,831.0,0,832.0,0,2863.0,0,1726.0,0
538,Orpi,100.0,10.0,10.0,Appartement,EXCLUSIVITÉ par mois LOCATION Stationnement 10 m2 9 - Valmy Message Portail électrique Favoris,69009,Lyon,45.79667095809495,4.822143957272546,https://www.orpi.com/annonce-location-stationnement-lyon-9-69009-7a78f0f2-8bbf-451f-a8c6-4617219c0990/,Vaise / Valmy,Studio/T1,3109.0,0,1185.0,0,664.0,0,2269.0,0,2157.0,0,717.0,0,285.0,3,2960.0,0,1370.0,0,1966.0,0,1417.0,0,319.0,1,188.0,3,496.0,1,1816.0,0,2719.0,0,1966.0,0,2362.0,0,2992.0,0,1245.0,0
541,Orpi,827.0,45.0,18.38,Appartement,1 pièce - 1 chambre - EXCLUSIVITÉ par mois LOCATION 45 m2 9 - Valmy Message Bon état Meublé Etage : 1 Favoris,69009,Lyon,45.76694252981431,4.79354179918864,https://www.orpi.com/annonce-location-appartement-t1-lyon-9-69009-860cc16a-0b7d-4719-8de7-d9aa2b59b899/,Vaise / Valmy,Studio/T1,2989.0,0,573.0,0,566.0,0,1331.0,0,1341.0,0,1423.0,0,103.0,6,1462.0,0,539.0,0,787.0,0,1245.0,0,1937.0,0,242.0,6,438.0,1,858.0,0,5002.0,0,1240.0,0,1338.0,0,3096.0,0,1467.0,0
543,Orpi,2580.0,147.0,17.55,Maison,6 pièce - VISITE VIRTUELLE par mois LOCATION Maison s 147 m2 9 - Champvert Message 5 chamb res Balcon Terrasse Bon état Garage Non meublé Favoris,69009,Lyon,45.77272424384807,4.81269539507816,https://www.orpi.com/annonce-location-maison-t6-lyon-9-69009-f4364878-b5b6-4471-abd4-097d70722d8f/,Vaise / Valmy,Grand (T4+),1606.0,0,245.0,3,268.0,2,440.0,1,515.0,0,359.0,1,421.0,4,216.0,1,1190.0,0,432.0,2,566.0,0,661.0,0,332.0,6,360.0,2,767.0,0,3384.0,0,462.0,2,475.0,1,1593.0,0,1155.0,0
545,Orpi,1400.0,92.0,15.22,Appartement,4 pièce - 3 chambre - EXCLUSIVITÉ VISITE VIRTUELLE par mois PRIX EN BAISSE LOCATION s 92 m2 Ly on 7 - Garibaldi Message s Bon état Non meublé Ascenseur Etage : 7 Favoris,69000,Lyon,45.76745006139554,4.830698353925748,https://www.orpi.com/annonce-location-appartement-t4-lyon-7-69007-da09702a-d0a6-46f1-9348-bdad51411c3a/,Grand Lyon / Autre,Grand (T4+),123.0,3,9.0,85,161.0,9,90.0,1,147.0,11,53.0,10,321.0,4,237.0,6,1014.0,0,223.0,7,83.0,4,901.0,0,65.0,18,82.0,5,1244.0,0,2575.0,0,223.0,3,516.0,0,421.0,1,1470.0,0
549,Orpi,1350.0,81.0,16.67,Appartement,4 pièce - 2 chambre - EXCLUSIVITÉ VISITE VIRTUELLE par mois LOCATION s 81 m2 9 - La Duchèr e Message s Balcon Cave Bon état Exposition : Sud Non meublé Favoris,69009,Lyon,45.76741022107733,4.7940705969774005,https://www.orpi.com/annonce-location-appartement-t4-lyon-9-69009-87559fae-fd4d-4333-9603-01331ca974e8/,Vaise / Valmy,Grand (T4+),2951.0,0,527.0,0,590.0,0,1266.0,0,1276.0,0,1360.0,0,99.0,6,1408.0,0,562.0,0,724.0,0,1179.0,0,1929.0,0,301.0,6,504.0,0,805.0,0,4944.0,0,1177.0,0,1274.0,0,3049.0,0,1448.0,0
550,Orpi,1950.0,50.0,39.0,Appartement,2 pièce - 1 chambre - EXCLUSIVITÉ VISITE VIRTUELLE par mois LOCATION s 50 m2 6 - Foch Mess age Balcon Cave Bon état Non meublé Ascenseur Favoris,69006,Lyon,45.7709096867344,4.84893912104237,https://www.orpi.com/annonce-location-appartement-t2-lyon-6-69006-e919fdb0-5de5-4f7f-b755-7fe86f29b72f/,Brotteaux / Foch,T2,1246.0,0,150.0,10,373.0,1,572.0,0,189.0,11,170.0,4,371.0,3,899.0,0,592.0,0,165.0,3,340.0,1,1187.0,0,182.0,17,361.0,2,1826.0,0,1568.0,0,165.0,1,221.0,3,1024.0,0,2654.0,0
552,Orpi,2250.0,180.0,12.5,Appartement,4 pièce - 3 chambre - EXCLUSIVITÉ VISITE VIRTUELLE par mois LOCATION s 180 m2 5 - Vieux Ly on Message s Cave Bon état Non meublé Etage : 1 Favoris,69005,Lyon,45.74998258882536,4.801040155868205,https://www.orpi.com/annonce-location-appartement-t4-lyon-5-69005-83f755c7-66f2-420b-a513-05b2db60b833/,Point du Jour / St Just,Grand (T4+),2921.0,0,1395.0,0,825.0,0,2226.0,0,1705.0,0,1028.0,0,603.0,0,1481.0,0,622.0,0,796.0,0,1312.0,0,1386.0,0,376.0,1,720.0,0,1382.0,0,5572.0,0,2086.0,0,2295.0,0,3400.0,0,1592.0,0
553,PAP,960.0,55.0,17.45,Appartement,2 pièce - 1 chambre - s 55 m²,69003,Lyon,45.75584638966649,4.86222064467736,https://www.pap.fr/annonces/appartement-lyon-3e-r448201583,Part-Dieu / Villette,T2,689.0,0,361.0,4,255.0,1,1128.0,0,676.0,0,361.0,2,71.0,6,1194.0,0,1350.0,0,165.0,3,385.0,1,837.0,0,328.0,5,379.0,2,744.0,0,3297.0,0,1107.0,0,786.0,0,2675.0,0,1597.0,0
554,PAP,1310.0,70.0,18.71,Appartement,2 pièce - 1 chambre - s 70 m²,69002,Lyon,45.765048992885326,4.835819729528397,https://www.pap.fr/annonces/appartement-lyon-2e-presqu-ile-r460901650,Bellecour / Cordeliers,T2,282.0,3,42.0,58,213.0,6,418.0,1,190.0,14,286.0,5,347.0,5,205.0,3,885.0,0,64.0,9,373.0,3,1117.0,0,132.0,10,99.0,5,1641.0,0,2555.0,0,216.0,1,279.0,1,681.0,0,1758.0,0
555,PAP,2575.0,140.0,18.39,Appartement,5 pièce - 4 chambre - s s 140 m²,69006,Lyon,45.77074959759736,4.861899465300365,https://www.pap.fr/annonces/appartement-lyon-6e-69006-r445001535,Brotteaux / Foch,Grand (T4+),1322.0,0,295.0,6,43.0,2,484.0,1,233.0,2,307.0,1,509.0,0,354.0,1,430.0,1,337.0,1,744.0,0,1740.0,0,192.0,3,93.0,1,1943.0,0,1711.0,0,884.0,0,695.0,0,2029.0,0,3196.0,0
556,PAP,990.0,65.0,15.23,Appartement,3 pièce - 2 chambre - s s 65 m²,69008,Lyon,45.74558497306594,4.863373473727737,https://www.pap.fr/annonces/appartement-lyon-8e-69008-r461501098,Monplaisir / Bachut,T3,1696.0,0,90.0,4,286.0,2,1600.0,0,269.0,1,137.0,1,118.0,5,1247.0,0,782.0,0,517.0,0,522.0,0,977.0,0,199.0,9,52.0,3,337.0,1,4433.0,0,1371.0,0,193.0,1,3571.0,0,744.0,0
557,PAP,1650.0,46.04,35.84,Appartement,"2 pièce - 1 chambre - s 46,04 m²",69004,Lyon,45.77584884832072,4.834036665869036,https://www.pap.fr/annonces/appartement-lyon-4e-69004-r451800921,Croix-Rousse Plateau,T2,684.0,0,60.0,18,118.0,5,180.0,2,112.0,3,140.0,3,101.0,17,476.0,1,558.0,0,57.0,6,202.0,2,100.0,4,92.0,12,152.0,2,554.0,0,1758.0,0,57.0,2,156.0,2,526.0,0,1378.0,0
558,PAP,995.0,45.0,22.11,Appartement,2 pièce - 1 chambre - s 45 m²,69001,Lyon,45.765590528485994,4.8335384321191555,https://www.pap.fr/annonces/appartement-lyon-1er-69001-r461700392,Terreaux / Hotel de Ville,T2,117.0,4,33.0,94,77.0,9,258.0,1,131.0,18,218.0,5,231.0,2,185.0,5,859.0,0,180.0,7,233.0,5,1057.0,0,17.0,14,110.0,5,1529.0,0,2601.0,0,180.0,2,265.0,1,587.0,0,1602.0,0
559,PAP,980.0,48.0,20.42,Appartement,2 pièce - 1 chambre - s 48 m²,69004,Lyon,45.78299497847125,4.819971779169144,https://www.pap.fr/annonces/appartement-lyon-4e-69004-r461602277,Croix-Rousse Plateau,T2,1785.0,0,812.0,0,1046.0,0,1171.0,0,1031.0,0,724.0,0,297.0,3,1490.0,0,147.0,2,1004.0,0,759.0,0,432.0,1,260.0,7,1051.0,0,617.0,0,2551.0,0,1004.0,0,1193.0,0,1689.0,0,94.0,3
560,PAP,1250.0,53.13,23.53,Appartement,"3 pièce - 2 chambre - s s 53,13 m²",69004,Lyon,45.77634778405145,4.825658536095802,https://www.pap.fr/annonces/appartement-lyon-4e-69004-r461602385,Croix-Rousse Plateau,T3,927.0,0,250.0,11,513.0,0,493.0,1,220.0,2,369.0,3,243.0,14,878.0,0,714.0,0,400.0,1,332.0,1,369.0,2,77.0,10,302.0,2,348.0,3,2301.0,0,639.0,0,452.0,1,838.0,0,846.0,0
561,PAP,1130.0,72.0,15.69,Appartement,2 pièce - 1 chambre - s 72 m²,69005,Lyon,45.75603261293086,4.814963638329172,https://www.pap.fr/annonces/appartement-lyon-5e-69005-r461601762,Point du Jour / St Just,T2,1651.0,0,125.0,1,211.0,1,1148.0,0,892.0,0,147.0,3,288.0,3,421.0,1,633.0,0,484.0,1,68.0,1,122.0,2,151.0,8,123.0,1,1173.0,0,4336.0,0,1078.0,0,1173.0,0,2166.0,0,627.0,0
562,PAP,1160.0,59.0,19.66,Appartement,2 pièce - 1 chambre - s 59 m²,69006,Lyon,45.763767632631215,4.865212722564334,https://www.pap.fr/annonces/appartement-lyon-6e-69006-r455301328,Brotteaux / Foch,T2,884.0,0,40.0,4,98.0,1,811.0,0,865.0,0,57.0,1,66.0,8,517.0,0,970.0,0,47.0,2,579.0,0,1309.0,0,219.0,5,168.0,1,1412.0,0,2525.0,0,867.0,0,703.0,0,2433.0,0,2505.0,0
563,PAP,900.0,43.0,20.93,Appartement,2 pièce - 1 chambre - s 43 m²,69008,Lyon,45.73093859310373,4.8845132518235586,https://www.pap.fr/annonces/appartement-lyon-8e-69008-r461601181,Monplaisir / Bachut,T2,3924.0,0,136.0,2,99.0,1,3899.0,0,1872.0,0,976.0,0,7.0,16,1991.0,0,690.0,0,695.0,0,415.0,2,1539.0,0,289.0,7,358.0,1,1562.0,0,6471.0,0,3398.0,0,1876.0,0,5867.0,0,2371.0,0
564,PAP,1050.0,41.0,25.61,Appartement,2 pièce - 1 chambre - s 41 m²,69002,Lyon,45.7524069860633,4.830142500572066,https://www.pap.fr/annonces/appartement-lyon-2e-69002-r460901818,Ainay,T2,1206.0,0,80.0,12,77.0,3,68.0,2,49.0,7,350.0,2,220.0,7,478.0,1,522.0,0,72.0,6,157.0,2,661.0,0,139.0,14,126.0,5,1758.0,0,4002.0,0,188.0,2,51.0,2,2064.0,0,1635.0,0
565,PAP,1090.0,57.0,19.12,Appartement,2 pièce - 1 chambre - s 57 m²,69008,Lyon,45.73868810515365,4.865129337588922,https://www.pap.fr/annonces/appartement-lyon-8e-r406501698,Monplaisir / Bachut,T2,2464.0,0,97.0,2,713.0,0,2223.0,0,722.0,0,260.0,1,163.0,4,960.0,0,763.0,0,287.0,2,227.0,4,216.0,1,43.0,10,180.0,2,187.0,1,5211.0,0,1667.0,0,726.0,0,4280.0,0,732.0,0
566,PAP,1488.0,73.0,20.38,Appartement,3 pièce - 1 chambre - s 73 m²,69003,Lyon,45.7578685708629,4.853886663520659,https://www.pap.fr/annonces/appartement-lyon-3e-69003-r461600961,Part-Dieu / Villette,T3,241.0,1,104.0,7,394.0,1,637.0,0,525.0,0,119.0,3,111.0,6,1057.0,0,799.0,0,263.0,4,549.0,0,213.0,1,150.0,8,392.0,2,387.0,1,2991.0,0,449.0,1,392.0,3,2049.0,0,1720.0,0
567,PAP,1147.0,47.14,24.33,Appartement,"2 pièce - 1 chambre - s 47,14 m²",69004,Lyon,45.781732123105165,4.827526841969218,https://www.pap.fr/annonces/appartement-lyon-4e-69004-r443502324,Croix-Rousse Plateau,T2,1398.0,0,599.0,0,463.0,1,625.0,0,774.0,0,254.0,1,54.0,5,1267.0,0,392.0,9,403.0,1,456.0,1,553.0,0,252.0,9,478.0,1,114.0,2,1986.0,0,403.0,1,678.0,0,1283.0,0,671.0,0
568,PAP,710.0,53.0,13.4,Appartement,2 pièce - 2 chambre - s s 53 m²,69007,Lyon,45.74499698785222,4.847731871394715,https://www.pap.fr/annonces/appartement-lyon-7e-69007-r461600979,Guillotière / Jean Macé,T2,1746.0,0,181.0,5,382.0,1,996.0,0,488.0,1,124.0,1,51.0,4,472.0,1,398.0,1,139.0,4,100.0,2,241.0,1,159.0,6,569.0,0,1125.0,0,4438.0,0,157.0,1,1406.0,0,3066.0,0,620.0,0
569,PAP,1460.0,78.0,18.72,Appartement,4 pièce - 3 chambre - s s 78 m²,69008,Lyon,45.72882425193993,4.864434611213259,https://www.pap.fr/annonces/appartement-lyon-8e-69008-r461601172,Monplaisir / Bachut,Grand (T4+),3513.0,0,559.0,0,363.0,2,3116.0,0,1816.0,0,951.0,0,136.0,5,510.0,0,1092.0,0,741.0,0,542.0,0,940.0,0,181.0,3,97.0,1,1098.0,0,6285.0,0,2322.0,0,1774.0,0,5218.0,0,1232.0,0
570,PAP,1180.0,45.0,26.22,Appartement,2 pièce - 1 chambre - s 45 m²,69008,Lyon,45.73389089460594,4.874372131874632,https://www.pap.fr/annonces/appartement-lyon-8e-69008-r461601214,Monplaisir / Bachut,T2,3234.0,0,201.0,1,116.0,1,3101.0,0,1377.0,0,467.0,1,73.0,9,1239.0,0,163.0,1,286.0,1,391.0,3,691.0,0,179.0,7,474.0,1,736.0,0,5899.0,0,2550.0,0,1214.0,0,5124.0,0,1520.0,0
571,PAP,1470.0,89.0,16.52,Appartement,4 pièce - 2 chambre - s s 89 m²,69003,Lyon,45.76106348941275,4.857139539342056,https://www.pap.fr/annonces/appartement-lyon-3e-69003-r461501086,Part-Dieu / Villette,Grand (T4+),199.0,1,118.0,5,115.0,1,438.0,1,904.0,0,518.0,0,232.0,4,632.0,0,995.0,0,94.0,5,118.0,4,637.0,0,486.0,1,199.0,3,806.0,0,2656.0,0,486.0,1,85.0,3,2010.0,0,2080.0,0
572,PAP,1762.0,88.0,20.02,Appartement,3 pièce - 2 chambre - s s 88 m²,69006,Lyon,45.76545353597899,4.859552030096342,https://www.pap.fr/annonces/appartement-lyon-6e-r449801648,Brotteaux / Foch,T3,710.0,0,144.0,10,315.0,2,350.0,2,531.0,0,339.0,2,158.0,2,111.0,2,559.0,0,285.0,6,302.0,4,1139.0,0,146.0,9,311.0,2,1328.0,0,2210.0,0,423.0,1,471.0,1,1956.0,0,2586.0,0
573,PAP,2100.0,120.0,17.5,Appartement,4 pièce - 3 chambre - s s 120 m²,69006,Lyon,45.76643848649187,4.848965590707138,https://www.pap.fr/annonces/appartement-lyon-6e-69006-r461401010,Brotteaux / Foch,Grand (T4+),891.0,0,92.0,18,191.0,2,296.0,4,270.0,14,137.0,8,236.0,8,837.0,0,703.0,0,194.0,9,370.0,3,1082.0,0,63.0,25,305.0,8,1365.0,0,2058.0,0,386.0,4,258.0,4,1157.0,0,2710.0,0
574,PAP,2050.0,80.0,25.62,Appartement,3 pièce - 2 chambre - s s 80 m²,69002,Lyon,45.74653814215355,4.8256646311326294,https://www.pap.fr/annonces/appartement-lyon-2e-69002-r461400053,Confluence,T3,1931.0,0,122.0,6,461.0,2,807.0,0,504.0,0,737.0,0,193.0,5,310.0,1,791.0,0,482.0,2,193.0,1,753.0,0,186.0,5,84.0,2,1048.0,0,4741.0,0,518.0,0,790.0,0,2765.0,0,1562.0,0
575,PAP,995.0,53.0,18.77,Appartement,2 pièce - 1 chambre - s 53 m²,69003,Lyon,45.75572829047962,4.8895011568255295,https://www.pap.fr/annonces/appartement-lyon-3e-69003-r461302345,Montchat,T2,2687.0,0,323.0,2,405.0,1,2891.0,0,398.0,1,319.0,2,348.0,1,2597.0,0,1498.0,0,388.0,2,1748.0,0,2719.0,0,293.0,2,248.0,2,1984.0,0,4305.0,0,2926.0,0,1984.0,0,4513.0,0,3064.0,0
576,PAP,1300.0,73.0,17.81,Appartement,3 pièce - 2 chambre - s s 73 m²,69004,Lyon,45.77950303552208,4.82184886836144,https://www.pap.fr/annonces/appartement-lyon-4e-69004-r454500080,Croix-Rousse Plateau,T3,1385.0,0,640.0,0,815.0,0,850.0,0,678.0,0,461.0,1,172.0,7,1243.0,0,269.0,1,826.0,0,623.0,0,48.0,2,82.0,11,638.0,0,336.0,3,2468.0,0,826.0,0,870.0,0,1296.0,0,387.0,2
577,PAP,1500.0,95.0,15.79,Appartement,3 pièce - 2 chambre - s s 95 m²,69003,Lyon,45.7549129784769,4.8635126454844695,https://www.pap.fr/annonces/appartement-lyon-3e-69003-r461202469,Part-Dieu / Villette,T3,832.0,0,237.0,4,258.0,1,1272.0,0,711.0,0,371.0,2,94.0,6,1315.0,0,1431.0,0,243.0,2,270.0,1,955.0,0,188.0,6,288.0,2,830.0,0,3421.0,0,1226.0,0,928.0,0,2819.0,0,1541.0,0
578,PAP,1090.0,56.0,19.46,Appartement,2 pièce - 1 chambre - s 56 m²,69007,Lyon,45.73921370018053,4.844656965485233,https://www.pap.fr/annonces/appartement-lyon-7e-69007-r461300552,Guillotière / Jean Macé,T2,2432.0,0,324.0,2,655.0,0,1642.0,0,994.0,0,404.0,1,406.0,2,369.0,1,621.0,0,365.0,1,409.0,2,643.0,0,375.0,3,764.0,0,638.0,0,5103.0,0,661.0,0,1782.0,0,3631.0,0,136.0,1
579,PAP,1210.0,75.0,16.13,Appartement,3 pièce - 2 chambre - s s 75 m²,69003,Lyon,45.74549795307031,4.883633168710258,https://www.pap.fr/annonces/appartement-lyon-3e-69003-r461102040,Montchat,T3,2708.0,0,348.0,3,400.0,2,3025.0,0,321.0,1,1106.0,0,161.0,4,2492.0,0,447.0,2,254.0,1,827.0,0,1607.0,0,335.0,3,573.0,0,1305.0,0,4979.0,0,2942.0,0,1080.0,0,4692.0,0,2254.0,0
580,PAP,1033.0,47.0,21.98,Appartement,2 pièce - 1 chambre - s 47 m²,69004,Lyon,45.779080788237984,4.81668125717378,https://www.pap.fr/annonces/appartement-lyon-4e-69004-r439501724,Croix-Rousse Plateau,T2,1634.0,0,760.0,0,755.0,0,895.0,0,743.0,0,825.0,0,130.0,6,987.0,0,441.0,1,819.0,0,755.0,0,118.0,2,148.0,9,749.0,0,385.0,3,2869.0,0,896.0,0,908.0,0,1565.0,0,395.0,1
581,PAP,750.0,55.0,13.64,Appartement,2 pièce - 1 chambre - s 55 m²,69008,Lyon,45.73398801596672,4.873335478278402,https://www.pap.fr/annonces/appartement-lyon-8e-69008-r461001532,Monplaisir / Bachut,T2,3189.0,0,154.0,2,140.0,1,3038.0,0,1334.0,0,431.0,1,42.0,8,1164.0,0,244.0,1,283.0,1,408.0,2,617.0,0,106.0,7,402.0,1,672.0,0,5866.0,0,2474.0,0,1182.0,0,5069.0,0,1440.0,0
582,ParuVendu,1075.0,58.0,18.53,Appartement,58 m2 3,69003,Lyon,45.74675887705824,4.876861287149846,https://www.paruvendu.fr/immobilier/location/appartement/1288397274A1KILHAP000,Montchat,T3,2209.0,0,349.0,3,319.0,3,2482.0,0,315.0,1,1069.0,0,193.0,6,2220.0,0,343.0,4,432.0,1,410.0,2,1328.0,0,82.0,6,444.0,1,767.0,0,4620.0,0,2423.0,0,609.0,0,4195.0,0,1770.0,0
583,ParuVendu,1250.0,53.0,23.58,Appartement,53 m2 2,69002,Lyon,45.75562587426779,4.825929175304739,https://www.paruvendu.fr/immobilier/location/appartement/1287169499A1KILHAP000,Ainay,T2,1017.0,0,134.0,21,442.0,2,356.0,2,130.0,8,129.0,3,135.0,16,551.0,0,155.0,2,205.0,7,437.0,3,465.0,1,57.0,14,141.0,5,1940.0,0,3850.0,0,405.0,1,336.0,2,1782.0,0,1158.0,0
584,ParuVendu,724.0,29.0,24.97,Appartement,29 m2 3,69003,Lyon,45.75758331524084,4.850573661295326,https://www.paruvendu.fr/immobilier/location/appartement/1286729461A1KILHAP000,Part-Dieu / Villette,Studio/T1,444.0,1,76.0,4,563.0,0,513.0,0,541.0,0,141.0,4,78.0,13,1151.0,0,540.0,0,190.0,4,353.0,2,108.0,1,14.0,15,344.0,2,389.0,1,3026.0,0,190.0,1,545.0,0,1907.0,0,1720.0,0
585,ParuVendu,750.0,30.0,25.0,Appartement,30 m2 7,69007,Lyon,45.732998341719814,4.839006234815042,https://www.paruvendu.fr/immobilier/location/appartement/1288483627A1KILHAP000,Gerland,Studio/T1,3236.0,0,336.0,2,380.0,2,2304.0,0,794.0,0,254.0,2,106.0,3,1156.0,0,1411.0,0,166.0,3,507.0,0,792.0,0,280.0,6,390.0,1,209.0,2,5853.0,0,1396.0,0,2301.0,0,4235.0,0,878.0,0
586,ParuVendu,1115.0,80.0,13.94,Appartement,80 m2 6,69006,Lyon,45.76973457673645,4.860356974077577,https://www.paruvendu.fr/immobilier/location/appartement/1288533741A1KILHAP000,Brotteaux / Foch,Grand (T4+),1173.0,0,161.0,9,122.0,2,333.0,2,120.0,2,231.0,1,347.0,1,204.0,2,304.0,1,183.0,3,581.0,0,1585.0,0,206.0,4,120.0,1,1796.0,0,1771.0,0,720.0,0,560.0,0,1916.0,0,3066.0,0
587,ParuVendu,1500.0,134.0,11.19,Appartement,134 m2 3,69003,Lyon,45.76358653575675,4.849554351502158,https://www.paruvendu.fr/immobilier/location/appartement/1288081547A1KILHAP000,Part-Dieu / Villette,Grand (T4+),618.0,0,197.0,11,469.0,2,167.0,4,291.0,2,348.0,6,151.0,9,853.0,0,848.0,0,76.0,12,203.0,3,762.0,0,66.0,17,160.0,7,1046.0,0,2367.0,0,76.0,3,467.0,1,1370.0,0,2390.0,0
588,ParuVendu,1108.0,56.0,19.79,Maison,Maison 56 m2 8,69008,Lyon,45.72843961090609,4.869526860827612,https://www.paruvendu.fr/immobilier/location/maison/1288031073A1KILHMN000,Monplaisir / Bachut,Grand (T4+),3654.0,0,531.0,0,471.0,1,3347.0,0,1862.0,0,752.0,0,368.0,5,885.0,0,813.0,0,440.0,1,870.0,0,989.0,0,234.0,5,308.0,1,1125.0,0,6396.0,0,2617.0,0,1767.0,0,5436.0,0,1516.0,0
589,ParuVendu,966.0,51.0,18.94,Appartement,51 m2 6,69006,Lyon,45.770448109401286,4.847415900192371,https://www.paruvendu.fr/immobilier/location/appartement/1287865461A1KILHAP000,Brotteaux / Foch,T2,1124.0,0,235.0,12,387.0,2,474.0,1,98.0,13,60.0,5,272.0,6,882.0,0,703.0,0,63.0,2,422.0,1,1115.0,0,94.0,18,341.0,5,1750.0,0,1644.0,0,63.0,2,214.0,4,909.0,0,2577.0,0
590,ParuVendu,1441.0,97.0,14.86,Appartement,97 m2 8,69008,Lyon,45.74306555007109,4.867489914161832,https://www.paruvendu.fr/immobilier/location/appartement/1287865998A1KILHAP000,Monplaisir / Bachut,Grand (T4+),2083.0,0,193.0,4,194.0,2,2023.0,0,231.0,1,562.0,0,109.0,4,1470.0,0,751.0,0,241.0,3,185.0,4,664.0,0,66.0,14,203.0,3,467.0,1,4774.0,0,1704.0,0,229.0,2,3987.0,0,978.0,0
591,ParuVendu,1083.0,63.0,17.19,Appartement,63 m2 8,69008,Lyon,45.73728995631128,4.87619511379882,https://www.paruvendu.fr/immobilier/location/appartement/1286995190A1KILHAP000,Monplaisir / Bachut,T3,2978.0,0,560.0,0,293.0,2,2951.0,0,1134.0,0,328.0,1,218.0,8,1504.0,0,330.0,2,365.0,1,532.0,0,732.0,0,185.0,11,551.0,0,686.0,0,5582.0,0,2520.0,0,926.0,0,4912.0,0,1590.0,0
592,ParuVendu,855.0,50.0,17.1,Appartement,50 m2 9,69009,Lyon,45.77253772725538,4.806582314749807,https://www.paruvendu.fr/immobilier/location/appartement/1287099967A1KILHAP000,Vaise / Valmy,T2,2069.0,0,170.0,6,98.0,3,201.0,2,245.0,1,247.0,1,60.0,8,418.0,1,1278.0,0,75.0,3,253.0,3,951.0,0,177.0,6,177.0,3,989.0,0,3831.0,0,75.0,2,212.0,1,2062.0,0,1186.0,0
593,ParuVendu,478.0,23.0,20.78,Appartement,23 m2 7,69007,Lyon,45.74079736977341,4.848572937399938,https://www.paruvendu.fr/immobilier/location/appartement/1288527819A1KILHAP000,Guillotière / Jean Macé,Studio/T1,2175.0,0,573.0,0,498.0,1,1467.0,0,958.0,0,540.0,0,338.0,2,20.0,1,272.0,5,529.0,0,231.0,2,559.0,0,50.0,2,471.0,1,976.0,0,4899.0,0,529.0,0,1435.0,0,3532.0,0,389.0,1
594,ParuVendu,1806.0,98.0,18.43,Appartement,98 m2 6,69006,Lyon,45.76521908122022,4.857153312777933,https://www.paruvendu.fr/immobilier/location/appartement/1288527820A1KILHAP000,Brotteaux / Foch,Grand (T4+),621.0,0,201.0,13,136.0,2,286.0,3,573.0,0,485.0,1,57.0,7,244.0,2,534.0,0,151.0,9,132.0,5,1025.0,0,46.0,11,151.0,4,1242.0,0,2199.0,0,235.0,1,389.0,3,1791.0,0,2541.0,0
595,ParuVendu,915.0,60.0,15.25,Appartement,60 m2 3,69003,Lyon,45.75752814046229,4.85259739576179,https://www.paruvendu.fr/immobilier/location/appartement/1288527817A1KILHAP000,Part-Dieu / Villette,T3,329.0,1,122.0,6,472.0,1,617.0,0,501.0,0,38.0,3,63.0,6,1136.0,0,697.0,0,347.0,3,505.0,0,110.0,1,72.0,11,376.0,1,341.0,1,3028.0,0,347.0,1,462.0,2,2011.0,0,1690.0,0
596,ParuVendu,762.0,23.0,33.13,Appartement,23 m2 4,69004,Lyon,45.77943380647375,4.824398542494971,https://www.paruvendu.fr/immobilier/location/appartement/1288527818A1KILHAP000,Croix-Rousse Plateau,Studio/T1,1265.0,0,597.0,0,618.0,0,667.0,0,571.0,0,264.0,3,121.0,5,1199.0,0,383.0,1,632.0,0,616.0,0,236.0,1,166.0,14,613.0,0,263.0,4,2278.0,0,632.0,0,693.0,0,1167.0,0,534.0,0
597,ParuVendu,653.0,49.0,13.33,Appartement,49 m2 3,69003,Lyon,45.762367414555754,4.8629771429059,https://www.paruvendu.fr/immobilier/location/appartement/1288527815A1KILHAP000,Part-Dieu / Villette,T2,658.0,0,210.0,3,158.0,1,784.0,0,926.0,0,183.0,1,82.0,9,517.0,0,987.0,0,272.0,2,366.0,2,1077.0,0,431.0,8,162.0,1,1180.0,0,2612.0,0,740.0,0,498.0,1,2332.0,0,2305.0,0
598,ParuVendu,430.0,22.0,19.55,Appartement,22 m2 7,69007,Lyon,45.74569710325415,4.842167764869537,https://www.paruvendu.fr/immobilier/location/appartement/1288527449A1KILHAP000,Guillotière / Jean Macé,Studio/T1,1870.0,0,156.0,10,323.0,4,976.0,0,299.0,1,317.0,2,195.0,3,285.0,2,675.0,0,234.0,3,220.0,3,206.0,2,245.0,5,382.0,2,1225.0,0,4420.0,0,283.0,1,1205.0,0,2886.0,0,621.0,0
599,ParuVendu,960.0,48.0,20.0,Appartement,48 m2 8,69008,Lyon,45.7421321225074,4.8640218067501975,https://www.paruvendu.fr/immobilier/location/appartement/1288288303A1KILHAP000,Monplaisir / Bachut,T2,2074.0,0,431.0,4,395.0,2,1885.0,0,390.0,1,504.0,0,267.0,4,1188.0,0,650.0,0,191.0,1,188.0,3,597.0,0,260.0,9,390.0,4,490.0,1,4819.0,0,1458.0,0,389.0,1,3913.0,0,700.0,0
600,ParuVendu,807.0,30.0,26.9,Appartement,30 m2 8,69008,Lyon,45.74201609102572,4.866249760624237,https://www.paruvendu.fr/immobilier/location/appartement/1287600571A1KILHAP000,Monplaisir / Bachut,Studio/T1,2148.0,0,337.0,3,336.0,2,2021.0,0,343.0,1,589.0,0,243.0,4,1328.0,0,818.0,0,315.0,3,265.0,2,546.0,0,202.0,14,334.0,4,407.0,1,4866.0,0,1630.0,0,377.0,2,4022.0,0,857.0,0
601,ParuVendu,701.0,37.0,18.95,Appartement,37 m2 6,69006,Lyon,45.76821442805516,4.855074138721611,https://www.paruvendu.fr/immobilier/location/appartement/1288081877A1KILHAP000,Brotteaux / Foch,T2,939.0,0,48.0,18,222.0,3,119.0,2,204.0,9,537.0,0,172.0,5,362.0,2,225.0,1,121.0,7,223.0,2,1290.0,0,113.0,18,217.0,2,1539.0,0,1848.0,0,374.0,1,201.0,2,1537.0,0,2868.0,0
602,ParuVendu,1032.0,79.0,13.06,Appartement,79 m2 1,69001,Lyon,45.770906090538624,4.82263399432346,https://www.paruvendu.fr/immobilier/location/appartement/1287779785A1KILHAP000,Pentes Croix-Rousse,Grand (T4+),811.0,0,243.0,9,618.0,0,804.0,0,548.0,0,437.0,3,105.0,9,504.0,0,1220.0,0,433.0,1,342.0,1,899.0,0,45.0,19,282.0,2,623.0,0,2799.0,0,433.0,1,828.0,0,809.0,0,1246.0,0
603,ParuVendu,1072.0,88.0,12.18,Appartement,88 m2 1,69001,Lyon,45.76612063702945,4.82428175180503,https://www.paruvendu.fr/immobilier/location/appartement/1288273561A1KILHAP000,Terreaux / Hotel de Ville,Grand (T4+),603.0,0,201.0,35,372.0,1,609.0,0,300.0,8,132.0,7,334.0,4,218.0,2,957.0,0,128.0,2,396.0,1,1125.0,0,147.0,14,550.0,0,1170.0,0,3029.0,0,128.0,1,776.0,0,861.0,0,963.0,0
604,ParuVendu,655.0,31.0,21.13,Appartement,31 m2 6,69006,Lyon,45.7638796070463,4.853043296223436,https://www.paruvendu.fr/immobilier/location/appartement/1288504246A1KILHAP000,Brotteaux / Foch,Studio/T1,490.0,1,102.0,7,272.0,3,43.0,2,561.0,0,561.0,0,196.0,7,594.0,0,730.0,0,114.0,10,77.0,5,787.0,0,190.0,18,125.0,6,1047.0,0,2321.0,0,144.0,2,295.0,3,1573.0,0,2391.0,0
605,ParuVendu,1060.0,60.0,17.67,Appartement,60 m2 3,69003,Lyon,45.75455516965934,4.861541575760037,https://www.paruvendu.fr/immobilier/location/appartement/1285558598A1KILHAP000,Part-Dieu / Villette,T3,753.0,0,355.0,3,383.0,1,1164.0,0,558.0,0,340.0,1,99.0,9,1329.0,0,1275.0,0,137.0,2,425.0,1,818.0,0,268.0,3,440.0,2,676.0,0,3426.0,0,1089.0,0,885.0,0,2731.0,0,1444.0,0
606,ParuVendu,810.0,46.0,17.61,Appartement,46 m2 7,69007,Lyon,45.73532867813421,4.82904195882313,https://www.paruvendu.fr/immobilier/location/appartement/1288503927A1KILHAP000,Gerland,T2,3093.0,0,396.0,4,541.0,0,1957.0,0,582.0,0,314.0,1,270.0,7,649.0,0,1616.0,0,452.0,2,419.0,2,522.0,0,109.0,8,549.0,0,441.0,1,5796.0,0,1040.0,0,1947.0,0,3963.0,0,1256.0,0
607,ParuVendu,449.0,17.0,26.41,Appartement,17 m2 8,69008,Lyon,45.73484349447833,4.877584825689822,https://www.paruvendu.fr/immobilier/location/appartement/1288503859A1KILHAP000,Monplaisir / Bachut,Studio/T1,3265.0,0,469.0,1,237.0,2,3208.0,0,1414.0,0,540.0,0,115.0,10,1507.0,0,135.0,2,319.0,1,241.0,2,877.0,0,91.0,7,333.0,1,879.0,0,5874.0,0,2724.0,0,1215.0,0,5191.0,0,1734.0,0
608,ParuVendu,1216.0,53.0,22.94,Appartement,53 m2 6,69006,Lyon,45.77029853067189,4.860383934666036,https://www.paruvendu.fr/immobilier/location/appartement/1288503858A1KILHAP000,Brotteaux / Foch,T2,1233.0,0,168.0,9,89.0,2,356.0,2,109.0,2,285.0,1,401.0,1,266.0,2,306.0,1,244.0,2,621.0,0,1643.0,0,231.0,4,124.0,1,1856.0,0,1713.0,0,770.0,0,570.0,0,1914.0,0,3129.0,0
609,ParuVendu,560.0,19.0,29.47,Appartement,19 m2 9,69009,Lyon,45.76563784907928,4.798061778187295,https://www.paruvendu.fr/immobilier/location/appartement/1288495742A1KILHAP000,Vaise / Valmy,Studio/T1,2635.0,0,311.0,3,326.0,1,1202.0,0,1215.0,0,1259.0,0,209.0,8,1199.0,0,302.0,1,724.0,0,1179.0,0,1562.0,0,161.0,8,689.0,0,522.0,0,4746.0,0,1079.0,0,1200.0,0,2776.0,0,1088.0,0
610,ParuVendu,1307.0,77.0,16.97,Appartement,77 m2 9,69009,Lyon,45.79180456332779,4.813366481868831,https://www.paruvendu.fr/immobilier/location/appartement/1288494768A1KILHAP000,Vaise / Valmy,Grand (T4+),2885.0,0,396.0,1,1381.0,0,1956.0,0,1366.0,0,1291.0,0,258.0,1,2321.0,0,1013.0,0,1535.0,0,625.0,0,1180.0,0,181.0,3,543.0,0,1257.0,0,3154.0,0,1939.0,0,1995.0,0,2785.0,0,944.0,0
611,ParuVendu,495.0,19.0,26.05,Appartement,19 m2 9,69009,Lyon,45.77093318754159,4.810003324689401,https://www.paruvendu.fr/immobilier/location/appartement/1288484387A1KILHAP000,Vaise / Valmy,Studio/T1,1772.0,0,257.0,5,275.0,3,418.0,1,494.0,1,384.0,1,242.0,6,115.0,1,1079.0,0,175.0,2,528.0,0,929.0,0,134.0,3,330.0,2,1052.0,0,3655.0,0,355.0,2,449.0,1,1789.0,0,956.0,0
612,ParuVendu,2100.0,92.0,22.83,Appartement,92 m2 1,69001,Lyon,45.77172296586248,4.831414078029944,https://www.paruvendu.fr/immobilier/location/appartement/1287399659A1KILHAP000,Pentes Croix-Rousse,Grand (T4+),250.0,1,131.0,57,156.0,5,461.0,1,238.0,5,364.0,3,62.0,17,244.0,5,1006.0,0,287.0,4,350.0,3,449.0,1,128.0,18,414.0,3,828.0,0,2201.0,0,287.0,1,395.0,1,160.0,2,1526.0,0
613,ParuVendu,1045.0,58.0,18.02,Appartement,58 m2 2,69002,Lyon,45.764736596041374,4.834824345294079,https://www.paruvendu.fr/immobilier/location/appartement/1288482990A1KILHAP000,Bellecour / Cordeliers,T3,214.0,3,17.0,66,212.0,7,392.0,1,121.0,16,202.0,4,263.0,2,234.0,6,816.0,0,138.0,8,331.0,4,1149.0,0,121.0,11,54.0,6,1648.0,0,2625.0,0,240.0,1,204.0,3,694.0,0,1675.0,0
614,ParuVendu,724.0,25.0,28.96,Appartement,25 m2 7,69007,Lyon,45.72685885255939,4.825391962066925,https://www.paruvendu.fr/immobilier/location/appartement/1288478583A1KILHAP000,Gerland,Studio/T1,4065.0,0,612.0,0,975.0,0,2924.0,0,490.0,1,731.0,0,278.0,4,526.0,0,2599.0,0,220.0,2,471.0,1,511.0,0,272.0,1,425.0,1,292.0,1,6779.0,0,2022.0,0,2912.0,0,4929.0,0,2051.0,0
615,ParuVendu,1295.0,67.0,19.33,Appartement,67 m2 1,69001,Lyon,45.77088938559077,4.82204986518225,https://www.paruvendu.fr/immobilier/location/appartement/1288162520A1KILHAP000,Pentes Croix-Rousse,T3,856.0,0,280.0,8,660.0,0,844.0,0,531.0,0,454.0,2,62.0,9,531.0,0,1218.0,0,449.0,1,351.0,1,930.0,0,67.0,16,277.0,2,618.0,0,2838.0,0,449.0,1,866.0,0,854.0,0,1219.0,0
616,ParuVendu,700.0,20.0,35.0,Appartement,20 m2 9,69009,Lyon,45.7868621285617,4.814855248446324,https://www.paruvendu.fr/immobilier/location/appartement/1287750328A1KILHAP000,Vaise / Valmy,Studio/T1,2365.0,0,227.0,1,957.0,0,1484.0,0,939.0,0,929.0,0,171.0,2,1786.0,0,546.0,0,1110.0,0,270.0,1,954.0,0,392.0,1,513.0,0,734.0,0,2949.0,0,1495.0,0,1510.0,0,2272.0,0,466.0,2
617,ParuVendu,1556.0,61.0,25.51,Appartement,61 m2 3,69003,Lyon,45.759330197408026,4.845488589051191,https://www.paruvendu.fr/immobilier/location/appartement/1287750326A1KILHAP000,Préfecture / Quais,T3,767.0,0,200.0,18,468.0,2,496.0,1,367.0,2,37.0,11,251.0,5,721.0,0,279.0,2,180.0,8,294.0,3,542.0,0,87.0,11,42.0,4,786.0,0,2883.0,0,291.0,3,764.0,0,1528.0,0,2018.0,0
618,ParuVendu,863.0,42.0,20.55,Appartement,42 m2 8,69008,Lyon,45.73915195357226,4.880534901861337,https://www.paruvendu.fr/immobilier/location/appartement/1288248470A1KILHAP000,Monplaisir / Bachut,T2,3013.0,0,830.0,0,121.0,1,3106.0,0,936.0,0,678.0,0,159.0,6,1898.0,0,309.0,1,281.0,1,413.0,1,1092.0,0,352.0,3,673.0,0,1013.0,0,5509.0,0,2782.0,0,1012.0,0,4983.0,0,1925.0,0
619,ParuVendu,738.0,39.0,18.92,Appartement,39 m2 7,69007,Lyon,45.73655837216092,4.8366801133884785,https://www.paruvendu.fr/immobilier/location/appartement/1288248911A1KILHAP000,Guillotière / Jean Macé,T2,2943.0,0,248.0,3,110.0,1,1875.0,0,901.0,0,279.0,2,125.0,9,1055.0,0,1302.0,0,285.0,3,279.0,1,869.0,0,28.0,8,92.0,1,277.0,2,5503.0,0,961.0,0,1871.0,0,3824.0,0,675.0,0
620,ParuVendu,540.0,21.0,25.71,Appartement,21 m2 7,69007,Lyon,45.73573324244927,4.8394144962225285,https://www.paruvendu.fr/immobilier/location/appartement/1288248910A1KILHAP000,Gerland,Studio/T1,2946.0,0,38.0,3,265.0,1,2025.0,0,983.0,0,61.0,2,203.0,7,924.0,0,1179.0,0,208.0,3,240.0,1,963.0,0,126.0,6,259.0,1,97.0,2,5549.0,0,1141.0,0,2022.0,0,3937.0,0,596.0,0
621,ParuVendu,461.0,19.0,24.26,Appartement,19 m2 9,69009,Lyon,45.79445490088687,4.8209452534787065,https://www.paruvendu.fr/immobilier/location/appartement/1288248916A1KILHAP000,Vaise / Valmy,Studio/T1,2901.0,0,937.0,0,843.0,0,2084.0,0,1900.0,0,897.0,0,125.0,1,2712.0,0,1120.0,0,1788.0,0,1164.0,0,577.0,0,271.0,3,754.0,0,1602.0,0,2693.0,0,1788.0,0,2168.0,0,2787.0,0,1090.0,0
622,ParuVendu,665.0,37.0,17.97,Appartement,37 m2 3,69003,Lyon,45.7636512814483,4.845688486338231,https://www.paruvendu.fr/immobilier/location/appartement/1288248920A1KILHAP000,Préfecture / Quais,T2,865.0,0,76.0,14,288.0,2,105.0,4,12.0,6,57.0,11,195.0,10,799.0,0,737.0,0,71.0,9,258.0,1,879.0,0,197.0,15,127.0,7,1162.0,0,2410.0,0,244.0,3,390.0,1,1145.0,0,2467.0,0
623,ParuVendu,680.0,21.0,32.38,Appartement,21 m2 7,69007,Lyon,45.7494426881849,4.843983068294316,https://www.paruvendu.fr/immobilier/location/appartement/1288537974A1KILHAP000,Guillotière / Jean Macé,Studio/T1,1449.0,0,34.0,35,117.0,6,536.0,0,275.0,2,23.0,5,305.0,5,190.0,2,435.0,1,206.0,5,253.0,3,134.0,2,255.0,14,152.0,5,885.0,0,3985.0,0,235.0,3,1115.0,0,2510.0,0,1028.0,0
624,ParuVendu,930.0,39.0,23.85,Appartement,39 m2 5,69005,Lyon,45.75676233669015,4.817302036296364,https://www.paruvendu.fr/immobilier/location/appartement/1288467275A1KILHAP000,Point du Jour / St Just,T2,1452.0,0,90.0,1,59.0,1,1000.0,0,747.0,0,52.0,2,155.0,3,367.0,1,593.0,0,683.0,0,180.0,1,112.0,2,133.0,7,98.0,1,1281.0,0,4154.0,0,955.0,0,1012.0,0,1988.0,0,606.0,0
625,ParuVendu,1350.0,79.0,17.09,Appartement,79 m2 8,69008,Lyon,45.743197608617905,4.861316416376356,https://www.paruvendu.fr/immobilier/location/appartement/1287705786A1KILHAP000,Monplaisir / Bachut,Grand (T4+),1900.0,0,397.0,1,484.0,1,1653.0,0,471.0,1,370.0,1,50.0,5,1005.0,0,496.0,1,296.0,1,355.0,2,797.0,0,233.0,6,344.0,2,631.0,0,4668.0,0,1229.0,0,428.0,1,3698.0,0,504.0,0
626,ParuVendu,1395.0,74.0,18.85,Appartement,74 m2 6,69006,Lyon,45.76712298608718,4.854868857404087,https://www.paruvendu.fr/immobilier/location/appartement/1288458820A1KILHAP000,Brotteaux / Foch,T3,818.0,0,29.0,20,173.0,3,141.0,3,301.0,8,560.0,0,189.0,6,387.0,2,343.0,1,90.0,8,168.0,5,1168.0,0,69.0,18,131.0,3,1416.0,0,1967.0,0,252.0,1,289.0,2,1553.0,0,2747.0,0
627,ParuVendu,1710.0,62.0,27.58,Appartement,62 m2 6,69006,Lyon,45.769378950605955,4.8522227372450635,https://www.paruvendu.fr/immobilier/location/appartement/1287130069A1KILHAP000,Brotteaux / Foch,T3,1095.0,0,62.0,16,223.0,3,314.0,2,26.0,10,388.0,3,120.0,4,603.0,0,336.0,1,295.0,6,34.0,2,1391.0,0,79.0,20,89.0,2,1659.0,0,1710.0,0,378.0,1,72.0,3,1295.0,0,2959.0,0
628,ParuVendu,450.0,11.0,40.91,Appartement,Chambre 11 m2 7,69007,Lyon,45.74330124184719,4.837960569858322,https://www.paruvendu.fr/immobilier/location/chambre/1287725001A1KILHCM000,Guillotière / Jean Macé,Studio/T1,2208.0,0,325.0,4,409.0,1,1207.0,0,445.0,1,681.0,0,384.0,2,635.0,0,696.0,0,500.0,1,231.0,2,550.0,0,284.0,7,404.0,1,944.0,0,4751.0,0,500.0,1,1207.0,0,3088.0,0,559.0,0
629,ParuVendu,569.0,20.0,28.45,Appartement,20 m2 8,69008,Lyon,45.7280206447562,4.864923770240836,https://www.paruvendu.fr/immobilier/location/appartement/1287831066A1KILHAP000,Monplaisir / Bachut,Studio/T1,3608.0,0,652.0,0,439.0,1,3213.0,0,1902.0,0,1027.0,0,211.0,4,592.0,0,1110.0,0,748.0,0,632.0,0,1022.0,0,105.0,2,70.0,1,1178.0,0,6379.0,0,2415.0,0,1853.0,0,5315.0,0,1328.0,0
630,ParuVendu,690.0,20.0,34.5,Appartement,20 m2 3,69003,Lyon,45.74577672448795,4.886651663998747,https://www.paruvendu.fr/immobilier/location/appartement/1287831065A1KILHAP000,Montchat,Studio/T1,2884.0,0,462.0,1,561.0,0,3240.0,0,467.0,3,957.0,0,106.0,4,2695.0,0,660.0,0,393.0,1,862.0,0,1819.0,0,251.0,5,487.0,1,1534.0,0,5069.0,0,3177.0,0,1316.0,0,4861.0,0,2490.0,0
631,ParuVendu,680.0,18.0,37.78,Appartement,18 m2 3,69003,Lyon,45.75991193906057,4.8515454943915195,https://www.paruvendu.fr/immobilier/location/appartement/1287831069A1KILHAP000,Part-Dieu / Villette,Studio/T1,296.0,1,277.0,7,350.0,1,415.0,1,614.0,0,241.0,3,199.0,5,966.0,0,685.0,0,323.0,6,407.0,2,337.0,1,173.0,12,102.0,5,614.0,0,2764.0,0,382.0,2,311.0,3,1760.0,0,1963.0,0
632,ParuVendu,750.0,18.0,41.67,Appartement,18 m2 5,69005,Lyon,45.753517723617755,4.8170844590277175,https://www.paruvendu.fr/immobilier/location/appartement/1287831067A1KILHAP000,Point du Jour / St Just,Studio/T1,1667.0,0,371.0,2,312.0,1,947.0,0,701.0,0,290.0,2,274.0,2,177.0,1,713.0,0,613.0,0,384.0,1,365.0,2,218.0,11,379.0,1,1477.0,0,4441.0,0,839.0,0,1001.0,0,2292.0,0,936.0,0
633,ParuVendu,550.0,12.0,45.83,Appartement,Chambre 12 m2 8,69008,Lyon,45.74222342831179,4.868553702090763,https://www.paruvendu.fr/immobilier/location/chambre/1287751348A1KILHCM000,Monplaisir / Bachut,Studio/T1,2204.0,0,229.0,3,284.0,3,2145.0,0,346.0,1,565.0,0,111.0,3,1434.0,0,685.0,0,224.0,3,117.0,4,584.0,0,105.0,15,307.0,2,426.0,1,4885.0,0,1801.0,0,254.0,2,4112.0,0,1035.0,0
634,ParuVendu,715.0,12.0,59.58,Appartement,12 m2 2,69002,Lyon,45.75606481165807,4.831996861014095,https://www.paruvendu.fr/immobilier/location/appartement/1288450178A1KILHAP000,Bellecour / Cordeliers,Studio/T1,778.0,0,215.0,19,316.0,4,358.0,2,180.0,13,125.0,4,115.0,12,520.0,0,315.0,1,204.0,7,552.0,0,887.0,0,130.0,10,132.0,7,1626.0,0,3574.0,0,542.0,0,241.0,2,1647.0,0,1547.0,0
635,ParuVendu,675.0,30.0,22.5,Appartement,30 m2 6,69006,Lyon,45.769943164810726,4.8536476109602456,https://www.paruvendu.fr/immobilier/location/appartement/1288223804A1KILHAP000,Brotteaux / Foch,Studio/T1,1138.0,0,76.0,16,244.0,2,228.0,2,23.0,11,494.0,2,182.0,4,521.0,0,218.0,1,332.0,5,122.0,2,1462.0,0,60.0,14,40.0,2,1722.0,0,1649.0,0,485.0,1,70.0,2,1396.0,0,3027.0,0
636,ParuVendu,930.0,55.0,16.91,Appartement,55 m2 7,69007,Lyon,45.73236871580688,4.82486169126553,https://www.paruvendu.fr/immobilier/location/appartement/1288223806A1KILHAP000,Gerland,T3,3470.0,0,373.0,3,940.0,0,2326.0,0,449.0,1,400.0,1,26.0,6,188.0,1,2037.0,0,176.0,1,103.0,2,384.0,2,189.0,5,410.0,1,540.0,0,6215.0,0,1450.0,0,2314.0,0,4327.0,0,1698.0,0
637,ParuVendu,485.0,31.0,15.65,Appartement,31 m2 7,69007,Lyon,45.73474821921331,4.845963893492909,https://www.paruvendu.fr/immobilier/location/appartement/1288223805A1KILHAP000,Gerland,Studio/T1,2877.0,0,356.0,1,594.0,0,2132.0,0,1367.0,0,300.0,2,381.0,3,710.0,0,925.0,0,386.0,1,595.0,0,1144.0,0,423.0,1,577.0,0,517.0,0,5586.0,0,1153.0,0,1945.0,0,4138.0,0,633.0,0
638,ParuVendu,1100.0,64.0,17.19,Appartement,64 m2 8,69008,Lyon,45.73667630254777,4.871633429641446,https://www.paruvendu.fr/immobilier/location/appartement/1287727818A1KILHAP000,Monplaisir / Bachut,T3,2862.0,0,207.0,3,297.0,1,2731.0,0,1008.0,0,124.0,1,143.0,6,1161.0,0,485.0,1,266.0,1,193.0,2,381.0,1,34.0,11,191.0,1,376.0,1,5543.0,0,2219.0,0,863.0,0,4748.0,0,1244.0,0
639,ParuVendu,2760.0,159.0,17.36,Appartement,159 m2 1,69001,Lyon,45.768545110334344,4.827341196917815,https://www.paruvendu.fr/immobilier/location/appartement/1286898819A1KILHAP000,Terreaux / Hotel de Ville,Grand (T4+),411.0,3,95.0,52,211.0,4,365.0,1,223.0,5,124.0,8,40.0,3,153.0,2,1146.0,0,158.0,3,100.0,4,921.0,0,64.0,25,354.0,2,1000.0,0,2672.0,0,257.0,2,756.0,0,513.0,0,1310.0,0
640,ParuVendu,1301.0,50.0,26.02,Appartement,50 m2 2,69002,Lyon,45.74177819461584,4.8223470871196294,https://www.paruvendu.fr/immobilier/location/appartement/1288223799A1KILHAP000,Confluence,T2,2516.0,0,117.0,5,261.0,1,1395.0,0,211.0,2,277.0,1,175.0,7,699.0,0,1291.0,0,108.0,4,482.0,1,1216.0,0,221.0,6,470.0,1,527.0,0,5330.0,0,790.0,0,1378.0,0,3339.0,0,1661.0,0
641,ParuVendu,682.0,31.0,22.0,Appartement,31 m2 8,69008,Lyon,45.72978959990243,4.8587494251090915,https://www.paruvendu.fr/immobilier/location/appartement/1288223798A1KILHAP000,Monplaisir / Bachut,Studio/T1,3345.0,0,450.0,1,180.0,2,2845.0,0,1810.0,0,755.0,0,298.0,2,162.0,1,1232.0,0,1137.0,0,258.0,1,1025.0,0,171.0,3,478.0,1,1180.0,0,6130.0,0,1981.0,0,1821.0,0,4946.0,0,952.0,0
642,ParuVendu,590.0,36.0,16.39,Appartement,36 m2 3,69003,Lyon,45.75909404293045,4.869336397592208,https://www.paruvendu.fr/immobilier/location/appartement/1288443225A1KILHAP000,Part-Dieu / Villette,T2,1087.0,0,361.0,1,406.0,1,1378.0,0,1333.0,0,304.0,1,89.0,6,1104.0,0,1571.0,0,514.0,0,500.0,1,1403.0,0,138.0,13,326.0,1,1329.0,0,3129.0,0,1344.0,0,1029.0,0,2936.0,0,2165.0,0
643,ParuVendu,1578.0,95.0,16.61,Appartement,95 m2 6,69006,Lyon,45.76468853255379,4.8457640241525946,https://www.paruvendu.fr/immobilier/location/appartement/1287973780A1KILHAP000,Brotteaux / Foch,Grand (T4+),923.0,0,163.0,12,218.0,2,155.0,4,108.0,7,77.0,10,170.0,10,859.0,0,852.0,0,137.0,10,164.0,1,977.0,0,91.0,16,96.0,8,1262.0,0,2297.0,0,293.0,3,286.0,2,1067.0,0,2511.0,0
644,ParuVendu,583.0,15.0,38.87,Appartement,15 m2 9,69009,Lyon,45.76636252766259,4.799238974987476,https://www.paruvendu.fr/immobilier/location/appartement/1287865414A1KILHAP000,Vaise / Valmy,Studio/T1,2545.0,0,224.0,3,424.0,1,1083.0,0,1098.0,0,1139.0,0,240.0,5,1080.0,0,403.0,1,674.0,0,1069.0,0,1531.0,0,127.0,8,798.0,0,527.0,0,4628.0,0,959.0,0,1082.0,0,2671.0,0,1034.0,0
645,ParuVendu,955.0,57.0,16.75,Appartement,57 m2 7,69007,Lyon,45.73253427110705,4.828423671147978,https://www.paruvendu.fr/immobilier/location/appartement/1287112016A1KILHAP000,Gerland,T3,3407.0,0,134.0,4,685.0,0,2270.0,0,286.0,1,123.0,1,182.0,6,443.0,1,1928.0,0,210.0,1,200.0,3,219.0,2,70.0,7,297.0,2,620.0,0,6106.0,0,1354.0,0,2260.0,0,4277.0,0,1457.0,0
646,ParuVendu,795.0,42.0,18.93,Appartement,42 m2 7,69007,Lyon,45.733851234371656,4.840407491378085,https://www.paruvendu.fr/immobilier/location/appartement/1288424292A1KILHAP000,Gerland,T2,3107.0,0,242.0,2,399.0,1,2248.0,0,933.0,0,162.0,2,85.0,4,1013.0,0,1268.0,0,228.0,3,450.0,1,927.0,0,260.0,5,403.0,1,142.0,2,5741.0,0,1319.0,0,2245.0,0,4154.0,0,750.0,0
647,ParuVendu,856.0,38.0,22.53,Appartement,38 m2 7,69007,Lyon,45.74169897951202,4.855920799498043,https://www.paruvendu.fr/immobilier/location/appartement/1287727820A1KILHAP000,Guillotière / Jean Macé,T2,2010.0,0,752.0,0,547.0,0,1541.0,0,921.0,0,708.0,0,291.0,5,559.0,0,87.0,8,534.0,0,386.0,2,950.0,0,456.0,2,112.0,1,969.0,0,4794.0,0,878.0,0,873.0,0,3642.0,0,112.0,3
648,ParuVendu,888.0,48.0,18.5,Appartement,48 m2 4,69004,Lyon,45.77402226860334,4.831327234624226,https://www.paruvendu.fr/immobilier/location/appartement/1288423531A1KILHAP000,Croix-Rousse Plateau,T2,492.0,1,67.0,24,114.0,4,295.0,2,139.0,4,359.0,3,149.0,21,394.0,3,752.0,0,114.0,4,350.0,1,283.0,2,106.0,13,175.0,1,585.0,0,2047.0,0,327.0,2,139.0,2,377.0,2,1335.0,0
649,ParuVendu,1100.0,42.0,26.19,Appartement,42 m2 1,69001,Lyon,45.769153649897895,4.835497910483393,https://www.paruvendu.fr/immobilier/location/appartement/1287262655A1KILHAP000,Pentes Croix-Rousse,T2,208.0,3,29.0,66,169.0,6,332.0,1,281.0,3,31.0,3,138.0,13,56.0,6,1284.0,0,40.0,6,299.0,3,661.0,0,204.0,15,50.0,4,1213.0,0,2192.0,0,256.0,2,682.0,0,236.0,2,1888.0,0
650,ParuVendu,850.0,29.0,29.31,Appartement,29 m2 8,69008,Lyon,45.73603784353444,4.867918367729569,https://www.paruvendu.fr/immobilier/location/appartement/1287262880A1KILHAP000,Monplaisir / Bachut,Studio/T1,2814.0,0,134.0,4,484.0,1,2588.0,0,1009.0,0,372.0,2,335.0,9,882.0,0,705.0,0,169.0,1,103.0,2,150.0,1,185.0,12,106.0,2,271.0,1,5543.0,0,1996.0,0,934.0,0,4645.0,0,973.0,0
651,ParuVendu,1190.0,48.0,24.79,Appartement,48 m2 6,69006,Lyon,45.76318465844448,4.8457437479550025,https://www.paruvendu.fr/immobilier/location/appartement/1287262751A1KILHAP000,Brotteaux / Foch,T2,837.0,0,77.0,14,292.0,2,124.0,4,60.0,5,100.0,13,220.0,9,783.0,0,688.0,0,36.0,9,307.0,1,833.0,0,240.0,14,127.0,8,1115.0,0,2460.0,0,203.0,3,440.0,1,1187.0,0,2416.0,0
652,ParuVendu,1200.0,67.0,17.91,Appartement,67 m2 1,69001,Lyon,45.76903124821723,4.837252364072599,https://www.paruvendu.fr/immobilier/location/appartement/1287262972A1KILHAP000,Pentes Croix-Rousse,T3,342.0,2,60.0,49,255.0,5,449.0,1,410.0,4,166.0,2,265.0,16,81.0,6,1326.0,0,117.0,6,431.0,2,701.0,0,117.0,14,130.0,5,1293.0,0,2123.0,0,299.0,2,575.0,0,275.0,2,2005.0,0
653,ParuVendu,1290.0,115.0,11.22,Appartement,115 m2 9,69009,Lyon,45.77427525361158,4.809960033540893,https://www.paruvendu.fr/immobilier/location/appartement/1287262383A1KILHAP000,Vaise / Valmy,Grand (T4+),1853.0,0,110.0,5,112.0,3,194.0,2,257.0,1,105.0,1,251.0,6,386.0,1,1188.0,0,274.0,3,311.0,3,629.0,0,189.0,5,151.0,4,717.0,0,3518.0,0,220.0,2,224.0,1,1832.0,0,1128.0,0
654,ParuVendu,835.0,31.0,26.94,Appartement,31 m2 6,69006,Lyon,45.763795975290215,4.866623002167576,https://www.paruvendu.fr/immobilier/location/appartement/1288410914A1KILHAP000,Brotteaux / Foch,Studio/T1,982.0,0,149.0,4,207.0,1,903.0,0,928.0,0,165.0,1,47.0,8,608.0,0,1047.0,0,67.0,1,682.0,0,1401.0,0,200.0,5,277.0,1,1490.0,0,2566.0,0,975.0,0,809.0,0,2535.0,0,2545.0,0
655,ParuVendu,1400.0,93.0,15.05,Appartement,93 m2 3,69003,Lyon,45.755517240328516,4.88189766190664,https://www.paruvendu.fr/immobilier/location/appartement/1288399083A1KILHAP000,Montchat,Grand (T4+),2113.0,0,317.0,1,278.0,1,2397.0,0,285.0,1,823.0,0,360.0,4,2104.0,0,1348.0,0,814.0,0,1158.0,0,2359.0,0,346.0,2,508.0,0,1477.0,0,3959.0,0,2392.0,0,1557.0,0,3985.0,0,2550.0,0
656,ParuVendu,871.0,47.0,18.53,Appartement,47 m2 8,69008,Lyon,45.7318560131743,4.878562330808805,https://www.paruvendu.fr/immobilier/location/appartement/1288399079A1KILHAP000,Monplaisir / Bachut,T2,3589.0,0,398.0,2,463.0,1,3491.0,0,1732.0,0,830.0,0,211.0,15,1531.0,0,280.0,1,418.0,1,139.0,2,1087.0,0,264.0,3,224.0,1,1129.0,0,6213.0,0,2944.0,0,1544.0,0,5499.0,0,1903.0,0
657,ParuVendu,1639.0,108.0,15.18,Appartement,108 m2 6,69006,Lyon,45.7668223802885,4.85446650754655,https://www.paruvendu.fr/immobilier/location/appartement/1287112194A1KILHAP000,Brotteaux / Foch,Grand (T4+),787.0,0,23.0,20,155.0,3,185.0,3,309.0,7,541.0,0,150.0,6,413.0,2,385.0,1,45.0,8,153.0,5,1129.0,0,77.0,19,123.0,3,1380.0,0,1998.0,0,214.0,1,307.0,2,1534.0,0,2714.0,0
658,ParuVendu,655.0,26.0,25.19,Appartement,26 m2 8,69008,Lyon,45.74420942241337,4.867034773102462,https://www.paruvendu.fr/immobilier/location/appartement/1288131648A1KILHAP000,Monplaisir / Bachut,Studio/T1,1954.0,0,104.0,4,91.0,2,1921.0,0,99.0,1,455.0,1,182.0,4,1463.0,0,785.0,0,220.0,2,270.0,4,789.0,0,50.0,10,84.0,3,338.0,1,4642.0,0,1657.0,0,161.0,2,3866.0,0,961.0,0
659,ParuVendu,850.0,49.0,17.35,Appartement,49 m2 3,69003,Lyon,45.74861161270794,4.894294523483235,https://www.paruvendu.fr/immobilier/location/appartement/1287934849A1KILHAP000,Montchat,T2,3266.0,0,559.0,0,953.0,0,3625.0,0,648.0,0,567.0,0,44.0,4,3333.0,0,669.0,0,423.0,1,1353.0,0,2489.0,0,150.0,3,592.0,0,2123.0,0,5151.0,0,3603.0,0,1958.0,0,5194.0,0,3132.0,0
660,ParuVendu,921.0,79.0,11.66,Appartement,79 m2 3,69003,Lyon,45.75559326991528,4.8740164302048266,https://www.paruvendu.fr/immobilier/location/appartement/1287907761A1KILHAP000,Part-Dieu / Villette,Grand (T4+),1521.0,0,67.0,4,709.0,0,1871.0,0,864.0,0,510.0,0,358.0,4,1637.0,0,1347.0,0,843.0,0,550.0,0,1750.0,0,81.0,11,537.0,0,1076.0,0,3637.0,0,1857.0,0,1294.0,0,3442.0,0,2084.0,0
661,ParuVendu,1800.0,95.0,18.95,Appartement,Loft 95 m2 2,69002,Lyon,45.76427064778271,4.83308398380082,https://www.paruvendu.fr/immobilier/location/loft/1288383311A1KILHLT000,Bellecour / Cordeliers,Grand (T4+),157.0,3,46.0,79,98.0,8,381.0,1,23.0,23,68.0,2,119.0,2,325.0,5,710.0,0,277.0,6,312.0,4,1206.0,0,56.0,14,94.0,7,1639.0,0,2742.0,0,324.0,1,121.0,3,733.0,0,1533.0,0
662,ParuVendu,650.0,20.0,32.5,Appartement,20 m2 7,69007,Lyon,45.7320714184566,4.828905477951003,https://www.paruvendu.fr/immobilier/location/appartement/1288379663A1KILHAP000,Gerland,Studio/T1,3454.0,0,71.0,4,682.0,0,2319.0,0,226.0,1,103.0,1,123.0,4,466.0,1,1968.0,0,212.0,3,225.0,3,161.0,2,111.0,6,245.0,2,644.0,0,6144.0,0,1399.0,0,2309.0,0,4325.0,0,1458.0,0
663,ParuVendu,730.0,42.0,17.38,Appartement,42 m2 3,69003,Lyon,45.74520803301221,4.876181646722122,https://www.paruvendu.fr/immobilier/location/appartement/1288379629A1KILHAP000,Montchat,T2,2288.0,0,330.0,2,249.0,3,2494.0,0,441.0,1,889.0,0,367.0,5,2054.0,0,185.0,4,458.0,2,285.0,2,1159.0,0,112.0,8,269.0,1,748.0,0,4758.0,0,2364.0,0,503.0,0,4270.0,0,1679.0,0
664,ParuVendu,880.0,38.0,23.16,Appartement,38 m2 1,69001,Lyon,45.768777820863065,4.814576006471229,https://www.paruvendu.fr/immobilier/location/appartement/1288379623A1KILHAP000,Terreaux / Hotel de Ville,T2,1377.0,0,208.0,4,651.0,0,821.0,0,499.0,1,764.0,0,68.0,3,342.0,1,851.0,0,581.0,0,877.0,0,1062.0,0,202.0,2,731.0,0,986.0,0,3454.0,0,779.0,0,855.0,0,1453.0,0,755.0,0
665,ParuVendu,1320.0,110.0,12.0,Appartement,110 m2 5,69005,Lyon,45.75382320974594,4.813270216743868,https://www.paruvendu.fr/immobilier/location/appartement/1288379624A1KILHAP000,Point du Jour / St Just,Grand (T4+),1888.0,0,399.0,1,433.0,2,1244.0,0,995.0,0,358.0,3,468.0,2,470.0,1,841.0,0,316.0,1,341.0,1,400.0,1,150.0,11,399.0,1,1245.0,0,4606.0,0,1137.0,0,1293.0,0,2439.0,0,865.0,0
666,ParuVendu,1414.0,69.0,20.49,Appartement,69 m2 8,69008,Lyon,45.741226385025215,4.860037653715988,https://www.paruvendu.fr/immobilier/location/appartement/1288379621A1KILHAP000,Monplaisir / Bachut,T3,2094.0,0,565.0,0,684.0,0,1756.0,0,675.0,0,479.0,1,69.0,4,871.0,0,329.0,3,211.0,1,244.0,2,694.0,0,197.0,2,401.0,2,657.0,0,4873.0,0,1192.0,0,647.0,0,3836.0,0,377.0,3
667,ParuVendu,2766.0,226.0,12.24,Appartement,226 m2 2,69002,Lyon,45.76362657933157,4.831926017396819,https://www.paruvendu.fr/immobilier/location/appartement/1288379620A1KILHAP000,Bellecour / Cordeliers,Grand (T4+),163.0,3,64.0,77,66.0,7,441.0,1,76.0,26,58.0,2,50.0,4,239.0,5,612.0,0,391.0,6,309.0,3,1289.0,0,114.0,13,209.0,7,1651.0,0,2852.0,0,431.0,1,122.0,3,809.0,0,1432.0,0
668,ParuVendu,510.0,18.0,28.33,Appartement,18 m2 8,69008,Lyon,45.73963182243663,4.878465849216535,https://www.paruvendu.fr/immobilier/location/appartement/1287089582A1KILHAP000,Monplaisir / Bachut,Studio/T1,2869.0,0,787.0,0,268.0,2,2941.0,0,900.0,0,542.0,0,209.0,5,1785.0,0,387.0,5,380.0,1,582.0,0,950.0,0,377.0,6,523.0,0,860.0,0,5399.0,0,2613.0,0,851.0,0,4833.0,0,1764.0,0
669,ParuVendu,710.0,28.0,25.36,Appartement,28 m2 5,69005,Lyon,45.75898511089803,4.807278399312056,https://www.paruvendu.fr/immobilier/location/appartement/1286209569A1KILHAP000,Point du Jour / St Just,Studio/T1,2061.0,0,730.0,0,399.0,1,1696.0,0,1280.0,0,381.0,1,428.0,2,1100.0,0,450.0,1,497.0,1,652.0,0,618.0,0,229.0,5,495.0,1,507.0,0,4545.0,0,1580.0,0,1716.0,0,2397.0,0,490.0,1
670,ParuVendu,910.0,62.0,14.68,Appartement,62 m2 8,69008,Lyon,45.7334510985915,4.8578663086721745,https://www.paruvendu.fr/immobilier/location/appartement/1287907763A1KILHAP000,Monplaisir / Bachut,T3,2934.0,0,458.0,1,261.0,1,2439.0,0,1466.0,0,410.0,1,228.0,4,257.0,1,820.0,0,888.0,0,186.0,1,802.0,0,243.0,6,389.0,2,934.0,0,5719.0,0,1603.0,0,1465.0,0,4542.0,0,542.0,0
671,ParuVendu,2694.0,75.0,35.92,Appartement,75 m2 2,69002,Lyon,45.753978699386245,4.8332788315043205,https://www.paruvendu.fr/immobilier/location/appartement/1287865986A1KILHAP000,Ainay,Grand (T4+),998.0,0,63.0,13,251.0,3,235.0,2,74.0,6,330.0,1,179.0,13,728.0,0,546.0,0,293.0,6,455.0,2,914.0,0,138.0,13,155.0,5,1518.0,0,3741.0,0,473.0,2,255.0,2,1877.0,0,1730.0,0
672,ParuVendu,950.0,27.0,35.19,Appartement,27 m2 6,69006,Lyon,45.76384976670317,4.848432384764797,https://www.paruvendu.fr/immobilier/location/appartement/1287262680A1KILHAP000,Brotteaux / Foch,Studio/T1,703.0,0,287.0,11,392.0,2,80.0,5,204.0,4,258.0,9,77.0,8,925.0,0,830.0,0,113.0,11,292.0,2,812.0,0,147.0,19,95.0,7,1098.0,0,2349.0,0,113.0,3,485.0,1,1284.0,0,2436.0,0
673,ParuVendu,1880.0,94.0,20.0,Appartement,94 m2 2,69002,Lyon,45.75752899858686,4.831954427422424,https://www.paruvendu.fr/immobilier/location/appartement/1288360369A1KILHAP000,Bellecour / Cordeliers,Grand (T4+),619.0,0,196.0,31,220.0,4,498.0,1,116.0,15,105.0,2,95.0,13,358.0,3,203.0,1,178.0,4,472.0,1,964.0,0,210.0,10,117.0,7,1655.0,0,3431.0,0,677.0,0,362.0,3,1485.0,0,1487.0,0
674,ParuVendu,820.0,33.0,24.85,Appartement,33 m2 8,69008,Lyon,45.72902806622509,4.868726518574376,https://www.paruvendu.fr/immobilier/location/appartement/1288351521A1KILHAP000,Monplaisir / Bachut,Studio/T1,3573.0,0,503.0,0,382.0,1,3259.0,0,1791.0,0,842.0,0,285.0,6,804.0,0,810.0,0,440.0,1,805.0,0,913.0,0,156.0,4,253.0,1,1053.0,0,6319.0,0,2527.0,0,1704.0,0,5349.0,0,1426.0,0
675,ParuVendu,900.0,25.0,36.0,Appartement,25 m2 2,69002,Lyon,45.74530633636476,4.823905222240384,https://www.paruvendu.fr/immobilier/location/appartement/1288351344A1KILHAP000,Confluence,Studio/T1,2106.0,0,113.0,6,539.0,0,994.0,0,612.0,0,544.0,0,10.0,4,502.0,0,972.0,0,308.0,2,219.0,1,841.0,0,149.0,6,84.0,2,903.0,0,4925.0,0,616.0,0,977.0,0,2929.0,0,1633.0,0
676,ParuVendu,908.0,45.0,20.18,Appartement,45 m2 8,69008,Lyon,45.738661062400105,4.8800600920754285,https://www.paruvendu.fr/immobilier/location/appartement/1288349781A1KILHAP000,Monplaisir / Bachut,T2,3031.0,0,790.0,0,105.0,1,3104.0,0,992.0,0,632.0,0,93.0,7,1840.0,0,254.0,1,233.0,1,437.0,1,1046.0,0,314.0,3,635.0,0,974.0,0,5546.0,0,2760.0,0,1015.0,0,4997.0,0,1889.0,0
677,ParuVendu,668.0,34.0,19.65,Appartement,34 m2 1,69001,Lyon,45.76709305750124,4.830757185267255,https://www.paruvendu.fr/immobilier/location/appartement/1288346671A1KILHAP000,Terreaux / Hotel de Ville,Studio/T1,108.0,3,49.0,84,168.0,9,101.0,1,162.0,13,19.0,10,346.0,3,275.0,6,975.0,0,257.0,7,45.0,4,937.0,0,97.0,17,96.0,5,1279.0,0,2602.0,0,257.0,3,477.0,1,455.0,1,1457.0,0
678,ParuVendu,550.0,18.0,30.56,Appartement,18 m2 3,69003,Lyon,45.75895817847973,4.842099621013875,https://www.paruvendu.fr/immobilier/location/appartement/1288346139A1KILHAP000,Préfecture / Quais,Studio/T1,783.0,0,58.0,25,368.0,5,507.0,0,280.0,4,144.0,12,308.0,5,480.0,1,223.0,2,179.0,7,360.0,7,767.0,0,241.0,7,280.0,2,971.0,0,2986.0,0,348.0,2,724.0,0,1455.0,0,2089.0,0
679,ParuVendu,1317.0,104.0,12.66,Appartement,104 m2 9,69009,Lyon,45.78715567298496,4.810821654963858,https://www.paruvendu.fr/immobilier/location/appartement/1288345440A1KILHAP000,Vaise / Valmy,Grand (T4+),2587.0,0,193.0,1,828.0,0,1406.0,0,813.0,0,745.0,0,194.0,2,1800.0,0,843.0,0,982.0,0,103.0,1,1054.0,0,457.0,1,215.0,1,744.0,0,3264.0,0,1432.0,0,1446.0,0,2502.0,0,754.0,0
680,ParuVendu,906.0,47.0,19.28,Appartement,47 m2 3,69003,Lyon,45.749252481523435,4.859010457104841,https://www.paruvendu.fr/immobilier/location/appartement/1288109975A1KILHAP000,Part-Dieu / Villette,T2,1204.0,0,194.0,6,311.0,2,1096.0,0,417.0,1,393.0,2,159.0,12,1227.0,0,916.0,0,488.0,1,473.0,2,1027.0,0,8.0,12,544.0,0,659.0,0,3977.0,0,1129.0,0,682.0,0,3041.0,0,823.0,0
681,ParuVendu,1530.0,69.0,22.17,Appartement,69 m2 3,69003,Lyon,45.75752180390081,4.858012643087502,https://www.paruvendu.fr/immobilier/location/appartement/1286004057A1KILHAP000,Part-Dieu / Villette,T3,324.0,1,163.0,5,447.0,1,784.0,0,560.0,0,190.0,2,334.0,4,1001.0,0,1100.0,0,316.0,4,465.0,1,508.0,0,378.0,3,546.0,0,526.0,0,3055.0,0,767.0,0,470.0,2,2306.0,0,1696.0,0
682,ParuVendu,810.0,26.0,31.15,Appartement,26 m2 4,69004,Lyon,45.78466662966006,4.821544481988283,https://www.paruvendu.fr/immobilier/location/appartement/1287488102A1KILHAP000,Croix-Rousse Plateau,Studio/T1,1880.0,0,792.0,0,1030.0,0,1189.0,0,1194.0,0,756.0,0,172.0,1,1711.0,0,57.0,2,961.0,0,805.0,0,604.0,0,451.0,5,1045.0,0,622.0,0,2421.0,0,961.0,0,1225.0,0,1776.0,0,122.0,3
683,ParuVendu,885.0,65.0,13.62,Appartement,65 m2 7,69007,Lyon,45.74160723118984,4.850255955375299,https://www.paruvendu.fr/immobilier/location/appartement/1287181345A1KILHAP000,Guillotière / Jean Macé,T3,2059.0,0,567.0,0,510.0,0,1399.0,0,890.0,0,522.0,0,381.0,3,142.0,1,115.0,8,525.0,0,72.0,2,577.0,0,59.0,2,339.0,1,1134.0,0,4802.0,0,525.0,0,1281.0,0,3485.0,0,373.0,2
684,ParuVendu,725.0,35.0,20.71,Appartement,35 m2 4,69004,Lyon,45.776469008490935,4.825527589422245,https://www.paruvendu.fr/immobilier/location/appartement/1288336494A1KILHAP000,Croix-Rousse Plateau,T2,944.0,0,267.0,11,526.0,0,503.0,0,237.0,2,373.0,3,226.0,14,894.0,0,697.0,0,415.0,1,337.0,1,377.0,2,92.0,11,310.0,2,343.0,4,2305.0,0,649.0,0,466.0,1,855.0,0,829.0,0
685,ParuVendu,530.0,30.0,17.67,Appartement,30 m2 3,69003,Lyon,45.753412504223384,4.86209961856946,https://www.paruvendu.fr/immobilier/location/appartement/1288336441A1KILHAP000,Part-Dieu / Villette,Studio/T1,880.0,0,371.0,3,457.0,1,1207.0,0,547.0,0,443.0,1,86.0,9,1460.0,0,1310.0,0,60.0,2,415.0,2,906.0,0,191.0,3,422.0,1,729.0,0,3560.0,0,1172.0,0,938.0,0,2850.0,0,1343.0,0
686,ParuVendu,1317.0,72.0,18.29,Appartement,72 m2 8,69008,Lyon,45.73550784225617,4.870342880753157,https://www.paruvendu.fr/immobilier/location/appartement/1288336299A1KILHAP000,Monplaisir / Bachut,T3,2938.0,0,194.0,3,331.0,1,2756.0,0,1100.0,0,282.0,1,244.0,8,1009.0,0,508.0,0,269.0,1,121.0,2,330.0,1,177.0,12,116.0,1,395.0,1,5643.0,0,2189.0,0,982.0,0,4798.0,0,1170.0,0
687,ParuVendu,900.0,28.0,32.14,Appartement,28 m2 4,69004,Lyon,45.77708332930313,4.819138590580004,https://www.paruvendu.fr/immobilier/location/appartement/1288335222A1KILHAP000,Croix-Rousse Plateau,Studio/T1,1347.0,0,469.0,2,864.0,0,960.0,0,680.0,0,721.0,0,69.0,7,902.0,0,541.0,0,901.0,0,463.0,1,295.0,2,126.0,9,461.0,1,151.0,2,2744.0,0,972.0,0,963.0,0,1283.0,0,580.0,0
688,ParuVendu,850.0,46.0,18.48,Appartement,46 m2 9,69009,Lyon,45.786790763455045,4.817377230656651,https://www.paruvendu.fr/immobilier/location/appartement/1288329133A1KILHAP000,Vaise / Valmy,T2,2248.0,0,396.0,1,1085.0,0,1574.0,0,1068.0,0,1082.0,0,355.0,2,1817.0,0,385.0,1,1233.0,0,462.0,1,895.0,0,457.0,1,704.0,0,804.0,0,2754.0,0,1359.0,0,1592.0,0,2149.0,0,310.0,2
689,ParuVendu,1050.0,45.0,23.33,Appartement,45 m2 9,69009,Lyon,45.771763456864015,4.811723580358724,https://www.paruvendu.fr/immobilier/location/appartement/1288326756A1KILHAP000,Vaise / Valmy,T2,1662.0,0,231.0,3,255.0,3,431.0,1,510.0,0,367.0,1,404.0,5,89.0,1,1160.0,0,322.0,2,556.0,0,788.0,0,259.0,5,341.0,2,890.0,0,3496.0,0,415.0,2,466.0,1,1658.0,0,1043.0,0
690,ParuVendu,550.0,56.0,9.82,Appartement,56 m2 7,69007,Lyon,45.740152662197154,4.8509107013434285,https://www.paruvendu.fr/immobilier/location/appartement/1288326718A1KILHAP000,Guillotière / Jean Macé,T3,2209.0,0,726.0,0,341.0,1,1567.0,0,1060.0,0,555.0,0,216.0,3,178.0,1,223.0,8,683.0,0,208.0,1,727.0,0,147.0,2,314.0,1,1076.0,0,4962.0,0,683.0,0,1297.0,0,3655.0,0,379.0,3
691,ParuVendu,800.0,55.0,14.55,Appartement,55 m2 8,69008,Lyon,45.737369664174416,4.876106653601823,https://www.paruvendu.fr/immobilier/location/appartement/1288326693A1KILHAP000,Monplaisir / Bachut,T3,2966.0,0,553.0,0,298.0,2,2940.0,0,1123.0,0,320.0,1,213.0,8,1502.0,0,340.0,2,374.0,1,543.0,0,725.0,0,196.0,12,547.0,0,678.0,0,5571.0,0,2510.0,0,915.0,0,4900.0,0,1583.0,0
692,ParuVendu,1479.0,95.0,15.57,Appartement,95 m2 3,69003,Lyon,45.76075849242472,4.854914427129971,https://www.paruvendu.fr/immobilier/location/appartement/1288325084A1KILHAP000,Part-Dieu / Villette,Grand (T4+),115.0,1,135.0,6,76.0,1,352.0,1,779.0,0,382.0,1,107.0,5,735.0,0,962.0,0,117.0,4,285.0,4,505.0,0,365.0,5,130.0,4,718.0,0,2674.0,0,466.0,1,61.0,3,1891.0,0,2039.0,0
693,ParuVendu,862.0,525.0,1.64,Appartement,525 m2 7,69007,Lyon,45.736924400980826,4.8410112329071175,https://www.paruvendu.fr/immobilier/location/appartement/1288324838A1KILHAP000,Guillotière / Jean Macé,Grand (T4+),2774.0,0,100.0,3,413.0,1,1938.0,0,1157.0,0,160.0,2,266.0,5,745.0,0,999.0,0,68.0,2,144.0,1,940.0,0,85.0,3,401.0,1,265.0,2,5396.0,0,981.0,0,1947.0,0,3823.0,0,418.0,1
694,ParuVendu,1990.0,53.0,37.55,Appartement,53 m2 6,69006,Lyon,45.76991649113698,4.848113525308396,https://www.paruvendu.fr/immobilier/location/appartement/1288323129A1KILHAP000,Brotteaux / Foch,T2,1176.0,0,176.0,12,307.0,2,445.0,1,81.0,12,65.0,5,348.0,9,927.0,0,648.0,0,55.0,3,353.0,1,1190.0,0,145.0,23,338.0,5,1757.0,0,1689.0,0,55.0,2,163.0,4,971.0,0,2654.0,0
695,ParuVendu,2516.0,170.0,14.8,Appartement,170 m2 3,69003,Lyon,45.76043323000869,4.867790756847844,https://www.paruvendu.fr/immobilier/location/appartement/1287089185A1KILHAP000,Part-Dieu / Villette,Grand (T4+),967.0,0,446.0,2,440.0,2,1198.0,0,1285.0,0,422.0,2,237.0,11,914.0,0,1380.0,0,419.0,2,617.0,0,1322.0,0,35.0,10,422.0,1,1337.0,0,2945.0,0,1169.0,0,878.0,0,2762.0,0,2238.0,0
696,ParuVendu,1200.0,19.0,63.16,Appartement,19 m2 8,69008,Lyon,45.73327477767022,4.861738956360177,https://www.paruvendu.fr/immobilier/location/appartement/1287262705A1KILHAP000,Monplaisir / Bachut,Studio/T1,2988.0,0,167.0,1,283.0,2,2580.0,0,1369.0,0,448.0,1,95.0,7,318.0,1,946.0,0,701.0,0,234.0,1,579.0,0,109.0,7,558.0,0,731.0,0,5767.0,0,1811.0,0,1380.0,0,4681.0,0,710.0,0
697,ParuVendu,1300.0,55.0,23.64,Appartement,Loft 55 m2 9,69009,Lyon,45.7682333672395,4.80715567768271,https://www.paruvendu.fr/immobilier/location/loft/1287254385A1KILHLT000,Vaise / Valmy,T3,1943.0,0,14.0,2,478.0,1,668.0,0,725.0,0,678.0,0,68.0,5,454.0,1,854.0,0,303.0,1,733.0,0,1273.0,0,308.0,8,607.0,0,735.0,0,3986.0,0,552.0,0,687.0,0,2031.0,0,725.0,0
698,ParuVendu,1165.0,55.0,21.18,Appartement,55 m2 8,69008,Lyon,45.73418146523208,4.870209956483862,https://www.paruvendu.fr/immobilier/location/appartement/1287262727A1KILHAP000,Monplaisir / Bachut,T3,3070.0,0,222.0,2,345.0,2,2861.0,0,1241.0,0,422.0,1,113.0,7,939.0,0,487.0,1,383.0,2,244.0,2,422.0,1,92.0,9,239.0,1,520.0,0,5784.0,0,2256.0,0,1129.0,0,4915.0,0,1205.0,0
699,ParuVendu,851.0,40.0,21.27,Appartement,40 m2 6,69006,Lyon,45.767669208489274,4.855223342677429,https://www.paruvendu.fr/immobilier/location/appartement/1288313037A1KILHAP000,Brotteaux / Foch,T2,878.0,0,27.0,18,228.0,3,96.0,3,262.0,8,526.0,0,199.0,6,351.0,2,276.0,1,94.0,8,221.0,3,1234.0,0,115.0,18,180.0,2,1480.0,0,1909.0,0,318.0,1,253.0,2,1562.0,0,2808.0,0
700,ParuVendu,1100.0,71.0,15.49,Appartement,71 m2 8,69008,Lyon,45.73372690368105,4.867452908549815,https://www.paruvendu.fr/immobilier/location/appartement/1288310647A1KILHAP000,Monplaisir / Bachut,T3,3045.0,0,288.0,4,232.0,1,2769.0,0,1263.0,0,552.0,0,182.0,9,722.0,0,700.0,0,428.0,1,313.0,2,381.0,1,186.0,11,311.0,1,527.0,0,5787.0,0,2109.0,0,1194.0,0,4845.0,0,1031.0,0
701,ParuVendu,902.0,48.0,18.79,Appartement,48 m2 8,69008,Lyon,45.74104224801978,4.858619187035318,https://www.paruvendu.fr/immobilier/location/appartement/1288302824A1KILHAP000,Monplaisir / Bachut,T2,2098.0,0,640.0,0,619.0,0,1710.0,0,775.0,0,515.0,0,76.0,5,760.0,0,217.0,7,315.0,1,287.0,2,768.0,0,286.0,2,313.0,2,748.0,0,4882.0,0,1098.0,0,741.0,0,3801.0,0,272.0,3
702,ParuVendu,840.0,48.0,17.5,Appartement,48 m2 8,69008,Lyon,45.73200934659243,4.87131021456378,https://www.paruvendu.fr/immobilier/location/appartement/1288300923A1KILHAP000,Monplaisir / Bachut,T2,3326.0,0,117.0,1,410.0,2,3102.0,0,1495.0,0,642.0,0,153.0,8,970.0,0,453.0,1,160.0,1,500.0,0,669.0,0,176.0,4,495.0,1,776.0,0,6039.0,0,2463.0,0,1375.0,0,5164.0,0,1385.0,0
703,ParuVendu,584.0,18.0,32.44,Appartement,18 m2 8,69008,Lyon,45.74119274160826,4.877037478204083,https://www.paruvendu.fr/immobilier/location/appartement/1288301502A1KILHAP000,Monplaisir / Bachut,Studio/T1,2664.0,0,583.0,0,304.0,3,2756.0,0,765.0,0,545.0,0,413.0,3,1793.0,0,235.0,4,545.0,0,393.0,1,917.0,0,317.0,4,320.0,1,799.0,0,5197.0,0,2469.0,0,660.0,0,4631.0,0,1662.0,0
704,ParuVendu,2226.0,133.0,16.74,Appartement,133 m2 4,69004,Lyon,45.77739917626806,4.834052434620094,https://www.paruvendu.fr/immobilier/location/appartement/1288298288A1KILHAP000,Croix-Rousse Plateau,Grand (T4+),855.0,0,36.0,18,116.0,4,74.0,2,235.0,2,81.0,3,186.0,14,647.0,0,392.0,9,117.0,8,150.0,2,140.0,4,218.0,10,248.0,2,472.0,1,1666.0,0,117.0,3,151.0,2,694.0,0,1298.0,0
705,ParuVendu,1700.0,89.0,19.1,Appartement,89 m2 1,69001,Lyon,45.77222422142011,4.8305495393817806,https://www.paruvendu.fr/immobilier/location/appartement/1287203248A1KILHAP000,Pentes Croix-Rousse,Grand (T4+),333.0,1,215.0,44,142.0,4,503.0,0,287.0,5,394.0,3,119.0,17,306.0,4,959.0,0,278.0,3,416.0,2,449.0,1,148.0,18,383.0,1,757.0,0,2216.0,0,358.0,1,343.0,1,247.0,2,1441.0,0
706,ParuVendu,992.0,68.0,14.59,Appartement,68 m2 8,69008,Lyon,45.744395043925515,4.871919112752804,https://www.paruvendu.fr/immobilier/location/appartement/1287619919A1KILHAP000,Monplaisir / Bachut,T3,2139.0,0,72.0,3,200.0,3,2234.0,0,407.0,1,738.0,0,270.0,5,1779.0,0,412.0,2,133.0,2,79.0,3,902.0,0,115.0,14,215.0,2,496.0,1,4727.0,0,2034.0,0,163.0,2,4099.0,0,1337.0,0
707,ParuVendu,1065.0,38.0,28.03,Appartement,38 m2 3,69003,Lyon,45.75170776643399,4.887928650251692,https://www.paruvendu.fr/immobilier/location/appartement/1287262950A1KILHAP000,Montchat,T2,2682.0,0,181.0,4,357.0,1,3024.0,0,228.0,3,380.0,2,253.0,7,2731.0,0,1112.0,0,207.0,1,1428.0,0,2308.0,0,125.0,8,194.0,3,1698.0,0,4576.0,0,3003.0,0,1627.0,0,4595.0,0,2762.0,0
708,ParuVendu,695.0,30.0,23.17,Appartement,30 m2 4,69004,Lyon,45.77832008581522,4.827227982161493,https://www.paruvendu.fr/immobilier/location/appartement/1288110415A1KILHAP000,Croix-Rousse Plateau,Studio/T1,1052.0,0,356.0,8,406.0,4,415.0,2,404.0,2,133.0,4,230.0,11,961.0,0,487.0,2,464.0,2,406.0,2,286.0,2,11.0,11,444.0,2,105.0,2,2106.0,0,469.0,1,441.0,2,945.0,0,785.0,0
709,ParuVendu,1332.0,74.0,18.0,Appartement,74 m2 6,69006,Lyon,45.76645293858526,4.859621396773209,https://www.paruvendu.fr/immobilier/location/appartement/1287396648A1KILHAP000,Brotteaux / Foch,T3,813.0,0,35.0,12,333.0,4,285.0,2,421.0,2,251.0,2,164.0,2,11.0,2,464.0,1,191.0,5,323.0,3,1236.0,0,190.0,9,312.0,3,1433.0,0,2103.0,0,457.0,1,573.0,0,1927.0,0,2697.0,0
710,ParuVendu,852.0,55.0,15.49,Appartement,55 m2 7,69007,Lyon,45.74561784083848,4.833514546616181,https://www.paruvendu.fr/immobilier/location/appartement/1288273308A1KILHAP000,Guillotière / Jean Macé,T3,1927.0,0,309.0,4,309.0,1,838.0,0,462.0,1,934.0,0,182.0,3,461.0,1,420.0,1,185.0,1,221.0,2,792.0,0,316.0,7,346.0,2,1192.0,0,4601.0,0,185.0,1,834.0,0,2807.0,0,990.0,0
711,ParuVendu,620.0,19.0,32.63,Appartement,19 m2 3,69003,Lyon,45.74887047637601,4.860771628689908,https://www.paruvendu.fr/immobilier/location/appartement/1288252642A1KILHAP000,Part-Dieu / Villette,Studio/T1,1283.0,0,94.0,6,430.0,1,1237.0,0,546.0,0,287.0,1,285.0,7,1289.0,0,953.0,0,498.0,1,355.0,1,1143.0,0,129.0,12,422.0,2,516.0,0,4038.0,0,1240.0,0,552.0,0,3158.0,0,849.0,0
712,ParuVendu,715.0,16.0,44.69,Appartement,16 m2 9,69009,Lyon,45.79200572351184,4.815931910273778,https://www.paruvendu.fr/immobilier/location/appartement/1287749904A1KILHAP000,Vaise / Valmy,Studio/T1,2805.0,0,484.0,1,1316.0,0,2041.0,0,1467.0,0,1370.0,0,144.0,1,2364.0,0,932.0,0,1638.0,0,719.0,0,1026.0,0,123.0,3,708.0,0,1308.0,0,2968.0,0,1808.0,0,2073.0,0,2701.0,0,874.0,0
713,ParuVendu,950.0,30.0,31.67,Appartement,30 m2 5,69005,Lyon,45.76821372652107,4.82489056923968,https://www.paruvendu.fr/immobilier/location/appartement/1287262917A1KILHAP000,Vieux Lyon,Studio/T1,579.0,0,136.0,35,404.0,2,544.0,0,305.0,3,107.0,8,134.0,6,164.0,1,1155.0,0,109.0,2,280.0,1,1059.0,0,131.0,23,533.0,0,957.0,0,2839.0,0,109.0,1,862.0,0,699.0,0,1138.0,0
714,ParuVendu,920.0,55.0,16.73,Appartement,55 m2 2,69002,Lyon,45.76306933737872,4.832071382658793,https://www.paruvendu.fr/immobilier/location/appartement/1288203223A1KILHAP000,Bellecour / Cordeliers,T3,134.0,3,9.0,69,65.0,9,503.0,0,68.0,29,87.0,3,111.0,4,247.0,5,557.0,0,349.0,6,262.0,2,1349.0,0,170.0,9,222.0,6,1710.0,0,2897.0,0,479.0,1,102.0,3,870.0,0,1435.0,0
715,ParuVendu,1082.0,56.0,19.32,Appartement,56 m2 1,69001,Lyon,45.76807351833384,4.821600646425986,https://www.paruvendu.fr/immobilier/location/appartement/1288181609A1KILHAP000,Terreaux / Hotel de Ville,T3,827.0,0,118.0,12,659.0,0,796.0,0,230.0,1,259.0,5,119.0,8,393.0,1,1056.0,0,249.0,2,535.0,0,1197.0,0,188.0,14,590.0,0,927.0,0,3047.0,0,249.0,1,1061.0,0,942.0,0,946.0,0
716,ParuVendu,1230.0,105.0,11.71,Appartement,105 m2 3,69003,Lyon,45.7537927384567,4.8478883296071835,https://www.paruvendu.fr/immobilier/location/appartement/1288140877A1KILHAP000,Préfecture / Quais,Grand (T4+),882.0,0,157.0,26,227.0,4,104.0,1,314.0,6,193.0,6,157.0,13,747.0,0,216.0,1,39.0,6,330.0,7,445.0,1,136.0,10,332.0,6,391.0,1,3464.0,0,365.0,2,1006.0,0,2160.0,0,1377.0,0
717,ParuVendu,970.0,36.0,26.94,Appartement,36 m2 5,69005,Lyon,45.76403806945787,4.812279711996535,https://www.paruvendu.fr/immobilier/location/appartement/1288140989A1KILHAP000,Point du Jour / St Just,T2,1543.0,0,535.0,0,957.0,0,1195.0,0,650.0,0,858.0,0,147.0,3,774.0,0,301.0,1,426.0,1,848.0,0,682.0,0,382.0,3,293.0,1,755.0,0,3895.0,0,1019.0,0,1222.0,0,1782.0,0,199.0,2
718,ParuVendu,850.0,27.0,31.48,Appartement,27 m2 3,69003,Lyon,45.75582456376633,4.887744513094731,https://www.paruvendu.fr/immobilier/location/appartement/1288140614A1KILHAP000,Montchat,Studio/T1,2551.0,0,269.0,2,297.0,1,2766.0,0,291.0,1,425.0,2,261.0,1,2471.0,0,1533.0,0,513.0,0,1613.0,0,2641.0,0,295.0,2,228.0,2,1871.0,0,4208.0,0,2795.0,0,1889.0,0,4384.0,0,2951.0,0
719,ParuVendu,940.0,47.0,20.0,Appartement,47 m2 4,69004,Lyon,45.7842459509876,4.820411574920488,https://www.paruvendu.fr/immobilier/location/appartement/1287809262A1KILHAP000,Croix-Rousse Plateau,T2,1883.0,0,744.0,0,1078.0,0,1230.0,0,1111.0,0,782.0,0,245.0,2,1630.0,0,43.0,2,1019.0,0,733.0,0,562.0,0,399.0,5,1023.0,0,658.0,0,2510.0,0,1019.0,0,1255.0,0,1783.0,0,58.0,3
720,ParuVendu,520.0,20.0,26.0,Appartement,20 m2 7,69007,Lyon,45.73331732393063,4.830533411367601,https://www.paruvendu.fr/immobilier/location/appartement/1287807095A1KILHAP000,Gerland,Studio/T1,3304.0,0,170.0,4,500.0,1,2177.0,0,363.0,1,91.0,1,282.0,8,626.0,0,1805.0,0,320.0,2,335.0,3,312.0,2,187.0,8,405.0,2,664.0,0,5974.0,0,1246.0,0,2168.0,0,4179.0,0,1273.0,0
721,ParuVendu,647.0,21.0,30.81,Appartement,21 m2 3,69003,Lyon,45.75508707604751,4.858878819511465,https://www.paruvendu.fr/immobilier/location/appartement/1287778801A1KILHAP000,Part-Dieu / Villette,Studio/T1,589.0,0,151.0,4,525.0,0,964.0,0,408.0,3,132.0,1,272.0,10,1264.0,0,1079.0,0,273.0,3,540.0,0,604.0,0,384.0,5,538.0,0,474.0,1,3333.0,0,874.0,0,744.0,0,2541.0,0,1442.0,0
722,ParuVendu,580.0,20.0,29.0,Appartement,20 m2 1,69001,Lyon,45.76853398789357,4.829951446899123,https://www.paruvendu.fr/immobilier/location/appartement/1287807096A1KILHAP000,Terreaux / Hotel de Ville,Studio/T1,242.0,3,5.0,75,33.0,8,181.0,1,164.0,5,56.0,9,225.0,6,156.0,5,1131.0,0,184.0,5,121.0,4,813.0,0,83.0,20,169.0,3,1113.0,0,2527.0,0,184.0,3,649.0,0,354.0,1,1478.0,0
723,ParuVendu,820.0,46.0,17.83,Appartement,46 m2 7,69007,Lyon,45.736955540121585,4.828603398787721,https://www.paruvendu.fr/immobilier/location/appartement/1287262961A1KILHAP000,Guillotière / Jean Macé,T2,2918.0,0,262.0,1,591.0,0,1779.0,0,717.0,0,498.0,1,201.0,4,765.0,0,1455.0,0,567.0,0,243.0,1,704.0,0,257.0,8,593.0,0,356.0,1,5636.0,0,873.0,0,1769.0,0,3786.0,0,1221.0,0
724,ParuVendu,750.0,17.0,44.12,Appartement,17 m2 2,69002,Lyon,45.754131151059696,4.829389200401745,https://www.paruvendu.fr/immobilier/location/appartement/1288105967A1KILHAP000,Ainay,Studio/T1,1038.0,0,101.0,15,136.0,3,76.0,2,194.0,9,216.0,4,200.0,16,661.0,0,458.0,2,109.0,8,271.0,2,622.0,0,43.0,16,42.0,6,1819.0,0,3858.0,0,250.0,2,54.0,2,1882.0,0,1473.0,0
725,ParuVendu,690.0,20.0,34.5,Appartement,20 m2 7,69007,Lyon,45.742052491012885,4.831256035193193,https://www.paruvendu.fr/immobilier/location/appartement/1288069746A1KILHAP000,Guillotière / Jean Macé,Studio/T1,2332.0,0,281.0,3,703.0,0,1206.0,0,833.0,0,968.0,0,261.0,3,708.0,0,852.0,0,274.0,1,366.0,1,1088.0,0,182.0,4,730.0,0,780.0,0,5033.0,0,274.0,1,1198.0,0,3206.0,0,983.0,0
726,ParuVendu,970.0,57.0,17.02,Appartement,57 m2 8,69008,Lyon,45.74196066287176,4.875086329645812,https://www.paruvendu.fr/immobilier/location/appartement/1288065885A1KILHAP000,Monplaisir / Bachut,T3,2503.0,0,421.0,2,185.0,2,2582.0,0,733.0,0,524.0,0,501.0,0,1734.0,0,228.0,4,372.0,2,228.0,3,841.0,0,149.0,9,160.0,1,705.0,0,5064.0,0,2306.0,0,486.0,1,4465.0,0,1524.0,0
727,ParuVendu,1300.0,70.0,18.57,Appartement,70 m2 6,69006,Lyon,45.76824317258266,4.842253718897757,https://www.paruvendu.fr/immobilier/location/appartement/1288031410A1KILHAP000,Brotteaux / Foch,T3,740.0,0,118.0,22,298.0,1,298.0,1,62.0,8,201.0,8,87.0,12,478.0,1,1119.0,0,282.0,7,319.0,1,961.0,0,73.0,17,8.0,6,1599.0,0,2009.0,0,187.0,2,199.0,2,606.0,0,2335.0,0
728,ParuVendu,700.0,22.0,31.82,Appartement,22 m2 8,69008,Lyon,45.74506588737826,4.868823638252895,https://www.paruvendu.fr/immobilier/location/appartement/1288029817A1KILHAP000,Monplaisir / Bachut,Studio/T1,1941.0,0,64.0,4,67.0,3,1988.0,0,160.0,1,541.0,0,82.0,6,1622.0,0,663.0,0,102.0,2,258.0,3,898.0,0,9.0,13,104.0,4,281.0,1,4586.0,0,1793.0,0,112.0,2,3882.0,0,1118.0,0
729,ParuVendu,1560.0,92.0,16.96,Appartement,92 m2 5,69005,Lyon,45.764167281407104,4.802342601834841,https://www.paruvendu.fr/immobilier/location/appartement/1288023709A1KILHAP000,Point du Jour / St Just,Grand (T4+),2309.0,0,367.0,2,399.0,1,1188.0,0,1224.0,0,1071.0,0,325.0,4,1037.0,0,400.0,1,359.0,1,1214.0,0,1194.0,0,342.0,4,854.0,0,206.0,1,4532.0,0,1061.0,0,1197.0,0,2497.0,0,722.0,0
730,ParuVendu,680.0,29.0,23.45,Appartement,29 m2 5,69005,Lyon,45.75506754627821,4.813741037391611,https://www.paruvendu.fr/immobilier/location/appartement/1288018889A1KILHAP000,Point du Jour / St Just,Studio/T1,1785.0,0,268.0,1,333.0,2,1220.0,0,965.0,0,278.0,3,387.0,3,457.0,1,710.0,0,359.0,1,201.0,1,265.0,2,235.0,7,267.0,1,1170.0,0,4479.0,0,1131.0,0,1257.0,0,2309.0,0,726.0,0
731,ParuVendu,795.0,49.0,16.22,Appartement,49 m2 3,69003,Lyon,45.755851659526336,4.874873187366507,https://www.paruvendu.fr/immobilier/location/appartement/1288000672A1KILHAP000,Part-Dieu / Villette,T2,1576.0,0,48.0,3,769.0,0,1917.0,0,806.0,0,570.0,0,384.0,3,1662.0,0,1365.0,0,903.0,0,620.0,0,1814.0,0,152.0,11,608.0,0,1135.0,0,3643.0,0,1897.0,0,1339.0,0,3486.0,0,2151.0,0
732,ParuVendu,560.0,16.0,35.0,Appartement,Chambre 16 m2 8,69008,Lyon,45.7414984325552,4.8748201829710816,https://www.paruvendu.fr/immobilier/location/chambre/1287774648A1KILHCM000,Monplaisir / Bachut,Studio/T1,2532.0,0,453.0,2,227.0,2,2591.0,0,741.0,0,469.0,1,498.0,1,1683.0,0,278.0,4,380.0,1,261.0,3,792.0,0,144.0,7,201.0,1,660.0,0,5105.0,0,2294.0,0,500.0,1,4489.0,0,1495.0,0
733,ParuVendu,1090.0,51.0,21.37,Appartement,51 m2 9,69009,Lyon,45.77447364142752,4.813159062905951,https://www.paruvendu.fr/immobilier/location/appartement/1287774643A1KILHAP000,Vaise / Valmy,T2,1623.0,0,307.0,3,320.0,2,443.0,1,500.0,0,354.0,1,260.0,4,410.0,1,1009.0,0,515.0,0,555.0,0,467.0,1,178.0,4,393.0,2,645.0,0,3278.0,0,467.0,1,472.0,1,1595.0,0,976.0,0
734,ParuVendu,1490.0,50.0,29.8,Appartement,50 m2 5,69005,Lyon,45.7596985862995,4.807835556869452,https://www.paruvendu.fr/immobilier/location/appartement/1287774644A1KILHAP000,Point du Jour / St Just,T2,1992.0,0,721.0,0,472.0,1,1617.0,0,1197.0,0,421.0,1,511.0,0,1108.0,0,371.0,1,424.0,1,650.0,0,592.0,0,319.0,4,418.0,1,486.0,1,4462.0,0,1503.0,0,1637.0,0,2317.0,0,401.0,1
735,ParuVendu,790.0,44.0,17.95,Appartement,44 m2 9,69009,Lyon,45.76759369903186,4.795125929988502,https://www.paruvendu.fr/immobilier/location/appartement/1287262707A1KILHAP000,Vaise / Valmy,T2,2871.0,0,444.0,2,575.0,0,1191.0,0,1200.0,0,1281.0,0,159.0,7,1324.0,0,547.0,0,681.0,0,1111.0,0,1871.0,0,228.0,7,578.0,0,788.0,0,4861.0,0,1098.0,0,1197.0,0,2965.0,0,1381.0,0
736,ParuVendu,1061.0,56.0,18.95,Appartement,56 m2 8,69008,Lyon,45.745247576622795,4.869953973028385,https://www.paruvendu.fr/immobilier/location/appartement/1287262830A1KILHAP000,Monplaisir / Bachut,T3,1973.0,0,126.0,3,155.0,3,2055.0,0,248.0,1,621.0,0,140.0,5,1712.0,0,583.0,0,85.0,2,172.0,3,937.0,0,44.0,14,194.0,4,320.0,1,4591.0,0,1880.0,0,102.0,2,3926.0,0,1208.0,0
737,ParuVendu,1100.0,60.0,18.33,Appartement,60 m2 3,69003,Lyon,45.74750074204634,4.885526202448934,https://www.paruvendu.fr/immobilier/location/appartement/1287262519A1KILHAP000,Montchat,T3,2710.0,0,255.0,4,410.0,1,3106.0,0,278.0,3,840.0,0,143.0,4,2748.0,0,693.0,0,251.0,1,1041.0,0,1858.0,0,68.0,5,311.0,1,1438.0,0,4860.0,0,3100.0,0,1269.0,0,4679.0,0,2441.0,0
738,ParuVendu,1240.0,71.0,17.46,Appartement,71 m2 3,69003,Lyon,45.75266102432944,4.885208416409966,https://www.paruvendu.fr/immobilier/location/appartement/1287183745A1KILHAP000,Montchat,T3,2447.0,0,154.0,3,161.0,1,2791.0,0,160.0,3,543.0,0,144.0,6,2499.0,0,1131.0,0,439.0,1,1317.0,0,2244.0,0,246.0,5,246.0,3,1536.0,0,4367.0,0,2767.0,0,1511.0,0,4359.0,0,2612.0,0
739,ParuVendu,891.0,25.0,35.64,Appartement,25 m2 3,69003,Lyon,45.74483399419598,4.892803194585121,https://www.paruvendu.fr/immobilier/location/appartement/1287983682A1KILHAP000,Montchat,Studio/T1,3347.0,0,775.0,0,1038.0,0,3727.0,0,768.0,0,963.0,0,328.0,3,3037.0,0,261.0,1,749.0,0,937.0,0,2195.0,0,405.0,2,754.0,0,2020.0,0,5418.0,0,3654.0,0,1784.0,0,5313.0,0,2934.0,0
740,ParuVendu,1110.0,69.0,16.09,Appartement,69 m2 8,69008,Lyon,45.742856545193675,4.864486070797991,https://www.paruvendu.fr/immobilier/location/appartement/1287262643A1KILHAP000,Monplaisir / Bachut,T3,2010.0,0,352.0,3,309.0,2,1857.0,0,304.0,1,441.0,1,259.0,6,1236.0,0,706.0,0,278.0,3,274.0,3,662.0,0,220.0,12,312.0,3,526.0,0,4747.0,0,1478.0,0,301.0,2,3867.0,0,744.0,0
741,ParuVendu,845.0,35.0,24.14,Appartement,35 m2 7,69007,Lyon,45.74505885570208,4.8376108563296185,https://www.paruvendu.fr/immobilier/location/appartement/1287262757A1KILHAP000,Guillotière / Jean Macé,T2,2011.0,0,213.0,8,212.0,2,1023.0,0,265.0,1,669.0,0,312.0,2,493.0,1,504.0,0,459.0,1,139.0,4,544.0,0,90.0,6,207.0,2,1141.0,0,4568.0,0,459.0,1,1026.0,0,2890.0,0,714.0,0
742,ParuVendu,800.0,25.0,32.0,Appartement,25 m2 3,69003,Lyon,45.755017968383555,4.876836290231603,https://www.paruvendu.fr/immobilier/location/appartement/1287941246A1KILHAP000,Montchat,Studio/T1,1748.0,0,123.0,2,630.0,0,2095.0,0,638.0,0,738.0,0,336.0,2,1835.0,0,1261.0,0,928.0,0,764.0,0,1974.0,0,57.0,6,748.0,0,1153.0,0,3797.0,0,2075.0,0,1307.0,0,3664.0,0,2203.0,0
743,ParuVendu,610.0,17.0,35.88,Appartement,17 m2 8,69008,Lyon,45.73201439824169,4.855959180017625,https://www.paruvendu.fr/immobilier/location/appartement/1287938644A1KILHAP000,Monplaisir / Bachut,Studio/T1,3087.0,0,378.0,1,275.0,2,2542.0,0,1677.0,0,432.0,1,213.0,3,241.0,1,962.0,0,1098.0,0,255.0,1,1013.0,0,166.0,6,201.0,2,1148.0,0,5870.0,0,1659.0,0,1674.0,0,4638.0,0,676.0,0
744,ParuVendu,1420.0,80.0,17.75,Appartement,80 m2 3,69003,Lyon,45.761894621826364,4.841263940393533,https://www.paruvendu.fr/immobilier/location/appartement/1287934404A1KILHAP000,Préfecture / Quais,Grand (T4+),591.0,0,69.0,22,176.0,2,212.0,2,221.0,8,171.0,13,390.0,4,407.0,1,530.0,0,154.0,11,490.0,2,972.0,0,437.0,4,391.0,3,1220.0,0,2694.0,0,220.0,1,604.0,0,1127.0,0,2139.0,0
745,ParuVendu,960.0,50.0,19.2,Appartement,50 m2 3,69003,Lyon,45.75097322303901,4.856495182575804,https://www.paruvendu.fr/immobilier/location/appartement/1287932840A1KILHAP000,Part-Dieu / Villette,T2,983.0,0,85.0,8,324.0,2,837.0,0,145.0,4,238.0,3,122.0,10,1163.0,0,911.0,0,320.0,3,210.0,2,761.0,0,95.0,11,287.0,2,481.0,1,3768.0,0,934.0,0,955.0,0,2772.0,0,959.0,0
746,ParuVendu,2150.0,111.0,19.37,Appartement,111 m2 4,69004,Lyon,45.77878407456929,4.821930503977417,https://www.paruvendu.fr/immobilier/location/appartement/1286796139A1KILHAP000,Croix-Rousse Plateau,Grand (T4+),1320.0,0,560.0,0,811.0,0,817.0,0,612.0,0,461.0,1,120.0,8,1187.0,0,347.0,1,788.0,0,543.0,0,67.0,2,155.0,13,559.0,0,260.0,4,2482.0,0,835.0,0,824.0,0,1234.0,0,457.0,1
747,ParuVendu,1675.0,48.0,34.9,Appartement,48 m2 4,69004,Lyon,45.7782773957889,4.8178973729096,https://www.paruvendu.fr/immobilier/location/appartement/1286802896A1KILHAP000,Croix-Rousse Plateau,T2,1505.0,0,633.0,0,859.0,0,926.0,0,825.0,0,779.0,0,97.0,7,952.0,0,453.0,1,916.0,0,626.0,0,174.0,2,126.0,9,624.0,0,304.0,2,2799.0,0,932.0,0,943.0,0,1437.0,0,453.0,1
748,ParuVendu,680.0,48.0,14.17,Appartement,48 m2 6,69006,Lyon,45.76948935616182,4.858281355819024,https://www.paruvendu.fr/immobilier/location/appartement/1287907785A1KILHAP000,Brotteaux / Foch,T2,1104.0,0,45.0,13,121.0,3,171.0,2,97.0,5,332.0,1,260.0,3,204.0,2,152.0,1,179.0,4,447.0,2,1497.0,0,258.0,13,283.0,3,1723.0,0,1751.0,0,601.0,0,398.0,1,1759.0,0,3021.0,0
749,ParuVendu,1370.0,64.0,21.41,Appartement,64 m2 1,69001,Lyon,45.76848574972413,4.8373710271626535,https://www.paruvendu.fr/immobilier/location/appartement/1287875413A1KILHAP000,Terreaux / Hotel de Ville,T3,370.0,2,93.0,57,207.0,5,440.0,1,397.0,4,188.0,2,300.0,14,113.0,6,1276.0,0,57.0,7,437.0,2,761.0,0,55.0,14,173.0,6,1349.0,0,2168.0,0,260.0,2,545.0,0,334.0,2,1989.0,0
750,ParuVendu,900.0,26.0,34.62,Appartement,26 m2 3,69003,Lyon,45.745149880789306,4.880679097215849,https://www.paruvendu.fr/immobilier/location/appartement/1287869369A1KILHAP000,Montchat,Studio/T1,2550.0,0,320.0,2,229.0,2,2821.0,0,269.0,1,1061.0,0,387.0,2,2293.0,0,238.0,4,299.0,1,596.0,0,1401.0,0,371.0,1,549.0,0,1087.0,0,4907.0,0,2713.0,0,847.0,0,4537.0,0,2022.0,0
751,ParuVendu,1300.0,80.0,16.25,Appartement,80 m2 3,69003,Lyon,45.75096909325505,4.866780125162363,https://www.paruvendu.fr/immobilier/location/appartement/1287864674A1KILHAP000,Part-Dieu / Villette,Grand (T4+),1321.0,0,343.0,4,661.0,0,1603.0,0,655.0,0,616.0,0,42.0,6,1793.0,0,1141.0,0,497.0,1,168.0,2,1353.0,0,11.0,7,419.0,1,414.0,1,3911.0,0,1616.0,0,624.0,0,3300.0,0,1323.0,0
752,ParuVendu,550.0,15.0,36.67,Appartement,15 m2 1,69001,Lyon,45.76871153886013,4.823465288220652,https://www.paruvendu.fr/immobilier/location/appartement/1287846007A1KILHAP000,Terreaux / Hotel de Ville,Studio/T1,700.0,0,169.0,26,509.0,0,662.0,0,378.0,2,189.0,7,47.0,6,286.0,1,1209.0,0,184.0,2,395.0,1,1059.0,0,121.0,18,535.0,0,875.0,0,2889.0,0,184.0,1,948.0,0,782.0,0,1095.0,0
753,ParuVendu,980.0,52.0,18.85,Appartement,52 m2 3,69003,Lyon,45.75733837870585,4.845348639782071,https://www.paruvendu.fr/immobilier/location/appartement/1287846004A1KILHAP000,Préfecture / Quais,T2,822.0,0,161.0,24,269.0,3,392.0,1,203.0,3,175.0,11,33.0,9,784.0,0,134.0,3,146.0,5,94.0,7,482.0,1,35.0,11,185.0,2,663.0,0,3103.0,0,216.0,1,870.0,0,1719.0,0,1818.0,0
754,ParuVendu,608.0,22.0,27.64,Appartement,22 m2 3,69003,Lyon,45.750740167846295,4.859599163155482,https://www.paruvendu.fr/immobilier/location/appartement/1287846005A1KILHAP000,Part-Dieu / Villette,Studio/T1,1057.0,0,207.0,6,438.0,1,1071.0,0,358.0,2,462.0,1,138.0,10,1384.0,0,1084.0,0,318.0,1,421.0,2,926.0,0,173.0,9,527.0,0,669.0,0,3819.0,0,1160.0,0,767.0,0,2938.0,0,994.0,0
755,ParuVendu,995.0,47.0,21.17,Appartement,47 m2 1,69001,Lyon,45.7688170435913,4.835004262978593,https://www.paruvendu.fr/immobilier/location/appartement/1287846003A1KILHAP000,Terreaux / Hotel de Ville,T2,189.0,3,31.0,71,116.0,7,281.0,1,234.0,3,32.0,4,124.0,9,99.0,6,1235.0,0,59.0,6,255.0,3,695.0,0,217.0,16,101.0,5,1230.0,0,2245.0,0,214.0,2,637.0,0,272.0,2,1837.0,0
756,ParuVendu,915.0,49.0,18.67,Appartement,49 m2 4,69004,Lyon,45.780721835605,4.8304988877207125,https://www.paruvendu.fr/immobilier/location/appartement/1287846002A1KILHAP000,Croix-Rousse Plateau,T2,1235.0,0,342.0,8,215.0,3,390.0,2,602.0,0,253.0,4,134.0,12,1072.0,0,152.0,9,150.0,3,206.0,2,335.0,2,92.0,10,225.0,1,253.0,2,1784.0,0,150.0,1,474.0,1,1115.0,0,919.0,0
757,ParuVendu,790.0,25.0,31.6,Appartement,25 m2 8,69008,Lyon,45.73220417365924,4.878431618421458,https://www.paruvendu.fr/immobilier/location/appartement/1287817342A1KILHAP000,Monplaisir / Bachut,Studio/T1,3550.0,0,408.0,2,428.0,1,3456.0,0,1694.0,0,793.0,0,231.0,14,1523.0,0,243.0,2,414.0,1,110.0,2,1058.0,0,225.0,3,214.0,1,1096.0,0,6173.0,0,2916.0,0,1505.0,0,5462.0,0,1879.0,0
758,ParuVendu,1390.0,71.0,19.58,Appartement,71 m2 7,69007,Lyon,45.7322099583189,4.828883254907908,https://www.paruvendu.fr/immobilier/location/appartement/1286643582A1KILHAP000,Gerland,T3,3439.0,0,84.0,4,674.0,0,2304.0,0,241.0,1,97.0,1,138.0,5,468.0,1,1953.0,0,217.0,3,225.0,3,177.0,2,105.0,6,260.0,2,660.0,0,6130.0,0,1384.0,0,2294.0,0,4310.0,0,1450.0,0
759,ParuVendu,950.0,45.0,21.11,Appartement,45 m2 4,69004,Lyon,45.77665153355145,4.835445893097861,https://www.paruvendu.fr/immobilier/location/appartement/1287774395A1KILHAP000,Croix-Rousse Plateau,T2,792.0,0,120.0,17,188.0,6,210.0,2,249.0,3,178.0,3,181.0,20,560.0,0,510.0,0,59.0,8,260.0,2,97.0,4,197.0,12,286.0,2,603.0,0,1618.0,0,59.0,3,236.0,2,599.0,0,1431.0,0
760,ParuVendu,600.0,10.0,60.0,Appartement,10 m2 3,69003,Lyon,45.762268571425395,4.847997378656433,https://www.paruvendu.fr/immobilier/location/appartement/1287774394A1KILHAP000,Préfecture / Quais,Studio/T1,635.0,0,273.0,8,482.0,1,169.0,4,234.0,3,271.0,8,195.0,6,921.0,0,660.0,0,118.0,8,354.0,2,659.0,0,184.0,14,147.0,6,945.0,0,2528.0,0,118.0,2,535.0,0,1380.0,0,2272.0,0
761,ParuVendu,950.0,48.0,19.79,Appartement,48 m2 1,69001,Lyon,45.76759813867493,4.820261018701951,https://www.paruvendu.fr/immobilier/location/appartement/1287757828A1KILHAP000,Terreaux / Hotel de Ville,T2,924.0,0,81.0,8,724.0,0,899.0,0,142.0,1,349.0,4,62.0,6,488.0,1,946.0,0,338.0,2,641.0,0,1112.0,0,284.0,10,654.0,0,981.0,0,3162.0,0,338.0,1,1128.0,0,1057.0,0,839.0,0
762,ParuVendu,710.0,26.0,27.31,Appartement,26 m2 2,69002,Lyon,45.73992162106102,4.820651862653407,https://www.paruvendu.fr/immobilier/location/appartement/1288326705A1KILHAP000,Confluence,Studio/T1,2756.0,0,132.0,6,254.0,1,1639.0,0,40.0,2,269.0,1,111.0,6,486.0,1,1526.0,0,225.0,3,382.0,1,1225.0,0,30.0,4,702.0,0,401.0,1,5573.0,0,1000.0,0,1622.0,0,3572.0,0,1784.0,0
763,ParuVendu,1550.0,63.0,24.6,Appartement,63 m2 4,69004,Lyon,45.7792190041977,4.832386332532792,https://www.paruvendu.fr/immobilier/location/appartement/1287729534A1KILHAP000,Croix-Rousse Plateau,T3,1054.0,0,163.0,14,7.0,4,172.0,2,412.0,2,256.0,4,89.0,12,870.0,0,169.0,9,143.0,7,23.0,2,212.0,4,87.0,10,35.0,2,316.0,2,1696.0,0,143.0,3,283.0,2,922.0,0,1103.0,0
764,ParuVendu,2525.0,130.0,19.42,Appartement,130 m2 1,69001,Lyon,45.76901744170397,4.83253051893762,https://www.paruvendu.fr/immobilier/location/appartement/1287704242A1KILHAP000,Pentes Croix-Rousse,Grand (T4+),88.0,3,11.0,76,81.0,8,167.0,1,81.0,4,200.0,6,118.0,12,107.0,6,1206.0,0,37.0,6,79.0,4,692.0,0,109.0,20,165.0,5,1141.0,0,2351.0,0,37.0,2,650.0,0,209.0,2,1678.0,0
765,ParuVendu,1190.0,51.0,23.33,Appartement,51 m2 9,69009,Lyon,45.79619266178412,4.818403353514008,https://www.paruvendu.fr/immobilier/location/appartement/1286864605A1KILHAP000,Vaise / Valmy,T2,3150.0,0,985.0,0,958.0,0,2348.0,0,1969.0,0,1012.0,0,391.0,2,2855.0,0,1328.0,0,2055.0,0,1221.0,0,571.0,0,243.0,3,732.0,0,1807.0,0,2952.0,0,2055.0,0,2427.0,0,3038.0,0,1287.0,0
766,ParuVendu,835.0,63.0,13.25,Appartement,63 m2 5,69005,Lyon,45.75722197824894,4.810699741482492,https://www.paruvendu.fr/immobilier/location/appartement/1287683163A1KILHAP000,Point du Jour / St Just,T3,1901.0,0,425.0,1,275.0,1,1502.0,0,1243.0,0,90.0,2,369.0,2,771.0,0,468.0,1,346.0,1,339.0,1,366.0,2,32.0,7,417.0,2,834.0,0,4474.0,0,1435.0,0,1522.0,0,2304.0,0,539.0,0
767,ParuVendu,1250.0,52.0,24.04,Appartement,52 m2 2,69002,Lyon,45.749420289437666,4.827347201400644,https://www.paruvendu.fr/immobilier/location/appartement/1266862801A1KILHAP000,Ainay,T2,1585.0,0,200.0,10,144.0,3,465.0,2,185.0,3,554.0,0,19.0,4,180.0,1,602.0,0,193.0,5,275.0,3,574.0,0,245.0,7,343.0,3,1385.0,0,4396.0,0,193.0,2,447.0,1,2425.0,0,1627.0,0
768,ParuVendu,620.0,28.0,22.14,Appartement,28 m2 3,69003,Lyon,45.75285426204751,4.877592270290045,https://www.paruvendu.fr/immobilier/location/appartement/1282739554A1KILHAP000,Montchat,Studio/T1,1889.0,0,297.0,2,553.0,0,2264.0,0,587.0,0,881.0,0,233.0,8,2049.0,0,1021.0,0,690.0,0,853.0,0,1941.0,0,74.0,8,774.0,0,1031.0,0,4036.0,0,2259.0,0,1123.0,0,3838.0,0,2107.0,0
769,ParuVendu,820.0,37.0,22.16,Appartement,37 m2 1,69001,Lyon,45.76526841001129,4.836494475619173,https://www.paruvendu.fr/immobilier/location/appartement/1287262740A1KILHAP000,Terreaux / Hotel de Ville,T2,333.0,3,17.0,55,195.0,7,443.0,1,228.0,13,343.0,6,360.0,5,204.0,2,935.0,0,46.0,9,409.0,3,1099.0,0,79.0,9,81.0,5,1638.0,0,2508.0,0,218.0,1,334.0,1,670.0,0,1815.0,0
770,ParuVendu,850.0,50.0,17.0,Appartement,50 m2 8,69008,Lyon,45.732816453343055,4.85454601279557,https://www.paruvendu.fr/immobilier/location/appartement/1287532582A1KILHAP000,Monplaisir / Bachut,T2,2998.0,0,407.0,1,345.0,2,2427.0,0,1661.0,0,308.0,1,114.0,5,378.0,1,877.0,0,1078.0,0,373.0,1,1062.0,0,221.0,5,137.0,2,1186.0,0,5777.0,0,1529.0,0,1651.0,0,4518.0,0,594.0,0
771,ParuVendu,2995.0,214.0,14.0,Appartement,214 m2 9,69009,Lyon,45.78379191644425,4.812650906712644,https://www.paruvendu.fr/immobilier/location/appartement/1287526181A1KILHAP000,Vaise / Valmy,Grand (T4+),2218.0,0,498.0,1,590.0,0,1102.0,0,572.0,0,598.0,0,264.0,4,1428.0,0,646.0,0,738.0,0,298.0,1,654.0,0,531.0,0,590.0,0,364.0,1,3113.0,0,1114.0,0,1129.0,0,2139.0,0,487.0,1
772,ParuVendu,1880.0,115.0,16.35,Appartement,115 m2 9,69009,Lyon,45.780108523482255,4.808723240190941,https://www.paruvendu.fr/immobilier/location/appartement/1287364085A1KILHAP000,Vaise / Valmy,Grand (T4+),2205.0,0,394.0,1,128.0,1,607.0,0,115.0,1,284.0,1,41.0,5,1038.0,0,956.0,0,239.0,1,596.0,0,574.0,0,86.0,3,344.0,1,272.0,1,3454.0,0,631.0,0,646.0,0,2150.0,0,823.0,0
773,ParuVendu,930.0,49.0,18.98,Appartement,49 m2 7,69007,Lyon,45.75012005025518,4.84631606796203,https://www.paruvendu.fr/immobilier/location/appartement/1287345924A1KILHAP000,Guillotière / Jean Macé,T2,1282.0,0,37.0,26,201.0,5,423.0,1,125.0,2,81.0,5,351.0,9,385.0,2,359.0,1,211.0,5,435.0,1,323.0,1,59.0,12,44.0,3,699.0,0,3884.0,0,211.0,1,1267.0,0,2491.0,0,1086.0,0
774,ParuVendu,1200.0,64.0,18.75,Appartement,64 m2 7,69007,Lyon,45.747762472418245,4.844523424711929,https://www.paruvendu.fr/immobilier/location/appartement/1287342302A1KILHAP000,Guillotière / Jean Macé,T3,1578.0,0,107.0,26,105.0,5,702.0,0,295.0,2,211.0,3,158.0,5,203.0,2,614.0,0,109.0,5,201.0,2,160.0,2,164.0,7,261.0,3,985.0,0,4163.0,0,309.0,3,1228.0,0,2701.0,0,843.0,0
775,ParuVendu,530.0,17.0,31.18,Appartement,17 m2 2,69002,Lyon,45.75083146022205,4.8242701608104985,https://www.paruvendu.fr/immobilier/location/appartement/1287280505A1KILHAP000,Ainay,Studio/T1,1536.0,0,24.0,10,170.0,2,487.0,1,371.0,4,435.0,2,285.0,6,461.0,1,671.0,0,309.0,6,288.0,3,292.0,1,114.0,7,393.0,3,1517.0,0,4372.0,0,309.0,2,527.0,0,2329.0,0,1451.0,0
776,ParuVendu,800.0,26.0,30.77,Appartement,26 m2 9,69009,Lyon,45.766150794435156,4.8043340263586565,https://www.paruvendu.fr/immobilier/location/appartement/1287189245A1KILHAP000,Vaise / Valmy,Studio/T1,2149.0,0,332.0,3,645.0,0,932.0,0,973.0,0,959.0,0,199.0,4,772.0,0,639.0,0,358.0,1,968.0,0,1217.0,0,154.0,5,831.0,0,438.0,1,4288.0,0,806.0,0,943.0,0,2289.0,0,683.0,0
777,ParuVendu,1999.0,149.0,13.42,Appartement,149 m2 1,69001,Lyon,45.77077545538693,4.824824196840629,https://www.paruvendu.fr/immobilier/location/appartement/1285973345A1KILHAP000,Pentes Croix-Rousse,Grand (T4+),641.0,0,129.0,20,458.0,1,650.0,0,472.0,1,391.0,7,206.0,11,410.0,1,1257.0,0,392.0,2,379.0,2,808.0,0,28.0,20,359.0,2,690.0,0,2667.0,0,392.0,1,707.0,0,639.0,0,1336.0,0
778,ParuVendu,1070.0,55.0,19.45,Appartement,55 m2 8,69008,Lyon,45.73043375379512,4.8647684790125245,https://www.paruvendu.fr/immobilier/location/appartement/1281957200A1KILHAP000,Monplaisir / Bachut,T3,3343.0,0,386.0,1,189.0,2,2969.0,0,1636.0,0,781.0,0,71.0,6,467.0,1,987.0,0,665.0,0,467.0,1,759.0,0,287.0,5,228.0,1,918.0,0,6112.0,0,2202.0,0,1595.0,0,5068.0,0,1103.0,0
779,ParuVendu,1730.0,83.0,20.84,Appartement,83 m2 3,69003,Lyon,45.74314454684916,4.890610092359493,https://www.paruvendu.fr/immobilier/location/appartement/1281074897A1KILHAP000,Montchat,Grand (T4+),3302.0,0,856.0,0,914.0,0,3622.0,0,833.0,0,1156.0,0,275.0,1,2797.0,0,258.0,1,813.0,0,686.0,0,1968.0,0,582.0,0,834.0,0,1866.0,0,5480.0,0,3490.0,0,1619.0,0,5282.0,0,2734.0,0
780,ParuVendu,545.0,18.0,30.28,Appartement,18 m2 3,69003,Lyon,45.74374339144049,4.885597601947113,https://www.paruvendu.fr/immobilier/location/appartement/1277533292A1KILHAP000,Montchat,Studio/T1,2947.0,0,596.0,0,545.0,0,3233.0,0,568.0,0,1196.0,0,275.0,4,2497.0,0,548.0,0,498.0,1,632.0,0,1636.0,0,474.0,1,719.0,0,1495.0,0,5223.0,0,3098.0,0,1226.0,0,4932.0,0,2362.0,0
781,ParuVendu,1170.0,50.0,23.4,Appartement,50 m2 6,69006,Lyon,45.76944976403768,4.8434793139803025,https://www.paruvendu.fr/immobilier/location/appartement/1274674751A1KILHAP000,Brotteaux / Foch,T2,817.0,0,71.0,9,345.0,1,354.0,1,208.0,9,47.0,5,87.0,13,565.0,0,1009.0,0,173.0,4,416.0,1,926.0,0,125.0,15,124.0,5,1572.0,0,1848.0,0,290.0,2,280.0,2,633.0,0,2384.0,0
782,ParuVendu,589.0,18.0,32.72,Appartement,18 m2 8,69008,Lyon,45.73829447121174,4.879258862200131,https://www.paruvendu.fr/immobilier/location/appartement/1268617259A1KILHAP000,Monplaisir / Bachut,Studio/T1,3024.0,0,778.0,0,153.0,1,3075.0,0,1037.0,0,565.0,0,48.0,6,1767.0,0,226.0,1,221.0,1,494.0,1,978.0,0,286.0,6,605.0,0,911.0,0,5560.0,0,2711.0,0,994.0,0,4984.0,0,1826.0,0
783,ParuVendu,1460.0,47.0,31.06,Appartement,47 m2 4,69004,Lyon,45.77968044977288,4.828674692903049,https://www.paruvendu.fr/immobilier/location/appartement/1288527432A1KILHAP000,Croix-Rousse Plateau,T2,1154.0,0,421.0,7,289.0,3,415.0,2,529.0,0,73.0,4,221.0,11,1024.0,0,316.0,9,304.0,3,290.0,2,331.0,2,178.0,11,316.0,1,96.0,2,1952.0,0,304.0,1,442.0,1,1038.0,0,815.0,0
784,ParuVendu,1429.0,47.0,30.4,Appartement,47 m2 9,69009,Lyon,45.76720728504318,4.801026091207346,https://www.paruvendu.fr/immobilier/location/appartement/1288527428A1KILHAP000,Vaise / Valmy,T2,2411.0,0,96.0,2,564.0,0,927.0,0,947.0,0,979.0,0,88.0,5,913.0,0,547.0,0,616.0,0,926.0,0,1483.0,0,18.0,7,908.0,0,559.0,0,4462.0,0,801.0,0,928.0,0,2518.0,0,960.0,0
785,ParuVendu,1460.0,47.0,31.06,Appartement,47 m2 3,69003,Lyon,45.75687164142116,4.859320231806083,https://www.paruvendu.fr/immobilier/location/appartement/1288523958A1KILHAP000,Part-Dieu / Villette,T2,446.0,1,163.0,4,448.0,1,900.0,0,562.0,0,178.0,1,300.0,4,1065.0,0,1166.0,0,315.0,4,542.0,0,604.0,0,456.0,5,593.0,0,570.0,0,3142.0,0,870.0,0,580.0,0,2430.0,0,1643.0,0
786,ParuVendu,875.0,45.0,19.44,Appartement,45 m2 1,69001,Lyon,45.76785760946465,4.829020394199016,https://www.paruvendu.fr/immobilier/location/appartement/1288402145A1KILHAP000,Terreaux / Hotel de Ville,T2,261.0,3,50.0,68,133.0,7,221.0,1,157.0,6,79.0,9,187.0,5,203.0,5,1057.0,0,210.0,4,51.0,4,913.0,0,77.0,21,211.0,2,1132.0,0,2631.0,0,283.0,3,618.0,0,458.0,1,1377.0,0
787,ParuVendu,925.0,43.0,21.51,Appartement,43 m2 8,69008,Lyon,45.731603907267946,4.871512958059225,https://www.paruvendu.fr/immobilier/location/appartement/1288548098A1KILHAP000,Monplaisir / Bachut,T2,3374.0,0,147.0,1,428.0,2,3147.0,0,1543.0,0,685.0,0,199.0,8,983.0,0,462.0,1,133.0,1,548.0,0,715.0,0,223.0,4,543.0,0,823.0,0,6086.0,0,2503.0,0,1422.0,0,5211.0,0,1421.0,0
788,ParuVendu,750.0,25.0,30.0,Appartement,25 m2 9,69009,Lyon,45.7694718151747,4.7986431973485235,https://www.paruvendu.fr/immobilier/location/appartement/1288547888A1KILHAP000,Vaise / Valmy,Studio/T1,2613.0,0,145.0,2,610.0,0,850.0,0,858.0,0,938.0,0,172.0,8,1010.0,0,730.0,0,465.0,1,781.0,0,1644.0,0,104.0,9,813.0,0,675.0,0,4529.0,0,755.0,0,854.0,0,2674.0,0,1258.0,0
789,ParuVendu,715.0,30.0,23.83,Appartement,30 m2 3,69003,Lyon,45.74869432409907,4.8785045701427565,https://www.paruvendu.fr/immobilier/location/appartement/1288537944A1KILHAP000,Montchat,Studio/T1,2178.0,0,178.0,2,151.0,1,2546.0,0,215.0,1,1183.0,0,137.0,6,2451.0,0,564.0,0,319.0,1,636.0,0,1577.0,0,125.0,9,663.0,0,907.0,0,4479.0,0,2549.0,0,830.0,0,4160.0,0,1959.0,0
790,ParuVendu,550.0,25.0,22.0,Appartement,25 m2 5,69005,Lyon,45.75942851781262,4.823076515432407,https://www.paruvendu.fr/immobilier/location/appartement/1288537912A1KILHAP000,Vieux Lyon,Studio/T1,919.0,0,188.0,15,517.0,0,821.0,0,344.0,4,490.0,1,203.0,6,668.0,0,322.0,1,467.0,1,273.0,1,624.0,0,279.0,9,285.0,1,1602.0,0,3638.0,0,878.0,0,717.0,0,1489.0,0,766.0,0
791,ParuVendu,390.0,15.0,26.0,Appartement,15 m2 6,69006,Lyon,45.76400945220062,4.851325462993685,https://www.paruvendu.fr/immobilier/location/appartement/1288537906A1KILHAP000,Brotteaux / Foch,Studio/T1,565.0,0,99.0,6,370.0,3,123.0,2,429.0,1,456.0,4,83.0,6,708.0,0,776.0,0,179.0,9,83.0,4,793.0,0,68.0,20,99.0,6,1068.0,0,2310.0,0,205.0,2,386.0,3,1453.0,0,2417.0,0
792,ParuVendu,883.0,45.0,19.62,Appartement,45 m2 7,69007,Lyon,45.73572381570781,4.836378928991388,https://www.paruvendu.fr/immobilier/location/appartement/1288537897A1KILHAP000,Gerland,T2,3034.0,0,264.0,2,30.0,1,1959.0,0,814.0,0,266.0,2,176.0,10,1120.0,0,1370.0,0,205.0,3,354.0,1,785.0,0,82.0,8,27.0,1,246.0,2,5598.0,0,1039.0,0,1955.0,0,3915.0,0,752.0,0
793,ParuVendu,1070.0,68.0,15.74,Appartement,68 m2 7,69007,Lyon,45.746430361961686,4.83462446818692,https://www.paruvendu.fr/immobilier/location/appartement/1288537831A1KILHAP000,Guillotière / Jean Macé,T3,1838.0,0,194.0,7,194.0,2,781.0,0,352.0,1,817.0,0,302.0,3,488.0,1,314.0,1,310.0,2,134.0,2,678.0,0,192.0,4,235.0,2,1317.0,0,4488.0,0,310.0,2,780.0,0,2719.0,0,984.0,0
794,ParuVendu,1229.0,85.0,14.46,Appartement,85 m2 9,69009,Lyon,45.78454061805915,4.818158491815826,https://www.paruvendu.fr/immobilier/location/appartement/1288537821A1KILHAP000,Vaise / Valmy,Grand (T4+),2006.0,0,590.0,0,987.0,0,1388.0,0,969.0,0,937.0,0,361.0,3,1595.0,0,216.0,2,1121.0,0,558.0,0,640.0,0,393.0,1,852.0,0,643.0,0,2684.0,0,1193.0,0,1409.0,0,1911.0,0,141.0,3
795,ParuVendu,440.0,15.0,29.33,Appartement,15 m2 5,69005,Lyon,45.748959905080255,4.795193967827069,https://www.paruvendu.fr/immobilier/location/appartement/1288537793A1KILHAP000,Point du Jour / St Just,Studio/T1,3374.0,0,1559.0,0,1242.0,0,2692.0,0,2034.0,0,1451.0,0,312.0,2,1925.0,0,157.0,1,1241.0,0,1758.0,0,1833.0,0,394.0,5,815.0,0,1303.0,0,5982.0,0,2551.0,0,2762.0,0,3816.0,0,1946.0,0
796,ParuVendu,650.0,15.0,43.33,Appartement,15 m2 3,69003,Lyon,45.75578160259475,4.8485389857523895,https://www.paruvendu.fr/immobilier/location/appartement/1288537758A1KILHAP000,Part-Dieu / Villette,Studio/T1,691.0,0,149.0,14,398.0,4,258.0,1,399.0,4,166.0,8,184.0,13,957.0,0,381.0,2,186.0,4,210.0,7,262.0,1,114.0,16,419.0,3,364.0,1,3238.0,0,186.0,1,800.0,0,1988.0,0,1566.0,0
797,ParuVendu,690.0,57.0,12.11,Appartement,57 m2 2,69002,Lyon,45.75170628220453,4.831366939133255,https://www.paruvendu.fr/immobilier/location/appartement/1288537747A1KILHAP000,Ainay,T3,1264.0,0,83.0,12,174.0,3,142.0,2,151.0,6,473.0,2,248.0,6,436.0,1,399.0,1,190.0,6,238.0,2,763.0,0,70.0,9,144.0,5,1693.0,0,4033.0,0,211.0,2,142.0,2,2134.0,0,1594.0,0
798,ParuVendu,571.0,18.0,31.72,Appartement,18 m2 7,69007,Lyon,45.7338190477302,4.837161773775462,https://www.paruvendu.fr/immobilier/location/appartement/1288537070A1KILHAP000,Gerland,Studio/T1,3213.0,0,313.0,2,227.0,1,2180.0,0,714.0,0,253.0,2,135.0,8,1134.0,0,1449.0,0,36.0,3,446.0,2,700.0,0,216.0,5,241.0,1,203.0,2,5792.0,0,1259.0,0,2175.0,0,4131.0,0,870.0,0
799,ParuVendu,660.0,20.0,33.0,Appartement,20 m2 3,69003,Lyon,45.74421581181445,4.881375586170792,https://www.paruvendu.fr/immobilier/location/appartement/1288536983A1KILHAP000,Montchat,Studio/T1,2659.0,0,424.0,2,224.0,2,2909.0,0,376.0,1,1021.0,0,385.0,3,2266.0,0,230.0,4,382.0,1,628.0,0,1381.0,0,463.0,1,571.0,0,1165.0,0,5024.0,0,2768.0,0,897.0,0,4645.0,0,2053.0,0
800,ParuVendu,500.0,13.0,38.46,Appartement,13 m2 2,69002,Lyon,45.74620062703519,4.826269123807709,https://www.paruvendu.fr/immobilier/location/appartement/1288537710A1KILHAP000,Confluence,Studio/T1,1951.0,0,182.0,5,494.0,2,819.0,0,511.0,0,748.0,0,206.0,4,300.0,1,764.0,0,466.0,2,251.0,1,808.0,0,246.0,6,144.0,2,1017.0,0,4755.0,0,466.0,1,803.0,0,2792.0,0,1504.0,0
801,ParuVendu,998.0,45.0,22.18,Appartement,45 m2 9,69009,Lyon,45.78138965387889,4.814390603253446,https://www.paruvendu.fr/immobilier/location/appartement/1288537799A1KILHAP000,Vaise / Valmy,T2,1936.0,0,776.0,0,583.0,0,953.0,0,567.0,0,677.0,0,193.0,5,1180.0,0,500.0,0,696.0,0,596.0,0,357.0,1,300.0,2,722.0,0,196.0,1,3000.0,0,947.0,0,961.0,0,1862.0,0,361.0,2
802,ParuVendu,580.0,12.0,48.33,Appartement,12 m2 5,69005,Lyon,45.760101082345656,4.8062171163595755,https://www.paruvendu.fr/immobilier/location/appartement/1288537694A1KILHAP000,Point du Jour / St Just,Studio/T1,2097.0,0,706.0,0,539.0,0,1575.0,0,1273.0,0,529.0,0,479.0,2,1237.0,0,470.0,1,376.0,1,781.0,0,725.0,0,337.0,3,518.0,0,361.0,1,4533.0,0,1457.0,0,1593.0,0,2402.0,0,468.0,1
803,ParuVendu,1095.0,70.0,15.64,Appartement,70 m2 7,69007,Lyon,45.72999618795161,4.829026933825272,https://www.paruvendu.fr/immobilier/location/appartement/1288537922A1KILHAP000,Gerland,T3,3683.0,0,164.0,4,676.0,0,2549.0,0,50.0,1,298.0,1,110.0,5,489.0,1,2190.0,0,243.0,2,67.0,3,71.0,2,239.0,4,25.0,2,413.0,1,6362.0,0,1626.0,0,2539.0,0,4555.0,0,1605.0,0
804,ParuVendu,1500.0,71.0,21.13,Appartement,71 m2 2,69002,Lyon,45.74742124243591,4.822437515843984,https://www.paruvendu.fr/immobilier/location/appartement/1288537789A1KILHAP000,Confluence,T3,1938.0,0,98.0,7,475.0,1,856.0,0,626.0,0,670.0,0,252.0,5,506.0,0,1003.0,0,350.0,1,77.0,1,591.0,0,124.0,6,177.0,2,1145.0,0,4772.0,0,634.0,0,863.0,0,2734.0,0,1716.0,0
805,ParuVendu,1300.0,45.0,28.89,Appartement,Duplex/triplex 45 m2 2,69002,Lyon,45.75210341682898,4.832283844136487,https://www.paruvendu.fr/immobilier/location/duplex-triplex/1288537605A1KILHDU000,Ainay,T2,1212.0,0,53.0,11,188.0,3,152.0,2,211.0,5,507.0,0,326.0,6,509.0,0,387.0,1,219.0,6,310.0,2,829.0,0,137.0,10,96.0,4,1616.0,0,3963.0,0,293.0,2,163.0,2,2086.0,0,1590.0,0
806,ParuVendu,1200.0,55.0,21.82,Appartement,55 m2 5,69005,Lyon,45.76431685992451,4.8217796078581605,https://www.paruvendu.fr/immobilier/location/appartement/1287262708A1KILHAP000,Vieux Lyon,T3,810.0,0,305.0,16,533.0,0,861.0,0,265.0,5,399.0,3,446.0,2,495.0,1,827.0,0,393.0,2,650.0,0,847.0,0,241.0,5,626.0,0,1345.0,0,3308.0,0,393.0,1,862.0,0,1138.0,0,696.0,0
807,ParuVendu,910.0,38.0,23.95,Appartement,38 m2 3,69003,Lyon,45.76137899038338,4.843849553611532,https://www.paruvendu.fr/immobilier/location/appartement/1287262739A1KILHAP000,Préfecture / Quais,T2,800.0,0,32.0,16,266.0,1,250.0,3,274.0,3,142.0,14,465.0,7,587.0,0,468.0,1,47.0,8,488.0,1,778.0,0,229.0,11,303.0,3,1038.0,0,2690.0,0,47.0,2,621.0,0,1267.0,0,2277.0,0
808,ParuVendu,1195.0,31.0,38.55,Appartement,31 m2 8,69008,Lyon,45.738626027267216,4.8714414330537315,https://www.paruvendu.fr/immobilier/location/appartement/1288537861A1KILHAP000,Monplaisir / Bachut,Studio/T1,2662.0,0,264.0,2,476.0,1,2573.0,0,804.0,0,107.0,1,246.0,3,1276.0,0,654.0,0,265.0,1,262.0,3,400.0,1,142.0,12,316.0,1,305.0,1,5330.0,0,2122.0,0,647.0,0,4565.0,0,1220.0,0
809,ParuVendu,650.0,31.0,20.97,Appartement,31 m2 2,69002,Lyon,45.73906367229195,4.819353975380146,https://www.paruvendu.fr/immobilier/location/appartement/1288537779A1KILHAP000,Confluence,Studio/T1,2882.0,0,254.0,6,315.0,1,1771.0,0,170.0,2,326.0,1,216.0,4,362.0,3,1665.0,0,128.0,3,353.0,1,1207.0,0,115.0,1,826.0,0,418.0,1,5704.0,0,1136.0,0,1754.0,0,3692.0,0,1889.0,0
810,ParuVendu,990.0,55.0,18.0,Appartement,55 m2 9,69009,Lyon,45.78284251532886,4.810957340553449,https://www.paruvendu.fr/immobilier/location/appartement/1288537756A1KILHAP000,Vaise / Valmy,T3,2243.0,0,619.0,0,422.0,1,952.0,0,404.0,1,437.0,1,322.0,4,1320.0,0,773.0,0,572.0,0,391.0,1,623.0,0,435.0,2,631.0,0,273.0,1,3249.0,0,970.0,0,985.0,0,2171.0,0,616.0,0
811,ParuVendu,1042.0,48.0,21.71,Appartement,48 m2 5,69005,Lyon,45.75421070979074,4.806234995333221,https://www.paruvendu.fr/immobilier/location/appartement/1288537509A1KILHAP000,Point du Jour / St Just,T2,2348.0,0,821.0,0,207.0,1,1791.0,0,1541.0,0,415.0,1,119.0,4,1017.0,0,910.0,0,234.0,1,731.0,0,807.0,0,121.0,5,684.0,0,942.0,0,4956.0,0,1683.0,0,1838.0,0,2785.0,0,990.0,0
812,ParuVendu,2550.0,60.0,42.5,Appartement,60 m2 6,69006,Lyon,45.76575198464482,4.849745218337535,https://www.paruvendu.fr/immobilier/location/appartement/1288537512A1KILHAP000,Brotteaux / Foch,T3,794.0,0,106.0,17,231.0,3,288.0,4,354.0,13,232.0,7,146.0,9,780.0,0,703.0,0,172.0,11,309.0,4,996.0,0,49.0,21,313.0,8,1278.0,0,2126.0,0,313.0,4,354.0,4,1247.0,0,2625.0,0
813,ParuVendu,1280.0,67.0,19.1,Appartement,67 m2 2,69002,Lyon,45.76077162121936,4.832804728398192,https://www.paruvendu.fr/immobilier/location/appartement/1288537947A1KILHAP000,Bellecour / Cordeliers,T3,254.0,1,40.0,48,232.0,6,762.0,0,88.0,30,330.0,4,68.0,14,31.0,4,364.0,1,180.0,7,195.0,1,1247.0,0,65.0,3,67.0,6,1705.0,0,3084.0,0,700.0,0,25.0,3,1122.0,0,1485.0,0
814,ParuVendu,620.0,25.0,24.8,Appartement,25 m2 2,69002,Lyon,45.743862132743224,4.8200410261513795,https://www.paruvendu.fr/immobilier/location/appartement/1288537703A1KILHAP000,Confluence,Studio/T1,2375.0,0,140.0,9,235.0,1,1286.0,0,351.0,2,232.0,1,35.0,7,735.0,0,1312.0,0,106.0,3,411.0,2,991.0,0,35.0,6,345.0,2,804.0,0,5208.0,0,912.0,0,1281.0,0,3167.0,0,1876.0,0
815,ParuVendu,1086.0,63.0,17.24,Appartement,63 m2 3,69003,Lyon,45.75904873823737,4.872992736171714,https://www.paruvendu.fr/immobilier/location/appartement/t3-lyon-3/1269412486A1KILHAP000,Part-Dieu / Villette,T3,1371.0,0,428.0,2,656.0,0,1607.0,0,1079.0,0,496.0,1,133.0,4,1315.0,0,1739.0,0,778.0,0,655.0,0,1682.0,0,172.0,9,537.0,0,1392.0,0,3261.0,0,1600.0,0,1305.0,0,3193.0,0,2321.0,0
816,ParuVendu,580.0,31.0,18.71,Appartement,31 m2 3,69003,Lyon,45.745669017242435,4.875911323023971,https://www.paruvendu.fr/immobilier/location/appartement/1287757139A1KILHAP000,Montchat,Studio/T1,2237.0,0,316.0,3,279.0,3,2455.0,0,430.0,1,930.0,0,319.0,5,2079.0,0,241.0,4,464.0,2,299.0,2,1186.0,0,64.0,9,302.0,1,714.0,0,4702.0,0,2343.0,0,495.0,1,4220.0,0,1668.0,0
817,SeLoger,980.0,50.0,19.6,Appartement,"2 pièce - 1 chambre - s, , 50 m², Étage 4/4",69007,Lyon,45.7400328996244,4.848820862996651,https://www.seloger.com/annonces/locations/appartement/lyon-69/260260109.htm?serp_view=list&search=distributionTypes%3DRent%26estateTypes%3DHouse%2CApartment%26locations%3DAD08FR28808&sort_order_ab_test=sort_order_variant#ln=classified_search_results&m=classified_search_results_classified_classified_detail_XL,Guillotière / Jean Macé,T2,2253.0,0,638.0,0,422.0,1,1554.0,0,1045.0,0,621.0,0,258.0,1,87.0,1,322.0,5,614.0,0,277.0,1,641.0,0,60.0,2,470.0,1,936.0,0,4982.0,0,614.0,0,1449.0,0,3618.0,0,403.0,1
818,SeLoger,1290.0,74.9,17.22,Appartement,"3 pièce - 2 chambre - s, s, 74,9 m², étage",69008,Lyon,45.742256770861864,4.8773601212537985,https://www.seloger.com/annonces/locations/appartement/lyon-8eme-69/monplaisir-le-bachut/259425079.htm?serp_view=list&search=distributionTypes%3DRent%26estateTypes%3DHouse%2CApartment%26locations%3DAD08FR28808&sort_order_ab_test=sort_order_variant#ln=classified_search_results&m=classified_search_results_classified_classified_detail_XL,Monplaisir / Bachut,T3,2590.0,0,523.0,0,186.0,2,2719.0,0,646.0,0,649.0,0,454.0,1,1887.0,0,116.0,4,525.0,0,347.0,1,1001.0,0,326.0,4,272.0,1,873.0,0,5096.0,0,2476.0,0,629.0,0,4564.0,0,1703.0,0
819,SeLoger,728.0,20.0,36.4,Appartement,"1 pièce - 20 m², étage, dès le 01/03/2026",69006,Lyon,45.77113911012152,4.852566551560978,https://www.seloger.com/annonces/locations/appartement/lyon-69/259712337.htm?serp_view=list&search=distributionTypes%3DRent%26estateTypes%3DHouse%2CApartment%26locations%3DAD08FR28808&sort_order_ab_test=sort_order_variant#ln=classified_search_results&m=classified_search_results_classified_classified_detail_XL,Brotteaux / Foch,Studio/T1,1282.0,0,79.0,13,359.0,2,374.0,2,160.0,10,432.0,2,306.0,2,659.0,0,328.0,1,424.0,3,219.0,1,1348.0,0,116.0,12,169.0,1,1854.0,0,1514.0,0,424.0,1,196.0,3,1304.0,0,2893.0,0
820,SeLoger,1600.0,101.0,15.84,Appartement,"4 pièce - 3 chambre - s, s, 101 m², étage",69004,Lyon,45.780638567581434,4.828149376276899,https://www.seloger.com/annonces/locations/appartement/lyon-4eme-69/plateau-de-la-croix-rousse-saone/256257927.htm?serp_view=list&search=distributionTypes%3DRent%26estateTypes%3DHouse%2CApartment%26locations%3DAD08FR28808&sort_order_ab_test=sort_order_variant#ln=classified_search_results&m=classified_search_results_classified_classified_detail_XL,Croix-Rousse Plateau,Grand (T4+),1267.0,0,510.0,0,360.0,2,509.0,0,643.0,0,135.0,3,185.0,11,1137.0,0,334.0,9,331.0,2,356.0,1,445.0,1,259.0,10,380.0,1,72.0,2,1963.0,0,331.0,1,551.0,0,1152.0,0,743.0,0
821,SeLoger,1002.0,71.6,13.99,Appartement,"2 pièce - 2 chambre - s, s, 71,6 m², étage",69001,Lyon,45.77262913319006,4.829603058659459,https://www.seloger.com/annonces/locations/appartement/lyon-69/260574471.htm?serp_view=list&search=distributionTypes%3DRent%26estateTypes%3DHouse%2CApartment%26locations%3DAD08FR28808&sort_order_ab_test=sort_order_variant#ln=classified_search_results&m=classified_search_results_classified_classified_detail_XL,Pentes Croix-Rousse,T2,413.0,1,222.0,41,186.0,4,482.0,1,295.0,4,428.0,2,36.0,12,371.0,3,929.0,0,238.0,3,480.0,1,476.0,2,113.0,20,374.0,2,699.0,0,2246.0,0,429.0,1,321.0,2,333.0,1,1360.0,0
822,SeLoger,550.0,19.5,28.21,Appartement,"1 pièce - 19,5 m², RDC",69000,Lyon,45.75858240727966,4.83012930438152,https://www.seloger.com/annonces/locations/appartement/champagne-au-mont-d-or-69/contour/259450299.htm?serp_view=list&search=distributionTypes%3DRent%26estateTypes%3DHouse%2CApartment%26locations%3DAD08FR28808&sort_order_ab_test=sort_order_variant#ln=classified_search_results&m=classified_search_results_classified_classified_detail_XL,Grand Lyon / Autre,Studio/T1,562.0,0,136.0,42,61.0,5,574.0,0,37.0,19,148.0,2,133.0,17,293.0,2,46.0,2,158.0,4,294.0,1,928.0,0,240.0,13,225.0,6,1820.0,0,3399.0,0,733.0,0,324.0,3,1384.0,0,1318.0,0
823,SeLoger,550.0,15.0,36.67,Appartement,"1 pièce - 15 m², Étage 2/3",69000,Lyon,45.77609424572007,4.841232851524958,https://www.seloger.com/annonces/locations/appartement/lyon-69/260780073.htm?serp_view=list&search=distributionTypes%3DRent%26estateTypes%3DHouse%2CApartment%26locations%3DAD08FR28808&sort_order_ab_test=sort_order_variant#ln=classified_search_results&m=classified_search_results_classified_classified_detail_XL,Grand Lyon / Autre,Studio/T1,954.0,0,317.0,3,182.0,2,644.0,0,667.0,0,630.0,0,326.0,8,690.0,0,854.0,0,401.0,2,712.0,0,410.0,2,440.0,3,707.0,0,1046.0,0,1315.0,0,401.0,1,688.0,0,684.0,0,1867.0,0
824,SeLoger,1390.0,75.3,18.46,Appartement,"3 pièce - 2 chambre - s, s, 75,3 m², étage",69003,Lyon,45.751974127922274,4.856946773424117,https://www.seloger.com/annonces/locations/appartement/lyon-69/260742471.htm?serp_view=list&search=distributionTypes%3DRent%26estateTypes%3DHouse%2CApartment%26locations%3DAD08FR28808&sort_order_ab_test=sort_order_variant#ln=classified_search_results&m=classified_search_results_classified_classified_detail_XL,Part-Dieu / Villette,T3,876.0,0,186.0,8,435.0,2,834.0,0,124.0,4,287.0,4,16.0,11,1227.0,0,921.0,0,280.0,3,234.0,2,688.0,0,61.0,8,312.0,2,423.0,1,3660.0,0,915.0,0,1006.0,0,2703.0,0,1074.0,0
825,SeLoger,1195.0,81.9,14.59,Appartement,"3 pièce - 2 chambre - s, s, 81,9 m², étage",69003,Lyon,45.7606890244819,4.843015058765585,https://www.seloger.com/annonces/locations/appartement/lyon-69/260016573.htm?serp_view=list&search=distributionTypes%3DRent%26estateTypes%3DHouse%2CApartment%26locations%3DAD08FR28808&sort_order_ab_test=sort_order_variant#ln=classified_search_results&m=classified_search_results_classified_classified_detail_XL,Préfecture / Quais,T3,758.0,0,132.0,19,311.0,1,313.0,3,333.0,4,143.0,17,432.0,4,516.0,0,394.0,2,104.0,9,505.0,0,785.0,0,286.0,7,282.0,3,1029.0,0,2781.0,0,146.0,1,702.0,0,1305.0,0,2232.0,0
826,SeLoger,1317.0,72.6,18.14,Appartement,"3 pièce - 2 chambre - s, s, 72,6 m², Étage 5/7",69008,Lyon,45.73647091528781,4.86916615053749,https://www.seloger.com/annonces/locations/appartement/lyon-69/260006591.htm?serp_view=list&search=distributionTypes%3DRent%26estateTypes%3DHouse%2CApartment%26locations%3DAD08FR28808&sort_order_ab_test=sort_order_variant#ln=classified_search_results&m=classified_search_results_classified_classified_detail_XL,Monplaisir / Bachut,T3,2804.0,0,58.0,3,450.0,1,2615.0,0,975.0,0,264.0,1,321.0,5,989.0,0,634.0,0,130.0,1,23.0,2,200.0,1,179.0,13,28.0,1,256.0,1,5518.0,0,2058.0,0,876.0,0,4658.0,0,1058.0,0
827,SeLoger,970.0,42.2,22.99,Appartement,"2 pièce - 1 chambre - s, , 42,2 m², étage",69007,Lyon,45.74840523270904,4.8411187749102496,https://www.seloger.com/annonces/locations/appartement/lyon-7eme-69/jean-mace/254587173.htm?serp_view=list&search=distributionTypes%3DRent%26estateTypes%3DHouse%2CApartment%26locations%3DAD08FR28808&sort_order_ab_test=sort_order_variant#ln=classified_search_results&m=classified_search_results_classified_classified_detail_XL,Guillotière / Jean Macé,T2,1679.0,0,92.0,24,126.0,5,744.0,0,209.0,1,268.0,3,219.0,4,64.0,2,476.0,1,174.0,3,104.0,3,132.0,2,252.0,9,235.0,3,1131.0,0,4142.0,0,224.0,2,962.0,0,2574.0,0,933.0,0
828,SeLoger,952.0,20.5,46.44,Appartement,"1 pièce - 20,5 m², étage, dès le 01/03/2026",69000,Lyon,45.7746430299102,4.82753792944217,https://www.seloger.com/annonces/locations/appartement/lyon-6eme-69/les-brotteaux-bellecombe-massena/259512523.htm?serp_view=list&search=distributionTypes%3DRent%26estateTypes%3DHouse%2CApartment%26locations%3DAD08FR28808&sort_order_ab_test=sort_order_variant#ln=classified_search_results&m=classified_search_results_classified_classified_detail_L,Grand Lyon / Autre,Studio/T1,688.0,0,11.0,12,369.0,4,411.0,1,27.0,3,379.0,2,48.0,15,641.0,0,778.0,0,211.0,2,353.0,2,335.0,1,175.0,17,296.0,3,472.0,1,2257.0,0,529.0,0,298.0,2,601.0,0,1085.0,0
829,SeLoger,1120.0,64.3,17.42,Appartement,"3 pièce - 2 chambre - s, s, 64,3 m², étage",69008,Lyon,45.740153222196554,4.879194160261268,https://www.seloger.com/annonces/locations/appartement/lyon-69/260162909.htm?serp_view=list&search=distributionTypes%3DRent%26estateTypes%3DHouse%2CApartment%26locations%3DAD08FR28808&sort_order_ab_test=sort_order_variant#ln=classified_search_results&m=classified_search_results_classified_classified_detail_XL,Monplaisir / Bachut,T3,2860.0,0,783.0,0,270.0,2,2959.0,0,833.0,0,617.0,0,251.0,4,1863.0,0,379.0,5,411.0,1,550.0,0,1022.0,0,443.0,4,521.0,0,926.0,0,5367.0,0,2655.0,0,863.0,0,4830.0,0,1821.0,0
830,SeLoger,1620.0,100.0,16.2,Appartement,"4 pièce - 3 chambre - s, s, 100 m², Étage 3/3",69009,Lyon,45.78096139300129,4.8007150336769575,https://www.seloger.com/annonces/locations/appartement/lyon-69/259956853.htm?serp_view=list&search=distributionTypes%3DRent%26estateTypes%3DHouse%2CApartment%26locations%3DAD08FR28808&sort_order_ab_test=sort_order_variant#ln=classified_search_results&m=classified_search_results_classified_classified_detail_XL,Vaise / Valmy,Grand (T4+),2794.0,0,313.0,1,500.0,0,803.0,0,513.0,0,388.0,1,273.0,1,1390.0,0,1561.0,0,475.0,1,679.0,0,1196.0,0,354.0,3,662.0,0,49.0,1,4059.0,0,871.0,0,879.0,0,2749.0,0,1415.0,0
831,SeLoger,800.0,31.2,25.64,Appartement,"2 pièce - 1 chambre - s, , 31,2 m², étage",69007,Lyon,45.72787678372827,4.826899108090291,https://www.seloger.com/annonces/locations/appartement/lyon-69/260286599.htm?serp_view=list&search=distributionTypes%3DRent%26estateTypes%3DHouse%2CApartment%26locations%3DAD08FR28808&sort_order_ab_test=sort_order_variant#ln=classified_search_results&m=classified_search_results_classified_classified_detail_XL,Gerland,T2,3936.0,0,452.0,2,839.0,0,2797.0,0,327.0,1,577.0,0,386.0,3,485.0,1,2459.0,0,345.0,3,309.0,2,352.0,2,373.0,3,264.0,1,245.0,1,6636.0,0,1885.0,0,2786.0,0,4803.0,0,1889.0,0
832,SeLoger,1121.0,64.0,17.52,Appartement,"2 pièce - 1 chambre - s, , 64 m², étage",69008,Lyon,45.74136967983637,4.863746187058783,https://www.seloger.com/annonces/locations/appartement/lyon-8eme-69/transvaal/256158211.htm?serp_view=list&search=distributionTypes%3DRent%26estateTypes%3DHouse%2CApartment%26locations%3DAD08FR28808&sort_order_ab_test=sort_order_variant#ln=classified_search_results&m=classified_search_results_classified_classified_detail_XL,Monplaisir / Bachut,T2,2148.0,0,414.0,1,477.0,1,1930.0,0,474.0,1,467.0,1,314.0,4,1160.0,0,617.0,0,112.0,1,102.0,3,527.0,0,181.0,7,355.0,3,436.0,1,4899.0,0,1459.0,0,476.0,1,3971.0,0,650.0,0
833,SeLoger,1135.0,58.9,19.27,Appartement,"2 pièce - 1 chambre - s, , 58,9 m², étage",69003,Lyon,45.751649298815494,4.853503154326816,https://www.seloger.com/annonces/locations/appartement/lyon-3eme-69/montchat/256626577.htm?serp_view=list&search=distributionTypes%3DRent%26estateTypes%3DHouse%2CApartment%26locations%3DAD08FR28808&sort_order_ab_test=sort_order_variant#ln=classified_search_results&m=classified_search_results_classified_classified_detail_XL,Part-Dieu / Villette,T2,915.0,0,154.0,11,254.0,2,595.0,0,148.0,4,101.0,3,158.0,17,964.0,0,667.0,0,78.0,3,36.0,2,601.0,0,210.0,10,44.0,4,317.0,1,3682.0,0,700.0,0,1078.0,0,2580.0,0,1032.0,0
834,SeLoger,900.0,58.8,15.31,Appartement,"3 pièce - 2 chambre - s, s, 58,8 m², étage",69008,Lyon,45.73763983231747,4.866925492375181,https://www.seloger.com/annonces/locations/appartement/lyon-8eme-69/transvaal/253356197.htm?serp_view=list&search=distributionTypes%3DRent%26estateTypes%3DHouse%2CApartment%26locations%3DAD08FR28808&sort_order_ab_test=sort_order_variant#ln=classified_search_results&m=classified_search_results_classified_classified_detail_XL,Monplaisir / Bachut,T3,2620.0,0,115.0,3,643.0,0,2403.0,0,827.0,0,349.0,2,153.0,2,947.0,0,849.0,0,117.0,2,139.0,4,59.0,1,116.0,12,240.0,2,102.0,1,5353.0,0,1843.0,0,777.0,0,4454.0,0,870.0,0
835,SeLoger,870.0,45.0,19.33,Appartement,"2 pièce - 1 chambre - s, , 45 m², étage",69000,Lyon,45.77062471480153,4.845959334609954,https://www.seloger.com/annonces/locations/appartement/bron-69/260710787.htm?serp_view=list&search=distributionTypes%3DRent%26estateTypes%3DHouse%2CApartment%26locations%3DAD08FR28808&sort_order_ab_test=sort_order_variant#ln=classified_search_results&m=classified_search_results_classified_classified_detail_XL,Grand Lyon / Autre,T2,1013.0,0,284.0,9,448.0,2,464.0,1,141.0,12,129.0,5,164.0,8,775.0,0,818.0,0,116.0,2,535.0,0,1006.0,0,56.0,13,303.0,4,1645.0,0,1658.0,0,139.0,2,262.0,3,795.0,0,2470.0,0
836,SeLoger,2980.0,225.0,13.24,Appartement,"6 pièce - 4 chambre - s, s, 225 m², Étage 3/6",69007,Lyon,45.73763264126336,4.831552555973169,https://www.seloger.com/annonces/locations/appartement/lyon-7eme-69/la-guillotiere-sud/258924745.htm?serp_view=list&search=distributionTypes%3DRent%26estateTypes%3DHouse%2CApartment%26locations%3DAD08FR28808&sort_order_ab_test=sort_order_variant#ln=classified_search_results&m=classified_search_results_classified_classified_detail_XL,Guillotière / Jean Macé,Grand (T4+),2820.0,0,334.0,2,407.0,1,1698.0,0,850.0,0,574.0,0,121.0,8,968.0,0,1319.0,0,467.0,1,246.0,1,797.0,0,98.0,8,404.0,1,587.0,0,5492.0,0,763.0,0,1690.0,0,3697.0,0,981.0,0
837,SeLoger,2340.0,115.0,20.35,Appartement,"4 pièce - 3 chambre - s, s, 115 m², Étage 4/5",69006,Lyon,45.76816551597269,4.849715658337599,https://www.seloger.com/annonces/locations/appartement/lyon-6eme-69/258164067.htm?serp_view=list&search=distributionTypes%3DRent%26estateTypes%3DHouse%2CApartment%26locations%3DAD08FR28808&sort_order_ab_test=sort_order_variant#ln=classified_search_results&m=classified_search_results_classified_classified_detail_XL,Brotteaux / Foch,Grand (T4+),1030.0,0,105.0,14,80.0,2,400.0,1,108.0,12,206.0,4,246.0,8,777.0,0,561.0,0,202.0,5,246.0,2,1263.0,0,119.0,26,324.0,4,1543.0,0,1860.0,0,262.0,3,119.0,4,1137.0,0,2863.0,0
838,SeLoger,727.0,25.0,29.08,Appartement,"1 pièce - 25 m², étage",69002,Lyon,45.756102958222954,4.834163585047011,https://www.seloger.com/annonces/locations/appartement/lyon-69/259512773.htm?serp_view=list&search=distributionTypes%3DRent%26estateTypes%3DHouse%2CApartment%26locations%3DAD08FR28808&sort_order_ab_test=sort_order_variant#ln=classified_search_results&m=classified_search_results_classified_classified_detail_L,Bellecour / Cordeliers,Studio/T1,762.0,0,179.0,20,185.0,6,448.0,2,233.0,11,129.0,2,231.0,13,526.0,0,433.0,1,276.0,4,545.0,0,1043.0,0,76.0,8,119.0,3,1460.0,0,3498.0,0,661.0,0,377.0,2,1643.0,0,1701.0,0
839,SeLoger,1795.0,87.0,20.63,Appartement,"3 pièce - 2 chambre - s, s, 87 m², Étage 6/6",69002,Lyon,45.74106692138948,4.818271652099996,https://www.seloger.com/annonces/locations/appartement/lyon-2eme-69/260341315.htm?serp_view=list&search=distributionTypes%3DRent%26estateTypes%3DHouse%2CApartment%26locations%3DAD08FR28808&sort_order_ab_test=sort_order_variant#ln=classified_search_results&m=classified_search_results_classified_classified_detail_L,Confluence,T3,2715.0,0,200.0,6,106.0,1,1621.0,0,41.0,2,108.0,1,171.0,6,404.0,1,1590.0,0,178.0,4,166.0,1,1320.0,0,238.0,5,670.0,0,621.0,0,5546.0,0,1113.0,0,1612.0,0,3506.0,0,1971.0,0
840,SeLoger,1003.0,67.6,14.84,Appartement,"3 pièce - 2 chambre - s, s, 67,6 m², étage",69003,Lyon,45.748124371655614,4.877168130128625,https://www.seloger.com/annonces/locations/appartement/lyon-3eme-69/sans-souci-dauphine/255383861.htm?serp_view=list&search=distributionTypes%3DRent%26estateTypes%3DHouse%2CApartment%26locations%3DAD08FR28808&sort_order_ab_test=sort_order_variant#ln=classified_search_results&m=classified_search_results_classified_classified_detail_L,Montchat,T3,2131.0,0,280.0,2,248.0,1,2461.0,0,285.0,1,1180.0,0,56.0,6,2345.0,0,495.0,1,403.0,1,515.0,0,1466.0,0,201.0,9,591.0,0,795.0,0,4491.0,0,2463.0,0,709.0,0,4117.0,0,1839.0,0
841,SeLoger,716.0,15.0,47.73,Studio,"1 pièce - Studio - , 15 m², Étage 1/3",69000,Lyon,45.761337590843105,4.819714468665526,https://www.seloger.com/255288325/detail.htm?serp_view=list&search=distributionTypes%3DRent%26estateTypes%3DHouse%2CApartment%26locations%3DAD08FR28808%26page%3D2&sort_order_ab_test=sort_order_variant#ln=classified_search_results&m=classified_search_results_classified_classified_detail_L,Grand Lyon / Autre,Studio/T1,1072.0,0,497.0,1,583.0,0,1149.0,0,545.0,0,583.0,0,281.0,3,764.0,0,598.0,0,759.0,0,570.0,0,492.0,1,73.0,6,550.0,0,1313.0,0,3654.0,0,759.0,0,950.0,0,1481.0,0,467.0,1
842,SeLoger,1696.0,112.0,15.14,Appartement,"3 pièce - 2 chambre - s, s, 112 m², Étage 6/7",69004,Lyon,45.779955400777965,4.822623747320757,https://www.seloger.com/annonces/locations/appartement/lyon-69/260819459.htm?serp_view=list&search=distributionTypes%3DRent%26estateTypes%3DHouse%2CApartment%26locations%3DAD08FR28808%26page%3D2&sort_order_ab_test=sort_order_variant#ln=classified_search_results&m=classified_search_results_classified_classified_detail_L,Croix-Rousse Plateau,T3,1390.0,0,685.0,0,759.0,0,816.0,0,685.0,0,405.0,1,236.0,8,1320.0,0,249.0,1,761.0,0,667.0,0,126.0,1,53.0,11,676.0,0,368.0,4,2398.0,0,761.0,0,842.0,0,1296.0,0,391.0,2
843,SeLoger,1050.0,47.9,21.92,Appartement,"2 pièce - 1 chambre - s, , 47,9 m², étage",69008,Lyon,45.73427291350771,4.857054973546739,https://www.seloger.com/annonces/locations/appartement/lyon-8eme-69/monplaisir-le-bachut/254976785.htm?serp_view=list&search=distributionTypes%3DRent%26estateTypes%3DHouse%2CApartment%26locations%3DAD08FR28808%26page%3D2&sort_order_ab_test=sort_order_variant#ln=classified_search_results&m=classified_search_results_classified_classified_detail_L,Monplaisir / Bachut,T2,2839.0,0,521.0,0,372.0,2,2331.0,0,1418.0,0,310.0,1,170.0,7,365.0,1,718.0,0,837.0,0,297.0,1,817.0,0,194.0,6,302.0,2,936.0,0,5623.0,0,1492.0,0,1412.0,0,4434.0,0,437.0,1
844,SeLoger,1294.0,64.1,20.19,Appartement,"2 pièce - 1 chambre - s, , 64,1 m², RDC/5",69001,Lyon,45.77012324282087,4.823983101360183,https://www.seloger.com/annonces/locations/appartement/lyon-1er-69/croix-paquet/258334541.htm?serp_view=list&search=distributionTypes%3DRent%26estateTypes%3DHouse%2CApartment%26locations%3DAD08FR28808%26page%3D2&sort_order_ab_test=sort_order_variant#ln=classified_search_results&m=classified_search_results_classified_classified_detail_L,Pentes Croix-Rousse,T2,697.0,0,108.0,20,490.0,1,672.0,0,504.0,0,323.0,7,116.0,9,372.0,1,1322.0,0,322.0,2,414.0,2,904.0,0,48.0,19,399.0,2,734.0,0,2763.0,0,322.0,1,805.0,0,709.0,0,1239.0,0
845,SeLoger,1070.0,49.3,21.7,Appartement,"2 pièce - Duplex s, 49,3 m², Étage 2/3",69005,Lyon,45.764020594689114,4.805556945593741,https://www.seloger.com/annonces/locations/appartement/lyon-5eme-69/vieux-lyon/257217325.htm?serp_view=list&search=distributionTypes%3DRent%26estateTypes%3DHouse%2CApartment%26locations%3DAD08FR28808%26page%3D2&sort_order_ab_test=sort_order_variant#ln=classified_search_results&m=classified_search_results_classified_classified_detail_L,Point du Jour / St Just,T2,2062.0,0,496.0,1,632.0,0,1146.0,0,1148.0,0,929.0,0,420.0,2,900.0,0,583.0,0,119.0,1,1099.0,0,985.0,0,406.0,2,620.0,0,280.0,1,4327.0,0,1024.0,0,1162.0,0,2265.0,0,480.0,1
846,SeLoger,1350.0,59.0,22.88,Appartement,"2 pièce - 1 chambre - s, , 59 m², Étage 2/6",69002,Lyon,45.756723414173656,4.834689962269727,https://www.seloger.com/annonces/locations/appartement/lyon-2eme-69/bellecour-ainay/257214893.htm?serp_view=list&search=distributionTypes%3DRent%26estateTypes%3DHouse%2CApartment%26locations%3DAD08FR28808%26page%3D2&sort_order_ab_test=sort_order_variant#ln=classified_search_results&m=classified_search_results_classified_classified_detail_L,Bellecour / Cordeliers,T2,696.0,0,104.0,23,105.0,5,527.0,0,236.0,13,133.0,4,303.0,13,448.0,2,433.0,2,203.0,4,515.0,0,1104.0,0,15.0,5,119.0,4,1430.0,0,3418.0,0,737.0,0,448.0,2,1577.0,0,1716.0,0
847,SeLoger,1200.0,38.9,30.85,Appartement,"2 pièce - 1 chambre - s, , 38,9 m², étage",69002,Lyon,45.758590905873334,4.835036536484783,https://www.seloger.com/annonces/locations/appartement/lyon-69/255412661.htm?serp_view=list&search=distributionTypes%3DRent%26estateTypes%3DHouse%2CApartment%26locations%3DAD08FR28808%26page%3D2&sort_order_ab_test=sort_order_variant#ln=classified_search_results&m=classified_search_results_classified_classified_detail_L,Bellecour / Cordeliers,T2,494.0,1,53.0,36,83.0,4,718.0,0,79.0,15,242.0,4,261.0,12,244.0,3,421.0,2,19.0,5,353.0,1,1229.0,0,209.0,4,235.0,4,1455.0,0,3218.0,0,786.0,0,277.0,2,1373.0,0,1689.0,0
848,SeLoger,1100.0,70.0,15.71,Appartement,"3 pièce - 2 chambre - s, s, 70 m², étage",69009,Lyon,45.782937121028525,4.814656030802616,https://www.seloger.com/259299001/detail.htm?serp_view=list&search=distributionTypes%3DRent%26estateTypes%3DHouse%2CApartment%26locations%3DAD08FR28808%26page%3D2&sort_order_ab_test=sort_order_variant#ln=classified_search_results&m=classified_search_results_classified_classified_detail_L,Vaise / Valmy,T3,2041.0,0,611.0,0,663.0,0,1101.0,0,645.0,0,715.0,0,241.0,2,1353.0,0,494.0,1,796.0,0,453.0,1,522.0,0,350.0,2,758.0,0,329.0,1,2962.0,0,1101.0,0,1115.0,0,1960.0,0,333.0,3
849,SeLoger,1340.0,45.0,29.78,Appartement,"2 pièce - 1 chambre - s, , 45 m², Étage 4/6",69002,Lyon,45.7483589642712,4.824773218601998,https://www.seloger.com/annonces/locations/appartement/lyon-2eme-69/bellecour-ainay/184010975.htm?serp_view=list&search=distributionTypes%3DRent%26estateTypes%3DHouse%2CApartment%26locations%3DAD08FR28808%26page%3D2&sort_order_ab_test=sort_order_variant#ln=classified_search_results&m=classified_search_results_classified_classified_detail_L,Confluence,T2,1767.0,0,136.0,10,286.0,2,666.0,0,417.0,1,684.0,0,214.0,7,318.0,1,807.0,0,425.0,2,164.0,3,541.0,0,94.0,5,159.0,2,1244.0,0,4593.0,0,425.0,2,662.0,0,2583.0,0,1705.0,0
850,SeLoger,499.0,14.4,34.65,Appartement,"14,4 m², étage",69003,Lyon,45.75276252124763,4.89196652469914,https://www.seloger.com/annonces/locations/appartement/lyon-3eme-69/part-dieu/258788203.htm?serp_view=list&search=distributionTypes%3DRent%26estateTypes%3DHouse%2CApartment%26locations%3DAD08FR28808%26page%3D2&sort_order_ab_test=sort_order_variant#ln=classified_search_results&m=classified_search_results_classified_classified_detail_L,Montchat,Studio/T1,2945.0,0,65.0,2,572.0,0,3220.0,0,544.0,0,81.0,2,275.0,4,2925.0,0,1139.0,0,183.0,2,1708.0,0,2617.0,0,279.0,4,102.0,3,2032.0,0,4680.0,0,3229.0,0,1957.0,0,4822.0,0,3096.0,0
851,SeLoger,1990.0,88.0,22.61,Appartement,"3 pièce - 2 chambre - s, s, 88 m², étage",69006,Lyon,45.76397017744303,4.846831598086035,https://www.seloger.com/annonces/locations/appartement/lyon-69/253237649.htm?serp_view=list&search=distributionTypes%3DRent%26estateTypes%3DHouse%2CApartment%26locations%3DAD08FR28808%26page%3D2&sort_order_ab_test=sort_order_variant#ln=classified_search_results&m=classified_search_results_classified_classified_detail_L,Brotteaux / Foch,T3,809.0,0,171.0,13,318.0,2,52.0,5,84.0,6,134.0,10,100.0,8,895.0,0,795.0,0,107.0,10,279.0,2,869.0,0,131.0,18,64.0,8,1155.0,0,2357.0,0,212.0,3,397.0,1,1182.0,0,2477.0,0
852,SeLoger,1260.0,54.0,23.33,Appartement,"3 pièce - 2 chambre - s, s, 54 m², Étage 4/6",69007,Lyon,45.75098876342547,4.851015612624927,https://www.seloger.com/annonces/locations/appartement/lyon-69/260728769.htm?serp_view=list&search=distributionTypes%3DRent%26estateTypes%3DHouse%2CApartment%26locations%3DAD08FR28808%26page%3D2&sort_order_ab_test=sort_order_variant#ln=classified_search_results&m=classified_search_results_classified_classified_detail_L,Guillotière / Jean Macé,T3,1033.0,0,171.0,19,215.0,4,475.0,1,259.0,5,221.0,5,211.0,15,757.0,0,516.0,0,138.0,4,199.0,2,656.0,0,166.0,10,169.0,5,411.0,1,3757.0,0,510.0,0,1188.0,0,2547.0,0,1000.0,0
853,SeLoger,1233.0,55.4,22.26,Appartement,"2 pièce - 1 chambre - s, , 55,4 m², étage",69006,Lyon,45.76578566752412,4.841962363708343,https://www.seloger.com/annonces/locations/appartement/lyon-6eme-69/258240007.htm?serp_view=list&search=distributionTypes%3DRent%26estateTypes%3DHouse%2CApartment%26locations%3DAD08FR28808%26page%3D2&sort_order_ab_test=sort_order_variant#ln=classified_search_results&m=classified_search_results_classified_classified_detail_L,Brotteaux / Foch,T2,708.0,0,109.0,20,266.0,3,260.0,4,164.0,7,180.0,10,64.0,12,543.0,0,965.0,0,9.0,10,181.0,1,1177.0,0,142.0,14,179.0,8,1515.0,0,2270.0,0,174.0,2,208.0,1,777.0,0,2241.0,0
854,SeLoger,613.0,37.0,16.57,Appartement,"1 pièce - 37 m², étage, dès le 07/03/2026",69008,Lyon,45.73001339560825,4.877753022272891,https://www.seloger.com/annonces/locations/appartement/lyon-69/260896801.htm?serp_view=list&search=distributionTypes%3DRent%26estateTypes%3DHouse%2CApartment%26locations%3DAD08FR28808%26page%3D2&sort_order_ab_test=sort_order_variant#ln=classified_search_results&m=classified_search_results_classified_classified_detail_L,Monplaisir / Bachut,Studio/T1,3738.0,0,511.0,0,585.0,0,3595.0,0,1880.0,0,674.0,0,119.0,10,1473.0,0,445.0,1,387.0,1,353.0,3,1163.0,0,321.0,8,414.0,1,1230.0,0,6388.0,0,3000.0,0,1707.0,0,5627.0,0,1931.0,0
855,SeLoger,550.0,15.3,35.95,Studio,"1 pièce - Studio , 15,3 m², RDC",69008,Lyon,45.73062082855478,4.864848599168813,https://www.seloger.com/annonces/locations/appartement/lyon-3eme-69/montchat/255080119.htm?serp_view=list&search=distributionTypes%3DRent%26estateTypes%3DHouse%2CApartment%26locations%3DAD08FR28808%26page%3D2&sort_order_ab_test=sort_order_variant#ln=classified_search_results&m=classified_search_results_classified_classified_detail_L,Monplaisir / Bachut,Studio/T1,3324.0,0,367.0,1,168.0,2,2954.0,0,1614.0,0,762.0,0,62.0,6,470.0,1,973.0,0,655.0,0,465.0,1,738.0,0,276.0,5,246.0,1,896.0,0,6092.0,0,2191.0,0,1573.0,0,5053.0,0,1091.0,0
856,SeLoger,630.0,15.0,42.0,Studio,"1 pièce - Studio , 15 m², étage, disponible dès maintenant",69007,Lyon,45.74782251805114,4.850882571934524,https://www.seloger.com/254427597/detail.htm?serp_view=list&search=distributionTypes%3DRent%26estateTypes%3DHouse%2CApartment%26locations%3DAD08FR28808%26page%3D2&sort_order_ab_test=sort_order_variant#ln=classified_search_results&m=classified_search_results_classified_classified_detail_L,Guillotière / Jean Macé,Studio/T1,1374.0,0,239.0,13,228.0,3,756.0,0,313.0,1,330.0,2,83.0,6,690.0,0,605.0,0,162.0,3,357.0,2,579.0,0,135.0,11,351.0,4,754.0,0,4109.0,0,501.0,0,1192.0,0,2859.0,0,678.0,0
857,SeLoger,780.0,24.0,32.5,Appartement,"2 pièce - 1 chambre - s, , 24 m², RDC",69007,Lyon,45.73769139689724,4.837007726825668,https://www.seloger.com/annonces/locations/appartement/lyon-69/260606201.htm?serp_view=list&search=distributionTypes%3DRent%26estateTypes%3DHouse%2CApartment%26locations%3DAD08FR28808%26page%3D2&sort_order_ab_test=sort_order_variant#ln=classified_search_results&m=classified_search_results_classified_classified_detail_L,Guillotière / Jean Macé,T2,2819.0,0,286.0,4,235.0,1,1760.0,0,1018.0,0,346.0,2,19.0,9,981.0,0,1221.0,0,388.0,3,213.0,1,983.0,0,147.0,8,217.0,1,361.0,2,5374.0,0,859.0,0,1757.0,0,3701.0,0,586.0,0
858,SeLoger,727.0,38.8,18.74,Appartement,"2 pièce - 1 chambre - Duplex s, , 38,8 m², RDC",69000,Lyon,45.759649301990194,4.826977413949623,https://www.seloger.com/annonces/locations/appartement/villeurbanne-69/260196687.htm?serp_view=list&search=distributionTypes%3DRent%26estateTypes%3DHouse%2CApartment%26locations%3DAD08FR28808%26page%3D2&sort_order_ab_test=sort_order_variant#ln=classified_search_results&m=classified_search_results_classified_classified_detail_XL,Grand Lyon / Autre,T2,643.0,0,32.0,39,223.0,2,712.0,0,171.0,16,268.0,1,172.0,17,417.0,3,250.0,2,250.0,3,32.0,1,876.0,0,138.0,8,31.0,3,1895.0,0,3434.0,0,830.0,0,423.0,2,1333.0,0,1053.0,0
859,SeLoger,550.0,16.0,34.38,Appartement,"1 pièce - 16 m², Étage 6/6",69003,Lyon,45.74814229235853,4.86429906220208,https://www.seloger.com/annonces/locations/appartement/lyon-69/260728815.htm?serp_view=list&search=distributionTypes%3DRent%26estateTypes%3DHouse%2CApartment%26locations%3DAD08FR28808%26page%3D2&sort_order_ab_test=sort_order_variant#ln=classified_search_results&m=classified_search_results_classified_classified_detail_L,Part-Dieu / Villette,Studio/T1,1468.0,0,197.0,4,404.0,2,1519.0,0,391.0,1,250.0,1,188.0,5,1451.0,0,1038.0,0,592.0,0,229.0,1,1241.0,0,104.0,11,246.0,3,232.0,1,4168.0,0,1480.0,0,328.0,1,3394.0,0,967.0,0
860,SeLoger,1795.0,109.9,16.33,Appartement,"3 pièce - 2 chambre - s, s, 109,9 m², Étage 1/4",69002,Lyon,45.74616051446427,4.826967061181408,https://www.seloger.com/annonces/locations/appartement/lyon-2eme-69/cordeliers-celestins-bourse/256805137.htm?serp_view=list&search=distributionTypes%3DRent%26estateTypes%3DHouse%2CApartment%26locations%3DAD08FR28808%26page%3D2&sort_order_ab_test=sort_order_variant#ln=classified_search_results&m=classified_search_results_classified_classified_detail_L,Confluence,T3,1940.0,0,193.0,5,480.0,1,802.0,0,492.0,1,788.0,0,252.0,3,270.0,1,717.0,0,415.0,2,302.0,1,837.0,0,290.0,5,193.0,2,1024.0,0,4735.0,0,415.0,1,787.0,0,2787.0,0,1453.0,0
861,SeLoger,795.0,15.0,53.0,Studio,"1 pièce - Studio , 15 m², étage",69002,Lyon,45.75284318197936,4.825213612122038,https://www.seloger.com/annonces/locations/appartement/lyon-2eme-69/bellecour-ainay/255447805.htm?serp_view=list&search=distributionTypes%3DRent%26estateTypes%3DHouse%2CApartment%26locations%3DAD08FR28808%26page%3D2&sort_order_ab_test=sort_order_variant#ln=classified_search_results&m=classified_search_results_classified_classified_detail_L,Ainay,Studio/T1,1306.0,0,189.0,13,262.0,3,324.0,2,147.0,5,203.0,2,181.0,5,468.0,1,445.0,1,113.0,6,217.0,2,278.0,1,90.0,14,194.0,4,1743.0,0,4143.0,0,208.0,2,406.0,2,2094.0,0,1321.0,0
862,SeLoger,610.0,15.0,40.67,Studio,"1 pièce - Studio , 15 m², étage",69007,Lyon,45.741732215046525,4.852390054944067,https://www.seloger.com/annonces/locations/appartement/lyon-7eme-69/la-guillotiere-sud/254673593.htm?serp_view=list&search=distributionTypes%3DRent%26estateTypes%3DHouse%2CApartment%26locations%3DAD08FR28808%26page%3D2&sort_order_ab_test=sort_order_variant#ln=classified_search_results&m=classified_search_results_classified_classified_detail_L,Guillotière / Jean Macé,Studio/T1,2019.0,0,678.0,0,489.0,1,1428.0,0,931.0,0,626.0,0,287.0,2,295.0,1,31.0,8,527.0,0,115.0,2,704.0,0,185.0,2,178.0,1,1229.0,0,4784.0,0,640.0,0,1121.0,0,3529.0,0,211.0,3
863,SeLoger,770.0,15.0,51.33,Studio,"1 pièce - Studio , 15 m², étage",69002,Lyon,45.761321810361856,4.837274651659492,https://www.seloger.com/254673587/detail.htm?serp_view=list&search=distributionTypes%3DRent%26estateTypes%3DHouse%2CApartment%26locations%3DAD08FR28808%26page%3D2&sort_order_ab_test=sort_order_variant#ln=classified_search_results&m=classified_search_results_classified_classified_detail_L,Bellecour / Cordeliers,Studio/T1,325.0,1,94.0,50,190.0,5,489.0,1,141.0,19,41.0,7,387.0,1,108.0,3,543.0,0,53.0,6,192.0,1,1211.0,0,391.0,3,153.0,4,1428.0,0,2870.0,0,531.0,0,332.0,3,1110.0,0,1829.0,0
864,SeLoger,705.0,15.0,47.0,Studio,"1 pièce - Studio , 15 m², étage",69003,Lyon,45.757794013386174,4.847515903380824,https://www.seloger.com/annonces/locations/appartement/lyon-3eme-69/part-dieu/252683685.htm?serp_view=list&search=distributionTypes%3DRent%26estateTypes%3DHouse%2CApartment%26locations%3DAD08FR28808%26page%3D2&sort_order_ab_test=sort_order_variant#ln=classified_search_results&m=classified_search_results_classified_classified_detail_L,Préfecture / Quais,Studio/T1,647.0,0,227.0,12,419.0,2,437.0,1,377.0,3,54.0,8,202.0,8,918.0,0,309.0,1,62.0,4,157.0,3,328.0,1,89.0,13,193.0,3,554.0,0,3026.0,0,62.0,1,703.0,0,1755.0,0,1804.0,0
865,SeLoger,1268.0,104.0,12.19,Appartement,"4 pièce - 3 chambre - s, s, 104 m², étage",69009,Lyon,45.76265446380998,4.805583426569198,https://www.seloger.com/annonces/locations/appartement/lyon-69/257329561.htm?serp_view=list&search=distributionTypes%3DRent%26estateTypes%3DHouse%2CApartment%26locations%3DAD08FR28808%26page%3D2&sort_order_ab_test=sort_order_variant#ln=classified_search_results&m=classified_search_results_classified_classified_detail_L,Vaise / Valmy,Grand (T4+),2080.0,0,588.0,0,617.0,0,1296.0,0,1189.0,0,793.0,0,487.0,2,1032.0,0,520.0,0,132.0,1,989.0,0,891.0,0,427.0,1,564.0,0,215.0,1,4408.0,0,1176.0,0,1313.0,0,2319.0,0,444.0,1
866,SeLoger,594.0,12.0,49.5,Appartement,"1 pièce - 12 m², Étage 6/6",69007,Lyon,45.74157088564111,4.851010088814088,https://www.seloger.com/annonces/locations/appartement/lyon-69/260728761.htm?serp_view=list&search=distributionTypes%3DRent%26estateTypes%3DHouse%2CApartment%26locations%3DAD08FR28808%26page%3D3&sort_order_ab_test=sort_order_variant#ln=classified_search_results&m=classified_search_results_classified_classified_detail_L,Guillotière / Jean Macé,Studio/T1,2052.0,0,610.0,0,487.0,1,1416.0,0,910.0,0,562.0,0,364.0,3,189.0,1,92.0,8,533.0,0,51.0,2,625.0,0,95.0,2,280.0,1,1176.0,0,4804.0,0,569.0,0,1227.0,0,3508.0,0,318.0,2
867,SeLoger,2915.0,239.2,12.19,Appartement,"7 pièce - 4 chambre - s, s, 239,2 m², étage",69003,Lyon,45.75371483750858,4.879852912250287,https://www.seloger.com/annonces/locations/appartement/lyon-3eme-69/part-dieu/243909769.htm?serp_view=list&search=distributionTypes%3DRent%26estateTypes%3DHouse%2CApartment%26locations%3DAD08FR28808%26page%3D3&sort_order_ab_test=sort_order_variant#ln=classified_search_results&m=classified_search_results_classified_classified_detail_L,Montchat,Grand (T4+),2016.0,0,383.0,3,389.0,1,2369.0,0,397.0,1,950.0,0,272.0,6,2105.0,0,1127.0,0,707.0,0,1006.0,0,2106.0,0,220.0,7,628.0,0,1229.0,0,4041.0,0,2350.0,0,1302.0,0,3939.0,0,2307.0,0
868,SeLoger,1350.0,18.0,75.0,Appartement,"1 pièce - 18 m², étage",69002,Lyon,45.74633268503101,4.81926638784218,https://www.seloger.com/annonces/locations/appartement/lyon-2eme-69/258812693.htm?serp_view=list&search=distributionTypes%3DRent%26estateTypes%3DHouse%2CApartment%26locations%3DAD08FR28808%26page%3D3&sort_order_ab_test=sort_order_variant#ln=classified_search_results&m=classified_search_results_classified_classified_detail_L,Confluence,Studio/T1,2164.0,0,228.0,7,495.0,1,1110.0,0,611.0,0,487.0,1,104.0,7,773.0,0,1249.0,0,176.0,2,336.0,1,732.0,0,183.0,6,318.0,2,1082.0,0,5001.0,0,907.0,0,1128.0,0,2930.0,0,1752.0,0
869,SeLoger,565.0,15.0,37.67,Studio,"1 pièce - Studio , 15 m², étage",69007,Lyon,45.72747956287515,4.832196040442187,https://www.seloger.com/255447831/detail.htm?serp_view=list&search=distributionTypes%3DRent%26estateTypes%3DHouse%2CApartment%26locations%3DAD08FR28808%26page%3D3&sort_order_ab_test=sort_order_variant#ln=classified_search_results&m=classified_search_results_classified_classified_detail_L,Gerland,Studio/T1,3946.0,0,282.0,2,449.0,1,2828.0,0,353.0,1,593.0,0,203.0,3,830.0,0,2221.0,0,101.0,1,313.0,2,412.0,2,150.0,3,307.0,2,277.0,1,6566.0,0,1892.0,0,2820.0,0,4824.0,0,1671.0,0
870,SeLoger,940.0,20.3,46.31,Appartement,"2 pièce - 1 chambre - s, , 20,3 m², étage",69009,Lyon,45.76676463695592,4.80590953751949,https://www.seloger.com/annonces/locations/appartement/lyon-69/260620443.htm?serp_view=list&search=distributionTypes%3DRent%26estateTypes%3DHouse%2CApartment%26locations%3DAD08FR28808%26page%3D3&sort_order_ab_test=sort_order_variant#ln=classified_search_results&m=classified_search_results_classified_classified_detail_XL,Vaise / Valmy,T2,2030.0,0,203.0,2,622.0,0,840.0,0,889.0,0,858.0,0,122.0,4,638.0,0,767.0,0,376.0,2,891.0,0,1189.0,0,224.0,5,785.0,0,546.0,0,4148.0,0,718.0,0,855.0,0,2155.0,0,641.0,0
871,SeLoger,741.0,39.4,18.81,Appartement,"2 pièce - 1 chambre - s, , 39,4 m², RDC/6",69006,Lyon,45.76741352267742,4.841412701371528,https://www.seloger.com/annonces/locations/appartement/lyon-69/260548821.htm?serp_view=list&search=distributionTypes%3DRent%26estateTypes%3DHouse%2CApartment%26locations%3DAD08FR28808%26page%3D3&sort_order_ab_test=sort_order_variant#ln=classified_search_results&m=classified_search_results_classified_classified_detail_XL,Brotteaux / Foch,T2,705.0,0,119.0,28,315.0,3,308.0,3,80.0,7,225.0,10,120.0,11,445.0,2,1143.0,0,195.0,9,290.0,1,999.0,0,121.0,16,121.0,8,1627.0,0,2120.0,0,181.0,1,211.0,2,614.0,0,2245.0,0
872,SeLoger,403.0,22.0,18.32,Appartement,"1 pièce - 22 m², RDC/1",69008,Lyon,45.73025731368384,4.860384186141622,https://www.seloger.com/annonces/locations/appartement/lyon-69/260833659.htm?serp_view=list&search=distributionTypes%3DRent%26estateTypes%3DHouse%2CApartment%26locations%3DAD08FR28808%26page%3D3&sort_order_ab_test=sort_order_variant#ln=classified_search_results&m=classified_search_results_classified_classified_detail_XL,Monplaisir / Bachut,Studio/T1,3305.0,0,475.0,1,145.0,2,2841.0,0,1721.0,0,792.0,0,214.0,5,161.0,1,1213.0,0,1004.0,0,222.0,1,910.0,0,222.0,4,449.0,1,1067.0,0,6089.0,0,2006.0,0,1728.0,0,4945.0,0,943.0,0
873,SeLoger,1590.0,97.5,16.31,Appartement,"3 pièce - 2 chambre - s, s, 97,5 m², Étage 3/3",69005,Lyon,45.760416633600954,4.8074240428136905,https://www.seloger.com/annonces/locations/appartement/lyon-69/260548823.htm?serp_view=list&search=distributionTypes%3DRent%26estateTypes%3DHouse%2CApartment%26locations%3DAD08FR28808%26page%3D3&sort_order_ab_test=sort_order_variant#ln=classified_search_results&m=classified_search_results_classified_classified_detail_XL,Point du Jour / St Just,T3,1998.0,0,779.0,0,555.0,0,1537.0,0,1176.0,0,506.0,0,572.0,0,1182.0,0,370.0,1,340.0,1,721.0,0,648.0,0,384.0,3,419.0,1,414.0,1,4438.0,0,1422.0,0,1557.0,0,2303.0,0,371.0,1
874,SeLoger,710.0,32.0,22.19,Appartement,"1 pièce - 32 m², Étage 2/6",69007,Lyon,45.73785195245392,4.830060670461268,https://www.seloger.com/annonces/locations/appartement/lyon-69/260756471.htm?serp_view=list&search=distributionTypes%3DRent%26estateTypes%3DHouse%2CApartment%26locations%3DAD08FR28808%26page%3D3&sort_order_ab_test=sort_order_variant#ln=classified_search_results&m=classified_search_results_classified_classified_detail_XL,Guillotière / Jean Macé,Studio/T1,2806.0,0,227.0,1,519.0,0,1673.0,0,776.0,0,585.0,0,234.0,6,912.0,0,1325.0,0,553.0,0,155.0,1,805.0,0,216.0,10,518.0,0,474.0,1,5505.0,0,750.0,0,1664.0,0,3678.0,0,1086.0,0
875,SeLoger,1355.0,85.5,15.85,Appartement,"4 pièce - 3 chambre - s, s, 85,5 m², RDC/1",69005,Lyon,45.758226329199665,4.810863441675787,https://www.seloger.com/annonces/locations/appartement/lyon-69/260756337.htm?serp_view=list&search=distributionTypes%3DRent%26estateTypes%3DHouse%2CApartment%26locations%3DAD08FR28808%26page%3D3&sort_order_ab_test=sort_order_variant#ln=classified_search_results&m=classified_search_results_classified_classified_detail_XL,Point du Jour / St Just,Grand (T4+),1841.0,0,440.0,1,370.0,1,1525.0,0,1146.0,0,202.0,2,376.0,2,822.0,0,357.0,1,457.0,1,365.0,1,335.0,2,109.0,7,380.0,2,772.0,0,4389.0,0,1463.0,0,1537.0,0,2222.0,0,435.0,2
876,SeLoger,816.0,41.0,19.9,Appartement,"2 pièce - s, 41 m², Étage 3/4",69004,Lyon,45.77958381558571,4.838282130533478,https://www.seloger.com/annonces/locations/appartement/lyon-69/260509035.htm?serp_view=list&search=distributionTypes%3DRent%26estateTypes%3DHouse%2CApartment%26locations%3DAD08FR28808%26page%3D3&sort_order_ab_test=sort_order_variant#ln=classified_search_results&m=classified_search_results_classified_classified_detail_XL,Croix-Rousse Plateau,T2,1169.0,0,186.0,9,213.0,2,434.0,1,627.0,0,490.0,1,93.0,10,920.0,0,470.0,9,57.0,6,457.0,1,156.0,3,107.0,5,431.0,1,775.0,0,1262.0,0,347.0,3,559.0,0,945.0,0,1528.0,0
877,SeLoger,722.0,36.8,19.62,Appartement,"2 pièce - 1 chambre - s, , 36,8 m², Étage 3/1",69004,Lyon,45.778491752324385,4.823988641000435,https://www.seloger.com/annonces/locations/appartement/lyon-69/260833971.htm?serp_view=list&search=distributionTypes%3DRent%26estateTypes%3DHouse%2CApartment%26locations%3DAD08FR28808%26page%3D3&sort_order_ab_test=sort_order_variant#ln=classified_search_results&m=classified_search_results_classified_classified_detail_XL,Croix-Rousse Plateau,T2,1196.0,0,520.0,0,655.0,0,655.0,0,491.0,1,314.0,3,95.0,7,1149.0,0,443.0,1,642.0,0,508.0,0,220.0,1,222.0,14,507.0,0,321.0,4,2338.0,0,690.0,0,669.0,0,1103.0,0,581.0,0
878,SeLoger,866.0,56.0,15.46,Appartement,"3 pièce - 2 chambre - s, s, 56 m², étage",69009,Lyon,45.763082230695645,4.798114599049936,https://www.seloger.com/annonces/locations/appartement/lyon-9eme-69/gorge-du-loup-champvert/247371323.htm?serp_view=list&search=distributionTypes%3DRent%26estateTypes%3DHouse%2CApartment%26locations%3DAD08FR28808%26page%3D3&sort_order_ab_test=sort_order_variant#ln=classified_search_results&m=classified_search_results_classified_classified_detail_XL,Vaise / Valmy,T3,2647.0,0,28.0,1,55.0,1,1437.0,0,1458.0,0,1216.0,0,178.0,5,1359.0,0,51.0,1,679.0,0,1437.0,0,1429.0,0,243.0,6,689.0,0,377.0,1,4876.0,0,1310.0,0,1439.0,0,2846.0,0,1025.0,0
879,SeLoger,1068.0,73.0,14.63,Appartement,"3 pièce - 2 chambre - s, s, 73 m², Étage 8/8",69007,Lyon,45.74380535956084,4.8474143497711,https://www.seloger.com/annonces/locations/appartement/lyon-69/260570121.htm?serp_view=list&search=distributionTypes%3DRent%26estateTypes%3DHouse%2CApartment%26locations%3DAD08FR28808%26page%3D3&sort_order_ab_test=sort_order_variant#ln=classified_search_results&m=classified_search_results_classified_classified_detail_L,Guillotière / Jean Macé,T3,1880.0,0,238.0,2,516.0,0,1126.0,0,621.0,0,196.0,1,144.0,2,350.0,1,336.0,2,196.0,3,173.0,2,254.0,1,273.0,4,623.0,0,1177.0,0,4572.0,0,196.0,1,1441.0,0,3185.0,0,496.0,1
880,SeLoger,1900.0,121.0,15.7,Appartement,"5 pièce - 3 chambre - s, s, 121 m², Étage 1/6",69005,Lyon,45.76286972744613,4.819582382760476,https://www.seloger.com/annonces/locations/appartement/lyon-5eme-69/fourviere-saint-just/258918601.htm?serp_view=list&search=distributionTypes%3DRent%26estateTypes%3DHouse%2CApartment%26locations%3DAD08FR28808%26page%3D3&sort_order_ab_test=sort_order_variant#ln=classified_search_results&m=classified_search_results_classified_classified_detail_L,Vieux Lyon,Grand (T4+),1016.0,0,390.0,2,711.0,0,1086.0,0,387.0,1,631.0,0,281.0,3,729.0,0,612.0,0,623.0,0,658.0,0,617.0,0,163.0,3,563.0,0,1299.0,0,3542.0,0,623.0,0,977.0,0,1372.0,0,478.0,1
881,SeLoger,1300.0,76.2,17.06,Appartement,"3 pièce - 2 chambre - s, s, 76,2 m², Étage 1/5",69004,Lyon,45.77295715139499,4.8226035834582,https://www.seloger.com/annonces/locations/appartement/lyon-69/253290669.htm?serp_view=list&search=distributionTypes%3DRent%26estateTypes%3DHouse%2CApartment%26locations%3DAD08FR28808%26page%3D3&sort_order_ab_test=sort_order_variant#ln=classified_search_results&m=classified_search_results_classified_classified_detail_L,Croix-Rousse Plateau,T3,879.0,0,70.0,6,722.0,0,836.0,0,405.0,1,654.0,0,123.0,8,700.0,0,994.0,0,625.0,0,118.0,1,705.0,0,60.0,18,77.0,2,401.0,2,2682.0,0,652.0,0,720.0,0,844.0,0,1078.0,0
882,SeLoger,1332.0,73.0,18.25,Appartement,"3 pièce - 2 chambre - s, s, 73 m², Étage 5/5",69006,Lyon,45.77013069344144,4.855071080818743,https://www.seloger.com/annonces/locations/appartement/lyon-69/259858621.htm?serp_view=list&search=distributionTypes%3DRent%26estateTypes%3DHouse%2CApartment%26locations%3DAD08FR28808%26page%3D3&sort_order_ab_test=sort_order_variant#ln=classified_search_results&m=classified_search_results_classified_classified_detail_L,Brotteaux / Foch,T3,1152.0,0,126.0,15,138.0,2,159.0,2,122.0,8,587.0,0,257.0,4,435.0,1,109.0,1,292.0,5,224.0,2,1499.0,0,97.0,14,148.0,2,1751.0,0,1636.0,0,585.0,0,169.0,2,1504.0,0,3081.0,0
883,SeLoger,895.0,47.1,19.0,Appartement,"2 pièce - 1 chambre - s, , 47,1 m², RDC",69007,Lyon,45.74569334219641,4.837957554078874,https://www.seloger.com/258011349/detail.htm?serp_view=list&search=distributionTypes%3DRent%26estateTypes%3DHouse%2CApartment%26locations%3DAD08FR28808%26page%3D3&sort_order_ab_test=sort_order_variant#ln=classified_search_results&m=classified_search_results_classified_classified_detail_L,Guillotière / Jean Macé,T2,1946.0,0,155.0,8,155.0,2,979.0,0,190.0,1,642.0,0,237.0,1,425.0,2,452.0,1,456.0,3,65.0,4,493.0,1,19.0,3,140.0,2,1208.0,0,4493.0,0,456.0,2,983.0,0,2824.0,0,753.0,0
884,SeLoger,900.0,37.0,24.32,Appartement,"2 pièce - 1 chambre - s, , 37 m², étage",69000,Lyon,45.75181073975857,4.822432709112046,https://www.seloger.com/annonces/locations/appartement/venissieux-69/moulin-a-vent-georges-levy/259409899.htm?serp_view=list&search=distributionTypes%3DRent%26estateTypes%3DHouse%2CApartment%26locations%3DAD08FR28808%26page%3D3&sort_order_ab_test=sort_order_variant#ln=classified_search_results&m=classified_search_results_classified_classified_detail_XL,Grand Lyon / Autre,T2,1520.0,0,194.0,9,337.0,1,563.0,0,375.0,2,433.0,2,308.0,7,325.0,1,593.0,0,357.0,4,405.0,2,117.0,1,153.0,7,419.0,2,1631.0,0,4354.0,0,414.0,1,632.0,0,2273.0,0,1282.0,0
885,SeLoger,473.0,30.0,15.77,Appartement,"2 pièce - 1 chambre - s, , 30 m², étage",69007,Lyon,45.73438926841558,4.837712838664214,https://www.seloger.com/annonces/locations/appartement/lyon-69/260806621.htm?serp_view=list&search=distributionTypes%3DRent%26estateTypes%3DHouse%2CApartment%26locations%3DAD08FR28808%26page%3D3&sort_order_ab_test=sort_order_variant#ln=classified_search_results&m=classified_search_results_classified_classified_detail_L,Gerland,T2,3137.0,0,238.0,2,197.0,1,2128.0,0,786.0,0,182.0,2,104.0,8,1120.0,0,1376.0,0,41.0,3,418.0,1,770.0,0,229.0,5,206.0,1,134.0,2,5721.0,0,1215.0,0,2125.0,0,4071.0,0,793.0,0
886,SeLoger,1300.0,74.0,17.57,Appartement,"4 pièce - 3 chambre - s, s, 74 m², RDC",69007,Lyon,45.73326071329846,4.8407210145592074,https://www.seloger.com/annonces/locations/appartement/lyon-69/260888533.htm?serp_view=list&search=distributionTypes%3DRent%26estateTypes%3DHouse%2CApartment%26locations%3DAD08FR28808%26page%3D3&sort_order_ab_test=sort_order_variant#ln=classified_search_results&m=classified_search_results_classified_classified_detail_L,Gerland,Grand (T4+),3159.0,0,311.0,2,456.0,1,2318.0,0,928.0,0,232.0,2,21.0,3,1050.0,0,1302.0,0,266.0,3,519.0,0,927.0,0,323.0,4,461.0,1,210.0,2,5802.0,0,1374.0,0,2315.0,0,4223.0,0,805.0,0
887,SeLoger,890.0,28.3,31.45,Appartement,"2 pièce - 1 chambre - s, , 28,3 m², Étage 5/5",69003,Lyon,45.74598929623238,4.881284790474491,https://www.seloger.com/annonces/locations/appartement/lyon-3eme-69/sans-souci-dauphine/219560241.htm?serp_view=list&search=distributionTypes%3DRent%26estateTypes%3DHouse%2CApartment%26locations%3DAD08FR28808%26page%3D3&sort_order_ab_test=sort_order_variant#ln=classified_search_results&m=classified_search_results_classified_classified_detail_L,Montchat,T2,2529.0,0,227.0,2,264.0,2,2835.0,0,180.0,1,1164.0,0,323.0,3,2391.0,0,339.0,4,194.0,1,672.0,0,1497.0,0,399.0,5,630.0,0,1117.0,0,4845.0,0,2761.0,0,908.0,0,4515.0,0,2084.0,0
888,SeLoger,712.0,52.0,13.69,Appartement,"2 pièce - 1 chambre - s, , 52 m², étage",69006,Lyon,45.76983296528542,4.850195553039639,https://www.seloger.com/annonces/locations/appartement/lyon-69/260828589.htm?serp_view=list&search=distributionTypes%3DRent%26estateTypes%3DHouse%2CApartment%26locations%3DAD08FR28808%26page%3D3&sort_order_ab_test=sort_order_variant#ln=classified_search_results&m=classified_search_results_classified_classified_detail_L,Brotteaux / Foch,T2,1188.0,0,25.0,11,233.0,1,478.0,1,48.0,11,226.0,3,262.0,4,768.0,0,486.0,1,217.0,5,196.0,1,1338.0,0,179.0,20,239.0,2,1721.0,0,1671.0,0,217.0,1,76.0,3,1132.0,0,2798.0,0
889,SeLoger,690.0,35.0,19.71,Studio,"1 pièce - Studio , 35 m², étage, disponible dès maintenant",69003,Lyon,45.74922072951448,4.887467474347812,https://www.seloger.com/annonces/locations/appartement/lyon-69/260886509.htm?serp_view=list&search=distributionTypes%3DRent%26estateTypes%3DHouse%2CApartment%26locations%3DAD08FR28808%26page%3D3&sort_order_ab_test=sort_order_variant#ln=classified_search_results&m=classified_search_results_classified_classified_detail_L,Montchat,Studio/T1,2754.0,0,139.0,2,561.0,0,3128.0,0,130.0,2,597.0,0,30.0,6,2879.0,0,887.0,0,340.0,2,1250.0,0,2095.0,0,76.0,8,117.0,1,1603.0,0,4781.0,0,3118.0,0,1473.0,0,4702.0,0,2636.0,0
890,SeLoger,1480.0,69.0,21.45,Appartement,"3 pièce - 2 chambre - s, s, 69 m², RDC",69004,Lyon,45.777164435306624,4.81762987603099,https://www.seloger.com/annonces/locations/appartement/lyon-4eme-69/croix-rousse-centre/254670037.htm?serp_view=list&search=distributionTypes%3DRent%26estateTypes%3DHouse%2CApartment%26locations%3DAD08FR28808%26page%3D3&sort_order_ab_test=sort_order_variant#ln=classified_search_results&m=classified_search_results_classified_classified_detail_L,Croix-Rousse Plateau,T3,1447.0,0,549.0,0,768.0,0,854.0,0,792.0,0,771.0,0,75.0,7,837.0,0,572.0,0,912.0,0,553.0,0,198.0,2,185.0,10,532.0,0,265.0,2,2853.0,0,864.0,0,874.0,0,1387.0,0,579.0,0
891,SeLoger,840.0,25.2,33.33,Appartement,"1 pièce - logement étudiant -  - , 25,2 m², Étage 4/7",69000,Lyon,45.77725047537726,4.824666053086737,https://www.seloger.com/annonces/locations/appartement/lyon-3eme-69/sans-souci-dauphine/161889169.htm?serp_view=list&search=distributionTypes%3DRent%26estateTypes%3DHouse%2CApartment%26locations%3DAD08FR28808%26page%3D3&sort_order_ab_test=sort_order_variant#ln=classified_search_results&m=classified_search_results_classified_classified_detail_L,Grand Lyon / Autre,Studio/T1,1054.0,0,377.0,7,595.0,0,573.0,0,346.0,1,345.0,3,122.0,8,1003.0,0,588.0,0,517.0,0,385.0,1,338.0,2,124.0,14,374.0,2,294.0,4,2334.0,0,701.0,0,558.0,0,964.0,0,719.0,0
892,SeLoger,1344.0,83.0,16.19,Appartement,"2 pièce - 1 chambre - Duplex s, , 83 m², étage",69006,Lyon,45.76624027500798,4.864062451164066,https://www.seloger.com/annonces/locations/appartement/lyon-6eme-69/les-brotteaux-bellecombe-massena/258407969.htm?serp_view=list&search=distributionTypes%3DRent%26estateTypes%3DHouse%2CApartment%26locations%3DAD08FR28808%26page%3D4&sort_order_ab_test=sort_order_variant#ln=classified_search_results&m=classified_search_results_classified_classified_detail_L,Brotteaux / Foch,T2,986.0,0,235.0,6,292.0,1,613.0,0,592.0,0,253.0,2,256.0,7,335.0,2,723.0,0,290.0,2,630.0,0,1424.0,0,124.0,4,280.0,2,1573.0,0,2237.0,0,782.0,0,764.0,0,2266.0,0,2742.0,0
893,SeLoger,1705.0,112.0,15.22,Appartement,"4 pièce - 3 chambre - s, s, 112 m², étage",69001,Lyon,45.77204178056326,4.827059766788731,https://www.seloger.com/annonces/locations/appartement/lyon-1er-69/terreaux/258870415.htm?serp_view=list&search=distributionTypes%3DRent%26estateTypes%3DHouse%2CApartment%26locations%3DAD08FR28808%26page%3D4&sort_order_ab_test=sort_order_variant#ln=classified_search_results&m=classified_search_results_classified_classified_detail_L,Pentes Croix-Rousse,Grand (T4+),524.0,0,205.0,32,393.0,3,619.0,0,294.0,2,402.0,2,102.0,13,435.0,1,1054.0,0,387.0,1,375.0,2,601.0,0,95.0,24,325.0,2,671.0,0,2444.0,0,505.0,0,486.0,1,484.0,1,1306.0,0
894,SeLoger,935.0,53.3,17.54,Appartement,"2 pièce - 1 chambre - s, , 53,3 m², Étage 11/14",69000,Lyon,45.76319367488198,4.830139366742337,https://www.seloger.com/annonces/locations/appartement/lyon-69/260885565.htm?serp_view=list&search=distributionTypes%3DRent%26estateTypes%3DHouse%2CApartment%26locations%3DAD08FR28808%26page%3D4&sort_order_ab_test=sort_order_variant#ln=classified_search_results&m=classified_search_results_classified_classified_detail_L,Grand Lyon / Autre,T2,285.0,3,91.0,70,147.0,6,506.0,0,165.0,27,204.0,2,145.0,4,124.0,3,539.0,0,349.0,1,401.0,3,1284.0,0,235.0,11,279.0,6,1628.0,0,2971.0,0,554.0,0,251.0,3,882.0,0,1288.0,0
895,SeLoger,568.0,17.0,33.41,Studio,"1 pièce - Studio , 17 m², dès le 01/03/2026",69002,Lyon,45.76086390140405,4.830059987402102,https://www.seloger.com/annonces/locations/appartement/lyon-69/260697357.htm?serp_view=list&search=distributionTypes%3DRent%26estateTypes%3DHouse%2CApartment%26locations%3DAD08FR28808%26page%3D4&sort_order_ab_test=sort_order_variant#ln=classified_search_results&m=classified_search_results_classified_classified_detail_L,Bellecour / Cordeliers,Studio/T1,371.0,1,94.0,53,193.0,6,761.0,0,137.0,31,374.0,3,176.0,17,157.0,4,280.0,1,100.0,5,307.0,2,1118.0,0,200.0,8,91.0,4,1863.0,0,3188.0,0,769.0,0,152.0,3,1136.0,0,1272.0,0
896,SeLoger,2290.0,75.0,30.53,Appartement,"3 pièce - 2 chambre - s, s, 75 m², Étage 3/5",69002,Lyon,45.74890994347612,4.824872096239087,https://www.seloger.com/annonces/locations/appartement/lyon-2eme-69/255542809.htm?serp_view=list&search=distributionTypes%3DRent%26estateTypes%3DHouse%2CApartment%26locations%3DAD08FR28808%26page%3D4&sort_order_ab_test=sort_order_variant#ln=classified_search_results&m=classified_search_results_classified_classified_detail_L,Confluence,T3,1707.0,0,198.0,11,228.0,2,611.0,0,383.0,2,623.0,0,185.0,6,320.0,1,794.0,0,389.0,3,218.0,3,491.0,1,149.0,5,221.0,2,1305.0,0,4535.0,0,389.0,2,613.0,0,2522.0,0,1656.0,0
897,SeLoger,1487.0,103.0,14.44,Appartement,"3 pièce - 2 chambre - s, s, 103 m², étage",69002,Lyon,45.75495484003644,4.829286419097697,https://www.seloger.com/annonces/locations/appartement/lyon-2eme-69/bellecour-ainay/256738727.htm?serp_view=list&search=distributionTypes%3DRent%26estateTypes%3DHouse%2CApartment%26locations%3DAD08FR28808%26page%3D4&sort_order_ab_test=sort_order_variant#ln=classified_search_results&m=classified_search_results_classified_classified_detail_L,Ainay,T3,955.0,0,129.0,17,222.0,2,167.0,2,177.0,12,216.0,4,179.0,19,686.0,0,380.0,2,178.0,7,357.0,2,644.0,0,50.0,14,113.0,6,1828.0,0,3781.0,0,329.0,1,74.0,2,1793.0,0,1417.0,0
898,SeLoger,785.0,35.0,22.43,Appartement,1 pièce - 35 m²,69007,Lyon,45.75282075462582,4.845515401028829,https://www.seloger.com/annonces/locations/appartement/lyon-7eme-69/260782777.htm?serp_view=list&search=distributionTypes%3DRent%26estateTypes%3DHouse%2CApartment%26locations%3DAD08FR28808%26page%3D4&sort_order_ab_test=sort_order_variant#ln=classified_search_results&m=classified_search_results_classified_classified_detail_L,Guillotière / Jean Macé,Studio/T1,1087.0,0,59.0,43,144.0,6,147.0,1,202.0,4,45.0,8,102.0,13,554.0,0,54.0,1,165.0,4,307.0,10,518.0,0,166.0,11,322.0,5,596.0,0,3595.0,0,165.0,1,1169.0,0,2187.0,0,1368.0,0
899,SeLoger,668.0,34.0,19.65,Studio,"1 pièce - Studio - , 34 m²",69000,Lyon,45.75188016603432,4.848283457925535,https://www.seloger.com/annonces/locations/appartement/lyon-69/260789249.htm?serp_view=list&search=distributionTypes%3DRent%26estateTypes%3DHouse%2CApartment%26locations%3DAD08FR28808%26page%3D4&sort_order_ab_test=sort_order_variant#ln=classified_search_results&m=classified_search_results_classified_classified_detail_L,Grand Lyon / Autre,Studio/T1,1035.0,0,49.0,26,113.0,3,263.0,1,283.0,6,194.0,8,136.0,10,619.0,0,283.0,1,190.0,4,300.0,2,563.0,0,17.0,10,118.0,5,455.0,1,3672.0,0,297.0,1,1174.0,0,2365.0,0,1171.0,0
900,SeLoger,560.0,19.0,29.47,Studio,"1 pièce - Studio - , 19 m²",69000,Lyon,45.750988900147206,4.829181163199236,https://www.seloger.com/annonces/locations/appartement/lyon-69/260788923.htm?serp_view=list&search=distributionTypes%3DRent%26estateTypes%3DHouse%2CApartment%26locations%3DAD08FR28808%26page%3D4&sort_order_ab_test=sort_order_variant#ln=classified_search_results&m=classified_search_results_classified_classified_detail_L,Grand Lyon / Autre,Studio/T1,1377.0,0,95.0,13,85.0,3,242.0,2,86.0,6,426.0,2,61.0,7,311.0,1,499.0,1,68.0,6,115.0,2,616.0,0,106.0,11,195.0,5,1586.0,0,4177.0,0,68.0,2,225.0,2,2230.0,0,1642.0,0
901,SeLoger,1005.0,54.8,18.34,Appartement,"2 pièce - s, 54,8 m², étage",69003,Lyon,45.75650954184538,4.861762147931436,https://www.seloger.com/annonces/locations/appartement/lyon-3eme-69/260027755.htm?serp_view=list&search=distributionTypes%3DRent%26estateTypes%3DHouse%2CApartment%26locations%3DAD08FR28808%26page%3D4&sort_order_ab_test=sort_order_variant#ln=classified_search_results&m=classified_search_results_classified_classified_detail_L,Part-Dieu / Villette,T2,615.0,0,331.0,5,263.0,1,1049.0,0,681.0,0,334.0,2,151.0,4,1115.0,0,1334.0,0,140.0,3,443.0,1,795.0,0,323.0,5,404.0,2,729.0,0,3217.0,0,1063.0,0,705.0,0,2601.0,0,1654.0,0
902,SeLoger,940.0,72.5,12.97,Appartement,"3 pièce - 2 chambre - s, s, 72,5 m², Étage 5/6",69003,Lyon,45.75305562490154,4.880316724672621,https://www.seloger.com/annonces/locations/appartement/lyon-69/259671775.htm?serp_view=list&search=distributionTypes%3DRent%26estateTypes%3DHouse%2CApartment%26locations%3DAD08FR28808%26page%3D4&sort_order_ab_test=sort_order_variant#ln=classified_search_results&m=classified_search_results_classified_classified_detail_L,Montchat,T3,2076.0,0,409.0,3,369.0,1,2435.0,0,377.0,1,916.0,0,196.0,6,2182.0,0,1058.0,0,627.0,0,1054.0,0,2060.0,0,204.0,7,597.0,0,1218.0,0,4122.0,0,2420.0,0,1266.0,0,4007.0,0,2298.0,0
903,SeLoger,750.0,35.0,21.43,Appartement,1 pièce - 35 m²,69008,Lyon,45.73839770144339,4.8651886927388155,https://www.seloger.com/annonces/locations/appartement/lyon-69/259274237.htm?serp_view=list&search=distributionTypes%3DRent%26estateTypes%3DHouse%2CApartment%26locations%3DAD08FR28808%26page%3D4&sort_order_ab_test=sort_order_variant#ln=classified_search_results&m=classified_search_results_classified_classified_detail_L,Monplaisir / Bachut,Studio/T1,2496.0,0,65.0,2,726.0,0,2251.0,0,753.0,0,246.0,1,169.0,3,935.0,0,779.0,0,269.0,2,258.0,4,188.0,1,33.0,11,178.0,2,181.0,1,5244.0,0,1685.0,0,752.0,0,4310.0,0,734.0,0
904,SeLoger,2242.0,135.0,16.61,Appartement,"4 pièce - 3 chambre - s, s, 135 m², Étage 2/5",69002,Lyon,45.745576209271825,4.822574991986788,https://www.seloger.com/annonces/locations/appartement/lyon-2eme-69/bellecour-ainay/252563889.htm?serp_view=list&search=distributionTypes%3DRent%26estateTypes%3DHouse%2CApartment%26locations%3DAD08FR28808%26page%3D4&sort_order_ab_test=sort_order_variant#ln=classified_search_results&m=classified_search_results_classified_classified_detail_L,Confluence,Grand (T4+),2119.0,0,116.0,6,496.0,1,1019.0,0,606.0,0,498.0,1,117.0,7,569.0,0,1053.0,0,224.0,3,196.0,1,796.0,0,43.0,6,72.0,2,940.0,0,4946.0,0,722.0,0,1010.0,0,2927.0,0,1740.0,0
905,SeLoger,980.0,35.5,27.61,Appartement,"2 pièce - 1 chambre - s, , 35,5 m², étage",69002,Lyon,45.75785744764493,4.835528753807935,https://www.seloger.com/annonces/locations/appartement/lyon-2eme-69/bellecour-ainay/258272149.htm?serp_view=list&search=distributionTypes%3DRent%26estateTypes%3DHouse%2CApartment%26locations%3DAD08FR28808%26page%3D4&sort_order_ab_test=sort_order_variant#ln=classified_search_results&m=classified_search_results_classified_classified_detail_L,Bellecour / Cordeliers,T2,582.0,0,18.0,31,45.0,4,668.0,0,126.0,15,221.0,5,346.0,13,310.0,3,423.0,2,95.0,5,437.0,2,1178.0,0,147.0,4,210.0,4,1394.0,0,3276.0,0,794.0,0,367.0,2,1458.0,0,1744.0,0
906,SeLoger,1040.0,55.0,18.91,Appartement,"2 pièce - 1 chambre - s, , 55 m², étage",69003,Lyon,45.75327848177686,4.8835052160615495,https://www.seloger.com/annonces/locations/appartement/lyon-3eme-69/montchat/258314279.htm?serp_view=list&search=distributionTypes%3DRent%26estateTypes%3DHouse%2CApartment%26locations%3DAD08FR28808%26page%3D4&sort_order_ab_test=sort_order_variant#ln=classified_search_results&m=classified_search_results_classified_classified_detail_L,Montchat,T2,2300.0,0,169.0,3,137.0,1,2644.0,0,143.0,3,667.0,0,149.0,4,2353.0,0,1141.0,0,586.0,0,1267.0,0,2217.0,0,379.0,5,349.0,2,1446.0,0,4235.0,0,2619.0,0,1455.0,0,4210.0,0,2525.0,0
907,SeLoger,590.0,25.0,23.6,Appartement,"1 pièce - 25 m², Étage 2/3",69007,Lyon,45.731788924686974,4.82585943758252,https://www.seloger.com/annonces/locations/appartement/lyon-7eme-69/255407409.htm?serp_view=list&search=distributionTypes%3DRent%26estateTypes%3DHouse%2CApartment%26locations%3DAD08FR28808%26page%3D4&sort_order_ab_test=sort_order_variant#ln=classified_search_results&m=classified_search_results_classified_classified_detail_L,Gerland,Studio/T1,3519.0,0,287.0,3,899.0,0,2376.0,0,348.0,1,334.0,1,92.0,5,229.0,1,2068.0,0,76.0,1,18.0,2,285.0,2,147.0,6,310.0,1,617.0,0,6249.0,0,1485.0,0,2364.0,0,4380.0,0,1667.0,0
908,SeLoger,529.0,53.4,9.91,Appartement,"4 pièce - 3 chambre - s, s, 53,4 m², RDC",69008,Lyon,45.74310926297482,4.864589949245665,https://www.seloger.com/annonces/locations/appartement/lyon-69/260688421.htm?serp_view=list&search=distributionTypes%3DRent%26estateTypes%3DHouse%2CApartment%26locations%3DAD08FR28808%26page%3D4&sort_order_ab_test=sort_order_variant#ln=classified_search_results&m=classified_search_results_classified_classified_detail_L,Monplaisir / Bachut,Grand (T4+),1987.0,0,330.0,3,282.0,2,1844.0,0,276.0,1,419.0,1,259.0,6,1250.0,0,722.0,0,306.0,3,303.0,2,687.0,0,201.0,12,285.0,3,497.0,1,4721.0,0,1481.0,0,272.0,2,3849.0,0,754.0,0
909,SeLoger,1025.0,21.0,48.81,Studio,"1 pièce - Studio , 21 m², étage, dès le 03/03/2026",69008,Lyon,45.739376575739634,4.870642757043457,https://www.seloger.com/annonces/locations/appartement/lyon-69/260055191.htm?serp_view=list&search=distributionTypes%3DRent%26estateTypes%3DHouse%2CApartment%26locations%3DAD08FR28808%26page%3D4&sort_order_ab_test=sort_order_variant#ln=classified_search_results&m=classified_search_results_classified_classified_detail_M,Monplaisir / Bachut,Studio/T1,2560.0,0,296.0,2,531.0,0,2471.0,0,702.0,0,209.0,1,272.0,3,1286.0,0,677.0,0,269.0,2,278.0,3,392.0,1,52.0,10,367.0,1,263.0,1,5233.0,0,2036.0,0,555.0,0,4462.0,0,1157.0,0
910,SeLoger,1950.0,81.0,24.07,Appartement,"3 pièce - 2 chambre - s, s, 81 m², étage",69006,Lyon,45.765535273985925,4.843212403735606,https://www.seloger.com/annonces/locations/appartement/lyon-69/260031935.htm?serp_view=list&search=distributionTypes%3DRent%26estateTypes%3DHouse%2CApartment%26locations%3DAD08FR28808%26page%3D4&sort_order_ab_test=sort_order_variant#ln=classified_search_results&m=classified_search_results_classified_classified_detail_L,Brotteaux / Foch,T3,785.0,0,68.0,17,203.0,2,184.0,4,73.0,7,98.0,10,139.0,12,644.0,0,930.0,0,97.0,7,88.0,1,1159.0,0,93.0,12,103.0,7,1440.0,0,2262.0,0,149.0,2,172.0,2,861.0,0,2331.0,0
911,SeLoger,1440.0,84.0,17.14,Appartement,"4 pièce - 2 chambre - s, s, 84 m², RDC/3",69003,Lyon,45.75925409729178,4.868777612365619,https://www.seloger.com/annonces/locations/appartement/lyon-69/260011649.htm?serp_view=list&search=distributionTypes%3DRent%26estateTypes%3DHouse%2CApartment%26locations%3DAD08FR28808%26page%3D5&sort_order_ab_test=sort_order_variant#ln=classified_search_results&m=classified_search_results_classified_classified_detail_L,Part-Dieu / Villette,Grand (T4+),1043.0,0,368.0,1,384.0,1,1331.0,0,1305.0,0,305.0,1,94.0,8,1062.0,0,1530.0,0,484.0,1,503.0,0,1364.0,0,113.0,12,319.0,1,1342.0,0,3096.0,0,1297.0,0,983.0,0,2889.0,0,2159.0,0
912,SeLoger,890.0,42.0,21.19,Appartement,"2 pièce - 1 chambre - s, , 42 m², étage",69003,Lyon,45.74329639680911,4.885134206358135,https://www.seloger.com/annonces/locations/appartement/lyon-69/260003923.htm?serp_view=list&search=distributionTypes%3DRent%26estateTypes%3DHouse%2CApartment%26locations%3DAD08FR28808%26page%3D5&sort_order_ab_test=sort_order_variant#ln=classified_search_results&m=classified_search_results_classified_classified_detail_L,Montchat,T2,2949.0,0,617.0,0,511.0,0,3218.0,0,584.0,0,1189.0,0,245.0,4,2440.0,0,513.0,0,526.0,0,584.0,0,1582.0,0,527.0,0,773.0,0,1469.0,0,5249.0,0,3065.0,0,1194.0,0,4935.0,0,2317.0,0
913,SeLoger,1080.0,64.0,16.88,Appartement,"3 pièce - 2 chambre - s, s, 64 m², étage",69009,Lyon,45.78735062956113,4.818289796353174,https://www.seloger.com/annonces/locations/appartement/lyon-9eme-69/260002117.htm?serp_view=list&search=distributionTypes%3DRent%26estateTypes%3DHouse%2CApartment%26locations%3DAD08FR28808%26page%3D5&sort_order_ab_test=sort_order_variant#ln=classified_search_results&m=classified_search_results_classified_classified_detail_L,Vaise / Valmy,T3,2264.0,0,443.0,1,1180.0,0,1575.0,0,1162.0,0,1147.0,0,407.0,2,1896.0,0,389.0,1,1327.0,0,542.0,0,933.0,0,447.0,1,762.0,0,894.0,0,2689.0,0,1334.0,0,1615.0,0,2162.0,0,325.0,2
914,SeLoger,845.0,48.0,17.6,Appartement,"2 pièce - 1 chambre - s, , 48 m², étage",69007,Lyon,45.72962851257932,4.823535062556778,https://www.seloger.com/annonces/locations/appartement/lyon-69/260073413.htm?serp_view=list&search=distributionTypes%3DRent%26estateTypes%3DHouse%2CApartment%26locations%3DAD08FR28808%26page%3D5&sort_order_ab_test=sort_order_variant#ln=classified_search_results&m=classified_search_results_classified_classified_detail_L,Gerland,T2,3789.0,0,517.0,0,1095.0,0,2646.0,0,477.0,1,601.0,0,197.0,5,189.0,1,2357.0,0,287.0,2,318.0,2,449.0,2,320.0,3,406.0,1,568.0,0,6536.0,0,1771.0,0,2633.0,0,4644.0,0,1954.0,0
915,SeLoger,805.0,30.0,26.83,Appartement,"1 pièce - 30 m², étage, dès le 01/03/2026",69003,Lyon,45.75788111943069,4.857620114366374,https://www.seloger.com/annonces/locations/appartement/lyon-69/259881215.htm?serp_view=list&search=distributionTypes%3DRent%26estateTypes%3DHouse%2CApartment%26locations%3DAD08FR28808%26page%3D5&sort_order_ab_test=sort_order_variant#ln=classified_search_results&m=classified_search_results_classified_classified_detail_L,Part-Dieu / Villette,Studio/T1,274.0,1,199.0,5,398.0,1,734.0,0,581.0,0,227.0,2,289.0,6,966.0,0,1088.0,0,266.0,4,428.0,1,485.0,1,366.0,3,497.0,1,531.0,0,3012.0,0,738.0,0,421.0,3,2257.0,0,1732.0,0
916,SeLoger,895.0,68.0,13.16,Appartement,"3 pièce - 2 chambre - s, s, 68 m², étage",69008,Lyon,45.74578139118983,4.8638318208867934,https://www.seloger.com/annonces/locations/appartement/lyon-69/260002113.htm?serp_view=list&search=distributionTypes%3DRent%26estateTypes%3DHouse%2CApartment%26locations%3DAD08FR28808%26page%3D5&sort_order_ab_test=sort_order_variant#ln=classified_search_results&m=classified_search_results_classified_classified_detail_L,Monplaisir / Bachut,T3,1689.0,0,66.0,5,258.0,2,1617.0,0,241.0,1,152.0,1,107.0,5,1289.0,0,823.0,0,488.0,1,494.0,1,990.0,0,166.0,9,23.0,3,295.0,1,4418.0,0,1407.0,0,162.0,2,3575.0,0,786.0,0
917,SeLoger,597.0,60.0,9.95,Appartement,"4 pièce - 3 chambre - s, s, 60 m², étage",69007,Lyon,45.74992715155052,4.853123461220669,https://www.seloger.com/annonces/locations/appartement/lyon-69/260492627.htm?serp_view=list&search=distributionTypes%3DRent%26estateTypes%3DHouse%2CApartment%26locations%3DAD08FR28808%26page%3D5&sort_order_ab_test=sort_order_variant#ln=classified_search_results&m=classified_search_results_classified_classified_detail_L,Guillotière / Jean Macé,Grand (T4+),1109.0,0,45.0,13,64.0,3,675.0,0,288.0,5,49.0,3,43.0,18,882.0,0,717.0,0,200.0,4,202.0,2,783.0,0,199.0,16,198.0,4,505.0,0,3873.0,0,693.0,0,1108.0,0,2729.0,0,846.0,0
918,SeLoger,960.0,59.5,16.13,Appartement,"3 pièce - 2 chambre - s, s, 59,5 m², étage",69000,Lyon,45.7639393832957,4.8516379786099195,https://www.seloger.com/annonces/locations/appartement/bron-69/les-genets-le-vinatier-le-lessivas/253605045.htm?serp_view=list&search=distributionTypes%3DRent%26estateTypes%3DHouse%2CApartment%26locations%3DAD08FR28808%26page%3D5&sort_order_ab_test=sort_order_variant#ln=classified_search_results&m=classified_search_results_classified_classified_detail_XL,Grand Lyon / Autre,T3,546.0,0,80.0,6,353.0,3,97.0,2,453.0,1,478.0,1,104.0,7,689.0,0,770.0,0,182.0,9,60.0,4,785.0,0,93.0,20,85.0,6,1058.0,0,2316.0,0,221.0,2,363.0,3,1478.0,0,2406.0,0
919,SeLoger,1347.0,59.3,22.72,Appartement,"2 pièce - 2 chambre - s, s, 59,3 m², Étage 5/6",69002,Lyon,45.75809744960786,4.831296504174916,https://www.seloger.com/annonces/locations/appartement/lyon-69/260864349.htm?serp_view=list&search=distributionTypes%3DRent%26estateTypes%3DHouse%2CApartment%26locations%3DAD08FR28808%26page%3D5&sort_order_ab_test=sort_order_variant#ln=classified_search_results&m=classified_search_results_classified_classified_detail_M,Bellecour / Cordeliers,T2,573.0,0,132.0,37,162.0,4,539.0,0,74.0,18,185.0,2,94.0,17,305.0,3,133.0,1,167.0,4,398.0,2,960.0,0,220.0,13,196.0,7,1719.0,0,3400.0,0,711.0,0,320.0,3,1426.0,0,1420.0,0
920,SeLoger,1050.0,47.0,22.34,Appartement,"2 pièce - 1 chambre - s, , 47 m², étage",69000,Lyon,45.74950424966644,4.82443566584692,https://www.seloger.com/annonces/locations/appartement/lyon-69/260644301.htm?serp_view=list&search=distributionTypes%3DRent%26estateTypes%3DHouse%2CApartment%26locations%3DAD08FR28808%26page%3D5&sort_order_ab_test=sort_order_variant#ln=classified_search_results&m=classified_search_results_classified_classified_detail_M,Grand Lyon / Autre,T2,1662.0,0,156.0,10,201.0,2,579.0,0,396.0,3,568.0,0,216.0,6,373.0,1,817.0,0,395.0,3,264.0,3,417.0,1,201.0,6,287.0,3,1370.0,0,4494.0,0,395.0,2,594.0,0,2467.0,0,1582.0,0
921,SeLoger,1150.0,64.0,17.97,Appartement,"3 pièce - 2 chambre - s, s, 64 m², étage",69005,Lyon,45.76470478400128,4.812197651878925,https://www.seloger.com/annonces/locations/appartement/lyon-69/259945131.htm?serp_view=list&search=distributionTypes%3DRent%26estateTypes%3DHouse%2CApartment%26locations%3DAD08FR28808%26page%3D5&sort_order_ab_test=sort_order_variant#ln=classified_search_results&m=classified_search_results_classified_classified_detail_L,Point du Jour / St Just,T3,1543.0,0,511.0,0,987.0,0,1122.0,0,630.0,0,930.0,0,204.0,3,699.0,0,375.0,1,438.0,1,922.0,0,754.0,0,341.0,2,367.0,1,771.0,0,3856.0,0,1002.0,0,1150.0,0,1757.0,0,267.0,2
922,SeLoger,1180.0,63.0,18.73,Appartement,"2 pièce - 1 chambre - s, , 63 m², Étage 8/8",69000,Lyon,45.76819676854485,4.836456211013885,https://www.seloger.com/annonces/locations/appartement/lyon-69/26V21PBITGQE.htm?serp_view=list&search=distributionTypes%3DRent%26estateTypes%3DHouse%2CApartment%26locations%3DAD08FR28808%26page%3D5&sort_order_ab_test=sort_order_variant#ln=classified_search_results&m=classified_search_results_classified_classified_detail_M,Grand Lyon / Autre,T2,321.0,3,48.0,64,145.0,6,364.0,1,336.0,6,144.0,2,255.0,14,103.0,6,1215.0,0,76.0,6,361.0,3,776.0,0,87.0,13,161.0,7,1342.0,0,2234.0,0,188.0,2,604.0,0,346.0,2,1912.0,0
923,SeLoger,969.0,57.0,17.0,Appartement,"3 pièce - 2 chambre - s, s, 57 m², étage",69004,Lyon,45.77987782418667,4.829989308984223,https://www.seloger.com/annonces/locations/appartement/lyon-69/260031899.htm?serp_view=list&search=distributionTypes%3DRent%26estateTypes%3DHouse%2CApartment%26locations%3DAD08FR28808%26page%3D5&sort_order_ab_test=sort_order_variant#ln=classified_search_results&m=classified_search_results_classified_classified_detail_L,Croix-Rousse Plateau,T3,1150.0,0,352.0,8,195.0,3,345.0,2,521.0,0,176.0,4,120.0,12,998.0,0,214.0,9,200.0,4,193.0,2,327.0,2,102.0,12,218.0,1,171.0,2,1848.0,0,200.0,2,403.0,1,1031.0,0,904.0,0
924,SeLoger,595.0,18.0,33.06,Appartement,"1 pièce - 18 m², étage",69007,Lyon,45.74770612090779,4.844530942853845,https://www.seloger.com/annonces/locations/appartement/lyon-69/260260303.htm?serp_view=list&search=distributionTypes%3DRent%26estateTypes%3DHouse%2CApartment%26locations%3DAD08FR28808%26page%3D5&sort_order_ab_test=sort_order_variant#ln=classified_search_results&m=classified_search_results_classified_classified_detail_L,Guillotière / Jean Macé,Studio/T1,1583.0,0,111.0,25,110.0,5,708.0,0,298.0,2,217.0,3,152.0,4,205.0,2,620.0,0,109.0,5,201.0,2,164.0,2,159.0,7,267.0,3,990.0,0,4169.0,0,303.0,3,1231.0,0,2707.0,0,837.0,0
925,SeLoger,798.0,45.0,17.73,Appartement,"2 pièce - 1 chambre - s, , 45 m², étage",69000,Lyon,45.75015853244665,4.843700640777652,https://www.seloger.com/annonces/locations/appartement/bron-69/les-charmilles-parilly-sud-universite-rebufer/251744389.htm?serp_view=list&search=distributionTypes%3DRent%26estateTypes%3DHouse%2CApartment%26locations%3DAD08FR28808%26page%3D5&sort_order_ab_test=sort_order_variant#ln=classified_search_results&m=classified_search_results_classified_classified_detail_XL,Grand Lyon / Autre,T2,1400.0,0,38.0,41,151.0,6,473.0,1,309.0,4,66.0,4,223.0,5,229.0,2,364.0,1,164.0,3,309.0,4,190.0,1,221.0,14,165.0,5,855.0,0,3911.0,0,164.0,2,1070.0,0,2427.0,0,1107.0,0
926,SeLoger,477.0,20.3,23.5,Appartement,"1 pièce - 20,3 m², Étage 2/7, dès le 02/03/2026",69008,Lyon,45.73967282662572,4.86886705537265,https://www.seloger.com/annonces/locations/appartement/lyon-69/260628421.htm?serp_view=list&search=distributionTypes%3DRent%26estateTypes%3DHouse%2CApartment%26locations%3DAD08FR28808%26page%3D5&sort_order_ab_test=sort_order_variant#ln=classified_search_results&m=classified_search_results_classified_classified_detail_L,Monplaisir / Bachut,Studio/T1,2469.0,0,300.0,2,569.0,0,2346.0,0,623.0,0,325.0,1,150.0,3,1217.0,0,769.0,0,242.0,3,264.0,4,327.0,1,153.0,14,385.0,2,171.0,1,5166.0,0,1895.0,0,524.0,0,4353.0,0,1019.0,0
927,SeLoger,745.0,29.0,25.69,Appartement,"1 pièce - 29 m², étage",69009,Lyon,45.764781881968254,4.791192625655056,https://www.seloger.com/259456989/detail.htm?serp_view=list&search=distributionTypes%3DRent%26estateTypes%3DHouse%2CApartment%26locations%3DAD08FR28808%26page%3D5&sort_order_ab_test=sort_order_variant#ln=classified_search_results&m=classified_search_results_classified_classified_detail_L,Vaise / Valmy,Studio/T1,3170.0,0,571.0,0,549.0,0,1628.0,0,1636.0,0,1712.0,0,168.0,6,1718.0,0,529.0,0,1080.0,0,1546.0,0,1998.0,0,148.0,7,151.0,1,944.0,0,5267.0,0,1529.0,0,1632.0,0,3317.0,0,1581.0,0
928,SeLoger,1198.0,66.8,17.93,Appartement,"3 pièce - 2 chambre - s, s, 66,8 m², Étage 5/5",69007,Lyon,45.73975543793781,4.837075822955351,https://www.seloger.com/annonces/locations/appartement/lyon-7eme-69/260786361.htm?serp_view=list&search=distributionTypes%3DRent%26estateTypes%3DHouse%2CApartment%26locations%3DAD08FR28808%26page%3D5&sort_order_ab_test=sort_order_variant#ln=classified_search_results&m=classified_search_results_classified_classified_detail_L,Guillotière / Jean Macé,T3,2591.0,0,258.0,3,459.0,1,1543.0,0,845.0,0,544.0,0,187.0,7,919.0,0,1065.0,0,504.0,0,294.0,2,826.0,0,175.0,8,442.0,1,570.0,0,5150.0,0,669.0,0,1540.0,0,3473.0,0,512.0,0
929,SeLoger,1350.0,63.0,21.43,Appartement,"3 pièce - 2 chambre - s, s, 63 m², étage",69003,Lyon,45.75552510225568,4.851100544106069,https://www.seloger.com/annonces/locations/appartement/lyon-3eme-69/villette/259397395.htm?serp_view=list&search=distributionTypes%3DRent%26estateTypes%3DHouse%2CApartment%26locations%3DAD08FR28808%26page%3D5&sort_order_ab_test=sort_order_variant#ln=classified_search_results&m=classified_search_results_classified_classified_detail_L,Part-Dieu / Villette,T3,576.0,0,88.0,10,522.0,0,395.0,1,313.0,3,273.0,5,117.0,16,1056.0,0,521.0,0,271.0,5,327.0,4,154.0,1,155.0,11,311.0,2,179.0,1,3253.0,0,313.0,1,714.0,0,2117.0,0,1487.0,0
930,SeLoger,840.0,67.9,12.37,Appartement,"4 pièce - 3 chambre - s, s, 67,9 m², RDC/3",69008,Lyon,45.74144848205928,4.8627241591308925,https://www.seloger.com/annonces/locations/appartement/lyon-69/260511359.htm?serp_view=list&search=distributionTypes%3DRent%26estateTypes%3DHouse%2CApartment%26locations%3DAD08FR28808%26page%3D5&sort_order_ab_test=sort_order_variant#ln=classified_search_results&m=classified_search_results_classified_classified_detail_L,Monplaisir / Bachut,Grand (T4+),2116.0,0,454.0,1,517.0,0,1870.0,0,511.0,0,465.0,1,263.0,4,1081.0,0,538.0,0,82.0,1,132.0,2,575.0,0,146.0,6,358.0,2,499.0,1,4877.0,0,1381.0,0,501.0,0,3921.0,0,578.0,0
931,SeLoger,738.0,51.3,14.39,Appartement,"2 pièce - 1 chambre - s, , 51,3 m², Étage 3/4",69005,Lyon,45.76542905324392,4.818257301008174,https://www.seloger.com/annonces/locations/appartement/lyon-69/260689545.htm?serp_view=list&search=distributionTypes%3DRent%26estateTypes%3DHouse%2CApartment%26locations%3DAD08FR28808%26page%3D5&sort_order_ab_test=sort_order_variant#ln=classified_search_results&m=classified_search_results_classified_classified_detail_M,Vieux Lyon,T2,1069.0,0,96.0,5,808.0,0,1081.0,0,168.0,1,542.0,0,333.0,6,674.0,0,665.0,0,531.0,0,849.0,0,834.0,0,130.0,2,624.0,0,1240.0,0,3433.0,0,531.0,0,1162.0,0,1298.0,0,554.0,0
932,SeLoger,1500.0,93.2,16.09,Appartement,"3 pièce - 2 chambre - s, s, 93,2 m², Étage 4/4",69007,Lyon,45.74193218505497,4.834641636083959,https://www.seloger.com/annonces/locations/appartement/lyon-69/260684373.htm?serp_view=list&search=distributionTypes%3DRent%26estateTypes%3DHouse%2CApartment%26locations%3DAD08FR28808%26page%3D5&sort_order_ab_test=sort_order_variant#ln=classified_search_results&m=classified_search_results_classified_classified_detail_M,Guillotière / Jean Macé,T3,2338.0,0,57.0,1,585.0,0,1257.0,0,680.0,0,844.0,0,107.0,4,829.0,0,813.0,0,362.0,1,424.0,1,846.0,0,69.0,5,600.0,0,865.0,0,4965.0,0,362.0,1,1253.0,0,3219.0,0,724.0,0
933,SeLoger,1473.0,65.0,22.66,Appartement,"3 pièce - 2 chambre - s, s, 65 m², Étage 2/6",69003,Lyon,45.75230820730752,4.857425311302195,https://www.seloger.com/annonces/locations/appartement/lyon-69/260161195.htm?serp_view=list&search=distributionTypes%3DRent%26estateTypes%3DHouse%2CApartment%26locations%3DAD08FR28808%26page%3D6&sort_order_ab_test=sort_order_variant#ln=classified_search_results&m=classified_search_results_classified_classified_detail_L,Part-Dieu / Villette,T3,846.0,0,226.0,8,487.0,2,862.0,0,165.0,4,318.0,3,13.0,11,1275.0,0,953.0,0,286.0,3,278.0,2,684.0,0,86.0,9,354.0,2,430.0,1,3626.0,0,919.0,0,1009.0,0,2697.0,0,1117.0,0
934,SeLoger,983.0,38.0,25.87,Appartement,"2 pièce - 1 chambre - s, , 38 m², étage",69008,Lyon,45.732288868510565,4.861229940705986,https://www.seloger.com/annonces/locations/appartement/lyon-69/260824219.htm?serp_view=list&search=distributionTypes%3DRent%26estateTypes%3DHouse%2CApartment%26locations%3DAD08FR28808%26page%3D6&sort_order_ab_test=sort_order_variant#ln=classified_search_results&m=classified_search_results_classified_classified_detail_M,Monplaisir / Bachut,T2,3090.0,0,259.0,1,179.0,2,2661.0,0,1485.0,0,562.0,0,197.0,7,217.0,1,1026.0,0,806.0,0,156.0,1,688.0,0,88.0,6,543.0,0,842.0,0,5871.0,0,1866.0,0,1496.0,0,4764.0,0,773.0,0
935,SeLoger,1200.0,54.1,22.18,Appartement,"2 pièce - 1 chambre - s, , 54,1 m², étage",69003,Lyon,45.75572513590677,4.860999160534506,https://www.seloger.com/annonces/locations/appartement/lyon-69/260819659.htm?serp_view=list&search=distributionTypes%3DRent%26estateTypes%3DHouse%2CApartment%26locations%3DAD08FR28808%26page%3D6&sort_order_ab_test=sort_order_variant#ln=classified_search_results&m=classified_search_results_classified_classified_detail_M,Part-Dieu / Villette,T2,628.0,0,272.0,3,346.0,1,1079.0,0,585.0,0,266.0,1,121.0,6,1196.0,0,1255.0,0,238.0,3,474.0,1,746.0,0,379.0,5,474.0,2,649.0,0,3291.0,0,1016.0,0,750.0,0,2612.0,0,1553.0,0
936,SeLoger,1100.0,75.0,14.67,Appartement,"2 pièce - 1 chambre - s, , 75 m², Étage 1/5",69002,Lyon,45.74740256881321,4.820332261093802,https://www.seloger.com/annonces/locations/appartement/lyon-69/260158987.htm?serp_view=list&search=distributionTypes%3DRent%26estateTypes%3DHouse%2CApartment%26locations%3DAD08FR28808%26page%3D6&sort_order_ab_test=sort_order_variant#ln=classified_search_results&m=classified_search_results_classified_classified_detail_M,Confluence,T2,2019.0,0,88.0,5,596.0,0,968.0,0,740.0,0,616.0,0,212.0,5,668.0,0,1109.0,0,290.0,1,238.0,1,598.0,0,240.0,6,283.0,2,1171.0,0,4856.0,0,779.0,0,989.0,0,2789.0,0,1660.0,0
937,SeLoger,590.0,16.0,36.88,Appartement,"1 pièce - 16 m², RDC",69009,Lyon,45.774620836889426,4.810528857775675,https://www.seloger.com/annonces/locations/appartement/lyon-69/260533779.htm?serp_view=list&search=distributionTypes%3DRent%26estateTypes%3DHouse%2CApartment%26locations%3DAD08FR28808%26page%3D6&sort_order_ab_test=sort_order_variant#ln=classified_search_results&m=classified_search_results_classified_classified_detail_M,Vaise / Valmy,Studio/T1,1822.0,0,168.0,5,167.0,3,242.0,2,296.0,1,155.0,1,201.0,6,412.0,1,1129.0,0,331.0,3,351.0,2,570.0,0,132.0,4,209.0,4,670.0,0,3464.0,0,263.0,2,269.0,1,1797.0,0,1070.0,0
938,SeLoger,1775.0,99.5,17.84,Appartement,"3 pièce - 2 chambre - s, s, 99,5 m², Étage 4/5",69002,Lyon,45.7520625453622,4.828132508159275,https://www.seloger.com/annonces/locations/appartement/lyon-69/260602165.htm?serp_view=list&search=distributionTypes%3DRent%26estateTypes%3DHouse%2CApartment%26locations%3DAD08FR28808%26page%3D6&sort_order_ab_test=sort_order_variant#ln=classified_search_results&m=classified_search_results_classified_classified_detail_M,Ainay,T3,1288.0,0,49.0,12,200.0,3,179.0,2,56.0,7,283.0,2,138.0,6,433.0,1,586.0,0,35.0,6,30.0,2,509.0,0,209.0,13,78.0,5,1685.0,0,4107.0,0,35.0,2,198.0,2,2125.0,0,1542.0,0
939,SeLoger,620.0,15.0,41.33,Appartement,"1 pièce - 15 m², étage, dès le 15/02/2026",69009,Lyon,45.763352101993874,4.800217512834913,https://www.seloger.com/259386307/detail.htm?serp_view=list&search=distributionTypes%3DRent%26estateTypes%3DHouse%2CApartment%26locations%3DAD08FR28808%26page%3D6&sort_order_ab_test=sort_order_variant#ln=classified_search_results&m=classified_search_results_classified_classified_detail_L,Vaise / Valmy,Studio/T1,2482.0,0,181.0,1,213.0,1,1335.0,0,1363.0,0,1112.0,0,229.0,6,1218.0,0,217.0,1,515.0,0,1348.0,0,1292.0,0,285.0,5,832.0,0,233.0,1,4720.0,0,1207.0,0,1340.0,0,2681.0,0,865.0,0
940,SeLoger,896.0,37.3,24.02,Appartement,"1 pièce - 37,3 m², RDC, dès le 10/03/2026",69008,Lyon,45.73165074498,4.884390232613133,https://www.seloger.com/annonces/locations/appartement/lyon-69/260679239.htm?serp_view=list&search=distributionTypes%3DRent%26estateTypes%3DHouse%2CApartment%26locations%3DAD08FR28808%26page%3D6&sort_order_ab_test=sort_order_variant#ln=classified_search_results&m=classified_search_results_classified_classified_detail_M,Monplaisir / Bachut,Studio/T1,3854.0,0,68.0,2,173.0,1,3840.0,0,1792.0,0,1035.0,0,81.0,16,1982.0,0,617.0,0,620.0,0,371.0,2,1497.0,0,273.0,7,305.0,1,1513.0,0,6394.0,0,3354.0,0,1808.0,0,5801.0,0,2336.0,0
941,SeLoger,1257.0,71.9,17.48,Appartement,"3 pièce - 2 chambre - s, s, 71,9 m², Étage 1/5",69003,Lyon,45.752402618067535,4.87584268743218,https://www.seloger.com/annonces/locations/appartement/lyon-3eme-69/la-guillotiere-nord/259605899.htm?serp_view=list&search=distributionTypes%3DRent%26estateTypes%3DHouse%2CApartment%26locations%3DAD08FR28808%26page%3D6&sort_order_ab_test=sort_order_variant#ln=classified_search_results&m=classified_search_results_classified_classified_detail_M,Montchat,T3,1788.0,0,289.0,3,578.0,0,2178.0,0,659.0,0,794.0,0,92.0,5,1999.0,0,975.0,0,733.0,0,741.0,0,1840.0,0,10.0,10,718.0,0,894.0,0,4018.0,0,2183.0,0,1012.0,0,3752.0,0,1967.0,0
942,SeLoger,397.0,18.2,21.81,Appartement,"1 pièce - 18,2 m², étage",69007,Lyon,45.74996198675649,4.840497564886823,https://www.seloger.com/annonces/locations/appartement/lyon-69/260036985.htm?serp_view=list&search=distributionTypes%3DRent%26estateTypes%3DHouse%2CApartment%26locations%3DAD08FR28808%26page%3D6&sort_order_ab_test=sort_order_variant#ln=classified_search_results&m=classified_search_results_classified_classified_detail_M,Guillotière / Jean Macé,Studio/T1,1535.0,0,147.0,38,167.0,6,644.0,0,325.0,1,253.0,3,289.0,5,195.0,2,427.0,1,123.0,3,213.0,5,237.0,1,93.0,10,246.0,4,1080.0,0,3984.0,0,123.0,2,842.0,0,2394.0,0,1112.0,0
943,SeLoger,1400.0,74.4,18.82,Appartement,"4 pièce - 3 chambre - Duplex s, s, 74,4 m², RDC",69005,Lyon,45.763453970485735,4.818019589123511,https://www.seloger.com/annonces/locations/appartement/lyon-69/260702743.htm?serp_view=list&search=distributionTypes%3DRent%26estateTypes%3DHouse%2CApartment%26locations%3DAD08FR28808%26page%3D6&sort_order_ab_test=sort_order_variant#ln=classified_search_results&m=classified_search_results_classified_classified_detail_M,Vieux Lyon,Grand (T4+),1115.0,0,317.0,3,797.0,0,1167.0,0,355.0,1,671.0,0,219.0,3,786.0,0,523.0,0,662.0,0,793.0,0,620.0,0,107.0,3,476.0,1,1183.0,0,3588.0,0,662.0,0,1109.0,0,1428.0,0,394.0,1
944,SeLoger,590.0,21.5,27.44,Appartement,"1 pièce - 21,5 m², étage",69008,Lyon,45.73526123436104,4.864491446809214,https://www.seloger.com/annonces/locations/appartement/lyon-69/260684585.htm?serp_view=list&search=distributionTypes%3DRent%26estateTypes%3DHouse%2CApartment%26locations%3DAD08FR28808%26page%3D6&sort_order_ab_test=sort_order_variant#ln=classified_search_results&m=classified_search_results_classified_classified_detail_L,Monplaisir / Bachut,Studio/T1,2816.0,0,170.0,3,393.0,1,2498.0,0,1106.0,0,273.0,1,210.0,6,625.0,0,909.0,0,395.0,1,383.0,2,272.0,1,81.0,8,352.0,2,426.0,1,5578.0,0,1823.0,0,1090.0,0,4583.0,0,749.0,0
945,SeLoger,995.0,53.0,18.77,Appartement,"2 pièce - 1 chambre - s, , 53 m², Étage 3/4",69007,Lyon,45.74763426903394,4.839354394800538,https://www.seloger.com/annonces/locations/appartement/lyon-69/260442261.htm?serp_view=list&search=distributionTypes%3DRent%26estateTypes%3DHouse%2CApartment%26locations%3DAD08FR28808%26page%3D6&sort_order_ab_test=sort_order_variant#ln=classified_search_results&m=classified_search_results_classified_classified_detail_M,Guillotière / Jean Macé,T2,1757.0,0,55.0,16,110.0,4,891.0,0,52.0,1,430.0,1,74.0,3,218.0,2,375.0,1,235.0,2,177.0,4,287.0,1,121.0,6,138.0,2,1292.0,0,4257.0,0,235.0,1,899.0,0,2628.0,0,890.0,0
946,SeLoger,867.0,42.2,20.55,Appartement,"2 pièce - 1 chambre - s, , 42,2 m², Étage 2/2",69000,Lyon,45.760307167846435,4.85524480163455,https://www.seloger.com/annonces/locations/appartement/lyon-69/260534783.htm?serp_view=list&search=distributionTypes%3DRent%26estateTypes%3DHouse%2CApartment%26locations%3DAD08FR28808%26page%3D6&sort_order_ab_test=sort_order_variant#ln=classified_search_results&m=classified_search_results_classified_classified_detail_M,Grand Lyon / Autre,T2,60.0,1,167.0,6,104.0,1,409.0,1,797.0,0,356.0,1,164.0,5,767.0,0,966.0,0,61.0,4,287.0,4,478.0,1,361.0,5,182.0,4,676.0,0,2725.0,0,519.0,0,107.0,3,1942.0,0,1989.0,0
947,SeLoger,900.0,49.0,18.37,Appartement,"2 pièce - 1 chambre - s, , 49 m², RDC",69005,Lyon,45.75479782533862,4.82041348393387,https://www.seloger.com/annonces/locations/appartement/lyon-5eme-69/fourviere-saint-just/258969729.htm?serp_view=list&search=distributionTypes%3DRent%26estateTypes%3DHouse%2CApartment%26locations%3DAD08FR28808%26page%3D6&sort_order_ab_test=sort_order_variant#ln=classified_search_results&m=classified_search_results_classified_classified_detail_L,Vieux Lyon,T2,1378.0,0,311.0,7,271.0,1,705.0,0,449.0,1,304.0,4,134.0,4,141.0,1,419.0,1,508.0,0,469.0,1,251.0,2,84.0,12,409.0,2,1600.0,0,4171.0,0,637.0,0,738.0,0,2038.0,0,918.0,0
948,SeLoger,648.0,28.0,23.14,Appartement,"1 pièce - 28 m², étage",69009,Lyon,45.764213278669,4.80755555368838,https://www.seloger.com/annonces/locations/appartement/lyon-9eme-69/vaise-rochecardon-industrie/258928857.htm?serp_view=list&search=distributionTypes%3DRent%26estateTypes%3DHouse%2CApartment%26locations%3DAD08FR28808%26page%3D6&sort_order_ab_test=sort_order_variant#ln=classified_search_results&m=classified_search_results_classified_classified_detail_L,Vaise / Valmy,Studio/T1,1906.0,0,457.0,1,788.0,0,1115.0,0,992.0,0,897.0,0,396.0,2,811.0,0,471.0,1,101.0,1,1020.0,0,889.0,0,482.0,1,501.0,0,420.0,1,4185.0,0,1000.0,0,1135.0,0,2112.0,0,354.0,1
949,SeLoger,1500.0,99.7,15.05,Appartement,"5 pièce - 3 chambre - s, s, 99,7 m², étage",69008,Lyon,45.733946202852955,4.856909495873986,https://www.seloger.com/annonces/locations/appartement/lyon-69/260158985.htm?serp_view=list&search=distributionTypes%3DRent%26estateTypes%3DHouse%2CApartment%26locations%3DAD08FR28808%26page%3D6&sort_order_ab_test=sort_order_variant#ln=classified_search_results&m=classified_search_results_classified_classified_detail_M,Monplaisir / Bachut,Grand (T4+),2875.0,0,530.0,0,346.0,1,2361.0,0,1455.0,0,318.0,1,151.0,7,336.0,1,753.0,0,874.0,0,275.0,1,842.0,0,209.0,6,306.0,2,964.0,0,5659.0,0,1515.0,0,1450.0,0,4463.0,0,470.0,1
950,SeLoger,616.0,22.0,28.0,Appartement,"1 pièce - 22 m², étage, dès le 23/03/2026",69000,Lyon,45.75066337477453,4.837920326847218,https://www.seloger.com/annonces/locations/appartement/lyon-69/260144609.htm?serp_view=list&search=distributionTypes%3DRent%26estateTypes%3DHouse%2CApartment%26locations%3DAD08FR28808%26page%3D7&sort_order_ab_test=sort_order_variant#ln=classified_search_results&m=classified_search_results_classified_classified_detail_L,Grand Lyon / Autre,Studio/T1,1403.0,0,150.0,30,259.0,5,614.0,0,391.0,1,345.0,2,215.0,5,392.0,2,271.0,1,131.0,1,219.0,6,445.0,1,140.0,8,239.0,3,1232.0,0,3962.0,0,131.0,1,627.0,0,2277.0,0,1245.0,0
951,SeLoger,1370.0,93.8,14.61,Appartement,"3 pièce - 2 chambre - s, s, 93,8 m², étage",69009,Lyon,45.7825133794136,4.811623544103819,https://www.seloger.com/annonces/locations/appartement/lyon-69/260107399.htm?serp_view=list&search=distributionTypes%3DRent%26estateTypes%3DHouse%2CApartment%26locations%3DAD08FR28808%26page%3D7&sort_order_ab_test=sort_order_variant#ln=classified_search_results&m=classified_search_results_classified_classified_detail_M,Vaise / Valmy,T3,2180.0,0,646.0,0,438.0,1,940.0,0,420.0,1,476.0,1,328.0,4,1283.0,0,717.0,0,582.0,0,426.0,1,563.0,0,435.0,2,681.0,0,224.0,1,3200.0,0,952.0,0,967.0,0,2108.0,0,562.0,0
952,SeLoger,1290.0,77.0,16.75,Appartement,"3 pièce - 2 chambre - s, s, 77 m², Étage 4/5",69001,Lyon,45.77029104545761,4.8224367167409765,https://www.seloger.com/annonces/locations/appartement/lyon-69/260018573.htm?serp_view=list&search=distributionTypes%3DRent%26estateTypes%3DHouse%2CApartment%26locations%3DAD08FR28808%26page%3D7&sort_order_ab_test=sort_order_variant#ln=classified_search_results&m=classified_search_results_classified_classified_detail_M,Pentes Croix-Rousse,T3,818.0,0,225.0,10,611.0,0,789.0,0,479.0,1,381.0,5,93.0,9,461.0,1,1283.0,0,377.0,2,412.0,1,960.0,0,32.0,19,347.0,2,688.0,0,2850.0,0,377.0,1,881.0,0,827.0,0,1180.0,0
953,SeLoger,540.0,60.0,9.0,Appartement,"4 pièce - 3 chambre - s, s, 60 m², RDC",69009,Lyon,45.790679436191304,4.81892162132814,https://www.seloger.com/annonces/locations/appartement/lyon-9eme-69/la-duchere/259611675.htm?serp_view=list&search=distributionTypes%3DRent%26estateTypes%3DHouse%2CApartment%26locations%3DAD08FR28808%26page%3D7&sort_order_ab_test=sort_order_variant#ln=classified_search_results&m=classified_search_results_classified_classified_detail_L,Vaise / Valmy,Grand (T4+),2570.0,0,549.0,0,1219.0,0,1814.0,0,1468.0,0,1271.0,0,201.0,2,2266.0,0,718.0,0,1541.0,0,754.0,0,1023.0,0,340.0,3,848.0,0,1243.0,0,2706.0,0,1541.0,0,1876.0,0,2462.0,0,673.0,0
954,SeLoger,2350.0,100.7,23.34,Appartement,"4 pièce - 3 chambre - Duplex s, s, 100,7 m², Étage 5/5",69006,Lyon,45.76295927442806,4.858734180323119,https://www.seloger.com/annonces/locations/appartement/lyon-69/260684371.htm?serp_view=list&search=distributionTypes%3DRent%26estateTypes%3DHouse%2CApartment%26locations%3DAD08FR28808%26page%3D7&sort_order_ab_test=sort_order_variant#ln=classified_search_results&m=classified_search_results_classified_classified_detail_M,Brotteaux / Foch,Grand (T4+),441.0,1,255.0,5,309.0,3,468.0,1,807.0,0,454.0,1,314.0,5,395.0,1,802.0,0,264.0,6,136.0,4,877.0,0,286.0,6,320.0,3,1050.0,0,2467.0,0,416.0,1,213.0,3,2008.0,0,2303.0,0
955,SeLoger,1020.0,55.0,18.55,Appartement,"2 pièce - 1 chambre - s, , 55 m², RDC",69000,Lyon,45.74458218083285,4.838826751870636,https://www.seloger.com/annonces/locations/appartement/lyon-69/26ANYQMTTEIU.htm?serp_view=list&search=distributionTypes%3DRent%26estateTypes%3DHouse%2CApartment%26locations%3DAD08FR28808%26page%3D7&sort_order_ab_test=sort_order_variant#ln=classified_search_results&m=classified_search_results_classified_classified_detail_M,Grand Lyon / Autre,T2,2079.0,0,296.0,7,295.0,2,1119.0,0,295.0,1,580.0,0,359.0,2,478.0,2,593.0,0,480.0,1,181.0,4,452.0,1,159.0,4,278.0,2,1081.0,0,4596.0,0,538.0,0,1122.0,0,2956.0,0,613.0,0
956,SeLoger,1008.0,56.0,18.0,Appartement,"3 pièce - 2 chambre - s, s, 56 m², Étage 5/6",69002,Lyon,45.75960783463238,4.834024663927066,https://www.seloger.com/annonces/locations/appartement/lyon-69/260358819.htm?serp_view=list&search=distributionTypes%3DRent%26estateTypes%3DHouse%2CApartment%26locations%3DAD08FR28808%26page%3D7&sort_order_ab_test=sort_order_variant#ln=classified_search_results&m=classified_search_results_classified_classified_detail_L,Bellecour / Cordeliers,T3,372.0,1,147.0,37,82.0,5,777.0,0,28.0,20,307.0,4,130.0,11,177.0,3,369.0,1,132.0,6,249.0,1,1230.0,0,139.0,3,173.0,4,1567.0,0,3152.0,0,813.0,0,140.0,3,1253.0,0,1592.0,0
957,SeLoger,2795.0,104.0,26.88,Appartement,"3 pièce - 2 chambre - s, s, 104 m², Étage 5/6",69006,Lyon,45.769291218784666,4.855886610399899,https://www.seloger.com/annonces/locations/appartement/lyon-69/259932687.htm?serp_view=list&search=distributionTypes%3DRent%26estateTypes%3DHouse%2CApartment%26locations%3DAD08FR28808%26page%3D7&sort_order_ab_test=sort_order_variant#ln=classified_search_results&m=classified_search_results_classified_classified_detail_L,Brotteaux / Foch,T3,1059.0,0,21.0,17,91.0,4,46.0,2,184.0,8,495.0,1,254.0,5,333.0,2,90.0,1,184.0,5,260.0,2,1421.0,0,201.0,16,208.0,3,1666.0,0,1737.0,0,505.0,0,213.0,2,1577.0,0,2989.0,0
958,SeLoger,1016.0,45.0,22.58,Appartement,"2 pièce - 1 chambre - s, , 45 m², RDC/4",69000,Lyon,45.75685275743502,4.831562156550089,https://www.seloger.com/annonces/locations/appartement/lyon-69/26TAPV7FP3K7.htm?serp_view=list&search=distributionTypes%3DRent%26estateTypes%3DHouse%2CApartment%26locations%3DAD08FR28808%26page%3D7&sort_order_ab_test=sort_order_variant#ln=classified_search_results&m=classified_search_results_classified_classified_detail_M,Grand Lyon / Autre,T2,699.0,0,260.0,28,283.0,5,417.0,2,196.0,13,113.0,4,76.0,15,436.0,2,225.0,1,140.0,7,487.0,1,898.0,0,148.0,12,126.0,7,1671.0,0,3512.0,0,596.0,0,296.0,4,1562.0,0,1483.0,0
959,SeLoger,481.0,20.1,23.93,Appartement,"1 pièce - 20,1 m², Étage 3/3, dès le 19/02/2026",69000,Lyon,45.753151946915615,4.82428886217423,https://www.seloger.com/annonces/locations/appartement/lyon-69/260689571.htm?serp_view=list&search=distributionTypes%3DRent%26estateTypes%3DHouse%2CApartment%26locations%3DAD08FR28808%26page%3D7&sort_order_ab_test=sort_order_variant#ln=classified_search_results&m=classified_search_results_classified_classified_detail_M,Grand Lyon / Autre,Studio/T1,1315.0,0,246.0,12,325.0,3,390.0,2,170.0,4,226.0,2,184.0,7,391.0,1,414.0,1,177.0,5,296.0,2,212.0,1,119.0,14,212.0,4,1775.0,0,4151.0,0,287.0,1,460.0,2,2083.0,0,1248.0,0
960,SeLoger,1113.0,65.0,17.12,Appartement,"3 pièce - 2 chambre - s, s, 65 m², Étage 5/6",69003,Lyon,45.74499505254619,4.8861139039738495,https://www.seloger.com/annonces/locations/appartement/lyon-69/260677493.htm?serp_view=list&search=distributionTypes%3DRent%26estateTypes%3DHouse%2CApartment%26locations%3DAD08FR28808%26page%3D7&sort_order_ab_test=sort_order_variant#ln=classified_search_results&m=classified_search_results_classified_classified_detail_L,Montchat,T3,2898.0,0,522.0,0,576.0,0,3225.0,0,505.0,0,1054.0,0,145.0,4,2610.0,0,607.0,0,413.0,1,772.0,0,1738.0,0,334.0,4,576.0,0,1504.0,0,5122.0,0,3134.0,0,1266.0,0,4879.0,0,2431.0,0
961,SeLoger,2350.0,110.0,21.36,Maison,"5 pièce - 3 chambre - Maison s, s, 110 m², dès le 04/04/2026",69008,Lyon,45.733569490142095,4.852997669574421,https://www.seloger.com/annonces/locations/maison/lyon-69/259961619.htm?serp_view=list&search=distributionTypes%3DRent%26estateTypes%3DHouse%2CApartment%26locations%3DAD08FR28808%26page%3D7&sort_order_ab_test=sort_order_variant#ln=classified_search_results&m=classified_search_results_classified_classified_detail_M,Monplaisir / Bachut,Grand (T4+),2920.0,0,472.0,1,420.0,2,2317.0,0,1667.0,0,216.0,1,156.0,5,523.0,0,816.0,0,935.0,0,512.0,0,1139.0,0,158.0,5,178.0,2,1073.0,0,5692.0,0,1402.0,0,1650.0,0,4401.0,0,546.0,0
962,SeLoger,628.0,18.0,34.89,Appartement,"1 pièce - 18 m², Étage 4/5",69000,Lyon,45.77364725645483,4.849232573563897,https://www.seloger.com/annonces/locations/appartement/lyon-69/260892509.htm?serp_view=list&search=distributionTypes%3DRent%26estateTypes%3DHouse%2CApartment%26locations%3DAD08FR28808%26page%3D7&sort_order_ab_test=sort_order_variant#ln=classified_search_results&m=classified_search_results_classified_classified_detail_M,Grand Lyon / Autre,Studio/T1,1335.0,0,406.0,4,508.0,0,753.0,0,476.0,3,442.0,2,218.0,3,1031.0,0,692.0,0,442.0,2,560.0,0,968.0,0,183.0,10,539.0,0,1721.0,0,1265.0,0,442.0,1,506.0,0,1078.0,0,2544.0,0
963,SeLoger,964.0,54.0,17.85,Appartement,"2 pièce - 1 chambre - s, , 54 m², étage",69003,Lyon,45.7593873680909,4.862440460131034,https://www.seloger.com/annonces/locations/appartement/lyon-69/260789623.htm?serp_view=list&search=distributionTypes%3DRent%26estateTypes%3DHouse%2CApartment%26locations%3DAD08FR28808%26page%3D7&sort_order_ab_test=sort_order_variant#ln=classified_search_results&m=classified_search_results_classified_classified_detail_M,Part-Dieu / Villette,T2,551.0,0,277.0,1,340.0,2,882.0,0,931.0,0,497.0,1,69.0,5,812.0,0,1268.0,0,116.0,2,408.0,1,891.0,0,205.0,6,462.0,2,925.0,0,2919.0,0,889.0,0,522.0,0,2456.0,0,1975.0,0
964,SeLoger,684.0,50.3,13.6,Appartement,"2 pièce - 1 chambre - s, , 50,3 m², étage",69009,Lyon,45.7964198279018,4.823663258522651,https://www.seloger.com/annonces/locations/appartement/lyon-69/260684581.htm?serp_view=list&search=distributionTypes%3DRent%26estateTypes%3DHouse%2CApartment%26locations%3DAD08FR28808%26page%3D7&sort_order_ab_test=sort_order_variant#ln=classified_search_results&m=classified_search_results_classified_classified_detail_L,Vaise / Valmy,T2,3052.0,0,1241.0,0,559.0,0,2201.0,0,2200.0,0,614.0,0,272.0,3,2895.0,0,1355.0,0,1895.0,0,1467.0,0,294.0,1,95.0,2,467.0,1,1767.0,0,2603.0,0,1895.0,0,2298.0,0,2934.0,0,1172.0,0
965,SeLoger,3490.0,250.0,13.96,Maison,"6 pièce - 4 chambre - Maison s, s, 250 m², 1 000 m² de terrain",69000,Lyon,45.76355642990273,4.830728505257513,https://www.seloger.com/annonces/locations/maison/saint-cyr-au-mont-d-or-69/ouest/258575495.htm?serp_view=list&search=distributionTypes%3DRent%26estateTypes%3DHouse%2CApartment%26locations%3DAD08FR28808%26page%3D7&sort_order_ab_test=sort_order_variant#ln=classified_search_results&m=classified_search_results_classified_classified_detail_XL,Grand Lyon / Autre,Grand (T4+),247.0,3,125.0,70,156.0,6,457.0,1,164.0,25,151.0,2,84.0,4,149.0,4,584.0,0,386.0,4,355.0,3,1315.0,0,178.0,13,264.0,7,1613.0,0,2912.0,0,493.0,1,209.0,3,832.0,0,1339.0,0
966,SeLoger,910.0,31.0,29.35,Appartement,"1 pièce - 31 m², étage",69007,Lyon,45.73196782649156,4.826448730297293,https://www.seloger.com/annonces/locations/appartement/lyon-69/260638339.htm?serp_view=list&search=distributionTypes%3DRent%26estateTypes%3DHouse%2CApartment%26locations%3DAD08FR28808%26page%3D7&sort_order_ab_test=sort_order_variant#ln=classified_search_results&m=classified_search_results_classified_classified_detail_M,Gerland,Studio/T1,3492.0,0,244.0,3,849.0,0,2350.0,0,323.0,1,285.0,1,99.0,6,278.0,1,2034.0,0,80.0,1,34.0,2,256.0,2,97.0,6,294.0,1,610.0,0,6215.0,0,1452.0,0,2338.0,0,4355.0,0,1618.0,0
967,SeLoger,602.0,30.9,19.48,Appartement,"1 pièce - 30,9 m², Étage 1/2",69008,Lyon,45.74035550426478,4.863137108212497,https://www.seloger.com/annonces/locations/appartement/lyon-69/260145367.htm?serp_view=list&search=distributionTypes%3DRent%26estateTypes%3DHouse%2CApartment%26locations%3DAD08FR28808%26page%3D7&sort_order_ab_test=sort_order_variant#ln=classified_search_results&m=classified_search_results_classified_classified_detail_M,Monplaisir / Bachut,Studio/T1,2242.0,0,333.0,1,598.0,0,1982.0,0,596.0,0,347.0,1,286.0,5,1066.0,0,571.0,0,54.0,1,43.0,2,457.0,1,81.0,6,237.0,1,400.0,1,5002.0,0,1451.0,0,598.0,0,4041.0,0,580.0,0
968,SeLoger,1100.0,62.9,17.49,Appartement,"2 pièce - 1 chambre - s, , 62,9 m², Étage 4/6",69006,Lyon,45.76557593935229,4.854541420631536,https://www.seloger.com/annonces/locations/appartement/lyon-69/260060603.htm?serp_view=list&search=distributionTypes%3DRent%26estateTypes%3DHouse%2CApartment%26locations%3DAD08FR28808%26page%3D7&sort_order_ab_test=sort_order_variant#ln=classified_search_results&m=classified_search_results_classified_classified_detail_M,Brotteaux / Foch,T2,648.0,0,46.0,17,74.0,3,264.0,3,434.0,4,572.0,0,184.0,7,416.0,2,514.0,0,80.0,9,83.0,5,995.0,0,32.0,16,102.0,5,1243.0,0,2137.0,0,80.0,1,441.0,4,1589.0,0,2575.0,0
969,SeLoger,613.0,60.0,10.22,Appartement,"4 pièce - 3 chambre - s, s, 60 m², étage",69007,Lyon,45.73610041523442,4.833647270586473,https://www.seloger.com/annonces/locations/appartement/lyon-7eme-69/la-guillotiere-sud/259512529.htm?serp_view=list&search=distributionTypes%3DRent%26estateTypes%3DHouse%2CApartment%26locations%3DAD08FR28808%26page%3D7&sort_order_ab_test=sort_order_variant#ln=classified_search_results&m=classified_search_results_classified_classified_detail_L,Guillotière / Jean Macé,Grand (T4+),2985.0,0,475.0,1,188.0,1,1881.0,0,735.0,0,482.0,2,88.0,8,984.0,0,1465.0,0,245.0,2,481.0,1,693.0,0,120.0,7,191.0,1,460.0,2,5610.0,0,945.0,0,1875.0,0,3865.0,0,900.0,0
970,SeLoger,1390.0,82.8,16.79,Appartement,"3 pièce - 2 chambre - s, s, 82,8 m², Étage 5/6",69007,Lyon,45.74641147978647,4.848790612278177,https://www.seloger.com/annonces/locations/appartement/lyon-69/260812441.htm?serp_view=list&search=distributionTypes%3DRent%26estateTypes%3DHouse%2CApartment%26locations%3DAD08FR28808%26page%3D7&sort_order_ab_test=sort_order_variant#ln=classified_search_results&m=classified_search_results_classified_classified_detail_M,Guillotière / Jean Macé,T3,1571.0,0,275.0,9,233.0,3,852.0,0,345.0,1,231.0,1,199.0,7,565.0,0,486.0,1,168.0,4,170.0,1,360.0,1,170.0,9,423.0,3,949.0,0,4275.0,0,278.0,1,1328.0,0,2944.0,0,651.0,0
971,SeLoger,790.0,18.0,43.89,Appartement,"1 pièce - 18 m², étage",69003,Lyon,45.75751353460888,4.87524089407434,https://www.seloger.com/annonces/locations/appartement/lyon-69/260757611.htm?serp_view=list&search=distributionTypes%3DRent%26estateTypes%3DHouse%2CApartment%26locations%3DAD08FR28808%26page%3D7&sort_order_ab_test=sort_order_variant#ln=classified_search_results&m=classified_search_results_classified_classified_detail_M,Montchat,Studio/T1,1563.0,0,235.0,2,790.0,0,1849.0,0,844.0,0,600.0,0,374.0,2,1558.0,0,1546.0,0,922.0,0,702.0,0,1841.0,0,290.0,8,649.0,0,1308.0,0,3495.0,0,1831.0,0,1519.0,0,3424.0,0,2303.0,0
972,SeLoger,1160.0,69.1,16.79,Appartement,"3 pièce - 2 chambre - s, s, 69,1 m², étage",69008,Lyon,45.7312052630995,4.872578138501072,https://www.seloger.com/annonces/locations/appartement/lyon-69/260914825.htm?serp_view=list&search=distributionTypes%3DRent%26estateTypes%3DHouse%2CApartment%26locations%3DAD08FR28808%26page%3D7&sort_order_ab_test=sort_order_variant#ln=classified_search_results&m=classified_search_results_classified_classified_detail_M,Monplaisir / Bachut,T3,3446.0,0,180.0,1,441.0,1,3233.0,0,1607.0,0,730.0,0,267.0,8,1065.0,0,426.0,1,56.0,1,555.0,0,797.0,0,290.0,9,615.0,0,898.0,0,6150.0,0,2595.0,0,1475.0,0,5293.0,0,1515.0,0
973,SeLoger,730.0,17.0,42.94,Appartement,"1 pièce - 17 m², étage",69000,Lyon,45.764326748176,4.85063746618247,https://www.seloger.com/annonces/locations/appartement/lyon-69/259947099.htm?serp_view=list&search=distributionTypes%3DRent%26estateTypes%3DHouse%2CApartment%26locations%3DAD08FR28808%26page%3D8&sort_order_ab_test=sort_order_variant#ln=classified_search_results&m=classified_search_results_classified_classified_detail_M,Grand Lyon / Autre,Studio/T1,625.0,0,160.0,8,381.0,3,186.0,4,381.0,1,395.0,4,37.0,9,746.0,0,776.0,0,171.0,8,147.0,3,831.0,0,30.0,21,155.0,7,1110.0,0,2278.0,0,190.0,2,449.0,2,1389.0,0,2459.0,0
974,SeLoger,490.0,18.0,27.22,Appartement,"1 pièce - 18 m², RDC",69009,Lyon,45.773698022065894,4.799798927145284,https://www.seloger.com/258968375/detail.htm?serp_view=list&search=distributionTypes%3DRent%26estateTypes%3DHouse%2CApartment%26locations%3DAD08FR28808%26page%3D8&sort_order_ab_test=sort_order_variant#ln=classified_search_results&m=classified_search_results_classified_classified_detail_L,Vaise / Valmy,Studio/T1,2609.0,0,284.0,2,420.0,2,526.0,0,549.0,0,686.0,0,76.0,6,956.0,0,1208.0,0,199.0,2,384.0,2,1332.0,0,260.0,7,499.0,1,454.0,1,4288.0,0,544.0,0,570.0,0,2599.0,0,1542.0,0
975,SeLoger,1750.0,62.9,27.82,Appartement,"3 pièce - 2 chambre - s, s, 62,9 m², Étage 7/7",69006,Lyon,45.76914164196592,4.846334727139149,https://www.seloger.com/annonces/locations/appartement/lyon-69/260587601.htm?serp_view=list&search=distributionTypes%3DRent%26estateTypes%3DHouse%2CApartment%26locations%3DAD08FR28808%26page%3D8&sort_order_ab_test=sort_order_variant#ln=classified_search_results&m=classified_search_results_classified_classified_detail_M,Brotteaux / Foch,T3,1040.0,0,197.0,13,291.0,2,309.0,1,75.0,13,108.0,5,299.0,8,785.0,0,791.0,0,117.0,3,408.0,2,1120.0,0,90.0,21,177.0,5,1708.0,0,1807.0,0,117.0,2,113.0,3,854.0,0,2584.0,0
976,SeLoger,1310.0,58.8,22.28,Appartement,"3 pièce - 2 chambre - s, s, 58,8 m², Étage 1/7",69006,Lyon,45.76589538857688,4.849165628177397,https://www.seloger.com/annonces/locations/appartement/lyon-69/259902313.htm?serp_view=list&search=distributionTypes%3DRent%26estateTypes%3DHouse%2CApartment%26locations%3DAD08FR28808%26page%3D8&sort_order_ab_test=sort_order_variant#ln=classified_search_results&m=classified_search_results_classified_classified_detail_L,Brotteaux / Foch,T3,833.0,0,113.0,17,233.0,3,276.0,4,331.0,14,188.0,8,186.0,8,824.0,0,727.0,0,200.0,10,350.0,4,1019.0,0,56.0,21,302.0,7,1302.0,0,2116.0,0,326.0,4,320.0,4,1200.0,0,2648.0,0
977,SeLoger,1130.0,73.0,15.48,Appartement,"2 pièce - 1 chambre - s, , 73 m², Étage 4/5",69001,Lyon,45.76811869318686,4.830862078344672,https://www.seloger.com/annonces/locations/appartement/lyon-69/260095661.htm?serp_view=list&search=distributionTypes%3DRent%26estateTypes%3DHouse%2CApartment%26locations%3DAD08FR28808%26page%3D8&sort_order_ab_test=sort_order_variant#ln=classified_search_results&m=classified_search_results_classified_classified_detail_L,Terreaux / Hotel de Ville,T2,160.0,3,28.0,80,102.0,8,96.0,1,96.0,9,123.0,9,281.0,5,162.0,6,1089.0,0,155.0,7,85.0,4,827.0,0,55.0,20,85.0,5,1194.0,0,2512.0,0,155.0,3,580.0,0,349.0,1,1516.0,0
978,SeLoger,589.0,14.0,42.07,Studio,"4 pièce - 3 chambre - Studio s, s, 14 m², étage",69000,Lyon,45.78195245417244,4.8334504726632685,https://www.seloger.com/annonces/locations/appartement/villeurbanne-69/la-doua/254384003.htm?serp_view=list&search=distributionTypes%3DRent%26estateTypes%3DHouse%2CApartment%26locations%3DAD08FR28808%26page%3D8&sort_order_ab_test=sort_order_variant#ln=classified_search_results&m=classified_search_results_classified_classified_detail_XL,Grand Lyon / Autre,Grand (T4+),1358.0,0,259.0,7,309.0,1,461.0,1,718.0,0,519.0,0,96.0,7,1155.0,0,74.0,9,176.0,4,293.0,1,220.0,1,242.0,7,287.0,1,501.0,0,1530.0,0,180.0,1,593.0,0,1201.0,0,1088.0,0
979,SeLoger,1058.0,81.0,13.06,Appartement,"3 pièce - 2 chambre - s, s, 81 m², étage",69001,Lyon,45.76726172045143,4.821530201788467,https://www.seloger.com/annonces/locations/appartement/lyon-69/260089259.htm?serp_view=list&search=distributionTypes%3DRent%26estateTypes%3DHouse%2CApartment%26locations%3DAD08FR28808%26page%3D8&sort_order_ab_test=sort_order_variant#ln=classified_search_results&m=classified_search_results_classified_classified_detail_M,Terreaux / Hotel de Ville,T3,824.0,0,43.0,12,620.0,0,801.0,0,158.0,1,248.0,5,150.0,7,388.0,1,990.0,0,237.0,2,549.0,0,1117.0,0,277.0,12,681.0,0,1017.0,0,3107.0,0,237.0,1,1023.0,0,980.0,0,875.0,0
980,SeLoger,835.0,45.4,18.39,Appartement,"2 pièce - 1 chambre - s, , 45,4 m², étage",69003,Lyon,45.74955205810701,4.879133377465095,https://www.seloger.com/annonces/locations/appartement/lyon-69/260032795.htm?serp_view=list&search=distributionTypes%3DRent%26estateTypes%3DHouse%2CApartment%26locations%3DAD08FR28808%26page%3D8&sort_order_ab_test=sort_order_variant#ln=classified_search_results&m=classified_search_results_classified_classified_detail_M,Montchat,T2,2167.0,0,179.0,3,171.0,1,2571.0,0,254.0,1,1098.0,0,167.0,7,2406.0,0,661.0,0,329.0,1,735.0,0,1683.0,0,81.0,8,598.0,0,976.0,0,4416.0,0,2560.0,0,927.0,0,4142.0,0,2039.0,0
981,SeLoger,861.0,31.2,27.6,Appartement,"3 pièce - 2 chambre - s, s, 31,2 m², Étage 4/4",69003,Lyon,45.74748866939144,4.86419890389183,https://www.seloger.com/annonces/locations/appartement/lyon-3eme-69/sans-souci-dauphine/259576803.htm?serp_view=list&search=distributionTypes%3DRent%26estateTypes%3DHouse%2CApartment%26locations%3DAD08FR28808%26page%3D8&sort_order_ab_test=sort_order_variant#ln=classified_search_results&m=classified_search_results_classified_classified_detail_L,Part-Dieu / Villette,T3,1529.0,0,132.0,4,349.0,2,1544.0,0,334.0,1,195.0,1,122.0,5,1405.0,0,977.0,0,551.0,0,302.0,1,1170.0,0,36.0,13,173.0,3,219.0,1,4238.0,0,1458.0,0,266.0,1,3444.0,0,914.0,0
982,SeLoger,940.0,46.7,20.13,Appartement,"2 pièce - 1 chambre - s, , 46,7 m², Étage 5/6",69009,Lyon,45.77031450039563,4.806751069212011,https://www.seloger.com/annonces/locations/appartement/lyon-69/260271023.htm?serp_view=list&search=distributionTypes%3DRent%26estateTypes%3DHouse%2CApartment%26locations%3DAD08FR28808%26page%3D8&sort_order_ab_test=sort_order_variant#ln=classified_search_results&m=classified_search_results_classified_classified_detail_M,Vaise / Valmy,T2,2004.0,0,226.0,5,250.0,3,440.0,1,492.0,1,460.0,1,78.0,6,375.0,1,1079.0,0,103.0,2,500.0,1,1125.0,0,150.0,7,387.0,3,936.0,0,3914.0,0,320.0,2,456.0,1,2042.0,0,949.0,0
983,SeLoger,950.0,56.0,16.96,Appartement,"3 pièce - 2 chambre - s, s, 56 m², étage",69008,Lyon,45.74562796407834,4.870209868574838,https://www.seloger.com/annonces/locations/appartement/lyon-69/260140899.htm?serp_view=list&search=distributionTypes%3DRent%26estateTypes%3DHouse%2CApartment%26locations%3DAD08FR28808%26page%3D8&sort_order_ab_test=sort_order_variant#ln=classified_search_results&m=classified_search_results_classified_classified_detail_L,Monplaisir / Bachut,T3,1950.0,0,149.0,3,191.0,3,2053.0,0,274.0,1,633.0,0,151.0,5,1744.0,0,579.0,0,130.0,2,162.0,3,983.0,0,89.0,14,225.0,4,308.0,1,4556.0,0,1901.0,0,147.0,2,3909.0,0,1239.0,0
984,SeLoger,780.0,48.0,16.25,Appartement,"2 pièce - 1 chambre - s, , 48 m², étage",69003,Lyon,45.74475404527029,4.878145862073835,https://www.seloger.com/annonces/locations/appartement/lyon-69/260919221.htm?serp_view=list&search=distributionTypes%3DRent%26estateTypes%3DHouse%2CApartment%26locations%3DAD08FR28808%26page%3D8&sort_order_ab_test=sort_order_variant#ln=classified_search_results&m=classified_search_results_classified_classified_detail_M,Montchat,T2,2432.0,0,424.0,3,122.0,3,2654.0,0,372.0,1,912.0,0,431.0,2,2120.0,0,130.0,4,451.0,1,395.0,2,1225.0,0,225.0,2,353.0,1,908.0,0,4864.0,0,2516.0,0,648.0,0,4417.0,0,1821.0,0
985,SeLoger,1060.0,33.2,31.93,Appartement,"2 pièce - 1 chambre - s, , 33,2 m², étage",69002,Lyon,45.75445805379139,4.830350525683155,https://www.seloger.com/annonces/locations/appartement/lyon-2eme-69/cordeliers-celestins-bourse/260914821.htm?serp_view=list&search=distributionTypes%3DRent%26estateTypes%3DHouse%2CApartment%26locations%3DAD08FR28808%26page%3D8&sort_order_ab_test=sort_order_variant#ln=classified_search_results&m=classified_search_results_classified_classified_detail_M,Ainay,T2,981.0,0,30.0,13,153.0,2,139.0,2,150.0,13,289.0,4,118.0,15,705.0,0,438.0,2,168.0,8,334.0,2,704.0,0,121.0,12,57.0,6,1744.0,0,3791.0,0,322.0,2,34.0,2,1836.0,0,1516.0,0
986,SeLoger,787.0,45.9,17.15,Appartement,"2 pièce - 1 chambre - s, , 45,9 m², étage",69003,Lyon,45.756974752754054,4.8532126869202665,https://www.seloger.com/annonces/locations/appartement/lyon-69/260836549.htm?serp_view=list&search=distributionTypes%3DRent%26estateTypes%3DHouse%2CApartment%26locations%3DAD08FR28808%26page%3D8&sort_order_ab_test=sort_order_variant#ln=classified_search_results&m=classified_search_results_classified_classified_detail_M,Part-Dieu / Villette,T2,353.0,1,54.0,7,506.0,0,618.0,0,432.0,3,115.0,5,125.0,10,1169.0,0,743.0,0,374.0,4,490.0,1,131.0,1,73.0,8,450.0,2,281.0,1,3089.0,0,398.0,1,502.0,0,2088.0,0,1624.0,0
987,SeLoger,1054.0,64.0,16.47,Appartement,"3 pièce - 2 chambre - s, s, 64 m², étage",69008,Lyon,45.739882725766506,4.869960237171366,https://www.seloger.com/annonces/locations/appartement/lyon-69/260295573.htm?serp_view=list&search=distributionTypes%3DRent%26estateTypes%3DHouse%2CApartment%26locations%3DAD08FR28808%26page%3D8&sort_order_ab_test=sort_order_variant#ln=classified_search_results&m=classified_search_results_classified_classified_detail_M,Monplaisir / Bachut,T3,2485.0,0,331.0,3,516.0,0,2394.0,0,629.0,0,285.0,1,237.0,3,1290.0,0,685.0,0,289.0,2,304.0,5,395.0,1,67.0,13,410.0,2,247.0,1,5165.0,0,1969.0,0,495.0,1,4385.0,0,1104.0,0
988,SeLoger,1025.0,70.0,14.64,Appartement,"2 pièce - 1 chambre - s, , 70 m², Étage 4/4",69002,Lyon,45.75305241617431,4.8294377707616025,https://www.seloger.com/annonces/locations/appartement/lyon-69/260189987.htm?serp_view=list&search=distributionTypes%3DRent%26estateTypes%3DHouse%2CApartment%26locations%3DAD08FR28808%26page%3D8&sort_order_ab_test=sort_order_variant#ln=classified_search_results&m=classified_search_results_classified_classified_detail_L,Ainay,T2,1151.0,0,98.0,13,68.0,3,46.0,2,93.0,7,263.0,2,259.0,16,541.0,0,547.0,0,26.0,7,163.0,2,607.0,0,126.0,14,78.0,5,1814.0,0,3963.0,0,162.0,2,83.0,2,2000.0,0,1547.0,0
989,SeLoger,860.0,53.0,16.23,Appartement,"2 pièce - 1 chambre - s, , 53 m², étage",69007,Lyon,45.75247893963041,4.847068128840717,https://www.seloger.com/annonces/locations/appartement/lyon-7eme-69/jean-mace/258877567.htm?serp_view=list&search=distributionTypes%3DRent%26estateTypes%3DHouse%2CApartment%26locations%3DAD08FR28808%26page%3D8&sort_order_ab_test=sort_order_variant#ln=classified_search_results&m=classified_search_results_classified_classified_detail_L,Guillotière / Jean Macé,T2,1035.0,0,85.0,35,68.0,5,165.0,1,315.0,4,82.0,7,202.0,8,595.0,0,168.0,1,161.0,4,382.0,8,547.0,0,64.0,10,223.0,5,499.0,1,3616.0,0,227.0,1,1163.0,0,2267.0,0,1274.0,0
990,SeLoger,995.0,52.9,18.81,Appartement,"2 pièce - 1 chambre - s, , 52,9 m², RDC/6",69006,Lyon,45.76431194533754,4.864541964197884,https://www.seloger.com/annonces/locations/appartement/lyon-69/259954741.htm?serp_view=list&search=distributionTypes%3DRent%26estateTypes%3DHouse%2CApartment%26locations%3DAD08FR28808%26page%3D8&sort_order_ab_test=sort_order_variant#ln=classified_search_results&m=classified_search_results_classified_classified_detail_M,Brotteaux / Foch,T2,873.0,0,56.0,5,90.0,1,735.0,0,786.0,0,77.0,2,117.0,8,440.0,1,890.0,0,105.0,1,561.0,0,1305.0,0,197.0,3,128.0,1,1423.0,0,2450.0,0,808.0,0,678.0,0,2363.0,0,2546.0,0
991,SeLoger,1062.0,53.6,19.81,Appartement,"2 pièce - 1 chambre - s, , 53,6 m², Étage 4/4",69007,Lyon,45.740068528275366,4.835574013031015,https://www.seloger.com/annonces/locations/appartement/lyon-69/260817705.htm?serp_view=list&search=distributionTypes%3DRent%26estateTypes%3DHouse%2CApartment%26locations%3DAD08FR28808%26page%3D8&sort_order_ab_test=sort_order_variant#ln=classified_search_results&m=classified_search_results_classified_classified_detail_M,Guillotière / Jean Macé,T2,2548.0,0,163.0,2,487.0,1,1475.0,0,840.0,0,628.0,0,143.0,7,1032.0,0,1020.0,0,574.0,0,405.0,2,891.0,0,163.0,7,471.0,1,647.0,0,5145.0,0,574.0,0,1472.0,0,3429.0,0,626.0,0
992,SeLoger,1962.0,105.7,18.56,Appartement,"4 pièce - 3 chambre - s, s, 105,7 m², étage",69006,Lyon,45.76789279016253,4.841227826432203,https://www.seloger.com/annonces/locations/appartement/lyon-69/260741493.htm?serp_view=list&search=distributionTypes%3DRent%26estateTypes%3DHouse%2CApartment%26locations%3DAD08FR28808%26page%3D8&sort_order_ab_test=sort_order_variant#ln=classified_search_results&m=classified_search_results_classified_classified_detail_M,Brotteaux / Foch,Grand (T4+),674.0,0,168.0,31,347.0,2,342.0,1,91.0,7,262.0,8,131.0,12,412.0,2,1196.0,0,250.0,8,336.0,1,946.0,0,133.0,17,95.0,8,1576.0,0,2078.0,0,218.0,1,242.0,2,567.0,0,2247.0,0
993,SeLoger,1740.0,99.3,17.52,Appartement,"3 pièce - 2 chambre - s, s, 99,3 m², étage",69006,Lyon,45.76721790712465,4.85500110296909,https://www.seloger.com/annonces/locations/appartement/lyon-69/260741523.htm?serp_view=list&search=distributionTypes%3DRent%26estateTypes%3DHouse%2CApartment%26locations%3DAD08FR28808%26page%3D8&sort_order_ab_test=sort_order_variant#ln=classified_search_results&m=classified_search_results_classified_classified_detail_M,Brotteaux / Foch,T3,828.0,0,43.0,19,181.0,3,127.0,3,300.0,8,549.0,0,203.0,6,375.0,2,329.0,1,104.0,8,175.0,5,1181.0,0,72.0,18,136.0,2,1428.0,0,1958.0,0,265.0,1,284.0,2,1560.0,0,2757.0,0
994,SeLoger,1420.0,70.1,20.26,Appartement,"3 pièce - 2 chambre - s, s, 70,1 m², Étage 5/8",69009,Lyon,45.79557301583465,4.824354376568197,https://www.seloger.com/annonces/locations/appartement/lyon-69/260159413.htm?serp_view=list&search=distributionTypes%3DRent%26estateTypes%3DHouse%2CApartment%26locations%3DAD08FR28808%26page%3D8&sort_order_ab_test=sort_order_variant#ln=classified_search_results&m=classified_search_results_classified_classified_detail_M,Vaise / Valmy,T3,2948.0,0,1213.0,0,552.0,0,2094.0,0,2156.0,0,606.0,0,218.0,2,2789.0,0,1273.0,0,1788.0,0,1434.0,0,380.0,1,26.0,1,544.0,0,1666.0,0,2510.0,0,1788.0,0,2192.0,0,2830.0,0,1200.0,0
995,SeLoger,950.0,56.9,16.7,Appartement,"2 pièce - 1 chambre - s, , 56,9 m², Étage 3/6",69002,Lyon,45.74291619038557,4.819298463274723,https://www.seloger.com/annonces/locations/appartement/lyon-69/260822363.htm?serp_view=list&search=distributionTypes%3DRent%26estateTypes%3DHouse%2CApartment%26locations%3DAD08FR28808%26page%3D8&sort_order_ab_test=sort_order_variant#ln=classified_search_results&m=classified_search_results_classified_classified_detail_M,Confluence,T2,2495.0,0,152.0,5,117.0,1,1405.0,0,234.0,2,113.0,1,62.0,7,616.0,0,1413.0,0,92.0,4,299.0,1,1103.0,0,103.0,6,460.0,1,735.0,0,5328.0,0,982.0,0,1400.0,0,3286.0,0,1913.0,0
996,SeLoger,1540.0,72.0,21.39,Appartement,"3 pièce - 2 chambre - s, s, 72 m², étage",69002,Lyon,45.76289576724784,4.835633872886635,https://www.seloger.com/annonces/locations/appartement/lyon-69/260317225.htm?serp_view=list&search=distributionTypes%3DRent%26estateTypes%3DHouse%2CApartment%26locations%3DAD08FR28808%26page%3D8&sort_order_ab_test=sort_order_variant#ln=classified_search_results&m=classified_search_results_classified_classified_detail_L,Bellecour / Cordeliers,T3,143.0,2,43.0,56,233.0,8,556.0,0,47.0,18,249.0,3,337.0,2,264.0,4,687.0,0,170.0,7,139.0,1,1355.0,0,295.0,8,232.0,6,1631.0,0,2770.0,0,448.0,1,179.0,3,908.0,0,1708.0,0
997,SeLoger,737.0,36.0,20.47,Appartement,"1 pièce - 36 m², RDC, dès le 02/03/2026",69003,Lyon,45.75342820934087,4.885334810379732,https://www.seloger.com/annonces/locations/appartement/lyon-69/260083065.htm?serp_view=list&search=distributionTypes%3DRent%26estateTypes%3DHouse%2CApartment%26locations%3DAD08FR28808%26page%3D9&sort_order_ab_test=sort_order_variant#ln=classified_search_results&m=classified_search_results_classified_classified_detail_M,Montchat,Studio/T1,2431.0,0,68.0,3,83.0,1,2749.0,0,79.0,3,525.0,0,65.0,5,2456.0,0,1211.0,0,465.0,1,1381.0,0,2316.0,0,238.0,3,207.0,3,1580.0,0,4303.0,0,2735.0,0,1572.0,0,4328.0,0,2659.0,0
998,SeLoger,710.0,55.0,12.91,Appartement,"3 pièce - 2 chambre - s, s, 55 m², étage",69007,Lyon,45.73009116237117,4.828094613201211,https://www.seloger.com/annonces/locations/appartement/lyon-7eme-69/jean-mace/258787847.htm?serp_view=list&search=distributionTypes%3DRent%26estateTypes%3DHouse%2CApartment%26locations%3DAD08FR28808%26page%3D9&sort_order_ab_test=sort_order_variant#ln=classified_search_results&m=classified_search_results_classified_classified_detail_L,Gerland,T3,3680.0,0,204.0,4,749.0,0,2543.0,0,121.0,1,315.0,1,128.0,5,417.0,1,2197.0,0,181.0,2,139.0,3,101.0,2,258.0,4,57.0,2,430.0,1,6373.0,0,1626.0,0,2533.0,0,4550.0,0,1649.0,0
999,SeLoger,1169.0,50.0,23.38,Appartement,"2 pièce - 1 chambre - s, , 50 m², Étage 2/6",69002,Lyon,45.74524321054456,4.823933346985833,https://www.seloger.com/annonces/locations/appartement/lyon-69/260516137.htm?serp_view=list&search=distributionTypes%3DRent%26estateTypes%3DHouse%2CApartment%26locations%3DAD08FR28808%26page%3D9&sort_order_ab_test=sort_order_variant#ln=classified_search_results&m=classified_search_results_classified_classified_detail_M,Confluence,T2,2112.0,0,120.0,6,536.0,0,999.0,0,607.0,0,541.0,0,5.0,4,505.0,0,973.0,0,301.0,2,226.0,1,849.0,0,153.0,6,92.0,2,896.0,0,4930.0,0,613.0,0,982.0,0,2935.0,0,1628.0,0
1000,SeLoger,1045.0,74.0,14.12,Appartement,"3 pièce - 2 chambre - s, s, 74 m², Étage - 5/7",69000,Lyon,45.76334276032067,4.845383828639775,https://www.seloger.com/annonces/locations/appartement/lyon-69/26IG2EHP56NW.htm?serp_view=list&search=distributionTypes%3DRent%26estateTypes%3DHouse%2CApartment%26locations%3DAD08FR28808%26page%3D9&sort_order_ab_test=sort_order_variant#ln=classified_search_results&m=classified_search_results_classified_classified_detail_M,Grand Lyon / Autre,T3,869.0,0,47.0,13,263.0,2,91.0,4,53.0,5,72.0,13,233.0,10,764.0,0,699.0,0,68.0,9,281.0,1,863.0,0,228.0,14,150.0,7,1144.0,0,2449.0,0,202.0,3,416.0,1,1156.0,0,2441.0,0
1001,SeLoger,1001.0,55.0,18.2,Appartement,"3 pièce - 2 chambre - s, s, 55 m², étage",69003,Lyon,45.7581920611277,4.856481755497933,https://www.seloger.com/annonces/locations/appartement/lyon-69/259419669.htm?serp_view=list&search=distributionTypes%3DRent%26estateTypes%3DHouse%2CApartment%26locations%3DAD08FR28808%26page%3D9&sort_order_ab_test=sort_order_variant#ln=classified_search_results&m=classified_search_results_classified_classified_detail_M,Part-Dieu / Villette,T3,196.0,1,244.0,6,339.0,1,662.0,0,582.0,0,275.0,2,195.0,4,952.0,0,1003.0,0,195.0,3,416.0,1,411.0,1,313.0,4,433.0,1,502.0,0,2968.0,0,653.0,0,356.0,3,2168.0,0,1758.0,0
1002,SeLoger,1187.0,54.3,21.86,Appartement,"2 pièce - 1 chambre - s, , 54,3 m², étage",69004,Lyon,45.77636878222053,4.817480453172586,https://www.seloger.com/annonces/locations/appartement/lyon-69/260741531.htm?serp_view=list&search=distributionTypes%3DRent%26estateTypes%3DHouse%2CApartment%26locations%3DAD08FR28808%26page%3D9&sort_order_ab_test=sort_order_variant#ln=classified_search_results&m=classified_search_results_classified_classified_detail_M,Croix-Rousse Plateau,T2,1408.0,0,498.0,1,713.0,0,813.0,0,777.0,0,727.0,0,60.0,8,759.0,0,658.0,0,884.0,0,511.0,0,257.0,2,256.0,7,473.0,1,268.0,2,2891.0,0,827.0,0,836.0,0,1355.0,0,668.0,0
1003,SeLoger,1350.0,75.0,18.0,Appartement,"3 pièce - 2 chambre - Duplex s, s, 75 m², Étage 2/5",69001,Lyon,45.769262016927,4.824308332199273,https://www.seloger.com/annonces/locations/appartement/lyon-69/260899943.htm?serp_view=list&search=distributionTypes%3DRent%26estateTypes%3DHouse%2CApartment%26locations%3DAD08FR28808%26page%3D9&sort_order_ab_test=sort_order_variant#ln=classified_search_results&m=classified_search_results_classified_classified_detail_L,Pentes Croix-Rousse,T3,658.0,0,80.0,27,446.0,1,613.0,0,416.0,2,225.0,7,50.0,8,279.0,1,1280.0,0,224.0,2,348.0,1,974.0,0,107.0,21,497.0,1,833.0,0,2800.0,0,224.0,1,859.0,0,702.0,0,1185.0,0
1004,SeLoger,1063.0,61.0,17.43,Appartement,"2 pièce - 2 chambre - s, s, 61 m², étage",69003,Lyon,45.74837427947,4.8902334047014655,https://www.seloger.com/annonces/locations/appartement/lyon-69/260864487.htm?serp_view=list&search=distributionTypes%3DRent%26estateTypes%3DHouse%2CApartment%26locations%3DAD08FR28808%26page%3D9&sort_order_ab_test=sort_order_variant#ln=classified_search_results&m=classified_search_results_classified_classified_detail_M,Montchat,T2,2988.0,0,352.0,2,761.0,0,3361.0,0,362.0,2,587.0,0,258.0,7,3091.0,0,700.0,0,336.0,1,1202.0,0,2210.0,0,91.0,6,333.0,1,1807.0,0,4981.0,0,3349.0,0,1646.0,0,4934.0,0,2819.0,0
1005,SeLoger,830.0,45.0,18.44,Appartement,"2 pièce - 1 chambre - s, , 45 m², Étage 1/5",69000,Lyon,45.756962732896106,4.829525187283606,https://www.seloger.com/2616ytuygijy/detail.htm?serp_view=list&search=distributionTypes%3DRent%26estateTypes%3DHouse%2CApartment%26locations%3DAD08FR28808%26page%3D9&sort_order_ab_test=sort_order_variant#ln=classified_search_results&m=classified_search_results_classified_classified_detail_M,Grand Lyon / Autre,T2,743.0,0,103.0,28,233.0,4,391.0,2,110.0,11,90.0,4,83.0,17,475.0,2,156.0,2,21.0,8,365.0,1,774.0,0,61.0,13,236.0,9,1829.0,0,3578.0,0,547.0,0,281.0,3,1569.0,0,1332.0,0
1006,SeLoger,850.0,29.0,29.31,Appartement,"1 pièce - 29 m², Étage 3/5, disponible dès maintenant",69000,Lyon,45.769229199379126,4.841524920577057,https://www.seloger.com/annonces/locations/appartement/lyon-69/26RDES2EBB7C.htm?serp_view=list&search=distributionTypes%3DRent%26estateTypes%3DHouse%2CApartment%26locations%3DAD08FR28808%26page%3D9&sort_order_ab_test=sort_order_variant#ln=classified_search_results&m=classified_search_results_classified_classified_detail_M,Grand Lyon / Autre,Studio/T1,667.0,0,91.0,24,413.0,1,415.0,1,183.0,6,160.0,5,19.0,18,412.0,2,1162.0,0,291.0,6,442.0,1,840.0,0,162.0,16,72.0,6,1480.0,0,1934.0,0,310.0,2,319.0,2,502.0,0,2280.0,0
1007,SeLoger,1601.0,95.5,16.76,Appartement,"4 pièce - 2 chambre - s, s, 95,5 m², étage",69006,Lyon,45.768237088610405,4.860273678305112,https://www.seloger.com/annonces/locations/appartement/lyon-69/258873973.htm?serp_view=list&search=distributionTypes%3DRent%26estateTypes%3DHouse%2CApartment%26locations%3DAD08FR28808%26page%3D9&sort_order_ab_test=sort_order_variant#ln=classified_search_results&m=classified_search_results_classified_classified_detail_M,Brotteaux / Foch,Grand (T4+),1015.0,0,140.0,10,268.0,3,301.0,2,242.0,2,136.0,1,226.0,2,53.0,2,355.0,1,52.0,3,459.0,1,1434.0,0,228.0,9,225.0,2,1637.0,0,1927.0,0,602.0,0,568.0,0,1932.0,0,2901.0,0
1008,SeLoger,1059.0,36.9,28.7,Appartement,"2 pièce - 1 chambre - s, , 36,9 m², étage",69005,Lyon,45.759080321239985,4.8069482675477015,https://www.seloger.com/annonces/locations/appartement/lyon-69/260607035.htm?serp_view=list&search=distributionTypes%3DRent%26estateTypes%3DHouse%2CApartment%26locations%3DAD08FR28808%26page%3D9&sort_order_ab_test=sort_order_variant#ln=classified_search_results&m=classified_search_results_classified_classified_detail_L,Point du Jour / St Just,T2,2081.0,0,757.0,0,414.0,1,1686.0,0,1294.0,0,407.0,1,438.0,3,1127.0,0,466.0,1,486.0,1,680.0,0,645.0,0,231.0,5,512.0,0,482.0,1,4559.0,0,1569.0,0,1705.0,0,2412.0,0,498.0,1
1009,SeLoger,650.0,46.0,14.13,Appartement,"2 pièce - 1 chambre - s, , 46 m², étage",69005,Lyon,45.75884155165948,4.808901433595674,https://www.seloger.com/annonces/locations/appartement/lyon-69/260031927.htm?serp_view=list&search=distributionTypes%3DRent%26estateTypes%3DHouse%2CApartment%26locations%3DAD08FR28808%26page%3D9&sort_order_ab_test=sort_order_variant#ln=classified_search_results&m=classified_search_results_classified_classified_detail_L,Point du Jour / St Just,T2,1950.0,0,606.0,0,380.0,1,1692.0,0,1197.0,0,298.0,1,437.0,1,986.0,0,367.0,1,509.0,0,531.0,0,491.0,1,246.0,6,407.0,1,610.0,0,4459.0,0,1535.0,0,1702.0,0,2302.0,0,435.0,2
1010,SeLoger,1003.0,59.0,17.0,Appartement,"3 pièce - 2 chambre - s, s, 59 m², étage",69007,Lyon,45.74592892765281,4.837327557540942,https://www.seloger.com/annonces/locations/appartement/lyon-69/260013781.htm?serp_view=list&search=distributionTypes%3DRent%26estateTypes%3DHouse%2CApartment%26locations%3DAD08FR28808%26page%3D9&sort_order_ab_test=sort_order_variant#ln=classified_search_results&m=classified_search_results_classified_classified_detail_L,Guillotière / Jean Macé,T3,1912.0,0,114.0,8,113.0,2,930.0,0,195.0,1,667.0,0,225.0,3,446.0,2,406.0,1,441.0,3,88.0,3,516.0,0,43.0,3,112.0,2,1240.0,0,4480.0,0,441.0,2,933.0,0,2792.0,0,803.0,0
1011,SeLoger,1500.0,134.3,11.17,Appartement,"4 pièce - 3 chambre - s, s, 134,3 m², Étage 3/3",69003,Lyon,45.75455004648231,4.844180771327583,https://www.seloger.com/annonces/locations/appartement/lyon-69/260005347.htm?serp_view=list&search=distributionTypes%3DRent%26estateTypes%3DHouse%2CApartment%26locations%3DAD08FR28808%26page%3D9&sort_order_ab_test=sort_order_variant#ln=classified_search_results&m=classified_search_results_classified_classified_detail_M,Préfecture / Quais,Grand (T4+),1044.0,0,80.0,42,102.0,6,198.0,1,41.0,3,221.0,10,157.0,13,694.0,0,164.0,3,249.0,5,128.0,10,626.0,0,137.0,13,196.0,2,671.0,0,3424.0,0,337.0,2,1083.0,0,1971.0,0,1586.0,0
1012,SeLoger,1557.0,96.6,16.12,Appartement,"3 pièce - s, 96,6 m², Étage 5/7",69003,Lyon,45.75474585261125,4.867667077201953,https://www.seloger.com/annonces/locations/appartement/lyon-69/259935073.htm?serp_view=list&search=distributionTypes%3DRent%26estateTypes%3DHouse%2CApartment%26locations%3DAD08FR28808%26page%3D9&sort_order_ab_test=sort_order_variant#ln=classified_search_results&m=classified_search_results_classified_classified_detail_M,Part-Dieu / Villette,T3,1107.0,0,88.0,3,317.0,1,1515.0,0,1003.0,0,211.0,1,171.0,10,1438.0,0,1433.0,0,423.0,1,55.0,1,1274.0,0,212.0,15,35.0,2,835.0,0,3531.0,0,1542.0,0,1049.0,0,3083.0,0,1690.0,0
1013,SeLoger,730.0,38.6,18.91,Appartement,"1 pièce - 38,6 m², Étage 1/5",69001,Lyon,45.76763859488439,4.818132564091955,https://www.seloger.com/annonces/locations/appartement/lyon-69/260741499.htm?serp_view=list&search=distributionTypes%3DRent%26estateTypes%3DHouse%2CApartment%26locations%3DAD08FR28808%26page%3D9&sort_order_ab_test=sort_order_variant#ln=classified_search_results&m=classified_search_results_classified_classified_detail_M,Terreaux / Hotel de Ville,Studio/T1,1089.0,0,87.0,5,877.0,0,1064.0,0,203.0,1,513.0,0,160.0,6,635.0,0,847.0,0,502.0,0,802.0,0,1069.0,0,374.0,6,699.0,0,1001.0,0,3292.0,0,502.0,0,1142.0,0,1212.0,0,755.0,0
1014,SeLoger,1307.0,76.6,17.06,Appartement,"3 pièce - 2 chambre - s, s, 76,6 m², étage",69009,Lyon,45.76697410732155,4.808331879272568,https://www.seloger.com/annonces/locations/appartement/lyon-69/260681491.htm?serp_view=list&search=distributionTypes%3DRent%26estateTypes%3DHouse%2CApartment%26locations%3DAD08FR28808%26page%3D9&sort_order_ab_test=sort_order_variant#ln=classified_search_results&m=classified_search_results_classified_classified_detail_M,Vaise / Valmy,T3,1844.0,0,170.0,1,640.0,0,811.0,0,873.0,0,809.0,0,153.0,3,508.0,0,689.0,0,408.0,2,886.0,0,1106.0,0,329.0,5,702.0,0,667.0,0,3973.0,0,702.0,0,833.0,0,1966.0,0,559.0,0
1015,SeLoger,765.0,32.9,23.25,Appartement,"1 pièce - 32,9 m², RDC/2",69007,Lyon,45.738888710225,4.850084174342281,https://www.seloger.com/annonces/locations/appartement/lyon-69/260138549.htm?serp_view=list&search=distributionTypes%3DRent%26estateTypes%3DHouse%2CApartment%26locations%3DAD08FR28808%26page%3D10&sort_order_ab_test=sort_order_variant#ln=classified_search_results&m=classified_search_results_classified_classified_detail_M,Guillotière / Jean Macé,Studio/T1,2358.0,0,663.0,0,263.0,1,1693.0,0,1184.0,0,460.0,1,97.0,4,236.0,1,366.0,8,693.0,0,356.0,1,801.0,0,198.0,2,441.0,2,949.0,0,5104.0,0,771.0,0,1421.0,0,3769.0,0,447.0,2
1016,SeLoger,1270.0,86.1,14.75,Appartement,"3 pièce - 2 chambre - s, s, 86,1 m², Étage 1/3",69001,Lyon,45.76883641549678,4.826914098540339,https://www.seloger.com/annonces/locations/appartement/lyon-69/260021003.htm?serp_view=list&search=distributionTypes%3DRent%26estateTypes%3DHouse%2CApartment%26locations%3DAD08FR28808%26page%3D10&sort_order_ab_test=sort_order_variant#ln=classified_search_results&m=classified_search_results_classified_classified_detail_M,Terreaux / Hotel de Ville,T3,455.0,2,138.0,46,241.0,4,407.0,1,264.0,3,160.0,8,14.0,6,175.0,2,1183.0,0,178.0,3,145.0,4,917.0,0,54.0,26,396.0,2,955.0,0,2675.0,0,252.0,2,791.0,0,527.0,0,1303.0,0
1017,SeLoger,1700.0,137.0,12.41,Appartement,"4 pièce - 3 chambre - Triplex s, s, 137 m², étage",69003,Lyon,45.76033923319235,4.861647551220144,https://www.seloger.com/annonces/locations/appartement/lyon-69/260806361.htm?serp_view=list&search=distributionTypes%3DRent%26estateTypes%3DHouse%2CApartment%26locations%3DAD08FR28808%26page%3D10&sort_order_ab_test=sort_order_variant#ln=classified_search_results&m=classified_search_results_classified_classified_detail_M,Part-Dieu / Villette,Grand (T4+),492.0,1,197.0,3,406.0,3,776.0,0,976.0,0,427.0,1,167.0,4,694.0,0,1147.0,0,24.0,4,296.0,2,874.0,0,313.0,6,402.0,1,946.0,0,2801.0,0,772.0,0,420.0,1,2348.0,0,2060.0,0
1018,SeLoger,2120.0,108.0,19.63,Appartement,"5 pièce - 3 chambre - Duplex s, s, 108 m², étage",69003,Lyon,45.75487457620789,4.880873383898406,https://www.seloger.com/annonces/locations/appartement/lyon-69/260772761.htm?serp_view=list&search=distributionTypes%3DRent%26estateTypes%3DHouse%2CApartment%26locations%3DAD08FR28808%26page%3D10&sort_order_ab_test=sort_order_variant#ln=classified_search_results&m=classified_search_results_classified_classified_detail_M,Montchat,Grand (T4+),2053.0,0,363.0,3,320.0,1,2374.0,0,328.0,1,884.0,0,331.0,4,2083.0,0,1264.0,0,818.0,0,1077.0,0,2257.0,0,259.0,5,563.0,0,1370.0,0,3974.0,0,2354.0,0,1452.0,0,3947.0,0,2444.0,0
1019,SeLoger,1090.0,50.0,21.8,Appartement,"2 pièce - 1 chambre - s, , 50 m²",69004,Lyon,45.7823760778803,4.824428846254299,https://www.seloger.com/annonces/locations/appartement/lyon-69/260247349.htm?serp_view=list&search=distributionTypes%3DRent%26estateTypes%3DHouse%2CApartment%26locations%3DAD08FR28808%26page%3D10&sort_order_ab_test=sort_order_variant#ln=classified_search_results&m=classified_search_results_classified_classified_detail_M,Croix-Rousse Plateau,T2,1552.0,0,842.0,0,705.0,0,855.0,0,882.0,0,417.0,1,194.0,3,1452.0,0,287.0,2,653.0,0,699.0,0,422.0,1,161.0,5,722.0,0,284.0,2,2214.0,0,653.0,0,886.0,0,1445.0,0,429.0,3
1021,SeLoger,1300.0,63.0,20.63,Appartement,"3 pièce - 2 chambre - s, s, 63 m², étage",69005,Lyon,45.76636625284285,4.82306790379708,https://www.seloger.com/annonces/locations/appartement/lyon-69/260334761.htm?serp_view=list&search=distributionTypes%3DRent%26estateTypes%3DHouse%2CApartment%26locations%3DAD08FR28808%26page%3D10&sort_order_ab_test=sort_order_variant#ln=classified_search_results&m=classified_search_results_classified_classified_detail_L,Vieux Lyon,T3,699.0,0,113.0,25,469.0,1,694.0,0,240.0,5,163.0,5,305.0,4,288.0,1,1024.0,0,154.0,2,465.0,1,1091.0,0,244.0,13,646.0,0,1127.0,0,3080.0,0,154.0,1,873.0,0,922.0,0,900.0,0
1022,SeLoger,1850.0,74.7,24.77,Appartement,"3 pièce - 2 chambre - s, s, 74,7 m², Étage 7/10",69002,Lyon,45.75316524061773,4.831363727973289,https://www.seloger.com/annonces/locations/appartement/lyon-69/260285995.htm?serp_view=list&search=distributionTypes%3DRent%26estateTypes%3DHouse%2CApartment%26locations%3DAD08FR28808%26page%3D10&sort_order_ab_test=sort_order_variant#ln=classified_search_results&m=classified_search_results_classified_classified_detail_M,Ainay,T3,1104.0,0,77.0,12,82.0,3,61.0,2,141.0,7,392.0,3,212.0,16,585.0,0,524.0,0,125.0,7,281.0,2,757.0,0,201.0,13,53.0,6,1672.0,0,3885.0,0,301.0,2,81.0,2,1972.0,0,1661.0,0
1023,SeLoger,680.0,10.7,63.55,Appartement,"1 pièce - 10,7 m², étage, dès le 01/03/2026",69004,Lyon,45.776901232196685,4.830278114787764,https://www.seloger.com/annonces/locations/appartement/lyon-4eme-69/260344487.htm?serp_view=list&search=distributionTypes%3DRent%26estateTypes%3DHouse%2CApartment%26locations%3DAD08FR28808%26page%3D10&sort_order_ab_test=sort_order_variant#ln=classified_search_results&m=classified_search_results_classified_classified_detail_M,Croix-Rousse Plateau,Studio/T1,822.0,0,88.0,18,172.0,5,137.0,2,196.0,3,73.0,4,104.0,12,694.0,0,459.0,2,243.0,6,148.0,2,6.0,3,64.0,15,214.0,2,264.0,2,1951.0,0,287.0,3,167.0,2,706.0,0,1069.0,0
1024,SeLoger,700.0,21.0,33.33,Appartement,"1 pièce - 21 m², Étage 1/4, disponible dès maintenant",69000,Lyon,45.77036866990834,4.84890391753071,https://www.seloger.com/annonces/locations/appartement/lyon-69/261MQD3YUGH3.htm?serp_view=list&search=distributionTypes%3DRent%26estateTypes%3DHouse%2CApartment%26locations%3DAD08FR28808%26page%3D10&sort_order_ab_test=sort_order_variant#ln=classified_search_results&m=classified_search_results_classified_classified_detail_M,Grand Lyon / Autre,Studio/T1,1239.0,0,121.0,11,318.0,1,520.0,0,141.0,11,136.0,4,378.0,3,881.0,0,588.0,0,128.0,3,312.0,1,1222.0,0,205.0,22,346.0,2,1795.0,0,1628.0,0,128.0,1,172.0,3,1025.0,0,2681.0,0
1025,SeLoger,1430.0,68.0,21.03,Appartement,"3 pièce - 2 chambre - Duplex s, s, 68 m², étage",69008,Lyon,45.74163335607858,4.869887400731273,https://www.seloger.com/annonces/locations/appartement/lyon-69/259898717.htm?serp_view=list&search=distributionTypes%3DRent%26estateTypes%3DHouse%2CApartment%26locations%3DAD08FR28808%26page%3D10&sort_order_ab_test=sort_order_variant#ln=classified_search_results&m=classified_search_results_classified_classified_detail_L,Monplaisir / Bachut,T3,2311.0,0,279.0,3,374.0,3,2267.0,0,453.0,1,462.0,1,191.0,3,1438.0,0,605.0,0,217.0,3,127.0,5,557.0,0,31.0,16,376.0,2,398.0,1,4975.0,0,1915.0,0,300.0,1,4228.0,0,1120.0,0
1026,SeLoger,850.0,35.4,24.01,Appartement,"2 pièce - 1 chambre - s, , 35,4 m², Étage 1/3",69004,Lyon,45.779457647646566,4.830755437068032,https://www.seloger.com/annonces/locations/appartement/lyon-69/259897295.htm?serp_view=list&search=distributionTypes%3DRent%26estateTypes%3DHouse%2CApartment%26locations%3DAD08FR28808%26page%3D10&sort_order_ab_test=sort_order_variant#ln=classified_search_results&m=classified_search_results_classified_classified_detail_M,Croix-Rousse Plateau,T2,1093.0,0,289.0,11,126.0,4,270.0,2,462.0,2,218.0,4,68.0,12,933.0,0,195.0,9,173.0,5,127.0,2,281.0,3,48.0,11,153.0,2,199.0,2,1806.0,0,173.0,2,335.0,2,973.0,0,975.0,0
1027,SeLoger,1371.0,74.1,18.5,Appartement,"3 pièce - 2 chambre - s, s, 74,1 m², étage",69003,Lyon,45.76049773336222,4.869120410349083,https://www.seloger.com/annonces/locations/appartement/lyon-69/260021005.htm?serp_view=list&search=distributionTypes%3DRent%26estateTypes%3DHouse%2CApartment%26locations%3DAD08FR28808%26page%3D10&sort_order_ab_test=sort_order_variant#ln=classified_search_results&m=classified_search_results_classified_classified_detail_M,Part-Dieu / Villette,T3,1071.0,0,504.0,0,503.0,0,1271.0,0,1337.0,0,445.0,2,208.0,11,982.0,0,1442.0,0,461.0,1,643.0,0,1423.0,0,127.0,10,456.0,1,1431.0,0,2981.0,0,1260.0,0,979.0,0,2852.0,0,2292.0,0
1028,SeLoger,1157.0,77.0,15.03,Appartement,"4 pièce - 2 chambre - s, s, 77 m², RDC/7",69007,Lyon,45.73587184990633,4.830305543680528,https://www.seloger.com/annonces/locations/appartement/lyon-69/259473647.htm?serp_view=list&search=distributionTypes%3DRent%26estateTypes%3DHouse%2CApartment%26locations%3DAD08FR28808%26page%3D10&sort_order_ab_test=sort_order_variant#ln=classified_search_results&m=classified_search_results_classified_classified_detail_L,Gerland,Grand (T4+),3023.0,0,420.0,3,442.0,1,1893.0,0,643.0,0,366.0,1,166.0,5,762.0,0,1532.0,0,390.0,1,369.0,1,587.0,0,97.0,9,448.0,1,509.0,0,5708.0,0,965.0,0,1884.0,0,3896.0,0,1141.0,0
1029,SeLoger,840.0,51.0,16.47,Appartement,"2 pièce - 1 chambre - s, , 51 m², étage",69005,Lyon,45.756431258742055,4.820931449587135,https://www.seloger.com/annonces/locations/appartement/lyon-5eme-69/point-du-jour-menival/259051923.htm?serp_view=list&search=distributionTypes%3DRent%26estateTypes%3DHouse%2CApartment%26locations%3DAD08FR28808%26page%3D10&sort_order_ab_test=sort_order_variant#ln=classified_search_results&m=classified_search_results_classified_classified_detail_L,Vieux Lyon,T2,1233.0,0,249.0,13,255.0,1,728.0,0,482.0,1,308.0,4,164.0,8,320.0,1,315.0,1,539.0,0,462.0,1,396.0,3,73.0,7,382.0,2,1549.0,0,4002.0,0,707.0,0,731.0,0,1860.0,0,803.0,0
1030,SeLoger,730.0,40.8,17.89,Appartement,"2 pièce - 1 chambre - s, , 40,8 m², étage",69008,Lyon,45.7314742909251,4.852888641945876,https://www.seloger.com/annonces/locations/appartement/lyon-69/260708261.htm?serp_view=list&search=distributionTypes%3DRent%26estateTypes%3DHouse%2CApartment%26locations%3DAD08FR28808%26page%3D10&sort_order_ab_test=sort_order_variant#ln=classified_search_results&m=classified_search_results_classified_classified_detail_M,Monplaisir / Bachut,T2,3153.0,0,240.0,1,192.0,1,2543.0,0,1810.0,0,448.0,1,109.0,5,464.0,1,1045.0,0,1036.0,0,498.0,1,1247.0,0,177.0,6,60.0,2,1120.0,0,5925.0,0,1615.0,0,1846.0,0,4621.0,0,768.0,0
1031,SeLoger,800.0,25.5,31.37,Appartement,"2 pièce - 1 chambre - s, , 25,5 m², Étage 4/5",69006,Lyon,45.76912613008638,4.856406312847233,https://www.seloger.com/annonces/locations/appartement/lyon-69/260587597.htm?serp_view=list&search=distributionTypes%3DRent%26estateTypes%3DHouse%2CApartment%26locations%3DAD08FR28808%26page%3D10&sort_order_ab_test=sort_order_variant#ln=classified_search_results&m=classified_search_results_classified_classified_detail_M,Brotteaux / Foch,T2,1043.0,0,48.0,17,82.0,4,25.0,2,228.0,8,451.0,1,241.0,5,288.0,2,97.0,1,161.0,5,300.0,2,1413.0,0,230.0,14,252.0,3,1654.0,0,1761.0,0,500.0,0,255.0,2,1620.0,0,2972.0,0
1032,SeLoger,1645.0,86.5,19.02,Appartement,"3 pièce - 2 chambre - s, s, 86,5 m², Étage 4/5",69001,Lyon,45.766765662647664,4.8242321812285,https://www.seloger.com/annonces/locations/appartement/lyon-1er-69/terreaux/259419205.htm?serp_view=list&search=distributionTypes%3DRent%26estateTypes%3DHouse%2CApartment%26locations%3DAD08FR28808%26page%3D10&sort_order_ab_test=sort_order_variant#ln=classified_search_results&m=classified_search_results_classified_classified_detail_M,Terreaux / Hotel de Ville,T3,614.0,0,164.0,32,411.0,1,598.0,0,299.0,7,67.0,7,262.0,4,188.0,2,1024.0,0,61.0,2,364.0,1,1179.0,0,193.0,17,562.0,0,1099.0,0,2983.0,0,61.0,1,812.0,0,823.0,0,999.0,0
1033,SeLoger,990.0,65.2,15.18,Appartement,"3 pièce - 2 chambre - s, s, 65,2 m²",69000,Lyon,45.76779568169961,4.853895738443473,https://www.seloger.com/annonces/locations/appartement/la-mulatiere-69/260183963.htm?serp_view=list&search=distributionTypes%3DRent%26estateTypes%3DHouse%2CApartment%26locations%3DAD08FR28808%26page%3D10&sort_order_ab_test=sort_order_variant#ln=classified_search_results&m=classified_search_results_classified_classified_detail_XL,Grand Lyon / Autre,T3,899.0,0,99.0,18,259.0,3,199.0,3,195.0,11,501.0,0,104.0,6,452.0,2,315.0,1,150.0,8,185.0,3,1228.0,0,59.0,18,218.0,2,1485.0,0,1888.0,0,321.0,1,190.0,2,1459.0,0,2823.0,0
1034,SeLoger,1210.0,87.2,13.88,Appartement,"3 pièce - 2 chambre - s, s, 87,2 m², étage",69006,Lyon,45.767308895602945,4.84244456705627,https://www.seloger.com/annonces/locations/appartement/lyon-69/260741521.htm?serp_view=list&search=distributionTypes%3DRent%26estateTypes%3DHouse%2CApartment%26locations%3DAD08FR28808%26page%3D10&sort_order_ab_test=sort_order_variant#ln=classified_search_results&m=classified_search_results_classified_classified_detail_M,Brotteaux / Foch,T3,784.0,0,70.0,16,235.0,2,229.0,3,43.0,10,148.0,12,150.0,12,523.0,0,1128.0,0,181.0,8,225.0,1,1053.0,0,58.0,17,112.0,6,1640.0,0,2099.0,0,104.0,2,131.0,2,681.0,0,2318.0,0
1035,SeLoger,621.0,31.1,19.97,Appartement,"1 pièce - 31,1 m², Étage 3/4, dès le 15/02/2026",69003,Lyon,45.76032392821325,4.855784812657359,https://www.seloger.com/annonces/locations/appartement/lyon-69/260882891.htm?serp_view=list&search=distributionTypes%3DRent%26estateTypes%3DHouse%2CApartment%26locations%3DAD08FR28808%26page%3D10&sort_order_ab_test=sort_order_variant#ln=classified_search_results&m=classified_search_results_classified_classified_detail_M,Part-Dieu / Villette,Studio/T1,70.0,1,156.0,6,97.0,1,428.0,1,803.0,0,385.0,1,186.0,5,747.0,0,1006.0,0,51.0,4,252.0,4,506.0,0,392.0,5,191.0,4,691.0,0,2727.0,0,526.0,0,114.0,3,1974.0,0,1992.0,0
1036,SeLoger,622.0,30.8,20.19,Appartement,"1 pièce - 30,8 m², Étage 1/4, dès le 15/02/2026",69000,Lyon,45.762691348020425,4.8244817600068455,https://www.seloger.com/annonces/locations/appartement/lyon-69/260881275.htm?serp_view=list&search=distributionTypes%3DRent%26estateTypes%3DHouse%2CApartment%26locations%3DAD08FR28808%26page%3D10&sort_order_ab_test=sort_order_variant#ln=classified_search_results&m=classified_search_results_classified_classified_detail_M,Grand Lyon / Autre,Studio/T1,675.0,0,231.0,33,331.0,2,789.0,0,233.0,9,509.0,0,194.0,3,365.0,1,625.0,0,508.0,0,388.0,1,875.0,0,230.0,9,360.0,1,1547.0,0,3291.0,0,508.0,0,603.0,0,1126.0,0,845.0,0
1037,SeLoger,1010.0,48.5,20.82,Appartement,"2 pièce - 1 chambre - s, , 48,5 m², Étage 3/6",69003,Lyon,45.757036662455825,4.8727464720192675,https://www.seloger.com/annonces/locations/appartement/lyon-69/260280823.htm?serp_view=list&search=distributionTypes%3DRent%26estateTypes%3DHouse%2CApartment%26locations%3DAD08FR28808%26page%3D10&sort_order_ab_test=sort_order_variant#ln=classified_search_results&m=classified_search_results_classified_classified_detail_M,Part-Dieu / Villette,T2,1383.0,0,243.0,4,594.0,0,1711.0,0,1002.0,0,401.0,1,303.0,4,1452.0,0,1524.0,0,728.0,0,505.0,0,1646.0,0,181.0,8,451.0,1,1176.0,0,3450.0,0,1687.0,0,1356.0,0,3277.0,0,2134.0,0
1038,SeLoger,1600.0,48.0,33.33,Appartement,"2 pièce - 1 chambre - s, , 48 m², étage",69003,Lyon,45.756753966709105,4.847761421887123,https://www.seloger.com/annonces/locations/appartement/lyon-69/207050517.htm?serp_view=list&search=distributionTypes%3DRent%26estateTypes%3DHouse%2CApartment%26locations%3DAD08FR28808%26page%3D10&sort_order_ab_test=sort_order_variant#ln=classified_search_results&m=classified_search_results_classified_classified_detail_M,Préfecture / Quais,T2,678.0,0,215.0,15,371.0,3,329.0,1,370.0,3,64.0,10,208.0,13,981.0,0,324.0,2,81.0,5,122.0,6,293.0,1,153.0,15,295.0,3,469.0,1,3138.0,0,81.0,1,763.0,0,1864.0,0,1688.0,0
1039,SeLoger,2200.0,76.0,28.95,Appartement,"3 pièce - 2 chambre - Duplex s, s, 76 m², Étage 3/3",69005,Lyon,45.7540115397022,4.800028199739755,https://www.seloger.com/annonces/locations/appartement/lyon-5eme-69/vieux-lyon/210320779.htm?serp_view=list&search=distributionTypes%3DRent%26estateTypes%3DHouse%2CApartment%26locations%3DAD08FR28808%26page%3D10&sort_order_ab_test=sort_order_variant#ln=classified_search_results&m=classified_search_results_classified_classified_detail_M,Point du Jour / St Just,T3,2801.0,0,994.0,0,655.0,0,2271.0,0,2022.0,0,859.0,0,293.0,4,1498.0,0,779.0,0,716.0,0,1197.0,0,1266.0,0,295.0,5,284.0,1,952.0,0,5331.0,0,2159.0,0,2319.0,0,3175.0,0,1277.0,0
1040,SeLoger,1290.0,70.0,18.43,Appartement,"3 pièce - 2 chambre - s, s, 70 m², étage",69006,Lyon,45.76660989870672,4.8571338328198586,https://www.seloger.com/annonces/locations/appartement/lyon-6eme-69/les-brotteaux-bellecombe-massena/258358515.htm?serp_view=list&search=distributionTypes%3DRent%26estateTypes%3DHouse%2CApartment%26locations%3DAD08FR28808%26page%3D10&sort_order_ab_test=sort_order_variant#ln=classified_search_results&m=classified_search_results_classified_classified_detail_L,Brotteaux / Foch,T3,772.0,0,118.0,13,167.0,2,137.0,3,425.0,4,406.0,1,81.0,5,204.0,2,380.0,1,83.0,8,156.0,4,1166.0,0,132.0,11,130.0,2,1391.0,0,2046.0,0,298.0,1,440.0,1,1738.0,0,2695.0,0
1041,SeLoger,2580.0,146.7,17.59,Maison,"6 pièce - 5 chambre - Maison s, s, 146,7 m², 508 m² de terrain",69009,Lyon,45.76825758261988,4.804346859987164,https://www.seloger.com/annonces/locations/maison/lyon-9eme-69/gorge-du-loup-champvert/257008443.htm?serp_view=list&search=distributionTypes%3DRent%26estateTypes%3DHouse%2CApartment%26locations%3DAD08FR28808%26page%3D11&sort_order_ab_test=sort_order_variant#ln=classified_search_results&m=classified_search_results_classified_classified_detail_L,Vaise / Valmy,Grand (T4+),2161.0,0,228.0,3,461.0,1,708.0,0,744.0,0,744.0,0,190.0,6,631.0,0,795.0,0,397.0,1,736.0,0,1395.0,0,116.0,7,670.0,0,668.0,0,4180.0,0,580.0,0,716.0,0,2246.0,0,846.0,0
1042,SeLoger,1350.0,80.8,16.71,Appartement,"4 pièce - 2 chambre - s, s, 80,8 m², Étage 11/13",69009,Lyon,45.76766892885178,4.809747297260586,https://www.seloger.com/annonces/locations/appartement/lyon-9eme-69/la-duchere/255319559.htm?serp_view=list&search=distributionTypes%3DRent%26estateTypes%3DHouse%2CApartment%26locations%3DAD08FR28808%26page%3D11&sort_order_ab_test=sort_order_variant#ln=classified_search_results&m=classified_search_results_classified_classified_detail_L,Vaise / Valmy,Grand (T4+),1739.0,0,205.0,1,622.0,0,752.0,0,807.0,0,737.0,0,239.0,4,392.0,1,726.0,0,394.0,1,842.0,0,1129.0,0,207.0,3,674.0,0,798.0,0,3840.0,0,656.0,0,778.0,0,1843.0,0,599.0,0
1043,SeLoger,998.0,51.0,19.57,Appartement,"2 pièce - 1 chambre - s, , 51 m², Étage 6/6",69002,Lyon,45.744027097670575,4.822159341674006,https://www.seloger.com/annonces/locations/appartement/lyon-2eme-69/cordeliers-celestins-bourse/248848403.htm?serp_view=list&search=distributionTypes%3DRent%26estateTypes%3DHouse%2CApartment%26locations%3DAD08FR28808%26page%3D11&sort_order_ab_test=sort_order_variant#ln=classified_search_results&m=classified_search_results_classified_classified_detail_M,Confluence,T2,2289.0,0,79.0,8,343.0,1,1185.0,0,432.0,2,348.0,1,197.0,7,697.0,0,1159.0,0,174.0,3,370.0,1,966.0,0,35.0,6,233.0,2,774.0,0,5114.0,0,746.0,0,1169.0,0,3101.0,0,1720.0,0
1044,SeLoger,1250.0,60.0,20.83,Appartement,"2 pièce - 1 chambre - s, , 60 m², étage",69001,Lyon,45.77316883061119,4.830139141835703,https://www.seloger.com/annonces/locations/appartement/lyon-1er-69/croix-paquet/252831777.htm?serp_view=list&search=distributionTypes%3DRent%26estateTypes%3DHouse%2CApartment%26locations%3DAD08FR28808%26page%3D11&sort_order_ab_test=sort_order_variant#ln=classified_search_results&m=classified_search_results_classified_classified_detail_M,Pentes Croix-Rousse,T2,439.0,1,171.0,35,138.0,5,411.0,1,249.0,4,485.0,4,69.0,17,415.0,4,861.0,0,173.0,4,466.0,1,409.0,2,186.0,13,301.0,2,647.0,0,2177.0,0,458.0,2,250.0,2,343.0,2,1340.0,0
1045,SeLoger,2733.0,165.7,16.49,Appartement,"5 pièce - 3 chambre - s, s, 165,7 m², étage",69002,Lyon,45.753697002605946,4.832737192588333,https://www.seloger.com/annonces/locations/appartement/lyon-69/260344479.htm?serp_view=list&search=distributionTypes%3DRent%26estateTypes%3DHouse%2CApartment%26locations%3DAD08FR28808%26page%3D11&sort_order_ab_test=sort_order_variant#ln=classified_search_results&m=classified_search_results_classified_classified_detail_M,Ainay,Grand (T4+),1032.0,0,11.0,13,200.0,4,183.0,2,64.0,6,361.0,3,177.0,16,681.0,0,529.0,0,243.0,7,402.0,2,868.0,0,143.0,12,104.0,5,1561.0,0,3787.0,0,422.0,2,203.0,2,1909.0,0,1719.0,0
1046,SeLoger,895.0,67.4,13.28,Appartement,"3 pièce - 2 chambre - s, s, 67,4 m², Étage 4/4",69009,Lyon,45.78321955249081,4.802980569605268,https://www.seloger.com/annonces/locations/appartement/lyon-69/259690089.htm?serp_view=list&search=distributionTypes%3DRent%26estateTypes%3DHouse%2CApartment%26locations%3DAD08FR28808%26page%3D11&sort_order_ab_test=sort_order_variant#ln=classified_search_results&m=classified_search_results_classified_classified_detail_M,Vaise / Valmy,T3,2766.0,0,456.0,1,463.0,1,961.0,0,466.0,1,282.0,1,222.0,4,1513.0,0,1392.0,0,533.0,0,743.0,0,1125.0,0,391.0,3,708.0,0,355.0,1,3865.0,0,1018.0,0,1029.0,0,2708.0,0,1235.0,0
1047,SeLoger,1005.0,65.0,15.46,Appartement,"3 pièce - 2 chambre - s, s, 65 m², étage",69007,Lyon,45.733492670538304,4.834244053055612,https://www.seloger.com/annonces/locations/appartement/lyon-69/260542383.htm?serp_view=list&search=distributionTypes%3DRent%26estateTypes%3DHouse%2CApartment%26locations%3DAD08FR28808%26page%3D11&sort_order_ab_test=sort_order_variant#ln=classified_search_results&m=classified_search_results_classified_classified_detail_M,Gerland,T3,3275.0,0,376.0,4,280.0,1,2175.0,0,518.0,0,344.0,2,192.0,7,906.0,0,1648.0,0,60.0,2,296.0,1,494.0,1,175.0,7,298.0,2,421.0,2,5879.0,0,1238.0,0,2168.0,0,4156.0,0,1043.0,0
1048,SeLoger,2840.0,215.0,13.21,Maison,"8 pièce - 6 chambre - Maison s, s, 215 m², 1 377 m² de terrain",69000,Lyon,45.74994212706274,4.834565484367623,https://www.seloger.com/annonces/locations/maison/francheville-69/francheville-le-haut-bruissin/250613097.htm?serp_view=list&search=distributionTypes%3DRent%26estateTypes%3DHouse%2CApartment%26locations%3DAD08FR28808%26page%3D11&sort_order_ab_test=sort_order_variant#ln=classified_search_results&m=classified_search_results_classified_classified_detail_XL,Grand Lyon / Autre,Grand (T4+),1447.0,0,81.0,13,386.0,4,445.0,1,400.0,3,615.0,0,38.0,6,483.0,1,89.0,1,341.0,2,266.0,2,658.0,0,274.0,7,317.0,3,1504.0,0,4121.0,0,341.0,2,452.0,1,2329.0,0,1291.0,0
1049,SeLoger,1274.0,61.0,20.89,Appartement,"3 pièce - 2 chambre - s, s, 61 m², étage",69002,Lyon,45.75379694152648,4.825917951645864,https://www.seloger.com/258787839/detail.htm?serp_view=list&search=distributionTypes%3DRent%26estateTypes%3DHouse%2CApartment%26locations%3DAD08FR28808%26page%3D11&sort_order_ab_test=sort_order_variant#ln=classified_search_results&m=classified_search_results_classified_classified_detail_L,Ainay,T3,1187.0,0,106.0,14,350.0,3,265.0,2,28.0,6,85.0,3,69.0,9,511.0,0,347.0,1,75.0,8,251.0,2,354.0,1,180.0,15,75.0,5,1853.0,0,4024.0,0,226.0,2,319.0,2,1977.0,0,1285.0,0
1050,SeLoger,1250.0,55.0,22.73,Appartement,"2 pièce - 1 chambre - s, , 55 m², Étage 2/5",69000,Lyon,45.765371464074455,4.843215861330115,https://www.seloger.com/annonces/locations/appartement/lyon-69/26IEWKBB9235.htm?serp_view=list&search=distributionTypes%3DRent%26estateTypes%3DHouse%2CApartment%26locations%3DAD08FR28808%26page%3D11&sort_order_ab_test=sort_order_variant#ln=classified_search_results&m=classified_search_results_classified_classified_detail_M,Grand Lyon / Autre,T2,779.0,0,51.0,16,214.0,2,195.0,4,59.0,7,82.0,9,149.0,12,648.0,0,912.0,0,102.0,7,94.0,1,1144.0,0,110.0,12,116.0,7,1424.0,0,2279.0,0,167.0,2,189.0,2,875.0,0,2328.0,0
1051,SeLoger,1370.0,70.0,19.57,Appartement,"3 pièce - 2 chambre - s, s, 70 m², Étage 2/5",69000,Lyon,45.76269199573321,4.854992289261687,https://www.seloger.com/annonces/locations/appartement/lyon-69/26KL621AF6CC.htm?serp_view=list&search=distributionTypes%3DRent%26estateTypes%3DHouse%2CApartment%26locations%3DAD08FR28808%26page%3D11&sort_order_ab_test=sort_order_variant#ln=classified_search_results&m=classified_search_results_classified_classified_detail_M,Grand Lyon / Autre,T3,326.0,1,131.0,6,175.0,2,197.0,1,721.0,0,579.0,0,134.0,7,557.0,0,820.0,0,105.0,8,76.0,5,700.0,0,301.0,11,86.0,5,930.0,0,2459.0,0,255.0,2,129.0,3,1771.0,0,2254.0,0
1052,SeLoger,890.0,41.3,21.55,Appartement,"1 pièce - 41,3 m², Étage 3/6",69006,Lyon,45.76652219963431,4.855925516967436,https://www.seloger.com/annonces/locations/appartement/lyon-69/260741509.htm?serp_view=list&search=distributionTypes%3DRent%26estateTypes%3DHouse%2CApartment%26locations%3DAD08FR28808%26page%3D11&sort_order_ab_test=sort_order_variant#ln=classified_search_results&m=classified_search_results_classified_classified_detail_M,Brotteaux / Foch,Studio/T1,752.0,0,122.0,17,105.0,3,142.0,3,401.0,6,498.0,1,157.0,6,297.0,2,389.0,1,22.0,8,95.0,5,1125.0,0,40.0,17,54.0,3,1362.0,0,2042.0,0,226.0,1,388.0,1,1651.0,0,2681.0,0
1053,SeLoger,695.0,20.0,34.75,Appartement,"1 pièce - 20 m², Étage 2/2",69000,Lyon,45.77061018891701,4.845094227848666,https://www.seloger.com/annonces/locations/appartement/lyon-69/260549947.htm?serp_view=list&search=distributionTypes%3DRent%26estateTypes%3DHouse%2CApartment%26locations%3DAD08FR28808%26page%3D11&sort_order_ab_test=sort_order_variant#ln=classified_search_results&m=classified_search_results_classified_classified_detail_M,Grand Lyon / Autre,Studio/T1,946.0,0,226.0,9,444.0,1,458.0,1,187.0,11,156.0,5,117.0,9,709.0,0,884.0,0,53.0,2,543.0,0,949.0,0,11.0,14,286.0,4,1590.0,0,1682.0,0,196.0,2,297.0,3,728.0,0,2414.0,0
1054,SeLoger,500.0,60.0,8.33,Appartement,"3 pièce - 3 chambre - s, s, 60 m², étage",69007,Lyon,45.749573613593725,4.834969397012783,https://www.seloger.com/annonces/locations/appartement/lyon-69/259564381.htm?serp_view=list&search=distributionTypes%3DRent%26estateTypes%3DHouse%2CApartment%26locations%3DAD08FR28808%26page%3D11&sort_order_ab_test=sort_order_variant#ln=classified_search_results&m=classified_search_results_classified_classified_detail_M,Guillotière / Jean Macé,T3,1490.0,0,30.0,13,335.0,3,497.0,1,407.0,2,604.0,0,35.0,3,498.0,1,39.0,1,309.0,2,233.0,3,618.0,0,267.0,10,270.0,3,1489.0,0,4149.0,0,309.0,2,503.0,0,2371.0,0,1240.0,0
1055,SeLoger,1090.0,44.8,24.33,Appartement,"2 pièce - 1 chambre - s, , 44,8 m², étage",69007,Lyon,45.74454643718038,4.839179790835276,https://www.seloger.com/annonces/locations/appartement/lyon-69/260172349.htm?serp_view=list&search=distributionTypes%3DRent%26estateTypes%3DHouse%2CApartment%26locations%3DAD08FR28808%26page%3D11&sort_order_ab_test=sort_order_variant#ln=classified_search_results&m=classified_search_results_classified_classified_detail_M,Guillotière / Jean Macé,T2,2088.0,0,313.0,7,313.0,2,1138.0,0,299.0,1,554.0,0,367.0,2,468.0,2,610.0,0,465.0,1,192.0,3,425.0,1,177.0,4,292.0,2,1076.0,0,4594.0,0,512.0,0,1142.0,0,2964.0,0,594.0,0
1056,SeLoger,950.0,43.0,22.09,Appartement,"2 pièce - 1 chambre - s, , 43 m², RDC/6",69008,Lyon,45.73247204121516,4.875054767123087,https://www.seloger.com/annonces/locations/appartement/lyon-69/260103169.htm?serp_view=list&search=distributionTypes%3DRent%26estateTypes%3DHouse%2CApartment%26locations%3DAD08FR28808%26page%3D11&sort_order_ab_test=sort_order_variant#ln=classified_search_results&m=classified_search_results_classified_classified_detail_M,Monplaisir / Bachut,T2,3399.0,0,218.0,1,276.0,1,3252.0,0,1542.0,0,633.0,0,155.0,9,1264.0,0,194.0,1,183.0,1,331.0,2,825.0,0,239.0,6,461.0,1,887.0,0,6065.0,0,2675.0,0,1380.0,0,5283.0,0,1624.0,0
1057,SeLoger,1911.0,110.0,17.37,Appartement,"4 pièce - 3 chambre - s, s, 110 m², étage",69002,Lyon,45.764785215537735,4.834874675628646,https://www.seloger.com/annonces/locations/appartement/lyon-69/260774367.htm?serp_view=list&search=distributionTypes%3DRent%26estateTypes%3DHouse%2CApartment%26locations%3DAD08FR28808%26page%3D12&sort_order_ab_test=sort_order_variant#ln=classified_search_results&m=classified_search_results_classified_classified_detail_M,Bellecour / Cordeliers,Grand (T4+),221.0,3,23.0,67,210.0,7,390.0,1,126.0,16,208.0,4,268.0,2,228.0,6,822.0,0,131.0,8,336.0,4,1143.0,0,120.0,10,58.0,6,1644.0,0,2619.0,0,234.0,1,211.0,3,690.0,0,1680.0,0
1058,SeLoger,1470.0,81.3,18.08,Appartement,"3 pièce - 2 chambre - s, s, 81,3 m², étage",69002,Lyon,45.75184048272177,4.830922153604138,https://www.seloger.com/annonces/locations/appartement/lyon-69/260875031.htm?serp_view=list&search=distributionTypes%3DRent%26estateTypes%3DHouse%2CApartment%26locations%3DAD08FR28808%26page%3D12&sort_order_ab_test=sort_order_variant#ln=classified_search_results&m=classified_search_results_classified_classified_detail_M,Ainay,T3,1255.0,0,93.0,12,146.0,3,118.0,2,113.0,6,437.0,2,224.0,7,435.0,1,435.0,1,157.0,6,203.0,2,727.0,0,80.0,10,146.0,5,1715.0,0,4033.0,0,199.0,2,114.0,2,2121.0,0,1627.0,0
1059,SeLoger,685.0,39.0,17.56,Appartement,"1 pièce - 1 chambre - 39 m², Étage 2/5",69004,Lyon,45.78271407443868,4.818676015692269,https://www.seloger.com/annonces/locations/appartement/lyon-69/260824625.htm?serp_view=list&search=distributionTypes%3DRent%26estateTypes%3DHouse%2CApartment%26locations%3DAD08FR28808%26page%3D12&sort_order_ab_test=sort_order_variant#ln=classified_search_results&m=classified_search_results_classified_classified_detail_M,Croix-Rousse Plateau,Studio/T1,1818.0,0,770.0,0,943.0,0,1235.0,0,926.0,0,795.0,0,200.0,3,1419.0,0,194.0,2,1059.0,0,691.0,0,439.0,1,193.0,7,999.0,0,559.0,0,2653.0,0,1093.0,0,1259.0,0,1727.0,0,49.0,3
1060,SeLoger,1550.0,38.0,40.79,Appartement,"2 pièce - 1 chambre - s, , 38 m², RDC",69004,Lyon,45.78174360737458,4.818700689313079,https://www.seloger.com/annonces/locations/appartement/lyon-69/224347333.htm?serp_view=list&search=distributionTypes%3DRent%26estateTypes%3DHouse%2CApartment%26locations%3DAD08FR28808%26page%3D12&sort_order_ab_test=sort_order_variant#ln=classified_search_results&m=classified_search_results_classified_classified_detail_M,Croix-Rousse Plateau,T2,1733.0,0,860.0,0,918.0,0,1178.0,0,902.0,0,750.0,0,146.0,6,1322.0,0,164.0,2,1024.0,0,760.0,0,347.0,2,90.0,9,956.0,0,524.0,0,2663.0,0,1072.0,0,1203.0,0,1645.0,0,63.0,3
1061,SeLoger,990.0,42.0,23.57,Appartement,"2 pièce - 1 chambre - s, , 42 m², Étage 1/3",69000,Lyon,45.74490060769102,4.83710462425773,https://www.seloger.com/annonces/locations/appartement/lyon-69/26YHYX8EY94M.htm?serp_view=list&search=distributionTypes%3DRent%26estateTypes%3DHouse%2CApartment%26locations%3DAD08FR28808%26page%3D12&sort_order_ab_test=sort_order_variant#ln=classified_search_results&m=classified_search_results_classified_classified_detail_M,Grand Lyon / Autre,T2,2023.0,0,226.0,6,225.0,2,1019.0,0,298.0,1,709.0,0,339.0,3,533.0,0,506.0,0,418.0,1,175.0,4,583.0,0,121.0,6,228.0,2,1129.0,0,4595.0,0,418.0,1,1020.0,0,2903.0,0,728.0,0
1062,SeLoger,930.0,68.1,13.66,Appartement,"3 pièce - 2 chambre - s, s, 68,1 m², étage",69000,Lyon,45.74853567340631,4.831507341144756,https://www.seloger.com/annonces/locations/appartement/villeurbanne-69/cusset/258395221.htm?serp_view=list&search=distributionTypes%3DRent%26estateTypes%3DHouse%2CApartment%26locations%3DAD08FR28808%26page%3D12&sort_order_ab_test=sort_order_variant#ln=classified_search_results&m=classified_search_results_classified_classified_detail_XL,Grand Lyon / Autre,T3,1612.0,0,206.0,8,293.0,3,489.0,1,248.0,2,752.0,0,313.0,6,208.0,1,289.0,1,263.0,2,226.0,3,877.0,0,136.0,5,490.0,1,1389.0,0,4352.0,0,263.0,2,482.0,1,2485.0,0,1321.0,0
1063,SeLoger,1550.0,102.0,15.2,Appartement,"3 pièce - 2 chambre - s, s, 102 m², Étage 2/4",69002,Lyon,45.73941637756899,4.818113904879389,https://www.seloger.com/annonces/locations/appartement/lyon-2eme-69/bellecour-ainay/254540727.htm?serp_view=list&search=distributionTypes%3DRent%26estateTypes%3DHouse%2CApartment%26locations%3DAD08FR28808%26page%3D12&sort_order_ab_test=sort_order_variant#ln=classified_search_results&m=classified_search_results_classified_classified_detail_L,Confluence,T3,2885.0,0,281.0,6,283.0,1,1786.0,0,166.0,2,288.0,2,235.0,5,283.0,3,1711.0,0,24.0,2,261.0,1,1299.0,0,193.0,1,832.0,0,521.0,0,5714.0,0,1200.0,0,1770.0,0,3684.0,0,1983.0,0
1064,SeLoger,1441.0,52.0,27.71,Appartement,"3 pièce - 2 chambre - s, s, 52 m², étage",69006,Lyon,45.7696825602742,4.858222792729209,https://www.seloger.com/annonces/locations/appartement/lyon-69/259327817.htm?serp_view=list&search=distributionTypes%3DRent%26estateTypes%3DHouse%2CApartment%26locations%3DAD08FR28808%26page%3D12&sort_order_ab_test=sort_order_variant#ln=classified_search_results&m=classified_search_results_classified_classified_detail_L,Brotteaux / Foch,T3,1124.0,0,25.0,13,112.0,3,176.0,2,83.0,5,347.0,1,280.0,3,225.0,2,141.0,1,199.0,4,445.0,2,1515.0,0,236.0,13,285.0,3,1743.0,0,1729.0,0,617.0,0,395.0,1,1752.0,0,3042.0,0
1065,SeLoger,887.0,46.0,19.28,Appartement,"1 pièce - 46 m², RDC, dès le 19/02/2026",69007,Lyon,45.749831841930465,4.836116698749186,https://www.seloger.com/annonces/locations/appartement/lyon-69/260516141.htm?serp_view=list&search=distributionTypes%3DRent%26estateTypes%3DHouse%2CApartment%26locations%3DAD08FR28808%26page%3D12&sort_order_ab_test=sort_order_variant#ln=classified_search_results&m=classified_search_results_classified_classified_detail_M,Guillotière / Jean Macé,Studio/T1,1470.0,0,91.0,16,297.0,4,542.0,0,366.0,1,511.0,0,84.0,3,474.0,2,103.0,1,220.0,1,297.0,4,538.0,0,266.0,13,212.0,4,1395.0,0,4093.0,0,220.0,1,551.0,0,2350.0,0,1219.0,0
1066,SeLoger,1149.0,75.3,15.26,Appartement,"3 pièce - 2 chambre - s, s, 75,3 m², Étage 1/5",69008,Lyon,45.74123054645404,4.860036234632627,https://www.seloger.com/annonces/locations/appartement/lyon-8eme-69/transvaal/259340579.htm?serp_view=list&search=distributionTypes%3DRent%26estateTypes%3DHouse%2CApartment%26locations%3DAD08FR28808%26page%3D12&sort_order_ab_test=sort_order_variant#ln=classified_search_results&m=classified_search_results_classified_classified_detail_L,Monplaisir / Bachut,T3,2094.0,0,565.0,0,684.0,0,1756.0,0,675.0,0,479.0,1,70.0,4,871.0,0,328.0,3,211.0,1,244.0,2,694.0,0,197.0,2,401.0,2,657.0,0,4873.0,0,1192.0,0,646.0,0,3835.0,0,377.0,3
1067,SeLoger,886.0,25.0,35.44,Appartement,"1 pièce - 25 m², RDC",69007,Lyon,45.743512266043666,4.83473540445882,https://www.seloger.com/annonces/locations/appartement/lyon-69/260052055.htm?serp_view=list&search=distributionTypes%3DRent%26estateTypes%3DHouse%2CApartment%26locations%3DAD08FR28808%26page%3D12&sort_order_ab_test=sort_order_variant#ln=classified_search_results&m=classified_search_results_classified_classified_detail_M,Guillotière / Jean Macé,Studio/T1,2162.0,0,232.0,2,419.0,1,1089.0,0,530.0,0,915.0,0,281.0,3,692.0,0,637.0,0,256.0,1,411.0,3,785.0,0,226.0,7,438.0,1,1025.0,0,4795.0,0,256.0,1,1086.0,0,3044.0,0,783.0,0
1068,SeLoger,826.0,38.0,21.74,Appartement,"2 pièce - 1 chambre - s, , 38 m², étage",69003,Lyon,45.75575133953864,4.876529315720582,https://www.seloger.com/annonces/locations/appartement/lyon-69/260031917.htm?serp_view=list&search=distributionTypes%3DRent%26estateTypes%3DHouse%2CApartment%26locations%3DAD08FR28808%26page%3D12&sort_order_ab_test=sort_order_variant#ln=classified_search_results&m=classified_search_results_classified_classified_detail_L,Montchat,T2,1702.0,0,132.0,2,671.0,0,2037.0,0,679.0,0,699.0,0,399.0,1,1762.0,0,1343.0,0,1012.0,0,746.0,0,1943.0,0,125.0,9,732.0,0,1200.0,0,3715.0,0,2012.0,0,1372.0,0,3603.0,0,2238.0,0
1069,SeLoger,1390.0,69.8,19.91,Appartement,"2 chambre - s, 69,8 m², étage",69006,Lyon,45.76716269447877,4.853451155900844,https://www.seloger.com/annonces/locations/appartement/lyon-69/259997497.htm?serp_view=list&search=distributionTypes%3DRent%26estateTypes%3DHouse%2CApartment%26locations%3DAD08FR28808%26page%3D12&sort_order_ab_test=sort_order_variant#ln=classified_search_results&m=classified_search_results_classified_classified_detail_L,Brotteaux / Foch,T3,835.0,0,85.0,20,233.0,3,242.0,3,238.0,9,461.0,1,98.0,6,494.0,2,392.0,1,97.0,8,233.0,4,1153.0,0,68.0,19,208.0,3,1413.0,0,1957.0,0,256.0,1,252.0,3,1447.0,0,2754.0,0
1070,SeLoger,1590.0,70.1,22.68,Appartement,"3 pièce - 1 chambre - s, , 70,1 m², étage",69006,Lyon,45.76774406590652,4.841159356073249,https://www.seloger.com/annonces/locations/appartement/lyon-6eme-69/259978419.htm?serp_view=list&search=distributionTypes%3DRent%26estateTypes%3DHouse%2CApartment%26locations%3DAD08FR28808%26page%3D12&sort_order_ab_test=sort_order_variant#ln=classified_search_results&m=classified_search_results_classified_classified_detail_L,Brotteaux / Foch,T3,674.0,0,159.0,32,346.0,3,340.0,2,93.0,6,258.0,9,148.0,12,413.0,2,1180.0,0,235.0,9,329.0,1,958.0,0,137.0,17,108.0,8,1586.0,0,2095.0,0,214.0,2,241.0,2,574.0,0,2237.0,0
1071,SeLoger,1041.0,45.0,23.13,Appartement,"2 pièce - 1 chambre - s, , 45 m², étage",69004,Lyon,45.78508628518546,4.821222285370631,https://www.seloger.com/annonces/locations/appartement/lyon-69/259939475.htm?serp_view=list&search=distributionTypes%3DRent%26estateTypes%3DHouse%2CApartment%26locations%3DAD08FR28808%26page%3D12&sort_order_ab_test=sort_order_variant#ln=classified_search_results&m=classified_search_results_classified_classified_detail_M,Croix-Rousse Plateau,T2,1933.0,0,747.0,0,1078.0,0,1238.0,0,1208.0,0,808.0,0,217.0,1,1741.0,0,82.0,2,1006.0,0,771.0,0,651.0,0,499.0,2,1044.0,0,672.0,0,2447.0,0,1006.0,0,1276.0,0,1829.0,0,107.0,3
1072,SeLoger,760.0,35.5,21.41,Appartement,"1 pièce - 35,5 m², RDC, dès le 01/03/2026",69003,Lyon,45.760263599579595,4.84083079329262,https://www.seloger.com/annonces/locations/appartement/lyon-69/259867903.htm?serp_view=list&search=distributionTypes%3DRent%26estateTypes%3DHouse%2CApartment%26locations%3DAD08FR28808%26page%3D13&sort_order_ab_test=sort_order_variant#ln=classified_search_results&m=classified_search_results_classified_classified_detail_M,Préfecture / Quais,Studio/T1,622.0,0,56.0,27,360.0,2,389.0,2,360.0,6,33.0,13,481.0,4,348.0,1,348.0,2,73.0,8,491.0,1,912.0,0,411.0,5,404.0,2,1133.0,0,2877.0,0,303.0,1,602.0,0,1286.0,0,2110.0,0
1073,SeLoger,1398.0,124.7,11.21,Appartement,"4 pièce - 3 chambre - s, s, 124,7 m², étage",69002,Lyon,45.76042398314553,4.831632661726423,https://www.seloger.com/annonces/locations/appartement/lyon-69/260741481.htm?serp_view=list&search=distributionTypes%3DRent%26estateTypes%3DHouse%2CApartment%26locations%3DAD08FR28808%26page%3D13&sort_order_ab_test=sort_order_variant#ln=classified_search_results&m=classified_search_results_classified_classified_detail_M,Bellecour / Cordeliers,Grand (T4+),327.0,1,26.0,52,213.0,6,796.0,0,110.0,31,376.0,4,77.0,15,58.0,4,277.0,1,81.0,6,293.0,2,1157.0,0,69.0,6,42.0,5,1773.0,0,3164.0,0,763.0,0,91.0,3,1166.0,0,1397.0,0
1074,SeLoger,1500.0,56.0,26.79,Appartement,"4 pièce - 2 chambre - s, s, 56 m², Étage 3/5",69000,Lyon,45.76951916390355,4.832186397677097,https://www.seloger.com/annonces/locations/appartement/lyon-69/26ADFTMZ2BAW.htm?serp_view=list&search=distributionTypes%3DRent%26estateTypes%3DHouse%2CApartment%26locations%3DAD08FR28808%26page%3D13&sort_order_ab_test=sort_order_variant#ln=classified_search_results&m=classified_search_results_classified_classified_detail_M,Grand Lyon / Autre,Grand (T4+),65.0,3,25.0,68,34.0,8,216.0,1,128.0,4,232.0,6,127.0,12,64.0,6,1248.0,0,36.0,5,110.0,4,646.0,0,140.0,20,212.0,4,1080.0,0,2328.0,0,36.0,2,643.0,0,164.0,2,1683.0,0
1075,SeLoger,965.0,59.5,16.22,Appartement,"3 pièce - 2 chambre - s, s, 59,5 m², étage",69003,Lyon,45.75368465018591,4.850436102567612,https://www.seloger.com/annonces/locations/appartement/lyon-69/260628441.htm?serp_view=list&search=distributionTypes%3DRent%26estateTypes%3DHouse%2CApartment%26locations%3DAD08FR28808%26page%3D13&sort_order_ab_test=sort_order_variant#ln=classified_search_results&m=classified_search_results_classified_classified_detail_M,Part-Dieu / Villette,T3,777.0,0,212.0,17,344.0,1,302.0,1,199.0,4,84.0,7,72.0,14,876.0,0,408.0,1,85.0,5,166.0,4,365.0,1,168.0,12,191.0,4,205.0,1,3460.0,0,454.0,1,921.0,0,2263.0,0,1300.0,0
1076,SeLoger,781.0,59.6,13.1,Appartement,"2 pièce - 1 chambre - s, , 59,6 m², étage",69007,Lyon,45.7366281378763,4.835570553699506,https://www.seloger.com/annonces/locations/appartement/lyon-69/260166975.htm?serp_view=list&search=distributionTypes%3DRent%26estateTypes%3DHouse%2CApartment%26locations%3DAD08FR28808%26page%3D13&sort_order_ab_test=sort_order_variant#ln=classified_search_results&m=classified_search_results_classified_classified_detail_M,Guillotière / Jean Macé,T2,2930.0,0,333.0,1,109.0,1,1848.0,0,858.0,0,358.0,1,83.0,10,1129.0,0,1374.0,0,304.0,3,352.0,1,822.0,0,108.0,9,96.0,1,349.0,2,5515.0,0,923.0,0,1843.0,0,3811.0,0,742.0,0
1077,SeLoger,2000.0,93.0,21.51,Appartement,"4 pièce - 3 chambre - s, s, 93 m², étage",69003,Lyon,45.75456917193986,4.862201412020251,https://www.seloger.com/annonces/locations/appartement/lyon-69/260105293.htm?serp_view=list&search=distributionTypes%3DRent%26estateTypes%3DHouse%2CApartment%26locations%3DAD08FR28808%26page%3D13&sort_order_ab_test=sort_order_variant#ln=classified_search_results&m=classified_search_results_classified_classified_detail_M,Part-Dieu / Villette,Grand (T4+),786.0,0,337.0,4,347.0,1,1216.0,0,604.0,0,386.0,2,74.0,8,1334.0,0,1326.0,0,153.0,2,374.0,1,867.0,0,225.0,4,389.0,2,727.0,0,3435.0,0,1137.0,0,907.0,0,2767.0,0,1464.0,0
1078,SeLoger,1300.0,65.0,20.0,Appartement,"3 pièce - 2 chambre - s, s, 65 m², Étage 3/5",69005,Lyon,45.76516596326239,4.8164755118218565,https://www.seloger.com/annonces/locations/appartement/lyon-69/260229955.htm?serp_view=list&search=distributionTypes%3DRent%26estateTypes%3DHouse%2CApartment%26locations%3DAD08FR28808%26page%3D13&sort_order_ab_test=sort_order_variant#ln=classified_search_results&m=classified_search_results_classified_classified_detail_L,Point du Jour / St Just,T3,1208.0,0,193.0,5,944.0,0,1222.0,0,301.0,1,681.0,0,296.0,6,753.0,0,549.0,0,671.0,0,954.0,0,776.0,0,196.0,3,513.0,0,1102.0,0,3559.0,0,671.0,0,1261.0,0,1434.0,0,451.0,1
1079,SeLoger,725.0,48.0,15.1,Appartement,"2 pièce - 1 chambre - s, , 48 m², Étage 7/11",69005,Lyon,45.76537692119018,4.815398941859001,https://www.seloger.com/annonces/locations/appartement/lyon-69/260892275.htm?serp_view=list&search=distributionTypes%3DRent%26estateTypes%3DHouse%2CApartment%26locations%3DAD08FR28808%26page%3D13&sort_order_ab_test=sort_order_variant#ln=classified_search_results&m=classified_search_results_classified_classified_detail_L,Point du Jour / St Just,T2,1291.0,0,252.0,4,1004.0,0,1162.0,0,371.0,1,753.0,0,265.0,6,693.0,0,521.0,0,697.0,0,971.0,0,793.0,0,281.0,3,490.0,1,1030.0,0,3612.0,0,743.0,0,1194.0,0,1500.0,0,440.0,2
1080,SeLoger,1366.0,70.8,19.29,Appartement,"3 pièce - 2 chambre - s, s, 70,8 m², étage",69002,Lyon,45.7535297499979,4.825156302784623,https://www.seloger.com/annonces/locations/appartement/lyon-69/260838807.htm?serp_view=list&search=distributionTypes%3DRent%26estateTypes%3DHouse%2CApartment%26locations%3DAD08FR28808%26page%3D13&sort_order_ab_test=sort_order_variant#ln=classified_search_results&m=classified_search_results_classified_classified_detail_L,Ainay,T3,1243.0,0,168.0,14,336.0,3,321.0,2,90.0,5,148.0,2,111.0,7,453.0,1,369.0,1,114.0,6,266.0,2,288.0,1,161.0,15,134.0,4,1819.0,0,4080.0,0,248.0,2,383.0,2,2022.0,0,1263.0,0
1081,SeLoger,1150.0,23.0,50.0,Studio,"1 pièce - Studio , 23 m², étage, dès le 31/05/2026",69001,Lyon,45.76923723707554,4.818652870315544,https://www.seloger.com/annonces/locations/appartement/lyon-69/259739275.htm?serp_view=list&search=distributionTypes%3DRent%26estateTypes%3DHouse%2CApartment%26locations%3DAD08FR28808%26page%3D13&sort_order_ab_test=sort_order_variant#ln=classified_search_results&m=classified_search_results_classified_classified_detail_M,Pentes Croix-Rousse,Studio/T1,1076.0,0,115.0,5,854.0,0,1032.0,0,338.0,1,520.0,0,164.0,7,588.0,0,1019.0,0,510.0,0,628.0,0,1034.0,0,229.0,9,522.0,0,818.0,0,3159.0,0,510.0,0,1067.0,0,1132.0,0,932.0,0
1082,SeLoger,1004.0,72.7,13.81,Appartement,"4 pièce - 3 chambre - s, s, 72,7 m², étage",69003,Lyon,45.759603162414514,4.863733641478281,https://www.seloger.com/annonces/locations/appartement/lyon-69/257256601.htm?serp_view=list&search=distributionTypes%3DRent%26estateTypes%3DHouse%2CApartment%26locations%3DAD08FR28808%26page%3D13&sort_order_ab_test=sort_order_variant#ln=classified_search_results&m=classified_search_results_classified_classified_detail_M,Part-Dieu / Villette,Grand (T4+),650.0,0,367.0,2,313.0,2,957.0,0,1018.0,0,446.0,2,38.0,7,821.0,0,1286.0,0,188.0,2,477.0,1,994.0,0,136.0,6,410.0,2,1021.0,0,2923.0,0,949.0,0,601.0,0,2529.0,0,2029.0,0
1083,SeLoger,545.0,18.2,29.95,Appartement,"1 pièce - 18,2 m², RDC",69009,Lyon,45.7969933707887,4.821655592735458,https://www.seloger.com/annonces/locations/appartement/lyon-69/260394631.htm?serp_view=list&search=distributionTypes%3DRent%26estateTypes%3DHouse%2CApartment%26locations%3DAD08FR28808%26page%3D13&sort_order_ab_test=sort_order_variant#ln=classified_search_results&m=classified_search_results_classified_classified_detail_M,Vaise / Valmy,Studio/T1,3154.0,0,1191.0,0,693.0,0,2317.0,0,2168.0,0,746.0,0,304.0,3,2999.0,0,1404.0,0,2014.0,0,1424.0,0,317.0,1,240.0,3,490.0,1,1860.0,0,2770.0,0,2014.0,0,2409.0,0,3038.0,0,1255.0,0
1084,SeLoger,590.0,30.0,19.67,Appartement,"2 pièce - 1 chambre - s, , 30 m², Étage 8/8",69000,Lyon,45.75973538705247,4.8363617134609935,https://www.seloger.com/annonces/locations/appartement/lyon-69/26ZDEFN2T3KR.htm?serp_view=list&search=distributionTypes%3DRent%26estateTypes%3DHouse%2CApartment%26locations%3DAD08FR28808%26page%3D13&sort_order_ab_test=sort_order_variant#ln=classified_search_results&m=classified_search_results_classified_classified_detail_M,Grand Lyon / Autre,T2,409.0,1,76.0,45,40.0,4,648.0,0,65.0,17,184.0,7,299.0,1,94.0,3,455.0,1,179.0,6,253.0,1,1219.0,0,306.0,2,139.0,4,1406.0,0,3059.0,0,641.0,0,274.0,3,1263.0,0,1770.0,0
1085,SeLoger,1456.0,72.0,20.22,Appartement,"3 pièce - s, 72 m², RDC/4, disponible dès maintenant",69000,Lyon,45.781179908370184,4.844365141223574,https://www.seloger.com/annonces/locations/appartement/lyon-69/26TBCBG5L84K.htm?serp_view=list&search=distributionTypes%3DRent%26estateTypes%3DHouse%2CApartment%26locations%3DAD08FR28808%26page%3D13&sort_order_ab_test=sort_order_variant#ln=classified_search_results&m=classified_search_results_classified_classified_detail_M,Grand Lyon / Autre,T3,1549.0,0,370.0,1,383.0,1,937.0,0,1104.0,0,984.0,0,382.0,6,1285.0,0,911.0,0,559.0,0,949.0,0,356.0,1,391.0,2,923.0,0,1269.0,0,763.0,0,799.0,0,1054.0,0,1288.0,0,1931.0,0
1086,SeLoger,1087.0,43.5,24.99,Appartement,"2 pièce - 1 chambre - s, , 43,5 m², Étage 4/7",69006,Lyon,45.767852214810944,4.864183002523142,https://www.seloger.com/259300875/detail.htm?serp_view=list&search=distributionTypes%3DRent%26estateTypes%3DHouse%2CApartment%26locations%3DAD08FR28808%26page%3D13&sort_order_ab_test=sort_order_variant#ln=classified_search_results&m=classified_search_results_classified_classified_detail_M,Brotteaux / Foch,T2,1129.0,0,288.0,7,359.0,2,600.0,0,482.0,2,171.0,2,379.0,6,346.0,2,645.0,0,357.0,2,707.0,0,1566.0,0,165.0,4,291.0,2,1730.0,0,2078.0,0,844.0,0,874.0,0,2238.0,0,2918.0,0
1087,SeLoger,995.0,51.4,19.36,Appartement,"1 pièce - 51,4 m², étage",69001,Lyon,45.77158665621183,4.82869720874096,https://www.seloger.com/annonces/locations/appartement/lyon-69/260741527.htm?serp_view=list&search=distributionTypes%3DRent%26estateTypes%3DHouse%2CApartment%26locations%3DAD08FR28808%26page%3D13&sort_order_ab_test=sort_order_variant#ln=classified_search_results&m=classified_search_results_classified_classified_detail_M,Pentes Croix-Rousse,Studio/T1,389.0,1,208.0,40,299.0,3,507.0,0,363.0,4,315.0,2,154.0,10,308.0,3,1059.0,0,369.0,2,384.0,2,603.0,0,25.0,23,457.0,2,798.0,0,2373.0,0,376.0,1,456.0,1,348.0,1,1414.0,0
1088,SeLoger,1595.0,74.0,21.55,Appartement,"3 pièce - 2 chambre - s, s, 74 m², étage",69004,Lyon,45.77755797805104,4.831692869117936,https://www.seloger.com/annonces/locations/appartement/lyon-4eme-69/260776563.htm?serp_view=list&search=distributionTypes%3DRent%26estateTypes%3DHouse%2CApartment%26locations%3DAD08FR28808%26page%3D14&sort_order_ab_test=sort_order_variant#ln=classified_search_results&m=classified_search_results_classified_classified_detail_M,Croix-Rousse Plateau,T3,874.0,0,161.0,18,50.0,5,106.0,2,239.0,3,123.0,4,13.0,12,710.0,0,359.0,9,218.0,7,61.0,2,125.0,4,149.0,13,223.0,2,297.0,2,1820.0,0,218.0,3,113.0,2,752.0,0,1126.0,0
1089,SeLoger,1877.0,67.2,27.93,Appartement,"3 pièce - 2 chambre - s, s, 67,2 m²",69006,Lyon,45.7641969771779,4.842973114685149,https://www.seloger.com/annonces/locations/appartement/lyon-69/260164455.htm?serp_view=list&search=distributionTypes%3DRent%26estateTypes%3DHouse%2CApartment%26locations%3DAD08FR28808%26page%3D14&sort_order_ab_test=sort_order_variant#ln=classified_search_results&m=classified_search_results_classified_classified_detail_L,Brotteaux / Foch,T3,726.0,0,73.0,18,117.0,2,80.0,4,68.0,7,82.0,12,196.0,8,651.0,0,782.0,0,74.0,10,202.0,1,1050.0,0,216.0,12,128.0,6,1325.0,0,2409.0,0,284.0,3,319.0,1,966.0,0,2289.0,0
1090,SeLoger,950.0,55.0,17.27,Appartement,"3 pièce - 2 chambre - s, s, 55 m², étage",69008,Lyon,45.74491733943203,4.865260544660307,https://www.seloger.com/annonces/locations/appartement/lyon-69/260158047.htm?serp_view=list&search=distributionTypes%3DRent%26estateTypes%3DHouse%2CApartment%26locations%3DAD08FR28808%26page%3D14&sort_order_ab_test=sort_order_variant#ln=classified_search_results&m=classified_search_results_classified_classified_detail_M,Monplaisir / Bachut,T3,1822.0,0,203.0,3,134.0,2,1763.0,0,118.0,1,297.0,1,249.0,5,1354.0,0,856.0,0,359.0,2,428.0,1,875.0,0,187.0,11,124.0,3,292.0,1,4535.0,0,1516.0,0,70.0,2,3719.0,0,849.0,0
1091,SeLoger,1115.0,30.0,37.17,Appartement,"1 pièce - 1 chambre - 30 m², dès le 31/05/2026",69006,Lyon,45.76960299931915,4.8495444752574155,https://www.seloger.com/annonces/locations/appartement/lyon-69/259739269.htm?serp_view=list&search=distributionTypes%3DRent%26estateTypes%3DHouse%2CApartment%26locations%3DAD08FR28808%26page%3D14&sort_order_ab_test=sort_order_variant#ln=classified_search_results&m=classified_search_results_classified_classified_detail_M,Brotteaux / Foch,Studio/T1,1182.0,0,80.0,13,221.0,2,485.0,1,47.0,11,179.0,4,291.0,4,811.0,0,538.0,0,169.0,4,237.0,1,1305.0,0,233.0,20,289.0,3,1703.0,0,1703.0,0,169.0,1,76.0,3,1086.0,0,2767.0,0
1092,SeLoger,675.0,32.9,20.52,Appartement,"1 pièce - 32,9 m², RDC",69008,Lyon,45.73721236168055,4.876357073674759,https://www.seloger.com/annonces/locations/appartement/lyon-69/259717701.htm?serp_view=list&search=distributionTypes%3DRent%26estateTypes%3DHouse%2CApartment%26locations%3DAD08FR28808%26page%3D14&sort_order_ab_test=sort_order_variant#ln=classified_search_results&m=classified_search_results_classified_classified_detail_L,Monplaisir / Bachut,Studio/T1,2992.0,0,572.0,0,291.0,2,2966.0,0,1149.0,0,342.0,1,229.0,8,1511.0,0,316.0,2,351.0,1,518.0,0,744.0,0,171.0,10,562.0,0,700.0,0,5594.0,0,2535.0,0,940.0,0,4926.0,0,1603.0,0
1093,SeLoger,1029.0,64.0,16.08,Appartement,"3 pièce - 2 chambre - s, s, 64 m², Étage 5/5",69000,Lyon,45.76857431595728,4.834955549664548,https://www.seloger.com/annonces/locations/appartement/lyon-9eme-69/saint-rambert/26MMYBSAZGXH.htm?serp_view=list&search=distributionTypes%3DRent%26estateTypes%3DHouse%2CApartment%26locations%3DAD08FR28808%26page%3D14&sort_order_ab_test=sort_order_variant#ln=classified_search_results&m=classified_search_results_classified_classified_detail_M,Grand Lyon / Autre,T3,202.0,3,20.0,73,93.0,7,265.0,1,227.0,6,59.0,4,142.0,9,114.0,6,1209.0,0,69.0,6,250.0,3,722.0,0,209.0,16,126.0,5,1253.0,0,2269.0,0,187.0,2,609.0,0,293.0,2,1822.0,0
1094,SeLoger,1700.0,42.0,40.48,Appartement,"2 pièce - 1 chambre - s, , 42 m², étage",69003,Lyon,45.76084914963626,4.863908317025322,https://www.seloger.com/annonces/locations/appartement/lyon-3eme-69/part-dieu/213382107.htm?serp_view=list&search=distributionTypes%3DRent%26estateTypes%3DHouse%2CApartment%26locations%3DAD08FR28808%26page%3D14&sort_order_ab_test=sort_order_variant#ln=classified_search_results&m=classified_search_results_classified_classified_detail_M,Part-Dieu / Villette,T2,674.0,0,336.0,2,307.0,2,915.0,0,1109.0,0,311.0,1,81.0,9,700.0,0,1170.0,0,205.0,3,440.0,1,1057.0,0,249.0,6,337.0,1,1115.0,0,2795.0,0,881.0,0,574.0,0,2472.0,0,2165.0,0
1095,SeLoger,740.0,30.0,24.67,Appartement,"1 pièce - 30 m², étage",69007,Lyon,45.747763679562695,4.833586146692295,https://www.seloger.com/annonces/locations/appartement/lyon-7eme-69/la-guillotiere-sud/256401667.htm?serp_view=list&search=distributionTypes%3DRent%26estateTypes%3DHouse%2CApartment%26locations%3DAD08FR28808%26page%3D14&sort_order_ab_test=sort_order_variant#ln=classified_search_results&m=classified_search_results_classified_classified_detail_L,Guillotière / Jean Macé,Studio/T1,1688.0,0,215.0,8,283.0,3,613.0,0,423.0,2,801.0,0,262.0,3,369.0,1,201.0,1,391.0,3,43.0,2,721.0,0,237.0,7,323.0,2,1391.0,0,4374.0,0,391.0,3,612.0,0,2568.0,0,1147.0,0
1096,SeLoger,1950.0,49.6,39.31,Appartement,"2 pièce - 1 chambre - s, , 49,6 m², Étage 1/8",69006,Lyon,45.76298642036718,4.8609396050890075,https://www.seloger.com/239509259/detail.htm?serp_view=list&search=distributionTypes%3DRent%26estateTypes%3DHouse%2CApartment%26locations%3DAD08FR28808%26page%3D14&sort_order_ab_test=sort_order_variant#ln=classified_search_results&m=classified_search_results_classified_classified_detail_M,Brotteaux / Foch,T2,561.0,0,307.0,4,245.0,2,634.0,0,818.0,0,286.0,1,241.0,7,395.0,1,853.0,0,316.0,3,246.0,3,997.0,0,371.0,4,188.0,2,1137.0,0,2502.0,0,568.0,0,362.0,2,2160.0,0,2334.0,0
1097,SeLoger,900.0,58.7,15.33,Appartement,"3 pièce - 2 chambre - s, s, 58,7 m², Étage 2/6",69009,Lyon,45.77629812786462,4.807192575623969,https://www.seloger.com/annonces/locations/appartement/lyon-69/259918823.htm?serp_view=list&search=distributionTypes%3DRent%26estateTypes%3DHouse%2CApartment%26locations%3DAD08FR28808%26page%3D14&sort_order_ab_test=sort_order_variant#ln=classified_search_results&m=classified_search_results_classified_classified_detail_M,Vaise / Valmy,T3,2127.0,0,206.0,7,204.0,4,168.0,2,177.0,2,253.0,1,132.0,9,679.0,0,1221.0,0,139.0,3,162.0,3,693.0,0,315.0,9,98.0,4,609.0,0,3657.0,0,196.0,2,210.0,1,2096.0,0,1124.0,0
1098,SeLoger,1466.0,78.0,18.79,Appartement,"3 pièce - 2 chambre - s, s, 78 m², Étage 7/7",69007,Lyon,45.744716975324344,4.845537703925799,https://www.seloger.com/annonces/locations/appartement/lyon-69/259865269.htm?serp_view=list&search=distributionTypes%3DRent%26estateTypes%3DHouse%2CApartment%26locations%3DAD08FR28808%26page%3D14&sort_order_ab_test=sort_order_variant#ln=classified_search_results&m=classified_search_results_classified_classified_detail_M,Guillotière / Jean Macé,T3,1840.0,0,85.0,3,441.0,2,1026.0,0,542.0,0,89.0,1,126.0,2,480.0,1,513.0,0,46.0,4,270.0,2,78.0,2,185.0,4,580.0,0,1198.0,0,4487.0,0,46.0,1,1477.0,0,3049.0,0,523.0,0
1099,SeLoger,1718.0,81.5,21.08,Appartement,"3 pièce - 2 chambre - s, s, 81,5 m², Étage 11/15",69003,Lyon,45.75579944871167,4.844597945805714,https://www.seloger.com/annonces/locations/appartement/lyon-3eme-69/part-dieu/259363377.htm?serp_view=list&search=distributionTypes%3DRent%26estateTypes%3DHouse%2CApartment%26locations%3DAD08FR28808%26page%3D14&sort_order_ab_test=sort_order_variant#ln=classified_search_results&m=classified_search_results_classified_classified_detail_M,Préfecture / Quais,T3,944.0,0,98.0,32,104.0,5,259.0,1,147.0,3,139.0,10,139.0,12,831.0,0,170.0,3,129.0,5,28.0,9,551.0,0,177.0,10,178.0,3,656.0,0,3282.0,0,329.0,2,1017.0,0,1852.0,0,1690.0,0
1100,SeLoger,687.0,34.9,19.68,Appartement,"2 pièce - 1 chambre - s, , 34,9 m², Étage 1/5",69006,Lyon,45.76921564973495,4.861571492303918,https://www.seloger.com/annonces/locations/appartement/lyon-69/260580759.htm?serp_view=list&search=distributionTypes%3DRent%26estateTypes%3DHouse%2CApartment%26locations%3DAD08FR28808%26page%3D14&sort_order_ab_test=sort_order_variant#ln=classified_search_results&m=classified_search_results_classified_classified_detail_M,Brotteaux / Foch,T2,1155.0,0,256.0,9,141.0,2,416.0,2,230.0,2,140.0,1,371.0,1,201.0,2,406.0,1,192.0,2,606.0,0,1578.0,0,103.0,4,81.0,1,1775.0,0,1858.0,0,748.0,0,654.0,0,2016.0,0,3024.0,0
1101,SeLoger,555.0,19.0,29.21,Appartement,"1 pièce - 19 m², étage",69000,Lyon,45.770833668822405,4.839571608964232,https://www.seloger.com/annonces/locations/appartement/lyon-69/260051943.htm?serp_view=list&search=distributionTypes%3DRent%26estateTypes%3DHouse%2CApartment%26locations%3DAD08FR28808%26page%3D15&sort_order_ab_test=sort_order_variant#ln=classified_search_results&m=classified_search_results_classified_classified_detail_M,Grand Lyon / Autre,Studio/T1,527.0,0,174.0,27,519.0,0,649.0,0,411.0,3,314.0,2,246.0,14,295.0,4,1232.0,0,346.0,4,658.0,0,606.0,0,176.0,11,306.0,3,1247.0,0,1856.0,0,542.0,0,553.0,0,300.0,1,2050.0,0
1102,SeLoger,1005.0,48.7,20.64,Appartement,"2 pièce - 1 chambre - s, , 48,7 m², Étage 6/6",69005,Lyon,45.760805682938624,4.817457220827619,https://www.seloger.com/annonces/locations/appartement/lyon-69/260028817.htm?serp_view=list&search=distributionTypes%3DRent%26estateTypes%3DHouse%2CApartment%26locations%3DAD08FR28808%26page%3D15&sort_order_ab_test=sort_order_variant#ln=classified_search_results&m=classified_search_results_classified_classified_detail_M,Point du Jour / St Just,T2,1255.0,0,458.0,1,502.0,0,1229.0,0,646.0,0,479.0,1,160.0,4,794.0,0,427.0,1,874.0,0,501.0,0,335.0,2,173.0,6,381.0,2,1146.0,0,3820.0,0,906.0,0,1126.0,0,1648.0,0,305.0,1
1103,SeLoger,1100.0,71.0,15.49,Appartement,"3 pièce - 2 chambre - s, s, 71 m², RDC/4",69000,Lyon,45.763268976239026,4.824468931674436,https://www.seloger.com/annonces/locations/appartement/lyon-69/26MG1C23LYMS.htm?serp_view=list&search=distributionTypes%3DRent%26estateTypes%3DHouse%2CApartment%26locations%3DAD08FR28808%26page%3D15&sort_order_ab_test=sort_order_variant#ln=classified_search_results&m=classified_search_results_classified_classified_detail_M,Grand Lyon / Autre,T3,646.0,0,221.0,34,346.0,2,747.0,0,256.0,11,444.0,5,209.0,2,348.0,2,676.0,0,443.0,2,447.0,1,912.0,0,175.0,9,418.0,1,1484.0,0,3244.0,0,443.0,1,624.0,0,1076.0,0,856.0,0
1104,SeLoger,800.0,46.4,17.24,Appartement,"2 pièce - 1 chambre - s, , 46,4 m², étage",69001,Lyon,45.76793460264985,4.821960700580916,https://www.seloger.com/annonces/locations/appartement/lyon-69/260741505.htm?serp_view=list&search=distributionTypes%3DRent%26estateTypes%3DHouse%2CApartment%26locations%3DAD08FR28808%26page%3D15&sort_order_ab_test=sort_order_variant#ln=classified_search_results&m=classified_search_results_classified_classified_detail_M,Terreaux / Hotel de Ville,T2,797.0,0,98.0,14,630.0,0,768.0,0,235.0,2,227.0,5,149.0,6,362.0,1,1065.0,0,217.0,2,507.0,0,1194.0,0,196.0,15,606.0,0,944.0,0,3034.0,0,217.0,1,1030.0,0,921.0,0,952.0,0
1105,SeLoger,966.0,76.7,12.59,Appartement,"4 pièce - 2 chambre - s, s, 76,7 m², Étage 4/6",69005,Lyon,45.75058809879059,4.801759033164107,https://www.seloger.com/annonces/locations/appartement/lyon-69/260145377.htm?serp_view=list&search=distributionTypes%3DRent%26estateTypes%3DHouse%2CApartment%26locations%3DAD08FR28808%26page%3D15&sort_order_ab_test=sort_order_variant#ln=classified_search_results&m=classified_search_results_classified_classified_detail_M,Point du Jour / St Just,Grand (T4+),2840.0,0,1312.0,0,737.0,0,2160.0,0,1703.0,0,941.0,0,593.0,0,1409.0,0,692.0,0,711.0,0,1228.0,0,1303.0,0,289.0,2,680.0,0,1310.0,0,5485.0,0,2023.0,0,2226.0,0,3313.0,0,1506.0,0
1106,SeLoger,575.0,16.0,35.94,Appartement,"2 pièce - 1 chambre - Venissieux - s, , 16 m², étage",69000,Lyon,45.76913605226883,4.848075719692223,https://www.seloger.com/annonces/locations/appartement/venissieux-69/centre-max-barel-centre-nord/259370975.htm?serp_view=list&search=distributionTypes%3DRent%26estateTypes%3DHouse%2CApartment%26locations%3DAD08FR28808%26page%3D15&sort_order_ab_test=sort_order_variant#ln=classified_search_results&m=classified_search_results_classified_classified_detail_XL,Grand Lyon / Autre,T2,1175.0,0,204.0,12,247.0,2,371.0,1,18.0,14,105.0,5,381.0,10,913.0,0,657.0,0,98.0,4,346.0,2,1232.0,0,143.0,25,291.0,6,1673.0,0,1775.0,0,98.0,2,82.0,4,985.0,0,2697.0,0
1107,SeLoger,1140.0,56.5,20.18,Appartement,"2 pièce - 1 chambre - s, , 56,5 m², Étage 1/6",69006,Lyon,45.766435308151536,4.8552961400526495,https://www.seloger.com/annonces/locations/appartement/lyon-69/259928925.htm?serp_view=list&search=distributionTypes%3DRent%26estateTypes%3DHouse%2CApartment%26locations%3DAD08FR28808%26page%3D15&sort_order_ab_test=sort_order_variant#ln=classified_search_results&m=classified_search_results_classified_classified_detail_M,Brotteaux / Foch,T2,741.0,0,89.0,17,91.0,3,171.0,3,381.0,5,547.0,0,194.0,6,346.0,2,406.0,1,64.0,8,85.0,5,1102.0,0,17.0,19,48.0,3,1345.0,0,2047.0,0,191.0,1,372.0,2,1608.0,0,2671.0,0
1108,SeLoger,1343.0,105.9,12.68,Appartement,"3 pièce - 2 chambre - s, s, 105,9 m², étage",69003,Lyon,45.75532737974758,4.845002961654292,https://www.seloger.com/annonces/locations/appartement/lyon-3eme-69/la-guillotiere-nord/259423213.htm?serp_view=list&search=distributionTypes%3DRent%26estateTypes%3DHouse%2CApartment%26locations%3DAD08FR28808%26page%3D15&sort_order_ab_test=sort_order_variant#ln=classified_search_results&m=classified_search_results_classified_classified_detail_M,Préfecture / Quais,T3,943.0,0,40.0,35,120.0,5,198.0,1,148.0,3,120.0,10,187.0,13,794.0,0,230.0,3,190.0,5,66.0,9,535.0,0,167.0,12,214.0,3,615.0,0,3327.0,0,337.0,2,1027.0,0,1913.0,0,1629.0,0
1109,SeLoger,550.0,15.0,36.67,Studio,"1 pièce - Studio - , 15 m², Étage 2/5",69000,Lyon,45.75840401090213,4.846780616994324,https://www.seloger.com/annonces/locations/appartement/lyon-69/260822025.htm?serp_view=list&search=distributionTypes%3DRent%26estateTypes%3DHouse%2CApartment%26locations%3DAD08FR28808%26page%3D15&sort_order_ab_test=sort_order_variant#ln=classified_search_results&m=classified_search_results_classified_classified_detail_L,Grand Lyon / Autre,Studio/T1,683.0,0,182.0,15,430.0,2,499.0,1,360.0,1,137.0,12,195.0,8,843.0,0,280.0,2,150.0,5,192.0,3,406.0,1,43.0,12,106.0,3,642.0,0,2967.0,0,150.0,2,714.0,0,1667.0,0,1886.0,0
1110,SeLoger,530.0,29.0,18.28,Studio,"1 pièce - Studio , 29 m², étage",69007,Lyon,45.73704289987289,4.831868129138297,https://www.seloger.com/annonces/locations/appartement/lyon-69/260751307.htm?serp_view=list&search=distributionTypes%3DRent%26estateTypes%3DHouse%2CApartment%26locations%3DAD08FR28808%26page%3D15&sort_order_ab_test=sort_order_variant#ln=classified_search_results&m=classified_search_results_classified_classified_detail_M,Guillotière / Jean Macé,Studio/T1,2884.0,0,392.0,1,354.0,1,1765.0,0,790.0,0,516.0,0,74.0,8,940.0,0,1379.0,0,398.0,1,310.0,1,739.0,0,88.0,6,353.0,1,609.0,0,5548.0,0,828.0,0,1757.0,0,3761.0,0,979.0,0
1111,SeLoger,1985.0,102.1,19.44,Appartement,"4 pièce - 3 chambre - s, s, 102,1 m², étage",69006,Lyon,45.770929323253085,4.843173305423261,https://www.seloger.com/annonces/locations/appartement/lyon-69/260741491.htm?serp_view=list&search=distributionTypes%3DRent%26estateTypes%3DHouse%2CApartment%26locations%3DAD08FR28808%26page%3D15&sort_order_ab_test=sort_order_variant#ln=classified_search_results&m=classified_search_results_classified_classified_detail_M,Brotteaux / Foch,Grand (T4+),803.0,0,156.0,9,453.0,1,517.0,0,334.0,8,119.0,4,102.0,7,572.0,0,1036.0,0,103.0,2,582.0,0,805.0,0,150.0,11,250.0,4,1449.0,0,1708.0,0,348.0,2,429.0,2,577.0,0,2270.0,0
1112,SeLoger,1394.0,69.6,20.03,Appartement,"2 pièce - 1 chambre - s, , 69,6 m², étage",69001,Lyon,45.76616288061624,4.8283329016468075,https://www.seloger.com/annonces/locations/appartement/lyon-69/260741479.htm?serp_view=list&search=distributionTypes%3DRent%26estateTypes%3DHouse%2CApartment%26locations%3DAD08FR28808%26page%3D15&sort_order_ab_test=sort_order_variant#ln=classified_search_results&m=classified_search_results_classified_classified_detail_M,Terreaux / Hotel de Ville,T2,292.0,2,21.0,72,164.0,9,315.0,1,53.0,16,172.0,9,316.0,4,187.0,3,873.0,0,191.0,3,219.0,4,1105.0,0,115.0,15,237.0,3,1270.0,0,2805.0,0,315.0,2,511.0,0,638.0,0,1243.0,0
1113,SeLoger,690.0,29.3,23.55,Appartement,"1 pièce - 29,3 m², Étage 1/6",69008,Lyon,45.73016508785926,4.864981494820022,https://www.seloger.com/annonces/locations/appartement/lyon-69/260291187.htm?serp_view=list&search=distributionTypes%3DRent%26estateTypes%3DHouse%2CApartment%26locations%3DAD08FR28808%26page%3D15&sort_order_ab_test=sort_order_variant#ln=classified_search_results&m=classified_search_results_classified_classified_detail_L,Monplaisir / Bachut,Studio/T1,3376.0,0,418.0,1,209.0,2,3003.0,0,1664.0,0,814.0,0,37.0,6,490.0,1,984.0,0,654.0,0,494.0,1,786.0,0,278.0,5,195.0,1,943.0,0,6144.0,0,2235.0,0,1620.0,0,5103.0,0,1137.0,0
1114,SeLoger,1050.0,48.0,21.88,Appartement,"2 pièce - 1 chambre - s, , 48 m², RDC",69005,Lyon,45.75793688000213,4.802873219471571,https://www.seloger.com/annonces/locations/appartement/lyon-69/260257215.htm?serp_view=list&search=distributionTypes%3DRent%26estateTypes%3DHouse%2CApartment%26locations%3DAD08FR28808%26page%3D15&sort_order_ab_test=sort_order_variant#ln=classified_search_results&m=classified_search_results_classified_classified_detail_M,Point du Jour / St Just,T2,2421.0,0,663.0,0,497.0,1,1847.0,0,1623.0,0,619.0,0,126.0,7,1358.0,0,697.0,0,641.0,0,951.0,0,955.0,0,273.0,4,444.0,1,490.0,1,4886.0,0,1723.0,0,1861.0,0,2748.0,0,819.0,0
1115,SeLoger,700.0,23.0,30.43,Appartement,"1 pièce - 23 m², RDC/1, dès le 02/03/2026",69003,Lyon,45.75271571827237,4.863029833622338,https://www.seloger.com/annonces/locations/appartement/lyon-69/260257209.htm?serp_view=list&search=distributionTypes%3DRent%26estateTypes%3DHouse%2CApartment%26locations%3DAD08FR28808%26page%3D15&sort_order_ab_test=sort_order_variant#ln=classified_search_results&m=classified_search_results_classified_classified_detail_M,Part-Dieu / Villette,Studio/T1,985.0,0,347.0,3,498.0,1,1285.0,0,601.0,0,548.0,0,33.0,10,1547.0,0,1383.0,0,148.0,2,322.0,2,1005.0,0,140.0,6,394.0,1,681.0,0,3651.0,0,1269.0,0,843.0,0,2955.0,0,1306.0,0
1116,SeLoger,440.0,22.3,19.73,Appartement,"1 pièce - 22,3 m², Étage 2/2",69007,Lyon,45.74371471038561,4.83027304910524,https://www.seloger.com/annonces/locations/appartement/lyon-69/260196701.htm?serp_view=list&search=distributionTypes%3DRent%26estateTypes%3DHouse%2CApartment%26locations%3DAD08FR28808%26page%3D15&sort_order_ab_test=sort_order_variant#ln=classified_search_results&m=classified_search_results_classified_classified_detail_L,Guillotière / Jean Macé,Studio/T1,2156.0,0,348.0,2,634.0,0,1021.0,0,728.0,0,912.0,0,159.0,2,511.0,0,719.0,0,144.0,1,520.0,0,1112.0,0,342.0,4,559.0,0,873.0,0,4886.0,0,144.0,1,1012.0,0,3026.0,0,1108.0,0
1117,SeLoger,1160.0,33.0,35.15,Appartement,"1 pièce - 33 m², Étage 3/4, disponible dès maintenant",69000,Lyon,45.7566480855181,4.830783838549958,https://www.seloger.com/annonces/locations/appartement/lyon-69/26SPQBB6GNJ6.htm?serp_view=list&search=distributionTypes%3DRent%26estateTypes%3DHouse%2CApartment%26locations%3DAD08FR28808%26page%3D15&sort_order_ab_test=sort_order_variant#ln=classified_search_results&m=classified_search_results_classified_classified_detail_M,Grand Lyon / Autre,Studio/T1,738.0,0,200.0,28,280.0,4,374.0,2,183.0,13,176.0,4,66.0,17,471.0,2,211.0,2,90.0,7,457.0,1,834.0,0,84.0,12,188.0,8,1728.0,0,3560.0,0,548.0,0,254.0,3,1590.0,0,1435.0,0
1118,SeLoger,850.0,34.0,25.0,Appartement,"3 pièce - 2 chambre - s, s, 34 m², Étage 5/7",69007,Lyon,45.74874998701787,4.843440549280492,https://www.seloger.com/annonces/locations/appartement/lyon-7eme-69/260284989.htm?serp_view=list&search=distributionTypes%3DRent%26estateTypes%3DHouse%2CApartment%26locations%3DAD08FR28808%26page%3D15&sort_order_ab_test=sort_order_variant#ln=classified_search_results&m=classified_search_results_classified_classified_detail_L,Guillotière / Jean Macé,T3,1535.0,0,54.0,29,36.0,6,624.0,0,325.0,2,111.0,5,280.0,5,120.0,2,520.0,0,120.0,5,167.0,3,53.0,2,292.0,9,226.0,5,967.0,0,4069.0,0,319.0,3,1105.0,0,2574.0,0,950.0,0
1119,SeLoger,1200.0,75.3,15.94,Appartement,"3 pièce - 2 chambre - s, s, 75,3 m², Étage 2/4",69005,Lyon,45.75470919830488,4.803882456356428,https://www.seloger.com/annonces/locations/appartement/lyon-5eme-69/fourviere-saint-just/258814307.htm?serp_view=list&search=distributionTypes%3DRent%26estateTypes%3DHouse%2CApartment%26locations%3DAD08FR28808%26page%3D15&sort_order_ab_test=sort_order_variant#ln=classified_search_results&m=classified_search_results_classified_classified_detail_L,Point du Jour / St Just,T3,2494.0,0,979.0,0,346.0,1,1976.0,0,1725.0,0,551.0,0,246.0,4,1203.0,0,970.0,0,420.0,1,888.0,0,960.0,0,134.0,5,493.0,1,853.0,0,5054.0,0,1871.0,0,2020.0,0,2890.0,0,1029.0,0
1120,SeLoger,1590.0,112.0,14.2,Appartement,"3 pièce - 2 chambre - s, s, 112 m², Étage 2/5",69001,Lyon,45.76750888746442,4.819364969184529,https://www.seloger.com/annonces/locations/appartement/lyon-69/259862331.htm?serp_view=list&search=distributionTypes%3DRent%26estateTypes%3DHouse%2CApartment%26locations%3DAD08FR28808%26page%3D16&sort_order_ab_test=sort_order_variant#ln=classified_search_results&m=classified_search_results_classified_classified_detail_M,Terreaux / Hotel de Ville,T3,993.0,0,30.0,5,783.0,0,968.0,0,139.0,1,417.0,2,89.0,6,557.0,0,893.0,0,406.0,1,712.0,0,1080.0,0,337.0,7,680.0,0,998.0,0,3223.0,0,406.0,1,1187.0,0,1126.0,0,791.0,0
1121,SeLoger,810.0,51.4,15.76,Appartement,"2 pièce - 1 chambre - s, , 51,4 m², étage",69009,Lyon,45.80015251242846,4.825351010457026,https://www.seloger.com/annonces/locations/appartement/lyon-69/260574473.htm?serp_view=list&search=distributionTypes%3DRent%26estateTypes%3DHouse%2CApartment%26locations%3DAD08FR28808%26page%3D16&sort_order_ab_test=sort_order_variant#ln=classified_search_results&m=classified_search_results_classified_classified_detail_L,Vaise / Valmy,T2,3432.0,0,1644.0,0,453.0,1,2560.0,0,2617.0,0,488.0,1,223.0,5,3260.0,0,1787.0,0,2252.0,0,1876.0,0,143.0,1,95.0,3,37.0,1,2165.0,0,2729.0,0,2252.0,0,2668.0,0,3311.0,0,828.0,0
1122,SeLoger,688.0,20.0,34.4,Appartement,"1 pièce - 20 m², étage",69000,Lyon,45.75970687060907,4.851810622182325,https://www.seloger.com/annonces/locations/appartement/lyon-69/260533769.htm?serp_view=list&search=distributionTypes%3DRent%26estateTypes%3DHouse%2CApartment%26locations%3DAD08FR28808%26page%3D16&sort_order_ab_test=sort_order_variant#ln=classified_search_results&m=classified_search_results_classified_classified_detail_M,Grand Lyon / Autre,Studio/T1,275.0,1,298.0,7,342.0,1,433.0,1,645.0,0,214.0,2,205.0,5,970.0,0,694.0,0,303.0,6,428.0,2,315.0,1,189.0,12,132.0,5,588.0,0,2786.0,0,381.0,2,309.0,3,1790.0,0,1937.0,0
1123,SeLoger,674.0,32.0,21.06,Appartement,"1 pièce - 32 m², Étage 2/7",69009,Lyon,45.78486309537739,4.807208047888013,https://www.seloger.com/annonces/locations/appartement/lyon-69/259463937.htm?serp_view=list&search=distributionTypes%3DRent%26estateTypes%3DHouse%2CApartment%26locations%3DAD08FR28808%26page%3D16&sort_order_ab_test=sort_order_variant#ln=classified_search_results&m=classified_search_results_classified_classified_detail_M,Vaise / Valmy,Studio/T1,2610.0,0,572.0,0,520.0,0,1109.0,0,510.0,0,392.0,1,213.0,3,1579.0,0,1066.0,0,662.0,0,368.0,1,981.0,0,539.0,0,392.0,1,616.0,0,3533.0,0,1148.0,0,1162.0,0,2539.0,0,921.0,0
1124,SeLoger,840.0,55.0,15.27,Appartement,"3 pièce - 2 chambre - s, s, 55 m², étage",69000,Lyon,45.76458357229353,4.847950778110303,https://www.seloger.com/annonces/locations/appartement/tassin-la-demi-lune-69/centre-ville/257271943.htm?serp_view=list&search=distributionTypes%3DRent%26estateTypes%3DHouse%2CApartment%26locations%3DAD08FR28808%26page%3D16&sort_order_ab_test=sort_order_variant#ln=classified_search_results&m=classified_search_results_classified_classified_detail_XL,Grand Lyon / Autre,T3,785.0,0,279.0,11,305.0,3,103.0,5,192.0,8,228.0,9,16.0,8,939.0,0,889.0,0,203.0,11,312.0,2,901.0,0,93.0,19,130.0,8,1187.0,0,2274.0,0,203.0,4,402.0,2,1203.0,0,2523.0,0
1125,SeLoger,843.0,48.0,17.56,Appartement,"2 pièce - 1 chambre - s, , 48 m², étage",69006,Lyon,45.766297605053786,4.862047062168681,https://www.seloger.com/annonces/locations/appartement/lyon-69/260741533.htm?serp_view=list&search=distributionTypes%3DRent%26estateTypes%3DHouse%2CApartment%26locations%3DAD08FR28808%26page%3D16&sort_order_ab_test=sort_order_variant#ln=classified_search_results&m=classified_search_results_classified_classified_detail_M,Brotteaux / Foch,T2,892.0,0,180.0,10,334.0,2,463.0,1,496.0,2,188.0,2,345.0,8,178.0,2,597.0,0,282.0,4,504.0,0,1328.0,0,74.0,6,286.0,3,1497.0,0,2175.0,0,631.0,0,659.0,0,2113.0,0,2712.0,0
1126,SeLoger,1390.0,78.0,17.82,Appartement,"3 pièce - 1 chambre - s, , 78 m², Étage 2/2",69003,Lyon,45.754542744415886,4.846147291323727,https://www.seloger.com/annonces/locations/appartement/lyon-69/259961617.htm?serp_view=list&search=distributionTypes%3DRent%26estateTypes%3DHouse%2CApartment%26locations%3DAD08FR28808%26page%3D16&sort_order_ab_test=sort_order_variant#ln=classified_search_results&m=classified_search_results_classified_classified_detail_M,Préfecture / Quais,T3,921.0,0,28.0,37,226.0,4,77.0,1,178.0,3,141.0,10,212.0,13,746.0,0,160.0,3,121.0,5,180.0,10,492.0,1,127.0,13,326.0,4,519.0,0,3399.0,0,356.0,2,1026.0,0,2027.0,0,1510.0,0
1127,SeLoger,1470.0,89.1,16.5,Appartement,"2 pièce - 1 chambre - s, , 89,1 m², Étage 4/6",69006,Lyon,45.76768925027235,4.856262969773409,https://www.seloger.com/259606343/detail.htm?serp_view=list&search=distributionTypes%3DRent%26estateTypes%3DHouse%2CApartment%26locations%3DAD08FR28808%26page%3D16&sort_order_ab_test=sort_order_variant#ln=classified_search_results&m=classified_search_results_classified_classified_detail_M,Brotteaux / Foch,T2,883.0,0,64.0,16,237.0,3,16.0,2,307.0,7,445.0,1,131.0,5,270.0,2,257.0,1,14.0,8,227.0,4,1257.0,0,132.0,16,186.0,2,1494.0,0,1917.0,0,349.0,1,309.0,2,1640.0,0,2812.0,0
1128,SeLoger,850.0,14.0,60.71,Appartement,"1 pièce - 14 m², RDC",69007,Lyon,45.74160730284877,4.845608819831811,https://www.seloger.com/annonces/locations/appartement/lyon-7eme-69/la-guillotiere-sud/259294933.htm?serp_view=list&search=distributionTypes%3DRent%26estateTypes%3DHouse%2CApartment%26locations%3DAD08FR28808%26page%3D16&sort_order_ab_test=sort_order_variant#ln=classified_search_results&m=classified_search_results_classified_classified_detail_M,Guillotière / Jean Macé,Studio/T1,2157.0,0,431.0,2,724.0,0,1371.0,0,809.0,0,420.0,1,403.0,1,265.0,1,445.0,1,390.0,2,419.0,3,385.0,1,296.0,2,699.0,0,895.0,0,4830.0,0,390.0,1,1626.0,0,3386.0,0,218.0,1
1129,SeLoger,1470.0,74.0,19.86,Appartement,"3 pièce - 2 chambre - s, s, 74 m², Étage 6/6",69009,Lyon,45.77951459195988,4.815535374357106,https://www.seloger.com/annonces/locations/appartement/lyon-9eme-69/260776537.htm?serp_view=list&search=distributionTypes%3DRent%26estateTypes%3DHouse%2CApartment%26locations%3DAD08FR28808%26page%3D16&sort_order_ab_test=sort_order_variant#ln=classified_search_results&m=classified_search_results_classified_classified_detail_M,Vaise / Valmy,T3,1734.0,0,836.0,0,661.0,0,858.0,0,647.0,0,795.0,0,191.0,8,1000.0,0,482.0,1,733.0,0,823.0,0,136.0,2,201.0,8,689.0,0,284.0,1,2946.0,0,854.0,0,867.0,0,1666.0,0,403.0,1
1130,SeLoger,1019.0,63.0,16.17,Appartement,"3 pièce - 2 chambre - s, s, 63 m², étage",69002,Lyon,45.760138089709706,4.83481697169841,https://www.seloger.com/annonces/locations/appartement/lyon-69/260741547.htm?serp_view=list&search=distributionTypes%3DRent%26estateTypes%3DHouse%2CApartment%26locations%3DAD08FR28808%26page%3D16&sort_order_ab_test=sort_order_variant#ln=classified_search_results&m=classified_search_results_classified_classified_detail_M,Bellecour / Cordeliers,T3,322.0,1,98.0,41,88.0,5,720.0,0,73.0,23,248.0,5,175.0,12,130.0,3,449.0,1,177.0,5,181.0,1,1315.0,0,182.0,2,89.0,4,1533.0,0,3071.0,0,742.0,0,147.0,3,1200.0,0,1646.0,0
1131,SeLoger,605.0,25.0,24.2,Appartement,"1 pièce - 25 m², Étage 3/4",69008,Lyon,45.73718335824293,4.865922512819264,https://www.seloger.com/annonces/locations/appartement/lyon-69/260203799.htm?serp_view=list&search=distributionTypes%3DRent%26estateTypes%3DHouse%2CApartment%26locations%3DAD08FR28808%26page%3D16&sort_order_ab_test=sort_order_variant#ln=classified_search_results&m=classified_search_results_classified_classified_detail_L,Monplaisir / Bachut,Studio/T1,2642.0,0,81.0,3,588.0,0,2392.0,0,880.0,0,269.0,2,225.0,3,858.0,0,883.0,0,197.0,2,212.0,4,66.0,1,115.0,10,261.0,2,189.0,1,5387.0,0,1799.0,0,851.0,0,4455.0,0,797.0,0
1132,SeLoger,790.0,47.0,16.81,Appartement,"1 pièce - 47 m², RDC/6",69001,Lyon,45.766837169216565,4.829816057273418,https://www.seloger.com/annonces/locations/appartement/lyon-69/260083109.htm?serp_view=list&search=distributionTypes%3DRent%26estateTypes%3DHouse%2CApartment%26locations%3DAD08FR28808%26page%3D16&sort_order_ab_test=sort_order_variant#ln=classified_search_results&m=classified_search_results_classified_classified_detail_M,Terreaux / Hotel de Ville,Studio/T1,181.0,3,101.0,82,177.0,9,178.0,1,137.0,14,92.0,10,309.0,3,259.0,5,942.0,0,265.0,4,95.0,4,989.0,0,107.0,16,160.0,4,1261.0,0,2672.0,0,318.0,3,489.0,1,513.0,0,1379.0,0
1133,SeLoger,850.0,44.0,19.32,Appartement,"2 pièce - 1 chambre - s, , 44 m², étage",69000,Lyon,45.75481719594572,4.821495399821876,https://www.seloger.com/annonces/locations/appartement/villeurbanne-69/poudrette-les-brosses/259340073.htm?serp_view=list&search=distributionTypes%3DRent%26estateTypes%3DHouse%2CApartment%26locations%3DAD08FR28808%26page%3D16&sort_order_ab_test=sort_order_variant#ln=classified_search_results&m=classified_search_results_classified_classified_detail_XL,Grand Lyon / Autre,T2,1314.0,0,236.0,8,340.0,1,624.0,0,367.0,2,379.0,4,202.0,6,203.0,1,350.0,1,429.0,2,544.0,0,235.0,2,105.0,12,380.0,3,1671.0,0,4119.0,0,565.0,0,655.0,0,1997.0,0,967.0,0
1134,SeLoger,1250.0,68.0,18.38,Appartement,"4 pièce - 2 chambre - s, s, 68 m², Étage 3/4",69003,Lyon,45.743301317178215,4.883251351297675,https://www.seloger.com/annonces/locations/appartement/lyon-69/260838255.htm?serp_view=list&search=distributionTypes%3DRent%26estateTypes%3DHouse%2CApartment%26locations%3DAD08FR28808%26page%3D16&sort_order_ab_test=sort_order_variant#ln=classified_search_results&m=classified_search_results_classified_classified_detail_M,Montchat,Grand (T4+),2835.0,0,554.0,0,365.0,1,3082.0,0,512.0,0,1067.0,0,247.0,4,2320.0,0,367.0,4,482.0,1,611.0,0,1452.0,0,565.0,0,706.0,0,1334.0,0,5181.0,0,2919.0,0,1049.0,0,4822.0,0,2174.0,0
1135,SeLoger,980.0,53.2,18.42,Appartement,"2 pièce - 1 chambre - s, , 53,2 m², étage",69007,Lyon,45.74038431784648,4.835708313829431,https://www.seloger.com/annonces/locations/appartement/lyon-69/260309061.htm?serp_view=list&search=distributionTypes%3DRent%26estateTypes%3DHouse%2CApartment%26locations%3DAD08FR28808%26page%3D16&sort_order_ab_test=sort_order_variant#ln=classified_search_results&m=classified_search_results_classified_classified_detail_M,Guillotière / Jean Macé,T2,2513.0,0,137.0,2,522.0,0,1444.0,0,803.0,0,653.0,0,132.0,7,1003.0,0,985.0,0,550.0,0,379.0,2,861.0,0,130.0,7,505.0,0,674.0,0,5108.0,0,550.0,0,1441.0,0,3395.0,0,616.0,0
1136,SeLoger,1313.0,60.5,21.7,Appartement,"3 pièce - 2 chambre - s, s, 60,5 m², Étage 1/1",69002,Lyon,45.75585476026403,4.8286198494419255,https://www.seloger.com/annonces/locations/appartement/lyon-69/260217145.htm?serp_view=list&search=distributionTypes%3DRent%26estateTypes%3DHouse%2CApartment%26locations%3DAD08FR28808%26page%3D16&sort_order_ab_test=sort_order_variant#ln=classified_search_results&m=classified_search_results_classified_classified_detail_M,Ainay,T3,885.0,0,114.0,24,335.0,2,272.0,2,85.0,12,196.0,4,217.0,16,616.0,0,289.0,2,159.0,8,438.0,3,645.0,0,60.0,11,95.0,7,1885.0,0,3720.0,0,412.0,1,186.0,2,1704.0,0,1322.0,0
1137,SeLoger,1020.0,49.5,20.61,Appartement,"2 pièce - 1 chambre - s, , 49,5 m², étage",69003,Lyon,45.7592492668801,4.844558808756915,https://www.seloger.com/annonces/locations/appartement/lyon-69/260178219.htm?serp_view=list&search=distributionTypes%3DRent%26estateTypes%3DHouse%2CApartment%26locations%3DAD08FR28808%26page%3D16&sort_order_ab_test=sort_order_variant#ln=classified_search_results&m=classified_search_results_classified_classified_detail_M,Préfecture / Quais,T2,840.0,0,151.0,18,429.0,2,492.0,2,326.0,1,50.0,12,244.0,4,652.0,0,241.0,2,220.0,7,308.0,4,602.0,0,156.0,10,94.0,2,834.0,0,2907.0,0,282.0,2,835.0,0,1501.0,0,2037.0,0
1138,SeLoger,920.0,47.7,19.29,Appartement,"2 pièce - 1 chambre - s, , 47,7 m², étage",69005,Lyon,45.755122320526326,4.815536272805949,https://www.seloger.com/annonces/locations/appartement/lyon-69/259659763.htm?serp_view=list&search=distributionTypes%3DRent%26estateTypes%3DHouse%2CApartment%26locations%3DAD08FR28808%26page%3D16&sort_order_ab_test=sort_order_variant#ln=classified_search_results&m=classified_search_results_classified_classified_detail_M,Point du Jour / St Just,T2,1662.0,0,192.0,1,209.0,1,1083.0,0,828.0,0,159.0,3,250.0,3,330.0,1,743.0,0,496.0,1,175.0,1,202.0,2,261.0,11,196.0,1,1270.0,0,4382.0,0,1001.0,0,1118.0,0,2216.0,0,734.0,0
1139,SeLoger,2490.0,127.0,19.61,Appartement,"6 pièce - 5 chambre - s, s, 127 m², RDC",69005,Lyon,45.76169358867691,4.827117146603093,https://www.seloger.com/annonces/locations/appartement/lyon-5eme-69/point-du-jour-menival/257269913.htm?serp_view=list&search=distributionTypes%3DRent%26estateTypes%3DHouse%2CApartment%26locations%3DAD08FR28808%26page%3D17&sort_order_ab_test=sort_order_variant#ln=classified_search_results&m=classified_search_results_classified_classified_detail_L,Vieux Lyon,Grand (T4+),536.0,0,129.0,49,142.0,4,751.0,0,47.0,18,473.0,2,73.0,8,278.0,3,418.0,1,331.0,2,244.0,1,1002.0,0,124.0,8,207.0,3,1701.0,0,3246.0,0,649.0,0,379.0,2,1119.0,0,1041.0,0
1140,SeLoger,1800.0,99.0,18.18,Appartement,"4 pièce - 2 chambre - s, s, 99 m², Étage 5/5",69005,Lyon,45.76322626298517,4.806371797845735,https://www.seloger.com/annonces/locations/appartement/lyon-5eme-69/vieux-lyon/255330875.htm?serp_view=list&search=distributionTypes%3DRent%26estateTypes%3DHouse%2CApartment%26locations%3DAD08FR28808%26page%3D17&sort_order_ab_test=sort_order_variant#ln=classified_search_results&m=classified_search_results_classified_classified_detail_L,Point du Jour / St Just,Grand (T4+),2010.0,0,571.0,0,680.0,0,1228.0,0,1111.0,0,823.0,0,500.0,0,949.0,0,485.0,1,45.0,1,991.0,0,879.0,0,512.0,0,525.0,0,290.0,1,4322.0,0,1109.0,0,1245.0,0,2238.0,0,393.0,1
1141,SeLoger,543.0,53.4,10.17,Appartement,"4 pièce - 3 chambre - s, s, 53,4 m², RDC",69008,Lyon,45.732499525522265,4.852719778689722,https://www.seloger.com/annonces/locations/appartement/lyon-8eme-69/laennec-mermoz/255126889.htm?serp_view=list&search=distributionTypes%3DRent%26estateTypes%3DHouse%2CApartment%26locations%3DAD08FR28808%26page%3D17&sort_order_ab_test=sort_order_variant#ln=classified_search_results&m=classified_search_results_classified_classified_detail_L,Monplaisir / Bachut,Grand (T4+),3040.0,0,354.0,1,306.0,1,2429.0,0,1773.0,0,337.0,1,136.0,6,497.0,1,937.0,0,966.0,0,508.0,0,1205.0,0,232.0,5,84.0,2,1074.0,0,5811.0,0,1504.0,0,1759.0,0,4508.0,0,664.0,0
1142,SeLoger,540.0,58.8,9.18,Appartement,"4 pièce - 3 chambre - s, s, 58,8 m², RDC",69009,Lyon,45.782641504172865,4.807961589380699,https://www.seloger.com/annonces/locations/appartement/lyon-9eme-69/la-duchere/251420841.htm?serp_view=list&search=distributionTypes%3DRent%26estateTypes%3DHouse%2CApartment%26locations%3DAD08FR28808%26page%3D17&sort_order_ab_test=sort_order_variant#ln=classified_search_results&m=classified_search_results_classified_classified_detail_L,Vaise / Valmy,Grand (T4+),2411.0,0,503.0,0,282.0,1,869.0,0,268.0,1,218.0,1,222.0,3,1326.0,0,1001.0,0,434.0,1,492.0,1,768.0,0,348.0,2,609.0,0,402.0,1,3483.0,0,903.0,0,918.0,0,2347.0,0,846.0,0
1143,SeLoger,1990.0,88.0,22.61,Appartement,"3 pièce - 2 chambre - s, s, 88 m², étage",69002,Lyon,45.75414266930974,4.829578054130305,https://www.seloger.com/annonces/locations/appartement/lyon-69/259988185.htm?serp_view=list&search=distributionTypes%3DRent%26estateTypes%3DHouse%2CApartment%26locations%3DAD08FR28808%26page%3D17&sort_order_ab_test=sort_order_variant#ln=classified_search_results&m=classified_search_results_classified_classified_detail_M,Ainay,T3,1032.0,0,90.0,14,131.0,3,80.0,2,201.0,9,231.0,4,187.0,15,663.0,0,468.0,2,122.0,8,277.0,2,637.0,0,58.0,16,28.0,6,1804.0,0,3850.0,0,259.0,2,43.0,2,1878.0,0,1485.0,0
1144,SeLoger,1804.0,65.0,27.75,Appartement,"3 pièce - 2 chambre - s, s, 65 m², étage",69002,Lyon,45.74913515153403,4.826617691427387,https://www.seloger.com/annonces/locations/appartement/lyon-69/259929023.htm?serp_view=list&search=distributionTypes%3DRent%26estateTypes%3DHouse%2CApartment%26locations%3DAD08FR28808%26page%3D17&sort_order_ab_test=sort_order_variant#ln=classified_search_results&m=classified_search_results_classified_classified_detail_M,Ainay,T3,1634.0,0,218.0,9,169.0,2,523.0,0,250.0,3,583.0,0,48.0,6,203.0,1,658.0,0,258.0,4,316.0,3,554.0,0,258.0,7,285.0,3,1344.0,0,4450.0,0,258.0,2,505.0,0,2467.0,0,1652.0,0
1145,SeLoger,1271.0,81.8,15.54,Appartement,"3 pièce - 3 chambre - s, s, 81,8 m², Étage 1/6",69002,Lyon,45.754505910707266,4.833792611850994,https://www.seloger.com/annonces/locations/appartement/lyon-2eme-69/bellecour-ainay/259404119.htm?serp_view=list&search=distributionTypes%3DRent%26estateTypes%3DHouse%2CApartment%26locations%3DAD08FR28808%26page%3D17&sort_order_ab_test=sort_order_variant#ln=classified_search_results&m=classified_search_results_classified_classified_detail_M,Ainay,T3,939.0,0,133.0,15,313.0,4,301.0,2,114.0,5,277.0,1,182.0,13,700.0,0,537.0,0,354.0,4,517.0,0,962.0,0,139.0,14,226.0,5,1477.0,0,3672.0,0,535.0,0,301.0,2,1819.0,0,1747.0,0
1146,SeLoger,750.0,28.6,26.22,Appartement,"1 pièce - 28,6 m², étage",69007,Lyon,45.73583831714318,4.839220826230373,https://www.seloger.com/259286939/detail.htm?serp_view=list&search=distributionTypes%3DRent%26estateTypes%3DHouse%2CApartment%26locations%3DAD08FR28808%26page%3D17&sort_order_ab_test=sort_order_variant#ln=classified_search_results&m=classified_search_results_classified_classified_detail_M,Gerland,Studio/T1,2941.0,0,45.0,3,251.0,1,2009.0,0,979.0,0,79.0,2,212.0,7,928.0,0,1183.0,0,216.0,3,230.0,1,958.0,0,136.0,6,244.0,1,108.0,2,5540.0,0,1123.0,0,2006.0,0,3923.0,0,594.0,0
1147,SeLoger,1738.0,67.0,25.94,Appartement,"3 pièce - 2 chambre - s, s, 67 m², Étage 6/8",69002,Lyon,45.741340100208944,4.817363170092117,https://www.seloger.com/annonces/locations/appartement/lyon-2eme-69/260557571.htm?serp_view=list&search=distributionTypes%3DRent%26estateTypes%3DHouse%2CApartment%26locations%3DAD08FR28808%26page%3D17&sort_order_ab_test=sort_order_variant#ln=classified_search_results&m=classified_search_results_classified_classified_detail_M,Confluence,T3,2720.0,0,147.0,6,139.0,1,1634.0,0,117.0,2,130.0,1,210.0,6,387.0,1,1632.0,0,208.0,4,92.0,1,1306.0,0,312.0,4,691.0,0,693.0,0,5554.0,0,1170.0,0,1630.0,0,3501.0,0,2043.0,0
1148,SeLoger,654.0,22.0,29.73,Appartement,"1 pièce - 22 m², Étage 1/3, disponible dès maintenant",69009,Lyon,45.77050128809629,4.805841305869264,https://www.seloger.com/annonces/locations/appartement/lyon-69/260054597.htm?serp_view=list&search=distributionTypes%3DRent%26estateTypes%3DHouse%2CApartment%26locations%3DAD08FR28808%26page%3D17&sort_order_ab_test=sort_order_variant#ln=classified_search_results&m=classified_search_results_classified_classified_detail_M,Vaise / Valmy,Studio/T1,2077.0,0,267.0,7,208.0,3,434.0,2,476.0,1,469.0,1,144.0,9,441.0,1,1061.0,0,156.0,2,476.0,1,1154.0,0,203.0,7,395.0,3,936.0,0,3970.0,0,308.0,2,445.0,1,2112.0,0,996.0,0
1149,SeLoger,1175.0,42.9,27.39,Appartement,"2 pièce - s, 42,9 m², étage",69005,Lyon,45.757591234289315,4.8093311933714995,https://www.seloger.com/annonces/locations/appartement/lyon-5eme-69/vieux-lyon/259465527.htm?serp_view=list&search=distributionTypes%3DRent%26estateTypes%3DHouse%2CApartment%26locations%3DAD08FR28808%26page%3D17&sort_order_ab_test=sort_order_variant#ln=classified_search_results&m=classified_search_results_classified_classified_detail_M,Point du Jour / St Just,T2,1979.0,0,536.0,0,253.0,1,1616.0,0,1276.0,0,161.0,1,327.0,1,884.0,0,465.0,1,369.0,1,451.0,1,459.0,1,143.0,6,497.0,1,729.0,0,4525.0,0,1548.0,0,1635.0,0,2359.0,0,554.0,0
1150,SeLoger,1100.0,46.3,23.76,Appartement,"2 pièce - 1 chambre - s, , 46,3 m², étage",69007,Lyon,45.74573198401392,4.837025086015561,https://www.seloger.com/annonces/locations/appartement/lyon-7eme-69/la-guillotiere-sud/259307397.htm?serp_view=list&search=distributionTypes%3DRent%26estateTypes%3DHouse%2CApartment%26locations%3DAD08FR28808%26page%3D17&sort_order_ab_test=sort_order_variant#ln=classified_search_results&m=classified_search_results_classified_classified_detail_M,Guillotière / Jean Macé,T2,1931.0,0,133.0,7,132.0,2,936.0,0,227.0,1,699.0,0,255.0,3,478.0,2,417.0,1,432.0,2,118.0,4,548.0,0,67.0,4,139.0,2,1221.0,0,4508.0,0,432.0,2,938.0,0,2811.0,0,801.0,0
1151,SeLoger,2395.0,117.3,20.42,Appartement,"3 pièce - 2 chambre - s, s, 117,3 m², étage",69003,Lyon,45.74424490314216,4.8844113762935955,https://www.seloger.com/annonces/locations/appartement/lyon-3eme-69/la-guillotiere-nord/258873863.htm?serp_view=list&search=distributionTypes%3DRent%26estateTypes%3DHouse%2CApartment%26locations%3DAD08FR28808%26page%3D17&sort_order_ab_test=sort_order_variant#ln=classified_search_results&m=classified_search_results_classified_classified_detail_M,Montchat,T3,2840.0,0,497.0,1,457.0,1,3128.0,0,466.0,1,1190.0,0,233.0,4,2454.0,0,461.0,2,406.0,1,694.0,0,1582.0,0,436.0,1,683.0,0,1392.0,0,5130.0,0,3004.0,0,1132.0,0,4825.0,0,2283.0,0
1152,SeLoger,468.0,20.0,23.4,Appartement,"1 pièce - 20 m², étage",69000,Lyon,45.77339571011391,4.822626798465316,https://www.seloger.com/annonces/locations/appartement/lyon-69/260715789.htm?serp_view=list&search=distributionTypes%3DRent%26estateTypes%3DHouse%2CApartment%26locations%3DAD08FR28808%26page%3D17&sort_order_ab_test=sort_order_variant#ln=classified_search_results&m=classified_search_results_classified_classified_detail_M,Grand Lyon / Autre,Studio/T1,898.0,0,23.0,6,721.0,0,811.0,0,382.0,1,701.0,0,102.0,9,744.0,0,946.0,0,610.0,0,73.0,1,657.0,0,100.0,18,63.0,2,355.0,2,2657.0,0,700.0,0,703.0,0,857.0,0,1032.0,0
1153,SeLoger,1080.0,57.0,18.95,Appartement,"3 pièce - 2 chambre - s, s, 57 m², étage",69008,Lyon,45.73066184983142,4.8747994767571825,https://www.seloger.com/annonces/locations/appartement/lyon-8eme-69/monplaisir-le-bachut/259529649.htm?serp_view=list&search=distributionTypes%3DRent%26estateTypes%3DHouse%2CApartment%26locations%3DAD08FR28808%26page%3D17&sort_order_ab_test=sort_order_variant#ln=classified_search_results&m=classified_search_results_classified_classified_detail_M,Monplaisir / Bachut,T3,3572.0,0,308.0,1,475.0,1,3389.0,0,1720.0,0,758.0,0,131.0,7,1239.0,0,384.0,1,151.0,1,433.0,2,951.0,0,351.0,10,543.0,0,1035.0,0,6253.0,0,2770.0,0,1569.0,0,5438.0,0,1695.0,0
1154,SeLoger,504.0,24.2,20.83,Appartement,"1 pièce - 24,2 m², Étage 3/5",69003,Lyon,45.74720111916523,4.893957614535241,https://www.seloger.com/annonces/locations/appartement/lyon-69/260227633.htm?serp_view=list&search=distributionTypes%3DRent%26estateTypes%3DHouse%2CApartment%26locations%3DAD08FR28808%26page%3D17&sort_order_ab_test=sort_order_variant#ln=classified_search_results&m=classified_search_results_classified_classified_detail_M,Montchat,Studio/T1,3305.0,0,664.0,0,1043.0,0,3677.0,0,678.0,0,712.0,0,166.0,4,3251.0,0,511.0,0,535.0,0,1205.0,0,2389.0,0,187.0,3,646.0,0,2092.0,0,5258.0,0,3662.0,0,1900.0,0,5249.0,0,3076.0,0
1155,SeLoger,2228.0,163.1,13.66,Appartement,"5 pièce - 4 chambre - s, s, 163,1 m², étage",69002,Lyon,45.742852038246504,4.820656411334218,https://www.seloger.com/annonces/locations/appartement/lyon-69/260909755.htm?serp_view=list&search=distributionTypes%3DRent%26estateTypes%3DHouse%2CApartment%26locations%3DAD08FR28808%26page%3D17&sort_order_ab_test=sort_order_variant#ln=classified_search_results&m=classified_search_results_classified_classified_detail_M,Confluence,Grand (T4+),2456.0,0,65.0,7,169.0,1,1356.0,0,270.0,2,175.0,1,134.0,7,676.0,0,1326.0,0,190.0,4,387.0,1,1098.0,0,136.0,6,403.0,1,682.0,0,5284.0,0,880.0,0,1343.0,0,3260.0,0,1808.0,0
1156,SeLoger,612.0,38.6,15.85,Appartement,"2 pièce - 1 chambre - s, , 38,6 m², étage",69007,Lyon,45.75309183787552,4.841313769155397,https://www.seloger.com/annonces/locations/appartement/lyon-69/260866659.htm?serp_view=list&search=distributionTypes%3DRent%26estateTypes%3DHouse%2CApartment%26locations%3DAD08FR28808%26page%3D17&sort_order_ab_test=sort_order_variant#ln=classified_search_results&m=classified_search_results_classified_classified_detail_M,Guillotière / Jean Macé,T2,1242.0,0,24.0,39,102.0,7,417.0,1,221.0,3,130.0,10,160.0,4,511.0,0,303.0,3,301.0,4,16.0,9,517.0,0,115.0,8,64.0,3,907.0,0,3631.0,0,301.0,2,844.0,0,2067.0,0,1444.0,0
1157,SeLoger,1883.0,83.4,22.58,Appartement,"4 pièce - 3 chambre - s, s, 83,4 m², étage",69006,Lyon,45.76640799602116,4.84696861302803,https://www.seloger.com/annonces/locations/appartement/lyon-69/260286629.htm?serp_view=list&search=distributionTypes%3DRent%26estateTypes%3DHouse%2CApartment%26locations%3DAD08FR28808%26page%3D17&sort_order_ab_test=sort_order_variant#ln=classified_search_results&m=classified_search_results_classified_classified_detail_L,Brotteaux / Foch,Grand (T4+),984.0,0,148.0,13,131.0,2,141.0,4,194.0,14,91.0,11,147.0,14,887.0,0,837.0,0,322.0,9,219.0,1,1117.0,0,7.0,20,153.0,7,1404.0,0,2089.0,0,265.0,3,234.0,3,1024.0,0,2636.0,0
1158,SeLoger,975.0,58.5,16.67,Appartement,"2 pièce - 1 chambre - s, , 58,5 m², Étage 2/2",69005,Lyon,45.76093973167229,4.79872836286098,https://www.seloger.com/annonces/locations/appartement/lyon-69/259663645.htm?serp_view=list&search=distributionTypes%3DRent%26estateTypes%3DHouse%2CApartment%26locations%3DAD08FR28808%26page%3D18&sort_order_ab_test=sort_order_variant#ln=classified_search_results&m=classified_search_results_classified_classified_detail_M,Point du Jour / St Just,T2,2637.0,0,219.0,1,216.0,1,1627.0,0,1655.0,0,1045.0,0,81.0,7,1492.0,0,244.0,1,689.0,0,1349.0,0,1311.0,0,158.0,2,548.0,0,356.0,1,4958.0,0,1499.0,0,1632.0,0,2883.0,0,988.0,0
1159,SeLoger,1300.0,58.8,22.11,Appartement,"2 pièce - 1 chambre - s, , 58,8 m², Étage 5/5",69001,Lyon,45.76642111141334,4.829351381618821,https://www.seloger.com/annonces/locations/appartement/lyon-1er-69/croix-paquet/258838565.htm?serp_view=list&search=distributionTypes%3DRent%26estateTypes%3DHouse%2CApartment%26locations%3DAD08FR28808%26page%3D18&sort_order_ab_test=sort_order_variant#ln=classified_search_results&m=classified_search_results_classified_classified_detail_M,Terreaux / Hotel de Ville,T2,223.0,3,92.0,79,175.0,9,233.0,1,101.0,15,142.0,9,320.0,4,239.0,4,896.0,0,244.0,4,136.0,4,1046.0,0,160.0,16,167.0,3,1282.0,0,2730.0,0,376.0,3,474.0,1,571.0,0,1327.0,0
1160,SeLoger,1702.0,84.6,20.12,Appartement,"4 pièce - 3 chambre - s, s, 84,6 m², Étage 1/1",69002,Lyon,45.74907263581698,4.829834781886331,https://www.seloger.com/annonces/locations/appartement/lyon-69/259937619.htm?serp_view=list&search=distributionTypes%3DRent%26estateTypes%3DHouse%2CApartment%26locations%3DAD08FR28808%26page%3D18&sort_order_ab_test=sort_order_variant#ln=classified_search_results&m=classified_search_results_classified_classified_detail_M,Ainay,Grand (T4+),1573.0,0,110.0,10,163.0,3,430.0,2,133.0,3,640.0,0,206.0,6,123.0,1,409.0,1,151.0,3,328.0,3,753.0,0,74.0,5,414.0,3,1397.0,0,4348.0,0,151.0,2,418.0,1,2436.0,0,1456.0,0
1161,SeLoger,975.0,54.0,18.06,Appartement,"2 pièce - 1 chambre - s, , 54 m², étage",69005,Lyon,45.764368409062065,4.81890118962494,https://www.seloger.com/annonces/locations/appartement/lyon-69/259929025.htm?serp_view=list&search=distributionTypes%3DRent%26estateTypes%3DHouse%2CApartment%26locations%3DAD08FR28808%26page%3D18&sort_order_ab_test=sort_order_variant#ln=classified_search_results&m=classified_search_results_classified_classified_detail_M,Vieux Lyon,T2,1029.0,0,216.0,4,755.0,0,1066.0,0,235.0,1,555.0,0,341.0,4,675.0,0,632.0,0,545.0,0,803.0,0,740.0,0,19.0,3,587.0,0,1265.0,0,3470.0,0,545.0,0,1072.0,0,1315.0,0,508.0,0
1162,SeLoger,1384.0,95.0,14.57,Appartement,"5 pièce - 4 chambre - s, s, 95 m², Étage 2/3",69005,Lyon,45.749961363278565,4.7943984812361755,https://www.seloger.com/annonces/locations/appartement/lyon-5eme-69/point-du-jour-menival/258979209.htm?serp_view=list&search=distributionTypes%3DRent%26estateTypes%3DHouse%2CApartment%26locations%3DAD08FR28808%26page%3D18&sort_order_ab_test=sort_order_variant#ln=classified_search_results&m=classified_search_results_classified_classified_detail_M,Point du Jour / St Just,Grand (T4+),3380.0,0,1459.0,0,1234.0,0,2735.0,0,2140.0,0,1444.0,0,288.0,3,1981.0,0,152.0,1,1248.0,0,1762.0,0,1838.0,0,296.0,5,728.0,0,1198.0,0,5956.0,0,2599.0,0,2801.0,0,3794.0,0,1904.0,0
1163,SeLoger,1810.0,91.9,19.7,Appartement,"4 pièce - s, 91,9 m², étage",69003,Lyon,45.74589421292228,4.887807145431313,https://www.seloger.com/annonces/locations/appartement/lyon-69/260587599.htm?serp_view=list&search=distributionTypes%3DRent%26estateTypes%3DHouse%2CApartment%26locations%3DAD08FR28808%26page%3D18&sort_order_ab_test=sort_order_variant#ln=classified_search_results&m=classified_search_results_classified_classified_detail_M,Montchat,Grand (T4+),2953.0,0,484.0,1,635.0,0,3322.0,0,470.0,2,909.0,0,100.0,4,2775.0,0,594.0,0,467.0,1,888.0,0,1902.0,0,271.0,6,480.0,1,1622.0,0,5105.0,0,3267.0,0,1406.0,0,4927.0,0,2581.0,0
1164,SeLoger,1289.0,53.7,24.0,Appartement,"3 pièce - 2 chambre - s, s, 53,7 m², Étage 2/2",69003,Lyon,45.752103470347656,4.857802788935301,https://www.seloger.com/annonces/locations/appartement/lyon-69/259937623.htm?serp_view=list&search=distributionTypes%3DRent%26estateTypes%3DHouse%2CApartment%26locations%3DAD08FR28808%26page%3D18&sort_order_ab_test=sort_order_variant#ln=classified_search_results&m=classified_search_results_classified_classified_detail_M,Part-Dieu / Villette,T3,874.0,0,210.0,10,478.0,2,895.0,0,191.0,4,349.0,3,38.0,12,1295.0,0,985.0,0,307.0,3,302.0,2,720.0,0,70.0,8,379.0,2,467.0,1,3652.0,0,956.0,0,973.0,0,2733.0,0,1100.0,0
1165,SeLoger,1590.0,52.7,30.17,Appartement,"2 pièce - 1 chambre - s, , 52,7 m², étage",69006,Lyon,45.770578440723234,4.847755184357925,https://www.seloger.com/258865417/detail.htm?serp_view=list&search=distributionTypes%3DRent%26estateTypes%3DHouse%2CApartment%26locations%3DAD08FR28808%26page%3D18&sort_order_ab_test=sort_order_variant#ln=classified_search_results&m=classified_search_results_classified_classified_detail_L,Brotteaux / Foch,T2,1151.0,0,213.0,11,383.0,2,497.0,1,122.0,11,83.0,4,291.0,5,910.0,0,678.0,0,82.0,2,403.0,1,1132.0,0,124.0,17,369.0,5,1765.0,0,1624.0,0,82.0,1,230.0,4,934.0,0,2592.0,0
1166,SeLoger,480.0,60.0,8.0,Appartement,"3 pièce - 3 chambre - s, s, 60 m², étage",69007,Lyon,45.74411054319598,4.840181217854221,https://www.seloger.com/annonces/locations/appartement/lyon-69/260128815.htm?serp_view=list&search=distributionTypes%3DRent%26estateTypes%3DHouse%2CApartment%26locations%3DAD08FR28808%26page%3D18&sort_order_ab_test=sort_order_variant#ln=classified_search_results&m=classified_search_results_classified_classified_detail_M,Guillotière / Jean Macé,T3,2102.0,0,390.0,5,397.0,1,1198.0,0,359.0,1,489.0,1,418.0,2,483.0,1,693.0,0,444.0,2,249.0,3,358.0,1,264.0,4,373.0,1,1030.0,0,4624.0,0,444.0,1,1227.0,0,3025.0,0,510.0,0
1167,SeLoger,1250.0,45.0,27.78,Appartement,"2 pièce - 1 chambre - s, , 45 m², RDC/2",69000,Lyon,45.75117656920643,4.8267510899469155,https://www.seloger.com/annonces/locations/appartement/lyon-69/26SBWC93QBV8.htm?serp_view=list&search=distributionTypes%3DRent%26estateTypes%3DHouse%2CApartment%26locations%3DAD08FR28808%26page%3D18&sort_order_ab_test=sort_order_variant#ln=classified_search_results&m=classified_search_results_classified_classified_detail_M,Grand Lyon / Autre,T2,1418.0,0,28.0,13,63.0,3,321.0,2,197.0,4,356.0,2,134.0,5,369.0,1,646.0,0,137.0,6,106.0,2,432.0,1,191.0,11,220.0,6,1570.0,0,4244.0,0,137.0,2,339.0,2,2243.0,0,1539.0,0
1168,SeLoger,839.0,41.0,20.46,Appartement,"1 pièce - 41 m², RDC/6",69003,Lyon,45.749587881292214,4.872146765643917,https://www.seloger.com/annonces/locations/appartement/lyon-3eme-69/260139801.htm?serp_view=list&search=distributionTypes%3DRent%26estateTypes%3DHouse%2CApartment%26locations%3DAD08FR28808%26page%3D18&sort_order_ab_test=sort_order_variant#ln=classified_search_results&m=classified_search_results_classified_classified_detail_M,Part-Dieu / Villette,Studio/T1,1726.0,0,419.0,1,623.0,0,2043.0,0,653.0,0,850.0,0,207.0,10,2056.0,0,762.0,0,595.0,0,501.0,0,1448.0,0,144.0,14,635.0,0,477.0,1,4189.0,0,2057.0,0,611.0,0,3713.0,0,1556.0,0
1169,SeLoger,780.0,27.0,28.89,Appartement,"1 pièce - 27 m², étage, dès le 30/03/2026",69003,Lyon,45.75577069121005,4.886352989357595,https://www.seloger.com/annonces/locations/appartement/lyon-69/260103171.htm?serp_view=list&search=distributionTypes%3DRent%26estateTypes%3DHouse%2CApartment%26locations%3DAD08FR28808%26page%3D18&sort_order_ab_test=sort_order_variant#ln=classified_search_results&m=classified_search_results_classified_classified_detail_M,Montchat,Studio/T1,2446.0,0,206.0,1,221.0,1,2675.0,0,217.0,1,512.0,0,215.0,1,2380.0,0,1481.0,0,587.0,0,1505.0,0,2571.0,0,325.0,2,254.0,2,1776.0,0,4144.0,0,2697.0,0,1806.0,0,4287.0,0,2855.0,0
1170,SeLoger,874.0,48.0,18.21,Appartement,"2 pièce - 1 chambre - s, , 48 m², étage",69001,Lyon,45.77115598992327,4.834175518049862,https://www.seloger.com/annonces/locations/appartement/lyon-69/260089263.htm?serp_view=list&search=distributionTypes%3DRent%26estateTypes%3DHouse%2CApartment%26locations%3DAD08FR28808%26page%3D18&sort_order_ab_test=sort_order_variant#ln=classified_search_results&m=classified_search_results_classified_classified_detail_M,Pentes Croix-Rousse,T2,183.0,2,4.0,53,263.0,6,436.0,1,161.0,3,240.0,3,164.0,14,86.0,6,1074.0,0,270.0,7,343.0,2,436.0,1,208.0,14,215.0,2,968.0,0,2090.0,0,270.0,2,510.0,0,92.0,2,1716.0,0
1171,SeLoger,1042.0,46.0,22.65,Appartement,"2 pièce - 1 chambre - s, , 46 m², étage",69006,Lyon,45.76831679528452,4.8486602291990994,https://www.seloger.com/annonces/locations/appartement/lyon-69/260772769.htm?serp_view=list&search=distributionTypes%3DRent%26estateTypes%3DHouse%2CApartment%26locations%3DAD08FR28808%26page%3D18&sort_order_ab_test=sort_order_variant#ln=classified_search_results&m=classified_search_results_classified_classified_detail_M,Brotteaux / Foch,T2,1083.0,0,176.0,13,160.0,2,339.0,1,61.0,14,159.0,5,327.0,10,859.0,0,633.0,0,200.0,5,315.0,2,1291.0,0,159.0,25,311.0,5,1574.0,0,1856.0,0,200.0,2,94.0,4,1054.0,0,2785.0,0
1172,SeLoger,1420.0,85.0,16.71,Appartement,"3 pièce - 2 chambre - s, s, 85 m², étage",69007,Lyon,45.72990374560841,4.824569111426374,https://www.seloger.com/annonces/locations/appartement/lyon-69/260750581.htm?serp_view=list&search=distributionTypes%3DRent%26estateTypes%3DHouse%2CApartment%26locations%3DAD08FR28808%26page%3D18&sort_order_ab_test=sort_order_variant#ln=classified_search_results&m=classified_search_results_classified_classified_detail_M,Gerland,T3,3743.0,0,431.0,3,1018.0,0,2600.0,0,395.0,1,517.0,0,268.0,5,196.0,1,2299.0,0,209.0,2,249.0,2,364.0,2,328.0,3,325.0,1,533.0,0,6480.0,0,1715.0,0,2588.0,0,4602.0,0,1871.0,0
1173,SeLoger,1467.0,72.2,20.32,Appartement,"3 pièce - 2 chambre - s, s, 72,2 m², étage",69005,Lyon,45.754110966706975,4.79636285278828,https://www.seloger.com/annonces/locations/appartement/lyon-69/260742475.htm?serp_view=list&search=distributionTypes%3DRent%26estateTypes%3DHouse%2CApartment%26locations%3DAD08FR28808%26page%3D18&sort_order_ab_test=sort_order_variant#ln=classified_search_results&m=classified_search_results_classified_classified_detail_L,Point du Jour / St Just,T3,3053.0,0,979.0,0,931.0,0,2398.0,0,2275.0,0,1130.0,0,20.0,3,1783.0,0,631.0,0,1000.0,0,1472.0,0,1530.0,0,171.0,4,244.0,1,1045.0,0,5546.0,0,2271.0,0,2405.0,0,3402.0,0,1479.0,0
1174,SeLoger,1948.0,126.6,15.39,Appartement,"5 pièce - 4 chambre - s, s, 126,6 m², étage",69001,Lyon,45.76847748709441,4.826855546826361,https://www.seloger.com/annonces/locations/appartement/lyon-69/260741539.htm?serp_view=list&search=distributionTypes%3DRent%26estateTypes%3DHouse%2CApartment%26locations%3DAD08FR28808%26page%3D18&sort_order_ab_test=sort_order_variant#ln=classified_search_results&m=classified_search_results_classified_classified_detail_M,Terreaux / Hotel de Ville,Grand (T4+),442.0,2,131.0,49,249.0,4,399.0,1,229.0,4,133.0,8,47.0,4,135.0,2,1145.0,0,138.0,3,133.0,4,950.0,0,70.0,25,389.0,2,989.0,0,2705.0,0,222.0,2,774.0,0,550.0,0,1275.0,0
1175,SeLoger,1240.0,76.0,16.32,Appartement,"3 pièce - 2 chambre - s, s, 76 m², Étage 1/7",69000,Lyon,45.772024162198555,4.845139110453131,https://www.seloger.com/annonces/locations/appartement/lyon-69/26GCQZMVCKBZ.htm?serp_view=list&search=distributionTypes%3DRent%26estateTypes%3DHouse%2CApartment%26locations%3DAD08FR28808%26page%3D18&sort_order_ab_test=sort_order_variant#ln=classified_search_results&m=classified_search_results_classified_classified_detail_M,Grand Lyon / Autre,T3,978.0,0,120.0,6,371.0,1,615.0,0,306.0,6,276.0,3,93.0,6,731.0,0,907.0,0,142.0,2,656.0,0,881.0,0,42.0,10,426.0,3,1508.0,0,1534.0,0,295.0,1,430.0,1,733.0,0,2336.0,0
1176,SeLoger,939.0,44.9,20.91,Appartement,"2 pièce - 1 chambre - s, , 44,9 m², étage",69006,Lyon,45.76850834434258,4.8457795982511,https://www.seloger.com/annonces/locations/appartement/lyon-69/259704241.htm?serp_view=list&search=distributionTypes%3DRent%26estateTypes%3DHouse%2CApartment%26locations%3DAD08FR28808%26page%3D18&sort_order_ab_test=sort_order_variant#ln=classified_search_results&m=classified_search_results_classified_classified_detail_M,Brotteaux / Foch,T2,1004.0,0,119.0,12,213.0,2,229.0,1,52.0,12,190.0,8,259.0,13,745.0,0,845.0,0,198.0,6,327.0,1,1130.0,0,67.0,20,100.0,6,1655.0,0,1886.0,0,198.0,2,132.0,3,836.0,0,2590.0,0
1177,SeLoger,2100.0,110.0,19.09,Appartement,"5 pièce - 2 chambre - s, s, 110 m², Étage 11/11",69008,Lyon,45.74002516004359,4.875339174001345,https://www.seloger.com/annonces/locations/appartement/lyon-69/259656577.htm?serp_view=list&search=distributionTypes%3DRent%26estateTypes%3DHouse%2CApartment%26locations%3DAD08FR28808%26page%3D18&sort_order_ab_test=sort_order_variant#ln=classified_search_results&m=classified_search_results_classified_classified_detail_L,Monplaisir / Bachut,Grand (T4+),2688.0,0,597.0,0,396.0,2,2715.0,0,871.0,0,360.0,1,376.0,3,1609.0,0,395.0,4,520.0,0,427.0,1,740.0,0,159.0,8,370.0,1,631.0,0,5273.0,0,2367.0,0,643.0,0,4637.0,0,1522.0,0
1178,SeLoger,1190.0,50.0,23.8,Appartement,"2 pièce - 1 chambre - s, , 50 m², Étage 1/13",69003,Lyon,45.75195317971626,4.857176048840552,https://www.seloger.com/annonces/locations/appartement/lyon-69/258732995.htm?serp_view=list&search=distributionTypes%3DRent%26estateTypes%3DHouse%2CApartment%26locations%3DAD08FR28808%26page%3D18&sort_order_ab_test=sort_order_variant#ln=classified_search_results&m=classified_search_results_classified_classified_detail_M,Part-Dieu / Villette,T2,881.0,0,184.0,8,444.0,2,852.0,0,142.0,4,305.0,3,7.0,11,1244.0,0,939.0,0,294.0,3,251.0,2,701.0,0,50.0,8,329.0,2,438.0,1,3663.0,0,929.0,0,992.0,0,2716.0,0,1074.0,0
1179,SeLoger,632.0,22.3,28.34,Appartement,"1 pièce - 22,3 m², Étage 2/2, dès le 08/05/2026",69007,Lyon,45.7532427607454,4.850314105838857,https://www.seloger.com/annonces/locations/appartement/lyon-69/260913751.htm?serp_view=list&search=distributionTypes%3DRent%26estateTypes%3DHouse%2CApartment%26locations%3DAD08FR28808%26page%3D19&sort_order_ab_test=sort_order_variant#ln=classified_search_results&m=classified_search_results_classified_classified_detail_M,Guillotière / Jean Macé,Studio/T1,825.0,0,209.0,21,309.0,2,301.0,1,194.0,5,46.0,7,39.0,15,837.0,0,396.0,1,71.0,6,146.0,2,415.0,1,203.0,11,185.0,4,238.0,1,3509.0,0,491.0,2,970.0,0,2301.0,0,1255.0,0
1180,SeLoger,1913.0,75.2,25.44,Appartement,"3 pièce - 2 chambre - Duplex s, s, 75,2 m², étage",69006,Lyon,45.76722754446721,4.854024590512049,https://www.seloger.com/annonces/locations/appartement/lyon-69/260286631.htm?serp_view=list&search=distributionTypes%3DRent%26estateTypes%3DHouse%2CApartment%26locations%3DAD08FR28808%26page%3D19&sort_order_ab_test=sort_order_variant#ln=classified_search_results&m=classified_search_results_classified_classified_detail_L,Brotteaux / Foch,T3,835.0,0,45.0,20,211.0,3,197.0,3,252.0,8,505.0,0,136.0,6,449.0,2,361.0,1,86.0,8,209.0,5,1167.0,0,89.0,19,179.0,3,1422.0,0,1952.0,0,258.0,1,253.0,2,1487.0,0,2759.0,0
1181,SeLoger,1337.0,90.0,14.86,Appartement,"3 pièce - 2 chambre - s, s, 90 m², étage",69007,Lyon,45.73782559640833,4.845713991380171,https://www.seloger.com/annonces/locations/appartement/lyon-69/260100213.htm?serp_view=list&search=distributionTypes%3DRent%26estateTypes%3DHouse%2CApartment%26locations%3DAD08FR28808%26page%3D19&sort_order_ab_test=sort_order_variant#ln=classified_search_results&m=classified_search_results_classified_classified_detail_M,Guillotière / Jean Macé,T3,2553.0,0,306.0,2,541.0,0,1791.0,0,1168.0,0,329.0,1,403.0,1,411.0,1,664.0,0,334.0,1,463.0,1,802.0,0,400.0,2,665.0,0,597.0,0,5247.0,0,810.0,0,1775.0,0,3798.0,0,310.0,1
1182,SeLoger,1950.0,60.0,32.5,Appartement,"3 pièce - 2 chambre - s, s, 60 m², RDC",69008,Lyon,45.73697690258757,4.880190372164447,https://www.seloger.com/annonces/locations/appartement/lyon-69/206715497.htm?serp_view=list&search=distributionTypes%3DRent%26estateTypes%3DHouse%2CApartment%26locations%3DAD08FR28808%26page%3D19&sort_order_ab_test=sort_order_variant#ln=classified_search_results&m=classified_search_results_classified_classified_detail_M,Monplaisir / Bachut,T3,3184.0,0,614.0,0,156.0,2,3218.0,0,1178.0,0,640.0,0,111.0,8,1774.0,0,66.0,2,61.0,1,438.0,3,1042.0,0,157.0,5,448.0,1,997.0,0,5723.0,0,2824.0,0,1147.0,0,5141.0,0,1902.0,0
1183,SeLoger,643.0,16.2,39.69,Appartement,"1 pièce - 16,2 m², étage, dès le 28/02/2026",69007,Lyon,45.72700459546488,4.824495755091566,https://www.seloger.com/259152247/detail.htm?serp_view=list&search=distributionTypes%3DRent%26estateTypes%3DHouse%2CApartment%26locations%3DAD08FR28808%26page%3D19&sort_order_ab_test=sort_order_variant#ln=classified_search_results&m=classified_search_results_classified_classified_detail_M,Gerland,Studio/T1,4061.0,0,644.0,0,1039.0,0,2918.0,0,528.0,0,754.0,0,215.0,4,490.0,1,2605.0,0,149.0,2,515.0,0,541.0,0,202.0,1,459.0,1,364.0,1,6786.0,0,2024.0,0,2906.0,0,4922.0,0,2088.0,0
1184,SeLoger,908.0,37.8,24.02,Appartement,"1 pièce - 37,8 m², étage",69006,Lyon,45.76537850666626,4.860617260950485,https://www.seloger.com/257890245/detail.htm?serp_view=list&search=distributionTypes%3DRent%26estateTypes%3DHouse%2CApartment%26locations%3DAD08FR28808%26page%3D19&sort_order_ab_test=sort_order_variant#ln=classified_search_results&m=classified_search_results_classified_classified_detail_M,Brotteaux / Foch,Studio/T1,745.0,0,163.0,8,326.0,2,417.0,1,553.0,0,309.0,2,241.0,8,136.0,2,606.0,0,320.0,4,355.0,4,1179.0,0,225.0,10,256.0,2,1356.0,0,2239.0,0,504.0,0,510.0,0,2037.0,0,2591.0,0
1185,SeLoger,2340.0,82.9,28.23,Appartement,"3 pièce - 2 chambre - s, s, 82,9 m², Étage 3/3",69006,Lyon,45.76761615212749,4.848077560096543,https://www.seloger.com/257374093/detail.htm?serp_view=list&search=distributionTypes%3DRent%26estateTypes%3DHouse%2CApartment%26locations%3DAD08FR28808%26page%3D19&sort_order_ab_test=sort_order_variant#ln=classified_search_results&m=classified_search_results_classified_classified_detail_M,Brotteaux / Foch,T3,1039.0,0,189.0,14,193.0,2,259.0,2,148.0,16,69.0,9,278.0,10,904.0,0,702.0,0,258.0,7,359.0,2,1224.0,0,140.0,25,253.0,8,1508.0,0,1940.0,0,258.0,2,110.0,4,1039.0,0,2749.0,0
1186,SeLoger,565.0,47.0,12.02,Appartement,"3 pièce - 2 chambre - s, s, 47 m², étage",69008,Lyon,45.7363659659102,4.857942034721756,https://www.seloger.com/annonces/locations/appartement/lyon-8eme-69/laennec-mermoz/257292527.htm?serp_view=list&search=distributionTypes%3DRent%26estateTypes%3DHouse%2CApartment%26locations%3DAD08FR28808%26page%3D19&sort_order_ab_test=sort_order_variant#ln=classified_search_results&m=classified_search_results_classified_classified_detail_L,Monplaisir / Bachut,T3,2611.0,0,531.0,0,424.0,1,2142.0,0,1186.0,0,362.0,2,206.0,7,574.0,0,509.0,0,606.0,0,403.0,2,690.0,0,261.0,3,380.0,2,779.0,0,5396.0,0,1359.0,0,1176.0,0,4246.0,0,257.0,2
1187,SeLoger,3000.0,179.4,16.72,Appartement,"5 pièce - 5 chambre - s, s, 179,4 m², étage",69005,Lyon,45.76349600677565,4.818552802623184,https://www.seloger.com/annonces/locations/appartement/lyon-5eme-69/vieux-lyon/253551441.htm?serp_view=list&search=distributionTypes%3DRent%26estateTypes%3DHouse%2CApartment%26locations%3DAD08FR28808%26page%3D19&sort_order_ab_test=sort_order_variant#ln=classified_search_results&m=classified_search_results_classified_classified_detail_M,Vieux Lyon,Grand (T4+),1074.0,0,310.0,4,793.0,0,1127.0,0,335.0,1,636.0,0,251.0,3,749.0,0,562.0,0,627.0,0,764.0,0,640.0,0,90.0,3,514.0,0,1225.0,0,3554.0,0,627.0,0,1070.0,0,1392.0,0,432.0,1
1188,SeLoger,1087.0,74.6,14.57,Appartement,"3 pièce - 2 chambre - s, s, 74,6 m², étage",69007,Lyon,45.7415019562154,4.846922306049424,https://www.seloger.com/annonces/locations/appartement/lyon-69/260286505.htm?serp_view=list&search=distributionTypes%3DRent%26estateTypes%3DHouse%2CApartment%26locations%3DAD08FR28808%26page%3D19&sort_order_ab_test=sort_order_variant#ln=classified_search_results&m=classified_search_results_classified_classified_detail_L,Guillotière / Jean Macé,T3,2135.0,0,456.0,1,642.0,0,1381.0,0,878.0,0,433.0,1,398.0,2,166.0,1,349.0,3,412.0,2,319.0,2,428.0,1,200.0,2,596.0,0,946.0,0,4831.0,0,412.0,1,1531.0,0,3422.0,0,293.0,1
1189,SeLoger,2000.0,110.0,18.18,Appartement,"3 pièce - 2 chambre - s, s, 110 m², Étage 5/6",69003,Lyon,45.743954190836845,4.894280481048602,https://www.seloger.com/annonces/locations/appartement/lyon-69/259997505.htm?serp_view=list&search=distributionTypes%3DRent%26estateTypes%3DHouse%2CApartment%26locations%3DAD08FR28808%26page%3D19&sort_order_ab_test=sort_order_variant#ln=classified_search_results&m=classified_search_results_classified_classified_detail_L,Montchat,T3,3495.0,0,923.0,0,1182.0,0,3865.0,0,918.0,0,1072.0,0,461.0,1,3091.0,0,154.0,1,875.0,0,939.0,0,2266.0,0,523.0,0,902.0,0,2148.0,0,5564.0,0,3770.0,0,1899.0,0,5463.0,0,3029.0,0
1190,SeLoger,1389.0,92.0,15.1,Appartement,"4 pièce - 3 chambre - s, s, 92 m², RDC/5",69003,Lyon,45.74960285056082,4.864603155233813,https://www.seloger.com/annonces/locations/appartement/lyon-69/259051983.htm?serp_view=list&search=distributionTypes%3DRent%26estateTypes%3DHouse%2CApartment%26locations%3DAD08FR28808%26page%3D19&sort_order_ab_test=sort_order_variant#ln=classified_search_results&m=classified_search_results_classified_classified_detail_M,Part-Dieu / Villette,Grand (T4+),1339.0,0,218.0,3,542.0,0,1480.0,0,530.0,0,397.0,1,205.0,6,1566.0,0,1174.0,0,486.0,1,67.0,1,1297.0,0,237.0,11,409.0,2,321.0,1,4015.0,0,1546.0,0,478.0,1,3289.0,0,1097.0,0
1191,SeLoger,765.0,32.0,23.91,Appartement,"2 pièce - 1 chambre - s, , 32 m², étage",69007,Lyon,45.73848479199205,4.85036741856163,https://www.seloger.com/annonces/locations/appartement/lyon-69/260712015.htm?serp_view=list&search=distributionTypes%3DRent%26estateTypes%3DHouse%2CApartment%26locations%3DAD08FR28808%26page%3D19&sort_order_ab_test=sort_order_variant#ln=classified_search_results&m=classified_search_results_classified_classified_detail_M,Guillotière / Jean Macé,T2,2399.0,0,668.0,0,218.0,1,1741.0,0,1232.0,0,411.0,1,50.0,4,286.0,1,388.0,7,699.0,0,397.0,1,850.0,0,248.0,2,438.0,2,949.0,0,5149.0,0,821.0,0,1426.0,0,3818.0,0,419.0,2
1192,SeLoger,1024.0,73.0,14.03,Appartement,"2 pièce - 1 chambre - s, , 73 m²",69006,Lyon,45.77010511833975,4.8470999025408785,https://www.seloger.com/annonces/locations/appartement/lyon-69/260637557.htm?serp_view=list&search=distributionTypes%3DRent%26estateTypes%3DHouse%2CApartment%26locations%3DAD08FR28808%26page%3D19&sort_order_ab_test=sort_order_variant#ln=classified_search_results&m=classified_search_results_classified_classified_detail_M,Brotteaux / Foch,T2,1098.0,0,255.0,12,375.0,2,429.0,1,56.0,13,25.0,5,270.0,9,852.0,0,726.0,0,34.0,3,435.0,1,1112.0,0,64.0,21,296.0,6,1750.0,0,1687.0,0,34.0,2,179.0,4,890.0,0,2576.0,0
1193,SeLoger,760.0,22.4,33.93,Appartement,"1 pièce - 22,4 m², étage",69008,Lyon,45.73428868536938,4.871844369003305,https://www.seloger.com/annonces/locations/appartement/lyon-69/260091277.htm?serp_view=list&search=distributionTypes%3DRent%26estateTypes%3DHouse%2CApartment%26locations%3DAD08FR28808%26page%3D19&sort_order_ab_test=sort_order_variant#ln=classified_search_results&m=classified_search_results_classified_classified_detail_L,Monplaisir / Bachut,Studio/T1,3109.0,0,168.0,2,220.0,1,2935.0,0,1263.0,0,386.0,1,117.0,6,1063.0,0,362.0,1,333.0,2,300.0,2,504.0,0,51.0,7,294.0,1,573.0,0,5804.0,0,2358.0,0,1128.0,0,4975.0,0,1320.0,0
1194,SeLoger,999.0,70.0,14.27,Appartement,"3 pièce - 2 chambre - s, s, 70 m², étage",69002,Lyon,45.75570761649068,4.832439457831289,https://www.seloger.com/annonces/locations/appartement/lyon-69/260089265.htm?serp_view=list&search=distributionTypes%3DRent%26estateTypes%3DHouse%2CApartment%26locations%3DAD08FR28808%26page%3D19&sort_order_ab_test=sort_order_variant#ln=classified_search_results&m=classified_search_results_classified_classified_detail_M,Ainay,T3,812.0,0,202.0,18,310.0,4,341.0,2,139.0,13,144.0,4,97.0,12,558.0,0,367.0,1,254.0,6,538.0,0,902.0,0,94.0,9,146.0,6,1588.0,0,3594.0,0,534.0,0,241.0,2,1686.0,0,1595.0,0
1195,SeLoger,791.0,36.4,21.73,Appartement,"1 pièce - 36,4 m², RDC/2",69005,Lyon,45.75072520360014,4.798072239371713,https://www.seloger.com/annonces/locations/appartement/lyon-5eme-69/fourviere-saint-just/259156615.htm?serp_view=list&search=distributionTypes%3DRent%26estateTypes%3DHouse%2CApartment%26locations%3DAD08FR28808%26page%3D19&sort_order_ab_test=sort_order_variant#ln=classified_search_results&m=classified_search_results_classified_classified_detail_M,Point du Jour / St Just,Studio/T1,3086.0,0,1347.0,0,946.0,0,2441.0,0,1941.0,0,1156.0,0,414.0,1,1684.0,0,431.0,1,953.0,0,1468.0,0,1544.0,0,522.0,0,593.0,0,1344.0,0,5685.0,0,2307.0,0,2505.0,0,3519.0,0,1653.0,0
1196,SeLoger,859.0,36.1,23.8,Appartement,"1 pièce - 36,1 m², étage",69003,Lyon,45.75396718720833,4.855335378381209,https://www.seloger.com/annonces/locations/appartement/lyon-3eme-69/part-dieu/258590793.htm?serp_view=list&search=distributionTypes%3DRent%26estateTypes%3DHouse%2CApartment%26locations%3DAD08FR28808%26page%3D19&sort_order_ab_test=sort_order_variant#ln=classified_search_results&m=classified_search_results_classified_classified_detail_M,Part-Dieu / Villette,Studio/T1,646.0,0,123.0,8,544.0,0,681.0,0,115.0,4,220.0,5,121.0,17,1204.0,0,789.0,0,83.0,4,279.0,2,438.0,1,88.0,5,236.0,2,202.0,1,3429.0,0,679.0,0,812.0,0,2452.0,0,1284.0,0
1197,SeLoger,950.0,54.0,17.59,Appartement,"3 pièce - 2 chambre - s, s, 54 m², étage",69008,Lyon,45.741169881334315,4.863090870812525,https://www.seloger.com/annonces/locations/appartement/lyon-69/260868079.htm?serp_view=list&search=distributionTypes%3DRent%26estateTypes%3DHouse%2CApartment%26locations%3DAD08FR28808%26page%3D19&sort_order_ab_test=sort_order_variant#ln=classified_search_results&m=classified_search_results_classified_classified_detail_M,Monplaisir / Bachut,T3,2154.0,0,413.0,1,524.0,0,1912.0,0,520.0,0,437.0,1,283.0,4,1108.0,0,564.0,0,61.0,1,91.0,2,533.0,0,131.0,7,327.0,1,457.0,1,4912.0,0,1417.0,0,516.0,0,3963.0,0,595.0,0
