id_annonce,site,prix,surface,prix_m2,type,description,code_postal,ville,latitude,longitude,url,image,date_dernier_scan,quartier,type_local,dist_vice_sex-shop,nb_vice_sex-shop_500m,dist_vice_bar,nb_vice_bar_500m,dist_vice_tabac,nb_vice_tabac_500m,dist_vice_cbd_shop,nb_vice_cbd_shop_500m,dist_gentrification_épicerie_fine,nb_gentrification_épicerie_fine_500m,dist_gentrification_atelier_vélo,nb_gentrification_atelier_vélo_500m,dist_nuisance_aire_de_jeux,nb_nuisance_aire_de_jeux_500m,dist_nuisance_discothèque,nb_nuisance_discothèque_500m,dist_superstition_pompes_funèbres,nb_superstition_pompes_funèbres_500m,dist_gentrification_salle_sport,nb_gentrification_salle_sport_500m,dist_vice_kebab,nb_vice_kebab_500m,dist_gentrification_crèche,nb_gentrification_crèche_500m,dist_nuisance_école,nb_nuisance_école_500m,dist_gentrification_fleuriste,nb_gentrification_fleuriste_500m,dist_nuisance_station_service,nb_nuisance_station_service_500m,dist_vice_casino,nb_vice_casino_500m,dist_gentrification_yoga,nb_gentrification_yoga_500m,dist_gentrification_torréfacteur,nb_gentrification_torréfacteur_500m,dist_nuisance_salle_de_concert,nb_nuisance_salle_de_concert_500m,dist_superstition_cimetière,nb_superstition_cimetière_500m
1,Vizzit,676.0,20.0,33.8,Studio,20 m² - Studio,69007,Lyon,45.71739,4.82934,https://www.vizzit.fr/fr/property/appartement/lyon-7/Akrqffc194vev8gd,,,Gerland,Studio/T1,5078.0,0,3924.0,0,5719.0,0,4010.0,0,2632.0,0,4660.0,0,2349.0,0,4825.0,0,3246.0,0,1204.0,0,3351.0,0,6622.0,0,2006.0,0,1389.0,0,2091.0,0,,0,,0,,0,,0,,0
2,Vizzit,700.0,21.0,33.33,Appartement,1 pièce - 21 m²,69008,Lyon,45.72416,4.85201,https://www.vizzit.fr/fr/property/appartement/lyon-8/A9rckhrzlbb6v1vl,,,Monplaisir / Bachut,Studio/T1,3969.0,0,2857.0,0,5251.0,0,3704.0,0,3020.0,0,3703.0,0,1902.0,0,4342.0,0,1857.0,0,1575.0,0,3394.0,0,6105.0,0,1839.0,0,866.0,0,1546.0,0,,0,,0,,0,,0,,0
3,Vizzit,940.0,60.0,15.67,Appartement,3 pièce - 60 m² - s,69008,Lyon,45.72472,4.88432,https://www.vizzit.fr/fr/property/appartement/lyon-8/A9c0mt9e8ff2e0ie,,,Monplaisir / Bachut,T3,4500.0,0,3198.0,0,6465.0,0,5332.0,0,5233.0,0,3257.0,0,685.0,0,5680.0,0,1190.0,0,1142.0,0,5351.0,0,7160.0,0,4055.0,0,956.0,0,3672.0,0,,0,,0,,0,,0,,0
4,Vizzit,912.0,41.0,22.24,Studio,41 m² - Studio,69007,Lyon,45.72517,4.83742,https://www.vizzit.fr/fr/property/appartement/lyon-7/Ajf3l74w4gl5wz60,,,Gerland,Studio/T1,4092.0,0,2976.0,0,4888.0,0,3208.0,0,2123.0,0,3661.0,0,1403.0,0,3973.0,0,2178.0,0,570.0,0,2685.0,0,5783.0,0,1132.0,0,647.0,0,1088.0,0,,0,,0,,0,,0,,0
5,Vizzit,1200.0,84.0,14.29,Appartement,4 pièce - 84 m² - s,69007,Lyon,45.72788,4.83974,https://www.vizzit.fr/fr/property/appartement/lyon-7/Ay9qilldi03z17dp,,,Gerland,Grand (T4+),3748.0,0,2667.0,0,4615.0,0,2957.0,0,2021.0,0,3329.0,0,1119.0,0,3697.0,0,1827.0,0,634.0,0,2499.0,0,5504.0,0,910.0,0,573.0,0,778.0,0,,0,,0,,0,,0,,0
6,Vizzit,1600.0,78.0,20.51,Appartement,4 pièce - 78 m² - s,69007,Lyon,45.72788,4.83974,https://www.vizzit.fr/fr/property/appartement/lyon-7/Aui02d6p50u8enyw,,,Gerland,Grand (T4+),3748.0,0,2667.0,0,4615.0,0,2957.0,0,2021.0,0,3329.0,0,1119.0,0,3697.0,0,1827.0,0,634.0,0,2499.0,0,5504.0,0,910.0,0,573.0,0,778.0,0,,0,,0,,0,,0,,0
7,Vizzit,950.0,42.0,22.62,Appartement,2 pièce - 42 m² - s,69008,Lyon,45.7287,4.88464,https://www.vizzit.fr/fr/property/appartement/lyon-8/Az3cq9jlmjih8n22,,,Monplaisir / Bachut,T2,4136.0,0,2852.0,0,6153.0,0,4989.0,0,5030.0,0,2818.0,0,242.0,1,5396.0,0,859.0,0,931.0,0,5181.0,0,6821.0,0,3692.0,0,556.0,0,3585.0,0,,0,,0,,0,,0,,0
8,Vizzit,710.0,31.0,22.9,Studio,31 m² - Studio,69007,Lyon,45.72985,4.83165,https://www.vizzit.fr/fr/property/appartement/lyon-7/Am7miq8sup14jm8m,,,Gerland,Studio/T1,3684.0,0,2535.0,0,4336.0,0,2631.0,0,1438.0,0,3295.0,0,982.0,0,3434.0,0,2062.0,0,174.0,2,2037.0,0,5238.0,0,618.0,0,119.0,2,815.0,0,,0,,0,,0,,0,,0
9,Vizzit,995.0,55.0,18.09,Appartement,2 pièce - 55 m² - s,69007,Lyon,45.73033,4.83491,https://www.vizzit.fr/fr/property/appartement/lyon-7/Aq0an27l4p52nh51,,,Gerland,T2,3628.0,0,2429.0,0,4297.0,0,2608.0,0,1563.0,0,3158.0,0,848.0,0,3386.0,0,1845.0,0,343.0,3,2082.0,0,5195.0,0,534.0,0,140.0,2,609.0,0,,0,,0,,0,,0,,0
10,Vizzit,1062.0,54.0,19.67,Appartement,2 pièce - 54 m² - s,69007,Lyon,45.7304,4.83994,https://www.vizzit.fr/fr/property/appartement/lyon-7/Aoe3nl78d9vl6z3m,,,Gerland,T2,3479.0,0,2387.0,0,4341.0,0,2693.0,0,1854.0,0,3051.0,0,848.0,0,3423.0,0,1595.0,0,449.0,1,2271.0,0,5229.0,0,685.0,0,530.0,0,499.0,1,,0,,0,,0,,0,,0
11,Vizzit,810.0,54.0,15.0,Appartement,2 pièce - 54 m² - s,69008,Lyon,45.73141,4.85468,https://www.vizzit.fr/fr/property/appartement/lyon-8/Asat2m0qj6x86qk0,,,Monplaisir / Bachut,T2,3154.0,0,2025.0,0,4579.0,0,3145.0,0,2816.0,0,2932.0,0,1530.0,0,3690.0,0,1032.0,0,1158.0,0,2999.0,0,5404.0,0,1639.0,0,115.0,2,1254.0,0,,0,,0,,0,,0,,0
12,Vizzit,683.0,20.0,34.15,Studio,20 m² - Studio,69007,Lyon,45.73159,4.8303,https://www.vizzit.fr/fr/property/appartement/lyon-7/A05y9spg7atpi3p4,,,Gerland,Studio/T1,3497.0,0,2381.0,0,4140.0,0,2432.0,0,1220.0,0,3160.0,0,873.0,0,3244.0,0,1997.0,0,301.0,3,1821.0,0,5043.0,0,496.0,1,226.0,2,788.0,0,,0,,0,,0,,0,,0
13,Vizzit,593.0,34.0,17.44,Studio,34 m² - Studio,69007,Lyon,45.73285,4.8306,https://www.vizzit.fr/fr/property/appartement/lyon-7/Asytijmmty97pcdj,,,Gerland,Studio/T1,3356.0,0,2241.0,0,4000.0,0,2293.0,0,1129.0,0,3023.0,0,751.0,0,3103.0,0,1855.0,0,332.0,2,1695.0,0,4903.0,0,378.0,1,357.0,2,711.0,0,,0,,0,,0,,0,,0
14,Vizzit,1045.0,74.0,14.12,Appartement,3 pièce - 74 m² - s,69008,Lyon,45.73298,4.87491,https://www.vizzit.fr/fr/property/appartement/lyon-8/Ah0l4g80521ff0ex,,,Monplaisir / Bachut,T3,3344.0,0,2034.0,0,5293.0,0,4160.0,0,4286.0,0,2643.0,0,780.0,0,4516.0,0,159.0,1,216.0,1,4301.0,0,5988.0,0,3022.0,0,469.0,1,2772.0,0,,0,,0,,0,,0,,0
15,Vizzit,875.0,41.0,21.34,Appartement,2 pièce - 41 m² - s,69008,Lyon,45.73298,4.87491,https://www.vizzit.fr/fr/property/appartement/lyon-8/Ax1lvgqvopj0cuxn,,,Monplaisir / Bachut,T2,3344.0,0,2034.0,0,5293.0,0,4160.0,0,4286.0,0,2643.0,0,780.0,0,4516.0,0,159.0,1,216.0,1,4301.0,0,5988.0,0,3022.0,0,469.0,1,2772.0,0,,0,,0,,0,,0,,0
16,Vizzit,740.0,24.0,30.83,Appartement,2 pièce - 24 m² - s,69008,Lyon,45.73298,4.87491,https://www.vizzit.fr/fr/property/appartement/lyon-8/Amubrym5v1fko2q5,,,Monplaisir / Bachut,T2,3344.0,0,2034.0,0,5293.0,0,4160.0,0,4286.0,0,2643.0,0,780.0,0,4516.0,0,159.0,1,216.0,1,4301.0,0,5988.0,0,3022.0,0,469.0,1,2772.0,0,,0,,0,,0,,0,,0
17,Vizzit,622.0,33.0,18.85,Studio,33 m² - Studio,69008,Lyon,45.73322,4.8825,https://www.vizzit.fr/fr/property/appartement/lyon-8/A39w3jn060bwpdgu,,,Monplaisir / Bachut,Studio/T1,3627.0,0,2360.0,0,5679.0,0,4465.0,0,4503.0,0,2375.0,0,303.0,1,4946.0,0,393.0,2,401.0,1,4845.0,0,6326.0,0,3163.0,0,123.0,1,3358.0,0,,0,,0,,0,,0,,0
18,Vizzit,1000.0,68.0,14.71,Appartement,3 pièce - 68 m² - s,69008,Lyon,45.73323,4.8743,https://www.vizzit.fr/fr/property/appartement/lyon-8/Ad83nsehzpaxzce2,,,Monplaisir / Bachut,T3,3297.0,0,1987.0,0,5241.0,0,4110.0,0,4234.0,0,2644.0,0,833.0,0,4463.0,0,185.0,1,215.0,1,4247.0,0,5938.0,0,2986.0,0,514.0,0,2723.0,0,,0,,0,,0,,0,,0
19,Vizzit,1017.0,50.0,20.34,Appartement,2 pièce - 50 m² - s,69007,Lyon,45.73335,4.83733,https://www.vizzit.fr/fr/property/appartement/lyon-7/Airv35slf2j4n7wx,,,Gerland,T2,3254.0,0,2070.0,0,3985.0,0,2321.0,0,1504.0,0,2781.0,0,494.0,1,3068.0,0,1475.0,0,79.0,2,1886.0,0,4878.0,0,309.0,1,294.0,2,227.0,1,,0,,0,,0,,0,,0
20,Vizzit,1300.0,69.0,18.84,Appartement,4 pièce - 69 m² - s,69008,Lyon,45.73336,4.87391,https://www.vizzit.fr/fr/property/appartement/lyon-8/A5tp7m0xd2b6turt,,,Monplaisir / Bachut,Grand (T4+),3271.0,0,1959.0,0,5210.0,0,4081.0,0,4201.0,0,2647.0,0,867.0,0,4431.0,0,208.0,1,219.0,1,4213.0,0,5909.0,0,2966.0,0,481.0,1,2691.0,0,,0,,0,,0,,0,,0
21,Vizzit,895.0,50.0,17.9,Appartement,2 pièce - 50 m² - s,69008,Lyon,45.73336,4.87391,https://www.vizzit.fr/fr/property/appartement/lyon-8/A1p6vlgc9ycfeyz0,,,Monplaisir / Bachut,T2,3271.0,0,1959.0,0,5210.0,0,4081.0,0,4201.0,0,2647.0,0,867.0,0,4431.0,0,208.0,1,219.0,1,4213.0,0,5909.0,0,2966.0,0,481.0,1,2691.0,0,,0,,0,,0,,0,,0
22,Vizzit,850.0,32.0,26.56,Appartement,1 pièce - 32 m²,69008,Lyon,45.73359,4.8665,https://www.vizzit.fr/fr/property/appartement/lyon-8/Aqz1ld2becpho399,,,Monplaisir / Bachut,Studio/T1,3037.0,0,1737.0,0,4833.0,0,3635.0,0,3632.0,0,2975.0,0,1429.0,0,4013.0,0,775.0,0,462.0,1,3674.0,0,5578.0,0,2509.0,0,363.0,1,2116.0,0,,0,,0,,0,,0,,0
23,Vizzit,950.0,64.0,14.84,Appartement,3 pièce - 64 m² - s,69008,Lyon,45.73377,4.85195,https://www.vizzit.fr/fr/property/appartement/lyon-8/Awurr3dwlr4ziwoh,,,Monplaisir / Bachut,T3,2904.0,0,1853.0,0,4253.0,0,2807.0,0,2532.0,0,2640.0,0,1228.0,0,3359.0,0,820.0,0,851.0,0,2675.0,0,5085.0,0,1382.0,0,189.0,2,989.0,0,,0,,0,,0,,0,,0
24,Vizzit,1022.0,53.0,19.28,Appartement,2 pièce - 53 m² - s,69007,Lyon,45.7338,4.83948,https://www.vizzit.fr/fr/property/appartement/lyon-7/Av986a3th9kx9r3m,,,Gerland,T2,3140.0,0,2009.0,0,3963.0,0,2324.0,0,1626.0,0,2690.0,0,477.0,1,3044.0,0,1321.0,0,157.0,3,1947.0,0,4849.0,0,432.0,1,348.0,1,119.0,1,,0,,0,,0,,0,,0
25,Vizzit,590.0,17.0,34.71,Studio,17 m² - Studio,69008,Lyon,45.73388,4.86899,https://www.vizzit.fr/fr/property/appartement/lyon-8/Aqz6gs2dwl6j6u61,,,Monplaisir / Bachut,Studio/T1,3068.0,0,1756.0,0,4923.0,0,3772.0,0,3815.0,0,2824.0,0,1249.0,0,4120.0,0,581.0,0,407.0,2,3838.0,0,5650.0,0,2700.0,0,261.0,1,2307.0,0,,0,,0,,0,,0,,0
26,Vizzit,423.0,21.0,20.14,Studio,21 m² - Studio,69008,Lyon,45.73404,4.85814,https://www.vizzit.fr/fr/property/appartement/lyon-8/Awru12cf5qfh7u4z,,,Monplaisir / Bachut,Studio/T1,2870.0,0,1678.0,0,4441.0,0,3110.0,0,2988.0,0,2714.0,0,1677.0,0,3577.0,0,761.0,0,820.0,0,3070.0,0,5236.0,0,1859.0,0,390.0,2,1465.0,0,,0,,0,,0,,0,,0
27,Vizzit,670.0,20.0,33.5,Studio,20 m² - Studio,69007,Lyon,45.7345,4.8379,https://www.vizzit.fr/fr/property/appartement/lyon-7/Aivmy0ewjj4cppa8,,,Gerland,Studio/T1,3120.0,0,1939.0,0,3865.0,0,2211.0,0,1482.0,0,2646.0,0,369.0,1,2947.0,0,1357.0,0,59.0,3,1810.0,0,4756.0,0,292.0,1,206.0,1,116.0,1,,0,,0,,0,,0,,0
28,Vizzit,990.0,44.0,22.5,Appartement,2 pièce - 44 m² - s,69008,Lyon,45.73466,4.87112,https://www.vizzit.fr/fr/property/appartement/lyon-8/Auserov9nenz4xip,,,Monplaisir / Bachut,T2,3049.0,0,1734.0,0,4960.0,0,3841.0,0,3963.0,0,2653.0,0,1120.0,0,4174.0,0,424.0,1,381.0,2,3959.0,0,5667.0,0,2794.0,0,226.0,1,2470.0,0,,0,,0,,0,,0,,0
29,Vizzit,615.0,30.0,20.5,Studio,30 m² - Studio,69008,Lyon,45.73467,4.88198,https://www.vizzit.fr/fr/property/appartement/lyon-8/Amj9jboq19ed7oir,,,Monplaisir / Bachut,Studio/T1,3473.0,0,2216.0,0,5538.0,0,4304.0,0,4339.0,0,2236.0,0,465.0,1,4816.0,0,233.0,2,236.0,1,4757.0,0,6176.0,0,2998.0,0,203.0,1,3313.0,0,,0,,0,,0,,0,,0
30,Vizzit,721.0,35.0,20.6,Appartement,2 pièce - 35 m² - s,69007,Lyon,45.7347,4.84451,https://www.vizzit.fr/fr/property/appartement/lyon-7/Awjxlr2dcsk5o8in,,,Gerland,T2,2912.0,0,1938.0,0,3957.0,0,2396.0,0,1950.0,0,2526.0,0,663.0,0,3043.0,0,1001.0,0,301.0,1,2152.0,0,4824.0,0,798.0,0,667.0,0,405.0,1,,0,,0,,0,,0,,0
31,Vizzit,571.0,18.0,31.72,Studio,18 m² - Studio,69007,Lyon,45.73472,4.83954,https://www.vizzit.fr/fr/property/appartement/lyon-7/Anlelaeqd5yfi3vr,,,Gerland,Studio/T1,3044.0,0,1907.0,0,3863.0,0,2230.0,0,1588.0,0,2589.0,0,386.0,1,2945.0,0,1245.0,0,176.0,3,1873.0,0,4749.0,0,414.0,1,296.0,1,25.0,1,,0,,0,,0,,0,,0
32,Vizzit,760.0,31.0,24.52,Studio,31 m² - Studio,69008,Lyon,45.73475,4.85713,https://www.vizzit.fr/fr/property/appartement/lyon-8/A742ue9fo7dmuu43,,,Monplaisir / Bachut,Studio/T1,2786.0,0,1617.0,0,4333.0,0,2999.0,0,2894.0,0,2616.0,0,1583.0,0,3468.0,0,667.0,0,789.0,0,2964.0,0,5132.0,0,1777.0,0,295.0,2,1384.0,0,,0,,0,,0,,0,,0
33,Vizzit,655.0,27.0,24.26,Appartement,2 pièce - 27 m² - s,69007,Lyon,45.73497,4.83956,https://www.vizzit.fr/fr/property/appartement/lyon-7/Ayt04lofl185mgtr,,,Gerland,T2,3018.0,0,1879.0,0,3836.0,0,2204.0,0,1579.0,0,2562.0,0,363.0,1,2918.0,0,1225.0,0,190.0,3,1854.0,0,4722.0,0,413.0,1,287.0,1,23.0,1,,0,,0,,0,,0,,0
34,Vizzit,1016.0,44.0,23.09,Appartement,2 pièce - 44 m² - s,69008,Lyon,45.7352,4.8803,https://www.vizzit.fr/fr/property/appartement/lyon-8/Acqzdtxscym1bwwy,,,Monplaisir / Bachut,T2,3349.0,0,2083.0,0,5403.0,0,4192.0,0,4233.0,0,2232.0,0,581.0,0,4676.0,0,132.0,2,164.0,1,4615.0,0,6047.0,0,2896.0,0,251.0,1,3182.0,0,,0,,0,,0,,0,,0
35,Vizzit,900.0,27.0,33.33,Appartement,2 pièce - 27 m² - s,69007,Lyon,45.73552,4.83787,https://www.vizzit.fr/fr/property/appartement/lyon-7/A4pmzwrpbsltvr72,,,Gerland,T2,3019.0,0,1826.0,0,3753.0,0,2102.0,0,1434.0,0,2538.0,0,257.0,1,2835.0,0,1288.0,0,166.0,3,1721.0,0,4643.0,0,285.0,1,144.0,1,133.0,1,,0,,0,,0,,0,,0
36,Vizzit,930.0,42.0,22.14,Appartement,2 pièce - 42 m² - s,69008,Lyon,45.73585,4.87336,https://www.vizzit.fr/fr/property/appartement/lyon-8/Ac3zap28ezkww1b9,,,Monplaisir / Bachut,T2,3005.0,0,1698.0,0,4975.0,0,3830.0,0,3983.0,0,2443.0,0,1026.0,0,4213.0,0,324.0,1,426.0,2,4079.0,0,5659.0,0,2686.0,0,321.0,1,2646.0,0,,0,,0,,0,,0,,0
37,Vizzit,1500.0,87.0,17.24,Appartement,4 pièce - 87 m² - s,69007,Lyon,45.73602,4.83954,https://www.vizzit.fr/fr/property/appartement/lyon-7/Atxyxncnamvo3zxw,,,Guillotière / Jean Macé,Grand (T4+),2913.0,0,1762.0,0,3722.0,0,2095.0,0,1538.0,0,2449.0,0,267.0,1,2803.0,0,1151.0,0,185.0,3,1768.0,0,4606.0,0,424.0,1,269.0,1,130.0,1,,0,,0,,0,,0,,0
38,Vizzit,895.0,38.0,23.55,Appartement,2 pièce - 38 m² - s,69008,Lyon,45.73662,4.87679,https://www.vizzit.fr/fr/property/appartement/lyon-8/Aachvx726d3c1pur,,,Monplaisir / Bachut,T2,3065.0,0,1784.0,0,5098.0,0,3927.0,0,3985.0,0,2222.0,0,875.0,0,4364.0,0,270.0,2,311.0,1,4309.0,0,5753.0,0,2662.0,0,517.0,0,2916.0,0,,0,,0,,0,,0,,0
39,Vizzit,698.0,29.0,24.07,Appartement,2 pièce - 29 m² - s,69008,Lyon,45.73674,4.85452,https://www.vizzit.fr/fr/property/appartement/lyon-8/Adx0l4jbklyoeyll,,,Monplaisir / Bachut,T2,2562.0,0,1470.0,0,4042.0,0,2699.0,0,2655.0,0,2350.0,0,1349.0,0,3172.0,0,446.0,3,770.0,0,2683.0,0,4848.0,0,1584.0,0,198.0,1,1200.0,0,,0,,0,,0,,0,,0
40,Vizzit,640.0,29.0,22.07,Appartement,2 pièce - 29 m² - s,69008,Lyon,45.73674,4.85452,https://www.vizzit.fr/fr/property/appartement/lyon-8/A4r24lg04dn6bymp,,,Monplaisir / Bachut,T2,2562.0,0,1470.0,0,4042.0,0,2699.0,0,2655.0,0,2350.0,0,1349.0,0,3172.0,0,446.0,3,770.0,0,2683.0,0,4848.0,0,1584.0,0,198.0,1,1200.0,0,,0,,0,,0,,0,,0
41,Vizzit,730.0,34.0,21.47,Studio,34 m² - Studio,69008,Lyon,45.73688,4.8647,https://www.vizzit.fr/fr/property/appartement/lyon-8/Atkdlodjwaa5stp6,,,Monplaisir / Bachut,Studio/T1,2647.0,0,1352.0,0,4456.0,0,3308.0,0,3436.0,0,2631.0,0,1675.0,0,3648.0,0,816.0,0,297.0,2,3406.0,0,5192.0,0,2372.0,0,205.0,2,1984.0,0,,0,,0,,0,,0,,0
42,Vizzit,685.0,38.0,18.03,Appartement,2 pièce - 38 m² - s,69008,Lyon,45.73702,4.8767,https://www.vizzit.fr/fr/property/appartement/lyon-8/Aft2gcvb1ijn4w8c,,,Monplaisir / Bachut,T2,3024.0,0,1745.0,0,5062.0,0,3888.0,0,3941.0,0,2188.0,0,913.0,0,4331.0,0,284.0,2,321.0,1,4290.0,0,5714.0,0,2617.0,0,557.0,0,2913.0,0,,0,,0,,0,,0,,0
43,Vizzit,403.0,21.0,19.19,Studio,21 m² - Studio,69008,Lyon,45.73704,4.85102,https://www.vizzit.fr/fr/property/appartement/lyon-8/A154kxcws3ittrvw,,,Monplaisir / Bachut,Studio/T1,2550.0,0,1569.0,0,3892.0,0,2485.0,0,2381.0,0,2270.0,0,1075.0,0,3004.0,0,510.0,0,720.0,0,2426.0,0,4718.0,0,1320.0,0,278.0,1,941.0,0,,0,,0,,0,,0,,0
44,Vizzit,1205.0,48.0,25.1,Appartement,2 pièce - 48 m² - s,69008,Lyon,45.73758,4.87986,https://www.vizzit.fr/fr/property/appartement/lyon-8/A0hfb82tp3xgpqmi,,,Monplaisir / Bachut,T2,3115.0,0,1872.0,0,5198.0,0,3941.0,0,3976.0,0,2009.0,0,828.0,0,4493.0,0,137.0,2,129.0,1,4512.0,0,5824.0,0,2637.0,0,518.0,0,3162.0,0,,0,,0,,0,,0,,0
45,Vizzit,950.0,65.0,14.62,Appartement,3 pièce - 65 m² - s,69008,Lyon,45.73828,4.88611,https://www.vizzit.fr/fr/property/appartement/lyon-8/Ar1mgial88dpog5c,,,Monplaisir / Bachut,T3,3377.0,0,2062.0,0,5520.0,0,4124.0,0,4130.0,0,1755.0,0,833.0,0,4857.0,0,501.0,0,451.0,1,4968.0,0,6100.0,0,2783.0,0,712.0,0,3653.0,0,,0,,0,,0,,0,,0
46,Vizzit,610.0,21.0,29.05,Studio,21 m² - Studio,69008,Lyon,45.73852,4.86242,https://www.vizzit.fr/fr/property/appartement/lyon-8/Af97xh31p5lkactr,,,Monplaisir / Bachut,Studio/T1,2426.0,0,1154.0,0,4204.0,0,3060.0,0,3244.0,0,2385.0,0,1683.0,0,3394.0,0,574.0,0,244.0,2,3180.0,0,4945.0,0,2220.0,0,50.0,1,1840.0,0,,0,,0,,0,,0,,0
47,Vizzit,779.0,29.0,26.86,Appartement,2 pièce - 29 m² - s,69007,Lyon,45.73906,4.82945,https://www.vizzit.fr/fr/property/appartement/lyon-7/Art299sioj2c6vc3,,,Guillotière / Jean Macé,T2,2677.0,0,1648.0,0,3310.0,0,1601.0,0,693.0,0,2471.0,0,618.0,0,2420.0,0,1213.0,0,630.0,0,1024.0,0,4213.0,0,576.0,0,626.0,0,895.0,0,,0,,0,,0,,0,,0
48,Vizzit,690.0,25.0,27.6,Studio,25 m² - Studio,69008,Lyon,45.73907,4.88158,https://www.vizzit.fr/fr/property/appartement/lyon-8/A5e9g1qcfw0r81o0,,,Monplaisir / Bachut,Studio/T1,3073.0,0,1794.0,0,5191.0,0,3861.0,0,3884.0,0,1800.0,0,939.0,0,4512.0,0,316.0,1,278.0,1,4606.0,0,5791.0,0,2538.0,0,678.0,0,3315.0,0,,0,,0,,0,,0,,0
49,Vizzit,650.0,26.0,25.0,Studio,26 m² - Studio,69008,Lyon,45.7391,4.87927,https://www.vizzit.fr/fr/property/appartement/lyon-8/Agizn8lx71ttiblw,,,Monplaisir / Bachut,Studio/T1,2954.0,0,1709.0,0,5052.0,0,3770.0,0,3803.0,0,1886.0,0,1000.0,0,4360.0,0,312.0,3,299.0,1,4430.0,0,5667.0,0,2463.0,0,609.0,0,3138.0,0,,0,,0,,0,,0,,0
50,Vizzit,920.0,27.0,34.07,Appartement,2 pièce - 27 m² - s,69008,Lyon,45.7395,4.86261,https://www.vizzit.fr/fr/property/appartement/lyon-8/Aiffarr25dctkohp,,,Monplaisir / Bachut,T2,2324.0,0,1045.0,0,4126.0,0,3015.0,0,3254.0,0,2298.0,0,1573.0,0,3326.0,0,550.0,0,134.0,1,3163.0,0,4858.0,0,2255.0,0,143.0,1,1881.0,0,,0,,0,,0,,0,,0
51,Vizzit,905.0,50.0,18.1,Appartement,2 pièce - 50 m² - s,69008,Lyon,45.73965,4.87385,https://www.vizzit.fr/fr/property/appartement/lyon-8/Ak4dmxxdh65gkzdy,,,Monplaisir / Bachut,T2,2658.0,0,1380.0,0,4699.0,0,3522.0,0,3592.0,0,2092.0,0,1278.0,0,3979.0,0,487.0,1,483.0,2,4005.0,0,5347.0,0,2279.0,0,400.0,1,2734.0,0,,0,,0,,0,,0,,0
52,Vizzit,600.0,18.0,33.33,Studio,18 m² - Studio,69008,Lyon,45.74047,4.86279,https://www.vizzit.fr/fr/property/appartement/lyon-8/Afclkzsafydcqee9,,,Monplaisir / Bachut,Studio/T1,2223.0,0,939.0,0,4050.0,0,2955.0,0,3267.0,0,2213.0,0,1465.0,0,3261.0,0,543.0,0,28.0,1,3149.0,0,4774.0,0,2163.0,0,249.0,1,1927.0,0,,0,,0,,0,,0,,0
53,Vizzit,940.0,43.0,21.86,Appartement,2 pièce - 43 m² - s,69007,Lyon,45.74053,4.83377,https://www.vizzit.fr/fr/property/appartement/lyon-7/Au9rp92zv8qdkumg,,,Guillotière / Jean Macé,T2,2493.0,0,1354.0,0,3160.0,0,1478.0,0,1016.0,0,2153.0,0,405.0,1,2248.0,0,973.0,0,467.0,1,1098.0,0,4058.0,0,604.0,0,551.0,0,762.0,0,,0,,0,,0,,0,,0
54,Vizzit,500.0,18.0,27.78,Studio,18 m² - Studio,69008,Lyon,45.7407,4.8699,https://www.vizzit.fr/fr/property/appartement/lyon-8/Aji2v2x7jwd53mdt,,,Monplaisir / Bachut,Studio/T1,2403.0,0,1099.0,0,4399.0,0,3238.0,0,3392.0,0,2235.0,0,1428.0,0,3664.0,0,644.0,0,317.0,3,3681.0,0,5066.0,0,2116.0,0,434.0,1,2462.0,0,,0,,0,,0,,0,,0
55,Vizzit,759.0,36.0,21.08,Studio,36 m² - Studio,69007,Lyon,45.74097,4.85142,https://www.vizzit.fr/fr/property/appartement/lyon-7/Ahy5j4ahr7x8ravo,,,Guillotière / Jean Macé,Studio/T1,2113.0,0,1203.0,0,3514.0,0,2208.0,0,2386.0,0,1842.0,0,1158.0,0,2646.0,0,144.0,8,601.0,0,2284.0,0,4322.0,0,1484.0,0,249.0,1,1160.0,0,,0,,0,,0,,0,,0
56,Vizzit,481.0,20.0,24.05,Studio,20 m² - Studio,69008,Lyon,45.74149,4.86141,https://www.vizzit.fr/fr/property/appartement/lyon-8/Aiixwrqufapqjory,,,Monplaisir / Bachut,Studio/T1,2087.0,0,824.0,0,3894.0,0,2804.0,0,3163.0,0,2060.0,0,1382.0,0,3105.0,0,438.0,3,130.0,1,3019.0,0,4621.0,0,2073.0,0,381.0,1,1867.0,0,,0,,0,,0,,0,,0
57,Vizzit,520.0,24.0,21.67,Studio,24 m² - Studio,69008,Lyon,45.74152,4.86157,https://www.vizzit.fr/fr/property/appartement/lyon-8/Atlppowravyqix82,,,Monplaisir / Bachut,Studio/T1,2086.0,0,820.0,0,3900.0,0,2807.0,0,3176.0,0,2064.0,0,1376.0,0,3112.0,0,451.0,3,123.0,1,3030.0,0,4625.0,0,2067.0,0,380.0,2,1880.0,0,,0,,0,,0,,0,,0
58,Vizzit,1850.0,74.0,25.0,Appartement,3 pièce - 74 m² - s,69002,Lyon,45.74182,4.81925,https://www.vizzit.fr/fr/property/appartement/lyon-2/Aqies6jxr22vjp50,,,Confluence,T3,2606.0,0,1615.0,0,3117.0,0,1510.0,0,116.0,2,2578.0,0,1464.0,0,2337.0,0,1480.0,0,170.0,4,683.0,0,3999.0,0,1382.0,0,558.0,0,1737.0,0,,0,,0,,0,,0,,0
59,Vizzit,630.0,60.0,10.5,Appartement,4 pièce - 60 m² - s,69008,Lyon,45.74187,4.86849,https://www.vizzit.fr/fr/property/appartement/lyon-8/Adli6qazpg3mg6ic,,,Monplaisir / Bachut,Grand (T4+),2237.0,0,930.0,0,4229.0,0,3068.0,0,3240.0,0,2243.0,0,1284.0,0,3498.0,0,700.0,0,254.0,4,3550.0,0,4896.0,0,1979.0,0,344.0,2,2396.0,0,,0,,0,,0,,0,,0
60,Vizzit,585.0,18.0,32.5,Studio,18 m² - Studio,69008,Lyon,45.74204,4.85884,https://www.vizzit.fr/fr/property/appartement/lyon-8/A339dm7kvu6ybrp8,,,Monplaisir / Bachut,Studio/T1,1990.0,0,800.0,0,3724.0,0,2621.0,0,2967.0,0,1909.0,0,1400.0,0,2920.0,0,265.0,7,331.0,1,2811.0,0,4467.0,0,2059.0,0,339.0,1,1714.0,0,,0,,0,,0,,0,,0
61,Vizzit,830.0,43.0,19.3,Appartement,2 pièce - 43 m² - s,69008,Lyon,45.74206,4.86052,https://www.vizzit.fr/fr/property/appartement/lyon-8/Aub7r9ijpp6fes3w,,,Monplaisir / Bachut,T2,2010.0,0,768.0,0,3802.0,0,2716.0,0,3095.0,0,1970.0,0,1345.0,0,3011.0,0,386.0,3,224.0,1,2938.0,0,4531.0,0,2028.0,0,464.0,3,1831.0,0,,0,,0,,0,,0,,0
62,Vizzit,2100.0,77.0,27.27,Appartement,4 pièce - 77 m² - s,69007,Lyon,45.74211,4.84922,https://www.vizzit.fr/fr/property/appartement/lyon-7/Aii9huhqnmb9qc0r,,,Guillotière / Jean Macé,Grand (T4+),2021.0,0,1245.0,0,3323.0,0,1995.0,0,2223.0,0,1695.0,0,1049.0,0,2447.0,0,159.0,5,430.0,3,2084.0,0,4141.0,0,1399.0,0,427.0,1,1114.0,0,,0,,0,,0,,0,,0
63,Vizzit,1350.0,65.0,20.77,Appartement,3 pièce - 65 m² - s,69008,Lyon,45.7424,4.8755,https://www.vizzit.fr/fr/property/appartement/lyon-8/Aegu9x890j7xh6bj,,,Monplaisir / Bachut,T3,2485.0,0,1258.0,0,4591.0,0,3309.0,0,3350.0,0,1784.0,0,1394.0,0,3916.0,0,172.0,4,382.0,2,4079.0,0,5199.0,0,2018.0,0,141.0,1,2932.0,0,,0,,0,,0,,0,,0
64,Vizzit,830.0,47.0,17.66,Appartement,2 pièce - 47 m² - s,69002,Lyon,45.74243,4.82085,https://www.vizzit.fr/fr/property/appartement/lyon-2/Ar4tqglsul64s19v,,,Confluence,T2,2493.0,0,1524.0,0,3020.0,0,1390.0,0,240.0,2,2454.0,0,1370.0,0,2224.0,0,1340.0,0,174.0,4,570.0,0,3908.0,0,1320.0,0,437.0,1,1661.0,0,,0,,0,,0,,0,,0
65,Vizzit,896.0,37.0,24.22,Studio,37 m² - Studio,69008,Lyon,45.74284,4.86154,https://www.vizzit.fr/fr/property/appartement/lyon-8/A4ne0dyke1i9h0md,,,Monplaisir / Bachut,Studio/T1,1943.0,0,674.0,0,3785.0,0,2678.0,0,3053.0,0,1939.0,0,1237.0,0,3011.0,0,492.0,1,252.0,1,3000.0,0,4499.0,0,1924.0,0,367.0,2,1940.0,0,,0,,0,,0,,0,,0
66,Vizzit,1017.0,19.0,53.53,Appartement,2 pièce - 19 m² - s,69007,Lyon,45.74293,4.84929,https://www.vizzit.fr/fr/property/appartement/lyon-7/Arsk12hecjllzu76,,,Guillotière / Jean Macé,T2,1931.0,0,1187.0,0,3244.0,0,1943.0,0,2239.0,0,1605.0,0,1098.0,0,2373.0,0,163.0,5,368.0,3,2066.0,0,4058.0,0,1456.0,0,450.0,1,1185.0,0,,0,,0,,0,,0,,0
67,Vizzit,983.0,39.0,25.21,Appartement,2 pièce - 39 m² - s,69008,Lyon,45.74305,4.86962,https://www.vizzit.fr/fr/property/appartement/lyon-8/Aqahiddeoc9eihrl,,,Monplaisir / Bachut,T2,2164.0,0,879.0,0,4201.0,0,3021.0,0,3134.0,0,2096.0,0,1167.0,0,3493.0,0,587.0,0,105.0,2,3617.0,0,4847.0,0,1854.0,0,262.0,2,2523.0,0,,0,,0,,0,,0,,0
68,Vizzit,803.0,24.0,33.46,Appartement,2 pièce - 24 m² - s,69007,Lyon,45.74312,4.84788,https://www.vizzit.fr/fr/property/appartement/lyon-7/Ag01jycnp3x6gw4b,,,Guillotière / Jean Macé,T2,1941.0,0,1142.0,0,3176.0,0,1844.0,0,2134.0,0,1579.0,0,1019.0,0,2297.0,0,273.0,5,278.0,3,1955.0,0,4000.0,0,1384.0,0,559.0,0,1134.0,0,,0,,0,,0,,0,,0
69,Vizzit,845.0,45.0,18.78,Appartement,2 pièce - 45 m² - s,69007,Lyon,45.74317,4.84794,https://www.vizzit.fr/fr/property/appartement/lyon-7/Ahi5kzibv66vioiz,,,Guillotière / Jean Macé,T2,1934.0,0,1140.0,0,3173.0,0,1844.0,0,2139.0,0,1573.0,0,1026.0,0,2294.0,0,270.0,5,276.0,3,1958.0,0,3996.0,0,1391.0,0,557.0,0,1141.0,0,,0,,0,,0,,0,,0
70,Vizzit,579.0,29.0,19.97,Appartement,1 pièce - 29 m²,69003,Lyon,45.74332,4.88084,https://www.vizzit.fr/fr/property/appartement/lyon-3/Ax5rjihpqb2v4f7k,,,Montchat,Studio/T1,2694.0,0,1369.0,0,4856.0,0,3430.0,0,3440.0,0,1430.0,0,1413.0,0,4227.0,0,182.0,4,488.0,1,4479.0,0,5416.0,0,2093.0,0,519.0,0,3358.0,0,,0,,0,,0,,0,,0
71,Vizzit,710.0,25.0,28.4,Appartement,2 pièce - 25 m² - s,69007,Lyon,45.74334,4.83798,https://www.vizzit.fr/fr/property/appartement/lyon-7/Avvhecwtucm00e10,,,Guillotière / Jean Macé,T2,2204.0,0,963.0,0,2900.0,0,1311.0,0,1384.0,0,1724.0,0,620.0,0,1981.0,0,692.0,0,500.0,1,1212.0,0,3783.0,0,961.0,0,400.0,1,948.0,0,,0,,0,,0,,0,,0
72,Vizzit,820.0,46.0,17.83,Appartement,2 pièce - 46 m² - s,69008,Lyon,45.74353,4.86251,https://www.vizzit.fr/fr/property/appartement/lyon-8/Aiax3lsc1q7o7odl,,,Monplaisir / Bachut,T2,1890.0,0,598.0,0,3777.0,0,2651.0,0,2982.0,0,1921.0,0,1141.0,0,3019.0,0,594.0,0,314.0,1,3063.0,0,4476.0,0,1833.0,0,263.0,3,2043.0,0,,0,,0,,0,,0,,0
73,Vizzit,890.0,40.0,22.25,Appartement,2 pièce - 40 m² - s,69008,Lyon,45.74355,4.86789,https://www.vizzit.fr/fr/property/appartement/lyon-8/Al16u5jjt5g37hhd,,,Monplaisir / Bachut,T2,2050.0,0,750.0,0,4065.0,0,2893.0,0,3047.0,0,2180.0,0,1093.0,0,3351.0,0,717.0,0,184.0,2,3477.0,0,4720.0,0,1791.0,0,152.0,4,2420.0,0,,0,,0,,0,,0,,0
74,Vizzit,1230.0,81.0,15.19,Appartement,4 pièce - 81 m² - s,69008,Lyon,45.74365,4.87205,https://www.vizzit.fr/fr/property/appartement/lyon-8/Aofxg36oxhrs4tmh,,,Monplaisir / Bachut,Grand (T4+),2212.0,0,975.0,0,4297.0,0,3069.0,0,3125.0,0,1903.0,0,1154.0,0,3615.0,0,394.0,2,97.0,2,3797.0,0,4917.0,0,1815.0,0,169.0,2,2723.0,0,,0,,0,,0,,0,,0
75,Vizzit,700.0,32.0,21.88,Studio,32 m² - Studio,69008,Lyon,45.7437,4.86174,https://www.vizzit.fr/fr/property/appartement/lyon-8/Aewvsk0sx7ga1r34,,,Monplaisir / Bachut,Studio/T1,1855.0,0,578.0,0,3723.0,0,2603.0,0,2959.0,0,1870.0,0,1141.0,0,2961.0,0,553.0,0,340.0,1,3002.0,0,4427.0,0,1828.0,0,280.0,3,2000.0,0,,0,,0,,0,,0,,0
76,Vizzit,1050.0,60.0,17.5,Appartement,3 pièce - 60 m² - s,69007,Lyon,45.7438,4.84813,https://www.vizzit.fr/fr/property/appartement/lyon-7/Aw62lrlevzf537jo,,,Guillotière / Jean Macé,T3,1863.0,0,1089.0,0,3117.0,0,1813.0,0,2165.0,0,1503.0,0,1080.0,0,2243.0,0,288.0,5,237.0,3,1957.0,0,3935.0,0,1448.0,0,574.0,0,1207.0,0,,0,,0,,0,,0,,0
77,Vizzit,731.0,37.0,19.76,Appartement,2 pièce - 37 m² - s,69002,Lyon,45.74401,4.8169,https://www.vizzit.fr/fr/property/appartement/lyon-2/A59q73og58w859ev,,,Confluence,T2,2480.0,0,1440.0,0,2941.0,0,1424.0,0,378.0,1,2494.0,0,1721.0,0,2214.0,0,1527.0,0,137.0,2,619.0,0,3807.0,0,1671.0,0,544.0,0,2014.0,0,,0,,0,,0,,0,,0
78,Vizzit,1580.0,110.0,14.36,Appartement,5 pièce - 110 m² - s,69002,Lyon,45.74431,4.8183,https://www.vizzit.fr/fr/property/appartement/lyon-2/A11oren1gjmmsydb,,,Confluence,Grand (T4+),2396.0,0,1370.0,0,2874.0,0,1327.0,0,386.0,2,2399.0,0,1637.0,0,2129.0,0,1414.0,0,129.0,3,512.0,0,3747.0,0,1606.0,0,431.0,1,1939.0,0,,0,,0,,0,,0,,0
79,Vizzit,1390.0,82.0,16.95,Appartement,3 pièce - 82 m² - s,69007,Lyon,45.74441,4.84547,https://www.vizzit.fr/fr/property/appartement/lyon-7/Ai5gaju591i8f839,,,Guillotière / Jean Macé,T3,1873.0,0,926.0,0,2967.0,0,1608.0,0,1977.0,0,1444.0,0,976.0,0,2078.0,0,501.0,0,81.0,4,1742.0,0,3803.0,0,1353.0,0,615.0,0,1164.0,0,,0,,0,,0,,0,,0
80,Vizzit,649.0,37.0,17.54,Appartement,2 pièce - 37 m² - s,69003,Lyon,45.74446,4.88792,https://www.vizzit.fr/fr/property/appartement/lyon-3/Akkr88s5xekd14o0,,,Montchat,T2,3047.0,0,1685.0,0,5245.0,0,3669.0,0,3641.0,0,1056.0,0,1534.0,0,4672.0,0,504.0,0,558.0,0,5017.0,0,5745.0,0,2320.0,0,639.0,0,3921.0,0,,0,,0,,0,,0,,0
81,Vizzit,995.0,45.0,22.11,Appartement,2 pièce - 45 m² - s,69002,Lyon,45.74454,4.82216,https://www.vizzit.fr/fr/property/appartement/lyon-2/Ajep9oeofeu8juh3,,,Confluence,T2,2237.0,0,1277.0,0,2768.0,0,1135.0,0,488.0,2,2201.0,0,1388.0,0,1968.0,0,1131.0,0,178.0,3,315.0,1,3658.0,0,1407.0,0,182.0,2,1711.0,0,,0,,0,,0,,0,,0
82,Vizzit,631.0,36.0,17.53,Appartement,1 pièce - 36 m²,69008,Lyon,45.74472,4.86053,https://www.vizzit.fr/fr/property/appartement/lyon-8/Au8zqcujelhxfm23,,,Monplaisir / Bachut,Studio/T1,1721.0,0,477.0,1,3576.0,0,2458.0,0,2832.0,0,1723.0,0,1074.0,0,2816.0,0,558.0,0,476.0,1,2895.0,0,4281.0,0,1744.0,0,291.0,2,1979.0,0,,0,,0,,0,,0,,0
83,Vizzit,550.0,19.0,28.95,Studio,19 m² - Studio,69008,Lyon,45.74472,4.86133,https://www.vizzit.fr/fr/property/appartement/lyon-8/Af4ei1ig086j1aip,,,Monplaisir / Bachut,Studio/T1,1737.0,0,467.0,1,3617.0,0,2490.0,0,2843.0,0,1760.0,0,1048.0,0,2864.0,0,601.0,0,458.0,1,2957.0,0,4315.0,0,1726.0,0,234.0,3,2031.0,0,,0,,0,,0,,0,,0
84,Vizzit,560.0,18.0,31.11,Studio,18 m² - Studio,69008,Lyon,45.74472,4.86133,https://www.vizzit.fr/fr/property/appartement/lyon-8/A8msf3eh1i21d2tx,,,Monplaisir / Bachut,Studio/T1,1737.0,0,467.0,1,3617.0,0,2490.0,0,2843.0,0,1760.0,0,1048.0,0,2864.0,0,601.0,0,458.0,1,2957.0,0,4315.0,0,1726.0,0,234.0,3,2031.0,0,,0,,0,,0,,0,,0
85,Vizzit,810.0,38.0,21.32,Appartement,2 pièce - 38 m² - s,69003,Lyon,45.74473,4.88566,https://www.vizzit.fr/fr/property/appartement/lyon-3/A9g2t3wyvaell63w,,,Montchat,T2,2886.0,0,1525.0,0,5080.0,0,3531.0,0,3511.0,0,1096.0,0,1543.0,0,4498.0,0,566.0,0,411.0,1,4840.0,0,5590.0,0,2180.0,0,610.0,0,3761.0,0,,0,,0,,0,,0,,0
86,Vizzit,920.0,42.0,21.9,Appartement,2 pièce - 42 m² - s,69007,Lyon,45.74476,4.8444,https://www.vizzit.fr/fr/property/appartement/lyon-7/At0dqgapspbz2gjm,,,Guillotière / Jean Macé,T2,1874.0,0,856.0,0,2899.0,0,1519.0,0,1906.0,0,1418.0,0,955.0,0,2005.0,0,593.0,0,110.0,3,1653.0,0,3741.0,0,1332.0,0,582.0,0,1169.0,0,,0,,0,,0,,0,,0
87,Vizzit,730.0,40.0,18.25,Appartement,2 pièce - 40 m² - s,69008,Lyon,45.7448,4.86615,https://www.vizzit.fr/fr/property/appartement/lyon-8/A1qkohd0wb2ke1jd,,,Monplaisir / Bachut,T2,1864.0,0,558.0,0,3872.0,0,2700.0,0,2883.0,0,2002.0,0,952.0,0,3161.0,0,861.0,0,289.0,2,3329.0,0,4527.0,0,1654.0,0,106.0,3,2358.0,0,,0,,0,,0,,0,,0
88,Vizzit,1270.0,64.0,19.84,Appartement,3 pièce - 64 m² - s,69007,Lyon,45.74481,4.84723,https://www.vizzit.fr/fr/property/appartement/lyon-7/Awbxfl396j74hnfm,,,Guillotière / Jean Macé,T3,1779.0,0,957.0,0,2985.0,0,1691.0,0,2120.0,0,1391.0,0,1102.0,0,2111.0,0,411.0,1,122.0,4,1869.0,0,3806.0,0,1477.0,0,580.0,0,1266.0,0,,0,,0,,0,,0,,0
89,Vizzit,250.0,15.0,16.67,Studio,15 m² - Studio,69008,Lyon,45.74485,4.8719,https://www.vizzit.fr/fr/property/appartement/lyon-8/Awz1m2t5r7ximm8s,,,Monplaisir / Bachut,Studio/T1,2098.0,0,891.0,0,4202.0,0,2943.0,0,2996.0,0,1839.0,0,1026.0,0,3536.0,0,426.0,2,165.0,2,3773.0,0,4810.0,0,1682.0,0,250.0,2,2763.0,0,,0,,0,,0,,0,,0
90,Vizzit,860.0,30.0,28.67,Appartement,2 pièce - 30 m² - s,69007,Lyon,45.74496,4.8475,https://www.vizzit.fr/fr/property/appartement/lyon-7/Ac0jtyyixary2szv,,,Guillotière / Jean Macé,T2,1757.0,0,956.0,0,2980.0,0,1699.0,0,2145.0,0,1374.0,0,1129.0,0,2109.0,0,407.0,1,130.0,4,1888.0,0,3797.0,0,1503.0,0,568.0,0,1290.0,0,,0,,0,,0,,0,,0
91,Vizzit,1425.0,102.0,13.97,Appartement,4 pièce - 102 m² - s,69007,Lyon,45.74502,4.84629,https://www.vizzit.fr/fr/property/appartement/lyon-7/A1fyv01lqtzjsyk5,,,Guillotière / Jean Macé,Grand (T4+),1785.0,0,898.0,0,2932.0,0,1618.0,0,2056.0,0,1371.0,0,1069.0,0,2052.0,0,483.0,1,45.0,4,1794.0,0,3759.0,0,1446.0,0,548.0,0,1253.0,0,,0,,0,,0,,0,,0
92,Vizzit,1368.0,70.0,19.54,Appartement,3 pièce - 70 m² - s,69003,Lyon,45.74513,4.87338,https://www.vizzit.fr/fr/property/appartement/lyon-3/Akx3x719idarlq2w,,,Part-Dieu / Villette,T3,2147.0,0,918.0,0,4273.0,0,2964.0,0,3007.0,0,1725.0,0,1049.0,0,3621.0,0,333.0,4,271.0,2,3886.0,0,4865.0,0,1679.0,0,218.0,2,2881.0,0,,0,,0,,0,,0,,0
93,Vizzit,1060.0,50.0,21.2,Appartement,2 pièce - 50 m² - s,69003,Lyon,45.74555,4.87882,https://www.vizzit.fr/fr/property/appartement/lyon-3/Assdd6gu5z7bhiyt,,,Montchat,T2,2412.0,0,1077.0,0,4586.0,0,3137.0,0,3147.0,0,1358.0,0,1277.0,0,3977.0,0,216.0,4,352.0,1,4305.0,0,5131.0,0,1800.0,0,444.0,1,3289.0,0,,0,,0,,0,,0,,0
94,Vizzit,890.0,35.0,25.43,Appartement,2 pièce - 35 m² - s,69002,Lyon,45.74556,4.82292,https://www.vizzit.fr/fr/property/appartement/lyon-2/A6izi1yggceoxqws,,,Confluence,T2,2109.0,0,1159.0,0,2645.0,0,1007.0,0,612.0,0,2074.0,0,1406.0,0,1840.0,0,1029.0,0,248.0,3,191.0,1,3537.0,0,1457.0,0,54.0,2,1741.0,0,,0,,0,,0,,0,,0
95,Vizzit,580.0,25.0,23.2,Studio,25 m² - Studio,69008,Lyon,45.74557,4.86432,https://www.vizzit.fr/fr/property/appartement/lyon-8/A16iitwuwdpvxiaa,,,Monplaisir / Bachut,Studio/T1,1726.0,0,411.0,1,3710.0,0,2544.0,0,2774.0,0,1841.0,0,886.0,0,2995.0,0,838.0,0,445.0,1,3181.0,0,4373.0,0,1584.0,0,23.0,3,2278.0,0,,0,,0,,0,,0,,0
96,Vizzit,1200.0,50.0,24.0,Appartement,2 pièce - 50 m² - s,69007,Lyon,45.74578,4.84194,https://www.vizzit.fr/fr/property/appartement/lyon-7/As219pv3q404x2am,,,Guillotière / Jean Macé,T2,1872.0,0,691.0,0,2724.0,0,1300.0,0,1759.0,0,1356.0,0,962.0,0,1819.0,0,655.0,0,231.0,4,1448.0,0,3580.0,0,1329.0,0,362.0,2,1231.0,0,,0,,0,,0,,0,,0
97,Vizzit,1045.0,57.0,18.33,Appartement,3 pièce - 57 m² - s,69002,Lyon,45.74588,4.8232,https://www.vizzit.fr/fr/property/appartement/lyon-2/Alni30uosie51n4x,,,Confluence,T3,2068.0,0,1122.0,0,2606.0,0,966.0,0,653.0,0,2033.0,0,1411.0,0,1799.0,0,996.0,0,282.0,3,152.0,1,3498.0,0,1473.0,0,13.0,2,1750.0,0,,0,,0,,0,,0,,0
98,Vizzit,612.0,38.0,16.11,Appartement,2 pièce - 38 m² - s,69007,Lyon,45.74588,4.8445,https://www.vizzit.fr/fr/property/appartement/lyon-7/Acmdnidq8482y0l9,,,Guillotière / Jean Macé,T2,1760.0,0,746.0,0,2787.0,0,1450.0,0,1950.0,0,1294.0,0,1063.0,0,1899.0,0,651.0,0,127.0,3,1645.0,0,3625.0,0,1439.0,0,462.0,1,1290.0,0,,0,,0,,0,,0,,0
99,Vizzit,535.0,26.0,20.58,Appartement,1 pièce - 26 m²,69007,Lyon,45.74591,4.85369,https://www.vizzit.fr/fr/property/appartement/lyon-7/A4unovbbafe2oxod,,,Guillotière / Jean Macé,Studio/T1,1547.0,0,724.0,0,3140.0,0,2071.0,0,2495.0,0,1353.0,0,1308.0,0,2333.0,0,436.0,3,218.0,1,2356.0,0,3897.0,0,1863.0,0,517.0,0,1660.0,0,,0,,0,,0,,0,,0
100,Vizzit,692.0,39.0,17.74,Appartement,2 pièce - 39 m² - s,69003,Lyon,45.74591,4.88108,https://www.vizzit.fr/fr/property/appartement/lyon-3/Asugkg198w8zmgi2,,,Montchat,T2,2522.0,0,1168.0,0,4710.0,0,3206.0,0,3203.0,0,1202.0,0,1386.0,0,4120.0,0,322.0,4,209.0,1,4479.0,0,5235.0,0,1859.0,0,614.0,0,3467.0,0,,0,,0,,0,,0,,0
101,Vizzit,860.0,41.0,20.98,Appartement,2 pièce - 41 m² - s,69007,Lyon,45.74592,4.85799,https://www.vizzit.fr/fr/property/appartement/lyon-7/Ava1qira8y3y3pqr,,,Guillotière / Jean Macé,T2,1554.0,0,453.0,1,3346.0,0,2244.0,0,2623.0,0,1502.0,0,1070.0,0,2579.0,0,561.0,0,548.0,0,2689.0,0,4062.0,0,1693.0,0,471.0,2,1901.0,0,,0,,0,,0,,0,,0
102,Vizzit,810.0,50.0,16.2,Appartement,2 pièce - 50 m² - s,69007,Lyon,45.74608,4.83877,https://www.vizzit.fr/fr/property/appartement/lyon-7/A027ngjwmanykfat,,,Guillotière / Jean Macé,T2,1915.0,0,652.0,0,2618.0,0,1101.0,0,1544.0,0,1425.0,0,930.0,0,1702.0,0,452.0,1,382.0,2,1200.0,0,3494.0,0,1270.0,0,132.0,2,1248.0,0,,0,,0,,0,,0,,0
103,Vizzit,600.0,18.0,33.33,Studio,18 m² - Studio,69007,Lyon,45.74645,4.84779,https://www.vizzit.fr/fr/property/appartement/lyon-7/Aajetdy16hoi001s,,,Guillotière / Jean Macé,Studio/T1,1594.0,0,845.0,0,2844.0,0,1633.0,0,2212.0,0,1208.0,0,1266.0,0,1986.0,0,525.0,0,121.0,4,1895.0,0,3651.0,0,1642.0,0,412.0,3,1447.0,0,,0,,0,,0,,0,,0
104,Vizzit,630.0,22.0,28.64,Studio,22 m² - Studio,69003,Lyon,45.74653,4.87504,https://www.vizzit.fr/fr/property/appartement/lyon-3/Ajycbabzsbtlybjc,,,Montchat,Studio/T1,2122.0,0,823.0,0,4283.0,0,2889.0,0,2916.0,0,1534.0,0,995.0,0,3665.0,0,356.0,4,463.0,2,4008.0,0,4844.0,0,1574.0,0,372.0,1,3062.0,0,,0,,0,,0,,0,,0
105,Vizzit,655.0,17.0,38.53,Studio,17 m² - Studio,69007,Lyon,45.74669,4.84305,https://www.vizzit.fr/fr/property/appartement/lyon-7/Ahgwpc300ppnq2vl,,,Guillotière / Jean Macé,Studio/T1,1740.0,0,618.0,0,2661.0,0,1306.0,0,1876.0,0,1233.0,0,1089.0,0,1766.0,0,679.0,0,112.0,4,1526.0,0,3506.0,0,1458.0,0,419.0,3,1347.0,0,,0,,0,,0,,0,,0
106,Vizzit,832.0,40.0,20.8,Appartement,2 pièce - 40 m² - s,69008,Lyon,45.74674,4.86258,https://www.vizzit.fr/fr/property/appartement/lyon-8/A3t7d62l46e53uth,,,Monplaisir / Bachut,T2,1554.0,0,244.0,1,3523.0,0,2359.0,0,2628.0,0,1653.0,0,803.0,0,2811.0,0,833.0,0,617.0,0,3041.0,0,4188.0,0,1484.0,0,155.0,3,2238.0,0,,0,,0,,0,,0,,0
107,Vizzit,518.0,13.0,39.85,Appartement,1 pièce - 13 m²,69007,Lyon,45.74675,4.84718,https://www.vizzit.fr/fr/property/appartement/lyon-7/Aq99xyre5zdlli0b,,,Guillotière / Jean Macé,Studio/T1,1581.0,0,788.0,0,2792.0,0,1575.0,0,2178.0,0,1175.0,0,1262.0,0,1931.0,0,578.0,0,111.0,4,1847.0,0,3603.0,0,1639.0,0,370.0,3,1456.0,0,,0,,0,,0,,0,,0
108,Vizzit,907.0,45.0,20.16,Appartement,2 pièce - 45 m² - s,69002,Lyon,45.74678,4.82072,https://www.vizzit.fr/fr/property/appartement/lyon-2/Are9qxxqgs09ua7m,,,Confluence,T2,2064.0,0,1052.0,0,2555.0,0,997.0,0,678.0,0,2067.0,0,1624.0,0,1797.0,0,1148.0,0,227.0,3,214.0,1,3436.0,0,1669.0,0,223.0,2,1958.0,0,,0,,0,,0,,0,,0
109,Vizzit,595.0,18.0,33.06,Studio,18 m² - Studio,69007,Lyon,45.74682,4.83366,https://www.vizzit.fr/fr/property/appartement/lyon-7/A1789mgy9wtmc1gz,,,Guillotière / Jean Macé,Studio/T1,1793.0,0,754.0,0,2463.0,0,812.0,0,1242.0,0,1591.0,0,1041.0,0,1550.0,0,291.0,1,298.0,1,798.0,0,3359.0,0,1303.0,0,303.0,2,1399.0,0,,0,,0,,0,,0,,0
110,Vizzit,980.0,56.0,17.5,Appartement,3 pièce - 56 m² - s,69007,Lyon,45.74684,4.84691,https://www.vizzit.fr/fr/property/appartement/lyon-7/Alyta2hrgeap243f,,,Guillotière / Jean Macé,T3,1581.0,0,766.0,0,2773.0,0,1552.0,0,2162.0,0,1166.0,0,1257.0,0,1911.0,0,598.0,0,112.0,4,1825.0,0,3586.0,0,1634.0,0,354.0,3,1457.0,0,,0,,0,,0,,0,,0
111,Vizzit,850.0,53.0,16.04,Appartement,2 pièce - 53 m² - s,69003,Lyon,45.74684,4.88484,https://www.vizzit.fr/fr/property/appartement/lyon-3/Aezijx3ya6wiy5m4,,,Montchat,T2,2702.0,0,1340.0,0,4905.0,0,3312.0,0,3285.0,0,931.0,0,1579.0,0,4351.0,0,606.0,0,214.0,1,4712.0,0,5393.0,0,1963.0,0,398.0,1,3777.0,0,,0,,0,,0,,0,,0
112,Vizzit,681.0,35.0,19.46,Appartement,2 pièce - 35 m² - s,69007,Lyon,45.74715,4.84382,https://www.vizzit.fr/fr/property/appartement/lyon-7/Ajls3g2wuztndaz8,,,Guillotière / Jean Macé,T2,1665.0,0,596.0,0,2637.0,0,1327.0,0,1951.0,0,1168.0,0,1161.0,0,1750.0,0,688.0,0,81.0,5,1585.0,0,3474.0,0,1532.0,0,346.0,4,1410.0,0,,0,,0,,0,,0,,0
113,Vizzit,950.0,68.0,13.97,Appartement,3 pièce - 68 m² - s,69007,Lyon,45.74726,4.83903,https://www.vizzit.fr/fr/property/appartement/lyon-7/Aesu9rrk9tjomqls,,,Guillotière / Jean Macé,T3,1791.0,0,519.0,0,2498.0,0,1022.0,0,1621.0,0,1301.0,0,1063.0,0,1583.0,0,376.0,1,275.0,2,1213.0,0,3369.0,0,1402.0,0,120.0,2,1378.0,0,,0,,0,,0,,0,,0
114,Vizzit,495.0,24.0,20.62,Studio,24 m² - Studio,69007,Lyon,45.7474,4.84092,https://www.vizzit.fr/fr/property/appartement/lyon-7/A44ql35036quex2l,,,Guillotière / Jean Macé,Studio/T1,1774.0,0,500.0,1,2528.0,0,1126.0,0,1758.0,0,1218.0,0,1107.0,0,1623.0,0,496.0,1,174.0,4,1360.0,0,3386.0,0,1462.0,0,251.0,3,1399.0,0,,0,,0,,0,,0,,0
115,Vizzit,483.0,28.0,17.25,Appartement,1 pièce - 28 m²,69003,Lyon,45.74749,4.88728,https://www.vizzit.fr/fr/property/appartement/lyon-3/A7fo14yu2o9bun10,,,Montchat,Studio/T1,2829.0,0,1474.0,0,5036.0,0,3391.0,0,3349.0,0,766.0,0,1721.0,0,4505.0,0,745.0,0,387.0,1,4844.0,0,5499.0,0,2049.0,0,299.0,1,3979.0,0,,0,,0,,0,,0,,0
116,Vizzit,920.0,32.0,28.75,Appartement,2 pièce - 32 m² - s,69007,Lyon,45.7475,4.85826,https://www.vizzit.fr/fr/property/appartement/lyon-7/Aflqxxd0t496e81e,,,Guillotière / Jean Macé,T2,1383.0,0,328.0,1,3228.0,0,2102.0,0,2477.0,0,1369.0,0,926.0,0,2487.0,0,718.0,0,581.0,0,2706.0,0,3926.0,0,1527.0,0,493.0,2,2034.0,0,,0,,0,,0,,0,,0
117,Vizzit,990.0,28.0,35.36,Appartement,2 pièce - 28 m² - s,69007,Lyon,45.74751,4.84201,https://www.vizzit.fr/fr/property/appartement/lyon-7/A0k5vpi9sgg30r0n,,,Guillotière / Jean Macé,T2,1712.0,0,505.0,0,2546.0,0,1188.0,0,1840.0,0,1173.0,0,1144.0,0,1648.0,0,570.0,0,89.0,5,1445.0,0,3396.0,0,1505.0,0,323.0,3,1422.0,0,,0,,0,,0,,0,,0
118,Vizzit,865.0,46.0,18.8,Appartement,2 pièce - 46 m² - s,69007,Lyon,45.74752,4.83425,https://www.vizzit.fr/fr/property/appartement/lyon-7/Adk1xzh5junsv16r,,,Guillotière / Jean Macé,T2,1716.0,0,666.0,0,2391.0,0,764.0,0,1325.0,0,1503.0,0,1106.0,0,1476.0,0,202.0,1,388.0,3,843.0,0,3286.0,0,1380.0,0,266.0,2,1461.0,0,,0,,0,,0,,0,,0
119,Vizzit,1045.0,66.0,15.83,Appartement,3 pièce - 66 m² - s,69007,Lyon,45.74759,4.85702,https://www.vizzit.fr/fr/property/appartement/lyon-7/Apy3tx1vtaghqf8r,,,Guillotière / Jean Macé,T3,1361.0,0,412.0,1,3156.0,0,2045.0,0,2423.0,0,1305.0,0,990.0,0,2404.0,0,683.0,0,490.0,1,2610.0,0,3865.0,0,1566.0,0,556.0,0,1973.0,0,,0,,0,,0,,0,,0
120,Vizzit,1400.0,25.0,56.0,Studio,25 m² - Studio,69002,Lyon,45.74768,4.82494,https://www.vizzit.fr/fr/property/appartement/lyon-2/Ajd4mbwtprrdxoq6,,,Confluence,Studio/T1,1831.0,0,922.0,0,2384.0,0,725.0,0,887.0,0,1791.0,0,1455.0,0,1562.0,0,807.0,0,460.0,1,129.0,1,3281.0,0,1574.0,0,85.0,2,1809.0,0,,0,,0,,0,,0,,0
121,Vizzit,1390.0,75.0,18.53,Appartement,3 pièce - 75 m² - s,69003,Lyon,45.7477,4.87776,https://www.vizzit.fr/fr/property/appartement/lyon-3/Axncbquj9h3r7alc,,,Montchat,T3,2196.0,0,845.0,0,4385.0,0,2894.0,0,2899.0,0,1286.0,0,1060.0,0,3805.0,0,450.0,4,352.0,1,4190.0,0,4910.0,0,1552.0,0,569.0,0,3308.0,0,,0,,0,,0,,0,,0
122,Vizzit,650.0,36.0,18.06,Studio,36 m² - Studio,69007,Lyon,45.74771,4.84919,https://www.vizzit.fr/fr/property/appartement/lyon-7/Asejir4qc9q3ow5x,,,Guillotière / Jean Macé,Studio/T1,1424.0,0,840.0,0,2779.0,0,1671.0,0,2207.0,0,1075.0,0,1443.0,0,1947.0,0,613.0,0,203.0,4,2002.0,0,3564.0,0,1819.0,0,292.0,3,1621.0,0,,0,,0,,0,,0,,0
123,Vizzit,800.0,38.0,21.05,Appartement,2 pièce - 38 m² - s,69003,Lyon,45.74776,4.8812,https://www.vizzit.fr/fr/property/appartement/lyon-3/Ayobmiv4caau69st,,,Montchat,T2,2409.0,0,1047.0,0,4609.0,0,3050.0,0,3036.0,0,1060.0,0,1282.0,0,4051.0,0,504.0,0,87.0,1,4416.0,0,5109.0,0,1700.0,0,509.0,0,3554.0,0,,0,,0,,0,,0,,0
124,Vizzit,568.0,16.0,35.5,Studio,16 m² - Studio,69007,Lyon,45.74777,4.84317,https://www.vizzit.fr/fr/property/appartement/lyon-7/At3kymipm4ip99y1,,,Guillotière / Jean Macé,Studio/T1,1636.0,0,512.0,0,2554.0,0,1249.0,0,1933.0,0,1116.0,0,1203.0,0,1665.0,0,631.0,0,9.0,5,1536.0,0,3393.0,0,1570.0,0,316.0,4,1466.0,0,,0,,0,,0,,0,,0
125,Vizzit,957.0,50.0,19.14,Appartement,2 pièce - 50 m² - s,69007,Lyon,45.7479,4.83765,https://www.vizzit.fr/fr/property/appartement/lyon-7/Aqw5457veepn7kbn,,,Guillotière / Jean Macé,T2,1700.0,0,482.0,1,2401.0,0,895.0,0,1566.0,0,1301.0,0,1125.0,0,1483.0,0,247.0,1,227.0,2,1109.0,0,3279.0,0,1447.0,0,77.0,2,1455.0,0,,0,,0,,0,,0,,0
126,Vizzit,685.0,29.0,23.62,Appartement,2 pièce - 29 m² - s,69002,Lyon,45.74795,4.82808,https://www.vizzit.fr/fr/property/appartement/lyon-2/A79py5fqjw537c8e,,,Confluence,T2,1726.0,0,942.0,0,2326.0,0,619.0,0,1028.0,0,1642.0,0,1334.0,0,1460.0,0,563.0,0,291.0,3,372.0,1,3229.0,0,1506.0,0,283.0,2,1695.0,0,,0,,0,,0,,0,,0
127,Vizzit,650.0,20.0,32.5,Studio,20 m² - Studio,69002,Lyon,45.74805,4.82568,https://www.vizzit.fr/fr/property/appartement/lyon-2/Awf17k6bbmynitcl,,,Confluence,Studio/T1,1772.0,0,887.0,0,2334.0,0,663.0,0,947.0,0,1725.0,0,1450.0,0,1503.0,0,742.0,0,389.0,2,199.0,1,3233.0,0,1585.0,0,144.0,2,1807.0,0,,0,,0,,0,,0,,0
128,Vizzit,1100.0,66.0,16.67,Appartement,2 pièce - 66 m² - s,69007,Lyon,45.74841,4.84007,https://www.vizzit.fr/fr/property/appartement/lyon-7/Afjp3q2lu55t27nj,,,Guillotière / Jean Macé,T2,1688.0,0,384.0,1,2400.0,0,1007.0,0,1755.0,0,1150.0,0,1202.0,0,1493.0,0,397.0,1,171.0,3,1300.0,0,3261.0,0,1547.0,0,153.0,3,1507.0,0,,0,,0,,0,,0,,0
129,Vizzit,1000.0,56.0,17.86,Appartement,3 pièce - 56 m² - s,69007,Lyon,45.74853,4.84171,https://www.vizzit.fr/fr/property/appartement/lyon-7/Aosb99iwx0kqlrow,,,Guillotière / Jean Macé,T3,1638.0,0,390.0,1,2432.0,0,1108.0,0,1872.0,0,1078.0,0,1245.0,0,1537.0,0,519.0,0,144.0,5,1428.0,0,3280.0,0,1601.0,0,280.0,3,1531.0,0,,0,,0,,0,,0,,0
130,Vizzit,950.0,50.0,19.0,Appartement,2 pièce - 50 m² - s,69007,Lyon,45.74866,4.83503,https://www.vizzit.fr/fr/property/appartement/lyon-7/Ab2u2jf0q0hosa0c,,,Guillotière / Jean Macé,T2,1592.0,0,534.0,0,2276.0,0,694.0,0,1452.0,0,1370.0,0,1221.0,0,1357.0,0,64.0,1,326.0,2,917.0,0,3166.0,0,1508.0,0,239.0,2,1569.0,0,,0,,0,,0,,0,,0
131,Vizzit,495.0,18.0,27.5,Studio,18 m² - Studio,69007,Lyon,45.74866,4.85868,https://www.vizzit.fr/fr/property/appartement/lyon-7/A3znsajyppbz3ccl,,,Guillotière / Jean Macé,Studio/T1,1263.0,0,258.0,1,3157.0,0,2010.0,0,2372.0,0,1291.0,0,815.0,0,2440.0,0,846.0,0,559.0,0,2743.0,0,3837.0,0,1398.0,0,525.0,0,2148.0,0,,0,,0,,0,,0,,0
132,Vizzit,620.0,36.0,17.22,Appartement,2 pièce - 36 m² - s,69007,Lyon,45.74871,4.83507,https://www.vizzit.fr/fr/property/appartement/lyon-7/Ate7ta7o84h1mkng,,,Guillotière / Jean Macé,T2,1586.0,0,528.0,0,2271.0,0,692.0,0,1458.0,0,1364.0,0,1226.0,0,1352.0,0,58.0,1,322.0,2,921.0,0,3161.0,0,1514.0,0,236.0,2,1574.0,0,,0,,0,,0,,0,,0
133,Vizzit,626.0,25.0,25.04,Studio,25 m² - Studio,69007,Lyon,45.74872,4.84808,https://www.vizzit.fr/fr/property/appartement/lyon-7/Axgnnnkpiafapzro,,,Guillotière / Jean Macé,Studio/T1,1353.0,0,707.0,0,2638.0,0,1550.0,0,2077.0,0,956.0,0,1480.0,0,1806.0,0,552.0,0,340.0,6,1923.0,0,3427.0,0,1856.0,0,161.0,3,1685.0,0,,0,,0,,0,,0,,0
134,Vizzit,560.0,31.0,18.06,Appartement,1 pièce - 31 m²,69002,Lyon,45.74883,4.82557,https://www.vizzit.fr/fr/property/appartement/lyon-2/A5s68mx5wkcaiuaw,,,Confluence,Studio/T1,1694.0,0,800.0,0,2250.0,0,590.0,0,1024.0,0,1658.0,0,1524.0,0,1425.0,0,741.0,0,345.0,3,244.0,1,3148.0,0,1668.0,0,221.0,3,1883.0,0,,0,,0,,0,,0,,0
135,Vizzit,1515.0,80.0,18.94,Appartement,4 pièce - 80 m² - s,69002,Lyon,45.74883,4.82557,https://www.vizzit.fr/fr/property/appartement/lyon-2/Awc93rx0i1cgkxhe,,,Confluence,Grand (T4+),1694.0,0,800.0,0,2250.0,0,590.0,0,1024.0,0,1658.0,0,1524.0,0,1425.0,0,741.0,0,345.0,3,244.0,1,3148.0,0,1668.0,0,221.0,3,1883.0,0,,0,,0,,0,,0,,0
136,Vizzit,800.0,48.0,16.67,Appartement,2 pièce - 48 m² - s,69007,Lyon,45.74884,4.83906,https://www.vizzit.fr/fr/property/appartement/lyon-7/At3vd9oypb4zectq,,,Guillotière / Jean Macé,T2,1621.0,0,347.0,1,2330.0,0,915.0,0,1714.0,0,1152.0,0,1237.0,0,1419.0,0,311.0,1,100.0,2,1229.0,0,3197.0,0,1572.0,0,83.0,3,1554.0,0,,0,,0,,0,,0,,0
137,Vizzit,700.0,21.0,33.33,Studio,21 m² - Studio,69007,Lyon,45.74884,4.84895,https://www.vizzit.fr/fr/property/appartement/lyon-7/Az1nmw2o0ly5ykvo,,,Guillotière / Jean Macé,Studio/T1,1314.0,0,761.0,0,2663.0,0,1609.0,0,2080.0,0,948.0,0,1469.0,0,1843.0,0,571.0,0,316.0,6,1991.0,0,3442.0,0,1871.0,0,170.0,4,1725.0,0,,0,,0,,0,,0,,0
138,Vizzit,775.0,60.0,12.92,Appartement,2 pièce - 60 m² - s,69002,Lyon,45.74889,4.82554,https://www.vizzit.fr/fr/property/appartement/lyon-2/Axnno2cyggab1i4k,,,Confluence,T2,1689.0,0,793.0,0,2244.0,0,585.0,0,1029.0,0,1654.0,0,1531.0,0,1420.0,0,743.0,0,344.0,3,248.0,1,3141.0,0,1675.0,0,227.0,3,1890.0,0,,0,,0,,0,,0,,0
139,Vizzit,1398.0,124.0,11.27,Appartement,4 pièce - 124 m² - s,69002,Lyon,45.74889,4.82554,https://www.vizzit.fr/fr/property/appartement/lyon-2/Awzx9ypjurhvftjw,,,Confluence,Grand (T4+),1689.0,0,793.0,0,2244.0,0,585.0,0,1029.0,0,1654.0,0,1531.0,0,1420.0,0,743.0,0,344.0,3,248.0,1,3141.0,0,1675.0,0,227.0,3,1890.0,0,,0,,0,,0,,0,,0
140,Vizzit,605.0,21.0,28.81,Appartement,1 pièce - 21 m²,69003,Lyon,45.74893,4.88295,https://www.vizzit.fr/fr/property/appartement/lyon-3/Ausuku6mopexeahj,,,Montchat,Studio/T1,2457.0,0,1102.0,0,4664.0,0,3042.0,0,3012.0,0,873.0,0,1350.0,0,4135.0,0,682.0,0,157.0,1,4472.0,0,5134.0,0,1694.0,0,327.0,1,3731.0,0,,0,,0,,0,,0,,0
141,Vizzit,1100.0,46.0,23.91,Appartement,2 pièce - 46 m² - s,69003,Lyon,45.74904,4.86209,https://www.vizzit.fr/fr/property/appartement/lyon-3/A4su5216knod8z3w,,,Part-Dieu / Villette,T2,1303.0,0,18.0,1,3321.0,0,2135.0,0,2369.0,0,1453.0,0,600.0,0,2644.0,0,1025.0,0,481.0,1,3009.0,0,3962.0,0,1251.0,0,383.0,2,2369.0,0,,0,,0,,0,,0,,0
142,Vizzit,660.0,35.0,18.86,Studio,35 m² - Studio,69007,Lyon,45.74923,4.83947,https://www.vizzit.fr/fr/property/appartement/lyon-7/Atvt9ca0e31gyuuk,,,Guillotière / Jean Macé,Studio/T1,1588.0,0,298.0,1,2299.0,0,919.0,0,1744.0,0,1098.0,0,1284.0,0,1391.0,0,339.0,1,69.0,3,1267.0,0,3162.0,0,1622.0,0,133.0,4,1597.0,0,,0,,0,,0,,0,,0
143,Vizzit,900.0,40.0,22.5,Appartement,3 pièce - 40 m² - s,69003,Lyon,45.74923,4.8768,https://www.vizzit.fr/fr/property/appartement/lyon-3/Ac68fimq4qthq0j3,,,Montchat,T3,2035.0,0,675.0,0,4233.0,0,2712.0,0,2714.0,0,1279.0,0,904.0,0,3674.0,0,618.0,0,464.0,1,4038.0,0,4742.0,0,1368.0,0,697.0,0,3320.0,0,,0,,0,,0,,0,,0
144,Vizzit,725.0,21.0,34.52,Studio,21 m² - Studio,69007,Lyon,45.74939,4.85828,https://www.vizzit.fr/fr/property/appartement/lyon-7/A2t76los6tq3k4qr,,,Guillotière / Jean Macé,Studio/T1,1177.0,0,293.0,1,3078.0,0,1925.0,0,2285.0,0,1210.0,0,791.0,0,2370.0,0,905.0,0,499.0,1,2717.0,0,3753.0,0,1344.0,0,487.0,1,2186.0,0,,0,,0,,0,,0,,0
145,Vizzit,1476.0,106.0,13.92,Appartement,5 pièce - 106 m² - s,69007,Lyon,45.7494,4.84618,https://www.vizzit.fr/fr/property/appartement/lyon-7/A1peougvmn1i0y4a,,,Guillotière / Jean Macé,Grand (T4+),1356.0,0,542.0,0,2497.0,0,1386.0,0,1935.0,0,887.0,0,1467.0,0,1652.0,0,436.0,1,271.0,4,1784.0,0,3300.0,0,1840.0,0,66.0,3,1702.0,0,,0,,0,,0,,0,,0
146,Vizzit,1020.0,50.0,20.4,Appartement,3 pièce - 50 m² - s,69003,Lyon,45.74946,4.86825,https://www.vizzit.fr/fr/property/appartement/lyon-3/Ax8ov21puyz8azjn,,,Part-Dieu / Villette,T3,1522.0,0,423.0,2,3665.0,0,2359.0,0,2420.0,0,1825.0,0,448.0,1,3050.0,0,942.0,0,567.0,0,3467.0,0,4241.0,0,1135.0,0,502.0,0,2771.0,0,,0,,0,,0,,0,,0
147,Vizzit,570.0,30.0,19.0,Studio,30 m² - Studio,69007,Lyon,45.7495,4.8424,https://www.vizzit.fr/fr/property/appartement/lyon-7/Aady33txqwpv1gzu,,,Guillotière / Jean Macé,Studio/T1,1522.0,0,315.0,1,2353.0,0,1108.0,0,1791.0,0,958.0,0,1363.0,0,1470.0,0,472.0,1,209.0,3,1496.0,0,3192.0,0,1721.0,0,269.0,5,1645.0,0,,0,,0,,0,,0,,0
148,Vizzit,967.0,48.0,20.15,Appartement,2 pièce - 48 m² - s,69007,Lyon,45.74951,4.8561,https://www.vizzit.fr/fr/property/appartement/lyon-7/Azhpoxt7nuwj6bgg,,,Guillotière / Jean Macé,T2,1143.0,0,462.0,1,2950.0,0,1824.0,0,2201.0,0,1090.0,0,930.0,0,2222.0,0,863.0,0,368.0,2,2550.0,0,3647.0,0,1430.0,0,345.0,2,2086.0,0,,0,,0,,0,,0,,0
149,Vizzit,1395.0,75.0,18.6,Appartement,3 pièce - 75 m² - s,69007,Lyon,45.74952,4.84281,https://www.vizzit.fr/fr/property/appartement/lyon-7/Ahh1sm0uzi0bo3nm,,,Guillotière / Jean Macé,T3,1499.0,0,332.0,1,2365.0,0,1136.0,0,1802.0,0,943.0,0,1375.0,0,1485.0,0,456.0,1,205.0,4,1528.0,0,3199.0,0,1735.0,0,237.0,6,1652.0,0,,0,,0,,0,,0,,0
150,Vizzit,898.0,38.0,23.63,Appartement,2 pièce - 38 m² - s,69007,Lyon,45.74952,4.84683,https://www.vizzit.fr/fr/property/appartement/lyon-7/Ax2tioxss9fb96w4,,,Guillotière / Jean Macé,T2,1318.0,0,580.0,0,2511.0,0,1429.0,0,1950.0,0,869.0,0,1503.0,0,1675.0,0,434.0,1,288.0,7,1836.0,0,3307.0,0,1877.0,0,92.0,3,1731.0,0,,0,,0,,0,,0,,0
151,Vizzit,1050.0,61.0,17.21,Appartement,3 pièce - 61 m² - s,69007,Lyon,45.74952,4.85113,https://www.vizzit.fr/fr/property/appartement/lyon-7/A4ybeun9itexufiu,,,Guillotière / Jean Macé,T3,1187.0,0,738.0,0,2700.0,0,1664.0,0,2051.0,0,909.0,0,1285.0,0,1914.0,0,619.0,0,261.0,3,2167.0,0,3450.0,0,1694.0,0,236.0,5,1870.0,0,,0,,0,,0,,0,,0
152,Vizzit,1141.0,75.0,15.21,Appartement,4 pièce - 75 m² - s,69003,Lyon,45.74969,4.86824,https://www.vizzit.fr/fr/property/appartement/lyon-3/Aoiu338sqs1yck9l,,,Part-Dieu / Villette,Grand (T4+),1502.0,0,399.0,2,3649.0,0,2335.0,0,2395.0,0,1812.0,0,423.0,1,3039.0,0,961.0,0,592.0,0,3452.0,0,4222.0,0,1109.0,0,522.0,0,2786.0,0,,0,,0,,0,,0,,0
153,Vizzit,720.0,28.0,25.71,Studio,28 m² - Studio,69007,Lyon,45.74981,4.84612,https://www.vizzit.fr/fr/property/appartement/lyon-7/Aoit1m9oxvtzwn8b,,,Guillotière / Jean Macé,Studio/T1,1320.0,0,516.0,0,2455.0,0,1367.0,0,1893.0,0,842.0,0,1505.0,0,1614.0,0,390.0,1,229.0,5,1786.0,0,3256.0,0,1877.0,0,28.0,3,1744.0,0,,0,,0,,0,,0,,0
154,Vizzit,728.0,34.0,21.41,Appartement,1 pièce - 34 m²,69007,Lyon,45.75004,4.84169,https://www.vizzit.fr/fr/property/appartement/lyon-7/A2uxd14a1nsa8qno,,,Guillotière / Jean Macé,Studio/T1,1515.0,0,235.0,1,2276.0,0,1034.0,0,1715.0,0,930.0,0,1406.0,0,1390.0,0,451.0,1,216.0,3,1453.0,0,3118.0,0,1758.0,0,320.0,5,1697.0,0,,0,,0,,0,,0,,0
155,Vizzit,530.0,20.0,26.5,Studio,20 m² - Studio,69003,Lyon,45.75012,4.86496,https://www.vizzit.fr/fr/property/appartement/lyon-3/A4gpm2sy214hjan5,,,Part-Dieu / Villette,Studio/T1,1307.0,0,268.0,1,3416.0,0,2200.0,0,2285.0,0,1567.0,0,385.0,1,2788.0,0,1185.0,0,455.0,1,3218.0,0,4014.0,0,1077.0,0,469.0,1,2616.0,0,,0,,0,,0,,0,,0
156,Vizzit,1475.0,69.0,21.38,Appartement,3 pièce - 69 m² - s,69003,Lyon,45.75015,4.88565,https://www.vizzit.fr/fr/property/appartement/lyon-3/Aevxlu3cexaqxc0b,,,Montchat,T3,2583.0,0,1253.0,0,4789.0,0,3095.0,0,3045.0,0,624.0,0,1509.0,0,4295.0,0,912.0,0,386.0,2,4600.0,0,5224.0,0,1765.0,0,88.0,2,3978.0,0,,0,,0,,0,,0,,0
157,Vizzit,795.0,29.0,27.41,Appartement,1 pièce - 29 m²,69003,Lyon,45.75025,4.88223,https://www.vizzit.fr/fr/property/appartement/lyon-3/A2ng11x7ga4iekl7,,,Montchat,Studio/T1,2339.0,0,996.0,0,4546.0,0,2897.0,0,2862.0,0,847.0,0,1250.0,0,4037.0,0,791.0,0,296.0,1,4356.0,0,5001.0,0,1553.0,0,354.0,1,3745.0,0,,0,,0,,0,,0,,0
158,Vizzit,1480.0,69.0,21.45,Appartement,3 pièce - 69 m² - s,69003,Lyon,45.75031,4.86676,https://www.vizzit.fr/fr/property/appartement/lyon-3/Atm66etxwq6e7f47,,,Part-Dieu / Villette,T3,1375.0,0,397.0,2,3516.0,0,2228.0,0,2297.0,0,1678.0,0,338.0,1,2906.0,0,1091.0,0,538.0,0,3318.0,0,4093.0,0,1040.0,0,492.0,1,2737.0,0,,0,,0,,0,,0,,0
159,Vizzit,1155.0,73.0,15.82,Appartement,4 pièce - 73 m² - s,69003,Lyon,45.75034,4.88532,https://www.vizzit.fr/fr/property/appartement/lyon-3/A1zm70asbv3t0458,,,Montchat,Grand (T4+),2550.0,0,1223.0,0,4757.0,0,3062.0,0,3012.0,0,633.0,0,1479.0,0,4265.0,0,914.0,0,385.0,2,4568.0,0,5191.0,0,1731.0,0,116.0,2,3964.0,0,,0,,0,,0,,0,,0
160,Vizzit,1060.0,56.0,18.93,Appartement,2 pièce - 56 m² - s,69007,Lyon,45.75037,4.84967,https://www.vizzit.fr/fr/property/appartement/lyon-7/A5mtqd5icc8i9a3i,,,Guillotière / Jean Macé,T2,1135.0,0,644.0,0,2556.0,0,1541.0,0,1929.0,0,789.0,0,1366.0,0,1767.0,0,472.0,1,263.0,5,2068.0,0,3314.0,0,1722.0,0,89.0,5,1903.0,0,,0,,0,,0,,0,,0
161,Vizzit,940.0,29.0,32.41,Appartement,1 pièce - 29 m²,69002,Lyon,45.75047,4.82868,https://www.vizzit.fr/fr/property/appartement/lyon-2/A9rr6e8kgahegq56,,,Ainay,Studio/T1,1443.0,0,707.0,0,2044.0,0,335.0,1,1292.0,0,1374.0,0,1558.0,0,1177.0,0,517.0,0,57.0,6,545.0,0,2946.0,0,1762.0,0,247.0,5,1921.0,0,,0,,0,,0,,0,,0
162,Vizzit,653.0,48.0,13.6,Appartement,2 pièce - 48 m² - s,69003,Lyon,45.75074,4.87474,https://www.vizzit.fr/fr/property/appartement/lyon-3/Are6c8u777v93e9j,,,Part-Dieu / Villette,T2,1809.0,0,446.0,1,4010.0,0,2482.0,0,2489.0,0,1381.0,0,685.0,0,3467.0,0,807.0,0,683.0,0,3816.0,0,4512.0,0,1142.0,0,733.0,0,3268.0,0,,0,,0,,0,,0,,0
163,Vizzit,980.0,35.0,28.0,Appartement,3 pièce - 35 m² - s,69003,Lyon,45.75076,4.87597,https://www.vizzit.fr/fr/property/appartement/lyon-3/Az4uaziv6rhoq2z3,,,Montchat,T3,1887.0,0,526.0,0,4091.0,0,2537.0,0,2535.0,0,1288.0,0,771.0,0,3557.0,0,793.0,0,605.0,0,3899.0,0,4583.0,0,1190.0,0,810.0,0,3350.0,0,,0,,0,,0,,0,,0
164,Vizzit,485.0,18.0,26.94,Studio,18 m² - Studio,69007,Lyon,45.75082,4.85558,https://www.vizzit.fr/fr/property/appartement/lyon-7/A7q8ox6sr05k8m0h,,,Guillotière / Jean Macé,Studio/T1,996.0,0,541.0,0,2817.0,0,1678.0,0,2053.0,0,951.0,0,911.0,0,2109.0,0,849.0,0,257.0,2,2529.0,0,3503.0,0,1345.0,0,227.0,2,2178.0,0,,0,,0,,0,,0,,0
165,Vizzit,883.0,50.0,17.66,Appartement,2 pièce - 50 m² - s,69002,Lyon,45.75089,4.83036,https://www.vizzit.fr/fr/property/appartement/lyon-2/Apu8lcrw3hq216zq,,,Ainay,T2,1367.0,0,745.0,0,1994.0,0,297.0,1,1399.0,0,1271.0,0,1551.0,0,1105.0,0,411.0,1,92.0,6,676.0,0,2897.0,0,1781.0,0,243.0,4,1912.0,0,,0,,0,,0,,0,,0
166,Vizzit,715.0,32.0,22.34,Appartement,1 pièce - 32 m²,69002,Lyon,45.75089,4.83036,https://www.vizzit.fr/fr/property/appartement/lyon-2/Aescekqovuau48ue,,,Ainay,Studio/T1,1367.0,0,745.0,0,1994.0,0,297.0,1,1399.0,0,1271.0,0,1551.0,0,1105.0,0,411.0,1,92.0,6,676.0,0,2897.0,0,1781.0,0,243.0,4,1912.0,0,,0,,0,,0,,0,,0
167,Vizzit,504.0,26.0,19.38,Appartement,2 pièce - 26 m² - s,69002,Lyon,45.75089,4.83036,https://www.vizzit.fr/fr/property/appartement/lyon-2/A58disqyxu5o7ujo,,,Ainay,T2,1367.0,0,745.0,0,1994.0,0,297.0,1,1399.0,0,1271.0,0,1551.0,0,1105.0,0,411.0,1,92.0,6,676.0,0,2897.0,0,1781.0,0,243.0,4,1912.0,0,,0,,0,,0,,0,,0
168,Vizzit,1030.0,53.0,19.43,Appartement,2 pièce - 53 m² - s,69002,Lyon,45.75089,4.83036,https://www.vizzit.fr/fr/property/appartement/lyon-2/Afvg531r4c2imwuc,,,Ainay,T2,1367.0,0,745.0,0,1994.0,0,297.0,1,1399.0,0,1271.0,0,1551.0,0,1105.0,0,411.0,1,92.0,6,676.0,0,2897.0,0,1781.0,0,243.0,4,1912.0,0,,0,,0,,0,,0,,0
169,Vizzit,692.0,43.0,16.09,Appartement,3 pièce - 43 m² - s,69002,Lyon,45.75089,4.83036,https://www.vizzit.fr/fr/property/appartement/lyon-2/Axin6to8pdk7aid1,,,Ainay,T3,1367.0,0,745.0,0,1994.0,0,297.0,1,1399.0,0,1271.0,0,1551.0,0,1105.0,0,411.0,1,92.0,6,676.0,0,2897.0,0,1781.0,0,243.0,4,1912.0,0,,0,,0,,0,,0,,0
170,Vizzit,2016.0,193.0,10.45,Appartement,6 pièce - 193 m² - s,69002,Lyon,45.75089,4.83036,https://www.vizzit.fr/fr/property/appartement/lyon-2/A9pmchmeuq9etq6e,,,Ainay,Grand (T4+),1367.0,0,745.0,0,1994.0,0,297.0,1,1399.0,0,1271.0,0,1551.0,0,1105.0,0,411.0,1,92.0,6,676.0,0,2897.0,0,1781.0,0,243.0,4,1912.0,0,,0,,0,,0,,0,,0
171,Vizzit,562.0,15.0,37.47,Studio,15 m² - Studio,69007,Lyon,45.75103,4.8423,https://www.vizzit.fr/fr/property/appartement/lyon-7/A3hkkbpbiecvhb0t,,,Guillotière / Jean Macé,Studio/T1,1404.0,0,191.0,1,2196.0,0,1045.0,0,1633.0,0,811.0,0,1525.0,0,1324.0,0,336.0,1,178.0,3,1526.0,0,3027.0,0,1878.0,0,258.0,4,1812.0,0,,0,,0,,0,,0,,0
172,Vizzit,540.0,21.0,25.71,Appartement,1 pièce - 21 m²,69002,Lyon,45.75113,4.829983,https://www.vizzit.fr/fr/property/appartement/lyon-2/Azlw4ia2i5ag5bji,,,Ainay,Studio/T1,1347.0,0,705.0,0,1968.0,0,264.0,1,1406.0,0,1260.0,0,1586.0,0,1084.0,0,449.0,1,93.0,6,670.0,0,2870.0,0,1812.0,0,205.0,5,1948.0,0,,0,,0,,0,,0,,0
173,Vizzit,745.0,44.0,16.93,Appartement,2 pièce - 44 m² - s,69003,Lyon,45.75121,4.88345,https://www.vizzit.fr/fr/property/appartement/lyon-3/Abg2iyos9cmg3lsc,,,Montchat,T2,2379.0,0,1060.0,0,4584.0,0,2890.0,0,2842.0,0,718.0,0,1317.0,0,4099.0,0,926.0,0,412.0,1,4395.0,0,5016.0,0,1557.0,0,284.0,2,3878.0,0,,0,,0,,0,,0,,0
174,Vizzit,830.0,43.0,19.3,Appartement,2 pièce - 43 m² - s,69003,Lyon,45.75139,4.89031,https://www.vizzit.fr/fr/property/appartement/lyon-3/Ay4uygm5wocglohh,,,Montchat,T2,2868.0,0,1584.0,0,5063.0,0,3287.0,0,3209.0,0,273.0,1,1723.0,0,4611.0,0,1015.0,0,19.0,2,4877.0,0,5451.0,0,1999.0,0,235.0,3,4364.0,0,,0,,0,,0,,0,,0
175,Vizzit,1350.0,62.0,21.77,Appartement,4 pièce - 62 m² - s,69002,Lyon,45.75144,4.82567,https://www.vizzit.fr/fr/property/appartement/lyon-2/Awz14mxp0v59c2o1,,,Ainay,Grand (T4+),1426.0,0,517.0,0,1962.0,0,359.0,1,1296.0,0,1423.0,0,1604.0,0,1158.0,0,604.0,0,181.0,6,499.0,1,2859.0,0,1934.0,0,265.0,4,2125.0,0,,0,,0,,0,,0,,0
176,Vizzit,710.0,37.0,19.19,Appartement,2 pièce - 37 m² - s,69003,Lyon,45.75152,4.89507,https://www.vizzit.fr/fr/property/appartement/lyon-3/Amnofezh4e4dfd29,,,Montchat,T2,3215.0,0,1949.0,0,5400.0,0,3583.0,0,3488.0,0,319.0,1,2039.0,0,4968.0,0,996.0,0,280.0,2,5217.0,0,5763.0,0,2327.0,0,376.0,1,4707.0,0,,0,,0,,0,,0,,0
177,Vizzit,485.0,24.0,20.21,Appartement,1 pièce - 24 m²,69007,Lyon,45.75173,4.83643,https://www.vizzit.fr/fr/property/appartement/lyon-7/Ag47m3peu0q77k0s,,,Guillotière / Jean Macé,Studio/T1,1264.0,0,289.0,1,1965.0,0,586.0,0,1421.0,0,1047.0,0,1552.0,0,1048.0,0,296.0,1,296.0,1,1128.0,0,2843.0,0,1856.0,0,346.0,3,1888.0,0,,0,,0,,0,,0,,0
178,Vizzit,1347.0,59.0,22.83,Appartement,2 pièce - 59 m² - s,69002,Lyon,45.75174,4.82815,https://www.vizzit.fr/fr/property/appartement/lyon-2/A3zghjd755l4co5k,,,Ainay,T2,1321.0,0,565.0,0,1905.0,0,210.0,1,1400.0,0,1278.0,0,1696.0,0,1053.0,0,607.0,0,61.0,6,622.0,0,2808.0,0,1909.0,0,111.0,5,2066.0,0,,0,,0,,0,,0,,0
179,Vizzit,914.0,60.0,15.23,Appartement,3 pièce - 60 m² - s,69003,Lyon,45.75183,4.86895,https://www.vizzit.fr/fr/property/appartement/lyon-3/Ao6rhg8ipkjttwpy,,,Part-Dieu / Villette,T3,1376.0,0,160.0,1,3562.0,0,2144.0,0,2188.0,0,1765.0,0,240.0,1,3003.0,0,1107.0,0,614.0,0,3367.0,0,4095.0,0,878.0,0,349.0,1,2975.0,0,,0,,0,,0,,0,,0
180,Vizzit,714.0,33.0,21.64,Studio,33 m² - Studio,69007,Lyon,45.75186,4.84703,https://www.vizzit.fr/fr/property/appartement/lyon-7/Aslaz6bhsc1yjicq,,,Guillotière / Jean Macé,Studio/T1,1092.0,0,533.0,0,2302.0,0,1335.0,0,1721.0,0,608.0,0,1539.0,0,1503.0,0,210.0,1,201.0,4,1905.0,0,3075.0,0,1804.0,0,175.0,5,1983.0,0,,0,,0,,0,,0,,0
181,Vizzit,1660.0,94.0,17.66,Appartement,3 pièce - 94 m² - s,69002,Lyon,45.75189,4.82758,https://www.vizzit.fr/fr/property/appartement/lyon-2/A5lxn3lr0acwmsjz,,,Ainay,T3,1321.0,0,527.0,0,1893.0,0,219.0,1,1398.0,0,1291.0,0,1655.0,0,1052.0,0,588.0,0,37.0,6,610.0,0,2794.0,0,1937.0,0,118.0,5,2100.0,0,,0,,0,,0,,0,,0
182,Vizzit,724.0,25.0,28.96,Studio,25 m² - Studio,69007,Lyon,45.75227,4.84676,https://www.vizzit.fr/fr/property/appartement/lyon-7/Aulfqsb5o7fzo3pq,,,Guillotière / Jean Macé,Studio/T1,1068.0,0,514.0,0,2252.0,0,1287.0,0,1673.0,0,565.0,0,1556.0,0,1458.0,0,163.0,1,189.0,4,1897.0,0,3025.0,0,1802.0,0,221.0,6,2020.0,0,,0,,0,,0,,0,,0
183,Vizzit,781.0,47.0,16.62,Appartement,2 pièce - 47 m² - s,69007,Lyon,45.75227,4.84676,https://www.vizzit.fr/fr/property/appartement/lyon-7/Apomxwt9vfdeglxk,,,Guillotière / Jean Macé,T2,1068.0,0,514.0,0,2252.0,0,1287.0,0,1673.0,0,565.0,0,1556.0,0,1458.0,0,163.0,1,189.0,4,1897.0,0,3025.0,0,1802.0,0,221.0,6,2020.0,0,,0,,0,,0,,0,,0
184,Vizzit,817.0,73.0,11.19,Appartement,3 pièce - 73 m² - s,69007,Lyon,45.75227,4.84676,https://www.vizzit.fr/fr/property/appartement/lyon-7/An0nzrir593g6z1s,,,Guillotière / Jean Macé,T3,1068.0,0,514.0,0,2252.0,0,1287.0,0,1673.0,0,565.0,0,1556.0,0,1458.0,0,163.0,1,189.0,4,1897.0,0,3025.0,0,1802.0,0,221.0,6,2020.0,0,,0,,0,,0,,0,,0
185,Vizzit,544.0,23.0,23.65,Studio,23 m² - Studio,69007,Lyon,45.75232,4.84314,https://www.vizzit.fr/fr/property/appartement/lyon-7/Aji9tkgvdk1ne267,,,Guillotière / Jean Macé,Studio/T1,1259.0,0,237.0,1,2098.0,0,1082.0,0,1535.0,0,654.0,0,1680.0,0,1252.0,0,192.0,1,137.0,4,1633.0,0,2913.0,0,2035.0,0,217.0,5,1964.0,0,,0,,0,,0,,0,,0
186,Vizzit,895.0,51.0,17.55,Appartement,2 pièce - 51 m² - s,69002,Lyon,45.75234,4.83222,https://www.vizzit.fr/fr/property/appartement/lyon-2/Aflv0flfz92fq4tk,,,Ainay,T2,1186.0,0,618.0,0,1841.0,0,259.0,1,1336.0,0,1063.0,0,1664.0,0,933.0,0,411.0,1,204.0,6,889.0,0,2740.0,0,1923.0,0,69.0,4,2019.0,0,,0,,0,,0,,0,,0
187,Vizzit,795.0,39.0,20.38,Appartement,1 pièce - 39 m²,69007,Lyon,45.75235,4.84044,https://www.vizzit.fr/fr/property/appartement/lyon-7/Ag13hgry80xxhc6c,,,Guillotière / Jean Macé,Studio/T1,1286.0,0,58.0,1,2002.0,0,874.0,0,1440.0,0,783.0,0,1639.0,0,1121.0,0,384.0,1,313.0,2,1439.0,0,2845.0,0,1977.0,0,71.0,4,1946.0,0,,0,,0,,0,,0,,0
188,Vizzit,850.0,29.0,29.31,Appartement,1 pièce - 29 m²,69002,Lyon,45.75241,4.8272,https://www.vizzit.fr/fr/property/appartement/lyon-2/Anvc9cywvnn04q1c,,,Ainay,Studio/T1,1278.0,0,462.0,1,1838.0,0,200.0,1,1409.0,0,1264.0,0,1592.0,0,1009.0,0,523.0,0,47.0,6,646.0,0,2739.0,0,2000.0,0,111.0,5,2165.0,0,,0,,0,,0,,0,,0
189,Vizzit,680.0,44.0,15.45,Appartement,1 pièce - 44 m²,69002,Lyon,45.75241,4.8272,https://www.vizzit.fr/fr/property/appartement/lyon-2/Ah91avo6k1v7flry,,,Ainay,Studio/T1,1278.0,0,462.0,1,1838.0,0,200.0,1,1409.0,0,1264.0,0,1592.0,0,1009.0,0,523.0,0,47.0,6,646.0,0,2739.0,0,2000.0,0,111.0,5,2165.0,0,,0,,0,,0,,0,,0
190,Vizzit,665.0,24.0,27.71,Appartement,2 pièce - 24 m² - s,69003,Lyon,45.75244,4.89118,https://www.vizzit.fr/fr/property/appartement/lyon-3/Aeerl0sekfadeckd,,,Montchat,T2,2897.0,0,1642.0,0,5082.0,0,3275.0,0,3187.0,0,138.0,1,1724.0,0,4652.0,0,1113.0,0,127.0,2,4899.0,0,5450.0,0,2009.0,0,111.0,3,4475.0,0,,0,,0,,0,,0,,0
191,Vizzit,469.0,18.0,26.06,Studio,18 m² - Studio,69007,Lyon,45.75247,4.83915,https://www.vizzit.fr/fr/property/appartement/lyon-7/Atwphl7coyaeykx9,,,Guillotière / Jean Macé,Studio/T1,1237.0,0,103.0,1,1951.0,0,773.0,0,1393.0,0,848.0,0,1640.0,0,1057.0,0,478.0,2,305.0,2,1354.0,0,2806.0,0,1968.0,0,120.0,3,1958.0,0,,0,,0,,0,,0,,0
192,Vizzit,1340.0,85.0,15.76,Appartement,3 pièce - 85 m² - s,69005,Lyon,45.75251,4.79513,https://www.vizzit.fr/fr/property/appartement/lyon-5/Avfk2wvhvbd35aep,,,Point du Jour / St Just,T3,3216.0,0,1784.0,0,3259.0,0,2653.0,0,2242.0,0,3438.0,0,1879.0,0,3033.0,0,430.0,1,1113.0,0,2270.0,0,3280.0,0,3600.0,0,446.0,1,3949.0,0,,0,,0,,0,,0,,0
193,Vizzit,1738.0,68.0,25.56,Appartement,3 pièce - 68 m² - s,69002,Lyon,45.75253,4.82874,https://www.vizzit.fr/fr/property/appartement/lyon-2/Azxdzpp4z82dbopg,,,Ainay,T3,1223.0,0,525.0,0,1815.0,0,111.0,1,1360.0,0,1180.0,0,1662.0,0,955.0,0,563.0,0,86.0,6,720.0,0,2717.0,0,1984.0,0,22.0,5,2128.0,0,,0,,0,,0,,0,,0
194,Vizzit,1470.0,81.0,18.15,Appartement,3 pièce - 81 m² - s,69002,Lyon,45.75261,4.8264,https://www.vizzit.fr/fr/property/appartement/lyon-2/Awp9gh23038mdyj6,,,Ainay,T3,1285.0,0,413.0,1,1825.0,0,243.0,1,1410.0,0,1289.0,0,1535.0,0,1016.0,0,484.0,1,69.0,6,641.0,0,2723.0,0,2039.0,0,169.0,5,2212.0,0,,0,,0,,0,,0,,0
195,Vizzit,920.0,47.0,19.57,Appartement,2 pièce - 47 m² - s,69003,Lyon,45.75265,4.8661,https://www.vizzit.fr/fr/property/appartement/lyon-3/Ab73izkiooc27q70,,,Part-Dieu / Villette,T2,1150.0,0,309.0,1,3327.0,0,1968.0,0,2032.0,0,1526.0,0,93.0,1,2764.0,0,1314.0,0,377.0,1,3131.0,0,3872.0,0,785.0,0,246.0,2,2870.0,0,,0,,0,,0,,0,,0
196,Vizzit,950.0,56.0,16.96,Appartement,2 pièce - 56 m² - s,69002,Lyon,45.75266,4.83281,https://www.vizzit.fr/fr/property/appartement/lyon-2/A1b1pp6prmqb0fuw,,,Ainay,T2,1146.0,0,576.0,0,1810.0,0,287.0,1,1298.0,0,1013.0,0,1689.0,0,898.0,0,420.0,1,239.0,6,947.0,0,2707.0,0,1955.0,0,73.0,5,2042.0,0,,0,,0,,0,,0,,0
197,Vizzit,1070.0,40.0,26.75,Appartement,2 pièce - 40 m² - s,69007,Lyon,45.7527,4.83882,https://www.vizzit.fr/fr/property/appartement/lyon-7/A002r688tedsrgjm,,,Guillotière / Jean Macé,T2,1204.0,0,139.0,1,1918.0,0,744.0,0,1360.0,0,853.0,0,1663.0,0,1022.0,0,482.0,1,330.0,2,1342.0,0,2775.0,0,1988.0,0,135.0,3,1983.0,0,,0,,0,,0,,0,,0
198,Vizzit,680.0,32.0,21.25,Studio,32 m² - Studio,69007,Lyon,45.7527,4.8427,https://www.vizzit.fr/fr/property/appartement/lyon-7/A5isdnpgpuvpmhv1,,,Guillotière / Jean Macé,Studio/T1,1258.0,0,218.0,1,2045.0,0,1044.0,0,1482.0,0,639.0,0,1712.0,0,1198.0,0,205.0,1,190.0,4,1616.0,0,2861.0,0,2064.0,0,173.0,4,2001.0,0,,0,,0,,0,,0,,0
199,Vizzit,473.0,31.0,15.26,Appartement,2 pièce - 31 m² - s,69007,Lyon,45.75274,4.83689,https://www.vizzit.fr/fr/property/appartement/lyon-7/Af0px6n6rfugx6t9,,,Guillotière / Jean Macé,T2,1160.0,0,271.0,1,1866.0,0,595.0,0,1317.0,0,932.0,0,1663.0,0,954.0,0,414.0,1,371.0,1,1213.0,0,2739.0,0,1972.0,0,282.0,3,1996.0,0,,0,,0,,0,,0,,0
200,Vizzit,901.0,51.0,17.67,Appartement,2 pièce - 51 m² - s,69003,Lyon,45.75288,4.85583,https://www.vizzit.fr/fr/property/appartement/lyon-3/Ahxd2o44kgkc7jkk,,,Part-Dieu / Villette,T2,768.0,0,556.0,0,2674.0,0,1499.0,0,1863.0,0,807.0,0,849.0,0,2016.0,0,825.0,0,148.0,3,2475.0,0,3327.0,0,1174.0,0,246.0,2,2379.0,0,,0,,0,,0,,0,,0
201,Vizzit,755.0,35.0,21.57,Studio,35 m² - Studio,69003,Lyon,45.7529,4.88538,https://www.vizzit.fr/fr/property/appartement/lyon-3/A1rhtc14cnt99xjl,,,Montchat,Studio/T1,2452.0,0,1190.0,0,4645.0,0,2881.0,0,2813.0,0,526.0,0,1312.0,0,4201.0,0,1160.0,0,436.0,1,4460.0,0,5038.0,0,1582.0,0,222.0,3,4100.0,0,,0,,0,,0,,0,,0
202,Vizzit,850.0,26.0,32.69,Appartement,2 pièce - 26 m² - s,69002,Lyon,45.75293,4.82601,https://www.vizzit.fr/fr/property/appartement/lyon-2/Aylytgiv76stkorn,,,Ainay,T2,1267.0,0,368.0,1,1795.0,0,261.0,1,1390.0,0,1284.0,0,1488.0,0,999.0,0,443.0,1,54.0,6,664.0,0,2691.0,0,2082.0,0,165.0,5,2258.0,0,,0,,0,,0,,0,,0
203,Vizzit,1350.0,97.0,13.92,Appartement,3 pièce - 97 m² - s,69002,Lyon,45.75293,4.82601,https://www.vizzit.fr/fr/property/appartement/lyon-2/Aaxhw203hwadfji5,,,Ainay,T3,1267.0,0,368.0,1,1795.0,0,261.0,1,1390.0,0,1284.0,0,1488.0,0,999.0,0,443.0,1,54.0,6,664.0,0,2691.0,0,2082.0,0,165.0,5,2258.0,0,,0,,0,,0,,0,,0
204,Vizzit,640.0,27.0,23.7,Appartement,2 pièce - 27 m² - s,69005,Lyon,45.75299,4.7956,https://www.vizzit.fr/fr/property/appartement/lyon-5/Ang0k1a1kdjbl4w7,,,Point du Jour / St Just,T2,3160.0,0,1724.0,0,3199.0,0,2615.0,0,2244.0,0,3389.0,0,1817.0,0,2982.0,0,493.0,1,1069.0,0,2249.0,0,3215.0,0,3598.0,0,382.0,1,3941.0,0,,0,,0,,0,,0,,0
205,Vizzit,810.0,45.0,18.0,Appartement,2 pièce - 45 m² - s,69003,Lyon,45.75301,4.85097,https://www.vizzit.fr/fr/property/appartement/lyon-3/Awpb4dfgxvifxp1r,,,Part-Dieu / Villette,T2,826.0,0,351.0,1,2394.0,0,1297.0,0,1681.0,0,546.0,0,1225.0,0,1677.0,0,447.0,1,127.0,4,2196.0,0,3106.0,0,1475.0,0,132.0,4,2212.0,0,,0,,0,,0,,0,,0
206,Vizzit,1200.0,54.0,22.22,Appartement,2 pièce - 54 m² - s,69003,Lyon,45.75318,4.85612,https://www.vizzit.fr/fr/property/appartement/lyon-3/Atrhqur11n9i6v63,,,Part-Dieu / Villette,T2,736.0,0,553.0,0,2669.0,0,1486.0,0,1836.0,0,805.0,0,825.0,0,2022.0,0,846.0,0,151.0,3,2470.0,0,3314.0,0,1135.0,0,269.0,2,2419.0,0,,0,,0,,0,,0,,0
207,Vizzit,1064.0,72.0,14.78,Appartement,3 pièce - 72 m² - s,69007,Lyon,45.7533,4.83964,https://www.vizzit.fr/fr/property/appartement/lyon-7/Ap4j3axnr2i98uh3,,,Guillotière / Jean Macé,T3,1165.0,0,165.0,1,1880.0,0,803.0,0,1319.0,0,762.0,0,1735.0,0,999.0,0,433.0,2,400.0,3,1429.0,0,2726.0,0,2066.0,0,76.0,2,2050.0,0,,0,,0,,0,,0,,0
208,Vizzit,1400.0,79.0,17.72,Appartement,3 pièce - 79 m² - s,69007,Lyon,45.75334,4.84811,https://www.vizzit.fr/fr/property/appartement/lyon-7/Amblww51krds4zb9,,,Guillotière / Jean Macé,T3,910.0,0,358.0,1,2221.0,0,1190.0,0,1578.0,0,444.0,1,1446.0,0,1469.0,0,225.0,1,83.0,6,2024.0,0,2965.0,0,1655.0,0,279.0,5,2165.0,0,,0,,0,,0,,0,,0
209,Vizzit,650.0,25.0,26.0,Appartement,1 pièce - 25 m²,69003,Lyon,45.75335,4.85297,https://www.vizzit.fr/fr/property/appartement/lyon-3/Ah29b2fljtf0n6hv,,,Part-Dieu / Villette,Studio/T1,738.0,0,369.0,1,2476.0,0,1333.0,0,1710.0,0,607.0,0,1069.0,0,1794.0,0,602.0,0,113.0,4,2277.0,0,3157.0,0,1323.0,0,50.0,3,2313.0,0,,0,,0,,0,,0,,0
210,Vizzit,1090.0,59.0,18.47,Appartement,3 pièce - 59 m² - s,69005,Lyon,45.75337,4.82269,https://www.vizzit.fr/fr/property/appartement/lyon-5/A5fbsxfwnno4uol3,,,Vieux Lyon,T3,1370.0,0,306.0,1,1810.0,0,512.0,0,1426.0,0,1448.0,0,1297.0,0,1113.0,0,424.0,1,301.0,4,684.0,0,2687.0,0,2220.0,0,307.0,3,2428.0,0,,0,,0,,0,,0,,0
211,Vizzit,745.0,47.0,15.85,Appartement,2 pièce - 47 m² - s,69002,Lyon,45.75351,4.82777,https://www.vizzit.fr/fr/property/appartement/lyon-2/Af0n9xhpir25gssd,,,Ainay,T2,1149.0,0,395.0,1,1712.0,0,118.0,1,1278.0,0,1143.0,0,1532.0,0,880.0,0,431.0,1,41.0,8,775.0,0,2613.0,0,2107.0,0,111.0,5,2258.0,0,,0,,0,,0,,0,,0
212,Vizzit,727.0,30.0,24.23,Appartement,2 pièce - 30 m² - s,69003,Lyon,45.75351,4.89114,https://www.vizzit.fr/fr/property/appartement/lyon-3/Axyy5t5t43ntmw3t,,,Montchat,T2,2862.0,0,1638.0,0,5037.0,0,3207.0,0,3112.0,0,74.0,1,1669.0,0,4627.0,0,1231.0,0,204.0,2,4856.0,0,5388.0,0,1962.0,0,10.0,2,4526.0,0,,0,,0,,0,,0,,0
213,Vizzit,1300.0,48.0,27.08,Appartement,2 pièce - 48 m² - s,69007,Lyon,45.75354,4.8395,https://www.vizzit.fr/fr/property/appartement/lyon-7/Atz2heno9l0x5wfm,,,Guillotière / Jean Macé,T2,1136.0,0,193.0,1,1852.0,0,792.0,0,1290.0,0,756.0,0,1745.0,0,970.0,0,414.0,2,426.0,3,1433.0,0,2698.0,0,2090.0,0,99.0,2,2077.0,0,,0,,0,,0,,0,,0
214,Vizzit,805.0,50.0,16.1,Appartement,2 pièce - 50 m² - s,69005,Lyon,45.75363,4.80542,https://www.vizzit.fr/fr/property/appartement/lyon-5/A924c4qm7op8qy6i,,,Point du Jour / St Just,T2,2433.0,0,1470.0,0,2549.0,0,1852.0,0,1755.0,0,2639.0,0,1254.0,0,2238.0,0,998.0,0,306.0,1,1565.0,0,2856.0,0,3041.0,0,648.0,0,3356.0,0,,0,,0,,0,,0,,0
215,Vizzit,1810.0,91.0,19.89,Appartement,4 pièce - 91 m² - s,69003,Lyon,45.75371,4.86678,https://www.vizzit.fr/fr/property/appartement/lyon-3/A09f1p5xe7i5g59u,,,Part-Dieu / Villette,Grand (T4+),1114.0,0,263.0,1,3310.0,0,1882.0,0,1935.0,0,1541.0,0,40.0,1,2779.0,0,1374.0,0,424.0,2,3116.0,0,3830.0,0,663.0,0,117.0,2,2990.0,0,,0,,0,,0,,0,,0
216,Vizzit,865.0,49.0,17.65,Appartement,2 pièce - 49 m² - s,69007,Lyon,45.75377,4.84173,https://www.vizzit.fr/fr/property/appartement/lyon-7/A67e10xlvc0qljk6,,,Guillotière / Jean Macé,T2,1192.0,0,245.0,1,1904.0,0,966.0,0,1341.0,0,602.0,0,1705.0,0,1059.0,0,276.0,3,329.0,4,1597.0,0,2724.0,0,2099.0,0,129.0,2,2111.0,0,,0,,0,,0,,0,,0
217,Vizzit,1500.0,93.0,16.13,Appartement,3 pièce - 93 m² - s,69007,Lyon,45.75382,4.84576,https://www.vizzit.fr/fr/property/appartement/lyon-7/Atuo42q9m1bc68qw,,,Guillotière / Jean Macé,T3,996.0,0,442.0,2,2067.0,0,1106.0,0,1490.0,0,414.0,1,1629.0,0,1290.0,0,75.0,2,128.0,5,1872.0,0,2836.0,0,1802.0,0,342.0,5,2166.0,0,,0,,0,,0,,0,,0
218,Vizzit,960.0,38.0,25.26,Appartement,2 pièce - 38 m² - s,69003,Lyon,45.75388,4.88115,https://www.vizzit.fr/fr/property/appartement/lyon-3/A4kyzntxzfferzuw,,,Montchat,T2,2106.0,0,867.0,0,4300.0,0,2559.0,0,2503.0,0,851.0,0,985.0,0,3857.0,0,1159.0,0,705.0,0,4114.0,0,4702.0,0,1243.0,0,528.0,0,3875.0,0,,0,,0,,0,,0,,0
219,Vizzit,1355.0,85.0,15.94,Appartement,4 pièce - 85 m² - s,69005,Lyon,45.75393,4.78081,https://www.vizzit.fr/fr/property/appartement/lyon-5/Ac54v42h7bwkefdu,,,Point du Jour / St Just,Grand (T4+),4184.0,0,2208.0,0,4162.0,0,3762.0,0,3280.0,0,4485.0,0,2763.0,0,4074.0,0,1111.0,0,2207.0,0,3387.0,0,3827.0,0,4645.0,0,1328.0,0,4674.0,0,,0,,0,,0,,0,,0
220,Vizzit,1190.0,40.0,29.75,Studio,40 m² - Studio,69003,Lyon,45.75395,4.87571,https://www.vizzit.fr/fr/property/appartement/lyon-3/A7xmmdwad92pl3s2,,,Montchat,Studio/T1,1707.0,0,451.0,1,3911.0,0,2251.0,0,2228.0,0,1273.0,0,698.0,0,3443.0,0,1148.0,0,873.0,0,3723.0,0,4350.0,0,902.0,0,665.0,0,3534.0,0,,0,,0,,0,,0,,0
221,Vizzit,800.0,54.0,14.81,Appartement,3 pièce - 54 m² - s,69003,Lyon,45.75405,4.85727,https://www.vizzit.fr/fr/property/appartement/lyon-3/Ans7rkk2kghzu09p,,,Part-Dieu / Villette,T3,654.0,0,582.0,0,2677.0,0,1470.0,0,1765.0,0,834.0,0,740.0,0,2067.0,0,939.0,0,231.0,3,2479.0,0,3293.0,0,1005.0,0,378.0,2,2549.0,0,,0,,0,,0,,0,,0
222,Vizzit,1227.0,62.0,19.79,Appartement,3 pièce - 62 m² - s,69003,Lyon,45.75408,4.87179,https://www.vizzit.fr/fr/property/appartement/lyon-3/Akf0ntu8gi0lesto,,,Part-Dieu / Villette,T3,1424.0,0,177.0,1,3631.0,0,2047.0,0,2053.0,0,1577.0,0,399.0,1,3144.0,0,1229.0,0,734.0,0,3441.0,0,4099.0,0,706.0,0,362.0,2,3305.0,0,,0,,0,,0,,0,,0
223,Vizzit,787.0,45.0,17.49,Appartement,2 pièce - 45 m² - s,69003,Lyon,45.75409,4.89005,https://www.vizzit.fr/fr/property/appartement/lyon-3/Asthwtrdrcfc5quf,,,Montchat,T2,2765.0,0,1557.0,0,4936.0,0,3101.0,0,3005.0,0,172.0,1,1566.0,0,4533.0,0,1311.0,0,286.0,2,4755.0,0,5283.0,0,1860.0,0,107.0,2,4481.0,0,,0,,0,,0,,0,,0
224,Vizzit,913.0,60.0,15.22,Appartement,3 pièce - 60 m² - s,69005,Lyon,45.75424,4.7967,https://www.vizzit.fr/fr/property/appartement/lyon-5/Ax945le44daqtdb9,,,Point du Jour / St Just,T3,3023.0,0,1569.0,0,3052.0,0,2530.0,0,2265.0,0,3271.0,0,1664.0,0,2863.0,0,655.0,0,974.0,0,2212.0,0,3053.0,0,3607.0,0,220.0,1,3779.0,0,,0,,0,,0,,0,,0
225,Vizzit,1080.0,40.0,27.0,Appartement,2 pièce - 40 m² - s,69005,Lyon,45.75432,4.79133,https://www.vizzit.fr/fr/property/appartement/lyon-5/A8ydxp4q5g7o0f2z,,,Point du Jour / St Just,T2,3402.0,0,1695.0,0,3408.0,0,2947.0,0,2598.0,0,3676.0,0,2008.0,0,3265.0,0,621.0,0,1391.0,0,2609.0,0,3266.0,0,3956.0,0,540.0,0,4047.0,0,,0,,0,,0,,0,,0
226,Vizzit,1340.0,76.0,17.63,Appartement,3 pièce - 76 m² - s,69003,Lyon,45.75451,4.87702,https://www.vizzit.fr/fr/property/appartement/lyon-3/Avvqz8vcvm4ch3bb,,,Montchat,T3,1780.0,0,565.0,0,3978.0,0,2276.0,0,2240.0,0,1175.0,0,712.0,0,3530.0,0,1205.0,0,872.0,0,3791.0,0,4397.0,0,938.0,0,761.0,0,3652.0,0,,0,,0,,0,,0,,0
227,Vizzit,765.0,26.0,29.42,Appartement,2 pièce - 26 m² - s,69002,Lyon,45.75462,4.83019,https://www.vizzit.fr/fr/property/appartement/lyon-2/Azme9o6vczcw306f,,,Ainay,T2,967.0,0,489.0,2,1580.0,0,147.0,1,1107.0,0,927.0,0,1593.0,0,701.0,0,418.0,2,183.0,8,975.0,0,2482.0,0,2193.0,0,68.0,6,2307.0,0,,0,,0,,0,,0,,0
228,Vizzit,1220.0,73.0,16.71,Appartement,3 pièce - 73 m² - s,69003,Lyon,45.75467,4.86838,https://www.vizzit.fr/fr/property/appartement/lyon-3/Amjkqtet2hi66t37,,,Part-Dieu / Villette,T3,1159.0,0,221.0,1,3366.0,0,1847.0,0,1878.0,0,1639.0,0,194.0,1,2871.0,0,1398.0,0,473.0,1,3175.0,0,3853.0,0,559.0,0,91.0,2,3153.0,0,,0,,0,,0,,0,,0
229,Vizzit,659.0,20.0,32.95,Studio,20 m² - Studio,69003,Lyon,45.7547,4.87644,https://www.vizzit.fr/fr/property/appartement/lyon-3/A5v0olqmk6er1vqt,,,Montchat,Studio/T1,1730.0,0,529.0,0,3928.0,0,2229.0,0,2195.0,0,1222.0,0,668.0,0,3481.0,0,1227.0,0,912.0,0,3742.0,0,4348.0,0,890.0,0,716.0,0,3629.0,0,,0,,0,,0,,0,,0
230,Vizzit,854.0,54.0,15.81,Appartement,2 pièce - 54 m² - s,69003,Lyon,45.7547,4.87644,https://www.vizzit.fr/fr/property/appartement/lyon-3/A5ppd02d0d8l9yet,,,Montchat,T2,1730.0,0,529.0,0,3928.0,0,2229.0,0,2195.0,0,1222.0,0,668.0,0,3481.0,0,1227.0,0,912.0,0,3742.0,0,4348.0,0,890.0,0,716.0,0,3629.0,0,,0,,0,,0,,0,,0
231,Vizzit,1065.0,89.0,11.97,Appartement,3 pièce - 89 m² - s,69003,Lyon,45.7547,4.87644,https://www.vizzit.fr/fr/property/appartement/lyon-3/At9lpevm9dtple8o,,,Montchat,T3,1730.0,0,529.0,0,3928.0,0,2229.0,0,2195.0,0,1222.0,0,668.0,0,3481.0,0,1227.0,0,912.0,0,3742.0,0,4348.0,0,890.0,0,716.0,0,3629.0,0,,0,,0,,0,,0,,0
232,Vizzit,1100.0,50.0,22.0,Appartement,3 pièce - 50 m² - s,69003,Lyon,45.7547,4.87644,https://www.vizzit.fr/fr/property/appartement/lyon-3/Aipfbqm2qab9aja6,,,Montchat,T3,1730.0,0,529.0,0,3928.0,0,2229.0,0,2195.0,0,1222.0,0,668.0,0,3481.0,0,1227.0,0,912.0,0,3742.0,0,4348.0,0,890.0,0,716.0,0,3629.0,0,,0,,0,,0,,0,,0
233,Vizzit,580.0,20.0,29.0,Studio,20 m² - Studio,69003,Lyon,45.7547,4.87644,https://www.vizzit.fr/fr/property/appartement/lyon-3/Am7ruw668rhr40zu,,,Montchat,Studio/T1,1730.0,0,529.0,0,3928.0,0,2229.0,0,2195.0,0,1222.0,0,668.0,0,3481.0,0,1227.0,0,912.0,0,3742.0,0,4348.0,0,890.0,0,716.0,0,3629.0,0,,0,,0,,0,,0,,0
234,Vizzit,550.0,15.0,36.67,Appartement,1 pièce - 15 m²,69002,Lyon,45.75478,4.82977,https://www.vizzit.fr/fr/property/appartement/lyon-2/A8nl1ht9yavhahzt,,,Ainay,Studio/T1,960.0,0,461.0,1,1562.0,0,152.0,1,1097.0,0,934.0,0,1556.0,0,692.0,0,399.0,2,182.0,8,973.0,0,2465.0,0,2215.0,0,83.0,6,2335.0,0,,0,,0,,0,,0,,0
235,Vizzit,950.0,42.0,22.62,Appartement,2 pièce - 42 m² - s,69003,Lyon,45.75479,4.86794,https://www.vizzit.fr/fr/property/appartement/lyon-3/Actl5x8xc0h0pj2d,,,Part-Dieu / Villette,T2,1123.0,0,253.0,1,3330.0,0,1818.0,0,1853.0,0,1603.0,0,185.0,1,2835.0,0,1427.0,0,437.0,1,3138.0,0,3818.0,0,542.0,0,57.0,2,3138.0,0,,0,,0,,0,,0,,0
236,Vizzit,990.0,56.0,17.68,Appartement,2 pièce - 56 m² - s,69005,Lyon,45.75484,4.78875,https://www.vizzit.fr/fr/property/appartement/lyon-5/Ayx9dgjqse77kej7,,,Point du Jour / St Just,T2,3568.0,0,1742.0,0,3560.0,0,3149.0,0,2796.0,0,3861.0,0,2158.0,0,3450.0,0,746.0,0,1592.0,0,2818.0,0,3340.0,0,4156.0,0,717.0,0,4147.0,0,,0,,0,,0,,0,,0
237,Vizzit,1120.0,77.0,14.55,Appartement,4 pièce - 77 m² - s,69003,Lyon,45.75494,4.87519,https://www.vizzit.fr/fr/property/appartement/lyon-3/A1ihzunsnvaxdvpj,,,Montchat,Grand (T4+),1630.0,0,451.0,1,3829.0,0,2143.0,0,2115.0,0,1322.0,0,594.0,0,3381.0,0,1261.0,0,948.0,0,3642.0,0,4253.0,0,798.0,0,620.0,0,3569.0,0,,0,,0,,0,,0,,0
238,Vizzit,552.0,25.0,22.08,Appartement,1 pièce - 25 m²,69003,Lyon,45.75496,4.84429,https://www.vizzit.fr/fr/property/appartement/lyon-3/A263dnmt6oyadzzc,,,Préfecture / Quais,Studio/T1,1012.0,0,471.0,2,1898.0,0,974.0,0,1343.0,0,367.0,1,1577.0,0,1123.0,0,202.0,3,206.0,5,1703.0,0,2673.0,0,1870.0,0,177.0,3,2268.0,0,,0,,0,,0,,0,,0
239,Vizzit,912.0,47.0,19.4,Appartement,2 pièce - 47 m² - s,69003,Lyon,45.75511,4.85637,https://www.vizzit.fr/fr/property/appartement/lyon-3/Azu02qu1c1lrs1hl,,,Part-Dieu / Villette,T2,525.0,0,478.0,1,2550.0,0,1337.0,0,1633.0,0,723.0,0,829.0,0,1961.0,0,889.0,0,222.0,3,2352.0,0,3158.0,0,996.0,0,375.0,2,2612.0,0,,0,,0,,0,,0,,0
240,Vizzit,750.0,37.0,20.27,Appartement,2 pièce - 37 m² - s,69005,Lyon,45.7552,4.8131,https://www.vizzit.fr/fr/property/appartement/lyon-5/A0ndeciptakhjgse,,,Point du Jour / St Just,T2,1822.0,0,855.0,0,2005.0,0,1271.0,0,1654.0,0,2018.0,0,898.0,0,1619.0,0,687.0,0,316.0,1,1192.0,0,2576.0,0,2772.0,0,293.0,1,3041.0,0,,0,,0,,0,,0,,0
241,Vizzit,530.0,27.0,19.63,Appartement,2 pièce - 27 m² - s,69002,Lyon,45.75564,4.83516,https://www.vizzit.fr/fr/property/appartement/lyon-2/Aeimt4lyg2g7tuoy,,,Ainay,T2,820.0,0,227.0,1,1519.0,0,516.0,0,976.0,0,639.0,0,1600.0,0,605.0,0,475.0,1,325.0,2,1306.0,0,2398.0,0,2284.0,0,209.0,3,2332.0,0,,0,,0,,0,,0,,0
242,Vizzit,695.0,25.0,27.8,Studio,25 m² - Studio,69003,Lyon,45.75576,4.85846,https://www.vizzit.fr/fr/property/appartement/lyon-3/Aqe3wjf9k2h2lxjb,,,Part-Dieu / Villette,Studio/T1,507.0,0,627.0,0,2641.0,0,1408.0,0,1610.0,0,860.0,0,697.0,0,2095.0,0,1064.0,0,350.0,3,2445.0,0,3210.0,0,820.0,0,548.0,0,2758.0,0,,0,,0,,0,,0,,0
243,Vizzit,1500.0,83.0,18.07,Appartement,3 pièce - 83 m² - s,69002,Lyon,45.75581,4.83148,https://www.vizzit.fr/fr/property/appartement/lyon-2/Ab7ei0neo6znkbdf,,,Ainay,T3,814.0,0,326.0,1,1452.0,0,312.0,1,958.0,0,761.0,0,1601.0,0,552.0,0,318.0,1,190.0,9,1141.0,0,2352.0,0,2312.0,0,180.0,6,2407.0,0,,0,,0,,0,,0,,0
244,Vizzit,650.0,18.0,36.11,Studio,18 m² - Studio,69003,Lyon,45.75583,4.85128,https://www.vizzit.fr/fr/property/appartement/lyon-3/Ae0qr2zkyyshqbjl,,,Part-Dieu / Villette,Studio/T1,541.0,0,77.0,1,2192.0,0,1029.0,0,1405.0,0,330.0,1,1231.0,0,1562.0,0,550.0,0,303.0,5,1993.0,0,2855.0,0,1323.0,0,338.0,2,2510.0,0,,0,,0,,0,,0,,0
245,Vizzit,800.0,21.0,38.1,Appartement,2 pièce - 21 m² - s,69005,Lyon,45.75619,4.8039,https://www.vizzit.fr/fr/property/appartement/lyon-5/Ahgj87wex3rdm3vt,,,Point du Jour / St Just,T2,2425.0,0,1341.0,0,2466.0,0,1993.0,0,2056.0,0,2679.0,0,1100.0,0,2268.0,0,850.0,0,467.0,1,1810.0,0,2622.0,0,3323.0,0,472.0,1,3274.0,0,,0,,0,,0,,0,,0
246,Vizzit,720.0,36.0,20.0,Appartement,1 pièce - 36 m²,69005,Lyon,45.75621,4.81192,https://www.vizzit.fr/fr/property/appartement/lyon-5/Ag0jhprc792w4en2,,,Point du Jour / St Just,Studio/T1,1855.0,0,943.0,0,1985.0,0,1382.0,0,1787.0,0,2073.0,0,798.0,0,1667.0,0,570.0,0,298.0,1,1337.0,0,2473.0,0,2917.0,0,328.0,1,2974.0,0,,0,,0,,0,,0,,0
247,Vizzit,800.0,28.0,28.57,Studio,28 m² - Studio,69003,Lyon,45.75621,4.8592,https://www.vizzit.fr/fr/property/appartement/lyon-3/Atm0k49rzfk4mlua,,,Part-Dieu / Villette,Studio/T1,496.0,1,683.0,0,2663.0,0,1423.0,0,1560.0,0,908.0,0,666.0,0,2138.0,0,1133.0,0,338.0,5,2468.0,0,3214.0,0,745.0,0,604.0,0,2832.0,0,,0,,0,,0,,0,,0
248,Vizzit,1180.0,62.0,19.03,Appartement,2 pièce - 62 m² - s,69003,Lyon,45.75626,4.86346,https://www.vizzit.fr/fr/property/appartement/lyon-3/A7y76z6qky3cu84n,,,Part-Dieu / Villette,T2,740.0,0,623.0,0,2946.0,0,1518.0,0,1593.0,0,1236.0,0,412.0,1,2460.0,0,1454.0,0,93.0,3,2754.0,0,3448.0,0,487.0,1,275.0,2,3029.0,0,,0,,0,,0,,0,,0
249,Vizzit,750.0,30.0,25.0,Appartement,1 pièce - 30 m²,69003,Lyon,45.75627,4.86259,https://www.vizzit.fr/fr/property/appartement/lyon-3/Adg2y1lbqbzqyjej,,,Part-Dieu / Villette,Studio/T1,683.0,0,680.0,0,2886.0,0,1494.0,0,1578.0,0,1169.0,0,458.0,1,2394.0,0,1389.0,0,109.0,3,2694.0,0,3398.0,0,531.0,0,342.0,2,2988.0,0,,0,,0,,0,,0,,0
250,Vizzit,1340.0,67.0,20.0,Appartement,3 pièce - 67 m² - s,69003,Lyon,45.75636,4.85437,https://www.vizzit.fr/fr/property/appartement/lyon-3/Ay9r3b2xfd2ue8de,,,Part-Dieu / Villette,T3,387.0,1,310.0,1,2342.0,0,1129.0,0,1461.0,0,536.0,0,1017.0,0,1772.0,0,789.0,0,295.0,3,2145.0,0,2952.0,0,1077.0,0,402.0,1,2661.0,0,,0,,0,,0,,0,,0
251,Vizzit,570.0,38.0,15.0,Appartement,2 pièce - 38 m² - s,69003,Lyon,45.7564,4.84442,https://www.vizzit.fr/fr/property/appartement/lyon-3/Ac8941yy9n634lx0,,,Préfecture / Quais,T2,928.0,0,464.0,1,1776.0,0,814.0,0,1194.0,0,267.0,1,1419.0,0,1049.0,0,106.0,3,71.0,3,1579.0,0,2532.0,0,1822.0,0,180.0,3,2427.0,0,,0,,0,,0,,0,,0
252,Vizzit,513.0,23.0,22.3,Studio,23 m² - Studio,69003,Lyon,45.7564,4.84442,https://www.vizzit.fr/fr/property/appartement/lyon-3/A3al1dze6qorqxcl,,,Préfecture / Quais,Studio/T1,928.0,0,464.0,1,1776.0,0,814.0,0,1194.0,0,267.0,1,1419.0,0,1049.0,0,106.0,3,71.0,3,1579.0,0,2532.0,0,1822.0,0,180.0,3,2427.0,0,,0,,0,,0,,0,,0
253,Vizzit,662.0,39.0,16.97,Appartement,2 pièce - 39 m² - s,69005,Lyon,45.75641,4.81323,https://www.vizzit.fr/fr/property/appartement/lyon-5/Ax37smu6tf61pvq2,,,Point du Jour / St Just,T2,1753.0,0,843.0,0,1898.0,0,1289.0,0,1781.0,0,1969.0,0,763.0,0,1563.0,0,556.0,0,389.0,1,1289.0,0,2441.0,0,2876.0,0,224.0,1,2914.0,0,,0,,0,,0,,0,,0
254,Vizzit,1200.0,18.0,66.67,Studio,18 m² - Studio,69003,Lyon,45.75643,4.8722,https://www.vizzit.fr/fr/property/appartement/lyon-3/Ai8teeoqc7hqek0v,,,Part-Dieu / Villette,Studio/T1,1359.0,0,411.0,1,3550.0,0,1864.0,0,1846.0,0,1578.0,0,359.0,1,3124.0,0,1469.0,0,689.0,0,3364.0,0,3968.0,0,515.0,0,408.0,2,3503.0,0,,0,,0,,0,,0,,0
255,Vizzit,949.0,34.0,27.91,Appartement,1 pièce - 34 m²,69005,Lyon,45.7565,4.82413,https://www.vizzit.fr/fr/property/appartement/lyon-5/Aa4552ku7gm9e033,,,Vieux Lyon,Studio/T1,1037.0,0,61.0,3,1445.0,0,525.0,0,1127.0,0,1171.0,0,1098.0,0,796.0,0,74.0,2,358.0,5,1031.0,0,2324.0,0,2505.0,0,291.0,3,2678.0,0,,0,,0,,0,,0,,0
256,Vizzit,660.0,20.0,33.0,Studio,20 m² - Studio,69003,Lyon,45.7566,4.8679,https://www.vizzit.fr/fr/property/appartement/lyon-3/Appx7jc8qej13one,,,Part-Dieu / Villette,Studio/T1,1035.0,0,428.0,1,3237.0,0,1645.0,0,1667.0,0,1577.0,0,372.0,2,2792.0,0,1605.0,0,356.0,1,3049.0,0,3689.0,0,341.0,1,74.0,2,3281.0,0,,0,,0,,0,,0,,0
257,Vizzit,1070.0,50.0,21.4,Appartement,3 pièce - 50 m² - s,69003,Lyon,45.75662,4.84365,https://www.vizzit.fr/fr/property/appartement/lyon-3/Ajan00dxrcpsewjn,,,Préfecture / Quais,T3,974.0,0,526.0,0,1720.0,0,791.0,0,1165.0,0,316.0,1,1390.0,0,985.0,0,62.0,3,16.0,4,1524.0,0,2485.0,0,1876.0,0,144.0,3,2442.0,0,,0,,0,,0,,0,,0
258,Vizzit,2800.0,150.0,18.67,Appartement,5 pièce - 150 m² - s,69002,Lyon,45.75664,4.83133,https://www.vizzit.fr/fr/property/appartement/lyon-2/Akx2nrjdc7hjed3z,,,Bellecour / Cordeliers,Grand (T4+),727.0,0,288.0,1,1359.0,0,388.0,1,869.0,0,701.0,0,1545.0,0,462.0,1,233.0,2,129.0,7,1213.0,0,2259.0,0,2405.0,0,147.0,8,2499.0,0,,0,,0,,0,,0,,0
259,Vizzit,685.0,33.0,20.76,Appartement,1 pièce - 33 m²,69003,Lyon,45.75672,4.84675,https://www.vizzit.fr/fr/property/appartement/lyon-3/As5fz2v21tgpk77q,,,Préfecture / Quais,Studio/T1,749.0,0,290.0,1,1869.0,0,800.0,0,1188.0,0,93.0,1,1415.0,0,1199.0,0,247.0,3,133.0,5,1671.0,0,2584.0,0,1637.0,0,264.0,2,2498.0,0,,0,,0,,0,,0,,0
260,Vizzit,716.0,25.0,28.64,Studio,25 m² - Studio,69002,Lyon,45.7568,4.8315,https://www.vizzit.fr/fr/property/appartement/lyon-2/An5apejn6azhdwpw,,,Bellecour / Cordeliers,Studio/T1,706.0,0,269.0,1,1342.0,0,410.0,1,849.0,0,679.0,0,1548.0,0,442.0,1,227.0,1,137.0,7,1201.0,0,2242.0,0,2422.0,0,131.0,7,2513.0,0,,0,,0,,0,,0,,0
261,Vizzit,760.0,15.0,50.67,Studio,15 m² - Studio,69003,Lyon,45.75696,4.85412,https://www.vizzit.fr/fr/property/appartement/lyon-3/Anzil52v57mkryxg,,,Part-Dieu / Villette,Studio/T1,327.0,1,303.0,1,2288.0,0,1068.0,0,1392.0,0,508.0,0,1059.0,0,1736.0,0,804.0,0,346.0,3,2091.0,0,2888.0,0,1075.0,0,460.0,2,2713.0,0,,0,,0,,0,,0,,0
262,Vizzit,1094.0,60.0,18.23,Appartement,2 pièce - 60 m² - s,69002,Lyon,45.75699,4.83222,https://www.vizzit.fr/fr/property/appartement/lyon-2/Alm2ws0dyvt787sx,,,Bellecour / Cordeliers,T2,674.0,0,209.0,1,1327.0,0,454.0,1,820.0,0,625.0,0,1563.0,0,416.0,1,253.0,1,190.0,6,1179.0,0,2224.0,0,2439.0,0,75.0,7,2521.0,0,,0,,0,,0,,0,,0
263,Vizzit,940.0,52.0,18.08,Appartement,2 pièce - 52 m² - s,69003,Lyon,45.757,4.87637,https://www.vizzit.fr/fr/property/appartement/lyon-3/A7n72ukkeqdgdvxg,,,Montchat,T2,1659.0,0,658.0,0,3828.0,0,2051.0,0,1996.0,0,1281.0,0,478.0,1,3436.0,0,1483.0,0,1009.0,0,3646.0,0,4203.0,0,753.0,0,731.0,0,3786.0,0,,0,,0,,0,,0,,0
264,Vizzit,1130.0,56.0,20.18,Appartement,3 pièce - 56 m² - s,69005,Lyon,45.75707,4.80644,https://www.vizzit.fr/fr/property/appartement/lyon-5/Aux51zpfb6de1973,,,Point du Jour / St Just,T3,2205.0,0,1298.0,0,2249.0,0,1818.0,0,2039.0,0,2466.0,0,895.0,0,2055.0,0,641.0,0,380.0,1,1710.0,0,2466.0,0,3259.0,0,678.0,0,3086.0,0,,0,,0,,0,,0,,0
265,Vizzit,616.0,29.0,21.24,Studio,29 m² - Studio,69003,Lyon,45.75709,4.86746,https://www.vizzit.fr/fr/property/appartement/lyon-3/Acjhthh0r9to4f5w,,,Part-Dieu / Villette,Studio/T1,985.0,0,491.0,1,3184.0,0,1581.0,0,1603.0,0,1541.0,0,419.0,2,2749.0,0,1669.0,0,318.0,1,2996.0,0,3628.0,0,285.0,1,60.0,2,3299.0,0,,0,,0,,0,,0,,0
266,Vizzit,1473.0,118.0,12.48,Appartement,4 pièce - 118 m² - s,69002,Lyon,45.75727,4.83482,https://www.vizzit.fr/fr/property/appartement/lyon-2/Ao6jd6sf04ylxn9d,,,Bellecour / Cordeliers,Grand (T4+),636.0,0,44.0,1,1338.0,0,603.0,0,793.0,0,481.0,1,1443.0,0,428.0,1,421.0,2,142.0,5,1170.0,0,2215.0,0,2465.0,0,133.0,4,2515.0,0,,0,,0,,0,,0,,0
267,Vizzit,590.0,28.0,21.07,Appartement,1 pièce - 28 m²,69005,Lyon,45.75738,4.79621,https://www.vizzit.fr/fr/property/appartement/lyon-5/Auxx7jluzmvmpyx0,,,Point du Jour / St Just,Studio/T1,2929.0,0,1240.0,0,2916.0,0,2604.0,0,2534.0,0,3245.0,0,1514.0,0,2833.0,0,628.0,0,1066.0,0,2391.0,0,2772.0,0,3853.0,0,193.0,1,3540.0,0,,0,,0,,0,,0,,0
268,Vizzit,665.0,16.0,41.56,Studio,16 m² - Studio,69003,Lyon,45.75751,4.8746,https://www.vizzit.fr/fr/property/appartement/lyon-3/Ajy8zk3vxh2anqt8,,,Part-Dieu / Villette,Studio/T1,1514.0,0,609.0,0,3679.0,0,1911.0,0,1863.0,0,1429.0,0,337.0,1,3293.0,0,1551.0,0,873.0,0,3498.0,0,4057.0,0,605.0,0,600.0,0,3721.0,0,,0,,0,,0,,0,,0
269,Vizzit,1095.0,58.0,18.88,Appartement,2 pièce - 58 m² - s,69003,Lyon,45.7576,4.85655,https://www.vizzit.fr/fr/property/appartement/lyon-3/Aqpzidnde49wmgtt,,,Part-Dieu / Villette,T2,259.0,1,505.0,0,2406.0,0,1166.0,0,1372.0,0,695.0,0,922.0,0,1905.0,0,1003.0,0,260.0,4,2212.0,0,2960.0,0,875.0,0,498.0,1,2860.0,0,,0,,0,,0,,0,,0
270,Vizzit,580.0,18.0,32.22,Studio,18 m² - Studio,69003,Lyon,45.75777,4.86962,https://www.vizzit.fr/fr/property/appartement/lyon-3/Avv3w1akydmoq8bw,,,Part-Dieu / Villette,Studio/T1,1129.0,0,525.0,0,3308.0,0,1620.0,0,1613.0,0,1709.0,0,251.0,1,2906.0,0,1672.0,0,491.0,1,3124.0,0,3719.0,0,269.0,1,239.0,2,3467.0,0,,0,,0,,0,,0,,0
271,Vizzit,506.0,18.0,28.11,Studio,18 m² - Studio,69003,Lyon,45.75783,4.84949,https://www.vizzit.fr/fr/property/appartement/lyon-3/Aet5h2w1ilvdg9os,,,Part-Dieu / Villette,Studio/T1,504.0,0,201.0,1,1943.0,0,767.0,0,1144.0,0,158.0,1,1365.0,0,1364.0,0,460.0,1,114.0,5,1744.0,0,2593.0,0,1407.0,0,321.0,2,2673.0,0,,0,,0,,0,,0,,0
272,Vizzit,1160.0,33.0,35.15,Appartement,1 pièce - 33 m²,69002,Lyon,45.75798,4.82916,https://www.vizzit.fr/fr/property/appartement/lyon-2/A1m9odzlv4k20y0o,,,Bellecour / Cordeliers,Studio/T1,659.0,0,304.0,4,1208.0,0,503.0,0,777.0,0,748.0,0,1327.0,0,396.0,1,56.0,2,58.0,5,1090.0,0,2111.0,0,2574.0,0,282.0,7,2534.0,0,,0,,0,,0,,0,,0
273,Vizzit,910.0,27.0,33.7,Studio,27 m² - Studio,69002,Lyon,45.75798,4.82916,https://www.vizzit.fr/fr/property/appartement/lyon-2/Azipzjo7lxz7zl0o,,,Bellecour / Cordeliers,Studio/T1,659.0,0,304.0,4,1208.0,0,503.0,0,777.0,0,748.0,0,1327.0,0,396.0,1,56.0,2,58.0,5,1090.0,0,2111.0,0,2574.0,0,282.0,7,2534.0,0,,0,,0,,0,,0,,0
274,Vizzit,690.0,14.0,49.29,Studio,14 m² - Studio,69002,Lyon,45.75798,4.82916,https://www.vizzit.fr/fr/property/appartement/lyon-2/Aiz9qkmv7jn7yddt,,,Bellecour / Cordeliers,Studio/T1,659.0,0,304.0,4,1208.0,0,503.0,0,777.0,0,748.0,0,1327.0,0,396.0,1,56.0,2,58.0,5,1090.0,0,2111.0,0,2574.0,0,282.0,7,2534.0,0,,0,,0,,0,,0,,0
275,Vizzit,1100.0,54.0,20.37,Appartement,2 pièce - 54 m² - s,69003,Lyon,45.7581,4.84177,https://www.vizzit.fr/fr/property/appartement/lyon-3/Apb136lse76zxxg8,,,Préfecture / Quais,T2,821.0,0,548.0,0,1501.0,0,656.0,0,951.0,0,459.0,2,1223.0,0,783.0,0,127.0,2,209.0,5,1305.0,0,2275.0,0,1998.0,0,266.0,2,2591.0,0,,0,,0,,0,,0,,0
276,Vizzit,1045.0,75.0,13.93,Appartement,2 pièce - 75 m² - s,69003,Lyon,45.758105,4.842759,https://www.vizzit.fr/fr/property/appartement/lyon-3/Ainpl32eelz5fx2n,,,Préfecture / Quais,T2,880.0,0,624.0,0,1548.0,0,636.0,0,1000.0,0,386.0,1,1222.0,0,854.0,0,124.0,2,165.0,5,1351.0,0,2306.0,0,1922.0,0,248.0,2,2598.0,0,,0,,0,,0,,0,,0
277,Vizzit,629.0,26.0,24.19,Appartement,2 pièce - 26 m² - s,69003,Lyon,45.75816,4.87431,https://www.vizzit.fr/fr/property/appartement/lyon-3/Aalr3p83vw7u1eth,,,Part-Dieu / Villette,T2,1481.0,0,657.0,0,3634.0,0,1846.0,0,1794.0,0,1474.0,0,273.0,1,3263.0,0,1625.0,0,857.0,0,3454.0,0,4000.0,0,559.0,0,594.0,0,3754.0,0,,0,,0,,0,,0,,0
278,Vizzit,1450.0,68.0,21.32,Appartement,3 pièce - 68 m² - s,69003,Lyon,45.75823,4.85017,https://www.vizzit.fr/fr/property/appartement/lyon-3/A0crq3zyjvesla2s,,,Part-Dieu / Villette,T3,437.0,1,233.0,1,1957.0,0,759.0,0,1129.0,0,224.0,1,1347.0,0,1406.0,0,520.0,0,181.0,3,1759.0,0,2588.0,0,1348.0,0,276.0,3,2732.0,0,,0,,0,,0,,0,,0
279,Vizzit,780.0,52.0,15.0,Appartement,2 pièce - 52 m² - s,69005,Lyon,45.7583,4.7991,https://www.vizzit.fr/fr/property/appartement/lyon-5/A1tyxqcuy1wx7fo6,,,Point du Jour / St Just,T2,2684.0,0,1093.0,0,2669.0,0,2404.0,0,2465.0,0,3011.0,0,1268.0,0,2598.0,0,532.0,0,830.0,0,2250.0,0,2568.0,0,3753.0,0,268.0,1,3314.0,0,,0,,0,,0,,0,,0
280,Vizzit,880.0,50.0,17.6,Appartement,2 pièce - 50 m² - s,69003,Lyon,45.7583,4.85539,https://www.vizzit.fr/fr/property/appartement/lyon-3/A7ckxb0sivifi90p,,,Part-Dieu / Villette,T2,164.0,1,456.0,1,2289.0,0,1048.0,0,1271.0,0,614.0,0,1039.0,0,1803.0,0,921.0,0,176.0,2,2096.0,0,2841.0,0,946.0,0,405.0,2,2889.0,0,,0,,0,,0,,0,,0
281,Vizzit,468.0,27.0,17.33,Appartement,1 pièce - 27 m²,69003,Lyon,45.75857,4.84176,https://www.vizzit.fr/fr/property/appartement/lyon-3/Apkjt9wpc218jlcd,,,Préfecture / Quais,Studio/T1,787.0,0,554.0,0,1459.0,0,606.0,0,913.0,0,422.0,2,1171.0,0,764.0,0,173.0,2,220.0,5,1262.0,0,2227.0,0,1995.0,0,309.0,2,2643.0,0,,0,,0,,0,,0,,0
282,Vizzit,950.0,50.0,19.0,Appartement,2 pièce - 50 m² - s,69009,Lyon,45.7588,4.81129,https://www.vizzit.fr/fr/property/appartement/lyon-9/Ahaaj1716l6718s7,,,Vaise / Valmy,T2,1783.0,0,1041.0,0,1832.0,0,1518.0,0,1819.0,0,2065.0,0,533.0,0,1652.0,0,287.0,1,527.0,0,1592.0,0,2194.0,0,3180.0,0,309.0,2,2734.0,0,,0,,0,,0,,0,,0
283,Vizzit,2733.0,165.0,16.56,Appartement,5 pièce - 165 m² - s,69002,Lyon,45.75883,4.83113,https://www.vizzit.fr/fr/property/appartement/lyon-2/Aago8724n6sm25n1,,,Bellecour / Cordeliers,Grand (T4+),502.0,0,309.0,3,1115.0,0,615.0,0,635.0,0,569.0,0,1430.0,0,233.0,1,128.0,1,143.0,5,976.0,0,2015.0,0,2649.0,0,185.0,6,2454.0,0,,0,,0,,0,,0,,0
284,Vizzit,610.0,35.0,17.43,Studio,35 m² - Studio,69009,Lyon,45.75888,4.81087,https://www.vizzit.fr/fr/property/appartement/lyon-9/Akmwg8uh2xakcy2m,,,Vaise / Valmy,Studio/T1,1809.0,0,1075.0,0,1852.0,0,1551.0,0,1847.0,0,2096.0,0,538.0,0,1683.0,0,287.0,1,527.0,0,1618.0,0,2191.0,0,3206.0,0,313.0,2,2741.0,0,,0,,0,,0,,0,,0
285,Vizzit,1845.0,95.0,19.42,Appartement,3 pièce - 95 m² - s,69003,Lyon,45.7589,4.84364,https://www.vizzit.fr/fr/property/appartement/lyon-3/Aj8hgqjoloyuppgm,,,Préfecture / Quais,T3,887.0,0,607.0,0,1527.0,0,538.0,0,912.0,0,354.0,1,1137.0,0,895.0,0,192.0,2,237.0,6,1329.0,0,2256.0,0,1848.0,0,160.0,2,2694.0,0,,0,,0,,0,,0,,0
286,Vizzit,850.0,20.0,42.5,Appartement,2 pièce - 20 m² - s,69002,Lyon,45.759,4.83616,https://www.vizzit.fr/fr/property/appartement/lyon-2/Avfpmeyfnznaie78,,,Bellecour / Cordeliers,T2,476.0,1,185.0,1,1192.0,0,815.0,0,631.0,0,263.0,1,1225.0,0,349.0,1,421.0,1,117.0,5,1011.0,0,2046.0,0,2427.0,0,208.0,4,2513.0,0,,0,,0,,0,,0,,0
287,Vizzit,1010.0,48.0,21.04,Appartement,2 pièce - 48 m² - s,69003,Lyon,45.75912,4.85149,https://www.vizzit.fr/fr/property/appartement/lyon-3/Am04kfe3qz58o7hg,,,Part-Dieu / Villette,T2,309.0,1,342.0,1,1984.0,0,754.0,0,1101.0,0,363.0,1,1310.0,0,1491.0,0,647.0,0,321.0,5,1789.0,0,2573.0,0,1238.0,0,180.0,5,2858.0,0,,0,,0,,0,,0,,0
288,Vizzit,600.0,17.0,35.29,Studio,17 m² - Studio,69003,Lyon,45.7592,4.85232,https://www.vizzit.fr/fr/property/appartement/lyon-3/Avvxcbji6ioxaug9,,,Part-Dieu / Villette,Studio/T1,244.0,1,372.0,1,2034.0,0,797.0,0,1125.0,0,422.0,1,1295.0,0,1554.0,0,710.0,0,273.0,4,1839.0,0,2608.0,0,1173.0,0,201.0,4,2888.0,0,,0,,0,,0,,0,,0
289,Vizzit,600.0,25.0,24.0,Studio,25 m² - Studio,69005,Lyon,45.75924,4.8124,https://www.vizzit.fr/fr/property/appartement/lyon-5/Aqk45y0upr7zc59o,,,Point du Jour / St Just,Studio/T1,1684.0,0,976.0,0,1734.0,0,1460.0,0,1722.0,0,1974.0,0,460.0,1,1561.0,0,235.0,1,604.0,0,1583.0,0,2134.0,0,3174.0,0,243.0,2,2652.0,0,,0,,0,,0,,0,,0
290,Vizzit,1050.0,47.0,22.34,Appartement,2 pièce - 47 m² - s,69003,Lyon,45.75925,4.84394,https://www.vizzit.fr/fr/property/appartement/lyon-3/Agie364rn9x2l6jl,,,Préfecture / Quais,T2,888.0,0,608.0,0,1516.0,0,498.0,1,875.0,0,356.0,2,1100.0,0,910.0,0,232.0,2,226.0,7,1317.0,0,2233.0,0,1823.0,0,140.0,2,2717.0,0,,0,,0,,0,,0,,0
291,Vizzit,790.0,37.0,21.35,Appartement,2 pièce - 37 m² - s,69002,Lyon,45.759261,4.831931,https://www.vizzit.fr/fr/property/appartement/lyon-2/A35i0mshebnannbp,,,Bellecour / Cordeliers,T2,435.0,1,281.0,1,1074.0,0,677.0,0,574.0,0,492.0,1,1366.0,0,167.0,1,205.0,1,132.0,5,927.0,0,1970.0,0,2692.0,0,151.0,5,2415.0,0,,0,,0,,0,,0,,0
292,Vizzit,1400.0,75.0,18.67,Appartement,3 pièce - 75 m² - s,69003,Lyon,45.75936,4.87036,https://www.vizzit.fr/fr/property/appartement/lyon-3/A7kqk3u96pxao8d0,,,Part-Dieu / Villette,T3,1165.0,0,662.0,0,3301.0,0,1530.0,0,1497.0,0,1780.0,0,92.0,1,2948.0,0,1600.0,0,598.0,0,3122.0,0,3669.0,0,229.0,1,398.0,1,3637.0,0,,0,,0,,0,,0,,0
293,Vizzit,1305.0,91.0,14.34,Appartement,4 pièce - 91 m² - s,69003,Lyon,45.75993,4.84939,https://www.vizzit.fr/fr/property/appartement/lyon-3/A6z4uii51ian2din,,,Part-Dieu / Villette,Grand (T4+),463.0,1,429.0,1,1798.0,0,575.0,0,935.0,0,322.0,1,1151.0,0,1321.0,0,541.0,0,271.0,6,1603.0,0,2401.0,0,1400.0,0,138.0,6,2881.0,0,,0,,0,,0,,0,,0
294,Vizzit,1750.0,85.0,20.59,Appartement,3 pièce - 85 m² - s,69003,Lyon,45.75994,4.84348,https://www.vizzit.fr/fr/property/appartement/lyon-3/Ae2bq72kwj40ahrk,,,Préfecture / Quais,T3,823.0,0,683.0,0,1437.0,0,425.0,1,796.0,0,402.0,3,1020.0,0,864.0,0,308.0,2,154.0,8,1238.0,0,2148.0,0,1858.0,0,203.0,3,2633.0,0,,0,,0,,0,,0,,0
295,Vizzit,574.0,23.0,24.96,Appartement,1 pièce - 23 m²,69003,Lyon,45.76006,4.85986,https://www.vizzit.fr/fr/property/appartement/lyon-3/Ae5zw1r7knvuyi45,,,Part-Dieu / Villette,Studio/T1,351.0,1,563.0,0,2511.0,0,1028.0,0,1134.0,0,999.0,0,903.0,0,2131.0,0,1136.0,0,124.0,4,2326.0,0,2961.0,0,589.0,0,438.0,2,3224.0,0,,0,,0,,0,,0,,0
296,Vizzit,1350.0,67.0,20.15,Appartement,3 pièce - 67 m² - s,69003,Lyon,45.76015,4.86192,https://www.vizzit.fr/fr/property/appartement/lyon-3/Avozoshwevhbosuv,,,Part-Dieu / Villette,T3,511.0,0,462.0,1,2655.0,0,1073.0,0,1145.0,0,1155.0,0,744.0,0,2290.0,0,1174.0,0,36.0,4,2472.0,0,3080.0,0,431.0,1,418.0,1,3314.0,0,,0,,0,,0,,0,,0
297,Vizzit,920.0,43.0,21.4,Appartement,2 pièce - 43 m² - s,69003,Lyon,45.76036,4.84848,https://www.vizzit.fr/fr/property/appartement/lyon-3/Arpxalddhw5gdtkt,,,Part-Dieu / Villette,T2,537.0,0,492.0,1,1713.0,0,492.0,1,858.0,0,345.0,1,1076.0,0,1248.0,0,516.0,0,188.0,5,1518.0,0,2320.0,0,1472.0,0,185.0,5,2801.0,0,,0,,0,,0,,0,,0
298,Vizzit,795.0,26.0,30.58,Studio,26 m² - Studio,69003,Lyon,45.76036,4.84848,https://www.vizzit.fr/fr/property/appartement/lyon-3/Av9zuzp55vsv3wzo,,,Part-Dieu / Villette,Studio/T1,537.0,0,492.0,1,1713.0,0,492.0,1,858.0,0,345.0,1,1076.0,0,1248.0,0,516.0,0,188.0,5,1518.0,0,2320.0,0,1472.0,0,185.0,5,2801.0,0,,0,,0,,0,,0,,0
299,Vizzit,650.0,23.0,28.26,Studio,23 m² - Studio,69009,Lyon,45.76107,4.80825,https://www.vizzit.fr/fr/property/appartement/lyon-9/Al6kf36bnqik74g9,,,Vaise / Valmy,Studio/T1,1916.0,0,968.0,0,1897.0,0,1839.0,0,1981.0,0,2285.0,0,496.0,1,1874.0,0,293.0,1,286.0,1,1935.0,0,2000.0,0,3522.0,0,342.0,1,2636.0,0,,0,,0,,0,,0,,0
300,Vizzit,1215.0,82.0,14.82,Appartement,3 pièce - 82 m² - s,69002,Lyon,45.761091,4.837474,https://www.vizzit.fr/fr/property/appartement/lyon-2/Ag06cz8p1zmfwxwn,,,Bellecour / Cordeliers,T3,353.0,1,436.0,1,1036.0,0,607.0,0,481.0,1,18.0,2,971.0,0,395.0,1,513.0,0,78.0,5,843.0,0,1848.0,0,2330.0,0,160.0,4,2324.0,0,,0,,0,,0,,0,,0
301,Vizzit,930.0,31.0,30.0,Studio,31 m² - Studio,69002,Lyon,45.76192,4.83467,https://www.vizzit.fr/fr/property/appartement/lyon-2/Axfu6acnqhyzaimy,,,Bellecour / Cordeliers,Studio/T1,133.0,2,474.0,1,848.0,0,776.0,0,286.0,1,252.0,1,1002.0,0,220.0,1,557.0,0,137.0,6,667.0,0,1704.0,0,2554.0,0,138.0,5,2170.0,0,,0,,0,,0,,0,,0
302,Vizzit,1120.0,58.0,19.31,Appartement,3 pièce - 58 m² - s,69003,Lyon,45.76199,4.84006,https://www.vizzit.fr/fr/property/appartement/lyon-3/A0dwxqh74t6eialj,,,Préfecture / Quais,T3,498.0,1,634.0,0,1088.0,0,383.0,1,581.0,0,208.0,2,812.0,0,610.0,0,543.0,0,204.0,11,889.0,0,1826.0,0,2139.0,0,381.0,2,2309.0,0,,0,,0,,0,,0,,0
303,Vizzit,1206.0,57.0,21.16,Appartement,2 pièce - 57 m² - s,69003,Lyon,45.76242,4.84299,https://www.vizzit.fr/fr/property/appartement/lyon-3/A13knecgt7olkg62,,,Préfecture / Quais,T2,716.0,0,831.0,0,1232.0,0,178.0,1,520.0,0,124.0,3,743.0,0,842.0,0,585.0,0,90.0,11,1036.0,0,1890.0,0,1921.0,0,267.0,4,2375.0,0,,0,,0,,0,,0,,0
304,Vizzit,1257.0,87.0,14.45,Appartement,3 pièce - 87 m² - s,69002,Lyon,45.76259,4.83269,https://www.vizzit.fr/fr/property/appartement/lyon-2/Apz3c509d6h9b5vb,,,Bellecour / Cordeliers,T3,94.0,3,571.0,0,723.0,0,912.0,0,200.0,1,423.0,1,1049.0,0,208.0,1,527.0,0,307.0,6,560.0,0,1606.0,0,2715.0,0,176.0,6,2061.0,0,,0,,0,,0,,0,,0
305,Vizzit,990.0,70.0,14.14,Appartement,2 pièce - 70 m² - s,69005,Lyon,45.76294,4.82792,https://www.vizzit.fr/fr/property/appartement/lyon-5/Aekxh3b0271cxxay,,,Vieux Lyon,T2,443.0,2,470.0,1,674.0,0,1060.0,0,449.0,1,786.0,0,1094.0,0,426.0,1,526.0,0,384.0,2,602.0,0,1568.0,0,3087.0,0,356.0,4,1979.0,0,,0,,0,,0,,0,,0
306,Vizzit,1090.0,49.0,22.24,Appartement,2 pièce - 49 m² - s,69005,Lyon,45.76298,4.82774,https://www.vizzit.fr/fr/property/appartement/lyon-5/Aliwfupv8ghkm1hm,,,Vieux Lyon,T2,450.0,2,469.0,1,674.0,0,1066.0,0,461.0,1,801.0,0,1080.0,0,440.0,1,534.0,0,396.0,2,606.0,0,1566.0,0,3101.0,0,357.0,4,1974.0,0,,0,,0,,0,,0,,0
307,Vizzit,1520.0,87.0,17.47,Appartement,4 pièce - 87 m² - s,69003,Lyon,45.76327,4.84808,https://www.vizzit.fr/fr/property/appartement/lyon-3/Adk3ndklwqmyennd,,,Part-Dieu / Villette,Grand (T4+),685.0,0,769.0,0,1531.0,0,294.0,1,576.0,0,426.0,2,779.0,0,1248.0,0,760.0,0,90.0,10,1345.0,0,2051.0,0,1554.0,0,65.0,7,2527.0,0,,0,,0,,0,,0,,0
308,Vizzit,890.0,27.0,32.96,Studio,27 m² - Studio,69003,Lyon,45.76361,4.86148,https://www.vizzit.fr/fr/property/appartement/lyon-3/Ab4dkxdqaimps9dx,,,Part-Dieu / Villette,Studio/T1,638.0,0,252.0,1,2508.0,0,720.0,0,762.0,0,1284.0,0,894.0,0,2278.0,0,810.0,0,335.0,3,2338.0,0,2834.0,0,638.0,0,124.0,1,3268.0,0,,0,,0,,0,,0,,0
309,Vizzit,975.0,37.0,26.35,Appartement,2 pièce - 37 m² - s,69006,Lyon,45.76365,4.85476,https://www.vizzit.fr/fr/property/appartement/lyon-6/Aieocazkktyaxwx6,,,Brotteaux / Foch,T2,433.0,1,772.0,0,2003.0,0,600.0,0,698.0,0,892.0,0,1128.0,0,1764.0,0,718.0,0,28.0,10,1827.0,0,2403.0,0,1079.0,0,192.0,5,2857.0,0,,0,,0,,0,,0,,0
310,Vizzit,800.0,46.0,17.39,Appartement,2 pièce - 46 m² - s,69006,Lyon,45.76365,4.85476,https://www.vizzit.fr/fr/property/appartement/lyon-6/Aairce4nv61f2ifg,,,Brotteaux / Foch,T2,433.0,1,772.0,0,2003.0,0,600.0,0,698.0,0,892.0,0,1128.0,0,1764.0,0,718.0,0,28.0,10,1827.0,0,2403.0,0,1079.0,0,192.0,5,2857.0,0,,0,,0,,0,,0,,0
311,Vizzit,950.0,28.0,33.93,Appartement,2 pièce - 28 m² - s,69002,Lyon,45.76371,4.83764,https://www.vizzit.fr/fr/property/appartement/lyon-2/A1cbrlf4vt55wpss,,,Bellecour / Cordeliers,T2,310.0,2,709.0,0,820.0,0,520.0,0,339.0,1,290.0,2,706.0,0,524.0,0,773.0,0,40.0,11,621.0,0,1577.0,0,2355.0,0,276.0,3,2057.0,0,,0,,0,,0,,0,,0
312,Vizzit,1590.0,97.0,16.39,Appartement,3 pièce - 97 m² - s,69005,Lyon,45.76396,4.82889,https://www.vizzit.fr/fr/property/appartement/lyon-5/A707c4vx0p8lhnko,,,Vieux Lyon,T3,312.0,3,604.0,0,548.0,0,1169.0,0,349.0,1,754.0,0,994.0,0,451.0,1,625.0,0,413.0,3,466.0,1,1448.0,0,3028.0,0,288.0,6,1869.0,0,,0,,0,,0,,0,,0
313,Vizzit,758.0,33.0,22.97,Appartement,2 pièce - 33 m² - s,69002,Lyon,45.76401,4.8349,https://www.vizzit.fr/fr/property/appartement/lyon-2/Alcz9l7daheqzs5s,,,Bellecour / Cordeliers,T2,146.0,3,706.0,0,655.0,0,733.0,0,124.0,1,390.0,1,816.0,0,413.0,1,750.0,0,199.0,7,462.0,1,1481.0,0,2570.0,0,97.0,7,1952.0,0,,0,,0,,0,,0,,0
314,Vizzit,700.0,30.0,23.33,Appartement,3 pièce - 30 m² - s,69006,Lyon,45.76405,4.86778,https://www.vizzit.fr/fr/property/appartement/lyon-6/Afuhaa932jiszglz,,,Brotteaux / Foch,T3,1075.0,0,240.0,1,2976.0,0,1049.0,0,969.0,0,1719.0,0,571.0,0,2769.0,0,1099.0,0,156.0,1,2812.0,0,3239.0,0,490.0,1,368.0,1,3651.0,0,,0,,0,,0,,0,,0
315,Vizzit,990.0,60.0,16.5,Appartement,2 pièce - 60 m² - s,69006,Lyon,45.7641,4.85523,https://www.vizzit.fr/fr/property/appartement/lyon-6/Aypm4qzvu706pn6w,,,Brotteaux / Foch,T2,481.0,1,736.0,0,2024.0,0,544.0,0,672.0,0,894.0,0,1134.0,0,1810.0,0,663.0,0,87.0,10,1852.0,0,2402.0,0,1068.0,0,222.0,4,2852.0,0,,0,,0,,0,,0,,0
316,Vizzit,1100.0,46.0,23.91,Appartement,2 pièce - 46 m² - s,69006,Lyon,45.7642,4.8428,https://www.vizzit.fr/fr/property/appartement/lyon-6/Ad8d7yfluv3dmqik,,,Brotteaux / Foch,T2,713.0,0,874.0,0,1116.0,0,131.0,1,322.0,1,79.0,2,544.0,0,894.0,0,784.0,0,86.0,10,927.0,0,1715.0,0,1977.0,0,141.0,6,2199.0,0,,0,,0,,0,,0,,0
317,Vizzit,460.0,58.0,7.93,Appartement,3 pièce - 58 m² - s,69006,Lyon,45.76422,4.8494,https://www.vizzit.fr/fr/property/appartement/lyon-6/A3y6bre9kz3n2o8c,,,Brotteaux / Foch,T3,677.0,0,646.0,0,1588.0,0,397.0,1,569.0,0,492.0,1,762.0,0,1374.0,0,844.0,0,141.0,12,1409.0,0,2046.0,0,1488.0,0,180.0,8,2515.0,0,,0,,0,,0,,0,,0
318,Vizzit,897.0,54.0,16.61,Appartement,2 pièce - 54 m² - s,69002,Lyon,45.76432,4.83714,https://www.vizzit.fr/fr/property/appartement/lyon-2/Al8l632s44fxt0kp,,,Bellecour / Cordeliers,T2,301.0,3,763.0,0,745.0,0,563.0,0,293.0,1,360.0,2,673.0,0,542.0,0,850.0,0,117.0,9,546.0,0,1500.0,0,2407.0,0,198.0,4,1980.0,0,,0,,0,,0,,0,,0
319,Vizzit,1025.0,50.0,20.5,Appartement,3 pièce - 50 m² - s,69005,Lyon,45.76458,4.8274,https://www.vizzit.fr/fr/property/appartement/lyon-5/Aly13kdgwalvi7l1,,,Vieux Lyon,T3,381.0,2,630.0,0,514.0,0,1246.0,0,463.0,1,888.0,0,937.0,0,578.0,0,713.0,0,308.0,2,483.0,1,1393.0,0,3153.0,0,340.0,2,1796.0,0,,0,,0,,0,,0,,0
320,Vizzit,1467.0,72.0,20.38,Appartement,3 pièce - 72 m² - s,69005,Lyon,45.76463,4.82845,https://www.vizzit.fr/fr/property/appartement/lyon-5/A29ebami9h47cl9z,,,Vieux Lyon,T3,303.0,3,659.0,0,482.0,1,1237.0,0,383.0,1,818.0,0,921.0,0,531.0,0,703.0,0,332.0,2,424.0,1,1377.0,0,3074.0,0,266.0,4,1793.0,0,,0,,0,,0,,0,,0
321,Vizzit,2350.0,100.0,23.5,Appartement,4 pièce - 100 m² - s,69006,Lyon,45.76494,4.86577,https://www.vizzit.fr/fr/property/appartement/lyon-6/Anay0eyc968if05i,,,Brotteaux / Foch,Grand (T4+),991.0,0,149.0,1,2806.0,0,864.0,0,790.0,0,1537.0,0,740.0,0,2630.0,0,915.0,0,113.0,1,2645.0,0,3055.0,0,602.0,0,245.0,1,3466.0,0,,0,,0,,0,,0,,0
322,Vizzit,661.0,29.0,22.79,Appartement,1 pièce - 29 m²,69006,Lyon,45.76508,4.84281,https://www.vizzit.fr/fr/property/appartement/lyon-6/As1fejvboy53hdn7,,,Brotteaux / Foch,Studio/T1,739.0,0,804.0,0,1075.0,0,193.0,1,225.0,1,176.0,2,447.0,1,941.0,0,881.0,0,95.0,7,892.0,0,1636.0,0,2003.0,0,146.0,7,2118.0,0,,0,,0,,0,,0,,0
323,Vizzit,800.0,25.0,32.0,Appartement,2 pièce - 25 m² - s,69006,Lyon,45.76509,4.85452,https://www.vizzit.fr/fr/property/appartement/lyon-6/Aflv6d8bqc1s4k0j,,,Brotteaux / Foch,T2,595.0,0,631.0,0,1945.0,0,449.0,1,549.0,0,777.0,0,1034.0,0,1783.0,0,566.0,0,34.0,9,1777.0,0,2293.0,0,1170.0,0,140.0,4,2739.0,0,,0,,0,,0,,0,,0
324,Vizzit,870.0,33.0,26.36,Appartement,2 pièce - 33 m² - s,69002,Lyon,45.76518,4.83514,https://www.vizzit.fr/fr/property/appartement/lyon-2/Abozg5krb6jdoqj8,,,Bellecour / Cordeliers,T2,248.0,3,837.0,0,567.0,0,732.0,0,167.0,1,495.0,1,717.0,0,538.0,0,871.0,0,88.0,8,368.0,1,1360.0,0,2579.0,0,95.0,6,1835.0,0,,0,,0,,0,,0,,0
325,Vizzit,1020.0,54.0,18.89,Appartement,2 pièce - 54 m² - s,69006,Lyon,45.7652,4.86536,https://www.vizzit.fr/fr/property/appartement/lyon-6/Ayahh3ykq1gtdpug,,,Brotteaux / Foch,T2,983.0,0,161.0,1,2770.0,0,822.0,0,747.0,0,1497.0,0,782.0,0,2604.0,0,872.0,0,145.0,1,2610.0,0,3014.0,0,638.0,0,236.0,1,3424.0,0,,0,,0,,0,,0,,0
326,Vizzit,1263.0,56.0,22.55,Appartement,2 pièce - 56 m² - s,69006,Lyon,45.76533,4.84621,https://www.vizzit.fr/fr/property/appartement/lyon-6/Acmpe6kyitnjm7b0,,,Brotteaux / Foch,T2,941.0,0,613.0,0,1314.0,0,231.0,1,312.0,1,220.0,2,508.0,0,1187.0,0,928.0,0,203.0,10,1139.0,0,1784.0,0,1763.0,0,155.0,9,2258.0,0,,0,,0,,0,,0,,0
327,Vizzit,700.0,25.0,28.0,Studio,25 m² - Studio,69001,Lyon,45.76544,4.83264,https://www.vizzit.fr/fr/property/appartement/lyon-1/Age74c4o6ydxrqso,,,Terreaux / Hotel de Ville,Studio/T1,55.0,4,880.0,0,427.0,1,928.0,0,136.0,1,622.0,0,865.0,0,524.0,0,821.0,0,240.0,7,247.0,1,1292.0,0,2775.0,0,111.0,5,1751.0,0,,0,,0,,0,,0,,0
328,Vizzit,700.0,13.0,53.85,Studio,13 m² - Studio,69001,Lyon,45.76544,4.83264,https://www.vizzit.fr/fr/property/appartement/lyon-1/An8s64ie41qtdbv1,,,Terreaux / Hotel de Ville,Studio/T1,55.0,4,880.0,0,427.0,1,928.0,0,136.0,1,622.0,0,865.0,0,524.0,0,821.0,0,240.0,7,247.0,1,1292.0,0,2775.0,0,111.0,5,1751.0,0,,0,,0,,0,,0,,0
329,Vizzit,738.0,51.0,14.47,Appartement,2 pièce - 51 m² - s,69005,Lyon,45.76553,4.82733,https://www.vizzit.fr/fr/property/appartement/lyon-5/As63zd7r0ni6si4y,,,Vieux Lyon,T2,365.0,2,732.0,0,422.0,1,1335.0,0,487.0,1,943.0,0,833.0,0,663.0,0,817.0,0,205.0,2,422.0,1,1290.0,0,3179.0,0,315.0,2,1690.0,0,,0,,0,,0,,0,,0
330,Vizzit,870.0,52.0,16.73,Appartement,2 pièce - 52 m² - s,69006,Lyon,45.76579,4.86797,https://www.vizzit.fr/fr/property/appartement/lyon-6/Alppfr7qwfchwg3r,,,Brotteaux / Foch,T2,1185.0,0,334.0,1,2962.0,0,977.0,0,855.0,0,1669.0,0,739.0,0,2816.0,0,1008.0,0,268.0,1,2806.0,0,3171.0,0,684.0,0,440.0,1,3570.0,0,,0,,0,,0,,0,,0
331,Vizzit,1155.0,78.0,14.81,Appartement,3 pièce - 78 m² - s,69006,Lyon,45.765912,4.843917,https://www.vizzit.fr/fr/property/appartement/lyon-6/Aulguom5j564odyu,,,Brotteaux / Foch,T3,852.0,0,679.0,0,1125.0,0,246.0,1,147.0,1,85.0,2,370.0,1,1063.0,0,972.0,0,151.0,6,952.0,0,1617.0,0,1952.0,0,35.0,7,2095.0,0,,0,,0,,0,,0,,0
332,Vizzit,780.0,36.0,21.67,Appartement,2 pièce - 36 m² - s,69005,Lyon,45.76592,4.82627,https://www.vizzit.fr/fr/property/appartement/lyon-5/A4a5km3tkr9izyto,,,Vieux Lyon,T2,448.0,2,763.0,0,435.0,1,1406.0,0,578.0,0,1036.0,0,811.0,0,748.0,0,880.0,0,150.0,2,474.0,1,1266.0,0,3268.0,0,395.0,2,1648.0,0,,0,,0,,0,,0,,0
333,Vizzit,920.0,35.0,26.29,Appartement,1 pièce - 35 m²,69006,Lyon,45.76595,4.85218,https://www.vizzit.fr/fr/property/appartement/lyon-6/Abujzi6fu3911tnj,,,Brotteaux / Foch,Studio/T1,729.0,0,469.0,1,1748.0,0,457.0,1,384.0,1,582.0,0,829.0,0,1640.0,0,559.0,0,47.0,8,1584.0,0,2089.0,0,1375.0,0,269.0,6,2539.0,0,,0,,0,,0,,0,,0
334,Vizzit,715.0,30.0,23.83,Appartement,1 pièce - 30 m²,69006,Lyon,45.76601,4.84381,https://www.vizzit.fr/fr/property/appartement/lyon-6/Ajlmbgk6ecged6o7,,,Brotteaux / Foch,Studio/T1,849.0,0,678.0,0,1114.0,0,258.0,1,133.0,1,76.0,2,358.0,1,1062.0,0,982.0,0,145.0,6,941.0,0,1603.0,0,1964.0,0,35.0,7,2081.0,0,,0,,0,,0,,0,,0
335,Vizzit,900.0,32.0,28.12,Appartement,2 pièce - 32 m² - s,69006,Lyon,45.76626,4.86096,https://www.vizzit.fr/fr/property/appartement/lyon-6/A409apk0moq709rj,,,Brotteaux / Foch,T2,842.0,0,398.0,1,2416.0,0,474.0,1,468.0,1,1136.0,0,1101.0,0,2299.0,0,543.0,0,237.0,4,2260.0,0,2656.0,0,890.0,0,316.0,3,3071.0,0,,0,,0,,0,,0,,0
336,Vizzit,775.0,27.0,28.7,Appartement,2 pièce - 27 m² - s,69005,Lyon,45.76627,4.81867,https://www.vizzit.fr/fr/property/appartement/lyon-5/A2yieypg9130kbah,,,Vieux Lyon,T2,1039.0,0,958.0,0,926.0,0,1646.0,0,1160.0,0,1536.0,0,363.0,1,1231.0,0,754.0,0,472.0,1,1036.0,0,1358.0,0,3670.0,0,715.0,0,1739.0,0,,0,,0,,0,,0,,0
337,Vizzit,356.0,16.0,22.25,Appartement,1 pièce - 16 m²,69001,Lyon,45.76659,4.83425,https://www.vizzit.fr/fr/property/appartement/lyon-1/A6g1sqo1ebh8mgjc,,,Terreaux / Hotel de Ville,Studio/T1,169.0,4,993.0,0,411.0,1,845.0,0,261.0,1,666.0,0,697.0,0,667.0,0,983.0,0,62.0,7,214.0,1,1191.0,0,2687.0,0,158.0,5,1664.0,0,,0,,0,,0,,0,,0
338,Vizzit,995.0,51.0,19.51,Appartement,1 pièce - 51 m²,69001,Lyon,45.76659,4.83425,https://www.vizzit.fr/fr/property/appartement/lyon-1/Akzd9mqb33753yj6,,,Terreaux / Hotel de Ville,Studio/T1,169.0,4,993.0,0,411.0,1,845.0,0,261.0,1,666.0,0,697.0,0,667.0,0,983.0,0,62.0,7,214.0,1,1191.0,0,2687.0,0,158.0,5,1664.0,0,,0,,0,,0,,0,,0
339,Vizzit,1394.0,69.0,20.2,Appartement,2 pièce - 69 m² - s,69001,Lyon,45.76659,4.83425,https://www.vizzit.fr/fr/property/appartement/lyon-1/Aaz1wm4shxz12q90,,,Terreaux / Hotel de Ville,T2,169.0,4,993.0,0,411.0,1,845.0,0,261.0,1,666.0,0,697.0,0,667.0,0,983.0,0,62.0,7,214.0,1,1191.0,0,2687.0,0,158.0,5,1664.0,0,,0,,0,,0,,0,,0
340,Vizzit,1380.0,98.0,14.08,Appartement,3 pièce - 98 m² - s,69001,Lyon,45.76659,4.83425,https://www.vizzit.fr/fr/property/appartement/lyon-1/A88zcmj1j1m1caei,,,Terreaux / Hotel de Ville,T3,169.0,4,993.0,0,411.0,1,845.0,0,261.0,1,666.0,0,697.0,0,667.0,0,983.0,0,62.0,7,214.0,1,1191.0,0,2687.0,0,158.0,5,1664.0,0,,0,,0,,0,,0,,0
341,Vizzit,1002.0,71.0,14.11,Appartement,2 pièce - 71 m² - s,69001,Lyon,45.76659,4.83425,https://www.vizzit.fr/fr/property/appartement/lyon-1/Auyajy6k16lqpbsv,,,Terreaux / Hotel de Ville,T2,169.0,4,993.0,0,411.0,1,845.0,0,261.0,1,666.0,0,697.0,0,667.0,0,983.0,0,62.0,7,214.0,1,1191.0,0,2687.0,0,158.0,5,1664.0,0,,0,,0,,0,,0,,0
342,Vizzit,635.0,22.0,28.86,Studio,22 m² - Studio,69001,Lyon,45.76675,4.83261,https://www.vizzit.fr/fr/property/appartement/lyon-1/Aroca1p77nbvtgsm,,,Terreaux / Hotel de Ville,Studio/T1,45.0,4,1017.0,0,306.0,1,970.0,0,276.0,1,742.0,0,729.0,0,670.0,0,961.0,0,180.0,7,109.0,1,1147.0,0,2814.0,0,121.0,5,1609.0,0,,0,,0,,0,,0,,0
343,Vizzit,950.0,40.0,23.75,Appartement,2 pièce - 40 m² - s,69001,Lyon,45.76677,4.83477,https://www.vizzit.fr/fr/property/appartement/lyon-1/Ar90a2qje59c9x33,,,Terreaux / Hotel de Ville,T2,205.0,4,1013.0,0,433.0,1,816.0,0,293.0,1,670.0,0,652.0,0,696.0,0,1017.0,0,18.0,7,242.0,1,1182.0,0,2654.0,0,136.0,5,1659.0,0,,0,,0,,0,,0,,0
344,Vizzit,1750.0,62.0,28.23,Appartement,3 pièce - 62 m² - s,69006,Lyon,45.76716,4.85593,https://www.vizzit.fr/fr/property/appartement/lyon-6/Ape7920clxr229x0,,,Brotteaux / Foch,T3,822.0,0,530.0,0,2018.0,0,200.0,1,416.0,2,738.0,0,1065.0,0,1960.0,0,318.0,1,70.0,8,1865.0,0,2264.0,0,1222.0,0,123.0,2,2689.0,0,,0,,0,,0,,0,,0
345,Vizzit,1750.0,60.0,29.17,Appartement,2 pièce - 60 m² - s,69006,Lyon,45.76717,4.85476,https://www.vizzit.fr/fr/property/appartement/lyon-6/Aqgeo515f4egfw73,,,Brotteaux / Foch,T2,824.0,0,460.0,1,1927.0,0,228.0,1,390.0,2,656.0,0,976.0,0,1876.0,0,341.0,1,89.0,8,1775.0,0,2184.0,0,1290.0,0,140.0,3,2614.0,0,,0,,0,,0,,0,,0
346,Vizzit,795.0,26.0,30.58,Studio,26 m² - Studio,69001,Lyon,45.76721,4.83167,https://www.vizzit.fr/fr/property/appartement/lyon-1/Abg5l3j3gk1uss1o,,,Terreaux / Hotel de Ville,Studio/T1,44.0,3,1024.0,0,220.0,1,1057.0,0,347.0,1,825.0,0,657.0,0,723.0,0,997.0,0,224.0,7,46.0,1,1087.0,0,2899.0,0,48.0,5,1542.0,0,,0,,0,,0,,0,,0
347,Vizzit,1142.0,54.0,21.15,Appartement,3 pièce - 54 m² - s,69006,Lyon,45.76722,4.84746,https://www.vizzit.fr/fr/property/appartement/lyon-6/Afbb7xrnk8wcqy06,,,Brotteaux / Foch,T3,1030.0,0,384.0,1,1364.0,0,459.0,1,338.0,2,267.0,2,438.0,1,1373.0,0,763.0,0,296.0,9,1208.0,0,1713.0,0,1763.0,0,193.0,7,2172.0,0,,0,,0,,0,,0,,0
348,Vizzit,390.0,11.0,35.45,Appartement,1 pièce - 11 m²,69006,Lyon,45.76787,4.85736,https://www.vizzit.fr/fr/property/appartement/lyon-6/Abducoznd8vpyixv,,,Brotteaux / Foch,Studio/T1,913.0,0,587.0,0,2123.0,0,149.0,1,292.0,1,814.0,0,1162.0,0,2092.0,0,247.0,1,74.0,7,1976.0,0,2326.0,0,1202.0,0,240.0,3,2739.0,0,,0,,0,,0,,0,,0
349,Vizzit,900.0,29.0,31.03,Appartement,1 pièce - 29 m²,69006,Lyon,45.76789,4.85695,https://www.vizzit.fr/fr/property/appartement/lyon-6/A9per9o4h5pr3jst,,,Brotteaux / Foch,Studio/T1,911.0,0,557.0,0,2091.0,0,130.0,1,305.0,1,783.0,0,1130.0,0,2064.0,0,237.0,1,46.0,7,1944.0,0,2297.0,0,1225.0,0,226.0,3,2711.0,0,,0,,0,,0,,0,,0
350,Vizzit,1430.0,66.0,21.67,Appartement,3 pièce - 66 m² - s,69001,Lyon,45.7679,4.82931,https://www.vizzit.fr/fr/property/appartement/lyon-1/A42424dpsiht761d,,,Terreaux / Hotel de Ville,T3,242.0,3,1025.0,0,117.0,1,1255.0,0,507.0,0,998.0,0,555.0,0,833.0,0,1061.0,0,233.0,4,203.0,1,1009.0,0,3096.0,0,189.0,2,1436.0,0,,0,,0,,0,,0,,0
351,Vizzit,947.0,40.0,23.68,Appartement,2 pièce - 40 m² - s,69001,Lyon,45.76791,4.83625,https://www.vizzit.fr/fr/property/appartement/lyon-1/A0mkzfdasie9zeqs,,,Terreaux / Hotel de Ville,T2,327.0,3,1124.0,0,493.0,1,782.0,0,457.0,1,625.0,0,501.0,0,852.0,0,1180.0,0,57.0,6,340.0,1,1104.0,0,2587.0,0,188.0,7,1588.0,0,,0,,0,,0,,0,,0
352,Vizzit,650.0,28.0,23.21,Studio,28 m² - Studio,69001,Lyon,45.76791,4.83625,https://www.vizzit.fr/fr/property/appartement/lyon-1/A8gce0bpmbyo3d1y,,,Terreaux / Hotel de Ville,Studio/T1,327.0,3,1124.0,0,493.0,1,782.0,0,457.0,1,625.0,0,501.0,0,852.0,0,1180.0,0,57.0,6,340.0,1,1104.0,0,2587.0,0,188.0,7,1588.0,0,,0,,0,,0,,0,,0
353,Vizzit,390.0,15.0,26.0,Studio,15 m² - Studio,69006,Lyon,45.76791,4.85107,https://www.vizzit.fr/fr/property/appartement/lyon-6/Aofncf4uyyd1dsk0,,,Brotteaux / Foch,Studio/T1,964.0,0,236.0,1,1635.0,0,416.0,1,152.0,1,369.0,1,679.0,0,1653.0,0,478.0,1,128.0,7,1488.0,0,1896.0,0,1567.0,0,262.0,4,2334.0,0,,0,,0,,0,,0,,0
354,Vizzit,690.0,18.0,38.33,Studio,18 m² - Studio,69001,Lyon,45.76794,4.83183,https://www.vizzit.fr/fr/property/appartement/lyon-1/A68zcpc354v9pf1m,,,Terreaux / Hotel de Ville,Studio/T1,109.0,3,1102.0,0,171.0,1,1078.0,0,419.0,1,886.0,0,584.0,0,803.0,0,1079.0,0,141.0,7,39.0,1,1008.0,0,2911.0,0,34.0,5,1466.0,0,,0,,0,,0,,0,,0
355,Vizzit,1190.0,72.0,16.53,Appartement,3 pièce - 72 m² - s,69006,Lyon,45.76794,4.84353,https://www.vizzit.fr/fr/property/appartement/lyon-6/Arbtp60yoym9uf5e,,,Brotteaux / Foch,T3,844.0,0,581.0,0,1052.0,0,474.0,1,101.0,1,149.0,3,151.0,1,1178.0,0,1029.0,0,275.0,6,904.0,0,1432.0,0,2071.0,0,89.0,6,1903.0,0,,0,,0,,0,,0,,0
356,Vizzit,900.0,34.0,26.47,Appartement,2 pièce - 34 m² - s,69006,Lyon,45.76801,4.85441,https://www.vizzit.fr/fr/property/appartement/lyon-6/Au3wkcai3lxw8f4a,,,Brotteaux / Foch,T2,919.0,0,379.0,1,1894.0,0,175.0,1,318.0,2,592.0,0,933.0,0,1889.0,0,272.0,1,162.0,8,1747.0,0,2115.0,0,1373.0,0,208.0,2,2538.0,0,,0,,0,,0,,0,,0
357,Vizzit,430.0,12.0,35.83,Studio,12 m² - Studio,69009,Lyon,45.76811,4.79058,https://www.vizzit.fr/fr/property/appartement/lyon-9/Aa3l7biolj6gu35t,,,Vaise / Valmy,Studio/T1,3226.0,0,793.0,0,3061.0,0,3417.0,0,3345.0,0,3239.0,0,1882.0,0,3347.0,0,784.0,0,794.0,0,3205.0,0,2251.0,0,4994.0,0,437.0,1,3170.0,0,,0,,0,,0,,0,,0
358,Vizzit,800.0,30.0,26.67,Appartement,2 pièce - 30 m² - s,69001,Lyon,45.76816,4.83416,https://www.vizzit.fr/fr/property/appartement/lyon-1/A97v01s9mlb7msy1,,,Terreaux / Hotel de Ville,T2,199.0,3,1168.0,0,329.0,1,931.0,0,431.0,1,789.0,0,645.0,0,837.0,0,1145.0,0,146.0,6,187.0,1,1021.0,0,2749.0,0,198.0,5,1497.0,0,,0,,0,,0,,0,,0
359,Vizzit,845.0,24.0,35.21,Appartement,1 pièce - 24 m²,69006,Lyon,45.76848,4.8437,https://www.vizzit.fr/fr/property/appartement/lyon-6/Axnk1gzpfp08sb8h,,,Brotteaux / Foch,Studio/T1,845.0,0,548.0,0,1061.0,0,532.0,0,162.0,1,204.0,2,116.0,1,1229.0,0,1004.0,0,269.0,6,921.0,0,1400.0,0,2086.0,0,88.0,6,1867.0,0,,0,,0,,0,,0,,0
360,Vizzit,1121.0,76.0,14.75,Appartement,2 pièce - 76 m² - s,69001,Lyon,45.7685,4.83464,https://www.vizzit.fr/fr/property/appartement/lyon-1/Ab8c9lzcm9rt345y,,,Terreaux / Hotel de Ville,T2,190.0,3,1205.0,0,360.0,1,921.0,0,475.0,1,762.0,0,612.0,0,881.0,0,1193.0,0,95.0,6,236.0,1,996.0,0,2727.0,0,146.0,5,1476.0,0,,0,,0,,0,,0,,0
361,Vizzit,940.0,46.0,20.43,Appartement,2 pièce - 46 m² - s,69009,Lyon,45.76852,4.80297,https://www.vizzit.fr/fr/property/appartement/lyon-9/Aojb5yxr2jci56dq,,,Vaise / Valmy,T2,2269.0,0,176.0,1,2099.0,0,2641.0,0,2403.0,0,2331.0,0,973.0,0,2442.0,0,751.0,0,457.0,1,2246.0,0,1466.0,0,4438.0,0,700.0,0,2320.0,0,,0,,0,,0,,0,,0
362,Vizzit,585.0,19.0,30.79,Studio,19 m² - Studio,69006,Lyon,45.7686,4.85632,https://www.vizzit.fr/fr/property/appartement/lyon-6/A0bctqqn2ow9f0pm,,,Brotteaux / Foch,Studio/T1,984.0,0,482.0,1,2040.0,0,39.0,1,275.0,2,716.0,0,1074.0,0,2051.0,0,156.0,1,103.0,7,1898.0,0,2219.0,0,1317.0,0,267.0,3,2628.0,0,,0,,0,,0,,0,,0
363,Vizzit,1890.0,108.0,17.5,Appartement,4 pièce - 108 m² - s,69006,Lyon,45.76876,4.85676,https://www.vizzit.fr/fr/property/appartement/lyon-6/A022io16wy85yctx,,,Brotteaux / Foch,Grand (T4+),1005.0,0,510.0,0,2074.0,0,47.0,1,238.0,2,747.0,0,1108.0,0,2090.0,0,139.0,1,122.0,6,1933.0,0,2242.0,0,1308.0,0,291.0,3,2649.0,0,,0,,0,,0,,0,,0
364,Vizzit,620.0,24.0,25.83,Studio,24 m² - Studio,69006,Lyon,45.76887,4.85479,https://www.vizzit.fr/fr/property/appartement/lyon-6/A0j2e0pzorckeoqs,,,Brotteaux / Foch,Studio/T1,1012.0,0,361.0,1,1921.0,0,111.0,1,319.0,2,594.0,0,955.0,0,1958.0,0,180.0,1,184.0,7,1782.0,0,2098.0,0,1419.0,0,150.0,2,2511.0,0,,0,,0,,0,,0,,0
365,Vizzit,1150.0,60.0,19.17,Appartement,2 pièce - 60 m² - s,69001,Lyon,45.76891,4.83212,https://www.vizzit.fr/fr/property/appartement/lyon-1/A3uw4244m4kavm13,,,Terreaux / Hotel de Ville,T2,113.0,3,1209.0,0,163.0,1,1110.0,0,519.0,0,963.0,0,492.0,1,910.0,0,1189.0,0,32.0,7,147.0,1,904.0,0,2926.0,0,144.0,5,1368.0,0,,0,,0,,0,,0,,0
366,Vizzit,880.0,33.0,26.67,Appartement,2 pièce - 33 m² - s,69001,Lyon,45.76892,4.83432,https://www.vizzit.fr/fr/property/appartement/lyon-1/Atkdmhr3612278lu,,,Terreaux / Hotel de Ville,T2,140.0,3,1252.0,0,333.0,1,969.0,0,516.0,0,800.0,0,587.0,0,923.0,0,1229.0,0,112.0,6,239.0,1,944.0,0,2768.0,0,132.0,5,1423.0,0,,0,,0,,0,,0,,0
367,Vizzit,950.0,42.0,22.62,Appartement,2 pièce - 42 m² - s,69009,Lyon,45.76899,4.80542,https://www.vizzit.fr/fr/property/appartement/lyon-9/Agh2wmki26oqmtid,,,Vaise / Valmy,T2,2085.0,0,373.0,1,1909.0,0,2533.0,0,2229.0,0,2137.0,0,784.0,0,2286.0,0,911.0,0,281.0,2,2059.0,0,1304.0,0,4381.0,0,561.0,0,2137.0,0,,0,,0,,0,,0,,0
368,Vizzit,805.0,35.0,23.0,Appartement,1 pièce - 35 m²,69001,Lyon,45.76899,4.83492,https://www.vizzit.fr/fr/property/appartement/lyon-1/A6i9fyvjksjd1za1,,,Terreaux / Hotel de Ville,Studio/T1,174.0,3,1208.0,0,380.0,1,937.0,0,533.0,0,758.0,0,587.0,0,939.0,0,1251.0,0,67.0,6,282.0,1,953.0,0,2727.0,0,91.0,5,1435.0,0,,0,,0,,0,,0,,0
369,Vizzit,800.0,46.0,17.39,Appartement,2 pièce - 46 m² - s,69001,Lyon,45.76899,4.83492,https://www.vizzit.fr/fr/property/appartement/lyon-1/A6d3landgzcz3zk2,,,Terreaux / Hotel de Ville,T2,174.0,3,1208.0,0,380.0,1,937.0,0,533.0,0,758.0,0,587.0,0,939.0,0,1251.0,0,67.0,6,282.0,1,953.0,0,2727.0,0,91.0,5,1435.0,0,,0,,0,,0,,0,,0
370,Vizzit,622.0,36.0,17.28,Studio,36 m² - Studio,69001,Lyon,45.76899,4.83492,https://www.vizzit.fr/fr/property/appartement/lyon-1/A864a8a0tss3swes,,,Terreaux / Hotel de Ville,Studio/T1,174.0,3,1208.0,0,380.0,1,937.0,0,533.0,0,758.0,0,587.0,0,939.0,0,1251.0,0,67.0,6,282.0,1,953.0,0,2727.0,0,91.0,5,1435.0,0,,0,,0,,0,,0,,0
371,Vizzit,360.0,12.0,30.0,Studio,12 m² - Studio,69001,Lyon,45.769,4.82817,https://www.vizzit.fr/fr/property/appartement/lyon-1/Aslwiytfhxgqwi4s,,,Terreaux / Hotel de Ville,Studio/T1,381.0,3,1123.0,0,145.0,1,1385.0,0,658.0,0,963.0,0,442.0,1,977.0,0,1188.0,0,234.0,3,328.0,1,899.0,0,3218.0,0,314.0,2,1306.0,0,,0,,0,,0,,0,,0
372,Vizzit,1080.0,42.0,25.71,Appartement,2 pièce - 42 m² - s,69006,Lyon,45.76921,4.8525,https://www.vizzit.fr/fr/property/appartement/lyon-6/Auvvohzt0f9a47bo,,,Brotteaux / Foch,T2,1072.0,0,183.0,1,1744.0,0,290.0,1,139.0,1,413.0,1,777.0,0,1822.0,0,319.0,1,283.0,7,1609.0,0,1922.0,0,1572.0,0,81.0,2,2341.0,0,,0,,0,,0,,0,,0
373,Vizzit,747.0,46.0,16.24,Appartement,3 pièce - 46 m² - s,69001,Lyon,45.7693,4.8263,https://www.vizzit.fr/fr/property/appartement/lyon-1/Axo212ihc0b6d2jc,,,Pentes Croix-Rousse,T3,519.0,0,1139.0,0,294.0,1,1531.0,0,779.0,0,964.0,0,464.0,1,1064.0,0,1243.0,0,226.0,3,473.0,1,906.0,0,3366.0,0,459.0,1,1273.0,0,,0,,0,,0,,0,,0
374,Vizzit,1100.0,45.0,24.44,Appartement,2 pièce - 45 m² - s,69001,Lyon,45.76935,4.81825,https://www.vizzit.fr/fr/property/appartement/lyon-1/Azobguoig042hlh7,,,Pentes Croix-Rousse,T2,1109.0,0,885.0,0,915.0,0,1964.0,0,1299.0,0,1294.0,0,225.0,1,1458.0,0,1014.0,0,544.0,0,1076.0,0,1015.0,0,3965.0,0,527.0,0,1444.0,0,,0,,0,,0,,0,,0
375,Vizzit,2950.0,205.0,14.39,Appartement,6 pièce - 205 m² - s,69001,Lyon,45.76947,4.82676,https://www.vizzit.fr/fr/property/appartement/lyon-1/Afl41892hv8t0xp3,,,Pentes Croix-Rousse,Grand (T4+),482.0,1,1160.0,0,263.0,1,1506.0,0,768.0,0,935.0,0,430.0,1,1066.0,0,1255.0,0,246.0,3,449.0,1,876.0,0,3339.0,0,435.0,1,1252.0,0,,0,,0,,0,,0,,0
376,Vizzit,630.0,21.0,30.0,Studio,21 m² - Studio,69006,Lyon,45.76949,4.85366,https://www.vizzit.fr/fr/property/appartement/lyon-6/A7x7tvpthvhwxfg3,,,Brotteaux / Foch,Studio/T1,1088.0,0,257.0,1,1835.0,0,208.0,1,230.0,2,497.0,1,868.0,0,1915.0,0,224.0,1,295.0,7,1702.0,0,1990.0,0,1529.0,0,39.0,2,2401.0,0,,0,,0,,0,,0,,0
377,Vizzit,450.0,17.0,26.47,Studio,17 m² - Studio,69009,Lyon,45.76953,4.80168,https://www.vizzit.fr/fr/property/appartement/lyon-9/Aby5uyn2r0tyi6jy,,,Vaise / Valmy,Studio/T1,2380.0,0,177.0,1,2200.0,0,2790.0,0,2525.0,0,2377.0,0,1077.0,0,2577.0,0,800.0,0,496.0,1,2353.0,0,1458.0,0,4586.0,0,660.0,0,2340.0,0,,0,,0,,0,,0,,0
378,Vizzit,777.0,34.0,22.85,Appartement,1 pièce - 34 m²,69001,Lyon,45.76992,4.82971,https://www.vizzit.fr/fr/property/appartement/lyon-1/Aacem29i210vjl9a,,,Pentes Croix-Rousse,Studio/T1,253.0,2,1250.0,0,124.0,1,1328.0,0,684.0,0,849.0,0,332.0,1,1043.0,0,1222.0,0,204.0,4,309.0,1,782.0,0,3141.0,0,297.0,3,1217.0,0,,0,,0,,0,,0,,0
379,Vizzit,1160.0,48.0,24.17,Appartement,2 pièce - 48 m² - s,69001,Lyon,45.76992,4.82971,https://www.vizzit.fr/fr/property/appartement/lyon-1/Aspfn9roumvho6g6,,,Pentes Croix-Rousse,T2,253.0,2,1250.0,0,124.0,1,1328.0,0,684.0,0,849.0,0,332.0,1,1043.0,0,1222.0,0,204.0,4,309.0,1,782.0,0,3141.0,0,297.0,3,1217.0,0,,0,,0,,0,,0,,0
380,Vizzit,590.0,16.0,36.88,Studio,16 m² - Studio,69009,Lyon,45.76994,4.79843,https://www.vizzit.fr/fr/property/appartement/lyon-9/Asw27ak35tb0xhoe,,,Vaise / Valmy,Studio/T1,2636.0,0,279.0,1,2454.0,0,3015.0,0,2781.0,0,2597.0,0,1332.0,0,2828.0,0,780.0,0,410.0,1,2608.0,0,1627.0,0,4767.0,0,790.0,0,2536.0,0,,0,,0,,0,,0,,0
381,Vizzit,316.0,16.0,19.75,Studio,16 m² - Studio,69009,Lyon,45.76994,4.79843,https://www.vizzit.fr/fr/property/appartement/lyon-9/Aoqt530hxjkorjpo,,,Vaise / Valmy,Studio/T1,2636.0,0,279.0,1,2454.0,0,3015.0,0,2781.0,0,2597.0,0,1332.0,0,2828.0,0,780.0,0,410.0,1,2608.0,0,1627.0,0,4767.0,0,790.0,0,2536.0,0,,0,,0,,0,,0,,0
382,Vizzit,990.0,80.0,12.38,Appartement,3 pièce - 80 m² - s,69001,Lyon,45.77002,4.8347,https://www.vizzit.fr/fr/property/appartement/lyon-1/A2hbc9r0d9wv8or4,,,Pentes Croix-Rousse,T3,139.0,2,1220.0,0,386.0,1,1025.0,0,642.0,0,820.0,0,524.0,0,1048.0,0,1205.0,0,155.0,5,347.0,1,841.0,0,2789.0,0,96.0,3,1324.0,0,,0,,0,,0,,0,,0
383,Vizzit,834.0,30.0,27.8,Appartement,1 pièce - 30 m²,69004,Lyon,45.77003,4.82839,https://www.vizzit.fr/fr/property/appartement/lyon-4/Akdgpcfaxljoc5e3,,,Croix-Rousse Plateau,Studio/T1,356.0,2,1239.0,0,185.0,1,1422.0,0,742.0,0,847.0,0,327.0,1,1080.0,0,1232.0,0,304.0,3,383.0,1,783.0,0,3241.0,0,370.0,1,1193.0,0,,0,,0,,0,,0,,0
384,Vizzit,1950.0,105.0,18.57,Appartement,3 pièce - 105 m² - s,69006,Lyon,45.77018,4.85663,https://www.vizzit.fr/fr/property/appartement/lyon-6/A1xqteyld2ut6lvs,,,Brotteaux / Foch,T3,1161.0,0,482.0,1,2052.0,0,141.0,1,183.0,2,726.0,0,1104.0,0,2153.0,0,24.0,1,278.0,4,1940.0,0,2174.0,0,1440.0,0,266.0,3,2564.0,0,,0,,0,,0,,0,,0
385,Vizzit,660.0,27.0,24.44,Studio,27 m² - Studio,69006,Lyon,45.77031,4.85727,https://www.vizzit.fr/fr/property/appartement/lyon-6/Av2ihzevv77wgx0b,,,Brotteaux / Foch,Studio/T1,1181.0,0,532.0,0,2093.0,0,172.0,1,133.0,1,776.0,0,1155.0,0,2203.0,0,72.0,1,299.0,4,1992.0,0,2215.0,0,1423.0,0,318.0,3,2602.0,0,,0,,0,,0,,0,,0
386,Vizzit,885.0,46.0,19.24,Appartement,2 pièce - 46 m² - s,69001,Lyon,45.77034,4.83253,https://www.vizzit.fr/fr/property/appartement/lyon-1/Av7pce0tmkzt25uo,,,Pentes Croix-Rousse,T2,74.0,2,1367.0,0,257.0,1,1175.0,0,672.0,0,824.0,0,376.0,1,1069.0,0,1157.0,0,131.0,5,309.0,1,754.0,0,2957.0,0,265.0,2,1226.0,0,,0,,0,,0,,0,,0
387,Vizzit,1020.0,52.0,19.62,Appartement,2 pièce - 52 m² - s,69001,Lyon,45.77046,4.83414,https://www.vizzit.fr/fr/property/appartement/lyon-1/An87p5gp2pjqcd1t,,,Pentes Croix-Rousse,T2,121.0,2,1264.0,0,367.0,1,1090.0,0,685.0,0,849.0,0,460.0,1,1090.0,0,1151.0,0,210.0,5,363.0,1,779.0,0,2848.0,0,160.0,2,1261.0,0,,0,,0,,0,,0,,0
388,Vizzit,890.0,24.0,37.08,Appartement,2 pièce - 24 m² - s,69001,Lyon,45.771,4.83303,https://www.vizzit.fr/fr/property/appartement/lyon-1/Ayssgs9lkh6i9ey4,,,Pentes Croix-Rousse,T2,140.0,2,1354.0,0,336.0,1,1194.0,0,743.0,0,764.0,0,355.0,1,1143.0,0,1084.0,0,213.0,7,389.0,1,693.0,0,2952.0,0,265.0,2,1172.0,0,,0,,0,,0,,0,,0
389,Vizzit,870.0,34.0,25.59,Appartement,1 pièce - 34 m²,69006,Lyon,45.77133,4.8485,https://www.vizzit.fr/fr/property/appartement/lyon-6/Admfixxv1ev5pb1i,,,Brotteaux / Foch,Studio/T1,1218.0,0,211.0,1,1429.0,0,655.0,0,288.0,1,184.0,1,529.0,0,1717.0,0,635.0,0,182.0,2,1354.0,0,1541.0,0,1960.0,0,411.0,2,1953.0,0,,0,,0,,0,,0,,0
390,Vizzit,910.0,42.0,21.67,Appartement,2 pièce - 42 m² - s,69009,Lyon,45.77144,4.80211,https://www.vizzit.fr/fr/property/appartement/lyon-9/Agonzpdx25z5v7wa,,,Vaise / Valmy,T2,2382.0,0,389.0,2,2185.0,0,2906.0,0,2550.0,0,2274.0,0,1084.0,0,2635.0,0,1010.0,0,411.0,3,2349.0,0,1298.0,0,4747.0,0,469.0,1,2205.0,0,,0,,0,,0,,0,,0
391,Vizzit,2478.0,111.0,22.32,Appartement,3 pièce - 111 m² - s,69006,Lyon,45.77155,4.84973,https://www.vizzit.fr/fr/property/appartement/lyon-6/A9vhhu13niqq3q3x,,,Brotteaux / Foch,T3,1316.0,0,182.0,1,1502.0,0,581.0,0,267.0,1,263.0,1,625.0,0,1804.0,0,550.0,0,259.0,2,1452.0,0,1619.0,0,1907.0,0,343.0,1,2021.0,0,,0,,0,,0,,0,,0
392,Vizzit,1389.0,69.0,20.13,Appartement,2 pièce - 69 m² - s,69006,Lyon,45.77196,4.86087,https://www.vizzit.fr/fr/property/appartement/lyon-6/Akwno1hw10ic53tk,,,Brotteaux / Foch,T2,1421.0,0,839.0,0,2297.0,0,492.0,1,241.0,1,1078.0,0,1461.0,0,2537.0,0,406.0,1,432.0,1,2300.0,0,2432.0,0,1460.0,0,241.0,1,2785.0,0,,0,,0,,0,,0,,0
393,Vizzit,590.0,12.0,49.17,Studio,12 m² - Studio,69009,Lyon,45.77209,4.80553,https://www.vizzit.fr/fr/property/appartement/lyon-9/Aq3rrwzbyh4bi7qp,,,Vaise / Valmy,Studio/T1,2141.0,0,265.0,2,1934.0,0,2773.0,0,2325.0,0,1999.0,0,862.0,0,2438.0,0,1192.0,0,156.0,3,2105.0,0,1045.0,0,4677.0,0,271.0,3,1938.0,0,,0,,0,,0,,0,,0
394,Vizzit,650.0,40.0,16.25,Appartement,1 pièce - 40 m²,69006,Lyon,45.77217,4.85119,https://www.vizzit.fr/fr/property/appartement/lyon-6/Afx877ztqmotpzg8,,,Brotteaux / Foch,Studio/T1,1416.0,0,250.0,1,1578.0,0,530.0,0,327.0,1,394.0,1,757.0,0,1934.0,0,475.0,1,388.0,1,1581.0,0,1702.0,0,1878.0,0,318.0,1,2088.0,0,,0,,0,,0,,0,,0
395,Vizzit,1150.0,66.0,17.42,Appartement,3 pièce - 66 m² - s,69009,Lyon,45.77219,4.80344,https://www.vizzit.fr/fr/property/appartement/lyon-9/A6aaqpeovxqpjrig,,,Vaise / Valmy,T3,2300.0,0,332.0,2,2096.0,0,2892.0,0,2480.0,0,2151.0,0,1015.0,0,2583.0,0,1126.0,0,282.0,3,2265.0,0,1166.0,0,4766.0,0,339.0,3,2075.0,0,,0,,0,,0,,0,,0
396,Vizzit,1090.0,72.0,15.14,Appartement,3 pièce - 72 m² - s,69009,Lyon,45.77232,4.81081,https://www.vizzit.fr/fr/property/appartement/lyon-9/A63l9dmwyxl8newa,,,Vaise / Valmy,T3,1742.0,0,220.0,2,1540.0,0,2541.0,0,1962.0,0,1604.0,0,545.0,0,2114.0,0,1225.0,0,283.0,3,1717.0,0,764.0,0,4520.0,0,248.0,3,1580.0,0,,0,,0,,0,,0,,0
397,Vizzit,1325.0,82.0,16.16,Appartement,4 pièce - 82 m² - s,69009,Lyon,45.77283,4.80034,https://www.vizzit.fr/fr/property/appartement/lyon-9/Az331u8cg2rdyi3d,,,Vaise / Valmy,Grand (T4+),2551.0,0,488.0,1,2345.0,0,3112.0,0,2730.0,0,2366.0,0,1264.0,0,2828.0,0,1120.0,0,253.0,2,2515.0,0,1334.0,0,4951.0,0,489.0,1,2263.0,0,,0,,0,,0,,0,,0
398,Vizzit,740.0,35.0,21.14,Studio,35 m² - Studio,69004,Lyon,45.77289,4.81904,https://www.vizzit.fr/fr/property/appartement/lyon-4/A125b4icohs3p0v9,,,Croix-Rousse Plateau,Studio/T1,1135.0,0,826.0,0,965.0,0,2212.0,0,1463.0,0,1001.0,0,543.0,0,1704.0,0,1001.0,0,760.0,0,1158.0,0,656.0,0,4032.0,0,222.0,2,1079.0,0,,0,,0,,0,,0,,0
399,Vizzit,920.0,37.0,24.86,Appartement,2 pièce - 37 m² - s,69006,Lyon,45.7731,4.85203,https://www.vizzit.fr/fr/property/appartement/lyon-6/Axrnfaid8boiqrew,,,Brotteaux / Foch,T2,1504.0,0,368.0,1,1604.0,0,565.0,0,440.0,1,511.0,0,864.0,0,2052.0,0,487.0,1,507.0,0,1678.0,0,1736.0,0,1914.0,0,390.0,1,2102.0,0,,0,,0,,0,,0,,0
400,Vizzit,810.0,51.0,15.88,Appartement,2 pièce - 51 m² - s,69009,Lyon,45.77322,4.80021,https://www.vizzit.fr/fr/property/appartement/lyon-9/A29mrzsp01qzk7so,,,Vaise / Valmy,T2,2569.0,0,483.0,1,2364.0,0,3150.0,0,2755.0,0,2367.0,0,1290.0,0,2858.0,0,1161.0,0,233.0,2,2535.0,0,1324.0,0,4993.0,0,483.0,1,2256.0,0,,0,,0,,0,,0,,0
401,Vizzit,1430.0,71.0,20.14,Appartement,2 pièce - 71 m² - s,69001,Lyon,45.77339,4.83552,https://www.vizzit.fr/fr/property/appartement/lyon-1/Aktcs40p8yo8c497,,,Pentes Croix-Rousse,T2,451.0,1,1216.0,0,518.0,0,1275.0,0,913.0,0,626.0,0,482.0,1,1428.0,0,851.0,0,319.0,4,703.0,0,564.0,0,2909.0,0,350.0,2,1039.0,0,,0,,0,,0,,0,,0
402,Vizzit,777.0,40.0,19.43,Appartement,1 pièce - 40 m²,69009,Lyon,45.77351,4.80529,https://www.vizzit.fr/fr/property/appartement/lyon-9/Acl9jvop006n0obj,,,Vaise / Valmy,Studio/T1,2186.0,0,129.0,2,1988.0,0,2905.0,0,2405.0,0,1975.0,0,958.0,0,2538.0,0,1321.0,0,121.0,3,2165.0,0,964.0,0,4825.0,0,137.0,4,1882.0,0,,0,,0,,0,,0,,0
403,Vizzit,746.0,38.0,19.63,Appartement,2 pièce - 38 m² - s,69004,Lyon,45.77354,4.83966,https://www.vizzit.fr/fr/property/appartement/lyon-4/Aae6dbnvuef6d48b,,,Croix-Rousse Plateau,T2,669.0,0,924.0,0,718.0,0,1151.0,0,764.0,0,715.0,0,541.0,0,1532.0,0,976.0,0,455.0,2,895.0,0,816.0,0,2651.0,0,536.0,0,1252.0,0,,0,,0,,0,,0,,0
404,Vizzit,1845.0,75.0,24.6,Appartement,3 pièce - 75 m² - s,69004,Lyon,45.77372,4.82458,https://www.vizzit.fr/fr/property/appartement/lyon-4/Aasdy4266caqqgwp,,,Croix-Rousse Plateau,T3,786.0,0,1255.0,0,689.0,0,1894.0,0,1247.0,0,603.0,0,381.0,1,1567.0,0,946.0,0,454.0,1,886.0,0,572.0,0,3674.0,0,61.0,2,806.0,0,,0,,0,,0,,0,,0
405,Vizzit,492.0,25.0,19.68,Studio,25 m² - Studio,69001,Lyon,45.77391,4.8364,https://www.vizzit.fr/fr/property/appartement/lyon-1/Ax36jpjq43em9n3m,,,Pentes Croix-Rousse,Studio/T1,534.0,0,1172.0,0,508.0,0,1290.0,0,918.0,0,636.0,0,538.0,0,1498.0,0,819.0,0,325.0,4,785.0,0,579.0,0,2882.0,0,373.0,2,1039.0,0,,0,,0,,0,,0,,0
406,Vizzit,1420.0,86.0,16.51,Appartement,3 pièce - 86 m² - s,69001,Lyon,45.77394,4.83293,https://www.vizzit.fr/fr/property/appartement/lyon-1/Ay4o8o51wyd9la40,,,Pentes Croix-Rousse,T3,466.0,1,1426.0,0,397.0,1,1441.0,0,1070.0,0,458.0,1,302.0,5,1470.0,0,757.0,0,169.0,4,710.0,0,390.0,1,3112.0,0,182.0,1,875.0,0,,0,,0,,0,,0,,0
407,Vizzit,795.0,41.0,19.39,Appartement,2 pièce - 41 m² - s,69006,Lyon,45.77407,4.85085,https://www.vizzit.fr/fr/property/appartement/lyon-6/Asxyn3bqyr73l9wh,,,Brotteaux / Foch,T2,1469.0,0,455.0,1,1486.0,0,706.0,0,536.0,0,539.0,0,853.0,0,2061.0,0,628.0,0,537.0,0,1637.0,0,1623.0,0,2055.0,0,520.0,0,1976.0,0,,0,,0,,0,,0,,0
408,Vizzit,1121.0,77.0,14.56,Appartement,3 pièce - 77 m² - s,69006,Lyon,45.77407,4.85085,https://www.vizzit.fr/fr/property/appartement/lyon-6/Ab0pragfc3rd97cj,,,Brotteaux / Foch,T3,1469.0,0,455.0,1,1486.0,0,706.0,0,536.0,0,539.0,0,853.0,0,2061.0,0,628.0,0,537.0,0,1637.0,0,1623.0,0,2055.0,0,520.0,0,1976.0,0,,0,,0,,0,,0,,0
409,Vizzit,1018.0,46.0,22.13,Appartement,2 pièce - 46 m² - s,69006,Lyon,45.77407,4.85085,https://www.vizzit.fr/fr/property/appartement/lyon-6/Arnkhib1u6hjthps,,,Brotteaux / Foch,T2,1469.0,0,455.0,1,1486.0,0,706.0,0,536.0,0,539.0,0,853.0,0,2061.0,0,628.0,0,537.0,0,1637.0,0,1623.0,0,2055.0,0,520.0,0,1976.0,0,,0,,0,,0,,0,,0
410,Vizzit,1890.0,78.0,24.23,Appartement,3 pièce - 78 m² - s,69006,Lyon,45.77407,4.85085,https://www.vizzit.fr/fr/property/appartement/lyon-6/A9f3f2rwjbeoqfry,,,Brotteaux / Foch,T3,1469.0,0,455.0,1,1486.0,0,706.0,0,536.0,0,539.0,0,853.0,0,2061.0,0,628.0,0,537.0,0,1637.0,0,1623.0,0,2055.0,0,520.0,0,1976.0,0,,0,,0,,0,,0,,0
411,Vizzit,1023.0,54.0,18.94,Appartement,2 pièce - 54 m² - s,69006,Lyon,45.77407,4.85085,https://www.vizzit.fr/fr/property/appartement/lyon-6/Ap1vxu7xvnxncroq,,,Brotteaux / Foch,T2,1469.0,0,455.0,1,1486.0,0,706.0,0,536.0,0,539.0,0,853.0,0,2061.0,0,628.0,0,537.0,0,1637.0,0,1623.0,0,2055.0,0,520.0,0,1976.0,0,,0,,0,,0,,0,,0
412,Vizzit,1420.0,90.0,15.78,Appartement,3 pièce - 90 m² - s,69006,Lyon,45.774148,4.844092,https://www.vizzit.fr/fr/property/appartement/lyon-6/Ayo0elxz9bj4l4q2,,,Brotteaux / Foch,T3,993.0,0,675.0,0,985.0,0,1104.0,0,748.0,0,532.0,0,576.0,0,1746.0,0,1065.0,0,370.0,1,1194.0,0,1111.0,0,2424.0,0,614.0,0,1498.0,0,,0,,0,,0,,0,,0
413,Vizzit,500.0,18.0,27.78,Studio,18 m² - Studio,69009,Lyon,45.77448,4.80713,https://www.vizzit.fr/fr/property/appartement/lyon-9/A5ojmulq4t0eoxzc,,,Vaise / Valmy,Studio/T1,2071.0,0,75.0,2,1884.0,0,2902.0,0,2327.0,0,1813.0,0,916.0,0,2486.0,0,1338.0,0,114.0,3,2067.0,0,786.0,0,4857.0,0,21.0,4,1707.0,0,,0,,0,,0,,0,,0
414,Vizzit,788.0,33.0,23.88,Appartement,1 pièce - 33 m²,69004,Lyon,45.77452,4.82696,https://www.vizzit.fr/fr/property/appartement/lyon-4/Af093cswhliwlba5,,,Croix-Rousse Plateau,Studio/T1,706.0,0,1444.0,0,531.0,0,1806.0,0,1238.0,0,415.0,1,259.0,5,1591.0,0,813.0,0,257.0,2,860.0,0,376.0,1,3548.0,0,249.0,3,691.0,0,,0,,0,,0,,0,,0
415,Vizzit,1335.0,57.0,23.42,Appartement,3 pièce - 57 m² - s,69004,Lyon,45.77452,4.82696,https://www.vizzit.fr/fr/property/appartement/lyon-4/A3v3bbxh8ewz1gma,,,Croix-Rousse Plateau,T3,706.0,0,1444.0,0,531.0,0,1806.0,0,1238.0,0,415.0,1,259.0,5,1591.0,0,813.0,0,257.0,2,860.0,0,376.0,1,3548.0,0,249.0,3,691.0,0,,0,,0,,0,,0,,0
416,Vizzit,1000.0,64.0,15.62,Appartement,3 pièce - 64 m² - s,69009,Lyon,45.77454,4.80592,https://www.vizzit.fr/fr/property/appartement/lyon-9/A7et6l6vjsk1o6gz,,,Vaise / Valmy,T3,2164.0,0,20.0,2,1975.0,0,2964.0,0,2413.0,0,1904.0,0,989.0,0,2565.0,0,1410.0,0,83.0,4,2157.0,0,863.0,0,4905.0,0,16.0,4,1790.0,0,,0,,0,,0,,0,,0
417,Vizzit,590.0,20.0,29.5,Studio,20 m² - Studio,69004,Lyon,45.77491,4.83678,https://www.vizzit.fr/fr/property/appartement/lyon-4/A7syp5tb2u6z14u8,,,Croix-Rousse Plateau,Studio/T1,646.0,0,1192.0,0,448.0,1,1376.0,0,997.0,0,597.0,0,487.0,2,1613.0,0,730.0,0,219.0,3,898.0,0,549.0,0,2921.0,0,364.0,1,983.0,0,,0,,0,,0,,0,,0
418,Vizzit,850.0,42.0,20.24,Studio,42 m² - Studio,69004,Lyon,45.77494,4.82923,https://www.vizzit.fr/fr/property/appartement/lyon-4/Atu930cqtj3cq3jt,,,Croix-Rousse Plateau,Studio/T1,646.0,0,1624.0,0,371.0,1,1712.0,0,1223.0,0,298.0,1,228.0,5,1599.0,0,692.0,0,83.0,3,842.0,0,239.0,1,3416.0,0,235.0,2,662.0,0,,0,,0,,0,,0,,0
419,Vizzit,585.0,23.0,25.43,Studio,23 m² - Studio,69009,Lyon,45.77505,4.80212,https://www.vizzit.fr/fr/property/appartement/lyon-9/A411gmrrxg53fz13,,,Vaise / Valmy,Studio/T1,2463.0,0,320.0,1,2272.0,0,3195.0,0,2701.0,0,2187.0,0,1258.0,0,2838.0,0,1392.0,0,316.0,4,2453.0,0,1110.0,0,5093.0,0,313.0,4,2047.0,0,,0,,0,,0,,0,,0
420,Vizzit,800.0,48.0,16.67,Appartement,2 pièce - 48 m² - s,69004,Lyon,45.77584,4.81144,https://www.vizzit.fr/fr/property/appartement/lyon-4/Awrnrlth6nl1cim7,,,Croix-Rousse Plateau,T2,1801.0,0,361.0,2,1630.0,0,2849.0,0,2129.0,0,1459.0,0,857.0,0,2338.0,0,984.0,0,412.0,2,1832.0,0,426.0,1,4701.0,0,349.0,4,1340.0,0,,0,,0,,0,,0,,0
421,Vizzit,790.0,33.0,23.94,Appartement,1 pièce - 33 m²,69004,Lyon,45.77657,4.83605,https://www.vizzit.fr/fr/property/appartement/lyon-4/Aqj42krs4gabbst9,,,Croix-Rousse Plateau,Studio/T1,796.0,0,1334.0,0,306.0,1,1567.0,0,1186.0,0,475.0,1,354.0,4,1784.0,0,541.0,0,30.0,7,1049.0,0,445.0,1,3076.0,0,325.0,2,825.0,0,,0,,0,,0,,0,,0
422,Vizzit,721.0,36.0,20.03,Appartement,2 pièce - 36 m² - s,69004,Lyon,45.77659,4.83301,https://www.vizzit.fr/fr/property/appartement/lyon-4/Aoic3v6ylct40dpa,,,Croix-Rousse Plateau,T2,761.0,0,1537.0,0,113.0,1,1680.0,0,1313.0,0,251.0,1,142.0,5,1764.0,0,464.0,2,74.0,8,1004.0,0,211.0,1,3267.0,0,140.0,2,642.0,0,,0,,0,,0,,0,,0
423,Vizzit,720.0,30.0,24.0,Appartement,2 pièce - 30 m² - s,69006,Lyon,45.77791,4.853,https://www.vizzit.fr/fr/property/appartement/lyon-6/A43lxwj2vhyikot5,,,Brotteaux / Foch,T2,1800.0,0,903.0,0,1604.0,0,1028.0,0,971.0,0,994.0,0,1275.0,0,2490.0,0,920.0,0,992.0,0,1999.0,0,1761.0,0,2318.0,0,913.0,0,2023.0,0,,0,,0,,0,,0,,0
424,Vizzit,535.0,26.0,20.58,Studio,26 m² - Studio,69009,Lyon,45.77795,4.80735,https://www.vizzit.fr/fr/property/appartement/lyon-9/A0q0xc4ox2sx5nxp,,,Vaise / Valmy,Studio/T1,2186.0,0,395.0,1,1938.0,0,3212.0,0,2523.0,0,1764.0,0,1210.0,0,2728.0,0,1129.0,0,147.0,2,2224.0,0,645.0,0,5085.0,0,86.0,4,1573.0,0,,0,,0,,0,,0,,0
425,Vizzit,940.0,20.0,47.0,Appartement,2 pièce - 20 m² - s,69009,Lyon,45.7781,4.80312,https://www.vizzit.fr/fr/property/appartement/lyon-9/A3x35ht2coslvkjy,,,Vaise / Valmy,T2,2494.0,0,465.0,1,2266.0,0,3411.0,0,2802.0,0,2092.0,0,1422.0,0,2982.0,0,1433.0,0,252.0,2,2519.0,0,972.0,0,5356.0,0,340.0,2,1893.0,0,,0,,0,,0,,0,,0
426,Vizzit,914.0,58.0,15.76,Appartement,2 pièce - 58 m² - s,69004,Lyon,45.77847,4.83154,https://www.vizzit.fr/fr/property/appartement/lyon-4/Aq1mrl48h0pou68r,,,Croix-Rousse Plateau,T2,976.0,0,1742.0,0,126.0,1,1918.0,0,1550.0,0,152.0,1,110.0,4,1974.0,0,263.0,9,236.0,8,1210.0,0,194.0,1,3483.0,0,141.0,2,418.0,1,,0,,0,,0,,0,,0
427,Vizzit,600.0,24.0,25.0,Studio,24 m² - Studio,69009,Lyon,45.77852,4.80533,https://www.vizzit.fr/fr/property/appartement/lyon-9/Asixran8pj2t0nkx,,,Vaise / Valmy,Studio/T1,2354.0,0,452.0,1,2097.0,0,3350.0,0,2687.0,0,1923.0,0,1350.0,0,2885.0,0,1255.0,0,78.0,2,2391.0,0,801.0,0,5254.0,0,213.0,3,1716.0,0,,0,,0,,0,,0,,0
428,Vizzit,1200.0,80.0,15.0,Appartement,3 pièce - 80 m² - s,69004,Lyon,45.77864,4.84073,https://www.vizzit.fr/fr/property/appartement/lyon-4/Am3iybxnzm88jt6g,,,Croix-Rousse Plateau,T3,1158.0,0,1221.0,0,664.0,0,1614.0,0,1297.0,0,834.0,0,716.0,0,2094.0,0,683.0,0,264.0,3,1407.0,0,828.0,0,2958.0,0,627.0,0,1072.0,0,,0,,0,,0,,0,,0
429,Vizzit,950.0,38.0,25.0,Appartement,2 pièce - 38 m² - s,69004,Lyon,45.77885,4.84084,https://www.vizzit.fr/fr/property/appartement/lyon-4/Azyv1den87uvlonl,,,Croix-Rousse Plateau,T2,1183.0,0,1234.0,0,677.0,0,1623.0,0,1313.0,0,846.0,0,729.0,0,2118.0,0,683.0,0,265.0,3,1431.0,0,842.0,0,2968.0,0,632.0,0,1076.0,0,,0,,0,,0,,0,,0
430,Vizzit,685.0,40.0,17.12,Studio,40 m² - Studio,69004,Lyon,45.77886,4.83355,https://www.vizzit.fr/fr/property/appartement/lyon-4/Abj6j3igvad3z4l0,,,Croix-Rousse Plateau,Studio/T1,1014.0,0,1639.0,0,180.0,1,1880.0,0,1503.0,0,305.0,1,215.0,4,2018.0,0,226.0,9,145.0,7,1259.0,0,328.0,1,3387.0,0,90.0,2,532.0,0,,0,,0,,0,,0,,0
431,Vizzit,843.0,39.0,21.62,Appartement,1 pièce - 39 m²,69004,Lyon,45.7792,4.8322,https://www.vizzit.fr/fr/property/appartement/lyon-4/Az4k819pr65fqace,,,Croix-Rousse Plateau,Studio/T1,1053.0,0,1746.0,0,191.0,1,1962.0,0,1589.0,0,246.0,1,199.0,4,2054.0,0,173.0,9,146.0,7,1291.0,0,290.0,1,3492.0,0,48.0,2,421.0,1,,0,,0,,0,,0,,0
432,Vizzit,650.0,32.0,20.31,Studio,32 m² - Studio,69004,Lyon,45.7792,4.83644,https://www.vizzit.fr/fr/property/appartement/lyon-4/A1g8blpvhc35h1yh,,,Croix-Rousse Plateau,Studio/T1,1085.0,0,1492.0,0,372.0,1,1827.0,0,1441.0,0,526.0,0,419.0,4,2078.0,0,353.0,9,93.0,6,1338.0,0,536.0,0,3241.0,0,289.0,1,734.0,0,,0,,0,,0,,0,,0
433,Vizzit,715.0,30.0,23.83,Appartement,2 pièce - 30 m² - s,69004,Lyon,45.77927,4.82962,https://www.vizzit.fr/fr/property/appartement/lyon-4/A3sm1uar7queca31,,,Croix-Rousse Plateau,T2,1090.0,0,1771.0,0,289.0,1,2072.0,0,1687.0,0,194.0,1,244.0,4,2073.0,0,274.0,9,256.0,5,1310.0,0,265.0,1,3655.0,0,242.0,2,246.0,1,,0,,0,,0,,0,,0
434,Vizzit,786.0,30.0,26.2,Appartement,1 pièce - 30 m²,69004,Lyon,45.77927,4.83013,https://www.vizzit.fr/fr/property/appartement/lyon-4/Augzmrni5e17e87t,,,Croix-Rousse Plateau,Studio/T1,1081.0,0,1807.0,0,262.0,1,2051.0,0,1681.0,0,191.0,1,224.0,4,2069.0,0,244.0,9,224.0,5,1305.0,0,259.0,1,3624.0,0,202.0,2,277.0,1,,0,,0,,0,,0,,0
435,Vizzit,1160.0,60.0,19.33,Appartement,3 pièce - 60 m² - s,69009,Lyon,45.77943,4.80481,https://www.vizzit.fr/fr/property/appartement/lyon-9/A2vf62jjojt9uubs,,,Vaise / Valmy,T3,2434.0,0,559.0,0,2145.0,0,3457.0,0,2779.0,0,1971.0,0,1456.0,0,2984.0,0,1269.0,0,114.0,2,2478.0,0,850.0,0,5332.0,0,316.0,1,1745.0,0,,0,,0,,0,,0,,0
436,Vizzit,475.0,17.0,27.94,Studio,17 m² - Studio,69009,Lyon,45.77963,4.80709,https://www.vizzit.fr/fr/property/appartement/lyon-9/Ar7t2irmzmoyvs7g,,,Vaise / Valmy,Studio/T1,2288.0,0,576.0,0,1972.0,0,3382.0,0,2655.0,0,1798.0,0,1382.0,0,2876.0,0,1091.0,0,106.0,2,2343.0,0,680.0,0,5181.0,0,273.0,1,1567.0,0,,0,,0,,0,,0,,0
437,Vizzit,500.0,19.0,26.32,Studio,19 m² - Studio,69004,Lyon,45.77966,4.84019,https://www.vizzit.fr/fr/property/appartement/lyon-4/Ai3dp20o9x0z758b,,,Croix-Rousse Plateau,Studio/T1,1237.0,0,1337.0,0,656.0,0,1722.0,0,1415.0,0,818.0,0,706.0,0,2190.0,0,611.0,0,205.0,4,1488.0,0,822.0,0,3068.0,0,579.0,0,1012.0,0,,0,,0,,0,,0,,0
438,Vizzit,470.0,19.0,24.74,Studio,19 m² - Studio,69004,Lyon,45.77973,4.8401,https://www.vizzit.fr/fr/property/appartement/lyon-4/Azhsw32g5n8ohoz8,,,Croix-Rousse Plateau,Studio/T1,1241.0,0,1347.0,0,653.0,0,1732.0,0,1424.0,0,813.0,0,702.0,0,2195.0,0,603.0,0,198.0,4,1492.0,0,818.0,0,3079.0,0,573.0,0,1004.0,0,,0,,0,,0,,0,,0
439,Vizzit,755.0,52.0,14.52,Appartement,2 pièce - 52 m² - s,69004,Lyon,45.77984,4.8354,https://www.vizzit.fr/fr/property/appartement/lyon-4/Au8jv092pzuk5wq7,,,Croix-Rousse Plateau,T2,1138.0,0,1599.0,0,354.0,1,1922.0,0,1537.0,0,484.0,1,394.0,4,2138.0,0,249.0,9,58.0,6,1389.0,0,508.0,0,3349.0,0,212.0,1,641.0,0,,0,,0,,0,,0,,0
440,Vizzit,803.0,59.0,13.61,Appartement,2 pièce - 59 m² - s,69004,Lyon,45.77988,4.83473,https://www.vizzit.fr/fr/property/appartement/lyon-4/Abxsqpsk7od2xhbq,,,Croix-Rousse Plateau,T2,1135.0,0,1641.0,0,325.0,1,1946.0,0,1562.0,0,443.0,1,360.0,4,2137.0,0,200.0,9,7.0,6,1384.0,0,472.0,1,3390.0,0,163.0,1,589.0,0,,0,,0,,0,,0,,0
441,Vizzit,695.0,20.0,34.75,Studio,20 m² - Studio,69004,Lyon,45.78011,4.83703,https://www.vizzit.fr/fr/property/appartement/lyon-4/Ao5asvgx92dv5qb0,,,Croix-Rousse Plateau,Studio/T1,1195.0,0,1532.0,0,467.0,1,1909.0,0,1522.0,0,609.0,0,511.0,0,2185.0,0,361.0,9,79.0,6,1448.0,0,627.0,0,3277.0,0,342.0,1,763.0,0,,0,,0,,0,,0,,0
442,Vizzit,635.0,23.0,27.61,Appartement,1 pièce - 23 m²,69004,Lyon,45.78026,4.82853,https://www.vizzit.fr/fr/property/appartement/lyon-4/Aqbcxqkjre8if68l,,,Croix-Rousse Plateau,Studio/T1,1218.0,0,1738.0,0,427.0,1,2211.0,0,1811.0,0,324.0,1,383.0,4,2192.0,0,309.0,9,302.0,3,1432.0,0,395.0,1,3789.0,0,338.0,1,113.0,1,,0,,0,,0,,0,,0
443,Vizzit,680.0,10.0,68.0,Appartement,1 pièce - 10 m²,69004,Lyon,45.78026,4.82853,https://www.vizzit.fr/fr/property/appartement/lyon-4/A3nndnjjw4fb1dgo,,,Croix-Rousse Plateau,Studio/T1,1218.0,0,1738.0,0,427.0,1,2211.0,0,1811.0,0,324.0,1,383.0,4,2192.0,0,309.0,9,302.0,3,1432.0,0,395.0,1,3789.0,0,338.0,1,113.0,1,,0,,0,,0,,0,,0
444,Vizzit,1308.0,73.0,17.92,Appartement,3 pièce - 73 m² - s,69004,Lyon,45.78043,4.82732,https://www.vizzit.fr/fr/property/appartement/lyon-4/A0wocjqv9n6z75b9,,,Croix-Rousse Plateau,T3,1266.0,0,1663.0,0,508.0,0,2280.0,0,1851.0,0,385.0,1,457.0,4,2226.0,0,400.0,9,395.0,1,1471.0,0,453.0,1,3875.0,0,434.0,1,34.0,1,,0,,0,,0,,0,,0
445,Vizzit,860.0,36.0,23.89,Appartement,2 pièce - 36 m² - s,69004,Lyon,45.7805,4.83355,https://www.vizzit.fr/fr/property/appartement/lyon-4/Aa8gjbtggvi0xrew,,,Croix-Rousse Plateau,T2,1197.0,0,1755.0,0,349.0,1,2045.0,0,1664.0,0,424.0,1,370.0,4,2200.0,0,89.0,9,56.0,6,1441.0,0,467.0,1,3504.0,0,135.0,1,491.0,1,,0,,0,,0,,0,,0
446,Vizzit,650.0,20.0,32.5,Studio,20 m² - Studio,69004,Lyon,45.78079,4.83873,https://www.vizzit.fr/fr/property/appartement/lyon-4/A53k3vlz2ui1q6qr,,,Croix-Rousse Plateau,Studio/T1,1307.0,0,1505.0,0,618.0,0,1891.0,0,1560.0,0,761.0,0,662.0,0,2284.0,0,482.0,9,169.0,5,1560.0,0,779.0,0,3237.0,0,490.0,1,892.0,0,,0,,0,,0,,0,,0
447,Vizzit,730.0,37.0,19.73,Appartement,2 pièce - 37 m² - s,69009,Lyon,45.78131,4.80653,https://www.vizzit.fr/fr/property/appartement/lyon-9/A7ao60oh3wrubpz0,,,Vaise / Valmy,T2,2420.0,0,759.0,0,2045.0,0,3525.0,0,2810.0,0,1874.0,0,1568.0,0,3044.0,0,1109.0,0,263.0,1,2489.0,0,783.0,0,5302.0,0,463.0,1,1607.0,0,,0,,0,,0,,0,,0
448,Vizzit,800.0,45.0,17.78,Appartement,4 pièce - 45 m² - s,69004,Lyon,45.78135,4.81268,https://www.vizzit.fr/fr/property/appartement/lyon-4/A0cylnq6g2gubx8y,,,Croix-Rousse Plateau,Grand (T4+),2034.0,0,915.0,0,1583.0,0,3142.0,0,2481.0,0,1414.0,0,1427.0,0,2757.0,0,633.0,0,574.0,0,2135.0,0,410.0,1,4884.0,0,624.0,0,1131.0,0,,0,,0,,0,,0,,0
449,Vizzit,1400.0,83.0,16.87,Appartement,4 pièce - 83 m² - s,69004,Lyon,45.78135,4.81268,https://www.vizzit.fr/fr/property/appartement/lyon-4/Aoukp73tvhk8k10a,,,Croix-Rousse Plateau,Grand (T4+),2034.0,0,915.0,0,1583.0,0,3142.0,0,2481.0,0,1414.0,0,1427.0,0,2757.0,0,633.0,0,574.0,0,2135.0,0,410.0,1,4884.0,0,624.0,0,1131.0,0,,0,,0,,0,,0,,0
450,Vizzit,495.0,19.0,26.05,Studio,19 m² - Studio,69009,Lyon,45.7825,4.809,https://www.vizzit.fr/fr/property/appartement/lyon-9/A9e7yrgzovxsyyg4,,,Vaise / Valmy,Studio/T1,2337.0,0,917.0,0,1893.0,0,3446.0,0,2767.0,0,1725.0,0,1618.0,0,3026.0,0,919.0,0,453.0,1,2429.0,0,696.0,0,5196.0,0,606.0,0,1428.0,0,,0,,0,,0,,0,,0
451,Vizzit,820.0,37.0,22.16,Appartement,2 pièce - 37 m² - s,69004,Lyon,45.78258,4.81665,https://www.vizzit.fr/fr/property/appartement/lyon-4/A0lynry1tq909f15,,,Croix-Rousse Plateau,T2,1907.0,0,1206.0,0,1341.0,0,3002.0,0,2408.0,0,1182.0,0,1276.0,0,2720.0,0,334.0,2,910.0,0,2043.0,0,482.0,1,4692.0,0,891.0,0,846.0,0,,0,,0,,0,,0,,0
452,Vizzit,1307.0,76.0,17.2,Appartement,3 pièce - 76 m² - s,69009,Lyon,45.78338,4.81199,https://www.vizzit.fr/fr/property/appartement/lyon-9/Ayb85p4x5357siy0,,,Vaise / Valmy,T3,2223.0,0,1087.0,0,1708.0,0,3328.0,0,2690.0,0,1546.0,0,1641.0,0,2975.0,0,702.0,0,670.0,0,2337.0,0,633.0,0,5045.0,0,605.0,0,1218.0,0,,0,,0,,0,,0,,0
453,Vizzit,1210.0,84.0,14.4,Appartement,4 pièce - 84 m² - s,69009,Lyon,45.78338,4.81199,https://www.vizzit.fr/fr/property/appartement/lyon-9/Anhi1ekzfq43s2g4,,,Vaise / Valmy,Grand (T4+),2223.0,0,1087.0,0,1708.0,0,3328.0,0,2690.0,0,1546.0,0,1641.0,0,2975.0,0,702.0,0,670.0,0,2337.0,0,633.0,0,5045.0,0,605.0,0,1218.0,0,,0,,0,,0,,0,,0
454,Vizzit,850.0,47.0,18.09,Appartement,2 pièce - 47 m² - s,69009,Lyon,45.78374,4.80856,https://www.vizzit.fr/fr/property/appartement/lyon-9/Ani6hx0068w846kg,,,Vaise / Valmy,T2,2450.0,0,1045.0,0,1970.0,0,3558.0,0,2892.0,0,1805.0,0,1760.0,0,3157.0,0,962.0,0,564.0,0,2549.0,0,818.0,0,5294.0,0,503.0,0,1486.0,0,,0,,0,,0,,0,,0
455,Vizzit,955.0,47.0,20.32,Appartement,2 pièce - 47 m² - s,69009,Lyon,45.785094,4.812683,https://www.vizzit.fr/fr/property/appartement/lyon-9/A0fdshvkt63npli4,,,Vaise / Valmy,T2,2321.0,0,1283.0,0,1743.0,0,3417.0,0,2812.0,0,1589.0,0,1680.0,0,3111.0,0,645.0,0,851.0,0,2451.0,0,790.0,0,5102.0,0,476.0,1,1228.0,0,,0,,0,,0,,0,,0
456,Vizzit,900.0,50.0,18.0,Appartement,3 pièce - 50 m² - s,69009,Lyon,45.78558,4.8108,https://www.vizzit.fr/fr/property/appartement/lyon-9/Ax0cc9ef3xl47sga,,,Vaise / Valmy,T3,2460.0,0,1284.0,0,1897.0,0,3560.0,0,2941.0,0,1742.0,0,1834.0,0,3232.0,0,797.0,0,821.0,0,2584.0,0,893.0,0,5254.0,0,346.0,1,1384.0,0,,0,,0,,0,,0,,0
457,Vizzit,750.0,28.0,26.79,Studio,28 m² - Studio,69009,Lyon,45.78584,4.81083,https://www.vizzit.fr/fr/property/appartement/lyon-9/Ams0pieej1zsgj8q,,,Vaise / Valmy,Studio/T1,2479.0,0,1313.0,0,1909.0,0,3579.0,0,2963.0,0,1755.0,0,1846.0,0,3255.0,0,800.0,0,848.0,0,2605.0,0,918.0,0,5268.0,0,322.0,1,1393.0,0,,0,,0,,0,,0,,0
458,Vizzit,660.0,28.0,23.57,Appartement,1 pièce - 28 m²,69009,Lyon,45.78587,4.81227,https://www.vizzit.fr/fr/property/appartement/lyon-9/Aezwycsqxwbddfzg,,,Vaise / Valmy,Studio/T1,2406.0,0,1351.0,0,1814.0,0,3501.0,0,2901.0,0,1663.0,0,1752.0,0,3202.0,0,692.0,0,904.0,0,2539.0,0,882.0,0,5177.0,0,393.0,1,1293.0,0,,0,,0,,0,,0,,0
459,Vizzit,690.0,13.0,53.08,Studio,13 m² - Studio,69009,Lyon,45.78624,4.79999,https://www.vizzit.fr/fr/property/appartement/lyon-9/Ahqusn60rfwn6sri,,,Vaise / Valmy,Studio/T1,3147.0,0,1391.0,0,2690.0,0,4255.0,0,3555.0,0,2526.0,0,2294.0,0,3791.0,0,1637.0,0,939.0,0,3228.0,0,1502.0,0,6008.0,0,701.0,0,2200.0,0,,0,,0,,0,,0,,0
460,Vizzit,485.0,21.0,23.1,Studio,21 m² - Studio,69009,Lyon,45.788,4.8128,https://www.vizzit.fr/fr/property/appartement/lyon-9/A1kv2nxk426o1k3j,,,Vaise / Valmy,Studio/T1,2562.0,0,1588.0,0,1913.0,0,3643.0,0,3078.0,0,1774.0,0,1858.0,0,3392.0,0,748.0,0,1131.0,0,2709.0,0,1101.0,0,5281.0,0,331.0,1,1381.0,0,,0,,0,,0,,0,,0
461,Vizzit,1210.0,76.0,15.92,Appartement,4 pièce - 76 m² - s,69009,Lyon,45.79519,4.81577,https://www.vizzit.fr/fr/property/appartement/lyon-9/A6wsienb1lvvc0hs,,,Vaise / Valmy,Grand (T4+),3127.0,0,2419.0,0,2350.0,0,4142.0,0,3693.0,0,2254.0,0,2314.0,0,4043.0,0,1267.0,0,1954.0,0,3313.0,0,1878.0,0,5628.0,0,952.0,0,1837.0,0,,0,,0,,0,,0,,0
462,Vizzit,1180.0,70.0,16.86,Appartement,3 pièce - 70 m² - s,69009,Lyon,45.80058,4.82572,https://www.vizzit.fr/fr/property/appartement/lyon-9/Ahd8gdt9k5bz033z,,,Vaise / Valmy,T3,3474.0,0,3273.0,0,2619.0,0,4239.0,0,3959.0,0,2583.0,0,2607.0,0,4461.0,0,1839.0,0,2292.0,0,3699.0,0,2598.0,0,5584.0,0,23.0,1,2210.0,0,,0,,0,,0,,0,,0
463,Vizzit,700.0,29.0,24.14,Appartement,1 pièce - 29 m²,69009,Lyon,45.8016,4.83307,https://www.vizzit.fr/fr/property/appartement/lyon-9/A9s3gipa5mb79obi,,,Vaise / Valmy,Studio/T1,3542.0,0,3666.0,0,2682.0,0,4050.0,0,3848.0,0,2684.0,0,2684.0,0,4545.0,0,2133.0,0,2346.0,0,3782.0,0,2750.0,0,5372.0,0,587.0,0,2364.0,0,,0,,0,,0,,0,,0
464,Vizzit,800.0,42.0,19.05,Appartement,2 pièce - 42 m² - s,69009,Lyon,45.80258,4.82529,https://www.vizzit.fr/fr/property/appartement/lyon-9/Atoidr2izy06gscl,,,Vaise / Valmy,T2,3699.0,0,3457.0,0,2843.0,0,4443.0,0,4180.0,0,2808.0,0,2831.0,0,4686.0,0,2052.0,0,2516.0,0,3924.0,0,2801.0,0,5785.0,0,248.0,1,2434.0,0,,0,,0,,0,,0,,0
465,Vizzit,550.0,20.0,27.5,Studio,20 m² - Studio,59000,Lille,50.609,3.044,https://www.vizzit.fr/fr/property/appartement/lille/A45faqxzq23wyl43,,2026-08-12,Lille-Sud,Studio/T1,,0,551794.0,0,551037.0,0,553129.0,0,552563.0,0,551027.0,0,550210.0,0,553645.0,0,,0,,0,551980.0,0,550718.0,0,550502.0,0,,0,552412.0,0,552884.0,0,552982.0,0,553196.0,0,554037.0,0,550544.0,0
466,Vizzit,494.0,26.0,19.0,Appartement,1 pièce - 26 m²,59000,Lille,50.61467,3.038642,https://www.vizzit.fr/fr/property/appartement/lille/Agfn8akenbv3o9wf,,2026-08-12,Faubourg de Béthune,Studio/T1,,0,552499.0,0,551742.0,0,553834.0,0,553268.0,0,551732.0,0,550916.0,0,554350.0,0,,0,,0,552685.0,0,551423.0,0,551208.0,0,,0,553117.0,0,553590.0,0,553687.0,0,553900.0,0,554742.0,0,551249.0,0
467,Vizzit,680.0,26.0,26.15,Studio,26 m² - Studio,59000,Lille,50.6216688,3.0354156,https://www.vizzit.fr/fr/property/appartement/lille/Aqnl9u56qdsnm3pz,,2026-08-12,Faubourg de Béthune,Studio/T1,,0,553309.0,0,552552.0,0,554644.0,0,554078.0,0,552543.0,0,551726.0,0,555160.0,0,,0,,0,553495.0,0,552234.0,0,552018.0,0,,0,553927.0,0,554401.0,0,554497.0,0,554710.0,0,555553.0,0,552060.0,0
468,Vizzit,543.0,34.0,15.97,Appartement,2 pièce - 1 chambre - 34 m² - s,59000,Lille,50.6218326,3.0347643,https://www.vizzit.fr/fr/property/appartement/lille/Aoy0txchtmv1g93t,,2026-08-12,Faubourg de Béthune,T2,,0,553338.0,0,552582.0,0,554673.0,0,554107.0,0,552572.0,0,551755.0,0,555189.0,0,,0,,0,553524.0,0,552263.0,0,552048.0,0,,0,553956.0,0,554430.0,0,554527.0,0,554739.0,0,555582.0,0,552089.0,0
469,Vizzit,1039.0,75.0,13.85,Appartement,3 pièce - 75 m² - s,59000,Lille,50.62194,3.080512,https://www.vizzit.fr/fr/property/appartement/lille/Ag2h7jddglg3oiw4,,2026-08-12,Lille-Moulins,T3,,0,552554.0,0,551789.0,0,553894.0,0,553327.0,0,551779.0,0,550959.0,0,554408.0,0,,0,,0,552741.0,0,551469.0,0,551252.0,0,,0,553179.0,0,553630.0,0,553736.0,0,553960.0,0,554792.0,0,551294.0,0
470,Vizzit,574.0,30.0,19.13,Studio,30 m² - Studio,59000,Lille,50.62238,3.04699,https://www.vizzit.fr/fr/property/appartement/lille/Aqtg5tfo8u1q4e69,,2026-08-12,Wazemmes,Studio/T1,,0,553183.0,0,552424.0,0,554519.0,0,553953.0,0,552414.0,0,551596.0,0,555034.0,0,,0,,0,553369.0,0,552105.0,0,551889.0,0,,0,553802.0,0,554270.0,0,554369.0,0,554585.0,0,555425.0,0,551930.0,0
471,Vizzit,800.0,44.0,18.18,Appartement,2 pièce - 44 m² - s,59000,Lille,50.622447,3.055847,https://www.vizzit.fr/fr/property/appartement/lille/Afk32vxr3vom8rdt,,2026-08-12,Wazemmes,T2,,0,553035.0,0,552275.0,0,554373.0,0,553806.0,0,552265.0,0,551447.0,0,554888.0,0,,0,,0,553222.0,0,551956.0,0,551739.0,0,,0,553656.0,0,554119.0,0,554220.0,0,554439.0,0,555276.0,0,551781.0,0
472,Vizzit,739.0,32.0,23.09,Appartement,2 pièce - 1 chambre - 32 m² - s,59000,Lille,50.62263800679276,3.0591906011229097,https://www.vizzit.fr/fr/property/appartement/lille/Aa0sxwhuc36iv541,,2026-08-12,Wazemmes,T2,,0,552998.0,0,552237.0,0,554336.0,0,553769.0,0,552227.0,0,551408.0,0,554850.0,0,,0,,0,553184.0,0,551917.0,0,551701.0,0,,0,553619.0,0,554081.0,0,554182.0,0,554402.0,0,555238.0,0,551742.0,0
473,Vizzit,763.0,32.0,23.84,Appartement,2 pièce - 32 m² - 10 m² de terrain - s,59000,Lille,50.622652,3.040202,https://www.vizzit.fr/fr/property/immobilier/lille/A6o8z94xi86k3hdk,,2026-08-12,Wazemmes,T2,,0,553331.0,0,552573.0,0,554667.0,0,554100.0,0,552563.0,0,551747.0,0,555182.0,0,,0,,0,553517.0,0,552254.0,0,552039.0,0,,0,553949.0,0,554420.0,0,554518.0,0,554733.0,0,555574.0,0,552080.0,0
474,Vizzit,430.0,17.0,25.29,Appartement,1 pièce - 17 m²,59000,Lille,50.6227417,3.0494201,https://www.vizzit.fr/fr/property/appartement/lille/Ag1lkir4o1vv5gax,,2026-08-12,Wazemmes,Studio/T1,,0,553179.0,0,552420.0,0,554516.0,0,553949.0,0,552410.0,0,551592.0,0,555031.0,0,,0,,0,553365.0,0,552101.0,0,551885.0,0,,0,553799.0,0,554265.0,0,554365.0,0,554582.0,0,555421.0,0,551926.0,0
475,Vizzit,893.0,67.0,13.33,Appartement,3 pièce - 67 m² - s,59000,Lille,50.623427,3.043442,https://www.vizzit.fr/fr/property/appartement/lille/Asdgdtke194lmmz2,,2026-08-12,Wazemmes,T3,,0,553357.0,0,552599.0,0,554694.0,0,554127.0,0,552589.0,0,551772.0,0,555209.0,0,,0,,0,553544.0,0,552280.0,0,552064.0,0,,0,553977.0,0,554446.0,0,554544.0,0,554760.0,0,555600.0,0,552106.0,0
476,Vizzit,683.0,31.0,22.03,Studio,31 m² - Studio,59000,Lille,50.62462,3.036663,https://www.vizzit.fr/fr/property/appartement/lille/Ad8eactmi2inke2z,,2026-08-12,Vauban-Esquermes,Studio/T1,,0,553605.0,0,552848.0,0,554940.0,0,554374.0,0,552838.0,0,552021.0,0,555456.0,0,,0,,0,553791.0,0,552529.0,0,552314.0,0,,0,554223.0,0,554696.0,0,554793.0,0,555006.0,0,555848.0,0,552355.0,0
477,Vizzit,750.0,47.0,15.96,Appartement,2 pièce - 1 chambre - 47 m² - s,59000,Lille,50.6252155,3.0571234,https://www.vizzit.fr/fr/property/appartement/lille/Aj1ri7oot3crwz33,,2026-08-12,Wazemmes,T2,,0,553312.0,0,552550.0,0,554649.0,0,554082.0,0,552541.0,0,551722.0,0,555164.0,0,,0,,0,553498.0,0,552231.0,0,552015.0,0,,0,553933.0,0,554395.0,0,554496.0,0,554715.0,0,555552.0,0,552056.0,0
478,Vizzit,803.0,62.0,12.95,Appartement,2 pièce - 1 chambre - 62 m² - s,59000,Lille,50.6263234,3.0324894,https://www.vizzit.fr/fr/property/appartement/lille/Aqsqfebz2e9nrgof,,2026-08-12,Bois Blancs,T2,,0,553862.0,0,553105.0,0,555197.0,0,554631.0,0,553096.0,0,552279.0,0,555713.0,0,,0,,0,554048.0,0,552787.0,0,552571.0,0,,0,554479.0,0,554954.0,0,555050.0,0,555263.0,0,556106.0,0,552613.0,0
479,Vizzit,990.0,62.0,15.97,Appartement,2 pièce - 1 chambre - 62 m² - s,59000,Lille,50.62638135779563,3.0457243935721507,https://www.vizzit.fr/fr/property/appartement/lille/Ayf6o0d1p252pin3,,2026-08-12,Wazemmes,T2,,0,553636.0,0,552877.0,0,554972.0,0,554406.0,0,552867.0,0,552050.0,0,555488.0,0,,0,,0,553822.0,0,552558.0,0,552342.0,0,,0,554255.0,0,554723.0,0,554822.0,0,555038.0,0,555878.0,0,552383.0,0
480,Vizzit,950.0,53.0,17.92,Appartement,2 pièce - 1 chambre - 53 m² - s,59000,Lille,50.626654,3.057268,https://www.vizzit.fr/fr/property/appartement/lille/A4m9llgxvefcnkdq,,2026-08-12,Wazemmes,T2,,0,553464.0,0,552703.0,0,554802.0,0,554235.0,0,552693.0,0,551875.0,0,555317.0,0,,0,,0,553650.0,0,552384.0,0,552167.0,0,,0,554085.0,0,554547.0,0,554649.0,0,554868.0,0,555705.0,0,552209.0,0
481,Vizzit,708.0,25.0,28.32,Studio,25 m² - Studio,59000,Lille,50.627662434937925,3.0668248264605333,https://www.vizzit.fr/fr/property/appartement/lille/Arjm816nq1gm5sga,,2026-08-12,Lille-Centre,Studio/T1,,0,553407.0,0,552644.0,0,554746.0,0,554179.0,0,552634.0,0,551815.0,0,555260.0,0,,0,,0,553594.0,0,552325.0,0,552108.0,0,,0,554030.0,0,554487.0,0,554590.0,0,554812.0,0,555647.0,0,552149.0,0
482,Vizzit,1385.0,82.0,16.89,Appartement,3 pièce - 82 m² - s,59000,Lille,50.62773,3.06033,https://www.vizzit.fr/fr/property/appartement/lille/Aih1t82nqrcw6blf,,2026-08-12,Lille-Centre,T3,,0,553527.0,0,552765.0,0,554865.0,0,554298.0,0,552755.0,0,551936.0,0,555380.0,0,,0,,0,553713.0,0,552446.0,0,552229.0,0,,0,554149.0,0,554609.0,0,554711.0,0,554931.0,0,555767.0,0,552271.0,0
483,Vizzit,950.0,47.0,20.21,Appartement,2 pièce - 1 chambre - 47 m² - s,59000,Lille,50.628579,3.095462,https://www.vizzit.fr/fr/property/appartement/lille/Allai4ptda8c4gma,,2026-08-12,Fives,T2,,0,553015.0,0,552246.0,0,554357.0,0,553789.0,0,552236.0,0,551415.0,0,554870.0,0,,0,,0,553202.0,0,551926.0,0,551708.0,0,,0,553642.0,0,554084.0,0,554194.0,0,554423.0,0,555251.0,0,551750.0,0
484,Vizzit,394.0,15.0,26.27,Studio,15 m² - Studio,59000,Lille,50.6287418,3.0348741,https://www.vizzit.fr/fr/property/appartement/lille/Appmfy89xbjt24s5,,2026-08-12,Vauban-Esquermes,Studio/T1,,0,554080.0,0,553323.0,0,555416.0,0,554849.0,0,553313.0,0,552497.0,0,555931.0,0,,0,,0,554266.0,0,553004.0,0,552789.0,0,,0,554698.0,0,555171.0,0,555268.0,0,555482.0,0,556324.0,0,552830.0,0
485,Vizzit,738.0,53.0,13.92,Appartement,2 pièce - 1 chambre - 53 m² - s,59000,Lille,50.6290951,3.0500414,https://www.vizzit.fr/fr/property/appartement/lille/Akdfc8acectc4f1y,,2026-08-12,Wazemmes,T2,,0,553853.0,0,553093.0,0,555190.0,0,554623.0,0,553083.0,0,552265.0,0,555705.0,0,,0,,0,554039.0,0,552774.0,0,552557.0,0,,0,554473.0,0,554938.0,0,555038.0,0,555256.0,0,556094.0,0,552599.0,0
486,Vizzit,777.0,54.0,14.39,Appartement,3 pièce - 2 chambre - 54 m² - s - s,59000,Lille,50.6305953,3.0778724,https://www.vizzit.fr/fr/property/appartement/lille/A65qbhsa8jqpjt09,,2026-08-12,Lille-Centre,T3,,0,553533.0,0,552768.0,0,554873.0,0,554306.0,0,552758.0,0,551937.0,0,555387.0,0,,0,,0,553720.0,0,552448.0,0,552230.0,0,,0,554158.0,0,554608.0,0,554714.0,0,554939.0,0,555771.0,0,552272.0,0
487,Vizzit,769.0,48.0,16.02,Appartement,2 pièce - 1 chambre - 48 m² - s,59000,Lille,50.630741,3.0544537,https://www.vizzit.fr/fr/property/appartement/lille/Avm1i51uw2hjwnzn,,2026-08-12,Wazemmes,T2,,0,553953.0,0,553192.0,0,555291.0,0,554724.0,0,553183.0,0,552364.0,0,555806.0,0,,0,,0,554140.0,0,552873.0,0,552657.0,0,,0,554575.0,0,555037.0,0,555138.0,0,555357.0,0,556194.0,0,552698.0,0
488,Vizzit,718.0,41.0,17.51,Appartement,2 pièce - 1 chambre - 41 m² - s,59000,Lille,50.632435,3.056239,https://www.vizzit.fr/fr/property/appartement/lille/Aqd5uskdq2mh68mz,,2026-08-12,Wazemmes,T2,,0,554105.0,0,553343.0,0,555443.0,0,554876.0,0,553334.0,0,552515.0,0,555958.0,0,,0,,0,554291.0,0,553024.0,0,552808.0,0,,0,554726.0,0,555187.0,0,555289.0,0,555509.0,0,556345.0,0,552849.0,0
489,Vizzit,960.0,48.0,20.0,Appartement,2 pièce - 48 m² - s,59000,Lille,50.633073,3.051083,https://www.vizzit.fr/fr/property/appartement/lille/A5xq8wdvfu1xo1ly,,2026-08-12,Vauban-Esquermes,T2,,0,554263.0,0,553503.0,0,555601.0,0,555034.0,0,553493.0,0,552675.0,0,556116.0,0,,0,,0,554450.0,0,553184.0,0,552967.0,0,,0,554884.0,0,555348.0,0,555448.0,0,555667.0,0,556504.0,0,553009.0,0
490,Vizzit,815.0,33.0,24.7,Studio,33 m² - Studio,59000,Lille,50.633301968188135,3.046447713455158,https://www.vizzit.fr/fr/property/appartement/lille/Ata30dz2cncp1mqj,,2026-08-12,Vauban-Esquermes,Studio/T1,,0,554369.0,0,553609.0,0,555706.0,0,555139.0,0,553599.0,0,552782.0,0,556221.0,0,,0,,0,554555.0,0,553290.0,0,553074.0,0,,0,554989.0,0,555455.0,0,555555.0,0,555772.0,0,556610.0,0,553116.0,0
491,Vizzit,703.0,40.0,17.57,Appartement,2 pièce - 40 m² - s,59000,Lille,50.633714,3.029051,https://www.vizzit.fr/fr/property/appartement/lille/Abwvuyhvptsuaofg,,2026-08-12,Bois Blancs,T2,,0,554718.0,0,553962.0,0,556053.0,0,555487.0,0,553952.0,0,553136.0,0,556569.0,0,,0,,0,554904.0,0,553643.0,0,553428.0,0,,0,555336.0,0,555810.0,0,555907.0,0,556119.0,0,556962.0,0,553469.0,0
492,Vizzit,724.0,49.0,14.78,Appartement,2 pièce - 49 m² - s,59000,Lille,50.6339,3.07035,https://www.vizzit.fr/fr/property/appartement/lille/Ayvwvtcgg57a5q9s,,2026-08-12,Lille-Centre,T2,,0,554019.0,0,553255.0,0,555358.0,0,554791.0,0,553245.0,0,552425.0,0,555873.0,0,,0,,0,554206.0,0,552935.0,0,552718.0,0,,0,554642.0,0,555096.0,0,555201.0,0,555424.0,0,556257.0,0,552760.0,0
493,Vizzit,602.0,33.0,18.24,Studio,33 m² - Studio,59000,Lille,50.63482,3.04712,https://www.vizzit.fr/fr/property/appartement/lille/A33v5co3e0zw1tmb,,2026-08-12,Vauban-Esquermes,Studio/T1,,0,554521.0,0,553761.0,0,555858.0,0,555291.0,0,553751.0,0,552933.0,0,556373.0,0,,0,,0,554707.0,0,553442.0,0,553225.0,0,,0,555141.0,0,555606.0,0,555706.0,0,555924.0,0,556762.0,0,553267.0,0
494,Vizzit,430.0,23.0,18.7,Appartement,1 pièce - 23 m²,59000,Lille,50.63561008327427,3.063614302526219,https://www.vizzit.fr/fr/property/immobilier/lille/Atdlj5q95wre72e5,,2026-08-12,Lille-Centre,Studio/T1,,0,554319.0,0,553556.0,0,555658.0,0,555091.0,0,553546.0,0,552727.0,0,556173.0,0,,0,,0,554506.0,0,553237.0,0,553020.0,0,,0,554942.0,0,555399.0,0,555503.0,0,555724.0,0,556559.0,0,553062.0,0
495,Vizzit,700.0,40.0,17.5,Appartement,2 pièce - 1 chambre - 40 m² - s,59000,Lille,50.63595808423339,3.061880341985072,https://www.vizzit.fr/fr/property/appartement/lille/A4czfhuuu2mrxmcu,,2026-08-12,Lille-Centre,T2,,0,554387.0,0,553624.0,0,555726.0,0,555158.0,0,553614.0,0,552795.0,0,556240.0,0,,0,,0,554574.0,0,553305.0,0,553088.0,0,,0,555009.0,0,555467.0,0,555570.0,0,555791.0,0,556627.0,0,553130.0,0
496,Vizzit,1850.0,124.0,14.92,Appartement,3 pièce - 2 chambre - 124 m² - s - s,59000,Lille,50.63615,3.05706,https://www.vizzit.fr/fr/property/appartement/lille/Aq12dvwopu11dp9z,,2026-08-12,Vieux-Lille,T3,,0,554491.0,0,553729.0,0,555829.0,0,555262.0,0,553719.0,0,552901.0,0,556344.0,0,,0,,0,554678.0,0,553410.0,0,553193.0,0,,0,555113.0,0,555573.0,0,555675.0,0,555895.0,0,556731.0,0,553235.0,0
497,Vizzit,830.0,25.0,33.2,Appartement,2 pièce - 1 chambre - 25 m² - s,59000,Lille,50.63657115448655,3.060529064293821,https://www.vizzit.fr/fr/property/appartement/lille/Aws5ot5iqh3tqxsg,,2026-08-12,Vieux-Lille,T2,,0,554476.0,0,553714.0,0,555815.0,0,555248.0,0,553704.0,0,552885.0,0,556329.0,0,,0,,0,554663.0,0,553394.0,0,553177.0,0,,0,555099.0,0,555557.0,0,555660.0,0,555881.0,0,556716.0,0,553219.0,0
498,Vizzit,613.0,41.0,14.95,Appartement,2 pièce - 41 m² - s,59000,Lille,50.63659085031984,3.060406302338052,https://www.vizzit.fr/fr/property/appartement/lille/A5x86x6ha9sahx80,,2026-08-12,Vieux-Lille,T2,,0,554481.0,0,553718.0,0,555819.0,0,555252.0,0,553708.0,0,552889.0,0,556334.0,0,,0,,0,554667.0,0,553399.0,0,553182.0,0,,0,555103.0,0,555561.0,0,555664.0,0,555885.0,0,556720.0,0,553224.0,0
499,Vizzit,1000.0,92.0,10.87,Appartement,4 pièce - 2 chambre - 92 m² - s - s,59000,Lille,50.63722710521425,3.0631698612717555,https://www.vizzit.fr/fr/property/appartement/lille/As9gkmozk1rs4hxl,,2026-08-12,Vieux-Lille,Grand (T4+),,0,554501.0,0,553738.0,0,555840.0,0,555273.0,0,553728.0,0,552909.0,0,556355.0,0,,0,,0,554688.0,0,553419.0,0,553202.0,0,,0,555124.0,0,555581.0,0,555684.0,0,555906.0,0,556741.0,0,553244.0,0
500,Vizzit,468.0,21.0,22.29,Studio,21 m² - Studio,59000,Lille,50.637389,3.067465,https://www.vizzit.fr/fr/property/appartement/lille/A4wzy8abhzr7fhg8,,2026-08-12,Lille-Centre,Studio/T1,,0,554445.0,0,553681.0,0,555784.0,0,555217.0,0,553671.0,0,552851.0,0,556298.0,0,,0,,0,554632.0,0,553361.0,0,553144.0,0,,0,555068.0,0,555523.0,0,555627.0,0,555850.0,0,556684.0,0,553186.0,0
501,Vizzit,515.0,22.0,23.41,Studio,22 m² - Studio,59000,Lille,50.63787489325168,3.0628904387110865,https://www.vizzit.fr/fr/property/appartement/lille/Ab9z3tsa7xdu240w,,2026-08-12,Vieux-Lille,Studio/T1,,0,554576.0,0,553813.0,0,555915.0,0,555348.0,0,553803.0,0,552984.0,0,556429.0,0,,0,,0,554763.0,0,553494.0,0,553276.0,0,,0,555199.0,0,555655.0,0,555759.0,0,555981.0,0,556815.0,0,553318.0,0
502,Vizzit,544.0,22.0,24.73,Studio,22 m² - Studio,59000,Lille,50.63788477494643,3.0631103008232783,https://www.vizzit.fr/fr/property/appartement/lille/Ab01k05c507o60if,,2026-08-12,Vieux-Lille,Studio/T1,,0,554573.0,0,553810.0,0,555912.0,0,555345.0,0,553800.0,0,552981.0,0,556427.0,0,,0,,0,554760.0,0,553491.0,0,553274.0,0,,0,555196.0,0,555653.0,0,555756.0,0,555978.0,0,556813.0,0,553316.0,0
503,Vizzit,559.0,25.0,22.36,Appartement,1 pièce - 25 m²,59000,Lille,50.63795683084729,3.0635704902665446,https://www.vizzit.fr/fr/property/appartement/lille/Adr5egbu8b2qjc7j,,2026-08-12,Vieux-Lille,Studio/T1,,0,554573.0,0,553810.0,0,555912.0,0,555345.0,0,553800.0,0,552981.0,0,556426.0,0,,0,,0,554760.0,0,553491.0,0,553273.0,0,,0,555196.0,0,555652.0,0,555756.0,0,555978.0,0,556812.0,0,553315.0,0
504,Vizzit,520.0,32.0,16.25,Studio,32 m² - Studio,59000,Lille,50.63874186082081,3.062398883586739,https://www.vizzit.fr/fr/property/appartement/lille/Ae40phsje0n78gox,,2026-08-12,Vieux-Lille,Studio/T1,,0,554678.0,0,553915.0,0,556017.0,0,555450.0,0,553905.0,0,553086.0,0,556531.0,0,,0,,0,554865.0,0,553596.0,0,553378.0,0,,0,555301.0,0,555757.0,0,555861.0,0,556083.0,0,556917.0,0,553420.0,0
505,Vizzit,921.0,56.0,16.45,Appartement,2 pièce - 1 chambre - 56 m² - s,59000,Lille,50.6394972,3.0583121,https://www.vizzit.fr/fr/property/appartement/lille/Ad6yu3uq6g6jbtma,,2026-08-12,Vieux-Lille,T2,,0,554830.0,0,554068.0,0,556169.0,0,555602.0,0,554058.0,0,553239.0,0,556683.0,0,,0,,0,555017.0,0,553748.0,0,553532.0,0,,0,555452.0,0,555911.0,0,556014.0,0,556235.0,0,557070.0,0,553573.0,0
506,Vizzit,849.0,41.0,20.71,Appartement,2 pièce - 41 m² - s,59000,Lille,50.641496,3.061885,https://www.vizzit.fr/fr/property/appartement/lille/A43ctpdmuto3ox5s,,2026-08-12,Vieux-Lille,T2,,0,554984.0,0,554221.0,0,556323.0,0,555756.0,0,554211.0,0,553391.0,0,556837.0,0,,0,,0,555171.0,0,553901.0,0,553684.0,0,,0,555607.0,0,556063.0,0,556167.0,0,556389.0,0,557223.0,0,553726.0,0
507,Vizzit,790.0,41.0,19.27,Studio,41 m² - Studio,59000,Lille,50.64426754694709,2.9794656265042776,https://www.vizzit.fr/fr/property/appartement/lille/Adotbrfy99g5jump,,2026-08-12,Bois Blancs,Studio/T1,,0,556737.0,0,555989.0,0,558067.0,0,557502.0,0,555980.0,0,555167.0,0,558585.0,0,,0,,0,556922.0,0,555672.0,0,555459.0,0,,0,557348.0,0,557845.0,0,557932.0,0,558134.0,0,558987.0,0,555499.0,0
508,Vizzit,1055.0,76.0,13.88,Appartement,3 pièce - 1 chambre - 76 m² - s,59000,Lille,50.6474167,3.0600379,https://www.vizzit.fr/fr/property/appartement/lille/A21czb3c7ovpy2ca,,2026-08-12,Vieux-Lille,T3,,0,555654.0,0,554891.0,0,556993.0,0,556426.0,0,554881.0,0,554061.0,0,557507.0,0,,0,,0,555841.0,0,554571.0,0,554354.0,0,,0,556277.0,0,556733.0,0,556837.0,0,557059.0,0,557893.0,0,554396.0,0
509,Vizzit,660.0,47.0,14.04,Appartement,2 pièce - 47 m² - s,59000,Lille,50.647764,3.003746,https://www.vizzit.fr/fr/property/appartement/lille/A6y4q300zu1komlp,,2026-08-12,Bois Blancs,T2,,0,556678.0,0,555926.0,0,558011.0,0,557445.0,0,555916.0,0,555101.0,0,558528.0,0,,0,,0,556864.0,0,555607.0,0,555393.0,0,,0,557293.0,0,557777.0,0,557870.0,0,558077.0,0,558925.0,0,555434.0,0
510,Vizzit,996.0,47.0,21.19,Appartement,2 pièce - 47 m² - s,59000,Lille,50.64777,3.05848,https://www.vizzit.fr/fr/property/appartement/lille/Apqn20c2iylfm0zw,,2026-08-12,Vieux-Lille,T2,,0,555719.0,0,554956.0,0,557058.0,0,556491.0,0,554946.0,0,554127.0,0,557572.0,0,,0,,0,555906.0,0,554637.0,0,554420.0,0,,0,556342.0,0,556799.0,0,556902.0,0,557124.0,0,557958.0,0,554461.0,0
511,Vizzit,686.0,41.0,16.73,Appartement,2 pièce - 41 m² - s,59000,Lille,50.648606,2.997873,https://www.vizzit.fr/fr/property/appartement/lille/A2zwq69121w6lbqc,,2026-08-12,Bois Blancs,T2,,0,556873.0,0,556122.0,0,558206.0,0,557640.0,0,556112.0,0,555298.0,0,558722.0,0,,0,,0,557059.0,0,555804.0,0,555590.0,0,,0,557488.0,0,557974.0,0,558066.0,0,558272.0,0,559121.0,0,555631.0,0
512,Century 21,754.0,35.81,21.06,Appartement,"T1 - 35,81 m2, 1 pièce Ref : 1202",69001,Lyon,45.76666207305955,4.82115749340392,https://www.century21.fr/trouver_logement/detail/16176555645/,https://www.century21.fr/imagesBien/s3/202/3306/c21_202_3306_1202_8_DCD9B104-A8AB-4780-975E-5F5DA310A05E.jpg,,Terreaux / Hotel de Ville,Studio/T1,850.0,0,907.0,0,729.0,0,1599.0,0,982.0,0,1395.0,0,492.0,1,1094.0,0,924.0,0,274.0,2,839.0,0,1347.0,0,3653.0,0,749.0,0,1634.0,0,,0,,0,,0,,0,,0
513,Century 21,1500.0,75.5,19.87,Appartement,"3 pièce - F3 75,50 m2, s Ref : 1199",69007,Lyon,45.745167724029216,4.847538770406696,https://www.century21.fr/trouver_logement/detail/16052824165/,https://www.century21.fr/imagesBien/s3/202/3306/c21_202_3306_1199_8_1ED0CAB7-CF7B-4C5E-8995-F51A8D3E3988.jpg,,Guillotière / Jean Macé,T3,1734.0,0,940.0,0,2961.0,0,1689.0,0,2153.0,0,1351.0,0,1147.0,0,2091.0,0,422.0,1,115.0,4,1888.0,0,3777.0,0,1522.0,0,547.0,0,1312.0,0,,0,,0,,0,,0,,0
514,Century 21,1505.0,90.88,16.56,Appartement,"4 pièce - F4 90,88 m2, s Ref : 20543",69003,Lyon,45.743599025334824,4.888917221125617,https://www.century21.fr/trouver_logement/detail/15710864656/,https://www.century21.fr/imagesBien/s3/202/3571/c21_202_3571_20543_8_70D2A3EE-8523-4D99-BD34-2C9167EFD5C6.jpg,,Montchat,Grand (T4+),3165.0,0,1803.0,0,5361.0,0,3792.0,0,3764.0,0,1129.0,0,1456.0,0,4780.0,0,398.0,1,679.0,0,5101.0,0,5865.0,0,2442.0,0,748.0,0,3971.0,0,,0,,0,,0,,0,,0
515,Century 21,929.0,36.0,25.81,Appartement,"2 pièce - F2 36 m2, s Ref : 20580",69001,Lyon,45.769288404710345,4.8197947836891855,https://www.century21.fr/trouver_logement/detail/16074711033/,https://www.century21.fr/imagesBien/s3/202/3571/c21_202_3571_20580_8_8A81C261-2138-4024-B300-24D69765F085.jpg,,Pentes Croix-Rousse,T2,991.0,0,994.0,0,795.0,0,1909.0,0,1188.0,0,1217.0,0,339.0,1,1365.0,0,1071.0,0,435.0,1,957.0,0,1052.0,0,3848.0,0,481.0,1,1397.0,0,,0,,0,,0,,0,,0
516,Century 21,2000.0,86.18,23.21,Appartement,"4 pièce - F4 86,18 m2, s Ref : 1196",69007,Lyon,45.74146225188236,4.844487044162052,https://www.century21.fr/trouver_logement/detail/15989416881/,https://www.century21.fr/imagesBien/s3/202/3306/c21_202_3306_1196_8_F3215047-C569-4EB5-B8C3-F11577FA4C0C.jpg,,Guillotière / Jean Macé,Grand (T4+),2204.0,0,1204.0,0,3243.0,0,1780.0,0,1852.0,0,1779.0,0,697.0,0,2338.0,0,534.0,0,417.0,1,1759.0,0,4095.0,0,1064.0,0,785.0,0,837.0,0,,0,,0,,0,,0,,0
517,Century 21,999.0,80.26,12.45,Appartement,"3 pièce - F3 80,26 m2, s Ref : 2284",69008,Lyon,45.73893494066637,4.859672118046306,https://www.century21.fr/trouver_logement/detail/15808279639/,https://www.century21.fr/imagesBien/s3/202/3446/c21_202_3446_2284_8_A5C148C3-D51D-4DBB-B41C-325B79AA8543.jpg,,Monplaisir / Bachut,T3,2341.0,0,1122.0,0,4042.0,0,2857.0,0,3029.0,0,2248.0,0,1695.0,0,3217.0,0,364.0,3,304.0,1,2963.0,0,4800.0,0,2019.0,0,263.0,2,1645.0,0,,0,,0,,0,,0,,0
518,Century 21,1308.0,83.09,15.74,Appartement,"T5 - 83,09 m2, 5 pièces Ref : 1476",69008,Lyon,45.74105472774819,4.879061777583688,https://www.century21.fr/trouver_logement/detail/10941353992/,https://www.century21.fr/imagesBien/s3/202/3446/c21_202_3446_1476_8_2001FE24-33D6-4B4D-8C44-239F69B2A722.jpg,,Monplaisir / Bachut,Grand (T4+),2778.0,0,1507.0,0,4900.0,0,3572.0,0,3600.0,0,1714.0,0,1208.0,0,4230.0,0,280.0,4,510.0,0,4374.0,0,5497.0,0,2256.0,0,452.0,1,3162.0,0,,0,,0,,0,,0,,0
519,Century 21,1000.0,57.14,17.5,Appartement,"T2 - 57,14 m2, 2 pièces Ref : 2301",69008,Lyon,45.73048906020674,4.863640614579823,https://www.century21.fr/trouver_logement/detail/15856374355/,https://www.century21.fr/imagesBien/s3/202/3446/c21_202_3446_2301_8_D83DF248-1D76-4186-8B25-C97A075C0AF0.jpg,,Monplaisir / Bachut,T2,3319.0,0,2050.0,0,4997.0,0,3691.0,0,3507.0,0,3232.0,0,1619.0,0,4145.0,0,1066.0,0,750.0,0,3637.0,0,5776.0,0,2339.0,0,270.0,1,1951.0,0,,0,,0,,0,,0,,0
520,Century 21,1090.0,48.62,22.42,Appartement,"T2 - 48,62 m2, 2 pièces Ref : 792",69001,Lyon,45.76771750184938,4.837642619840181,https://www.century21.fr/trouver_logement/detail/15840472850/,https://www.century21.fr/imagesBien/s3/202/3403/c21_202_3403_792_8_3B0FBA3B-2011-4127-888A-5F241F648134.jpg,,Terreaux / Hotel de Ville,T2,428.0,3,1023.0,0,603.0,0,684.0,0,427.0,1,515.0,0,405.0,1,877.0,0,1203.0,0,33.0,8,446.0,1,1172.0,0,2479.0,0,234.0,6,1657.0,0,,0,,0,,0,,0,,0
521,Century 21,1215.0,72.0,16.88,Local/Bureau,"2 pièce - Local 72 m2, s Ref : 134701",69003,Lyon,45.7554577702813,4.886461608638726,https://www.century21.fr/trouver_logement/detail/15520790871/,https://www.century21.fr/imagesBien/s3/202/3743/c21_202_3743_134701_8_C3A57178-8B12-49B0-AD52-E79C81EB90AC.jpg,,Montchat,T2,2460.0,0,1302.0,0,4623.0,0,2784.0,0,2692.0,0,488.0,1,1251.0,0,4234.0,0,1453.0,0,553.0,0,4443.0,0,4966.0,0,1548.0,0,220.0,2,4317.0,0,,0,,0,,0,,0,,0
522,Century 21,2500.0,170.0,14.71,Appartement,"T3 - 170 m2, 4 pièces Ref : 907",69007,Lyon,45.74665916817425,4.850029058308153,https://www.century21.fr/trouver_logement/detail/13910822966/,https://www.century21.fr/imagesBien/s3/202/3306/c21_202_3306_907_8_D94D9D33-18B4-4A76-8B15-4514A8AD786B.jpg,,Guillotière / Jean Macé,T3,1516.0,0,960.0,0,2913.0,0,1778.0,0,2335.0,0,1200.0,0,1401.0,0,2078.0,0,484.0,1,79.0,3,2068.0,0,3698.0,0,1775.0,0,424.0,3,1553.0,0,,0,,0,,0,,0,,0
523,Orpi,958.0,69.0,13.88,Appartement,3 pièce - 2 chambre - EXCLUSIVITÉ par mois PRIX EN BAISSE LOCATION s 69 m2 8 - Moulin à Ve nt Message s Balcon Bon état Non meublé Ascenseur Etage : 1 Favoris,69008,Lyon,45.73821016344677,4.86490870156965,https://www.orpi.com/annonce-location-appartement-t3-lyon-8-69008-8222b8db-276b-4330-ad63-612ffd87b4a5/,,,Monplaisir / Bachut,T3,2510.0,0,1209.0,0,4349.0,0,3242.0,0,3439.0,0,2513.0,0,1690.0,0,3554.0,0,765.0,0,283.0,2,3375.0,0,5074.0,0,2392.0,0,155.0,2,2022.0,0,,0,,0,,0,,0,,0
524,Orpi,879.0,54.0,16.28,Appartement,2 pièce - 1 chambre - EXCLUSIVITÉ VISITE VIRTUELLE par mois PRIX EN BAISSE LOCATION s 54 m2 Ly on 8 - Monplaisir - Frères Lumière Message Cave Bon état Non meublé Ascenseur Etage : 3 Favoris,69000,Lyon,45.771525990545584,4.821888143960584,https://www.orpi.com/annonce-location-appartement-t2-lyon-8-69008-cdf0e712-54e7-4e93-91ae-cfd7d9eb3d1b/,,,Lyon / Non localisé,T2,881.0,0,1066.0,0,699.0,0,1946.0,0,1197.0,0,924.0,0,588.0,0,1452.0,0,1146.0,0,519.0,0,890.0,0,890.0,0,3772.0,0,206.0,2,1104.0,0,,0,,0,,0,,0,,0
525,Orpi,892.0,50.0,17.84,Appartement,1 pièce - 1 chambre - par mois LOCATION 50 m2 7 - Guillotière Message À rafraîc hir Non meublé Ascenseur Rez - de - chaussée Favoris,69007,Lyon,45.74237374726722,4.851952666455707,https://www.orpi.com/annonce-location-appartement-t1-lyon-7-69007-56228171-23fd-41d0-8fd9-e75aef03cf0f/,,,Guillotière / Jean Macé,Studio/T1,1953.0,0,1064.0,0,3398.0,0,2147.0,0,2437.0,0,1695.0,0,1253.0,0,2543.0,0,56.0,8,451.0,1,2281.0,0,4194.0,0,1595.0,0,237.0,1,1289.0,0,,0,,0,,0,,0,,0
526,Orpi,120.0,14.0,8.57,Appartement,EXCLUSIVITÉ par mois LOCATION Stationnement 14 m2 4 - Parc Popy Message Portail électri que Favoris,69004,Lyon,45.776142375664804,4.8201024205982534,https://www.orpi.com/annonce-location-stationnement-lyon-4-69004-72c66b64-d844-4cd2-8c30-c8b810430637/,,,Croix-Rousse Plateau,Studio/T1,1225.0,0,958.0,0,960.0,0,2333.0,0,1669.0,0,790.0,0,803.0,0,1962.0,0,632.0,0,803.0,0,1319.0,0,420.0,1,4104.0,0,335.0,2,752.0,0,,0,,0,,0,,0,,0
527,Orpi,992.0,63.0,15.75,Appartement,3 pièce - 2 chambre - EXCLUSIVITÉ par mois LOCATION s 63 m2 4 - Chazière Message s Balcon Cave Bon état Non meublé Ascenseur Favoris,69004,Lyon,45.77599401018639,4.81706869215741,https://www.orpi.com/annonce-location-appartement-t3-lyon-4-69004-bbc0f879-a1c7-4f7f-96c9-445f22fde96d/,,,Croix-Rousse Plateau,T3,1415.0,0,732.0,0,1195.0,0,2518.0,0,1811.0,0,1024.0,0,823.0,0,2073.0,0,709.0,0,848.0,0,1481.0,0,279.0,1,4309.0,0,469.0,1,948.0,0,,0,,0,,0,,0,,0
528,Orpi,1406.0,55.0,25.56,Appartement,4 pièce - 3  chambre - EXCLUSIVITÉ par mois LOCATION s 55 m2 4 - Place des Tapis Message s Bon état Non meublé Etage : 1 Favoris,69004,Lyon,45.777123010288605,4.829851382326943,https://www.orpi.com/annonce-location-appartement-t4-lyon-4-69004-12398bce-de08-40f9-a1b2-48bb3c310890/,,,Croix-Rousse Plateau,Grand (T4+),855.0,0,1714.0,0,196.0,1,1867.0,0,1449.0,0,51.0,1,123.0,5,1834.0,0,450.0,3,269.0,6,1071.0,0,43.0,1,3503.0,0,255.0,2,449.0,1,,0,,0,,0,,0,,0
529,Orpi,700.0,24.0,29.17,Appartement,1 pièce - EXCLUSIVITÉ par mois LOCATION 24 m2 5 - Saint - Georges Message Studi o Parfait état Meublé Etage : 3 Favoris,69005,Lyon,45.75215723292493,4.805326102254785,https://www.orpi.com/annonce-location-appartement-t1-lyon-5-69005-fb2e98f0-b330-4ce9-b3d4-17fb9aab46cc/,,,Point du Jour / St Just,Studio/T1,2513.0,0,1514.0,0,2666.0,0,1865.0,0,1630.0,0,2702.0,0,1399.0,0,2307.0,0,1010.0,0,385.0,1,1505.0,0,3015.0,0,2938.0,0,726.0,0,3263.0,0,,0,,0,,0,,0,,0
530,Orpi,1980.0,126.0,15.71,Appartement,3 pièce - 2 chambre - EXCLUSIVITÉ VISITE VIRTUELLE par mois LOCATION s 126 m2 2 - Ampère M essage s Bon état Meublé Etage : 2 Favoris,69002,Lyon,45.75506462326373,4.831061469997534,https://www.orpi.com/annonce-location-appartement-t3-lyon-2-69002-5680f655-8e13-44c9-9c5c-317d25670e6a/,,,Ainay,T3,902.0,0,406.0,1,1532.0,0,226.0,1,1045.0,0,846.0,0,1619.0,0,638.0,0,383.0,1,241.0,8,1054.0,0,2433.0,0,2233.0,0,145.0,6,2335.0,0,,0,,0,,0,,0,,0
531,Orpi,760.0,22.0,34.55,Studio,1 pièce - EXCLUSIVITÉ par mois LOCATION 22 m2 8 - Santy Message Studio Bon ét at Meublé Etage : 1 Favoris,69008,Lyon,45.734849904560484,4.857782828223123,https://www.orpi.com/annonce-location-appartement-t1-lyon-8-69008-f68a7850-fd5f-4915-ad9a-a96de46c32f1/,,,Monplaisir / Bachut,Studio/T1,2778.0,0,1595.0,0,4349.0,0,3028.0,0,2941.0,0,2620.0,0,1630.0,0,3487.0,0,667.0,0,753.0,0,3003.0,0,5142.0,0,1827.0,0,344.0,2,1435.0,0,,0,,0,,0,,0,,0
532,Orpi,721.0,37.0,19.49,Appartement,2 pièce - EXCLUSIVITÉ par mois LOCATION s 37 m2 4 - Croix Rousse Message 1 cha mbre Bon état Meublé Etage : 3 Favoris,69004,Lyon,45.7812795830671,4.827969068406377,https://www.orpi.com/annonce-location-appartement-t2-lyon-4-69004-291-028089-734/,,,Croix-Rousse Plateau,T2,1340.0,0,1753.0,0,541.0,0,2329.0,0,1931.0,0,446.0,1,501.0,0,2311.0,0,353.0,9,355.0,2,1552.0,0,516.0,0,3893.0,0,423.0,1,84.0,1,,0,,0,,0,,0,,0
533,Orpi,403.0,22.0,18.32,Studio,1 pièce - EXCLUSIVITÉ VISITE VIRTUELLE par mois LOCATION 22 m2 8 - Moulin à V ent Message Studio Terrasse Bon état Non meublé Rez - de - chaussée Favoris,69008,Lyon,45.73267480562267,4.8628192411194044,https://www.orpi.com/annonce-location-appartement-t1-lyon-8-69008-9495430e-f1e8-4404-947c-8d8377923c44/,,,Monplaisir / Bachut,Studio/T1,3069.0,0,1804.0,0,4757.0,0,3480.0,0,3377.0,0,2984.0,0,1694.0,0,3912.0,0,1046.0,0,692.0,0,3462.0,0,5530.0,0,2234.0,0,515.0,0,1842.0,0,,0,,0,,0,,0,,0
534,Orpi,950.0,35.0,27.14,Studio,1 pièce - EXCLUSIVITÉ par mois PRIX EN BAISSE LOCATION 35 m2 1 - Terreaux Mes sage Studio Bon état Meublé Etage : 6 Favoris,69001,Lyon,45.76751349142573,4.835688971153554,https://www.orpi.com/annonce-location-appartement-t1-lyon-1-69001-2434-028948-042/,,,Terreaux / Hotel de Ville,Studio/T1,281.0,3,1098.0,0,463.0,1,793.0,0,398.0,1,660.0,0,556.0,0,796.0,0,1121.0,0,84.0,7,295.0,1,1128.0,0,2613.0,0,179.0,5,1609.0,0,,0,,0,,0,,0,,0
535,Orpi,1200.0,75.0,16.0,Appartement,3 pièce - EXCLUSIVITÉ par mois LOCATION s 75 m2 5 - Saint - Irénée Message 2 cha mbres Balcon Cave Bon état Meublé Ascenseur Favoris,69005,Lyon,45.75595015224382,4.815459436345878,https://www.orpi.com/annonce-location-appartement-t3-lyon-5-69005-596ba3b4-4379-49e8-aebf-aa24d056471d/,,,Point du Jour / St Just,T3,1621.0,0,668.0,0,1824.0,0,1109.0,0,1672.0,0,1818.0,0,823.0,0,1418.0,0,656.0,0,516.0,0,1147.0,0,2485.0,0,2738.0,0,110.0,1,2903.0,0,,0,,0,,0,,0,,0
536,Orpi,994.0,40.0,24.85,Studio,1 pièce - EXCLUSIVITÉ par mois LOCATION 40 m2 3 - Villette Message Studio Bal con Bon état Meublé Ascenseur Etage : 3 Favoris,69003,Lyon,45.75213333434389,4.890146424364036,https://www.orpi.com/annonce-location-appartement-t1-lyon-3-69003-0c919280-bd31-4fc6-924e-1b6682a898ee/,,,Montchat,Studio/T1,2830.0,0,1563.0,0,5020.0,0,3228.0,0,3146.0,0,215.0,1,1670.0,0,4580.0,0,1098.0,0,89.0,2,4835.0,0,5398.0,0,1950.0,0,162.0,3,4388.0,0,,0,,0,,0,,0,,0
537,Orpi,1283.0,68.0,18.87,Appartement,3 pièce - EXCLUSIVITÉ par mois LOCATION s 68 m2 3 - Férrandière Message 2 cham bres Balcon Cave Bon état Non meublé Etage : 4 Favoris,69003,Lyon,45.747633181531604,4.870737943370677,https://www.orpi.com/annonce-location-appartement-t3-lyon-3-69003-b9553abc-f4d8-4a65-a49c-e9c5b8bf8d0a/,,,Part-Dieu / Villette,T3,1802.0,0,605.0,0,3941.0,0,2624.0,0,2674.0,0,1781.0,0,707.0,0,3311.0,0,663.0,0,357.0,2,3674.0,0,4522.0,0,1361.0,0,395.0,1,2823.0,0,,0,,0,,0,,0,,0
538,Orpi,502.0,10.0,50.2,Appartement,1 pièce - 1 chambre - EXCLUSIVITÉ par mois LOCATION 10 m2 7 - Debourg Message B alcon À rafraîchir Non meublé Ascenseur Rez - de - chaussée Favoris,69007,Lyon,45.751386447318524,4.842185618996894,https://www.orpi.com/annonce-location-appartement-t1-lyon-7-69007-d4405a0f-252a-4cdd-9a66-33ce7673ee3c/,,,Guillotière / Jean Macé,Studio/T1,1384.0,0,166.0,1,2156.0,0,1026.0,0,1593.0,0,782.0,0,1561.0,0,1286.0,0,314.0,1,179.0,4,1529.0,0,2987.0,0,1912.0,0,221.0,5,1851.0,0,,0,,0,,0,,0,,0
539,Orpi,1231.0,63.0,19.54,Appartement,3 pièce - EXCLUSIVITÉ par mois LOCATION s 63 m2 3 - Férrandière Message 2 cham bres Balcon Bon état Meublé Ascenseur Etage : 1 Favoris,69003,Lyon,45.75329616359672,4.894707024187676,https://www.orpi.com/annonce-location-appartement-t3-lyon-3-69003-d2fe21f0-1d39-4ca9-934d-87e574706446/,,,Montchat,T3,3137.0,0,1914.0,0,5306.0,0,3456.0,0,3351.0,0,204.0,1,1934.0,0,4903.0,0,1191.0,0,99.0,2,5126.0,0,5643.0,0,2231.0,0,282.0,1,4763.0,0,,0,,0,,0,,0,,0
540,Orpi,1313.0,61.0,21.52,Appartement,3 pièce - 2 chambre - EXCLUSIVITÉ par mois LOCATION s 61 m2 2 - Perrache Message s Balcon Bon état Meublé Ascenseur Etage : 1 Favoris,69002,Lyon,45.739777934210245,4.818820872662885,https://www.orpi.com/annonce-location-appartement-t3-lyon-2-69002-9ff65489-3174-4a45-905a-d696605408e2/,,,Confluence,T3,2826.0,0,1844.0,0,3345.0,0,1724.0,0,120.0,2,2787.0,0,1444.0,0,2557.0,0,1643.0,0,84.0,3,903.0,0,4228.0,0,1305.0,0,771.0,0,1680.0,0,,0,,0,,0,,0,,0
541,Orpi,1590.0,98.0,16.22,Appartement,3 pièce - EXCLUSIVITÉ par mois LOCATION s 98 m2 5 - Saint - Paul Message 2 chamb res Terrasse Parfait état Meublé Etage : 3 Favoris,69005,Lyon,45.76067414389021,4.796071115762989,https://www.orpi.com/annonce-location-appartement-t3-lyon-5-69005-546d3d78-2ce1-4994-9eb0-a35d9d46f245/,,,Point du Jour / St Just,T3,2845.0,0,900.0,0,2785.0,0,2700.0,0,2818.0,0,3230.0,0,1406.0,0,2819.0,0,276.0,1,891.0,0,2593.0,0,2479.0,0,4106.0,0,531.0,0,3289.0,0,,0,,0,,0,,0,,0
542,Orpi,957.0,44.0,21.75,Appartement,2 pièce - EXCLUSIVITÉ par mois LOCATION s 44 m2 5 - Fourvière Message 1 chambr e Bon état Non meublé Ascenseur Etage : 2 Favoris,69005,Lyon,45.756490750675816,4.820313383716769,https://www.orpi.com/annonce-location-appartement-t2-lyon-5-69005-2af6d0d5-01ca-46cf-90c6-d2cb030d59ec/,,,Vieux Lyon,T2,1268.0,0,298.0,3,1565.0,0,774.0,0,1336.0,0,1443.0,0,906.0,0,1050.0,0,362.0,1,584.0,0,1056.0,0,2403.0,0,2612.0,0,334.0,1,2748.0,0,,0,,0,,0,,0,,0
543,Orpi,741.0,39.0,19.0,Appartement,2 pièce - 1 chambre - EXCLUSIVITÉ VISITE VIRTUELLE par mois LOCATION s 39 m2 6 - Foch Mess age Bon état Non meublé Rez - de - chaussée Favoris,69006,Lyon,45.76619447301391,4.842627262327484,https://www.orpi.com/annonce-location-appartement-t2-lyon-6-69006-92c523e5-47d8-49a0-8b67-52e92a4407ba/,,,Brotteaux / Foch,T2,775.0,0,738.0,0,1020.0,0,306.0,1,106.0,1,126.0,2,322.0,1,999.0,0,1006.0,0,73.0,8,847.0,0,1529.0,0,2057.0,0,123.0,7,2009.0,0,,0,,0,,0,,0,,0
544,Orpi,605.0,22.0,27.5,Studio,1 pièce - EXCLUSIVITÉ par mois LOCATION 22 m2 3 - Montchat Message Studio Bon état Non meublé Etage : 2 Favoris,69003,Lyon,45.7537456517156,4.894629197462711,https://www.orpi.com/annonce-location-appartement-t1-lyon-3-69003-8a85c3fc-8f66-4e97-b94d-dc983efb95a9/,,,Montchat,Studio/T1,3120.0,0,1909.0,0,5285.0,0,3426.0,0,3318.0,0,198.0,1,1911.0,0,4889.0,0,1240.0,0,72.0,2,5105.0,0,5615.0,0,2210.0,0,278.0,1,4779.0,0,,0,,0,,0,,0,,0
545,Orpi,609.0,21.0,29.0,Studio,1 pièce - EXCLUSIVITÉ par mois LOCATION 21 m2 7 - Debourg Message Studio Bon état Meublé Rez - de - chaussée Favoris,69007,Lyon,45.741238076701386,4.845608740034129,https://www.orpi.com/annonce-location-appartement-t1-lyon-7-69007-2424-028948-052/,,,Guillotière / Jean Macé,Studio/T1,2196.0,0,1255.0,0,3297.0,0,1857.0,0,1937.0,0,1794.0,0,757.0,0,2397.0,0,455.0,1,431.0,1,1849.0,0,4143.0,0,1115.0,0,698.0,0,861.0,0,,0,,0,,0,,0,,0
546,Orpi,1964.0,116.0,16.93,Appartement,4 pièce - EXCLUSIVITÉ par mois LOCATION s 116 m2 5 - Fourvière Message 3 chamb res Bon état Meublé Ascenseur Etage : 1 Favoris,69005,Lyon,45.76094957282826,4.801654549735991,https://www.orpi.com/annonce-location-appartement-t4-lyon-5-69005-2c7a891b-2b4b-45b3-a9ff-dfeaae835d07/,,,Point du Jour / St Just,Grand (T4+),2415.0,0,793.0,0,2369.0,0,2300.0,0,2488.0,0,2797.0,0,978.0,0,2386.0,0,393.0,1,490.0,1,2273.0,0,2214.0,0,3828.0,0,620.0,0,2962.0,0,,0,,0,,0,,0,,0
547,Orpi,859.0,47.0,18.28,Appartement,2 pièce - EXCLUSIVITÉ par mois LOCATION s 47 m2 4 - Quai de Saône Message 1 ch ambre Bon état Non meublé Etage : 4 Favoris,69004,Lyon,45.77803201028446,4.8173209292591,https://www.orpi.com/annonce-location-appartement-t2-lyon-4-69004-97afe692-f74e-4ef5-8ab1-65e24caceb80/,,,Croix-Rousse Plateau,T2,1523.0,0,863.0,0,1165.0,0,2632.0,0,1968.0,0,991.0,0,1050.0,0,2252.0,0,500.0,1,875.0,0,1620.0,0,133.0,1,4391.0,0,624.0,0,825.0,0,,0,,0,,0,,0,,0
548,Orpi,1850.0,75.0,24.67,Appartement,3 pièce - EXCLUSIVITÉ par mois LOCATION s 75 m2 2 - Confluence Message 2 chamb res Balcon Bon état Meublé Ascenseur Etage : 7 Favoris,69002,Lyon,45.76217431436588,4.836874822533478,https://www.orpi.com/annonce-location-appartement-t3-lyon-2-69002-892ab353-6776-4cd7-8779-c0e109006eba/,,,Bellecour / Cordeliers,T3,254.0,1,528.0,0,911.0,0,604.0,0,362.0,1,135.0,2,884.0,0,382.0,1,641.0,0,60.0,6,716.0,0,1719.0,0,2387.0,0,188.0,5,2195.0,0,,0,,0,,0,,0,,0
549,Orpi,2140.0,109.0,19.63,Appartement,4 pièce - 3 chambre - EXCLUSIVITÉ par mois PRIX EN BAISSE LOCATION s 109 m2 1 - Jardin des Plantes Message s Parfait état Meublé Ascenseur Etage : 5 Favoris,69001,Lyon,45.77053196122647,4.821723333666325,https://www.orpi.com/annonce-location-appartement-t4-lyon-1-69001-85f1d774-8099-44d3-bb80-0c008b07c64e/,,,Pentes Croix-Rousse,Grand (T4+),876.0,0,1080.0,0,671.0,0,1911.0,0,1136.0,0,1015.0,0,524.0,0,1369.0,0,1256.0,0,427.0,1,853.0,0,977.0,0,3746.0,0,317.0,2,1212.0,0,,0,,0,,0,,0,,0
550,Orpi,873.0,46.0,18.98,Appartement,2 pièce - EXCLUSIVITÉ par mois LOCATION s 46 m2 7 - Guillotière Message 1 cham bre Terrasse À rafraîchir Non meublé Ascenseur Etage : 3 Favoris,69007,Lyon,45.741305817326065,4.848456528187305,https://www.orpi.com/annonce-location-appartement-t2-lyon-7-69007-ce3fc1b2-f7c0-44e0-b990-3bd8910fe754/,,,Guillotière / Jean Macé,T2,2122.0,0,1339.0,0,3378.0,0,2009.0,0,2158.0,0,1781.0,0,957.0,0,2493.0,0,247.0,5,474.0,1,2054.0,0,4205.0,0,1301.0,0,477.0,1,1009.0,0,,0,,0,,0,,0,,0
551,Orpi,1800.0,95.0,18.95,Appartement,3 pièce - 2 chambre - EXCLUSIVITÉ VISITE VIRTUELLE par mois PRIX EN BAISSE LOCATION s 95 m2 Ly on 6 - Tête d'Or Message s Cave Bon état Meublé Rez - de - chaussée Favoris,69000,Lyon,45.7666056517204,4.82136989016127,https://www.orpi.com/annonce-location-appartement-t3-lyon-6-69006-24bcac90-5b51-4f72-bc6e-06184629c69b/,,,Lyon / Non localisé,T3,833.0,0,895.0,0,715.0,0,1586.0,0,964.0,0,1392.0,0,509.0,0,1077.0,0,933.0,0,260.0,2,823.0,0,1343.0,0,3642.0,0,754.0,0,1635.0,0,,0,,0,,0,,0,,0
552,Orpi,870.0,57.0,15.26,Appartement,2 pièce - 1 chambre - EXCLUSIVITÉ par mois PRIX EN BAISSE LOCATION s 57 m2 5 - Ménival Mes sage Balcon Bon état Meublé Ascenseur Rez - de - chaussée Favoris,69005,Lyon,45.76483580180744,4.823391223652351,https://www.orpi.com/annonce-location-appartement-t2-lyon-5-69005-479976fc-d497-46b3-afa2-735087c7a48f/,,,Vieux Lyon,T2,677.0,0,660.0,0,679.0,0,1346.0,0,776.0,0,1185.0,0,745.0,0,835.0,0,867.0,0,285.0,2,727.0,0,1450.0,0,3411.0,0,611.0,0,1792.0,0,,0,,0,,0,,0,,0
553,Orpi,1120.0,64.0,17.5,Appartement,3 pièce - EXCLUSIVITÉ par mois LOCATION s 64 m2 8 - Moulin à Vent Message 2 ch ambres Balcon Bon état Meublé Ascenseur Etage : 3 Favoris,69008,Lyon,45.72858966306642,4.862556277971166,https://www.orpi.com/annonce-location-appartement-t3-lyon-8-69008-70dc7ef3-12b6-4dc1-94b4-fa71fb3fde54/,,,Monplaisir / Bachut,T3,3512.0,0,2258.0,0,5137.0,0,3783.0,0,3500.0,0,3399.0,0,1722.0,0,4271.0,0,1231.0,0,886.0,0,3680.0,0,5929.0,0,2314.0,0,234.0,1,1935.0,0,,0,,0,,0,,0,,0
554,Orpi,1630.0,86.0,18.95,Appartement,4 pièce - 3 chambre - EXCLUSIVITÉ VISITE VIRTUELLE par mois LOCATION s 86 m2 6 - Foch Mess age s Cave Bon état Non meublé Ascenseur Etage : 5 Favoris,69006,Lyon,45.76714570679711,4.843197908406074,https://www.orpi.com/annonce-location-appartement-t4-lyon-6-69006-e4daecc4-97ce-472f-9f9a-237869aa8e47/,,,Brotteaux / Foch,Grand (T4+),845.0,0,644.0,0,1039.0,0,391.0,1,11.0,1,89.0,3,223.0,1,1100.0,0,1077.0,0,185.0,7,879.0,0,1477.0,0,2056.0,0,136.0,6,1953.0,0,,0,,0,,0,,0,,0
555,Orpi,1100.0,63.0,17.46,Appartement,2 pièce - 1 chambre - EXCLUSIVITÉ VISITE VIRTUELLE par mois LOCATION s 63 m2 6 - Foch Mess age Balcon Cave Bon état Meublé Ascenseur Favoris,69006,Lyon,45.769648504371425,4.842773879570049,https://www.orpi.com/annonce-location-appartement-t2-lyon-6-69006-474af757-0bf9-4045-b4c2-45a13e4005cd/,,,Brotteaux / Foch,T2,761.0,0,595.0,0,993.0,0,671.0,0,285.0,1,348.0,2,66.0,1,1277.0,0,1062.0,0,187.0,4,875.0,0,1260.0,0,2212.0,0,106.0,5,1724.0,0,,0,,0,,0,,0,,0
556,Orpi,1100.0,54.0,20.37,Appartement,2 pièce - 1 chambre - EXCLUSIVITÉ par mois PRIX EN BAISSE LOCATION s 54 m2 2 - Confluence Message Balcon Terrasse Bon état Non meublé Ascenseur Favoris,69002,Lyon,45.753450929147206,4.82726591907898,https://www.orpi.com/annonce-location-appartement-t2-lyon-2-69002-f0bbc7de-b457-49aa-a57d-d34d9cbb4068/,,,Ainay,T2,1171.0,0,372.0,1,1723.0,0,157.0,1,1298.0,0,1175.0,0,1509.0,0,902.0,0,418.0,1,59.0,8,753.0,0,2623.0,0,2111.0,0,127.0,5,2268.0,0,,0,,0,,0,,0,,0
557,Orpi,1317.0,73.0,18.04,Appartement,3 pièce - EXCLUSIVITÉ par mois LOCATION s 73 m2 8 - Moulin à Vent Message 2 ch ambres Balcon Cave Bon état Meublé Ascenseur Favoris,69008,Lyon,45.73158559364388,4.866386117820542,https://www.orpi.com/annonce-location-appartement-t3-lyon-8-69008-f0ee91b1-a584-4b9a-b4ee-928b119452d7/,,,Monplaisir / Bachut,T3,3249.0,0,1954.0,0,5010.0,0,3768.0,0,3676.0,0,3150.0,0,1408.0,0,4178.0,0,824.0,0,530.0,0,3763.0,0,5767.0,0,2525.0,0,353.0,1,2134.0,0,,0,,0,,0,,0,,0
558,Orpi,902.0,49.0,18.41,Appartement,2 pièce - 1 chambre - EXCLUSIVITÉ par mois LOCATION s 49 m2 8 - Santy Message Bo n état Meublé Ascenseur Rez - de - chaussée Favoris,69008,Lyon,45.741673716293555,4.870233656556677,https://www.orpi.com/annonce-location-appartement-t2-lyon-8-69008-43fcaf04-37f4-43e1-a0a5-251ab19f4c6e/,,,Monplaisir / Bachut,T2,2320.0,0,1027.0,0,4341.0,0,3169.0,0,3294.0,0,2147.0,0,1326.0,0,3620.0,0,578.0,0,206.0,3,3687.0,0,4996.0,0,2011.0,0,350.0,2,2517.0,0,,0,,0,,0,,0,,0
559,Orpi,1300.0,59.0,22.03,Appartement,2 pièce - 1 chambre - EXCLUSIVITÉ VISITE VIRTUELLE par mois LOCATION s 59 m2 1 - Croix Rou sse Message Balcon Bon état Meublé Etage : 5 Favoris,69001,Lyon,45.767485923584225,4.8193722084753725,https://www.orpi.com/annonce-location-appartement-t2-lyon-1-69001-802f8077-8c82-4096-ab81-d03b6b98f1b1/,,,Terreaux / Hotel de Ville,T2,992.0,0,1048.0,0,840.0,0,1740.0,0,1141.0,0,1394.0,0,327.0,1,1260.0,0,891.0,0,405.0,1,971.0,0,1236.0,0,3781.0,0,682.0,0,1594.0,0,,0,,0,,0,,0,,0
560,Orpi,1080.0,54.0,20.0,Appartement,2 pièce - EXCLUSIVITÉ par mois LOCATION s 54 m2 5 - Vieux Message 1 chamb re Parfait état Meublé Etage : 3 Favoris,69005,Lyon,45.7611312715512,4.827527127952154,https://www.orpi.com/annonce-location-appartement-t2-lyon-5-69005-4d542d10-e2d8-4c73-81e3-352e10d942ae/,,,Vieux Lyon,T2,526.0,0,279.0,2,877.0,0,865.0,0,575.0,0,789.0,0,1089.0,0,381.0,1,348.0,1,273.0,3,794.0,0,1772.0,0,2940.0,0,156.0,3,2179.0,0,,0,,0,,0,,0,,0
561,Orpi,95.0,15.0,6.33,Appartement,par mois LOCATION Stationnement 15 m2 7 - Debourg Message Ascenseur Favoris,69007,Lyon,45.74069263933549,4.837022764997473,https://www.orpi.com/annonce-location-stationnement-lyon-7-69007-54ea3e8d-feeb-40d1-9e0a-00b9e116c58d/,,,Guillotière / Jean Macé,Studio/T1,2487.0,0,1266.0,0,3175.0,0,1541.0,0,1268.0,0,2022.0,0,323.0,1,2257.0,0,961.0,0,584.0,0,1284.0,0,4064.0,0,658.0,0,544.0,0,672.0,0,,0,,0,,0,,0,,0
562,Orpi,1100.0,54.0,20.37,Appartement,2 pièce - EXCLUSIVITÉ par mois LOCATION s 54 m2 5 - Saint - Georges Message 1 ch ambre Parfait état Meublé Etage : 4 Favoris,69005,Lyon,45.75246678643051,4.796474486726336,https://www.orpi.com/annonce-location-appartement-t2-lyon-5-69005-e7441cc7-b9fb-4b0d-a825-808f84dbddb9/,,,Point du Jour / St Just,T2,3121.0,0,1766.0,0,3175.0,0,2549.0,0,2154.0,0,3340.0,0,1803.0,0,2935.0,0,473.0,1,1012.0,0,2168.0,0,3235.0,0,3509.0,0,413.0,1,3857.0,0,,0,,0,,0,,0,,0
563,Orpi,1299.0,42.0,30.93,Appartement,3 pièce - EXCLUSIVITÉ par mois LOCATION s 42 m2 5 - Saint - Georges Message 2 ch ambres Bon état Meublé Ascenseur Etage : 2 Favoris,69005,Lyon,45.75987658948925,4.804185963133487,https://www.orpi.com/annonce-location-appartement-t3-lyon-5-69005-430c1733-385b-4fab-9e09-baaf560809a6/,,,Point du Jour / St Just,T3,2255.0,0,947.0,0,2238.0,0,2075.0,0,2317.0,0,2604.0,0,837.0,0,2191.0,0,622.0,0,448.0,1,2048.0,0,2233.0,0,3609.0,0,651.0,0,2928.0,0,,0,,0,,0,,0,,0
564,Orpi,975.0,59.0,16.53,Appartement,2 pièce - 1 chambre - EXCLUSIVITÉ par mois LOCATION s 59 m2 5 - Saint - Just - Trion Message Cave Bon état Non meublé Etage : 2 Favoris,69005,Lyon,45.7523754923511,4.800350468088411,https://www.orpi.com/annonce-location-appartement-t2-lyon-5-69005-fbf4b899-cd26-4d86-8e85-09898f5cea2a/,,,Point du Jour / St Just,T2,2848.0,0,1744.0,0,2940.0,0,2249.0,0,1915.0,0,3056.0,0,1599.0,0,2655.0,0,678.0,0,722.0,0,1877.0,0,3117.0,0,3256.0,0,454.0,1,3595.0,0,,0,,0,,0,,0,,0
565,Orpi,900.0,59.0,15.25,Appartement,3 pièce - 2 chambre - EXCLUSIVITÉ VISITE VIRTUELLE par mois LOCATION s 59 m2 9 - Gare de V aise Message s Bon état Non meublé Ascenseur Etage : 2 Favoris,69009,Lyon,45.76759961679906,4.796604619792993,https://www.orpi.com/annonce-location-appartement-t3-lyon-9-69009-9138e643-001d-4c5b-bca6-5b563e5a6471/,,,Vaise / Valmy,T3,2756.0,0,330.0,1,2596.0,0,2984.0,0,2874.0,0,2823.0,0,1420.0,0,2880.0,0,521.0,0,662.0,0,2737.0,0,1897.0,0,4646.0,0,671.0,0,2788.0,0,,0,,0,,0,,0,,0
566,Orpi,990.0,57.0,17.37,Appartement,3 pièce - 2 chambre - EXCLUSIVITÉ VISITE VIRTUELLE par mois LOCATION s 57 m2 9 - Valmy Mes sage s Parfait état Meublé Etage : 4 Favoris,69009,Lyon,45.780626514532074,4.804624769502719,https://www.orpi.com/annonce-location-appartement-t3-lyon-9-69009-553daa07-1067-49bf-bcb4-49d0eea028fa/,,,Vaise / Valmy,T3,2508.0,0,692.0,0,2177.0,0,3576.0,0,2873.0,0,2004.0,0,1575.0,0,3088.0,0,1262.0,0,219.0,1,2563.0,0,894.0,0,5401.0,0,436.0,1,1753.0,0,,0,,0,,0,,0,,0
567,Orpi,987.0,72.0,13.71,Appartement,3 pièce - 2 chambre - EXCLUSIVITÉ par mois LOCATION s 72 m2 7 - Place Jean Jaurès Message s Balcon Bon état Non meublé Ascenseur Rez - de - chaussée Favoris,69007,Lyon,45.745073934451945,4.847278122886385,https://www.orpi.com/annonce-location-appartement-t3-lyon-7-69007-35-028082-297/,,,Guillotière / Jean Macé,T3,1751.0,0,936.0,0,2961.0,0,1678.0,0,2131.0,0,1361.0,0,1126.0,0,2088.0,0,429.0,1,110.0,4,1869.0,0,3780.0,0,1501.0,0,552.0,0,1293.0,0,,0,,0,,0,,0,,0
568,Orpi,990.0,48.0,20.62,Appartement,2 pièce - EXCLUSIVITÉ par mois LOCATION s 48 m2 3 - Préfecture Message 1 chamb re Balcon Bon état Meublé Etage : 1 Favoris,69003,Lyon,45.743862435478114,4.89397216299289,https://www.orpi.com/annonce-location-appartement-t2-lyon-3-69003-2453-028948-857/,,,Montchat,T2,3480.0,0,2120.0,0,5685.0,0,4045.0,0,3996.0,0,1082.0,0,1621.0,0,5132.0,0,140.0,1,877.0,0,5490.0,0,6156.0,0,2706.0,0,895.0,0,4359.0,0,,0,,0,,0,,0,,0
569,Orpi,1545.0,117.0,13.21,Appartement,4 pièce - 3 chambre - EXCLUSIVITÉ VISITE VIRTUELLE par mois LOCATION s 117 m2 3 - Lacassag ne Message s Terrasse Bon état Non meublé Rez - de - chaussée Favoris,69003,Lyon,45.7493900310375,4.86201423305196,https://www.orpi.com/annonce-location-appartement-t4-lyon-3-69003-958f2717-d61a-48e9-8ef4-d3ad26f836bf/,,,Part-Dieu / Villette,Grand (T4+),1265.0,0,55.0,1,3291.0,0,2102.0,0,2330.0,0,1424.0,0,574.0,0,2620.0,0,1057.0,0,442.0,1,3006.0,0,3928.0,0,1216.0,0,421.0,2,2391.0,0,,0,,0,,0,,0,,0
570,Orpi,420.0,16.0,26.25,Studio,1 pièce - EXCLUSIVITÉ par mois LOCATION 16 m2 9 - Ile Barbe Message Studio Bo n état Non meublé Etage : 1 Favoris,69009,Lyon,45.77329096198062,4.804559755930726,https://www.orpi.com/annonce-location-appartement-t1-lyon-9-69009-de5fa931-c08d-4dc0-b91e-10cf5e39afe6/,,,Vaise / Valmy,Studio/T1,2238.0,0,183.0,2,2037.0,0,2923.0,0,2446.0,0,2036.0,0,993.0,0,2572.0,0,1274.0,0,173.0,3,2212.0,0,1025.0,0,4830.0,0,189.0,4,1943.0,0,,0,,0,,0,,0,,0
571,Orpi,2150.0,99.0,21.72,Appartement,3 pièce - 2 chambre - EXCLUSIVITÉ VISITE VIRTUELLE par mois LOCATION s 99 m2 6 - Masséna M essage s Balcon Cave Bon état Meublé Ascenseur Favoris,69006,Lyon,45.771131010926005,4.847431585485531,https://www.orpi.com/annonce-location-appartement-t3-lyon-6-69006-cc1179ab-a48b-492a-a78f-f5ed9691060a/,,,Brotteaux / Foch,T3,1133.0,0,265.0,1,1368.0,0,724.0,0,329.0,1,136.0,1,446.0,1,1642.0,0,712.0,0,138.0,2,1268.0,0,1475.0,0,2009.0,0,404.0,3,1896.0,0,,0,,0,,0,,0,,0
572,Orpi,1089.0,63.0,17.29,Appartement,3 pièce - 2 chambre - EXCLUSIVITÉ par mois LOCATION s 63 m2 8 - Bachut Message s Terrasse Bon état Non meublé Ascenseur Etage : 4 Favoris,69008,Lyon,45.74423244467242,4.867048345068958,https://www.orpi.com/annonce-location-appartement-t3-lyon-8-69008-25e95ce5-3b06-4e63-81f0-eec307c81ef6/,,,Monplaisir / Bachut,T3,1952.0,0,650.0,0,3966.0,0,2792.0,0,2959.0,0,2096.0,0,1014.0,0,3254.0,0,784.0,0,219.0,2,3404.0,0,4620.0,0,1715.0,0,81.0,3,2392.0,0,,0,,0,,0,,0,,0
573,Orpi,935.0,50.0,18.7,Appartement,2 pièce - 1 chambre - EXCLUSIVITÉ par mois LOCATION s 50 m2 8 - Bachut Message B on état Non meublé Ascenseur Etage : 5 Favoris,69008,Lyon,45.728446813777374,4.870598980606868,https://www.orpi.com/annonce-location-appartement-t2-lyon-8-69008-121e932d-6bb8-4d70-b28e-bafcb0d632c1/,,,Monplaisir / Bachut,T2,3679.0,0,2370.0,0,5484.0,0,4244.0,0,4091.0,0,3247.0,0,1112.0,0,4655.0,0,759.0,0,390.0,1,4218.0,0,6232.0,0,2917.0,0,391.0,1,2532.0,0,,0,,0,,0,,0,,0
574,Orpi,1230.0,80.0,15.38,Appartement,3 pièce - 2 chambre - par mois LOCATION s 80 m2 5 - Vieux Message s Cave Bon état Non meublé Rez - de - chaussée Favoris,69005,Lyon,45.766765661973395,4.826598079953839,https://www.orpi.com/annonce-location-appartement-t3-lyon-5-69005-39b7c9b3-03f3-4f71-b30d-0b9f498bfbc4/,,,Vieux Lyon,T3,431.0,2,859.0,0,351.0,1,1417.0,0,591.0,0,1067.0,0,714.0,0,808.0,0,963.0,0,57.0,2,421.0,1,1168.0,0,3265.0,0,382.0,2,1553.0,0,,0,,0,,0,,0,,0
575,Orpi,1100.0,46.0,23.91,Appartement,2 pièce - 1 chambre - EXCLUSIVITÉ VISITE VIRTUELLE par mois LOCATION s 46 m2 7 - Garibaldi Message Cave Parfait état Meublé Ascenseur Etage : 1 Favoris,69007,Lyon,45.73214797304636,4.838698335450743,https://www.orpi.com/annonce-location-appartement-t2-lyon-7-69007-bb404dbc-37ef-4b1c-95a6-8ac68c72f086/,,,Gerland,T2,3333.0,0,2195.0,0,4133.0,0,2479.0,0,1665.0,0,2882.0,0,638.0,0,3215.0,0,1498.0,0,232.0,2,2056.0,0,5023.0,0,477.0,1,459.0,2,306.0,1,,0,,0,,0,,0,,0
576,Orpi,470.0,16.0,29.38,Studio,1 pièce - par mois LOCATION 16 m2 9 - Ile Barbe Message Studio Parfait état M eublé Rez - de - chaussée Favoris,69009,Lyon,45.764732156971235,4.803761297558427,https://www.orpi.com/annonce-location-appartement-t1-lyon-9-69009-c388768f-579b-493d-bb4a-0f618417a46e/,,,Vaise / Valmy,Studio/T1,2196.0,0,435.0,1,2087.0,0,2344.0,0,2297.0,0,2490.0,0,797.0,0,2266.0,0,526.0,0,279.0,1,2205.0,0,1768.0,0,4055.0,0,780.0,0,2545.0,0,,0,,0,,0,,0,,0
577,Orpi,100.0,10.0,10.0,Appartement,EXCLUSIVITÉ par mois LOCATION Stationnement 10 m2 9 - Valmy Message Portail électrique Favoris,69009,Lyon,45.77891338227082,4.805828882756425,https://www.orpi.com/annonce-location-stationnement-lyon-9-69009-7a78f0f2-8bbf-451f-a8c6-4617219c0990/,,,Vaise / Valmy,Studio/T1,2338.0,0,492.0,1,2061.0,0,3366.0,0,2682.0,0,1887.0,0,1364.0,0,2888.0,0,1206.0,0,23.0,2,2381.0,0,765.0,0,5236.0,0,224.0,2,1672.0,0,,0,,0,,0,,0,,0
578,Orpi,622.0,18.0,34.56,Appartement,1 pièce - par mois PRIX EN BAISSE LOCATION 18 m2 7 - Guillotière Message Stud io Bon état Meublé Ascenseur Etage : 6 Favoris,69007,Lyon,45.746340713477636,4.841169948546858,https://www.orpi.com/annonce-location-appartement-t1-lyon-7-69007-e5ccea48-b18c-4fbc-8e7d-141effba2255/,,,Guillotière / Jean Macé,Studio/T1,1856.0,0,619.0,0,2645.0,0,1214.0,0,1726.0,0,1318.0,0,1000.0,0,1738.0,0,571.0,0,213.0,4,1383.0,0,3505.0,0,1360.0,0,287.0,2,1284.0,0,,0,,0,,0,,0,,0
579,Orpi,1763.0,83.0,21.24,Appartement,2 pièce - EXCLUSIVITÉ par mois LOCATION s 83 m2 6 - Les Brotteaux Message 2 ch ambres Bon état Non meublé Ascenseur Etage : 1 Favoris,69006,Lyon,45.76542059412546,4.844981188162179,https://www.orpi.com/annonce-location-appartement-t2-lyon-6-69006-4421c599-e310-4e0b-80da-1e5a11496e38/,,,Brotteaux / Foch,T2,911.0,0,661.0,0,1220.0,0,196.0,1,237.0,1,154.0,2,452.0,1,1106.0,0,923.0,0,135.0,7,1044.0,0,1712.0,0,1856.0,0,100.0,7,2189.0,0,,0,,0,,0,,0,,0
580,Orpi,827.0,45.0,18.38,Appartement,1 pièce - 1 chambre - EXCLUSIVITÉ par mois LOCATION 45 m2 9 - Valmy Message Bon état Meublé Etage : 1 Favoris,69009,Lyon,45.78872910916862,4.811193484221975,https://www.orpi.com/annonce-location-appartement-t1-lyon-9-69009-860cc16a-0b7d-4719-8de7-d9aa2b59b899/,,,Vaise / Valmy,Studio/T1,2703.0,0,1630.0,0,2061.0,0,3787.0,0,3212.0,0,1921.0,0,2005.0,0,3521.0,0,897.0,0,1155.0,0,2846.0,0,1210.0,0,5429.0,0,211.0,1,1529.0,0,,0,,0,,0,,0,,0
581,Orpi,3000.0,166.0,18.07,Maison,7 pièce - 5 chambre - par mois LOCATION Maison s 166 m2 3 - Montchat Message s Terrasse Cave Bon état Garage Non meublé Favoris,69003,Lyon,45.747253952496045,4.888813234987769,https://www.orpi.com/annonce-location-maison-t7-lyon-3-69003-3118b33b-ac49-4db9-bc02-ddfca34ac8cf/,,,Montchat,Grand (T4+),2946.0,0,1593.0,0,5153.0,0,3495.0,0,3448.0,0,740.0,0,1841.0,0,4626.0,0,648.0,0,479.0,1,4962.0,0,5610.0,0,2157.0,0,359.0,1,4082.0,0,,0,,0,,0,,0,,0
582,Orpi,2580.0,147.0,17.55,Maison,6 pièce - VISITE VIRTUELLE par mois LOCATION Maison s 147 m2 9 - Champvert Message 5 chamb res Balcon Terrasse Bon état Garage Non meublé Favoris,69009,Lyon,45.78655618584729,4.811173717413221,https://www.orpi.com/annonce-location-maison-t6-lyon-9-69009-f4364878-b5b6-4471-abd4-097d70722d8f/,,,Vaise / Valmy,Grand (T4+),2520.0,0,1396.0,0,1926.0,0,3615.0,0,3012.0,0,1776.0,0,1865.0,0,3311.0,0,795.0,0,931.0,0,2651.0,0,982.0,0,5290.0,0,278.0,1,1404.0,0,,0,,0,,0,,0,,0
583,Orpi,1840.0,77.0,23.9,Appartement,4 pièce - 3 chambre - EXCLUSIVITÉ par mois LOCATION s 77 m2 7 - Debourg Message s Balcon Bon état Meublé Ascenseur Etage : 3 Favoris,69007,Lyon,45.74255149067917,4.836357515062913,https://www.orpi.com/annonce-location-appartement-t4-lyon-7-69007-1eeaead5-8b91-471d-b1d4-c2afcb5ef9fe/,,,Guillotière / Jean Macé,Grand (T4+),2277.0,0,1077.0,0,2962.0,0,1330.0,0,1242.0,0,1859.0,0,534.0,0,2044.0,0,749.0,0,417.0,1,1133.0,0,3853.0,0,844.0,0,495.0,1,885.0,0,,0,,0,,0,,0,,0
584,Orpi,1400.0,92.0,15.22,Appartement,4 pièce - 3 chambre - EXCLUSIVITÉ VISITE VIRTUELLE par mois PRIX EN BAISSE LOCATION s 92 m2 Ly on 7 - Garibaldi Message s Bon état Non meublé Ascenseur Etage : 7 Favoris,69000,Lyon,45.74486173123895,4.83294152724788,https://www.orpi.com/annonce-location-appartement-t4-lyon-7-69007-da09702a-d0a6-46f1-9348-bdad51411c3a/,,,Lyon / Non localisé,Grand (T4+),2012.0,0,959.0,0,2674.0,0,996.0,0,1079.0,0,1792.0,0,853.0,0,1765.0,0,514.0,0,101.0,1,787.0,0,3573.0,0,1090.0,0,426.0,1,1216.0,0,,0,,0,,0,,0,,0
585,Orpi,809.0,53.0,15.26,Appartement,2 pièce - 1 chambre - EXCLUSIVITÉ par mois LOCATION s 53 m2 7 - Debourg Message Bon état Meublé Etage : 1 Favoris,69007,Lyon,45.737267500762655,4.829994470800045,https://www.orpi.com/annonce-location-appartement-t2-lyon-7-69007-eb34fdb8-33a2-44b5-a728-5ac849da3f17/,,,Guillotière / Jean Macé,T2,2871.0,0,1804.0,0,3509.0,0,1801.0,0,796.0,0,2614.0,0,563.0,0,2615.0,0,1388.0,0,508.0,0,1222.0,0,4412.0,0,408.0,1,498.0,1,770.0,0,,0,,0,,0,,0,,0
586,Orpi,1387.0,66.0,21.02,Appartement,3 pièce - 2 chambre - EXCLUSIVITÉ par mois LOCATION s 66 m2 7 - Debourg Message s Balcon Bon état Meublé Ascenseur Rez - de - chaussée Favoris,69007,Lyon,45.73457360293708,4.845255582843118,https://www.orpi.com/annonce-location-appartement-t3-lyon-7-69007-37a91129-243d-4614-bd3a-d4ce37c11615/,,,Gerland,T3,2910.0,0,1963.0,0,3988.0,0,2438.0,0,2009.0,0,2535.0,0,720.0,0,3074.0,0,975.0,0,354.0,1,2205.0,0,4851.0,0,857.0,0,633.0,0,463.0,1,,0,,0,,0,,0,,0
587,Orpi,1433.0,86.0,16.66,Appartement,3 pièce - 3 chambre - EXCLUSIVITÉ par mois LOCATION s 86 m2 7 - Debourg Message s Balcon Terrasse À rafraîchir Non meublé Ascenseur Favoris,69007,Lyon,45.747281613265535,4.8327256275871395,https://www.orpi.com/annonce-location-appartement-t3-lyon-7-69007-0079ca6a-5085-467e-a7dd-045187c95a7e/,,,Guillotière / Jean Macé,T3,1744.0,0,769.0,0,2405.0,0,736.0,0,1216.0,0,1585.0,0,1112.0,0,1495.0,0,285.0,1,319.0,2,724.0,0,3303.0,0,1359.0,0,378.0,2,1472.0,0,,0,,0,,0,,0,,0
588,Orpi,1350.0,81.0,16.67,Appartement,4 pièce - 2 chambre - EXCLUSIVITÉ VISITE VIRTUELLE par mois LOCATION s 81 m2 9 - La Duchèr e Message s Balcon Cave Bon état Exposition : Sud Non meublé Favoris,69009,Lyon,45.79667095809495,4.822143957272546,https://www.orpi.com/annonce-location-appartement-t4-lyon-9-69009-87559fae-fd4d-4333-9603-01331ca974e8/,,,Vaise / Valmy,Grand (T4+),3109.0,0,2760.0,0,2275.0,0,4049.0,0,3668.0,0,2213.0,0,2253.0,0,4075.0,0,1370.0,0,1966.0,0,3320.0,0,2104.0,0,5411.0,0,496.0,1,1816.0,0,,0,,0,,0,,0,,0
589,Orpi,1950.0,50.0,39.0,Appartement,2 pièce - 1 chambre - EXCLUSIVITÉ VISITE VIRTUELLE par mois LOCATION s 50 m2 6 - Foch Mess age Balcon Cave Bon état Non meublé Ascenseur Favoris,69006,Lyon,45.76415411045382,4.850519305759044,https://www.orpi.com/annonce-location-appartement-t2-lyon-6-69006-e919fdb0-5de5-4f7f-b755-7fe86f29b72f/,,,Brotteaux / Foch,T2,615.0,0,649.0,0,1672.0,0,482.0,1,567.0,0,570.0,0,830.0,0,1456.0,0,797.0,0,169.0,10,1495.0,0,2115.0,0,1404.0,0,146.0,7,2580.0,0,,0,,0,,0,,0,,0
590,Orpi,100.0,14.0,7.14,Appartement,EXCLUSIVITÉ par mois LOCATION Stationnement 14 m2 7 - Garibaldi Message Favoris,69007,Lyon,45.74592256615666,4.850967155653498,https://www.orpi.com/annonce-location-stationnement-lyon-7-69007-3228-028004-190/,,,Guillotière / Jean Macé,Studio/T1,1578.0,0,916.0,0,3021.0,0,1879.0,0,2432.0,0,1294.0,0,1399.0,0,2187.0,0,394.0,3,49.0,3,2145.0,0,3803.0,0,1770.0,0,530.0,0,1527.0,0,,0,,0,,0,,0,,0
591,Orpi,2250.0,180.0,12.5,Appartement,4 pièce - 3 chambre - EXCLUSIVITÉ VISITE VIRTUELLE par mois LOCATION s 180 m2 5 - Vieux Ly on Message s Cave Bon état Non meublé Etage : 1 Favoris,69005,Lyon,45.75024007037747,4.796946483749784,https://www.orpi.com/annonce-location-appartement-t4-lyon-5-69005-83f755c7-66f2-420b-a513-05b2db60b833/,,,Point du Jour / St Just,Grand (T4+),3189.0,0,2004.0,0,3295.0,0,2535.0,0,1985.0,0,3385.0,0,1952.0,0,2988.0,0,329.0,1,1055.0,0,2079.0,0,3441.0,0,3348.0,0,650.0,0,3705.0,0,,0,,0,,0,,0,,0
592,Orpi,1356.0,75.0,18.08,Appartement,4 pièce - s 75 m2 1 356 €par mois LOCATION,69000,Lyon,45.77563659545477,4.84496709785078,https://www.orpi.com/annonce-location-appartement-t4-lyon-8-69008-0c2c2411-f268-4548-ad2d-015ce94445a1/,,,Lyon / Non localisé,Grand (T4+),1139.0,0,757.0,0,1002.0,0,1147.0,0,838.0,0,661.0,0,753.0,0,1923.0,0,1090.0,0,536.0,0,1352.0,0,1144.0,0,2489.0,0,791.0,0,1487.0,0,,0,,0,,0,,0,,0
593,Orpi,790.0,45.0,17.56,Appartement,2 pièce - s 45 m2,69000,Lyon,45.76182308668964,4.8511010707176885,https://www.orpi.com/annonce-location-appartement-t2-lyon-9-69009-aa97219b-3704-406b-9407-151b53c08225/,,,Lyon / Non localisé,T2,401.0,1,634.0,0,1811.0,0,565.0,0,827.0,0,570.0,0,1049.0,0,1455.0,0,776.0,0,197.0,8,1623.0,0,2328.0,0,1290.0,0,71.0,5,2801.0,0,,0,,0,,0,,0,,0
594,Orpi,877.0,46.0,19.07,Appartement,2 pièce - s 46 m2 877 €par mois LOCATION,69000,Lyon,45.76217620559645,4.826861861117604,https://www.orpi.com/annonce-location-appartement-t2-lyon-5-69005-907f7736-7237-4af1-9a6d-c0ad35eed7b9/,,,Lyon / Non localisé,T2,544.0,0,361.0,2,779.0,0,988.0,0,558.0,0,849.0,0,1019.0,0,459.0,1,475.0,1,378.0,1,718.0,0,1664.0,0,3064.0,0,259.0,3,2063.0,0,,0,,0,,0,,0,,0
595,Orpi,1400.0,86.0,16.28,Appartement,3 pièce - s 86 m2 1 400 €par mois LOCATION,69000,Lyon,45.75716761498928,4.82802457976933,https://www.orpi.com/annonce-location-appartement-t3-lyon-9-69009-c613f31e-6f5e-4077-9987-415792fe96bb/,,,Lyon / Non localisé,T3,783.0,0,261.0,3,1305.0,0,424.0,1,897.0,0,869.0,0,1294.0,0,522.0,0,182.0,2,71.0,7,1161.0,0,2206.0,0,2500.0,0,220.0,7,2621.0,0,,0,,0,,0,,0,,0
596,Orpi,840.0,30.0,28.0,Appartement,1 pièce - 30 m2 840 €par mois LOCATION,69000,Lyon,45.74501954702259,4.8370700369352955,https://www.orpi.com/annonce-location-appartement-t1-lyon-6-69006-88beaf1a-71d6-4823-93c2-ef6671d9222a/,,,Lyon / Non localisé,Studio/T1,2010.0,0,798.0,0,2703.0,0,1115.0,0,1376.0,0,1593.0,0,804.0,0,1784.0,0,493.0,1,417.0,1,1090.0,0,3588.0,0,1124.0,0,215.0,2,1142.0,0,,0,,0,,0,,0,,0
597,Orpi,1749.0,82.0,21.33,Appartement,5 pièce - s 82 m2 1 749 €par mois LOCATION,69000,Lyon,45.76745006139554,4.830698353925748,https://www.orpi.com/annonce-location-appartement-t5-lyon-8-69008-43caac36-dc50-4ab2-9323-1aa09a338588/,,,Lyon / Non localisé,Grand (T4+),123.0,3,1016.0,0,161.0,1,1137.0,0,404.0,1,891.0,0,614.0,0,759.0,0,1014.0,0,223.0,7,94.0,1,1056.0,0,2979.0,0,82.0,5,1501.0,0,,0,,0,,0,,0,,0
598,Orpi,1060.0,47.0,22.55,Appartement,2 pièce - s 47 m2 1 060 €par mois LOCATION,69000,Lyon,45.754669653617164,4.840559704308408,https://www.orpi.com/annonce-location-appartement-t2-lyon-6-69006-30ed4d33-7006-47ea-a264-7582ba8c5984/,,,Lyon / Non localisé,T2,1060.0,0,314.0,1,1773.0,0,885.0,0,1210.0,0,620.0,0,1610.0,0,924.0,0,276.0,3,335.0,2,1567.0,0,2601.0,0,2157.0,0,180.0,2,2204.0,0,,0,,0,,0,,0,,0
599,Orpi,1843.0,117.0,15.75,Appartement,4 pièce - s 117 m2 1 843 €par mois LOCATION,69000,Lyon,45.78155832070661,4.836091232886878,https://www.orpi.com/annonce-location-appartement-t4-lyon-2-69002-5b10371f-0c27-4d7a-bc7e-5441b6edf80b/,,,Lyon / Non localisé,Grand (T4+),1336.0,0,1700.0,0,539.0,0,2085.0,0,1697.0,0,644.0,0,572.0,0,2334.0,0,268.0,9,185.0,4,1587.0,0,680.0,0,3441.0,0,353.0,1,693.0,0,,0,,0,,0,,0,,0
600,Orpi,820.0,50.0,16.4,Appartement,2 pièce - s 50 m2 820 €par mois LOCATION,69000,Lyon,45.75733315763193,4.827932418792633,https://www.orpi.com/annonce-location-appartement-t2-lyon-5-69005-41e2e1d4-7a09-462d-a73f-b1e59af08757/,,,Lyon / Non localisé,T2,772.0,0,244.0,3,1288.0,0,444.0,1,884.0,0,866.0,0,1278.0,0,513.0,0,174.0,2,62.0,6,1176.0,0,2189.0,0,2520.0,0,238.0,6,2602.0,0,,0,,0,,0,,0,,0
601,Orpi,1788.0,100.0,17.88,Appartement,4 pièce - s 100 m2 1 788 €par mois LOCATION,69000,Lyon,45.76318193370402,4.820867504054074,https://www.orpi.com/annonce-location-appartement-t4-lyon-3-69003-d16dc125-b0e4-42d6-93b2-4a88d894eb52/,,,Lyon / Non localisé,Grand (T4+),910.0,0,579.0,0,948.0,0,1264.0,0,978.0,0,1326.0,0,547.0,0,936.0,0,717.0,0,537.0,0,986.0,0,1697.0,0,3290.0,0,585.0,0,2013.0,0,,0,,0,,0,,0,,0
602,Orpi,1343.0,66.0,20.35,Appartement,3 pièce - s 66 m2 1 343 €par mois LOCATION,69000,Lyon,45.762232840855944,4.836563150278289,https://www.orpi.com/annonce-location-appartement-t3-lyon-3-69003-c468bda0-d703-40ca-add4-0ea0c86b32fe/,,,Lyon / Non localisé,T3,229.0,1,528.0,0,891.0,0,625.0,0,340.0,1,154.0,2,890.0,0,363.0,1,658.0,0,83.0,6,698.0,0,1706.0,0,2412.0,0,180.0,5,2180.0,0,,0,,0,,0,,0,,0
603,Orpi,1600.0,90.0,17.78,Appartement,4 pièce - s 90 m2 1 600 €par mois LOCATION,69000,Lyon,45.78073314969268,4.844258285966396,https://www.orpi.com/annonce-location-appartement-t4-lyon-3-69003-24879f1a-9c98-4945-8cb4-d5106c348993/,,,Lyon / Non localisé,Grand (T4+),1504.0,0,1287.0,0,993.0,0,1606.0,0,1371.0,0,1155.0,0,1043.0,0,2407.0,0,907.0,0,537.0,0,1748.0,0,1159.0,0,2954.0,0,906.0,0,1320.0,0,,0,,0,,0,,0,,0
604,Orpi,990.0,43.0,23.02,Appartement,2 pièce - s 43 m2 990 €par mois LOCATION,69000,Lyon,45.776162133953676,4.827314380561035,https://www.orpi.com/annonce-location-appartement-t2-lyon-1-69001-215fa0de-f5b7-4028-87ab-9616d8cb6af2/,,,Lyon / Non localisé,T2,837.0,0,1499.0,0,416.0,1,1913.0,0,1397.0,0,265.0,1,345.0,5,1761.0,0,647.0,0,279.0,2,1017.0,0,250.0,1,3613.0,0,365.0,2,508.0,0,,0,,0,,0,,0,,0
605,Orpi,1680.0,99.0,16.97,Appartement,5 pièce - s 99 m2 1 680 €par mois LOCATION,69000,Lyon,45.77173678622662,4.822541505957005,https://www.orpi.com/annonce-location-appartement-t5-lyon-2-69002-f6ffb32c-44c5-4361-82d0-88ac0d94acb1/,,,Lyon / Non localisé,Grand (T4+),838.0,0,1111.0,0,665.0,0,1912.0,0,1176.0,0,872.0,0,543.0,0,1444.0,0,1128.0,0,523.0,0,859.0,0,837.0,0,3732.0,0,191.0,2,1064.0,0,,0,,0,,0,,0,,0
606,Orpi,1190.0,49.0,24.29,Appartement,2 pièce - s 49 m2 1 190 €par mois LOCATION,69000,Lyon,45.768265610073335,4.841425624718331,https://www.orpi.com/annonce-location-appartement-t2-lyon-5-69005-01479472-d3be-4389-b04b-17979cf718d5/,,,Lyon / Non localisé,T2,677.0,0,724.0,0,886.0,0,554.0,0,183.0,1,274.0,2,123.0,1,1092.0,0,1182.0,0,287.0,8,743.0,0,1293.0,0,2233.0,0,68.0,8,1770.0,0,,0,,0,,0,,0,,0
607,Orpi,620.0,21.0,29.52,Appartement,1 pièce - 21 m2 620 €par mois LOCATION,69000,Lyon,45.7572126362267,4.853406617082489,https://www.orpi.com/annonce-location-appartement-t1-lyon-4-69004-a132afc9-d175-443a-8f89-e03e477b7dc3/,,,Lyon / Non localisé,Studio/T1,323.0,1,263.0,1,2226.0,0,1009.0,0,1355.0,0,451.0,1,1121.0,0,1675.0,0,758.0,0,345.0,3,2029.0,0,2831.0,0,1121.0,0,434.0,2,2715.0,0,,0,,0,,0,,0,,0
608,Orpi,1300.0,65.0,20.0,Appartement,3 pièce - s 65 m2 1 300 €par mois PRIX EN BAISSE LOCATION,69000,Lyon,45.76930214443324,4.817918878066628,https://www.orpi.com/annonce-location-appartement-t3-lyon-6-69006-7b1fa4ff-d4a0-4193-b704-81fb307ff544/,,,Lyon / Non localisé,T3,1133.0,0,866.0,0,941.0,0,1971.0,0,1320.0,0,1316.0,0,199.0,1,1474.0,0,998.0,0,565.0,0,1100.0,0,1016.0,0,3988.0,0,545.0,0,1462.0,0,,0,,0,,0,,0,,0
609,Orpi,1700.0,106.0,16.04,Appartement,4 pièce - s 106 m2 1 700 €par mois LOCATION,69000,Lyon,45.77137953935375,4.830261892400631,https://www.orpi.com/annonce-location-appartement-t4-lyon-4-69004-c0ee0b91-c728-47a8-89cc-90227dac1125/,,,Lyon / Non localisé,Grand (T4+),277.0,1,1418.0,0,285.0,1,1385.0,0,820.0,0,687.0,0,183.0,1,1196.0,0,1055.0,0,283.0,3,439.0,1,619.0,0,3165.0,0,431.0,3,1066.0,0,,0,,0,,0,,0,,0
610,Orpi,1520.0,113.0,13.45,Appartement,4 pièce - s 113 m2 1 520 €par mois LOCATION,69000,Lyon,45.764018946590696,4.842112260887972,https://www.orpi.com/annonce-location-appartement-t4-lyon-5-69005-fb6091e2-5857-402f-bb87-c8f8bc84baa3/,,,Lyon / Non localisé,Grand (T4+),656.0,0,909.0,0,1079.0,0,176.0,1,350.0,1,69.0,3,565.0,0,837.0,0,770.0,0,122.0,11,887.0,0,1703.0,0,2023.0,0,198.0,6,2187.0,0,,0,,0,,0,,0,,0
611,Orpi,1450.0,108.0,13.43,Appartement,4 pièce - s 108 m2 1 450 €par mois LOCATION,69000,Lyon,45.76753732530452,4.817229991600693,https://www.orpi.com/annonce-location-appartement-t4-lyon-8-69008-173272dc-2cfc-48ec-996a-e0d8e770316c/,,,Lyon / Non localisé,Grand (T4+),1158.0,0,944.0,0,1003.0,0,1824.0,0,1301.0,0,1495.0,0,184.0,1,1400.0,0,800.0,0,571.0,0,1137.0,0,1203.0,0,3840.0,0,741.0,0,1659.0,0,,0,,0,,0,,0,,0
612,Orpi,900.0,52.0,17.31,Appartement,2 pièce - s 52 m2 900 €par mois LOCATION,69000,Lyon,45.75089201751979,4.844443305974213,https://www.orpi.com/annonce-location-appartement-t2-lyon-3-69003-797b3361-820b-42b9-9212-54c317530164/,,,Lyon / Non localisé,T2,1301.0,0,350.0,1,2286.0,0,1210.0,0,1723.0,0,755.0,0,1562.0,0,1438.0,0,270.0,1,71.0,5,1683.0,0,3097.0,0,1926.0,0,150.0,4,1826.0,0,,0,,0,,0,,0,,0
613,Orpi,110.0,14.0,7.86,Appartement,Stationnement 14 m2 110 €par mois LOCATION,69000,Lyon,45.77488510149597,4.851620646082994,https://www.orpi.com/annonce-location-stationnement-lyon-3-69003-4cd53631-ecef-44ec-aebf-219d111a764f/,,,Lyon / Non localisé,Studio/T1,1556.0,0,552.0,0,1524.0,0,751.0,0,630.0,0,647.0,0,958.0,0,2168.0,0,661.0,0,645.0,0,1732.0,0,1667.0,0,2091.0,0,590.0,0,2000.0,0,,0,,0,,0,,0,,0
614,Orpi,1670.0,53.0,31.51,Appartement,4 pièce - s 53 m2 1 670 €par mois LOCATION,69000,Lyon,45.77703117468556,4.820845004224613,https://www.orpi.com/annonce-location-appartement-t4-lyon-7-69007-4b60b89a-8213-4a22-87b1-0817ad60c2e4/,,,Lyon / Non localisé,Grand (T4+),1240.0,0,1046.0,0,892.0,0,2348.0,0,1714.0,0,719.0,0,804.0,0,2022.0,0,531.0,0,774.0,0,1355.0,0,427.0,1,4098.0,0,413.0,2,644.0,0,,0,,0,,0,,0,,0
615,Orpi,1800.0,62.0,29.03,Appartement,4 pièce - s 62 m2 1 800 €par mois LOCATION,69000,Lyon,45.770996754770586,4.818275537180571,https://www.orpi.com/annonce-location-appartement-t4-lyon-7-69007-04f9f32b-9b1f-40d8-88bb-5c9dda0d2a9f/,,,Lyon / Non localisé,Grand (T4+),1147.0,0,810.0,0,943.0,0,2130.0,0,1386.0,0,1171.0,0,336.0,1,1583.0,0,1179.0,0,642.0,0,1122.0,0,837.0,0,4016.0,0,382.0,1,1286.0,0,,0,,0,,0,,0,,0
616,Orpi,979.0,48.0,20.4,Appartement,2 pièce - s 48 m2 979 €par mois LOCATION,69000,Lyon,45.780956930406745,4.838362386125795,https://www.orpi.com/annonce-location-appartement-t2-lyon-4-69004-dd02a1fb-d799-4c35-9e71-df1919de9c65/,,,Lyon / Non localisé,T2,1315.0,0,1537.0,0,607.0,0,1924.0,0,1584.0,0,745.0,0,650.0,0,2296.0,0,450.0,9,173.0,5,1568.0,0,766.0,0,3271.0,0,469.0,1,863.0,0,,0,,0,,0,,0,,0
617,Orpi,1200.0,83.0,14.46,Appartement,3 pièce - s 83 m2 1 200 €par mois PRIX EN BAISSE LOCATION,69000,Lyon,45.754472891045964,4.8524797660709895,https://www.orpi.com/annonce-location-appartement-t3-lyon-9-69009-3856ebc3-3056-4ec3-aad2-b345e2588ed0/,,,Lyon / Non localisé,T3,630.0,0,246.0,1,2362.0,0,1206.0,0,1581.0,0,493.0,1,1114.0,0,1706.0,0,579.0,0,167.0,5,2163.0,0,3032.0,0,1295.0,0,170.0,3,2408.0,0,,0,,0,,0,,0,,0
618,Orpi,1371.0,68.0,20.16,Appartement,2 pièce - s 68 m2 1 371 €par mois LOCATION,69000,Lyon,45.76999267269854,4.818101321490569,https://www.orpi.com/annonce-location-appartement-t2-lyon-4-69004-e0870919-2688-4c2d-a435-b75d2297dea0/,,,Lyon / Non localisé,T2,1139.0,0,841.0,0,934.0,0,2034.0,0,1341.0,0,1253.0,0,249.0,1,1514.0,0,1072.0,0,588.0,0,1102.0,0,943.0,0,3996.0,0,474.0,1,1388.0,0,,0,,0,,0,,0,,0
619,Orpi,1299.0,91.0,14.27,Appartement,2 pièce - s 91 m2 1 299 €par mois LOCATION,69000,Lyon,45.76784814494444,4.826112817706729,https://www.orpi.com/annonce-location-appartement-t2-lyon-5-69005-9fb7354a-eafe-4418-8223-1afb9931d1df/,,,Lyon / Non localisé,T2,477.0,1,977.0,0,322.0,1,1487.0,0,685.0,0,1122.0,0,614.0,0,930.0,0,1089.0,0,70.0,3,449.0,1,1063.0,0,3332.0,0,435.0,2,1435.0,0,,0,,0,,0,,0,,0
620,Orpi,1090.0,51.0,21.37,Appartement,2 pièce - s 51 m2 1 090 €par mois LOCATION,69000,Lyon,45.76552999668327,4.8293048955668905,https://www.orpi.com/annonce-location-appartement-t2-lyon-5-69005-e1a9b87f-c742-4951-a5b4-29299f583bf8/,,,Lyon / Non localisé,T2,213.0,3,777.0,0,371.0,1,1184.0,0,342.0,1,817.0,0,819.0,0,586.0,0,797.0,0,294.0,4,305.0,1,1272.0,0,3029.0,0,165.0,3,1698.0,0,,0,,0,,0,,0,,0
621,Orpi,982.0,54.0,18.19,Appartement,2 pièce - s 54 m2 982 €par mois LOCATION,69000,Lyon,45.77686880719944,4.8223646671658065,https://www.orpi.com/annonce-location-appartement-t2-lyon-3-69003-1cdb472e-eb3c-4f51-a377-f4aa62f26397/,,,Lyon / Non localisé,T2,1141.0,0,1150.0,0,776.0,0,2246.0,0,1635.0,0,604.0,0,699.0,0,1956.0,0,562.0,0,657.0,0,1269.0,0,544.0,0,3986.0,0,346.0,2,572.0,0,,0,,0,,0,,0,,0
622,Orpi,1139.0,68.0,16.75,Appartement,3 pièce - s 68 m2 1 139 €par mois LOCATION,69000,Lyon,45.76711469531324,4.85350262102457,https://www.orpi.com/annonce-location-appartement-t3-lyon-4-69004-a3ce0efc-1188-4385-8db5-39760f10e145/,,,Lyon / Non localisé,T3,829.0,0,399.0,1,1831.0,0,293.0,1,322.0,1,574.0,0,882.0,0,1784.0,0,394.0,1,90.0,8,1677.0,0,2103.0,0,1362.0,0,202.0,3,2538.0,0,,0,,0,,0,,0,,0
623,Orpi,770.0,39.0,19.74,Appartement,1 pièce - 39 m2 770 €par mois PRIX EN BAISSE LOCATION,69000,Lyon,45.75329308658404,4.8384273342366635,https://www.orpi.com/annonce-location-appartement-t1-lyon-3-69003-5ff11d7a-a6d5-418c-874e-17ede385cbfc/,,,Lyon / Non localisé,Studio/T1,1132.0,0,208.0,1,1846.0,0,709.0,0,1288.0,0,840.0,0,1727.0,0,950.0,0,468.0,1,398.0,1,1347.0,0,2704.0,0,2048.0,0,165.0,2,2050.0,0,,0,,0,,0,,0,,0
624,Orpi,1290.0,48.0,26.88,Appartement,2 pièce - s 48 m2 1 290 €par mois LOCATION,69000,Lyon,45.76668184807628,4.826543260085661,https://www.orpi.com/annonce-location-appartement-t2-lyon-1-69001-12517828-8fe4-476c-b753-f1719d36dd55/,,,Lyon / Non localisé,T2,436.0,2,850.0,0,360.0,1,1419.0,0,590.0,0,1065.0,0,724.0,0,803.0,0,955.0,0,65.0,2,427.0,1,1178.0,0,3267.0,0,384.0,2,1563.0,0,,0,,0,,0,,0,,0
625,Orpi,1690.0,122.0,13.85,Appartement,5 pièce - s 122 m2 1 690 €par mois LOCATION,69000,Lyon,45.77269232817156,4.837002054641367,https://www.orpi.com/annonce-location-appartement-t5-lyon-2-69002-f330fbc9-69da-4d7a-a1e9-250397deb920/,,,Lyon / Non localisé,Grand (T4+),454.0,1,1084.0,0,644.0,0,1149.0,0,781.0,0,761.0,0,584.0,0,1377.0,0,962.0,0,439.0,4,692.0,0,701.0,0,2770.0,0,361.0,2,1172.0,0,,0,,0,,0,,0,,0
626,Orpi,1072.0,49.0,21.88,Appartement,2 pièce - s 49 m2 1 072 €par mois PRIX EN BAISSE LOCATION,69000,Lyon,45.75522068651651,4.852090998492181,https://www.orpi.com/annonce-location-appartement-t2-lyon-3-69003-6bb5e09a-42de-460d-a834-cca4b6d2f493/,,,Lyon / Non localisé,T2,566.0,0,167.0,1,2284.0,0,1120.0,0,1494.0,0,419.0,1,1156.0,0,1645.0,0,576.0,0,242.0,5,2085.0,0,2947.0,0,1288.0,0,256.0,2,2471.0,0,,0,,0,,0,,0,,0
627,Orpi,780.0,41.0,19.02,Appartement,2 pièce - s 41 m2 780 €par mois LOCATION,69000,Lyon,45.77433861411306,4.833517557489887,https://www.orpi.com/annonce-location-appartement-t2-lyon-3-69003-7b98dd9c-da41-40fa-8188-16e5b76e81c0/,,,Lyon / Non localisé,T2,513.0,0,1398.0,0,362.0,1,1449.0,0,1095.0,0,446.0,1,361.0,5,1516.0,0,717.0,0,140.0,4,760.0,0,380.0,1,3096.0,0,166.0,1,862.0,0,,0,,0,,0,,0,,0
628,Orpi,1192.0,65.0,18.34,Appartement,3 pièce - s 65 m2 1 192 €par mois LOCATION,69000,Lyon,45.756031445487395,4.82588299981035,https://www.orpi.com/annonce-location-appartement-t3-lyon-3-69003-3e3cd914-906b-4703-86c7-29d7af67d7f0/,,,Lyon / Non localisé,T3,984.0,0,141.0,3,1458.0,0,390.0,1,1090.0,0,1077.0,0,1234.0,0,727.0,0,116.0,2,248.0,7,996.0,0,2351.0,0,2416.0,0,179.0,5,2573.0,0,,0,,0,,0,,0,,0
629,Orpi,970.0,75.0,12.93,Appartement,3 pièce - s 75 m2 970 €par mois LOCATION,69000,Lyon,45.778542747836426,4.833969457207184,https://www.orpi.com/annonce-location-appartement-t3-lyon-8-69008-83a5f98c-a9b4-49c8-a79d-75197d8031ab/,,,Lyon / Non localisé,T3,981.0,0,1592.0,0,174.0,1,1834.0,0,1456.0,0,321.0,1,217.0,4,1985.0,0,271.0,9,162.0,7,1228.0,0,333.0,1,3339.0,0,138.0,2,576.0,0,,0,,0,,0,,0,,0
630,Orpi,935.0,38.0,24.61,Appartement,2 pièce - s 38 m2 935 €par mois LOCATION,69000,Lyon,45.77030335638024,4.833169308575843,https://www.orpi.com/annonce-location-appartement-t2-lyon-7-69007-e49eb8ef-0ba1-4331-bb0c-58c6780ba597/,,,Lyon / Non localisé,T2,64.0,2,1339.0,0,294.0,1,1135.0,0,665.0,0,841.0,0,413.0,1,1066.0,0,1162.0,0,147.0,5,317.0,1,770.0,0,2910.0,0,217.0,2,1247.0,0,,0,,0,,0,,0,,0
631,Orpi,1219.0,69.0,17.67,Appartement,3 pièce - s 69 m2 1 219 €par mois LOCATION,69000,Lyon,45.77230571843261,4.8341372563270815,https://www.orpi.com/annonce-location-appartement-t3-lyon-5-69005-758599ad-2405-4ae6-bf1a-d4d99b8a3822/,,,Lyon / Non localisé,T3,299.0,1,1289.0,0,502.0,0,1240.0,0,889.0,0,663.0,0,377.0,1,1294.0,0,947.0,0,368.0,5,552.0,0,594.0,0,2941.0,0,330.0,2,1079.0,0,,0,,0,,0,,0,,0
632,Orpi,2000.0,139.0,14.39,Appartement,5 pièce - s 139 m2 2 000 €par mois PRIX EN BAISSE LOCATION,69000,Lyon,45.77402048474211,4.833296579407917,https://www.orpi.com/annonce-location-appartement-t5-lyon-4-69004-3c43dea7-9d57-4f38-b138-00589d031f9c/,,,Lyon / Non localisé,Grand (T4+),476.0,1,1402.0,0,392.0,1,1431.0,0,1078.0,0,465.0,1,331.0,5,1480.0,0,750.0,0,166.0,4,723.0,0,398.0,1,3093.0,0,185.0,1,882.0,0,,0,,0,,0,,0,,0
633,Orpi,1090.0,45.0,24.22,Appartement,2 pièce - s 45 m2 1 090 €par mois LOCATION,69000,Lyon,45.774242508486154,4.844001597637627,https://www.orpi.com/annonce-location-appartement-t2-lyon-3-69003-e0d28ff8-677a-47c2-b17c-2c5fc804c110/,,,Lyon / Non localisé,T2,992.0,0,687.0,0,975.0,0,1116.0,0,761.0,0,544.0,0,585.0,0,1751.0,0,1076.0,0,381.0,1,1195.0,0,1102.0,0,2436.0,0,623.0,0,1487.0,0,,0,,0,,0,,0,,0
634,Orpi,900.0,65.0,13.85,Appartement,3 pièce - s 65 m2 900 €par mois LOCATION,69000,Lyon,45.76249456314298,4.824600243896936,https://www.orpi.com/annonce-location-appartement-t3-lyon-5-69005-786ac9ec-9175-430b-bf49-cb9d5aadcc31/,,,Lyon / Non localisé,T3,678.0,0,386.0,2,820.0,0,1069.0,0,710.0,0,1028.0,0,841.0,0,637.0,0,602.0,0,529.0,0,801.0,0,1667.0,0,3136.0,0,336.0,1,2038.0,0,,0,,0,,0,,0,,0
635,Orpi,1100.0,62.0,17.74,Appartement,5 pièce - s 62 m2 1 100 €par mois LOCATION,69000,Lyon,45.75276550385424,4.826848145944563,https://www.orpi.com/annonce-location-appartement-t5-lyon-5-69005-388f0486-2d6f-4c4d-8e62-46e2dbec555b/,,,Lyon / Non localisé,Grand (T4+),1254.0,0,415.0,1,1803.0,0,205.0,1,1381.0,0,1252.0,0,1544.0,0,985.0,0,477.0,1,56.0,6,670.0,0,2702.0,0,2046.0,0,134.0,5,2212.0,0,,0,,0,,0,,0,,0
636,Orpi,1190.0,62.0,19.19,Appartement,3 pièce - s 62 m2 1 190 €par mois PRIX EN BAISSE LOCATION,69000,Lyon,45.75259598020187,4.845729135049567,https://www.orpi.com/annonce-location-appartement-t3-lyon-6-69006-3491-028004-282/,,,Lyon / Non localisé,T3,1093.0,0,440.0,1,2177.0,0,1241.0,0,1619.0,0,544.0,0,1633.0,0,1373.0,0,84.0,1,153.0,4,1832.0,0,2959.0,0,1858.0,0,296.0,5,2034.0,0,,0,,0,,0,,0,,0
637,Orpi,925.0,50.0,18.5,Appartement,2 pièce - s 50 m2 925 €par mois LOCATION,69000,Lyon,45.763500453396915,4.852530465433999,https://www.orpi.com/annonce-location-appartement-t2-lyon-3-69003-03fafb74-126b-4e96-bb2a-cc3b798e287e/,,,Lyon / Non localisé,T2,469.0,1,740.0,0,1843.0,0,636.0,0,655.0,0,742.0,0,997.0,0,1591.0,0,784.0,0,148.0,10,1665.0,0,2280.0,0,1233.0,0,68.0,6,2742.0,0,,0,,0,,0,,0,,0
638,Orpi,990.0,41.0,24.15,Appartement,2 pièce - s 41 m2 990 €par mois LOCATION,69000,Lyon,45.78324027701379,4.835904466702328,https://www.orpi.com/annonce-location-appartement-t2-lyon-6-69006-538f947f-df31-4b7e-82f9-a7232006839d/,,,Lyon / Non localisé,T2,1518.0,0,1855.0,0,698.0,0,2238.0,0,1880.0,0,777.0,0,723.0,0,2518.0,0,312.0,9,332.0,4,1767.0,0,823.0,0,3586.0,0,491.0,1,728.0,0,,0,,0,,0,,0,,0
639,Orpi,1100.0,58.0,18.97,Appartement,2 pièce - s 58 m2 1 100 €par mois PRIX EN BAISSE LOCATION,69000,Lyon,45.7475288512281,4.831641273870821,https://www.orpi.com/annonce-location-appartement-t2-lyon-6-69006-7485ba8b-e1df-4c61-a6ce-b166812a6cf2/,,,Lyon / Non localisé,T2,1723.0,0,818.0,0,2371.0,0,684.0,0,1172.0,0,1581.0,0,1166.0,0,1469.0,0,328.0,1,338.0,2,641.0,0,3272.0,0,1396.0,0,465.0,1,1528.0,0,,0,,0,,0,,0,,0
640,Orpi,890.0,60.0,14.83,Appartement,2 pièce - s 60 m2 890 €par mois PRIX EN BAISSE LOCATION,69000,Lyon,45.76317194847528,4.81934256339014,https://www.orpi.com/annonce-location-appartement-t2-lyon-8-69008-fb8b5a31-0c64-4f51-83ad-546289c35370/,,,Lyon / Non localisé,T2,1024.0,0,658.0,0,1040.0,0,1328.0,0,1095.0,0,1443.0,0,429.0,1,1049.0,0,605.0,0,610.0,0,1090.0,0,1706.0,0,3328.0,0,556.0,0,2046.0,0,,0,,0,,0,,0,,0
641,Orpi,1392.0,67.0,20.78,Appartement,3 pièce - s 67 m2 1 392 €par mois LOCATION,69000,Lyon,45.760520775295234,4.839685538847417,https://www.orpi.com/annonce-location-appartement-t3-lyon-8-69008-c830de16-746c-4b8d-8936-130cebc00778/,,,Lyon / Non localisé,T3,531.0,0,498.0,1,1189.0,0,507.0,0,648.0,0,167.0,2,977.0,0,565.0,0,388.0,2,155.0,7,992.0,0,1965.0,0,2155.0,0,330.0,2,2446.0,0,,0,,0,,0,,0,,0
642,Orpi,1180.0,59.0,20.0,Appartement,2 pièce - s 59 m2 1 180 €par mois LOCATION,69000,Lyon,45.758102473189844,4.825835964723275,https://www.orpi.com/annonce-location-appartement-t2-lyon-1-69001-65b5da19-e403-4e1c-a49c-57bb01ae8bc5/,,,Lyon / Non localisé,T2,819.0,0,66.0,3,1236.0,0,582.0,0,905.0,0,979.0,0,1095.0,0,587.0,0,156.0,2,215.0,4,1155.0,0,2124.0,0,2639.0,0,206.0,4,2518.0,0,,0,,0,,0,,0,,0
643,Orpi,1295.0,80.0,16.19,Appartement,3 pièce - s 80 m2 1 295 €par mois PRIX EN BAISSE LOCATION,69000,Lyon,45.75680084027953,4.8526522332193025,https://www.orpi.com/annonce-location-appartement-t3-lyon-5-69005-1faa30f1-8d0a-4433-b51a-18e95a4cea83/,,,Lyon / Non localisé,T3,392.0,1,190.0,1,2206.0,0,1004.0,0,1364.0,0,396.0,1,1159.0,0,1630.0,0,698.0,0,358.0,4,2009.0,0,2831.0,0,1190.0,0,428.0,2,2650.0,0,,0,,0,,0,,0,,0
644,Orpi,1250.0,52.0,24.04,Appartement,2 pièce - s 52 m2 1 250 €par mois LOCATION,69000,Lyon,45.761929617657195,4.82493698814276,https://www.orpi.com/annonce-location-appartement-t2-lyon-5-69005-473f25da-6e8b-46ad-8ef7-b04b0a5c75b4/,,,Lyon / Non localisé,T2,692.0,0,320.0,2,862.0,0,1001.0,0,706.0,0,995.0,0,875.0,0,595.0,0,538.0,0,493.0,1,829.0,0,1721.0,0,3069.0,0,269.0,1,2098.0,0,,0,,0,,0,,0,,0
645,Orpi,1430.0,75.0,19.07,Appartement,3 pièce - s 75 m2 1 430 €par mois LOCATION,69000,Lyon,45.75934841329886,4.847604616945094,https://www.orpi.com/annonce-location-appartement-t3-lyon-3-69003-f29252ee-f55c-4560-948e-f76628baa941/,,,Lyon / Non localisé,T3,603.0,0,417.0,1,1723.0,0,548.0,0,930.0,0,226.0,1,1154.0,0,1189.0,0,391.0,1,203.0,7,1525.0,0,2371.0,0,1539.0,0,153.0,4,2798.0,0,,0,,0,,0,,0,,0
646,Orpi,1920.0,86.0,22.33,Appartement,5 pièce - s 86 m2 1 920 €par mois LOCATION,69000,Lyon,45.75510667060152,4.841958655863714,https://www.orpi.com/annonce-location-appartement-t5-lyon-9-69009-0a621e98-34c5-4033-a751-ce0a1b36ac39/,,,Lyon / Non localisé,Grand (T4+),1078.0,0,387.0,1,1784.0,0,975.0,0,1223.0,0,502.0,0,1555.0,0,970.0,0,241.0,3,226.0,3,1593.0,0,2590.0,0,2040.0,0,75.0,2,2260.0,0,,0,,0,,0,,0,,0
647,Orpi,1800.0,82.0,21.95,Appartement,5 pièce - s 82 m2 1 800 €par mois LOCATION,69000,Lyon,45.773037261178594,4.845000884038577,https://www.orpi.com/annonce-location-appartement-t5-lyon-5-69005-248-028062-884/,,,Lyon / Non localisé,Grand (T4+),1003.0,0,540.0,0,1100.0,0,982.0,0,611.0,0,390.0,1,480.0,1,1682.0,0,951.0,0,248.0,2,1183.0,0,1217.0,0,2290.0,0,520.0,0,1622.0,0,,0,,0,,0,,0,,0
648,Orpi,1522.0,64.0,23.78,Appartement,4 pièce - s 64 m2 1 522 €par mois LOCATION,69000,Lyon,45.7793178016228,4.829675704891561,https://www.orpi.com/annonce-location-appartement-t4-lyon-3-69003-4153c01e-2210-4204-8694-ade053b4f58c/,,,Lyon / Non localisé,Grand (T4+),1094.0,0,1777.0,0,290.0,1,2074.0,0,1691.0,0,199.0,1,246.0,4,2078.0,0,268.0,9,250.0,5,1315.0,0,269.0,1,3655.0,0,237.0,2,246.0,1,,0,,0,,0,,0,,0
649,Orpi,1150.0,61.0,18.85,Appartement,3 pièce - s 61 m2 1 150 €par mois PRIX EN BAISSE LOCATION,69000,Lyon,45.77685484522963,4.826702282483714,https://www.orpi.com/annonce-location-appartement-t3-lyon-8-69008-82e875af-0adf-4db4-8164-bff90fda297f/,,,Lyon / Non localisé,T3,927.0,0,1470.0,0,442.0,1,2001.0,0,1486.0,0,274.0,1,367.0,5,1847.0,0,621.0,0,364.0,2,1105.0,0,282.0,1,3693.0,0,392.0,2,433.0,1,,0,,0,,0,,0,,0
650,Orpi,100.0,12.0,8.33,Appartement,Stationnement 12 m2 100 €par mois LOCATION,69000,Lyon,45.75934118989756,4.849752415225991,https://www.orpi.com/annonce-location-stationnement-lyon-3-69003-283b7bf3-3703-4a27-92cc-00933ae15848/,,,Lyon / Non localisé,Studio/T1,437.0,1,359.0,1,1858.0,0,643.0,0,1005.0,0,280.0,1,1222.0,0,1354.0,0,532.0,0,247.0,4,1662.0,0,2470.0,0,1372.0,0,170.0,6,2840.0,0,,0,,0,,0,,0,,0
651,Orpi,1580.0,104.0,15.19,Appartement,5 pièce - s 104 m2 1 580 €par mois LOCATION,69000,Lyon,45.77471283063148,4.835727324144444,https://www.orpi.com/annonce-location-appartement-t5-lyon-3-69003-821dca36-7230-4cc9-9711-db36c2508347/,,,Lyon / Non localisé,Grand (T4+),593.0,0,1255.0,0,406.0,1,1393.0,0,1021.0,0,540.0,0,438.0,4,1576.0,0,717.0,0,231.0,4,846.0,0,486.0,1,2975.0,0,290.0,1,939.0,0,,0,,0,,0,,0,,0
652,Orpi,1466.0,86.0,17.05,Appartement,3 pièce - s 86 m2 1 466 €par mois LOCATION,69000,Lyon,45.75022282678136,4.842194875717198,https://www.orpi.com/annonce-location-appartement-t3-lyon-5-69005-e65318e8-9ac4-4c2e-9ab0-5f428ca9c8f6/,,,Lyon / Non localisé,T3,1473.0,0,242.0,1,2274.0,0,1064.0,0,1711.0,0,893.0,0,1436.0,0,1393.0,0,411.0,1,229.0,3,1496.0,0,3110.0,0,1791.0,0,282.0,4,1722.0,0,,0,,0,,0,,0,,0
653,Orpi,125.0,14.0,8.93,Appartement,Stationnement 14 m2 125 €par mois LOCATION,69000,Lyon,45.756313452007355,4.8244344660110805,https://www.orpi.com/annonce-location-stationnement-lyon-3-69003-50249009-5cb9-467d-bbf4-174d893cddf4/,,,Lyon / Non localisé,Studio/T1,1035.0,0,49.0,3,1457.0,0,493.0,1,1128.0,0,1159.0,0,1129.0,0,790.0,0,71.0,2,328.0,5,1012.0,0,2339.0,0,2478.0,0,260.0,4,2649.0,0,,0,,0,,0,,0,,0
654,PAP,960.0,55.0,17.45,Appartement,2 pièce - 1 chambre - s 55 m²,69003,Lyon,45.74549795307031,4.883633168710258,https://www.pap.fr/annonces/appartement-lyon-3e-r448201583,,,Montchat,T2,2708.0,0,1348.0,0,4901.0,0,3365.0,0,3350.0,0,1106.0,0,1574.0,0,4320.0,0,447.0,2,254.0,1,4678.0,0,5415.0,0,2014.0,0,573.0,0,3638.0,0,,0,,0,,0,,0,,0
655,PAP,1310.0,70.0,18.71,Appartement,2 pièce - 1 chambre - s 70 m²,69002,Lyon,45.75892718973712,4.834805061160069,https://www.pap.fr/annonces/appartement-lyon-2e-presqu-ile-r460901650,,,Bellecour / Cordeliers,T2,454.0,1,141.0,1,1161.0,0,744.0,0,611.0,0,330.0,1,1277.0,0,273.0,1,407.0,1,42.0,5,990.0,0,2033.0,0,2532.0,0,215.0,4,2494.0,0,,0,,0,,0,,0,,0
656,PAP,2575.0,140.0,18.39,Appartement,5 pièce - 4 chambre - s s 140 m²,69006,Lyon,45.76476377757066,4.8583409189887945,https://www.pap.fr/annonces/appartement-lyon-6e-69006-r445001535,,,Brotteaux / Foch,Grand (T4+),601.0,0,505.0,0,2242.0,0,493.0,1,611.0,0,1032.0,0,1169.0,0,2061.0,0,600.0,0,249.0,7,2076.0,0,2560.0,0,906.0,0,255.0,3,2995.0,0,,0,,0,,0,,0,,0
657,PAP,990.0,65.0,15.23,Appartement,3 pièce - 2 chambre - s s 65 m²,69008,Lyon,45.73671282572797,4.8604803897123485,https://www.pap.fr/annonces/appartement-lyon-8e-69008-r461501098,,,Monplaisir / Bachut,T3,2595.0,0,1359.0,0,4282.0,0,3053.0,0,3113.0,0,2499.0,0,1810.0,0,3446.0,0,575.0,0,475.0,1,3107.0,0,5048.0,0,2044.0,0,253.0,1,1657.0,0,,0,,0,,0,,0,,0
658,PAP,1650.0,46.04,35.84,Appartement,"2 pièce - 1 chambre - s 46,04 m²",69004,Lyon,45.780566649663484,4.824562105912841,https://www.pap.fr/annonces/appartement-lyon-4e-69004-r451800921,,,Croix-Rousse Plateau,T2,1368.0,0,1486.0,0,693.0,0,2421.0,0,1931.0,0,544.0,0,632.0,0,2288.0,0,322.0,1,609.0,0,1550.0,0,602.0,0,4058.0,0,646.0,0,208.0,1,,0,,0,,0,,0,,0
659,PAP,995.0,45.0,22.11,Appartement,2 pièce - 1 chambre - s 45 m²,69001,Lyon,45.766855444257324,4.826458084382526,https://www.pap.fr/annonces/appartement-lyon-1er-69001-r461700392,,,Terreaux / Hotel de Ville,T2,441.0,2,868.0,0,353.0,1,1430.0,0,605.0,0,1082.0,0,708.0,0,823.0,0,976.0,0,46.0,2,429.0,1,1161.0,0,3278.0,0,395.0,2,1544.0,0,,0,,0,,0,,0,,0
660,PAP,980.0,48.0,20.42,Appartement,2 pièce - 1 chambre - s 48 m²,69004,Lyon,45.78239003952244,4.832607387091217,https://www.pap.fr/annonces/appartement-lyon-4e-69004-r461602277,,,Croix-Rousse Plateau,T2,1406.0,0,1952.0,0,546.0,0,2267.0,0,1885.0,0,572.0,0,553.0,0,2409.0,0,86.0,9,210.0,3,1646.0,0,631.0,0,3700.0,0,330.0,1,456.0,1,,0,,0,,0,,0,,0
661,PAP,1250.0,53.13,23.53,Appartement,"3 pièce - 2 chambre - s s 53,13 m²",69004,Lyon,45.7779069804193,4.8172022337272224,https://www.pap.fr/annonces/appartement-lyon-4e-69004-r461602385,,,Croix-Rousse Plateau,T3,1522.0,0,848.0,0,1174.0,0,2631.0,0,1963.0,0,1000.0,0,1035.0,0,2245.0,0,516.0,0,867.0,0,1616.0,0,128.0,1,4393.0,0,618.0,0,839.0,0,,0,,0,,0,,0,,0
662,PAP,1130.0,72.0,15.69,Appartement,2 pièce - 1 chambre - s 72 m²,69005,Lyon,45.76421937831799,4.80839109495768,https://www.pap.fr/annonces/appartement-lyon-5e-69005-r461601762,,,Point du Jour / St Just,T2,1841.0,0,727.0,0,1755.0,0,2016.0,0,1937.0,0,2243.0,0,434.0,1,1903.0,0,426.0,1,147.0,1,1861.0,0,1664.0,0,3808.0,0,453.0,1,2346.0,0,,0,,0,,0,,0,,0
663,PAP,1160.0,59.0,19.66,Appartement,2 pièce - 1 chambre - s 59 m²,69006,Lyon,45.76830009676788,4.86397962144409,https://www.pap.fr/annonces/appartement-lyon-6e-69006-r455301328,,,Brotteaux / Foch,T2,1160.0,0,501.0,0,2634.0,0,606.0,0,443.0,1,1308.0,0,1128.0,0,2590.0,0,613.0,0,339.0,1,2490.0,0,2781.0,0,998.0,0,242.0,1,3167.0,0,,0,,0,,0,,0,,0
664,PAP,900.0,43.0,20.93,Appartement,2 pièce - 1 chambre - s 43 m²,69008,Lyon,45.73728995631128,4.87619511379882,https://www.pap.fr/annonces/appartement-lyon-8e-69008-r461601181,,,Monplaisir / Bachut,T2,2978.0,0,1697.0,0,5013.0,0,3840.0,0,3899.0,0,2185.0,0,961.0,0,4282.0,0,330.0,2,365.0,1,4244.0,0,5666.0,0,2578.0,0,551.0,0,2876.0,0,,0,,0,,0,,0,,0
665,PAP,1050.0,41.0,25.61,Appartement,2 pièce - 1 chambre - s 41 m²,69002,Lyon,45.758723661872516,4.836536035993502,https://www.pap.fr/annonces/appartement-lyon-2e-69002-r460901818,,,Bellecour / Cordeliers,T2,516.0,0,183.0,1,1231.0,0,812.0,0,670.0,0,280.0,1,1242.0,0,390.0,1,381.0,1,136.0,5,1050.0,0,2082.0,0,2399.0,0,247.0,4,2551.0,0,,0,,0,,0,,0,,0
666,PAP,1090.0,57.0,19.12,Appartement,2 pièce - 1 chambre - s 57 m²,69008,Lyon,45.73250834896541,4.868093175564703,https://www.pap.fr/annonces/appartement-lyon-8e-r406501698,,,Monplaisir / Bachut,T2,3189.0,0,1882.0,0,5003.0,0,3807.0,0,3779.0,0,2987.0,0,1286.0,0,4185.0,0,669.0,0,414.0,1,3836.0,0,5744.0,0,2643.0,0,423.0,2,2250.0,0,,0,,0,,0,,0,,0
667,PAP,1488.0,73.0,20.38,Appartement,3 pièce - 1 chambre - s 73 m²,69003,Lyon,45.756236487939915,4.853475458479089,https://www.pap.fr/annonces/appartement-lyon-3e-69003-r461600961,,,Part-Dieu / Villette,T3,420.0,1,240.0,1,2295.0,0,1093.0,0,1452.0,0,471.0,1,1079.0,0,1709.0,0,721.0,0,289.0,4,2097.0,0,2919.0,0,1147.0,0,371.0,1,2619.0,0,,0,,0,,0,,0,,0
668,PAP,1147.0,47.14,24.33,Appartement,"2 pièce - 1 chambre - s 47,14 m²",69004,Lyon,45.77915679881059,4.832962387747207,https://www.pap.fr/annonces/appartement-lyon-4e-69004-r443502324,,,Croix-Rousse Plateau,T2,1046.0,0,1695.0,0,193.0,1,1930.0,0,1554.0,0,286.0,1,215.0,4,2050.0,0,181.0,9,156.0,7,1288.0,0,319.0,1,3443.0,0,35.0,2,478.0,1,,0,,0,,0,,0,,0
669,PAP,710.0,53.0,13.4,Appartement,2 pièce - 2 chambre - s s 53 m²,69007,Lyon,45.733859281018795,4.843671622410848,https://www.pap.fr/annonces/appartement-lyon-7e-69007-r461600979,,,Gerland,T2,3021.0,0,2021.0,0,4030.0,0,2448.0,0,1921.0,0,2626.0,0,665.0,0,3113.0,0,1115.0,0,341.0,2,2166.0,0,4901.0,0,745.0,0,629.0,0,357.0,1,,0,,0,,0,,0,,0
670,PAP,1460.0,78.0,18.72,Appartement,4 pièce - 3 chambre - s s 78 m²,69008,Lyon,45.73302502049598,4.854936904601103,https://www.pap.fr/annonces/appartement-lyon-8e-69008-r461601172,,,Monplaisir / Bachut,Grand (T4+),2975.0,0,1847.0,0,4425.0,0,3020.0,0,2778.0,0,2760.0,0,1474.0,0,3542.0,0,851.0,0,1043.0,0,2914.0,0,5243.0,0,1623.0,0,175.0,2,1231.0,0,,0,,0,,0,,0,,0
671,PAP,1180.0,45.0,26.22,Appartement,2 pièce - 1 chambre - s 45 m²,69008,Lyon,45.73368664366672,4.861370497107841,https://www.pap.fr/annonces/appartement-lyon-8e-69008-r461601214,,,Monplaisir / Bachut,T2,2938.0,0,1691.0,0,4602.0,0,3321.0,0,3241.0,0,2836.0,0,1822.0,0,3754.0,0,892.0,0,694.0,0,3310.0,0,5379.0,0,2112.0,0,519.0,0,1718.0,0,,0,,0,,0,,0,,0
672,PAP,1470.0,89.0,16.52,Appartement,4 pièce - 2 chambre - s s 89 m²,69003,Lyon,45.757528140462284,4.85259739576179,https://www.pap.fr/annonces/appartement-lyon-3e-69003-r461501086,,,Part-Dieu / Villette,Grand (T4+),329.0,1,231.0,1,2155.0,0,940.0,0,1295.0,0,389.0,1,1192.0,0,1606.0,0,697.0,0,347.0,3,1958.0,0,2764.0,0,1175.0,0,376.0,1,2723.0,0,,0,,0,,0,,0,,0
673,PAP,1762.0,88.0,20.02,Appartement,3 pièce - 2 chambre - s s 88 m²,69006,Lyon,45.76330179215873,4.859208103400386,https://www.pap.fr/annonces/appartement-lyon-6e-r449801648,,,Brotteaux / Foch,T3,493.0,1,431.0,1,2345.0,0,669.0,0,772.0,0,1120.0,0,1037.0,0,2099.0,0,774.0,0,316.0,6,2172.0,0,2705.0,0,756.0,0,304.0,3,3147.0,0,,0,,0,,0,,0,,0
674,PAP,2100.0,120.0,17.5,Appartement,4 pièce - 3 chambre - s s 120 m²,69006,Lyon,45.76766174487021,4.851501229618105,https://www.pap.fr/annonces/appartement-lyon-6e-69006-r461401010,,,Brotteaux / Foch,Grand (T4+),927.0,0,272.0,1,1671.0,0,393.0,1,187.0,1,412.0,1,717.0,0,1670.0,0,464.0,1,98.0,7,1521.0,0,1939.0,0,1523.0,0,265.0,3,2378.0,0,,0,,0,,0,,0,,0
675,PAP,2050.0,80.0,25.62,Appartement,3 pièce - 2 chambre - s s 80 m²,69002,Lyon,45.75741446840408,4.829656295357482,https://www.pap.fr/annonces/appartement-lyon-2e-69002-r461400053,,,Bellecour / Cordeliers,T3,694.0,0,359.0,4,1269.0,0,441.0,1,820.0,0,747.0,0,1390.0,0,426.0,1,105.0,2,43.0,7,1145.0,0,2172.0,0,2506.0,0,279.0,7,2599.0,0,,0,,0,,0,,0,,0
676,PAP,995.0,53.0,18.77,Appartement,2 pièce - 1 chambre - s 53 m²,69003,Lyon,45.7588940711657,4.85921915692363,https://www.pap.fr/annonces/appartement-lyon-3e-69003-r461302345,,,Part-Dieu / Villette,T2,315.0,1,694.0,0,2519.0,0,1142.0,0,1262.0,0,918.0,0,849.0,0,2090.0,0,1224.0,0,224.0,4,2330.0,0,3008.0,0,643.0,0,476.0,1,3087.0,0,,0,,0,,0,,0,,0
677,PAP,1300.0,73.0,17.81,Appartement,3 pièce - 2 chambre - s s 73 m²,69004,Lyon,45.782097184629585,4.824671606666632,https://www.pap.fr/annonces/appartement-lyon-4e-69004-r454500080,,,Croix-Rousse Plateau,T3,1516.0,0,1591.0,0,785.0,0,2550.0,0,2088.0,0,657.0,0,733.0,0,2451.0,0,301.0,2,626.0,0,1707.0,0,722.0,0,4151.0,0,692.0,0,250.0,1,,0,,0,,0,,0,,0
678,PAP,1500.0,95.0,15.79,Appartement,3 pièce - 2 chambre - s s 95 m²,69003,Lyon,45.7554469061713,4.869900680035608,https://www.pap.fr/annonces/appartement-lyon-3e-69003-r461202469,,,Part-Dieu / Villette,T3,1227.0,0,266.0,1,3432.0,0,1838.0,0,1850.0,0,1736.0,0,338.0,2,2967.0,0,1424.0,0,539.0,0,3243.0,0,3890.0,0,505.0,0,224.0,2,3298.0,0,,0,,0,,0,,0,,0
679,PAP,1090.0,56.0,19.46,Appartement,2 pièce - 1 chambre - s 56 m²,69007,Lyon,45.73230755417821,4.829354875855984,https://www.pap.fr/annonces/appartement-lyon-7e-69007-r461300552,,,Gerland,T2,3424.0,0,2331.0,0,4061.0,0,2351.0,0,1112.0,0,3120.0,0,862.0,0,3169.0,0,1934.0,0,255.0,3,1724.0,0,4964.0,0,490.0,1,275.0,2,823.0,0,,0,,0,,0,,0,,0
680,PAP,1210.0,75.0,16.13,Appartement,3 pièce - 2 chambre - s s 75 m²,69003,Lyon,45.75718834212147,4.858360272945709,https://www.pap.fr/annonces/appartement-lyon-3e-69003-r461102040,,,Part-Dieu / Villette,T3,370.0,1,629.0,0,2551.0,0,1308.0,0,1452.0,0,835.0,0,778.0,0,2052.0,0,1109.0,0,362.0,5,2357.0,0,3090.0,0,755.0,0,591.0,0,2889.0,0,,0,,0,,0,,0,,0
681,PAP,1033.0,47.0,21.98,Appartement,2 pièce - 1 chambre - s 47 m²,69004,Lyon,45.77452614467439,4.82432006283017,https://www.pap.fr/annonces/appartement-lyon-4e-69004-r439501724,,,Croix-Rousse Plateau,T2,855.0,0,1241.0,0,703.0,0,1964.0,0,1334.0,0,560.0,0,430.0,1,1657.0,0,854.0,0,461.0,1,969.0,0,538.0,0,3731.0,0,75.0,2,726.0,0,,0,,0,,0,,0,,0
682,PAP,750.0,55.0,13.64,Appartement,2 pièce - 1 chambre - s 55 m²,69008,Lyon,45.729946783484216,4.8678518960762345,https://www.pap.fr/annonces/appartement-lyon-8e-69008-r461001532,,,Monplaisir / Bachut,T2,3456.0,0,2155.0,0,5225.0,0,3973.0,0,3836.0,0,3225.0,0,1296.0,0,4391.0,0,801.0,0,448.0,1,3950.0,0,5982.0,0,2671.0,0,242.0,1,2283.0,0,,0,,0,,0,,0,,0
683,PAP,1190.0,52.0,22.88,Appartement,2 pièce - 1 chambre - s 52 m²,69004,Lyon,45.77971691695753,4.824073906040077,https://www.pap.fr/annonces/appartement-lyon-4e-69004-r453303131,,,Croix-Rousse Plateau,T2,1305.0,0,1404.0,0,687.0,0,2374.0,0,1857.0,0,525.0,0,619.0,0,2208.0,0,344.0,1,652.0,0,1478.0,0,575.0,0,4036.0,0,643.0,0,270.0,1,,0,,0,,0,,0,,0
684,PAP,920.0,49.0,18.78,Appartement,2 pièce - 1 chambre - s 49 m²,69004,Lyon,45.778382091756335,4.817898220139946,https://www.pap.fr/annonces/appartement-lyon-4e-r402300695,,,Croix-Rousse Plateau,T2,1512.0,0,922.0,0,1123.0,0,2620.0,0,1970.0,0,950.0,0,1050.0,0,2263.0,0,443.0,1,916.0,0,1618.0,0,174.0,1,4370.0,0,634.0,0,769.0,0,,0,,0,,0,,0,,0
685,PAP,1295.0,75.75,17.1,Appartement,"3 pièce - 2 chambre - s s 75,75 m²",69009,Lyon,45.77517080560999,4.796505909932274,https://www.pap.fr/annonces/appartement-lyon-9e-69009-r448702519,,,Vaise / Valmy,T3,2891.0,0,753.0,0,2694.0,0,3507.0,0,3103.0,0,2618.0,0,1642.0,0,3215.0,0,1361.0,0,126.0,2,2871.0,0,1525.0,0,5331.0,0,747.0,0,2462.0,0,,0,,0,,0,,0,,0
686,PAP,1565.0,45.0,34.78,Appartement,2 pièce - 1 chambre - s 45 m²,69004,Lyon,45.77730880620589,4.832852798423294,https://www.pap.fr/annonces/appartement-lyon-4e-69004-r434700094,,,Croix-Rousse Plateau,T2,841.0,0,1588.0,0,45.0,1,1754.0,0,1385.0,0,216.0,1,94.0,4,1844.0,0,383.0,9,134.0,8,1083.0,0,199.0,1,3324.0,0,210.0,2,578.0,0,,0,,0,,0,,0,,0
687,PAP,1350.0,55.0,24.55,Appartement,3 pièce - 2 chambre - s s 55 m²,69002,Lyon,45.7611245573001,4.83334588913062,https://www.pap.fr/annonces/appartement-lyon-2e-69002-r432600319,,,Bellecour / Cordeliers,T3,206.0,1,400.0,1,894.0,0,900.0,0,356.0,1,338.0,1,1135.0,0,85.0,1,422.0,1,231.0,5,728.0,0,1774.0,0,2649.0,0,101.0,5,2231.0,0,,0,,0,,0,,0,,0
688,PAP,1350.0,55.17,24.47,Appartement,"3 pièce - 2 chambre - s s 55,17 m²",69002,Lyon,45.74072421158935,4.822366154747474,https://www.pap.fr/annonces/appartement-lyon-2e-69002-r463300848,,,Confluence,T3,2625.0,0,1698.0,0,3181.0,0,1514.0,0,139.0,2,2559.0,0,1197.0,0,2357.0,0,1368.0,0,216.0,4,729.0,0,4075.0,0,1113.0,0,586.0,0,1467.0,0,,0,,0,,0,,0,,0
689,PAP,1600.0,80.0,20.0,Appartement,2 pièce - 1 chambre - s 80 m²,69003,Lyon,45.75953103382326,4.875616501529687,https://www.pap.fr/annonces/appartement-lyon-3e-69003-r464700141,,,Montchat,T2,1572.0,0,840.0,0,3684.0,0,1833.0,0,1756.0,0,1444.0,0,321.0,1,3355.0,0,1767.0,0,906.0,0,3508.0,0,4011.0,0,635.0,0,743.0,0,3932.0,0,,0,,0,,0,,0,,0
690,PAP,970.0,55.0,17.64,Appartement,2 pièce - 1 chambre - s 55 m²,69004,Lyon,45.78218450010441,4.830235573562129,https://www.pap.fr/annonces/appartement-lyon-4e-69004-r450901805,,,Croix-Rousse Plateau,T2,1399.0,0,1955.0,0,547.0,0,2327.0,0,1951.0,0,515.0,0,531.0,0,2392.0,0,195.0,9,252.0,3,1627.0,0,583.0,0,3821.0,0,363.0,1,284.0,1,,0,,0,,0,,0,,0
691,PAP,1228.0,65.0,18.89,Appartement,2 pièce - 1 chambre - s 65 m²,69002,Lyon,45.74264114820899,4.8172712735338115,https://www.pap.fr/annonces/appartement-lyon-2e-69002-r454701143,,,Confluence,T2,2596.0,0,1571.0,0,3075.0,0,1522.0,0,228.0,2,2594.0,0,1639.0,0,2329.0,0,1565.0,0,90.0,4,698.0,0,3947.0,0,1561.0,0,597.0,0,1916.0,0,,0,,0,,0,,0,,0
692,PAP,900.0,27.0,33.33,Appartement,2 pièce - 1 chambre - s 27 m²,69005,Lyon,45.76153029584657,4.79665980465074,https://www.pap.fr/annonces/appartement-lyon-5e-69005-r447201345,,,Point du Jour / St Just,T2,2783.0,0,794.0,0,2712.0,0,2686.0,0,2864.0,0,3146.0,0,1345.0,0,2774.0,0,171.0,1,819.0,0,2613.0,0,2376.0,0,4140.0,0,615.0,0,3191.0,0,,0,,0,,0,,0,,0
693,PAP,1120.0,51.0,21.96,Appartement,2 pièce - 1 chambre - s 51 m²,69003,Lyon,45.74660567963989,4.870880902279359,https://www.pap.fr/annonces/appartement-lyon-3e-69003-r464600616,,,Part-Dieu / Villette,T2,1896.0,0,720.0,0,4019.0,0,2732.0,0,2785.0,0,1816.0,0,816.0,0,3373.0,0,584.0,0,249.0,2,3685.0,0,4612.0,0,1475.0,0,324.0,2,2777.0,0,,0,,0,,0,,0,,0
694,PAP,1040.0,75.0,13.87,Appartement,4 pièce - 2 chambre - s s 75 m²,69005,Lyon,45.763515947884045,4.817023402085805,https://www.pap.fr/annonces/appartement-lyon-5e-69005-r464601316,,,Point du Jour / St Just,Grand (T4+),1190.0,0,820.0,0,1169.0,0,1469.0,0,1271.0,0,1626.0,0,250.0,1,1233.0,0,458.0,1,719.0,0,1239.0,0,1647.0,0,3430.0,0,413.0,1,2071.0,0,,0,,0,,0,,0,,0
695,PAP,860.0,47.0,18.3,Appartement,2 pièce - 1 chambre - s 47 m²,69003,Lyon,45.75553857748011,4.849109362654539,https://www.pap.fr/annonces/appartement-lyon-3e-69003-r464601084,,,Part-Dieu / Villette,T2,676.0,0,120.0,1,2091.0,0,982.0,0,1367.0,0,230.0,1,1390.0,0,1419.0,0,394.0,2,224.0,5,1893.0,0,2790.0,0,1493.0,0,399.0,2,2421.0,0,,0,,0,,0,,0,,0
696,PAP,792.0,37.0,21.41,Appartement,2 pièce - 1 chambre - s 37 m²,69008,Lyon,45.72969182336132,4.877144151736265,https://www.pap.fr/annonces/appartement-lyon-8e-69008-r464601109,,,Monplaisir / Bachut,T2,3748.0,0,2438.0,0,5683.0,0,4557.0,0,4537.0,0,2891.0,0,585.0,0,4895.0,0,472.0,1,362.0,1,4605.0,0,6387.0,0,3384.0,0,471.0,1,2993.0,0,,0,,0,,0,,0,,0
697,PAP,1350.0,70.0,19.29,Appartement,3 pièce - 2 chambre - s s 70 m²,69003,Lyon,45.75714716137603,4.857031918183866,https://www.pap.fr/annonces/appartement-lyon-3e-69003-r463800257,,,Part-Dieu / Villette,T3,320.0,1,527.0,0,2465.0,0,1226.0,0,1432.0,0,732.0,0,864.0,0,1951.0,0,1013.0,0,319.0,5,2270.0,0,3022.0,0,854.0,0,557.0,0,2834.0,0,,0,,0,,0,,0,,0
698,PAP,1380.0,74.0,18.65,Appartement,3 pièce - 2 chambre - s s 74 m²,69003,Lyon,45.7507060868501,4.892543788628291,https://www.pap.fr/annonces/appartement-lyon-3e-69003-r464600622,,,Montchat,T3,3056.0,0,1765.0,0,5252.0,0,3472.0,0,3390.0,0,313.0,1,1911.0,0,4797.0,0,907.0,0,171.0,2,5066.0,0,5639.0,0,2187.0,0,325.0,3,4492.0,0,,0,,0,,0,,0,,0
699,PAP,1215.0,65.0,18.69,Appartement,2 pièce - 1 chambre - s 65 m²,69002,Lyon,45.755557249560894,4.83199697254942,https://www.pap.fr/annonces/appartement-lyon-2e-69002-r464502262,,,Ainay,T2,834.0,0,316.0,1,1483.0,0,314.0,1,981.0,0,759.0,0,1650.0,0,576.0,0,362.0,1,238.0,8,1140.0,0,2382.0,0,2281.0,0,177.0,6,2370.0,0,,0,,0,,0,,0,,0
700,PAP,922.0,37.0,24.92,Appartement,2 pièce - 1 chambre - s 37 m²,69005,Lyon,45.76012322664927,4.822381340673239,https://www.pap.fr/annonces/appartement-lyon-5e-69005-r464502386,,,Vieux Lyon,T2,939.0,0,266.0,3,1135.0,0,915.0,0,972.0,0,1194.0,0,750.0,0,781.0,0,415.0,1,550.0,0,1111.0,0,1969.0,0,2930.0,0,336.0,1,2322.0,0,,0,,0,,0,,0,,0
701,PAP,1523.0,43.0,35.42,Appartement,2 pièce - 1 chambre - s 43 m²,69006,Lyon,45.77168312270087,4.844110952952036,https://www.pap.fr/annonces/appartement-lyon-6e-r417600417,,,Brotteaux / Foch,T2,891.0,0,525.0,0,1119.0,0,886.0,0,517.0,0,315.0,1,315.0,1,1519.0,0,976.0,0,99.0,2,1051.0,0,1218.0,0,2250.0,0,355.0,3,1651.0,0,,0,,0,,0,,0,,0
702,PAP,1325.0,44.0,30.11,Appartement,2 pièce - 1 chambre - s 44 m²,69006,Lyon,45.765880811642724,4.861173798861374,https://www.pap.fr/annonces/appartement-lyon-6e-69006-r464502263,,,Brotteaux / Foch,T2,815.0,0,357.0,1,2438.0,0,514.0,0,513.0,0,1167.0,0,1061.0,0,2304.0,0,586.0,0,282.0,4,2279.0,0,2690.0,0,846.0,0,271.0,3,3107.0,0,,0,,0,,0,,0,,0
703,ParuVendu,1075.0,58.0,18.53,Appartement,58 m2 3,69003,Lyon,45.750107545808596,4.8634296580398555,https://www.paruvendu.fr/immobilier/location/appartement/1288397274A1KILHAP000,,,Part-Dieu / Villette,T3,1244.0,0,176.0,1,3324.0,0,2117.0,0,2265.0,0,1467.0,0,443.0,1,2681.0,0,1180.0,0,394.0,1,3123.0,0,3936.0,0,1106.0,0,468.0,2,2526.0,0,,0,,0,,0,,0,,0
704,ParuVendu,1250.0,53.0,23.58,Appartement,53 m2 2,69002,Lyon,45.74777779977082,4.827939953500542,https://www.paruvendu.fr/immobilier/location/appartement/1287169499A1KILHAP000,,,Confluence,T2,1747.0,0,957.0,0,2346.0,0,640.0,0,1006.0,0,1664.0,0,1323.0,0,1481.0,0,578.0,0,313.0,3,358.0,1,3248.0,0,1492.0,0,266.0,2,1685.0,0,,0,,0,,0,,0,,0
705,ParuVendu,724.0,29.0,24.97,Appartement,29 m2 3,69003,Lyon,45.7636512814483,4.845688486338231,https://www.paruvendu.fr/immobilier/location/appartement/1286729461A1KILHAP000,,,Préfecture / Quais,Studio/T1,865.0,0,795.0,0,1344.0,0,105.0,1,433.0,1,240.0,2,654.0,0,1080.0,0,737.0,0,71.0,9,1157.0,0,1898.0,0,1744.0,0,127.0,7,2378.0,0,,0,,0,,0,,0,,0
706,ParuVendu,750.0,30.0,25.0,Appartement,30 m2 7,69007,Lyon,45.7494426881849,4.843983068294316,https://www.paruvendu.fr/immobilier/location/appartement/1288483627A1KILHAP000,,,Guillotière / Jean Macé,Studio/T1,1449.0,0,401.0,1,2412.0,0,1224.0,0,1849.0,0,919.0,0,1399.0,0,1543.0,0,435.0,1,206.0,5,1616.0,0,3236.0,0,1764.0,0,152.0,5,1661.0,0,,0,,0,,0,,0,,0
707,ParuVendu,1115.0,80.0,13.94,Appartement,80 m2 6,69006,Lyon,45.7666854220326,4.859231044585587,https://www.paruvendu.fr/immobilier/location/appartement/1288533741A1KILHAP000,,,Brotteaux / Foch,Grand (T4+),825.0,0,531.0,0,2278.0,0,343.0,1,396.0,1,994.0,0,1233.0,0,2184.0,0,426.0,1,168.0,5,2123.0,0,2515.0,0,1008.0,0,287.0,3,2932.0,0,,0,,0,,0,,0,,0
708,ParuVendu,1500.0,134.0,11.19,Appartement,134 m2 3,69003,Lyon,45.76014982802609,4.854730744718607,https://www.paruvendu.fr/immobilier/location/appartement/1288081547A1KILHAP000,,,Part-Dieu / Villette,Grand (T4+),64.0,1,559.0,0,2145.0,0,898.0,0,1059.0,0,637.0,0,1200.0,0,1733.0,0,922.0,0,82.0,3,1956.0,0,2658.0,0,987.0,0,198.0,4,3056.0,0,,0,,0,,0,,0,,0
709,ParuVendu,1108.0,56.0,19.79,Maison,Maison 56 m2 8,69008,Lyon,45.73687561872974,4.870196453075217,https://www.paruvendu.fr/immobilier/location/maison/1288031073A1KILHMN000,,,Monplaisir / Bachut,Grand (T4+),2795.0,0,1480.0,0,4726.0,0,3596.0,0,3810.0,0,2511.0,0,1295.0,0,3954.0,0,588.0,0,155.0,1,3811.0,0,5423.0,0,2542.0,0,103.0,1,2408.0,0,,0,,0,,0,,0,,0
710,ParuVendu,966.0,51.0,18.94,Appartement,51 m2 6,69006,Lyon,45.769378950605955,4.8522227372450635,https://www.paruvendu.fr/immobilier/location/appartement/1287865461A1KILHAP000,,,Brotteaux / Foch,T2,1095.0,0,155.0,1,1723.0,0,314.0,1,118.0,1,388.0,1,756.0,0,1813.0,0,336.0,1,295.0,6,1590.0,0,1894.0,0,1601.0,0,89.0,2,2313.0,0,,0,,0,,0,,0,,0
711,ParuVendu,1441.0,97.0,14.86,Appartement,97 m2 8,69008,Lyon,45.744044831418705,4.8612605420973845,https://www.paruvendu.fr/immobilier/location/appartement/1287865998A1KILHAP000,,,Monplaisir / Bachut,Grand (T4+),1808.0,0,542.0,0,3669.0,0,2551.0,0,2918.0,0,1817.0,0,1119.0,0,2907.0,0,546.0,0,386.0,1,2960.0,0,4375.0,0,1800.0,0,280.0,3,1987.0,0,,0,,0,,0,,0,,0
712,ParuVendu,1083.0,63.0,17.19,Appartement,63 m2 8,69008,Lyon,45.73220990843559,4.881572917346629,https://www.paruvendu.fr/immobilier/location/appartement/1286995190A1KILHAP000,,,Monplaisir / Bachut,T3,3679.0,0,2398.0,0,5707.0,0,4534.0,0,4577.0,0,2505.0,0,271.0,1,4961.0,0,439.0,2,495.0,1,4815.0,0,6367.0,0,3243.0,0,99.0,1,3294.0,0,,0,,0,,0,,0,,0
713,ParuVendu,855.0,50.0,17.1,Appartement,50 m2 9,69009,Lyon,45.786203970778764,4.806200505826837,https://www.paruvendu.fr/immobilier/location/appartement/1287099967A1KILHAP000,,,Vaise / Valmy,T2,2767.0,0,1302.0,0,2246.0,0,3873.0,0,3218.0,0,2087.0,0,2079.0,0,3486.0,0,1160.0,0,806.0,0,2872.0,0,1145.0,0,5592.0,0,293.0,1,1741.0,0,,0,,0,,0,,0,,0
714,ParuVendu,478.0,23.0,20.78,Appartement,23 m2 7,69007,Lyon,45.74745879469019,4.838801839359052,https://www.paruvendu.fr/immobilier/location/appartement/1288527819A1KILHAP000,,,Guillotière / Jean Macé,Studio/T1,1766.0,0,501.0,0,2471.0,0,994.0,0,1617.0,0,1291.0,0,1083.0,0,1557.0,0,349.0,1,253.0,2,1196.0,0,3344.0,0,1419.0,0,113.0,2,1401.0,0,,0,,0,,0,,0,,0
715,ParuVendu,1806.0,98.0,18.43,Appartement,98 m2 6,69006,Lyon,45.768603140894626,4.858800352100592,https://www.paruvendu.fr/immobilier/location/appartement/1288527820A1KILHAP000,,,Brotteaux / Foch,Grand (T4+),1017.0,0,668.0,0,2232.0,0,204.0,1,182.0,1,906.0,0,1267.0,0,2227.0,0,239.0,1,79.0,4,2090.0,0,2395.0,0,1200.0,0,280.0,3,2795.0,0,,0,,0,,0,,0,,0
716,ParuVendu,915.0,60.0,15.25,Appartement,60 m2 3,69003,Lyon,45.75979951021761,4.866861143099447,https://www.paruvendu.fr/immobilier/location/appartement/1288527817A1KILHAP000,,,Part-Dieu / Villette,T3,893.0,0,477.0,1,3028.0,0,1310.0,0,1312.0,0,1520.0,0,359.0,1,2675.0,0,1392.0,0,405.0,3,2848.0,0,3415.0,0,47.0,1,347.0,1,3502.0,0,,0,,0,,0,,0,,0
717,ParuVendu,762.0,23.0,33.13,Appartement,23 m2 4,69004,Lyon,45.776360979281556,4.831192632287862,https://www.paruvendu.fr/immobilier/location/appartement/1288527818A1KILHAP000,,,Croix-Rousse Plateau,Studio/T1,748.0,0,1651.0,0,153.0,1,1737.0,0,1349.0,0,158.0,1,121.0,5,1741.0,0,497.0,1,153.0,6,976.0,0,93.0,1,3370.0,0,123.0,2,575.0,0,,0,,0,,0,,0,,0
718,ParuVendu,653.0,49.0,13.33,Appartement,49 m2 3,69003,Lyon,45.75246397012939,4.871847316399415,https://www.paruvendu.fr/immobilier/location/appartement/1288527815A1KILHAP000,,,Part-Dieu / Villette,T2,1516.0,0,155.0,1,3720.0,0,2197.0,0,2214.0,0,1576.0,0,408.0,1,3195.0,0,1060.0,0,821.0,0,3527.0,0,4216.0,0,869.0,0,439.0,1,3195.0,0,,0,,0,,0,,0,,0
719,ParuVendu,430.0,22.0,19.55,Appartement,22 m2 7,69007,Lyon,45.73810326852822,4.840294244536266,https://www.paruvendu.fr/immobilier/location/appartement/1288527449A1KILHAP000,,,Guillotière / Jean Macé,Studio/T1,2678.0,0,1530.0,0,3508.0,0,1908.0,0,1541.0,0,2210.0,0,242.0,1,2589.0,0,974.0,0,201.0,1,1659.0,0,4387.0,0,576.0,0,412.0,1,368.0,1,,0,,0,,0,,0,,0
720,ParuVendu,960.0,48.0,20.0,Appartement,48 m2 8,69008,Lyon,45.73390240654709,4.877078229282014,https://www.paruvendu.fr/immobilier/location/appartement/1288288303A1KILHAP000,,,Monplaisir / Bachut,T2,3334.0,0,2037.0,0,5330.0,0,4177.0,0,4277.0,0,2472.0,0,667.0,0,4573.0,0,47.0,2,406.0,2,4422.0,0,6005.0,0,2959.0,0,318.0,1,2934.0,0,,0,,0,,0,,0,,0
721,ParuVendu,807.0,30.0,26.9,Appartement,30 m2 8,69008,Lyon,45.73273663406518,4.875651262052456,https://www.paruvendu.fr/immobilier/location/appartement/1287600571A1KILHAP000,,,Monplaisir / Bachut,Studio/T1,3394.0,0,2086.0,0,5351.0,0,4215.0,0,4347.0,0,2638.0,0,717.0,0,4577.0,0,145.0,1,238.0,1,4364.0,0,6043.0,0,3060.0,0,413.0,1,2831.0,0,,0,,0,,0,,0,,0
722,ParuVendu,701.0,37.0,18.95,Appartement,37 m2 6,69006,Lyon,45.763816065377675,4.847472779670813,https://www.paruvendu.fr/immobilier/location/appartement/1288081877A1KILHAP000,,,Brotteaux / Foch,T2,759.0,0,724.0,0,1463.0,0,243.0,1,499.0,1,379.0,2,703.0,0,1218.0,0,796.0,0,126.0,10,1280.0,0,1974.0,0,1616.0,0,37.0,7,2450.0,0,,0,,0,,0,,0,,0
723,ParuVendu,1032.0,79.0,13.06,Appartement,79 m2 1,69001,Lyon,45.77167913707559,4.827460622305487,https://www.paruvendu.fr/immobilier/location/appartement/1287779785A1KILHAP000,,,Pentes Croix-Rousse,Grand (T4+),478.0,1,1410.0,0,375.0,1,1581.0,0,937.0,0,684.0,0,199.0,1,1277.0,0,1080.0,0,402.0,3,569.0,0,626.0,0,3377.0,0,375.0,2,1006.0,0,,0,,0,,0,,0,,0
724,ParuVendu,1072.0,88.0,12.18,Appartement,88 m2 1,69001,Lyon,45.77132909603014,4.8262121166254035,https://www.paruvendu.fr/immobilier/location/appartement/1288273561A1KILHAP000,,,Pentes Croix-Rousse,Grand (T4+),552.0,0,1364.0,0,406.0,1,1641.0,0,956.0,0,754.0,0,299.0,1,1273.0,0,1153.0,0,452.0,3,605.0,0,701.0,0,3451.0,0,342.0,2,1048.0,0,,0,,0,,0,,0,,0
725,ParuVendu,655.0,31.0,21.13,Appartement,31 m2 6,69006,Lyon,45.763632603581094,4.848287648393035,https://www.paruvendu.fr/immobilier/location/appartement/1288504246A1KILHAP000,,,Brotteaux / Foch,Studio/T1,696.0,0,726.0,0,1530.0,0,306.0,1,558.0,0,441.0,2,756.0,0,1274.0,0,804.0,0,100.0,11,1346.0,0,2032.0,0,1550.0,0,77.0,7,2506.0,0,,0,,0,,0,,0,,0
726,ParuVendu,1060.0,60.0,17.67,Appartement,60 m2 3,69003,Lyon,45.747898672507944,4.869241389633197,https://www.paruvendu.fr/immobilier/location/appartement/1285558598A1KILHAP000,,,Part-Dieu / Villette,T3,1704.0,0,574.0,0,3830.0,0,2549.0,0,2608.0,0,1880.0,0,636.0,0,3194.0,0,771.0,0,382.0,1,3558.0,0,4420.0,0,1314.0,0,361.0,3,2739.0,0,,0,,0,,0,,0,,0
727,ParuVendu,810.0,46.0,17.61,Appartement,46 m2 7,69007,Lyon,45.74169897951202,4.855920799498043,https://www.paruvendu.fr/immobilier/location/appartement/1288503927A1KILHAP000,,,Guillotière / Jean Macé,T2,2010.0,0,928.0,0,3624.0,0,2445.0,0,2739.0,0,1853.0,0,1516.0,0,2794.0,0,87.0,8,534.0,0,2598.0,0,4393.0,0,1835.0,0,112.0,1,1497.0,0,,0,,0,,0,,0,,0
728,ParuVendu,449.0,17.0,26.41,Appartement,17 m2 8,69008,Lyon,45.72992053180182,4.875471152592005,https://www.paruvendu.fr/immobilier/location/appartement/1288503859A1KILHAP000,,,Monplaisir / Bachut,Studio/T1,3668.0,0,2355.0,0,5581.0,0,4437.0,0,4405.0,0,2923.0,0,708.0,0,4786.0,0,450.0,1,244.0,1,4477.0,0,6293.0,0,3252.0,0,545.0,0,2861.0,0,,0,,0,,0,,0,,0
729,ParuVendu,1216.0,53.0,22.94,Appartement,53 m2 6,69006,Lyon,45.76719025789643,4.863387337127832,https://www.paruvendu.fr/immobilier/location/appartement/1288503858A1KILHAP000,,,Brotteaux / Foch,T2,1033.0,0,388.0,1,2594.0,0,589.0,0,481.0,1,1286.0,0,1051.0,0,2508.0,0,621.0,0,313.0,2,2444.0,0,2783.0,0,895.0,0,325.0,2,3183.0,0,,0,,0,,0,,0,,0
730,ParuVendu,560.0,19.0,29.47,Appartement,19 m2 9,69009,Lyon,45.77959297000839,4.80638012736102,https://www.paruvendu.fr/immobilier/location/appartement/1288495742A1KILHAP000,,,Vaise / Valmy,Studio/T1,2334.0,0,567.0,0,2026.0,0,3407.0,0,2695.0,0,1852.0,0,1406.0,0,2911.0,0,1146.0,0,73.0,2,2386.0,0,733.0,0,5229.0,0,278.0,1,1622.0,0,,0,,0,,0,,0,,0
731,ParuVendu,1307.0,77.0,16.97,Appartement,77 m2 9,69009,Lyon,45.76444965175211,4.795460142135061,https://www.paruvendu.fr/immobilier/location/appartement/1288494768A1KILHAP000,,,Vaise / Valmy,Grand (T4+),2840.0,0,577.0,0,2725.0,0,2895.0,0,2940.0,0,3055.0,0,1430.0,0,2896.0,0,229.0,1,891.0,0,2847.0,0,2196.0,0,4439.0,0,471.0,1,3058.0,0,,0,,0,,0,,0,,0
732,ParuVendu,495.0,19.0,26.05,Appartement,19 m2 9,69009,Lyon,45.77427525361158,4.809960033540893,https://www.paruvendu.fr/immobilier/location/appartement/1288484387A1KILHAP000,,,Vaise / Valmy,Studio/T1,1853.0,0,156.0,2,1670.0,0,2758.0,0,2126.0,0,1603.0,0,757.0,0,2302.0,0,1188.0,0,274.0,3,1856.0,0,629.0,0,4745.0,0,151.0,4,1520.0,0,,0,,0,,0,,0,,0
733,ParuVendu,2100.0,92.0,22.83,Appartement,92 m2 1,69001,Lyon,45.77022820896988,4.832984297717556,https://www.paruvendu.fr/immobilier/location/appartement/1287399659A1KILHAP000,,,Pentes Croix-Rousse,Grand (T4+),54.0,2,1353.0,0,278.0,1,1140.0,0,657.0,0,845.0,0,409.0,1,1057.0,0,1170.0,0,133.0,5,305.0,1,774.0,0,2920.0,0,227.0,3,1250.0,0,,0,,0,,0,,0,,0
734,ParuVendu,1045.0,58.0,18.02,Appartement,58 m2 2,69002,Lyon,45.75075028408617,4.828304929640491,https://www.paruvendu.fr/immobilier/location/appartement/1288482990A1KILHAP000,,,Ainay,T3,1422.0,0,665.0,0,2014.0,0,310.0,1,1306.0,0,1363.0,0,1598.0,0,1154.0,0,553.0,0,94.0,6,545.0,0,2917.0,0,1800.0,0,217.0,5,1962.0,0,,0,,0,,0,,0,,0
735,ParuVendu,724.0,25.0,28.96,Appartement,25 m2 7,69007,Lyon,45.75032742958219,4.837185628008975,https://www.paruvendu.fr/immobilier/location/appartement/1288478583A1KILHAP000,,,Guillotière / Jean Macé,Studio/T1,1428.0,0,287.0,1,2130.0,0,704.0,0,1584.0,0,1121.0,0,1394.0,0,1215.0,0,203.0,1,152.0,1,1124.0,0,3007.0,0,1708.0,0,214.0,4,1727.0,0,,0,,0,,0,,0,,0
736,ParuVendu,1295.0,67.0,19.33,Appartement,67 m2 1,69001,Lyon,45.76742694473551,4.838435678865454,https://www.paruvendu.fr/immobilier/location/appartement/1288162520A1KILHAP000,,,Terreaux / Hotel de Ville,T3,490.0,2,973.0,0,671.0,0,616.0,0,362.0,1,448.0,1,365.0,1,879.0,0,1160.0,0,88.0,7,508.0,0,1231.0,0,2410.0,0,249.0,7,1715.0,0,,0,,0,,0,,0,,0
737,ParuVendu,700.0,20.0,35.0,Appartement,20 m2 9,69009,Lyon,45.78617669621681,4.812189278836205,https://www.paruvendu.fr/immobilier/location/appartement/1287750328A1KILHAP000,,,Vaise / Valmy,Studio/T1,2436.0,0,1381.0,0,1837.0,0,3529.0,0,2933.0,0,1687.0,0,1776.0,0,3235.0,0,707.0,0,930.0,0,2570.0,0,916.0,0,5202.0,0,365.0,1,1314.0,0,,0,,0,,0,,0,,0
738,ParuVendu,1556.0,61.0,25.51,Appartement,61 m2 3,69003,Lyon,45.745208033012204,4.876181646722122,https://www.paruvendu.fr/immobilier/location/appartement/1287750326A1KILHAP000,,,Montchat,T3,2288.0,0,994.0,0,4441.0,0,3060.0,0,3087.0,0,1541.0,0,1164.0,0,3810.0,0,185.0,4,458.0,2,4102.0,0,5010.0,0,1744.0,0,269.0,1,3085.0,0,,0,,0,,0,,0,,0
739,ParuVendu,863.0,42.0,20.55,Appartement,42 m2 8,69008,Lyon,45.73313271256522,4.872039375620857,https://www.paruvendu.fr/immobilier/location/appartement/1288248470A1KILHAP000,,,Monplaisir / Bachut,T2,3233.0,0,1918.0,0,5136.0,0,4014.0,0,4064.0,0,2748.0,0,999.0,0,4344.0,0,355.0,1,208.0,1,4088.0,0,5848.0,0,2942.0,0,406.0,1,2548.0,0,,0,,0,,0,,0,,0
740,ParuVendu,738.0,39.0,18.92,Appartement,39 m2 7,69007,Lyon,45.73890555682927,4.846358648495902,https://www.paruvendu.fr/immobilier/location/appartement/1288248911A1KILHAP000,,,Guillotière / Jean Macé,T2,2423.0,0,1519.0,0,3560.0,0,2091.0,0,1998.0,0,2049.0,0,721.0,0,2657.0,0,541.0,0,438.0,1,2009.0,0,4408.0,0,1031.0,0,686.0,0,709.0,0,,0,,0,,0,,0,,0
741,ParuVendu,540.0,21.0,25.71,Appartement,21 m2 7,69007,Lyon,45.75212013292775,4.845808737967678,https://www.paruvendu.fr/immobilier/location/appartement/1288248910A1KILHAP000,,,Guillotière / Jean Macé,Studio/T1,1128.0,0,440.0,1,2225.0,0,1290.0,0,1666.0,0,594.0,0,1631.0,0,1413.0,0,135.0,1,122.0,3,1822.0,0,3010.0,0,1875.0,0,243.0,5,1984.0,0,,0,,0,,0,,0,,0
742,ParuVendu,461.0,19.0,24.26,Appartement,19 m2 9,69009,Lyon,45.78677711298078,4.818579624817707,https://www.paruvendu.fr/immobilier/location/appartement/1288248916A1KILHAP000,,,Vaise / Valmy,Studio/T1,2198.0,0,1671.0,0,1485.0,0,3251.0,0,2747.0,0,1359.0,0,1435.0,0,3089.0,0,323.0,1,1279.0,0,2370.0,0,970.0,0,4843.0,0,795.0,0,950.0,0,,0,,0,,0,,0,,0
743,ParuVendu,665.0,37.0,17.97,Appartement,37 m2 3,69003,Lyon,45.754100138612664,4.863251660753556,https://www.paruvendu.fr/immobilier/location/appartement/1288248920A1KILHAP000,,,Part-Dieu / Villette,T2,879.0,0,539.0,0,3054.0,0,1739.0,0,1825.0,0,1266.0,0,284.0,1,2504.0,0,1402.0,0,171.0,2,2858.0,0,3602.0,0,697.0,0,315.0,2,2834.0,0,,0,,0,,0,,0,,0
744,ParuVendu,680.0,21.0,32.38,Appartement,21 m2 7,69007,Lyon,45.75168423278954,4.844407753620309,https://www.paruvendu.fr/immobilier/location/appartement/1288537974A1KILHAP000,,,Guillotière / Jean Macé,Studio/T1,1237.0,0,331.0,1,2208.0,0,1189.0,0,1646.0,0,673.0,0,1643.0,0,1371.0,0,186.0,1,19.0,5,1704.0,0,3013.0,0,1994.0,0,223.0,5,1912.0,0,,0,,0,,0,,0,,0
745,ParuVendu,930.0,39.0,23.85,Appartement,39 m2 5,69005,Lyon,45.754156447332704,4.798070149582236,https://www.paruvendu.fr/immobilier/location/appartement/1288467275A1KILHAP000,,,Point du Jour / St Just,T2,2931.0,0,1560.0,0,2967.0,0,2424.0,0,2180.0,0,3170.0,0,1587.0,0,2762.0,0,698.0,0,868.0,0,2110.0,0,3011.0,0,3516.0,0,212.0,1,3721.0,0,,0,,0,,0,,0,,0
746,ParuVendu,1350.0,79.0,17.09,Appartement,79 m2 8,69008,Lyon,45.7385443961173,4.877178337282366,https://www.paruvendu.fr/immobilier/location/appartement/1287705786A1KILHAP000,,,Monplaisir / Bachut,Grand (T4+),2905.0,0,1647.0,0,4972.0,0,3751.0,0,3796.0,0,2027.0,0,1024.0,0,4261.0,0,338.0,1,353.0,1,4284.0,0,5607.0,0,2466.0,0,573.0,0,2968.0,0,,0,,0,,0,,0,,0
747,ParuVendu,1395.0,74.0,18.85,Appartement,74 m2 6,69006,Lyon,45.76384976670317,4.848432384764797,https://www.paruvendu.fr/immobilier/location/appartement/1288458820A1KILHAP000,,,Brotteaux / Foch,T3,703.0,0,700.0,0,1531.0,0,318.0,1,550.0,0,454.0,2,743.0,0,1291.0,0,830.0,0,113.0,11,1349.0,0,2022.0,0,1546.0,0,95.0,7,2495.0,0,,0,,0,,0,,0,,0
748,ParuVendu,1710.0,62.0,27.58,Appartement,62 m2 6,69006,Lyon,45.76909375202939,4.858750540613985,https://www.paruvendu.fr/immobilier/location/appartement/1287130069A1KILHAP000,,,Brotteaux / Foch,T3,1069.0,0,653.0,0,2228.0,0,197.0,1,129.0,1,895.0,0,1262.0,0,2245.0,0,204.0,1,122.0,4,2090.0,0,2370.0,0,1247.0,0,260.0,3,2766.0,0,,0,,0,,0,,0,,0
749,ParuVendu,450.0,11.0,40.91,Appartement,Chambre 11 m2 7,69007,Lyon,45.74021162757927,4.854806407771985,https://www.paruvendu.fr/immobilier/location/chambre/1287725001A1KILHCM000,,,Guillotière / Jean Macé,Studio/T1,2176.0,0,1114.0,0,3717.0,0,2467.0,0,2648.0,0,1982.0,0,1392.0,0,2868.0,0,81.0,8,612.0,0,2560.0,0,4504.0,0,1694.0,0,122.0,1,1342.0,0,,0,,0,,0,,0,,0
750,ParuVendu,569.0,20.0,28.45,Appartement,20 m2 8,69008,Lyon,45.72902806622509,4.868726518574376,https://www.paruvendu.fr/immobilier/location/appartement/1287831066A1KILHAP000,,,Monplaisir / Bachut,Studio/T1,3573.0,0,2270.0,0,5348.0,0,4092.0,0,3933.0,0,3271.0,0,1241.0,0,4513.0,0,810.0,0,440.0,1,4060.0,0,6104.0,0,2761.0,0,253.0,1,2375.0,0,,0,,0,,0,,0,,0
751,ParuVendu,690.0,20.0,34.5,Appartement,20 m2 3,69003,Lyon,45.7636770632687,4.8449074867154085,https://www.paruvendu.fr/immobilier/location/appartement/1287831065A1KILHAP000,,,Préfecture / Quais,Studio/T1,866.0,0,822.0,0,1288.0,0,44.0,1,405.0,1,180.0,2,631.0,0,1024.0,0,730.0,0,87.0,9,1100.0,0,1858.0,0,1804.0,0,102.0,6,2340.0,0,,0,,0,,0,,0,,0
752,ParuVendu,680.0,18.0,37.78,Appartement,18 m2 3,69003,Lyon,45.75480316139262,4.88582767756356,https://www.paruvendu.fr/immobilier/location/appartement/1287831069A1KILHAP000,,,Montchat,Studio/T1,2428.0,0,1240.0,0,4601.0,0,2784.0,0,2699.0,0,508.0,0,1235.0,0,4196.0,0,1366.0,0,528.0,0,4419.0,0,4959.0,0,1526.0,0,200.0,2,4237.0,0,,0,,0,,0,,0,,0
753,ParuVendu,750.0,18.0,41.67,Appartement,18 m2 5,69005,Lyon,45.76825746854357,4.8259511988809525,https://www.paruvendu.fr/immobilier/location/appartement/1287831067A1KILHAP000,,,Vieux Lyon,Studio/T1,501.0,0,1021.0,0,322.0,1,1513.0,0,722.0,0,1082.0,0,579.0,0,975.0,0,1137.0,0,117.0,3,466.0,1,1024.0,0,3357.0,0,453.0,2,1390.0,0,,0,,0,,0,,0,,0
754,ParuVendu,550.0,12.0,45.83,Appartement,Chambre 12 m2 8,69008,Lyon,45.73270927070195,4.874638572196546,https://www.paruvendu.fr/immobilier/location/chambre/1287751348A1KILHCM000,,,Monplaisir / Bachut,Studio/T1,3361.0,0,2050.0,0,5302.0,0,4173.0,0,4271.0,0,2680.0,0,792.0,0,4522.0,0,195.0,1,179.0,1,4293.0,0,6001.0,0,3048.0,0,491.0,1,2753.0,0,,0,,0,,0,,0,,0
755,ParuVendu,715.0,12.0,59.58,Appartement,12 m2 2,69002,Lyon,45.75621730981145,4.82716086368694,https://www.paruvendu.fr/immobilier/location/appartement/1288450178A1KILHAP000,,,Bellecour / Cordeliers,Studio/T1,908.0,0,242.0,3,1419.0,0,349.0,1,1022.0,0,982.0,0,1298.0,0,646.0,0,185.0,2,196.0,7,1040.0,0,2318.0,0,2411.0,0,126.0,6,2554.0,0,,0,,0,,0,,0,,0
756,ParuVendu,675.0,30.0,22.5,Appartement,30 m2 6,69006,Lyon,45.7643704967463,4.864615289740637,https://www.paruvendu.fr/immobilier/location/appartement/1288223804A1KILHAP000,,,Brotteaux / Foch,Studio/T1,882.0,0,61.0,1,2728.0,0,826.0,0,785.0,0,1479.0,0,751.0,0,2531.0,0,890.0,0,103.0,1,2564.0,0,3004.0,0,568.0,0,136.0,1,3423.0,0,,0,,0,,0,,0,,0
757,ParuVendu,930.0,55.0,16.91,Appartement,55 m2 7,69007,Lyon,45.74398894173735,4.8422118282023465,https://www.paruvendu.fr/immobilier/location/appartement/1288223806A1KILHAP000,,,Guillotière / Jean Macé,T3,2030.0,0,890.0,0,2919.0,0,1453.0,0,1720.0,0,1540.0,0,791.0,0,2011.0,0,723.0,0,300.0,3,1504.0,0,3778.0,0,1166.0,0,486.0,1,1039.0,0,,0,,0,,0,,0,,0
758,ParuVendu,485.0,31.0,15.65,Appartement,31 m2 7,69007,Lyon,45.73551042756495,4.8338458406709135,https://www.paruvendu.fr/immobilier/location/appartement/1288223805A1KILHAP000,,,Gerland,Studio/T1,3051.0,0,1883.0,0,3716.0,0,2026.0,0,1150.0,0,2649.0,0,364.0,1,2806.0,0,1529.0,0,177.0,2,1536.0,0,4615.0,0,54.0,1,177.0,1,429.0,1,,0,,0,,0,,0,,0
759,ParuVendu,1100.0,64.0,17.19,Appartement,64 m2 8,69008,Lyon,45.74416204042172,4.874567420916733,https://www.paruvendu.fr/immobilier/location/appartement/1287727818A1KILHAP000,,,Monplaisir / Bachut,T3,2288.0,0,1049.0,0,4412.0,0,3102.0,0,3142.0,0,1712.0,0,1188.0,0,3754.0,0,206.0,4,301.0,2,3986.0,0,5006.0,0,1809.0,0,107.0,1,2926.0,0,,0,,0,,0,,0,,0
760,ParuVendu,2760.0,159.0,17.36,Appartement,159 m2 1,69001,Lyon,45.771041359135104,4.822481127983559,https://www.paruvendu.fr/immobilier/location/appartement/1286898819A1KILHAP000,,,Pentes Croix-Rousse,Grand (T4+),825.0,0,1122.0,0,635.0,0,1881.0,0,1127.0,0,934.0,0,571.0,0,1381.0,0,1204.0,0,452.0,1,824.0,0,895.0,0,3710.0,0,265.0,2,1138.0,0,,0,,0,,0,,0,,0
761,ParuVendu,1301.0,50.0,26.02,Appartement,50 m2 2,69002,Lyon,45.747051183665405,4.826816470627277,https://www.paruvendu.fr/immobilier/location/appartement/1288223799A1KILHAP000,,,Confluence,T2,1849.0,0,1012.0,0,2434.0,0,737.0,0,891.0,0,1776.0,0,1308.0,0,1582.0,0,687.0,0,423.0,2,266.0,1,3335.0,0,1448.0,0,162.0,2,1666.0,0,,0,,0,,0,,0,,0
762,ParuVendu,682.0,31.0,22.0,Appartement,31 m2 8,69008,Lyon,45.73748111591122,4.865758004954125,https://www.paruvendu.fr/immobilier/location/appartement/1288223798A1KILHAP000,,,Monplaisir / Bachut,Studio/T1,2607.0,0,1302.0,0,4453.0,0,3341.0,0,3511.0,0,2617.0,0,1629.0,0,3658.0,0,858.0,0,207.0,2,3462.0,0,5177.0,0,2460.0,0,236.0,2,2074.0,0,,0,,0,,0,,0,,0
763,ParuVendu,590.0,36.0,16.39,Appartement,36 m2 3,69003,Lyon,45.75108685032201,4.869706214901683,https://www.paruvendu.fr/immobilier/location/appartement/1288443225A1KILHAP000,,,Part-Dieu / Villette,T2,1474.0,0,220.0,1,3656.0,0,2245.0,0,2286.0,0,1758.0,0,341.0,1,3086.0,0,1005.0,0,696.0,0,3461.0,0,4194.0,0,969.0,0,448.0,1,2970.0,0,,0,,0,,0,,0,,0
764,ParuVendu,1578.0,95.0,16.61,Appartement,95 m2 6,69006,Lyon,45.76601365288968,4.845826765997565,https://www.paruvendu.fr/immobilier/location/appartement/1287973780A1KILHAP000,,,Brotteaux / Foch,Grand (T4+),994.0,0,568.0,0,1265.0,0,280.0,1,245.0,1,152.0,3,429.0,1,1195.0,0,936.0,0,228.0,10,1095.0,0,1709.0,0,1819.0,0,102.0,7,2181.0,0,,0,,0,,0,,0,,0
765,ParuVendu,583.0,15.0,38.87,Appartement,15 m2 9,69009,Lyon,45.786790763455045,4.817377230656651,https://www.paruvendu.fr/immobilier/location/appartement/1287865414A1KILHAP000,,,Vaise / Valmy,Studio/T1,2248.0,0,1620.0,0,1554.0,0,3310.0,0,2789.0,0,1423.0,0,1502.0,0,3124.0,0,385.0,1,1233.0,0,2413.0,0,954.0,0,4917.0,0,704.0,0,1019.0,0,,0,,0,,0,,0,,0
766,ParuVendu,955.0,57.0,16.75,Appartement,57 m2 7,69007,Lyon,45.75222592486814,4.840939142035257,https://www.paruvendu.fr/immobilier/location/appartement/1287112016A1KILHAP000,,,Guillotière / Jean Macé,T3,1315.0,0,73.0,1,2031.0,0,914.0,0,1468.0,0,766.0,0,1631.0,0,1154.0,0,351.0,1,286.0,2,1470.0,0,2869.0,0,1973.0,0,91.0,4,1935.0,0,,0,,0,,0,,0,,0
767,ParuVendu,795.0,42.0,18.93,Appartement,42 m2 7,69007,Lyon,45.74577379673739,4.837023329306166,https://www.paruvendu.fr/immobilier/location/appartement/1288424292A1KILHAP000,,,Guillotière / Jean Macé,T2,1926.0,0,720.0,0,2620.0,0,1044.0,0,1407.0,0,1523.0,0,888.0,0,1701.0,0,413.0,1,433.0,2,1070.0,0,3504.0,0,1206.0,0,135.0,2,1226.0,0,,0,,0,,0,,0,,0
768,ParuVendu,856.0,38.0,22.53,Appartement,38 m2 7,69007,Lyon,45.740152662197154,4.8509107013434285,https://www.paruvendu.fr/immobilier/location/appartement/1287727820A1KILHAP000,,,Guillotière / Jean Macé,T2,2209.0,0,1297.0,0,3576.0,0,2236.0,0,2345.0,0,1926.0,0,1096.0,0,2701.0,0,223.0,8,683.0,0,2276.0,0,4391.0,0,1410.0,0,314.0,1,1076.0,0,,0,,0,,0,,0,,0
769,ParuVendu,888.0,48.0,18.5,Appartement,48 m2 4,69004,Lyon,45.77899526053068,4.831785913563675,https://www.paruvendu.fr/immobilier/location/appartement/1288423531A1KILHAP000,,,Croix-Rousse Plateau,T2,1032.0,0,1759.0,0,173.0,1,1958.0,0,1587.0,0,208.0,1,170.0,4,2032.0,0,201.0,9,174.0,8,1268.0,0,254.0,1,3503.0,0,87.0,2,402.0,1,,0,,0,,0,,0,,0
770,ParuVendu,1100.0,42.0,26.19,Appartement,42 m2 1,69001,Lyon,45.768154920116366,4.82783279368725,https://www.paruvendu.fr/immobilier/location/appartement/1287262655A1KILHAP000,,,Terreaux / Hotel de Ville,T2,359.0,3,1026.0,0,186.0,1,1372.0,0,604.0,0,1060.0,0,540.0,0,899.0,0,1098.0,0,146.0,3,321.0,1,996.0,0,3214.0,0,307.0,2,1399.0,0,,0,,0,,0,,0,,0
771,ParuVendu,850.0,29.0,29.31,Appartement,29 m2 8,69008,Lyon,45.742843387529994,4.861520621603075,https://www.paruvendu.fr/immobilier/location/appartement/1287262880A1KILHAP000,,,Monplaisir / Bachut,Studio/T1,1943.0,0,674.0,0,3784.0,0,2677.0,0,3053.0,0,1938.0,0,1237.0,0,3010.0,0,491.0,1,253.0,1,2999.0,0,4498.0,0,1924.0,0,368.0,2,1939.0,0,,0,,0,,0,,0,,0
772,ParuVendu,1190.0,48.0,24.79,Appartement,48 m2 6,69006,Lyon,45.771231107575225,4.851690614641332,https://www.paruvendu.fr/immobilier/location/appartement/1287262751A1KILHAP000,,,Brotteaux / Foch,T2,1305.0,0,169.0,1,1655.0,0,434.0,1,233.0,1,372.0,1,753.0,0,1898.0,0,395.0,1,365.0,2,1588.0,0,1774.0,0,1775.0,0,209.0,1,2171.0,0,,0,,0,,0,,0,,0
773,ParuVendu,1200.0,67.0,17.91,Appartement,67 m2 1,69001,Lyon,45.772222377613815,4.826780944085061,https://www.paruvendu.fr/immobilier/location/appartement/1287262972A1KILHAP000,,,Pentes Croix-Rousse,T3,553.0,0,1431.0,0,454.0,1,1658.0,0,1016.0,0,646.0,0,212.0,1,1350.0,0,1045.0,0,387.0,1,649.0,0,593.0,0,3449.0,0,296.0,2,947.0,0,,0,,0,,0,,0,,0
774,ParuVendu,1290.0,115.0,11.22,Appartement,115 m2 9,69009,Lyon,45.77406977113858,4.799232855912582,https://www.paruvendu.fr/immobilier/location/appartement/1287262383A1KILHAP000,,,Vaise / Valmy,Grand (T4+),2660.0,0,540.0,0,2459.0,0,3270.0,0,2860.0,0,2424.0,0,1398.0,0,2970.0,0,1244.0,0,165.0,2,2633.0,0,1358.0,0,5114.0,0,536.0,0,2294.0,0,,0,,0,,0,,0,,0
775,ParuVendu,835.0,31.0,26.94,Appartement,31 m2 6,69006,Lyon,45.76407070491599,4.853617152036287,https://www.paruvendu.fr/immobilier/location/appartement/1288410914A1KILHAP000,,,Brotteaux / Foch,Studio/T1,496.0,1,703.0,0,1905.0,0,579.0,0,619.0,0,792.0,0,1028.0,0,1687.0,0,695.0,0,86.0,10,1730.0,0,2304.0,0,1179.0,0,173.0,6,2760.0,0,,0,,0,,0,,0,,0
776,ParuVendu,1400.0,93.0,15.05,Appartement,93 m2 3,69003,Lyon,45.74952361356929,4.8694856852071835,https://www.paruvendu.fr/immobilier/location/appartement/1288399083A1KILHAP000,,,Part-Dieu / Villette,Grand (T4+),1581.0,0,395.0,1,3739.0,0,2392.0,0,2443.0,0,1810.0,0,476.0,1,3135.0,0,880.0,0,561.0,0,3542.0,0,4303.0,0,1137.0,0,538.0,0,2854.0,0,,0,,0,,0,,0,,0
777,ParuVendu,871.0,47.0,18.53,Appartement,47 m2 8,69008,Lyon,45.738042514422105,4.87065171633205,https://www.paruvendu.fr/immobilier/location/appartement/1288399079A1KILHAP000,,,Monplaisir / Bachut,T2,2692.0,0,1381.0,0,4653.0,0,3510.0,0,3693.0,0,2393.0,0,1338.0,0,3895.0,0,644.0,0,183.0,1,3807.0,0,5338.0,0,2416.0,0,229.0,1,2459.0,0,,0,,0,,0,,0,,0
778,ParuVendu,1639.0,108.0,15.18,Appartement,108 m2 6,69006,Lyon,45.765649076543546,4.852732629372466,https://www.paruvendu.fr/immobilier/location/appartement/1287112194A1KILHAP000,,,Brotteaux / Foch,Grand (T4+),684.0,0,515.0,0,1796.0,0,456.0,1,430.0,1,636.0,0,882.0,0,1669.0,0,563.0,0,62.0,8,1631.0,0,2144.0,0,1321.0,0,231.0,6,2593.0,0,,0,,0,,0,,0,,0
779,ParuVendu,655.0,26.0,25.19,Appartement,26 m2 8,69008,Lyon,45.74104224801978,4.858619187035318,https://www.paruvendu.fr/immobilier/location/appartement/1288131648A1KILHAP000,,,Monplaisir / Bachut,Studio/T1,2098.0,0,911.0,0,3803.0,0,2661.0,0,2945.0,0,2001.0,0,1507.0,0,2988.0,0,217.0,7,315.0,1,2819.0,0,4555.0,0,2004.0,0,313.0,2,1649.0,0,,0,,0,,0,,0,,0
780,ParuVendu,850.0,49.0,17.35,Appartement,49 m2 3,69003,Lyon,45.74696360564762,4.871311082326332,https://www.paruvendu.fr/immobilier/location/appartement/1287934849A1KILHAP000,,,Part-Dieu / Villette,T2,1887.0,0,684.0,0,4021.0,0,2710.0,0,2759.0,0,1769.0,0,794.0,0,3384.0,0,581.0,0,298.0,2,3718.0,0,4606.0,0,1443.0,0,375.0,2,2825.0,0,,0,,0,,0,,0,,0
781,ParuVendu,921.0,79.0,11.66,Appartement,79 m2 3,69003,Lyon,45.742605612077384,4.882507703408077,https://www.paruvendu.fr/immobilier/location/appartement/1287907761A1KILHAP000,,,Montchat,Grand (T4+),2843.0,0,1512.0,0,5008.0,0,3569.0,0,3574.0,0,1422.0,0,1313.0,0,4379.0,0,328.0,4,554.0,0,4616.0,0,5564.0,0,2227.0,0,653.0,0,3462.0,0,,0,,0,,0,,0,,0
782,ParuVendu,1800.0,95.0,18.95,Appartement,Loft 95 m2 2,69002,Lyon,45.75767843965491,4.833185398410733,https://www.paruvendu.fr/immobilier/location/loft/1288383311A1KILHLT000,,,Bellecour / Cordeliers,Grand (T4+),588.0,0,120.0,1,1263.0,0,558.0,0,739.0,0,518.0,0,1460.0,0,345.0,1,287.0,1,158.0,5,1107.0,0,2154.0,0,2511.0,0,84.0,6,2581.0,0,,0,,0,,0,,0,,0
783,ParuVendu,650.0,20.0,32.5,Appartement,20 m2 7,69007,Lyon,45.7369945050759,4.850179927866934,https://www.paruvendu.fr/immobilier/location/appartement/1288379663A1KILHAP000,,,Guillotière / Jean Macé,Studio/T1,2565.0,0,1609.0,0,3869.0,0,2445.0,0,2318.0,0,2268.0,0,1011.0,0,2978.0,0,539.0,0,654.0,0,2371.0,0,4701.0,0,1255.0,0,322.0,1,877.0,0,,0,,0,,0,,0,,0
784,ParuVendu,730.0,42.0,17.38,Appartement,42 m2 3,69003,Lyon,45.75297036945909,4.893788229312786,https://www.paruvendu.fr/immobilier/location/appartement/1288379629A1KILHAP000,,,Montchat,T2,3076.0,0,1843.0,0,5251.0,0,3413.0,0,3313.0,0,144.0,1,1882.0,0,4840.0,0,1153.0,0,99.0,2,5070.0,0,5597.0,0,2175.0,0,217.0,2,4683.0,0,,0,,0,,0,,0,,0
785,ParuVendu,880.0,38.0,23.16,Appartement,38 m2 1,69001,Lyon,45.76925988230035,4.815405934397614,https://www.paruvendu.fr/immobilier/location/appartement/1288379623A1KILHAP000,,,Pentes Croix-Rousse,T2,1323.0,0,710.0,0,1135.0,0,2061.0,0,1497.0,0,1465.0,0,66.0,1,1624.0,0,920.0,0,622.0,0,1292.0,0,1005.0,0,4069.0,0,676.0,0,1571.0,0,,0,,0,,0,,0,,0
786,ParuVendu,1320.0,110.0,12.0,Appartement,110 m2 5,69005,Lyon,45.7656108882685,4.813141239460541,https://www.paruvendu.fr/immobilier/location/appartement/1288379624A1KILHAP000,,,Point du Jour / St Just,Grand (T4+),1466.0,0,939.0,0,1358.0,0,1843.0,0,1575.0,0,1868.0,0,267.0,2,1590.0,0,484.0,1,544.0,0,1471.0,0,1424.0,0,3766.0,0,468.0,1,2005.0,0,,0,,0,,0,,0,,0
787,ParuVendu,1414.0,69.0,20.49,Appartement,69 m2 8,69008,Lyon,45.73603467791518,4.881326453324473,https://www.paruvendu.fr/immobilier/location/appartement/1288379621A1KILHAP000,,,Monplaisir / Bachut,T3,3321.0,0,2073.0,0,5398.0,0,4146.0,0,4180.0,0,2115.0,0,624.0,0,4685.0,0,92.0,2,78.0,1,4665.0,0,6028.0,0,2839.0,0,340.0,1,3264.0,0,,0,,0,,0,,0,,0
788,ParuVendu,2766.0,226.0,12.24,Appartement,226 m2 2,69002,Lyon,45.75092473302427,4.828379159693756,https://www.paruvendu.fr/immobilier/location/appartement/1288379620A1KILHAP000,,,Ainay,Grand (T4+),1401.0,0,651.0,0,1994.0,0,290.0,1,1326.0,0,1343.0,0,1613.0,0,1134.0,0,554.0,0,99.0,6,563.0,0,2897.0,0,1817.0,0,197.0,5,1977.0,0,,0,,0,,0,,0,,0
789,ParuVendu,510.0,18.0,28.33,Appartement,18 m2 8,69008,Lyon,45.73544419530097,4.876300110163744,https://www.paruvendu.fr/immobilier/location/appartement/1287089582A1KILHAP000,,,Monplaisir / Bachut,Studio/T1,3156.0,0,1863.0,0,5164.0,0,4004.0,0,4096.0,0,2353.0,0,814.0,0,4416.0,0,171.0,2,373.0,1,4310.0,0,5832.0,0,2778.0,0,453.0,1,2872.0,0,,0,,0,,0,,0,,0
790,ParuVendu,710.0,28.0,25.36,Appartement,28 m2 5,69005,Lyon,45.76200400615281,4.80420286063477,https://www.paruvendu.fr/immobilier/location/appartement/1286209569A1KILHAP000,,,Point du Jour / St Just,Studio/T1,2198.0,0,723.0,0,2142.0,0,2166.0,0,2277.0,0,2601.0,0,759.0,0,2192.0,0,532.0,0,261.0,1,2216.0,0,2018.0,0,3792.0,0,657.0,0,2743.0,0,,0,,0,,0,,0,,0
791,ParuVendu,910.0,62.0,14.68,Appartement,62 m2 8,69008,Lyon,45.74404584644282,4.873895122466203,https://www.paruvendu.fr/immobilier/location/appartement/1287907763A1KILHAP000,,,Monplaisir / Bachut,T3,2265.0,0,1045.0,0,4379.0,0,3090.0,0,3134.0,0,1761.0,0,1174.0,0,3715.0,0,254.0,4,247.0,2,3935.0,0,4980.0,0,1806.0,0,91.0,1,2872.0,0,,0,,0,,0,,0,,0
792,ParuVendu,2694.0,75.0,35.92,Appartement,75 m2 2,69002,Lyon,45.7618703188411,4.835550269665909,https://www.paruvendu.fr/immobilier/location/appartement/1287865986A1KILHAP000,,,Bellecour / Cordeliers,Grand (T4+),182.0,1,472.0,1,884.0,0,712.0,0,321.0,1,188.0,1,966.0,0,275.0,1,603.0,0,75.0,7,697.0,0,1724.0,0,2486.0,0,118.0,5,2194.0,0,,0,,0,,0,,0,,0
793,ParuVendu,950.0,27.0,35.19,Appartement,27 m2 6,69006,Lyon,45.765602447781596,4.850789655442384,https://www.paruvendu.fr/immobilier/location/appartement/1287262680A1KILHAP000,,,Brotteaux / Foch,Studio/T1,738.0,0,489.0,1,1650.0,0,543.0,0,406.0,1,531.0,0,752.0,0,1526.0,0,657.0,0,89.0,9,1483.0,0,2027.0,0,1451.0,0,280.0,7,2483.0,0,,0,,0,,0,,0,,0
794,ParuVendu,1880.0,94.0,20.0,Appartement,94 m2 2,69002,Lyon,45.75915196000884,4.83261442288783,https://www.paruvendu.fr/immobilier/location/appartement/1288360369A1KILHAP000,,,Bellecour / Cordeliers,Grand (T4+),432.0,1,234.0,1,1094.0,0,684.0,0,578.0,0,450.0,1,1344.0,0,176.0,1,248.0,1,181.0,6,940.0,0,1986.0,0,2677.0,0,190.0,5,2435.0,0,,0,,0,,0,,0,,0
795,ParuVendu,820.0,33.0,24.85,Appartement,33 m2 8,69008,Lyon,45.73591133964262,4.877105752408843,https://www.paruvendu.fr/immobilier/location/appartement/1288351521A1KILHAP000,,,Monplaisir / Bachut,Studio/T1,3145.0,0,1860.0,0,5171.0,0,4003.0,0,4068.0,0,2276.0,0,801.0,0,4432.0,0,228.0,2,298.0,1,4354.0,0,5829.0,0,2744.0,0,442.0,1,2937.0,0,,0,,0,,0,,0,,0
796,ParuVendu,900.0,25.0,36.0,Appartement,25 m2 2,69002,Lyon,45.763069337378724,4.832071382658793,https://www.paruvendu.fr/immobilier/location/appartement/1288351344A1KILHAP000,,,Bellecour / Cordeliers,Studio/T1,134.0,3,636.0,0,659.0,0,954.0,0,172.0,1,489.0,1,1049.0,0,262.0,1,557.0,0,349.0,6,503.0,0,1549.0,0,2769.0,0,222.0,6,1999.0,0,,0,,0,,0,,0,,0
797,ParuVendu,908.0,45.0,20.18,Appartement,45 m2 8,69008,Lyon,45.73476006245238,4.862087704495249,https://www.paruvendu.fr/immobilier/location/appartement/1288349781A1KILHAP000,,,Monplaisir / Bachut,T2,2830.0,0,1571.0,0,4532.0,0,3286.0,0,3271.0,0,2749.0,0,1792.0,0,3694.0,0,823.0,0,579.0,0,3308.0,0,5298.0,0,2162.0,0,391.0,1,1769.0,0,,0,,0,,0,,0,,0
798,ParuVendu,668.0,34.0,19.65,Appartement,34 m2 1,69001,Lyon,45.76952866568706,4.818029074429439,https://www.paruvendu.fr/immobilier/location/appartement/1288346671A1KILHAP000,,,Pentes Croix-Rousse,Studio/T1,1131.0,0,860.0,0,934.0,0,1990.0,0,1323.0,0,1292.0,0,217.0,1,1484.0,0,1024.0,0,568.0,0,1096.0,0,992.0,0,3987.0,0,519.0,0,1435.0,0,,0,,0,,0,,0,,0
799,ParuVendu,550.0,18.0,30.56,Appartement,18 m2 3,69003,Lyon,45.75979002403645,4.870988527796592,https://www.paruvendu.fr/immobilier/location/appartement/1288346139A1KILHAP000,,,Part-Dieu / Villette,Studio/T1,1213.0,0,662.0,0,3333.0,0,1533.0,0,1489.0,0,1781.0,0,43.0,1,2995.0,0,1599.0,0,612.0,0,3155.0,0,3685.0,0,276.0,1,466.0,1,3705.0,0,,0,,0,,0,,0,,0
800,ParuVendu,1317.0,104.0,12.66,Appartement,104 m2 9,69009,Lyon,45.76552350780675,4.794909225331969,https://www.paruvendu.fr/immobilier/location/appartement/1288345440A1KILHAP000,,,Vaise / Valmy,Grand (T4+),2880.0,0,537.0,0,2749.0,0,2986.0,0,2986.0,0,3039.0,0,1488.0,0,2957.0,0,349.0,1,909.0,0,2878.0,0,2146.0,0,4556.0,0,450.0,1,3024.0,0,,0,,0,,0,,0,,0
801,ParuVendu,906.0,47.0,19.28,Appartement,47 m2 3,69003,Lyon,45.75582456376633,4.887744513094731,https://www.paruvendu.fr/immobilier/location/appartement/1288109975A1KILHAP000,,,Montchat,T2,2551.0,0,1408.0,0,4705.0,0,2848.0,0,2747.0,0,425.0,1,1330.0,0,4328.0,0,1533.0,0,513.0,0,4526.0,0,5034.0,0,1632.0,0,228.0,2,4423.0,0,,0,,0,,0,,0,,0
802,ParuVendu,1530.0,69.0,22.17,Appartement,69 m2 3,69003,Lyon,45.76255077387387,4.8531232089175225,https://www.paruvendu.fr/immobilier/location/appartement/1286004057A1KILHAP000,,,Part-Dieu / Villette,T3,354.0,1,744.0,0,1923.0,0,694.0,0,768.0,0,723.0,0,1100.0,0,1620.0,0,867.0,0,151.0,9,1740.0,0,2384.0,0,1156.0,0,125.0,6,2849.0,0,,0,,0,,0,,0,,0
803,ParuVendu,810.0,26.0,31.15,Appartement,26 m2 4,69004,Lyon,45.77837496187645,4.818075568157567,https://www.paruvendu.fr/immobilier/location/appartement/1287488102A1KILHAP000,,,Croix-Rousse Plateau,Studio/T1,1501.0,0,933.0,0,1110.0,0,2609.0,0,1961.0,0,936.0,0,1036.0,0,2255.0,0,437.0,1,929.0,0,1608.0,0,188.0,1,4358.0,0,627.0,0,757.0,0,,0,,0,,0,,0,,0
804,ParuVendu,885.0,65.0,13.62,Appartement,65 m2 7,69007,Lyon,45.73331732393063,4.830533411367601,https://www.paruvendu.fr/immobilier/location/appartement/1287181345A1KILHAP000,,,Gerland,T3,3304.0,0,2193.0,0,3948.0,0,2241.0,0,1087.0,0,2979.0,0,718.0,0,3051.0,0,1805.0,0,320.0,2,1645.0,0,4851.0,0,350.0,1,405.0,2,702.0,0,,0,,0,,0,,0,,0
805,ParuVendu,725.0,35.0,20.71,Appartement,35 m2 4,69004,Lyon,45.77812253627245,4.818430776667719,https://www.paruvendu.fr/immobilier/location/appartement/1288336494A1KILHAP000,,,Croix-Rousse Plateau,T2,1462.0,0,939.0,0,1080.0,0,2570.0,0,1922.0,0,906.0,0,1006.0,0,2217.0,0,450.0,1,959.0,0,1568.0,0,216.0,1,4320.0,0,589.0,0,742.0,0,,0,,0,,0,,0,,0
806,ParuVendu,530.0,30.0,17.67,Appartement,30 m2 3,69003,Lyon,45.75508707604751,4.858878819511465,https://www.paruvendu.fr/immobilier/location/appartement/1288336441A1KILHAP000,,,Part-Dieu / Villette,Studio/T1,589.0,0,669.0,0,2710.0,0,1481.0,0,1685.0,0,910.0,0,640.0,0,2147.0,0,1079.0,0,273.0,3,2514.0,0,3288.0,0,835.0,0,538.0,0,2714.0,0,,0,,0,,0,,0,,0
807,ParuVendu,1317.0,72.0,18.29,Appartement,72 m2 8,69008,Lyon,45.73572320870264,4.873534146623129,https://www.paruvendu.fr/immobilier/location/appartement/1288336299A1KILHAP000,,,Monplaisir / Bachut,T3,3024.0,0,1717.0,0,4994.0,0,3850.0,0,4001.0,0,2446.0,0,1007.0,0,4233.0,0,304.0,1,444.0,2,4096.0,0,5678.0,0,2702.0,0,337.0,1,2659.0,0,,0,,0,,0,,0,,0
808,ParuVendu,900.0,28.0,32.14,Appartement,28 m2 4,69004,Lyon,45.78336825026833,4.820633155741965,https://www.paruvendu.fr/immobilier/location/appartement/1288335222A1KILHAP000,,,Croix-Rousse Plateau,Studio/T1,1791.0,0,1460.0,0,1118.0,0,2856.0,0,2336.0,0,977.0,0,1061.0,0,2678.0,0,115.0,2,967.0,0,1959.0,0,683.0,0,4487.0,0,1035.0,0,590.0,0,,0,,0,,0,,0,,0
809,ParuVendu,850.0,46.0,18.48,Appartement,46 m2 9,69009,Lyon,45.77168204633164,4.806909248686671,https://www.paruvendu.fr/immobilier/location/appartement/1288329133A1KILHAP000,,,Vaise / Valmy,T2,2026.0,0,222.0,2,1821.0,0,2669.0,0,2209.0,0,1912.0,0,746.0,0,2323.0,0,1215.0,0,106.0,3,1990.0,0,1001.0,0,4587.0,0,241.0,3,1870.0,0,,0,,0,,0,,0,,0
810,ParuVendu,1050.0,45.0,23.33,Appartement,45 m2 9,69009,Lyon,45.78482155445833,4.810308018407826,https://www.paruvendu.fr/immobilier/location/appartement/1288326756A1KILHAP000,,,Vaise / Valmy,T2,2428.0,0,1193.0,0,1892.0,0,3532.0,0,2897.0,0,1734.0,0,1827.0,0,3180.0,0,825.0,0,728.0,0,2544.0,0,835.0,0,5241.0,0,406.0,1,1389.0,0,,0,,0,,0,,0,,0
811,ParuVendu,550.0,56.0,9.82,Appartement,56 m2 7,69007,Lyon,45.742052491012885,4.831256035193193,https://www.paruvendu.fr/immobilier/location/appartement/1288326718A1KILHAP000,,,Guillotière / Jean Macé,T3,2332.0,0,1291.0,0,2978.0,0,1277.0,0,843.0,0,2119.0,0,662.0,0,2079.0,0,852.0,0,274.0,1,840.0,0,3880.0,0,806.0,0,730.0,0,1014.0,0,,0,,0,,0,,0,,0
812,ParuVendu,800.0,55.0,14.55,Appartement,55 m2 8,69008,Lyon,45.74196066287176,4.875086329645812,https://www.paruvendu.fr/immobilier/location/appartement/1288326693A1KILHAP000,,,Monplaisir / Bachut,T3,2503.0,0,1276.0,0,4598.0,0,3339.0,0,3383.0,0,1841.0,0,1422.0,0,3914.0,0,228.0,4,372.0,2,4054.0,0,5214.0,0,2055.0,0,160.0,1,2887.0,0,,0,,0,,0,,0,,0
813,ParuVendu,1479.0,95.0,15.57,Appartement,95 m2 3,69003,Lyon,45.75551927898707,4.842583903841657,https://www.paruvendu.fr/immobilier/location/appartement/1288325084A1KILHAP000,,,Préfecture / Quais,Grand (T4+),1071.0,0,448.0,1,1771.0,0,922.0,0,1213.0,0,437.0,1,1509.0,0,979.0,0,201.0,3,161.0,4,1578.0,0,2565.0,0,1982.0,0,32.0,3,2311.0,0,,0,,0,,0,,0,,0
814,ParuVendu,862.0,525.0,1.64,Appartement,525 m2 7,69007,Lyon,45.75156453561393,4.8390890640367,https://www.paruvendu.fr/immobilier/location/appartement/1288324838A1KILHAP000,,,Guillotière / Jean Macé,Grand (T4+),1331.0,0,89.0,1,2044.0,0,789.0,0,1487.0,0,919.0,0,1539.0,0,1143.0,0,404.0,1,204.0,2,1309.0,0,2903.0,0,1868.0,0,193.0,2,1857.0,0,,0,,0,,0,,0,,0
815,ParuVendu,1990.0,53.0,37.55,Appartement,53 m2 6,69006,Lyon,45.76999718548887,4.8483700623366195,https://www.paruvendu.fr/immobilier/location/appartement/1288323129A1KILHAP000,,,Brotteaux / Foch,T2,1196.0,0,160.0,1,1429.0,0,620.0,0,200.0,1,85.0,2,467.0,1,1611.0,0,628.0,0,76.0,3,1306.0,0,1598.0,0,1873.0,0,359.0,4,2028.0,0,,0,,0,,0,,0,,0
816,ParuVendu,2516.0,170.0,14.8,Appartement,170 m2 3,69003,Lyon,45.74968876385803,4.873249150357425,https://www.paruvendu.fr/immobilier/location/appartement/1287089185A1KILHAP000,,,Part-Dieu / Villette,Grand (T4+),1785.0,0,449.0,1,3971.0,0,2516.0,0,2539.0,0,1523.0,0,648.0,0,3398.0,0,733.0,0,636.0,0,3776.0,0,4502.0,0,1196.0,0,695.0,0,3108.0,0,,0,,0,,0,,0,,0
817,ParuVendu,1200.0,19.0,63.16,Appartement,19 m2 8,69008,Lyon,45.73955069337375,4.873457273311084,https://www.paruvendu.fr/immobilier/location/appartement/1287262705A1KILHAP000,,,Monplaisir / Bachut,Studio/T1,2651.0,0,1368.0,0,4685.0,0,3511.0,0,3592.0,0,2121.0,0,1290.0,0,3961.0,0,513.0,0,451.0,2,3978.0,0,5337.0,0,2283.0,0,414.0,2,2702.0,0,,0,,0,,0,,0,,0
818,ParuVendu,1300.0,55.0,23.64,Appartement,Loft 55 m2 9,69009,Lyon,45.790508351903014,4.814362950330599,https://www.paruvendu.fr/immobilier/location/loft/1287254385A1KILHLT000,,,Vaise / Valmy,T3,2722.0,0,1891.0,0,2009.0,0,3779.0,0,3263.0,0,1887.0,0,1962.0,0,3595.0,0,851.0,0,1434.0,0,2888.0,0,1361.0,0,5358.0,0,515.0,0,1476.0,0,,0,,0,,0,,0,,0
819,ParuVendu,1165.0,55.0,21.18,Appartement,55 m2 8,69008,Lyon,45.74378439790369,4.8742046557877545,https://www.paruvendu.fr/immobilier/location/appartement/1287262727A1KILHAP000,,,Monplaisir / Bachut,T3,2302.0,0,1080.0,0,4416.0,0,3127.0,0,3170.0,0,1759.0,0,1211.0,0,3751.0,0,227.0,4,265.0,2,3962.0,0,5018.0,0,1841.0,0,60.0,1,2885.0,0,,0,,0,,0,,0,,0
820,ParuVendu,851.0,40.0,21.27,Appartement,40 m2 6,69006,Lyon,45.770949990587894,4.857191990747377,https://www.paruvendu.fr/immobilier/location/appartement/1288313037A1KILHAP000,,,Brotteaux / Foch,T2,1251.0,0,535.0,0,2061.0,0,235.0,1,160.0,1,778.0,0,1159.0,0,2233.0,0,120.0,1,361.0,2,1998.0,0,2187.0,0,1486.0,0,335.0,2,2565.0,0,,0,,0,,0,,0,,0
821,ParuVendu,1100.0,71.0,15.49,Appartement,71 m2 8,69008,Lyon,45.73347682004371,4.873779322036528,https://www.paruvendu.fr/immobilier/location/appartement/1288310647A1KILHAP000,,,Monplaisir / Bachut,T3,3255.0,0,1943.0,0,5194.0,0,4065.0,0,4189.0,0,2642.0,0,881.0,0,4415.0,0,214.0,1,230.0,1,4199.0,0,5892.0,0,2952.0,0,465.0,1,2681.0,0,,0,,0,,0,,0,,0
822,ParuVendu,902.0,48.0,18.79,Appartement,48 m2 8,69008,Lyon,45.73874623837406,4.8669719112850505,https://www.paruvendu.fr/immobilier/location/appartement/1288302824A1KILHAP000,,,Monplaisir / Bachut,T2,2506.0,0,1193.0,0,4405.0,0,3285.0,0,3556.0,0,2548.0,0,1617.0,0,3629.0,0,898.0,0,177.0,2,3511.0,0,5111.0,0,2325.0,0,320.0,2,2191.0,0,,0,,0,,0,,0,,0
823,ParuVendu,840.0,48.0,17.5,Appartement,48 m2 8,69008,Lyon,45.7292167616121,4.876628558620785,https://www.paruvendu.fr/immobilier/location/appartement/1288300923A1KILHAP000,,,Monplaisir / Bachut,T2,3778.0,0,2465.0,0,5698.0,0,4556.0,0,4512.0,0,2955.0,0,638.0,0,4904.0,0,522.0,0,363.0,1,4592.0,0,6408.0,0,3354.0,0,537.0,0,2965.0,0,,0,,0,,0,,0,,0
824,ParuVendu,584.0,18.0,32.44,Appartement,18 m2 8,69008,Lyon,45.74201541338598,4.862145427627062,https://www.paruvendu.fr/immobilier/location/appartement/1288301502A1KILHAP000,,,Monplaisir / Bachut,Studio/T1,2044.0,0,765.0,0,3885.0,0,2781.0,0,3148.0,0,2042.0,0,1310.0,0,3107.0,0,505.0,0,151.0,1,3063.0,0,4601.0,0,2003.0,0,425.0,3,1943.0,0,,0,,0,,0,,0,,0
825,ParuVendu,2226.0,133.0,16.74,Appartement,133 m2 4,69004,Lyon,45.77572100346999,4.834508191734408,https://www.paruvendu.fr/immobilier/location/appartement/1288298288A1KILHAP000,,,Croix-Rousse Plateau,Grand (T4+),675.0,0,1389.0,0,259.0,1,1537.0,0,1167.0,0,399.0,1,293.0,4,1675.0,0,581.0,0,84.0,6,926.0,0,351.0,1,3117.0,0,185.0,2,793.0,0,,0,,0,,0,,0,,0
826,ParuVendu,1700.0,89.0,19.1,Appartement,89 m2 1,69001,Lyon,45.769069586442946,4.8344401649605055,https://www.paruvendu.fr/immobilier/location/appartement/1287203248A1KILHAP000,,,Pentes Croix-Rousse,Grand (T4+),137.0,3,1244.0,0,343.0,1,972.0,0,534.0,0,796.0,0,580.0,0,941.0,0,1248.0,0,106.0,6,257.0,1,932.0,0,2765.0,0,116.0,5,1412.0,0,,0,,0,,0,,0,,0
827,ParuVendu,992.0,68.0,14.59,Appartement,68 m2 8,69008,Lyon,45.74199747136929,4.879083945071722,https://www.paruvendu.fr/immobilier/location/appartement/1287619919A1KILHAP000,,,Monplaisir / Bachut,T3,2701.0,0,1416.0,0,4836.0,0,3482.0,0,3506.0,0,1630.0,0,1306.0,0,4178.0,0,177.0,4,612.0,0,4361.0,0,5422.0,0,2161.0,0,407.0,1,3188.0,0,,0,,0,,0,,0,,0
828,ParuVendu,1065.0,38.0,28.03,Appartement,38 m2 3,69003,Lyon,45.74483399419598,4.892803194585121,https://www.paruvendu.fr/immobilier/location/appartement/1287262950A1KILHAP000,,,Montchat,T2,3347.0,0,1989.0,0,5553.0,0,3904.0,0,3855.0,0,965.0,0,1681.0,0,5008.0,0,261.0,1,749.0,0,5361.0,0,6019.0,0,2567.0,0,754.0,0,4298.0,0,,0,,0,,0,,0,,0
829,ParuVendu,695.0,30.0,23.17,Appartement,30 m2 4,69004,Lyon,45.782658266321185,4.82339864664529,https://www.paruvendu.fr/immobilier/location/appartement/1288110415A1KILHAP000,,,Croix-Rousse Plateau,Studio/T1,1616.0,0,1554.0,0,900.0,0,2660.0,0,2180.0,0,769.0,0,847.0,0,2537.0,0,222.0,2,739.0,0,1800.0,0,772.0,0,4267.0,0,808.0,0,367.0,1,,0,,0,,0,,0,,0
830,ParuVendu,1332.0,74.0,18.0,Appartement,74 m2 6,69006,Lyon,45.76760670724959,4.841347793126653,https://www.paruvendu.fr/immobilier/location/appartement/1287396648A1KILHAP000,,,Brotteaux / Foch,T3,693.0,0,752.0,0,889.0,0,491.0,1,146.0,1,239.0,2,187.0,1,1032.0,0,1165.0,0,217.0,8,734.0,0,1344.0,0,2208.0,0,107.0,8,1824.0,0,,0,,0,,0,,0,,0
831,ParuVendu,852.0,55.0,15.49,Appartement,55 m2 7,69007,Lyon,45.74505885570208,4.8376108563296185,https://www.paruvendu.fr/immobilier/location/appartement/1288273308A1KILHAP000,,,Guillotière / Jean Macé,T3,2011.0,0,782.0,0,2707.0,0,1135.0,0,1417.0,0,1568.0,0,809.0,0,1789.0,0,504.0,0,459.0,1,1130.0,0,3590.0,0,1137.0,0,207.0,2,1141.0,0,,0,,0,,0,,0,,0
832,ParuVendu,620.0,19.0,32.63,Appartement,19 m2 3,69003,Lyon,45.755017968383555,4.876836290231603,https://www.paruvendu.fr/immobilier/location/appartement/1288252642A1KILHAP000,,,Montchat,Studio/T1,1748.0,0,571.0,0,3942.0,0,2226.0,0,2187.0,0,1196.0,0,659.0,0,3505.0,0,1261.0,0,928.0,0,3757.0,0,4354.0,0,893.0,0,748.0,0,3675.0,0,,0,,0,,0,,0,,0
833,ParuVendu,715.0,16.0,44.69,Appartement,16 m2 9,69009,Lyon,45.76491047273257,4.796877794155192,https://www.paruvendu.fr/immobilier/location/appartement/1287749904A1KILHAP000,,,Vaise / Valmy,Studio/T1,2728.0,0,464.0,1,2608.0,0,2819.0,0,2831.0,0,2934.0,0,1327.0,0,2795.0,0,223.0,1,791.0,0,2732.0,0,2082.0,0,4403.0,0,585.0,0,2939.0,0,,0,,0,,0,,0,,0
834,ParuVendu,950.0,30.0,31.67,Appartement,30 m2 5,69005,Lyon,45.766419650803684,4.821442176014682,https://www.paruvendu.fr/immobilier/location/appartement/1287262917A1KILHAP000,,,Vieux Lyon,Studio/T1,825.0,0,874.0,0,718.0,0,1565.0,0,954.0,0,1393.0,0,524.0,0,1060.0,0,925.0,0,261.0,2,821.0,0,1358.0,0,3621.0,0,772.0,0,1653.0,0,,0,,0,,0,,0,,0
835,ParuVendu,920.0,55.0,16.73,Appartement,55 m2 2,69002,Lyon,45.74960194609859,4.823462915686452,https://www.paruvendu.fr/immobilier/location/appartement/1288203223A1KILHAP000,,,Ainay,T3,1686.0,0,707.0,0,2197.0,0,623.0,0,1041.0,0,1690.0,0,1692.0,0,1419.0,0,814.0,0,440.0,3,262.0,1,3087.0,0,1816.0,0,313.0,2,2048.0,0,,0,,0,,0,,0,,0
836,ParuVendu,1082.0,56.0,19.32,Appartement,56 m2 1,69001,Lyon,45.76916990176827,4.82186638681587,https://www.paruvendu.fr/immobilier/location/appartement/1288181609A1KILHAP000,,,Pentes Croix-Rousse,T3,833.0,0,1144.0,0,634.0,0,1840.0,0,1042.0,0,1129.0,0,496.0,1,1245.0,0,1159.0,0,300.0,2,797.0,0,1086.0,0,3690.0,0,468.0,1,1351.0,0,,0,,0,,0,,0,,0
837,ParuVendu,1230.0,105.0,11.71,Appartement,105 m2 3,69003,Lyon,45.76196402435631,4.84522979570819,https://www.paruvendu.fr/immobilier/location/appartement/1288140877A1KILHAP000,,,Préfecture / Quais,Grand (T4+),822.0,0,761.0,0,1405.0,0,207.0,1,594.0,0,266.0,1,820.0,0,1004.0,0,547.0,0,91.0,9,1209.0,0,2027.0,0,1741.0,0,236.0,6,2510.0,0,,0,,0,,0,,0,,0
838,ParuVendu,970.0,36.0,26.94,Appartement,36 m2 5,69005,Lyon,45.75713233863488,4.796995255096421,https://www.paruvendu.fr/immobilier/location/appartement/1288140989A1KILHAP000,,,Point du Jour / St Just,T2,2880.0,0,1250.0,0,2873.0,0,2539.0,0,2472.0,0,3189.0,0,1472.0,0,2776.0,0,648.0,0,1003.0,0,2325.0,0,2763.0,0,3788.0,0,136.0,1,3519.0,0,,0,,0,,0,,0,,0
839,ParuVendu,850.0,27.0,31.48,Appartement,27 m2 3,69003,Lyon,45.75865691325765,4.876734374474569,https://www.paruvendu.fr/immobilier/location/appartement/1288140614A1KILHAP000,,,Montchat,Studio/T1,1663.0,0,811.0,0,3796.0,0,1960.0,0,1885.0,0,1323.0,0,421.0,1,3447.0,0,1666.0,0,1032.0,0,3618.0,0,4134.0,0,730.0,0,790.0,0,3929.0,0,,0,,0,,0,,0,,0
840,ParuVendu,940.0,47.0,20.0,Appartement,47 m2 4,69004,Lyon,45.777828738876615,4.8372694903275875,https://www.paruvendu.fr/immobilier/location/appartement/1287809262A1KILHAP000,,,Croix-Rousse Plateau,T2,959.0,0,1342.0,0,385.0,1,1662.0,0,1276.0,0,558.0,0,437.0,4,1938.0,0,494.0,1,140.0,7,1212.0,0,547.0,0,3092.0,0,394.0,2,843.0,0,,0,,0,,0,,0,,0
841,ParuVendu,520.0,20.0,26.0,Appartement,20 m2 7,69007,Lyon,45.737614262351116,4.838828949274437,https://www.paruvendu.fr/immobilier/location/appartement/1287807095A1KILHAP000,,,Guillotière / Jean Macé,Studio/T1,2778.0,0,1588.0,0,3537.0,0,1910.0,0,1439.0,0,2294.0,0,127.0,1,2618.0,0,1099.0,0,253.0,2,1607.0,0,4423.0,0,452.0,1,290.0,1,308.0,1,,0,,0,,0,,0,,0
842,ParuVendu,647.0,21.0,30.81,Appartement,21 m2 3,69003,Lyon,45.74235477752401,4.89217827507278,https://www.paruvendu.fr/immobilier/location/appartement/1287778801A1KILHAP000,,,Montchat,Studio/T1,3452.0,0,2090.0,0,5649.0,0,4065.0,0,4031.0,0,1240.0,0,1409.0,0,5068.0,0,132.0,1,963.0,0,5365.0,0,6149.0,0,2718.0,0,963.0,0,4187.0,0,,0,,0,,0,,0,,0
843,ParuVendu,580.0,20.0,29.0,Appartement,20 m2 1,69001,Lyon,45.76871153886013,4.823465288220652,https://www.paruvendu.fr/immobilier/location/appartement/1287807096A1KILHAP000,,,Terreaux / Hotel de Ville,Studio/T1,700.0,0,1082.0,0,509.0,0,1712.0,0,910.0,0,1109.0,0,617.0,0,1126.0,0,1209.0,0,184.0,2,665.0,0,1059.0,0,3556.0,0,535.0,0,1368.0,0,,0,,0,,0,,0,,0
844,ParuVendu,820.0,46.0,17.83,Appartement,46 m2 7,69007,Lyon,45.753636865156906,4.840771596499106,https://www.paruvendu.fr/immobilier/location/appartement/1287262961A1KILHAP000,,,Guillotière / Jean Macé,T2,1168.0,0,203.0,1,1883.0,0,891.0,0,1320.0,0,669.0,0,1723.0,0,1021.0,0,347.0,3,372.0,3,1524.0,0,2715.0,0,2122.0,0,75.0,2,2090.0,0,,0,,0,,0,,0,,0
845,ParuVendu,750.0,17.0,44.12,Appartement,17 m2 2,69002,Lyon,45.74932569907135,4.824703916561064,https://www.paruvendu.fr/immobilier/location/appartement/1288105967A1KILHAP000,,,Ainay,Studio/T1,1671.0,0,738.0,0,2207.0,0,581.0,0,1051.0,0,1653.0,0,1609.0,0,1402.0,0,806.0,0,384.0,3,253.0,1,3102.0,0,1746.0,0,267.0,3,1967.0,0,,0,,0,,0,,0,,0
846,ParuVendu,690.0,20.0,34.5,Appartement,20 m2 7,69007,Lyon,45.72957222652973,4.828271801110182,https://www.paruvendu.fr/immobilier/location/appartement/1288069746A1KILHAP000,,,Gerland,Studio/T1,3736.0,0,2645.0,0,4367.0,0,2657.0,0,1328.0,0,3430.0,0,1147.0,0,3479.0,0,2250.0,0,234.0,2,2001.0,0,5270.0,0,770.0,0,50.0,2,1039.0,0,,0,,0,,0,,0,,0
847,ParuVendu,970.0,57.0,17.02,Appartement,57 m2 8,69008,Lyon,45.736315265285135,4.88046004157446,https://www.paruvendu.fr/immobilier/location/appartement/1288065885A1KILHAP000,,,Monplaisir / Bachut,T3,3256.0,0,2003.0,0,5327.0,0,4087.0,0,4124.0,0,2114.0,0,681.0,0,4612.0,0,18.0,2,44.0,1,4592.0,0,5961.0,0,2785.0,0,372.0,1,3199.0,0,,0,,0,,0,,0,,0
848,ParuVendu,1300.0,70.0,18.57,Appartement,70 m2 6,69006,Lyon,45.7685648765868,4.858082313935188,https://www.paruvendu.fr/immobilier/location/appartement/1288031410A1KILHAP000,,,Brotteaux / Foch,T3,1000.0,0,615.0,0,2176.0,0,151.0,1,199.0,1,851.0,0,1211.0,0,2174.0,0,203.0,1,126.0,4,2035.0,0,2345.0,0,1228.0,0,331.0,3,2748.0,0,,0,,0,,0,,0,,0
849,ParuVendu,700.0,22.0,31.82,Appartement,22 m2 8,69008,Lyon,45.73220417365924,4.878431618421458,https://www.paruvendu.fr/immobilier/location/appartement/1288029817A1KILHAP000,,,Monplaisir / Bachut,Studio/T1,3550.0,0,2252.0,0,5540.0,0,4390.0,0,4490.0,0,2595.0,0,493.0,1,4776.0,0,243.0,2,414.0,1,4587.0,0,6219.0,0,3169.0,0,214.0,1,3052.0,0,,0,,0,,0,,0,,0
850,ParuVendu,1560.0,92.0,16.96,Appartement,92 m2 5,69005,Lyon,45.759392995911846,4.796649251008022,https://www.paruvendu.fr/immobilier/location/appartement/1288023709A1KILHAP000,,,Point du Jour / St Just,Grand (T4+),2833.0,0,1016.0,0,2793.0,0,2617.0,0,2679.0,0,3190.0,0,1400.0,0,2778.0,0,401.0,1,911.0,0,2476.0,0,2567.0,0,3975.0,0,382.0,1,3355.0,0,,0,,0,,0,,0,,0
851,ParuVendu,680.0,29.0,23.45,Appartement,29 m2 5,69005,Lyon,45.75228855761109,4.7995349436590455,https://www.paruvendu.fr/immobilier/location/appartement/1288018889A1KILHAP000,,,Point du Jour / St Just,Studio/T1,2910.0,0,1756.0,0,2996.0,0,2312.0,0,1957.0,0,3119.0,0,1648.0,0,2717.0,0,622.0,0,786.0,0,1934.0,0,3151.0,0,3302.0,0,439.0,1,3643.0,0,,0,,0,,0,,0,,0
852,ParuVendu,795.0,49.0,16.22,Appartement,49 m2 3,69003,Lyon,45.74914350961923,4.887681636736142,https://www.paruvendu.fr/immobilier/location/appartement/1288000672A1KILHAP000,,,Montchat,T2,2773.0,0,1436.0,0,4979.0,0,3287.0,0,3234.0,0,594.0,0,1690.0,0,4478.0,0,870.0,0,335.0,2,4790.0,0,5417.0,0,1958.0,0,132.0,1,4076.0,0,,0,,0,,0,,0,,0
853,ParuVendu,560.0,16.0,35.0,Appartement,Chambre 16 m2 8,69008,Lyon,45.72999281741622,4.857162942177461,https://www.paruvendu.fr/immobilier/location/chambre/1287774648A1KILHCM000,,,Monplaisir / Bachut,Studio/T1,3315.0,0,2135.0,0,4804.0,0,3389.0,0,3053.0,0,3127.0,0,1775.0,0,3921.0,0,1192.0,0,1210.0,0,3248.0,0,5620.0,0,1868.0,0,362.0,1,1489.0,0,,0,,0,,0,,0,,0
854,ParuVendu,1090.0,51.0,21.37,Appartement,51 m2 9,69009,Lyon,45.76924145181336,4.797999816035941,https://www.paruvendu.fr/immobilier/location/appartement/1287774643A1KILHAP000,,,Vaise / Valmy,T2,2660.0,0,254.0,1,2485.0,0,2996.0,0,2797.0,0,2655.0,0,1360.0,0,2832.0,0,700.0,0,481.0,1,2635.0,0,1700.0,0,4724.0,0,867.0,0,2602.0,0,,0,,0,,0,,0,,0
855,ParuVendu,1490.0,50.0,29.8,Appartement,50 m2 5,69005,Lyon,45.75448575445916,4.800628150307567,https://www.paruvendu.fr/immobilier/location/appartement/1287774644A1KILHAP000,,,Point du Jour / St Just,T2,2737.0,0,1509.0,0,2783.0,0,2227.0,0,2065.0,0,2969.0,0,1414.0,0,2561.0,0,850.0,0,670.0,0,1941.0,0,2893.0,0,3383.0,0,279.0,1,3574.0,0,,0,,0,,0,,0,,0
856,ParuVendu,790.0,44.0,17.95,Appartement,44 m2 9,69009,Lyon,45.76448943931211,4.795072529102841,https://www.paruvendu.fr/immobilier/location/appartement/1287262707A1KILHAP000,,,Vaise / Valmy,T2,2870.0,0,596.0,0,2754.0,0,2925.0,0,2970.0,0,3080.0,0,1461.0,0,2926.0,0,253.0,1,921.0,0,2877.0,0,2215.0,0,4462.0,0,441.0,1,3079.0,0,,0,,0,,0,,0,,0
857,ParuVendu,1061.0,56.0,18.95,Appartement,56 m2 8,69008,Lyon,45.73770481376193,4.876938535836585,https://www.paruvendu.fr/immobilier/location/appartement/1287262830A1KILHAP000,,,Monplaisir / Bachut,T3,2971.0,0,1701.0,0,5022.0,0,3828.0,0,3877.0,0,2114.0,0,959.0,0,4300.0,0,296.0,2,323.0,1,4288.0,0,5666.0,0,2549.0,0,610.0,0,2938.0,0,,0,,0,,0,,0,,0
858,ParuVendu,1100.0,60.0,18.33,Appartement,60 m2 3,69003,Lyon,45.75253247803049,4.880865733929373,https://www.paruvendu.fr/immobilier/location/appartement/1287262519A1KILHAP000,,,Montchat,T3,2137.0,0,842.0,0,4340.0,0,2643.0,0,2600.0,0,878.0,0,1073.0,0,3868.0,0,1007.0,0,561.0,0,4152.0,0,4768.0,0,1309.0,0,530.0,0,3777.0,0,,0,,0,,0,,0,,0
859,ParuVendu,1240.0,71.0,17.46,Appartement,71 m2 3,69003,Lyon,45.753381335357965,4.882643579702162,https://www.paruvendu.fr/immobilier/location/appartement/1287183745A1KILHAP000,,,Montchat,T3,2233.0,0,978.0,0,4428.0,0,2683.0,0,2623.0,0,734.0,0,1109.0,0,3982.0,0,1131.0,0,645.0,0,4243.0,0,4830.0,0,1371.0,0,414.0,2,3944.0,0,,0,,0,,0,,0,,0
860,ParuVendu,891.0,25.0,35.64,Appartement,25 m2 3,69003,Lyon,45.74259913499083,4.891842734879687,https://www.paruvendu.fr/immobilier/location/appartement/1287983682A1KILHAP000,,,Montchat,Studio/T1,3415.0,0,2053.0,0,5613.0,0,4028.0,0,3993.0,0,1213.0,0,1423.0,0,5033.0,0,155.0,1,925.0,0,5337.0,0,6112.0,0,2680.0,0,927.0,0,4167.0,0,,0,,0,,0,,0,,0
861,ParuVendu,1110.0,69.0,16.09,Appartement,69 m2 8,69008,Lyon,45.73638000651072,4.869642575818459,https://www.paruvendu.fr/immobilier/location/appartement/1287262643A1KILHAP000,,,Monplaisir / Bachut,T3,2828.0,0,1513.0,0,4740.0,0,3619.0,0,3824.0,0,2581.0,0,1305.0,0,3960.0,0,597.0,0,158.0,1,3787.0,0,5445.0,0,2593.0,0,35.0,1,2361.0,0,,0,,0,,0,,0,,0
862,ParuVendu,845.0,35.0,24.14,Appartement,35 m2 7,69007,Lyon,45.73743149928851,4.838463633336152,https://www.paruvendu.fr/immobilier/location/appartement/1287262757A1KILHAP000,,,Guillotière / Jean Macé,T2,2809.0,0,1610.0,0,3552.0,0,1918.0,0,1415.0,0,2322.0,0,105.0,1,2633.0,0,1134.0,0,272.0,3,1599.0,0,4439.0,0,418.0,1,256.0,1,293.0,1,,0,,0,,0,,0,,0
863,ParuVendu,800.0,25.0,32.0,Appartement,25 m2 3,69003,Lyon,45.75285426204751,4.877592270290045,https://www.paruvendu.fr/immobilier/location/appartement/1287941246A1KILHAP000,,,Montchat,Studio/T1,1889.0,0,586.0,0,4095.0,0,2439.0,0,2413.0,0,1128.0,0,843.0,0,3613.0,0,1021.0,0,690.0,0,3906.0,0,4540.0,0,1092.0,0,774.0,0,3582.0,0,,0,,0,,0,,0,,0
864,ParuVendu,610.0,17.0,35.88,Appartement,17 m2 8,69008,Lyon,45.732816453343055,4.85454601279557,https://www.paruvendu.fr/immobilier/location/appartement/1287938644A1KILHAP000,,,Monplaisir / Bachut,Studio/T1,2998.0,0,1878.0,0,4433.0,0,3018.0,0,2755.0,0,2777.0,0,1455.0,0,3547.0,0,877.0,0,1078.0,0,2901.0,0,5254.0,0,1596.0,0,137.0,2,1205.0,0,,0,,0,,0,,0,,0
865,ParuVendu,1420.0,80.0,17.75,Appartement,80 m2 3,69003,Lyon,45.75418720101412,4.874678588237678,https://www.paruvendu.fr/immobilier/location/appartement/1287934404A1KILHAP000,,,Part-Dieu / Villette,Grand (T4+),1623.0,0,381.0,1,3827.0,0,2178.0,0,2161.0,0,1354.0,0,622.0,0,3359.0,0,1184.0,0,935.0,0,3639.0,0,4270.0,0,828.0,0,582.0,0,3486.0,0,,0,,0,,0,,0,,0
866,ParuVendu,960.0,50.0,19.2,Appartement,50 m2 3,69003,Lyon,45.75201546828047,4.869044751828652,https://www.paruvendu.fr/immobilier/location/appartement/1287932840A1KILHAP000,,,Part-Dieu / Villette,T2,1368.0,0,139.0,1,3557.0,0,2129.0,0,2171.0,0,1765.0,0,232.0,1,3003.0,0,1119.0,0,616.0,0,3363.0,0,4086.0,0,858.0,0,333.0,1,2994.0,0,,0,,0,,0,,0,,0
867,ParuVendu,2150.0,111.0,19.37,Appartement,111 m2 4,69004,Lyon,45.77367000555065,4.829128011302714,https://www.paruvendu.fr/immobilier/location/appartement/1286796139A1KILHAP000,,,Croix-Rousse Plateau,Grand (T4+),528.0,0,1607.0,0,491.0,1,1618.0,0,1090.0,0,438.0,1,88.0,5,1461.0,0,828.0,0,146.0,3,709.0,0,376.0,1,3355.0,0,309.0,2,799.0,0,,0,,0,,0,,0,,0
868,ParuVendu,1675.0,48.0,34.9,Appartement,48 m2 4,69004,Lyon,45.782375956575414,4.830215539689961,https://www.paruvendu.fr/immobilier/location/appartement/1286802896A1KILHAP000,,,Croix-Rousse Plateau,T2,1420.0,0,1965.0,0,568.0,0,2346.0,0,1971.0,0,536.0,0,553.0,0,2413.0,0,205.0,9,269.0,3,1649.0,0,604.0,0,3836.0,0,382.0,1,295.0,1,,0,,0,,0,,0,,0
869,ParuVendu,680.0,48.0,14.17,Appartement,48 m2 6,69006,Lyon,45.76467612323927,4.859580030236849,https://www.paruvendu.fr/immobilier/location/appartement/1287907785A1KILHAP000,,,Brotteaux / Foch,T2,636.0,0,409.0,1,2338.0,0,542.0,0,620.0,0,1118.0,0,1081.0,0,2153.0,0,639.0,0,328.0,8,2172.0,0,2647.0,0,827.0,0,285.0,3,3079.0,0,,0,,0,,0,,0,,0
870,ParuVendu,1370.0,64.0,21.41,Appartement,64 m2 1,69001,Lyon,45.76671124813652,4.825423274843654,https://www.paruvendu.fr/immobilier/location/appartement/1287875413A1KILHAP000,,,Terreaux / Hotel de Ville,T3,522.0,0,849.0,0,427.0,1,1504.0,0,671.0,0,1139.0,0,752.0,0,858.0,0,984.0,0,89.0,2,511.0,0,1200.0,0,3352.0,0,470.0,2,1565.0,0,,0,,0,,0,,0,,0
871,ParuVendu,900.0,26.0,34.62,Appartement,26 m2 3,69003,Lyon,45.75201049990619,4.858514257049754,https://www.paruvendu.fr/immobilier/location/appartement/1287869369A1KILHAP000,,,Part-Dieu / Villette,Studio/T1,897.0,0,439.0,1,2895.0,0,1704.0,0,2010.0,0,1032.0,0,656.0,0,2246.0,0,1041.0,0,264.0,3,2696.0,0,3530.0,0,1096.0,0,433.0,2,2420.0,0,,0,,0,,0,,0,,0
872,ParuVendu,1300.0,80.0,16.25,Appartement,80 m2 3,69003,Lyon,45.7568663026292,4.863340962553243,https://www.paruvendu.fr/immobilier/location/appartement/1287864674A1KILHAP000,,,Part-Dieu / Villette,Grand (T4+),699.0,0,671.0,0,2906.0,0,1452.0,0,1525.0,0,1222.0,0,472.0,1,2438.0,0,1462.0,0,25.0,3,2716.0,0,3397.0,0,443.0,1,281.0,2,3077.0,0,,0,,0,,0,,0,,0
873,ParuVendu,550.0,15.0,36.67,Appartement,15 m2 1,69001,Lyon,45.7652092323278,4.8368154915104045,https://www.paruvendu.fr/immobilier/location/appartement/1287846007A1KILHAP000,,,Terreaux / Hotel de Ville,Studio/T1,344.0,3,855.0,0,663.0,0,607.0,0,285.0,1,462.0,2,616.0,0,604.0,0,944.0,0,68.0,9,465.0,1,1398.0,0,2454.0,0,100.0,5,1879.0,0,,0,,0,,0,,0,,0
874,ParuVendu,980.0,52.0,18.85,Appartement,52 m2 3,69003,Lyon,45.74374339144049,4.885597601947113,https://www.paruvendu.fr/immobilier/location/appartement/1287846004A1KILHAP000,,,Montchat,T2,2947.0,0,1590.0,0,5135.0,0,3612.0,0,3598.0,0,1197.0,0,1433.0,0,4539.0,0,548.0,0,498.0,1,4843.0,0,5657.0,0,2262.0,0,719.0,0,3726.0,0,,0,,0,,0,,0,,0
875,ParuVendu,608.0,22.0,27.64,Appartement,22 m2 3,69003,Lyon,45.758557228421786,4.845195308696903,https://www.paruvendu.fr/immobilier/location/appartement/1287846005A1KILHAP000,,,Préfecture / Quais,Studio/T1,800.0,0,485.0,1,1640.0,0,578.0,0,963.0,0,232.0,1,1190.0,0,1021.0,0,196.0,2,233.0,5,1441.0,0,2347.0,0,1729.0,0,62.0,3,2674.0,0,,0,,0,,0,,0,,0
876,ParuVendu,995.0,47.0,21.17,Appartement,47 m2 1,69001,Lyon,45.76976328003401,4.834127937464045,https://www.paruvendu.fr/immobilier/location/appartement/1287846003A1KILHAP000,,,Pentes Croix-Rousse,T2,91.0,3,1264.0,0,335.0,1,1039.0,0,608.0,0,847.0,0,509.0,0,1013.0,0,1228.0,0,163.0,6,297.0,1,851.0,0,2818.0,0,128.0,4,1331.0,0,,0,,0,,0,,0,,0
877,ParuVendu,915.0,49.0,18.67,Appartement,49 m2 4,69004,Lyon,45.779680449772876,4.828674692903049,https://www.paruvendu.fr/immobilier/location/appartement/1287846002A1KILHAP000,,,Croix-Rousse Plateau,T2,1154.0,0,1721.0,0,374.0,1,2151.0,0,1746.0,0,261.0,1,325.0,4,2127.0,0,316.0,9,304.0,3,1367.0,0,331.0,1,3741.0,0,316.0,1,162.0,1,,0,,0,,0,,0,,0
878,ParuVendu,790.0,25.0,31.6,Appartement,25 m2 8,69008,Lyon,45.72984171260758,4.863289357607478,https://www.paruvendu.fr/immobilier/location/appartement/1287817342A1KILHAP000,,,Monplaisir / Bachut,Studio/T1,3385.0,0,2121.0,0,5045.0,0,3722.0,0,3504.0,0,3289.0,0,1650.0,0,4188.0,0,1119.0,0,790.0,0,3651.0,0,5828.0,0,2329.0,0,234.0,1,1944.0,0,,0,,0,,0,,0,,0
879,ParuVendu,1390.0,71.0,19.58,Appartement,71 m2 7,69007,Lyon,45.74484827219166,4.834044515951181,https://www.paruvendu.fr/immobilier/location/appartement/1286643582A1KILHAP000,,,Guillotière / Jean Macé,T3,2013.0,0,913.0,0,2684.0,0,1025.0,0,1154.0,0,1740.0,0,823.0,0,1770.0,0,494.0,1,182.0,1,868.0,0,3580.0,0,1083.0,0,358.0,1,1183.0,0,,0,,0,,0,,0,,0
880,ParuVendu,950.0,45.0,21.11,Appartement,45 m2 4,69004,Lyon,45.77695161687569,4.829008076829461,https://www.paruvendu.fr/immobilier/location/appartement/1287774395A1KILHAP000,,,Croix-Rousse Plateau,T2,858.0,0,1646.0,0,264.0,1,1892.0,0,1444.0,0,107.0,1,191.0,5,1823.0,0,499.0,1,267.0,4,1064.0,0,103.0,1,3547.0,0,294.0,2,442.0,1,,0,,0,,0,,0,,0
881,ParuVendu,600.0,10.0,60.0,Appartement,10 m2 3,69003,Lyon,45.74648576439924,4.8716474464933075,https://www.paruvendu.fr/immobilier/location/appartement/1287774394A1KILHAP000,,,Part-Dieu / Villette,Studio/T1,1945.0,0,741.0,0,4074.0,0,2769.0,0,2818.0,0,1768.0,0,853.0,0,3432.0,0,528.0,0,263.0,2,3745.0,0,4663.0,0,1500.0,0,367.0,2,2823.0,0,,0,,0,,0,,0,,0
882,ParuVendu,950.0,48.0,19.79,Appartement,48 m2 1,69001,Lyon,45.76667169922766,4.830381529988857,https://www.paruvendu.fr/immobilier/location/appartement/1287757828A1KILHAP000,,,Terreaux / Hotel de Ville,T2,141.0,4,927.0,0,241.0,1,1131.0,0,349.0,1,840.0,0,696.0,0,679.0,0,926.0,0,312.0,6,156.0,1,1142.0,0,2978.0,0,116.0,4,1582.0,0,,0,,0,,0,,0,,0
883,ParuVendu,710.0,26.0,27.31,Appartement,26 m2 2,69002,Lyon,45.760452642825356,4.829437038055195,https://www.paruvendu.fr/immobilier/location/appartement/1288326705A1KILHAP000,,,Bellecour / Cordeliers,Studio/T1,437.0,1,344.0,2,932.0,0,778.0,0,527.0,0,645.0,0,1251.0,0,232.0,1,233.0,1,107.0,4,817.0,0,1835.0,0,2843.0,0,129.0,5,2261.0,0,,0,,0,,0,,0,,0
884,ParuVendu,1550.0,63.0,24.6,Appartement,63 m2 4,69004,Lyon,45.78035618244591,4.834220213223776,https://www.paruvendu.fr/immobilier/location/appartement/1287729534A1KILHAP000,,,Croix-Rousse Plateau,T3,1184.0,0,1706.0,0,352.0,1,2010.0,0,1627.0,0,447.0,1,379.0,4,2187.0,0,143.0,9,14.0,6,1430.0,0,485.0,1,3455.0,0,155.0,1,543.0,0,,0,,0,,0,,0,,0
885,ParuVendu,2525.0,130.0,19.42,Appartement,130 m2 1,69001,Lyon,45.767460496568084,4.831492223585693,https://www.paruvendu.fr/immobilier/location/appartement/1287704242A1KILHAP000,,,Terreaux / Hotel de Ville,Grand (T4+),73.0,3,1043.0,0,190.0,1,1080.0,0,378.0,1,855.0,0,627.0,0,752.0,0,1022.0,0,199.0,7,34.0,1,1058.0,0,2920.0,0,27.0,5,1512.0,0,,0,,0,,0,,0,,0
886,ParuVendu,1190.0,51.0,23.33,Appartement,51 m2 9,69009,Lyon,45.76797179760942,4.803751491845784,https://www.paruvendu.fr/immobilier/location/appartement/1286864605A1KILHAP000,,,Vaise / Valmy,T2,2205.0,0,229.0,1,2040.0,0,2556.0,0,2332.0,0,2304.0,0,915.0,0,2364.0,0,740.0,0,452.0,1,2183.0,0,1473.0,0,4353.0,0,720.0,0,2308.0,0,,0,,0,,0,,0,,0
887,ParuVendu,835.0,63.0,13.25,Appartement,63 m2 5,69005,Lyon,45.75483472406168,4.807089895172091,https://www.paruvendu.fr/immobilier/location/appartement/1287683163A1KILHAP000,,,Point du Jour / St Just,T3,2259.0,0,1323.0,0,2363.0,0,1729.0,0,1797.0,0,2475.0,0,1073.0,0,2071.0,0,817.0,0,179.0,1,1521.0,0,2692.0,0,3042.0,0,730.0,0,3276.0,0,,0,,0,,0,,0,,0
888,ParuVendu,1250.0,52.0,24.04,Appartement,52 m2 2,69002,Lyon,45.73992732781332,4.818690093279467,https://www.paruvendu.fr/immobilier/location/appartement/1266862801A1KILHAP000,,,Confluence,T2,2815.0,0,1830.0,0,3331.0,0,1714.0,0,103.0,2,2779.0,0,1457.0,0,2546.0,0,1641.0,0,83.0,3,892.0,0,4214.0,0,1321.0,0,761.0,0,1696.0,0,,0,,0,,0,,0,,0
889,ParuVendu,620.0,28.0,22.14,Appartement,28 m2 3,69003,Lyon,45.75578160259475,4.8485389857523895,https://www.paruvendu.fr/immobilier/location/appartement/1282739554A1KILHAP000,,,Part-Dieu / Villette,Studio/T1,691.0,0,149.0,1,2041.0,0,941.0,0,1327.0,0,186.0,1,1439.0,0,1367.0,0,381.0,2,186.0,4,1842.0,0,2744.0,0,1528.0,0,419.0,3,2434.0,0,,0,,0,,0,,0,,0
890,ParuVendu,820.0,37.0,22.16,Appartement,37 m2 1,69001,Lyon,45.76711718333512,4.830797955060403,https://www.paruvendu.fr/immobilier/location/appartement/1287262740A1KILHAP000,,,Terreaux / Hotel de Ville,T2,105.0,3,985.0,0,199.0,1,1116.0,0,369.0,1,857.0,0,652.0,0,721.0,0,978.0,0,253.0,7,100.0,1,1093.0,0,2961.0,0,92.0,5,1539.0,0,,0,,0,,0,,0,,0
891,ParuVendu,850.0,50.0,17.0,Appartement,50 m2 8,69008,Lyon,45.73691775603995,4.874295981718327,https://www.paruvendu.fr/immobilier/location/appartement/1287532582A1KILHAP000,,,Monplaisir / Bachut,T2,2936.0,0,1639.0,0,4938.0,0,3779.0,0,3891.0,0,2304.0,0,1038.0,0,4192.0,0,375.0,2,461.0,1,4114.0,0,5607.0,0,2583.0,0,399.0,1,2726.0,0,,0,,0,,0,,0,,0
892,ParuVendu,2995.0,214.0,14.0,Appartement,214 m2 9,69009,Lyon,45.77308164054454,4.805332208600404,https://www.paruvendu.fr/immobilier/location/appartement/1287526181A1KILHAP000,,,Vaise / Valmy,Grand (T4+),2175.0,0,170.0,2,1973.0,0,2867.0,0,2382.0,0,1983.0,0,929.0,0,2509.0,0,1280.0,0,113.0,3,2148.0,0,989.0,0,4781.0,0,180.0,4,1899.0,0,,0,,0,,0,,0,,0
893,ParuVendu,1880.0,115.0,16.35,Appartement,115 m2 9,69009,Lyon,45.77347393580725,4.804867471762114,https://www.paruvendu.fr/immobilier/location/appartement/1287364085A1KILHAP000,,,Vaise / Valmy,Grand (T4+),2218.0,0,152.0,2,2019.0,0,2923.0,0,2433.0,0,2008.0,0,983.0,0,2563.0,0,1303.0,0,152.0,3,2195.0,0,994.0,0,4837.0,0,158.0,4,1913.0,0,,0,,0,,0,,0,,0
894,ParuVendu,930.0,49.0,18.98,Appartement,49 m2 7,69007,Lyon,45.739822417082806,4.845495107046119,https://www.paruvendu.fr/immobilier/location/appartement/1287345924A1KILHAP000,,,Guillotière / Jean Macé,T2,2347.0,0,1402.0,0,3441.0,0,1969.0,0,1926.0,0,1952.0,0,682.0,0,2537.0,0,529.0,0,459.0,1,1903.0,0,4292.0,0,1019.0,0,725.0,0,731.0,0,,0,,0,,0,,0,,0
895,ParuVendu,1200.0,64.0,18.75,Appartement,64 m2 7,69007,Lyon,45.74299169560799,4.835512998149306,https://www.paruvendu.fr/immobilier/location/appartement/1287342302A1KILHAP000,,,Guillotière / Jean Macé,T3,2223.0,0,1050.0,0,2904.0,0,1260.0,0,1189.0,0,1848.0,0,593.0,0,1987.0,0,695.0,0,336.0,1,1053.0,0,3797.0,0,882.0,0,465.0,1,950.0,0,,0,,0,,0,,0,,0
896,ParuVendu,530.0,17.0,31.18,Appartement,17 m2 2,69002,Lyon,45.742229138041445,4.82146451996326,https://www.paruvendu.fr/immobilier/location/appartement/1287280505A1KILHAP000,,,Confluence,Studio/T1,2494.0,0,1539.0,0,3031.0,0,1388.0,0,225.0,2,2448.0,0,1318.0,0,2225.0,0,1314.0,0,132.0,4,577.0,0,3921.0,0,1269.0,0,439.0,1,1608.0,0,,0,,0,,0,,0,,0
897,ParuVendu,800.0,26.0,30.77,Appartement,26 m2 9,69009,Lyon,45.77522048849963,4.798186212111447,https://www.paruvendu.fr/immobilier/location/appartement/1287189245A1KILHAP000,,,Vaise / Valmy,Studio/T1,2765.0,0,624.0,0,2570.0,0,3418.0,0,2985.0,0,2487.0,0,1528.0,0,3105.0,0,1365.0,0,166.0,2,2748.0,0,1397.0,0,5265.0,0,618.0,0,2334.0,0,,0,,0,,0,,0,,0
898,ParuVendu,1999.0,149.0,13.42,Appartement,149 m2 1,69001,Lyon,45.76812347085093,4.818757052093694,https://www.paruvendu.fr/immobilier/location/appartement/1285973345A1KILHAP000,,,Terreaux / Hotel de Ville,Grand (T4+),1046.0,0,993.0,0,878.0,0,1824.0,0,1209.0,0,1368.0,0,259.0,1,1341.0,0,919.0,0,462.0,1,1020.0,0,1157.0,0,3863.0,0,631.0,0,1548.0,0,,0,,0,,0,,0,,0
899,ParuVendu,1070.0,55.0,19.45,Appartement,55 m2 8,69008,Lyon,45.73720203266901,4.875678301287022,https://www.paruvendu.fr/immobilier/location/appartement/1281957200A1KILHAP000,,,Monplaisir / Bachut,T3,2964.0,0,1679.0,0,4991.0,0,3822.0,0,3895.0,0,2216.0,0,981.0,0,4256.0,0,366.0,2,403.0,1,4208.0,0,5648.0,0,2577.0,0,510.0,0,2835.0,0,,0,,0,,0,,0,,0
900,ParuVendu,1730.0,83.0,20.84,Appartement,83 m2 3,69003,Lyon,45.76137899038338,4.843849553611532,https://www.paruvendu.fr/immobilier/location/appartement/1281074897A1KILHAP000,,,Préfecture / Quais,Grand (T4+),800.0,0,773.0,0,1355.0,0,263.0,1,638.0,0,255.0,2,864.0,0,891.0,0,468.0,1,47.0,8,1157.0,0,2023.0,0,1840.0,0,303.0,3,2508.0,0,,0,,0,,0,,0,,0
901,ParuVendu,545.0,18.0,30.28,Appartement,18 m2 3,69003,Lyon,45.75476186980933,4.871528782025981,https://www.paruvendu.fr/immobilier/location/appartement/1277533292A1KILHAP000,,,Part-Dieu / Villette,Studio/T1,1373.0,0,222.0,1,3579.0,0,1974.0,0,1977.0,0,1602.0,0,403.0,1,3107.0,0,1307.0,0,684.0,0,3390.0,0,4036.0,0,630.0,0,335.0,2,3339.0,0,,0,,0,,0,,0,,0
902,ParuVendu,1170.0,50.0,23.4,Appartement,50 m2 6,69006,Lyon,45.76652325581626,4.859287535169184,https://www.paruvendu.fr/immobilier/location/appartement/1274674751A1KILHAP000,,,Brotteaux / Foch,T2,810.0,0,517.0,0,2284.0,0,359.0,1,414.0,1,1005.0,0,1219.0,0,2182.0,0,444.0,1,185.0,5,2129.0,0,2527.0,0,992.0,0,287.0,3,2945.0,0,,0,,0,,0,,0,,0
903,ParuVendu,589.0,18.0,32.72,Appartement,18 m2 8,69008,Lyon,45.74306371116616,4.863127788813045,https://www.paruvendu.fr/immobilier/location/appartement/1268617259A1KILHAP000,,,Monplaisir / Bachut,Studio/T1,1954.0,0,654.0,0,3847.0,0,2720.0,0,3039.0,0,1991.0,0,1178.0,0,3089.0,0,615.0,0,264.0,1,3118.0,0,4546.0,0,1874.0,0,295.0,3,2062.0,0,,0,,0,,0,,0,,0
904,ParuVendu,1460.0,47.0,31.06,Appartement,47 m2 4,69004,Lyon,45.78319566078206,4.829431594221452,https://www.paruvendu.fr/immobilier/location/appartement/1288527432A1KILHAP000,,,Croix-Rousse Plateau,T2,1520.0,0,1962.0,0,674.0,0,2455.0,0,2080.0,0,629.0,0,654.0,0,2509.0,0,304.0,9,378.0,2,1745.0,0,699.0,0,3942.0,0,491.0,1,323.0,1,,0,,0,,0,,0,,0
905,ParuVendu,1429.0,47.0,30.4,Appartement,47 m2 9,69009,Lyon,45.78284251532886,4.810957340553449,https://www.paruvendu.fr/immobilier/location/appartement/1288527428A1KILHAP000,,,Vaise / Valmy,T2,2243.0,0,1000.0,0,1761.0,0,3351.0,0,2694.0,0,1596.0,0,1615.0,0,2969.0,0,773.0,0,572.0,0,2347.0,0,623.0,0,5083.0,0,631.0,0,1284.0,0,,0,,0,,0,,0,,0
906,ParuVendu,1460.0,47.0,31.06,Appartement,47 m2 3,69003,Lyon,45.74872392288756,4.861637548946177,https://www.paruvendu.fr/immobilier/location/appartement/1288523958A1KILHAP000,,,Part-Dieu / Villette,T2,1322.0,0,33.0,1,3318.0,0,2140.0,0,2401.0,0,1449.0,0,650.0,0,2632.0,0,978.0,0,513.0,0,2972.0,0,3968.0,0,1296.0,0,369.0,2,2319.0,0,,0,,0,,0,,0,,0
907,ParuVendu,875.0,45.0,19.44,Appartement,45 m2 1,69001,Lyon,45.767684680934806,4.822715763112848,https://www.paruvendu.fr/immobilier/location/appartement/1288402145A1KILHAP000,,,Terreaux / Hotel de Ville,T2,735.0,0,980.0,0,581.0,0,1663.0,0,906.0,0,1237.0,0,570.0,0,1079.0,0,1090.0,0,153.0,2,712.0,0,1187.0,0,3582.0,0,637.0,0,1492.0,0,,0,,0,,0,,0,,0
908,ParuVendu,925.0,43.0,21.51,Appartement,43 m2 8,69008,Lyon,45.73740103582675,4.85793950842946,https://www.paruvendu.fr/immobilier/location/appartement/1288548098A1KILHAP000,,,Monplaisir / Bachut,T2,2496.0,0,1316.0,0,4111.0,0,2851.0,0,2909.0,0,2355.0,0,1610.0,0,3264.0,0,403.0,3,519.0,0,2896.0,0,4891.0,0,1857.0,0,397.0,2,1474.0,0,,0,,0,,0,,0,,0
909,ParuVendu,750.0,25.0,30.0,Appartement,25 m2 9,69009,Lyon,45.79432326239126,4.81626375020618,https://www.paruvendu.fr/immobilier/location/appartement/1288547888A1KILHAP000,,,Vaise / Valmy,Studio/T1,3024.0,0,2340.0,0,2249.0,0,4040.0,0,3590.0,0,2151.0,0,2212.0,0,3940.0,0,1163.0,0,1881.0,0,3210.0,0,1783.0,0,5533.0,0,901.0,0,1734.0,0,,0,,0,,0,,0,,0
910,ParuVendu,715.0,30.0,23.83,Appartement,30 m2 3,69003,Lyon,45.747025709627096,4.884677959968617,https://www.paruvendu.fr/immobilier/location/appartement/1288537944A1KILHAP000,,,Montchat,Studio/T1,2681.0,0,1319.0,0,4884.0,0,3289.0,0,3261.0,0,922.0,0,1559.0,0,4332.0,0,608.0,0,195.0,1,4691.0,0,5370.0,0,1939.0,0,385.0,1,3772.0,0,,0,,0,,0,,0,,0
911,ParuVendu,550.0,25.0,22.0,Appartement,25 m2 5,69005,Lyon,45.751907899064385,4.7973782037793935,https://www.paruvendu.fr/immobilier/location/appartement/1288537912A1KILHAP000,,,Point du Jour / St Just,Studio/T1,3080.0,0,1815.0,0,3155.0,0,2482.0,0,2061.0,0,3291.0,0,1795.0,0,2889.0,0,468.0,1,958.0,0,2084.0,0,3259.0,0,3417.0,0,463.0,1,3765.0,0,,0,,0,,0,,0,,0
912,ParuVendu,390.0,15.0,26.0,Appartement,15 m2 6,69006,Lyon,45.76964497845987,4.8565253150061904,https://www.paruvendu.fr/immobilier/location/appartement/1288537906A1KILHAP000,,,Brotteaux / Foch,Studio/T1,1101.0,0,475.0,1,2057.0,0,81.0,1,202.0,2,718.0,0,1091.0,0,2117.0,0,39.0,1,218.0,4,1924.0,0,2187.0,0,1397.0,0,253.0,3,2585.0,0,,0,,0,,0,,0,,0
913,ParuVendu,883.0,45.0,19.62,Appartement,45 m2 7,69007,Lyon,45.740032899624396,4.848820862996651,https://www.paruvendu.fr/immobilier/location/appartement/1288537897A1KILHAP000,,,Guillotière / Jean Macé,T2,2253.0,0,1419.0,0,3518.0,0,2127.0,0,2183.0,0,1924.0,0,935.0,0,2630.0,0,322.0,5,614.0,0,2130.0,0,4348.0,0,1257.0,0,470.0,1,936.0,0,,0,,0,,0,,0,,0
914,ParuVendu,1070.0,68.0,15.74,Appartement,68 m2 7,69007,Lyon,45.74750695576098,4.848172280449103,https://www.paruvendu.fr/immobilier/location/appartement/1288537831A1KILHAP000,,,Guillotière / Jean Macé,T3,1474.0,0,788.0,0,2757.0,0,1607.0,0,2195.0,0,1092.0,0,1376.0,0,1913.0,0,617.0,0,224.0,4,1923.0,0,3554.0,0,1752.0,0,296.0,3,1565.0,0,,0,,0,,0,,0,,0
915,ParuVendu,1229.0,85.0,14.46,Appartement,85 m2 9,69009,Lyon,45.78717566208954,4.810023330888245,https://www.paruvendu.fr/immobilier/location/appartement/1288537821A1KILHAP000,,,Vaise / Valmy,Grand (T4+),2631.0,0,1442.0,0,2038.0,0,3727.0,0,3120.0,0,1888.0,0,1977.0,0,3415.0,0,901.0,0,962.0,0,2760.0,0,1079.0,0,5403.0,0,167.0,1,1515.0,0,,0,,0,,0,,0,,0
916,ParuVendu,440.0,15.0,29.33,Appartement,15 m2 5,69005,Lyon,45.765499756143456,4.8143611622750795,https://www.paruvendu.fr/immobilier/location/appartement/1288537793A1KILHAP000,,,Point du Jour / St Just,Studio/T1,1371.0,0,991.0,0,1270.0,0,1771.0,0,1480.0,0,1812.0,0,253.0,2,1497.0,0,498.0,1,625.0,0,1379.0,0,1427.0,0,3715.0,0,473.0,1,1966.0,0,,0,,0,,0,,0,,0
917,ParuVendu,650.0,15.0,43.33,Appartement,15 m2 3,69003,Lyon,45.745068063036726,4.874356597678431,https://www.paruvendu.fr/immobilier/location/appartement/1288537758A1KILHAP000,,,Part-Dieu / Villette,Studio/T1,2202.0,0,949.0,0,4337.0,0,3005.0,0,3042.0,0,1666.0,0,1094.0,0,3691.0,0,265.0,4,327.0,2,3962.0,0,4922.0,0,1708.0,0,203.0,1,2948.0,0,,0,,0,,0,,0,,0
918,ParuVendu,690.0,57.0,12.11,Appartement,57 m2 2,69002,Lyon,45.74596744846559,4.823476763122603,https://www.paruvendu.fr/immobilier/location/appartement/1288537747A1KILHAP000,,,Confluence,T3,2051.0,0,1111.0,0,2592.0,0,947.0,0,669.0,0,2013.0,0,1401.0,0,1782.0,0,972.0,0,305.0,2,142.0,1,3485.0,0,1469.0,0,11.0,2,1741.0,0,,0,,0,,0,,0,,0
919,ParuVendu,571.0,18.0,31.72,Appartement,18 m2 7,69007,Lyon,45.73884600675509,4.832522288644207,https://www.paruvendu.fr/immobilier/location/appartement/1288537070A1KILHAP000,,,Guillotière / Jean Macé,Studio/T1,2682.0,0,1564.0,0,3339.0,0,1644.0,0,932.0,0,2363.0,0,382.0,1,2433.0,0,1172.0,0,562.0,0,1172.0,0,4240.0,0,437.0,1,433.0,1,687.0,0,,0,,0,,0,,0,,0
920,ParuVendu,660.0,20.0,33.0,Appartement,20 m2 3,69003,Lyon,45.7606890244819,4.843015058765585,https://www.paruvendu.fr/immobilier/location/appartement/1288536983A1KILHAP000,,,Préfecture / Quais,Studio/T1,758.0,0,725.0,0,1354.0,0,352.0,1,712.0,0,314.0,2,935.0,0,823.0,0,394.0,2,104.0,9,1155.0,0,2058.0,0,1898.0,0,282.0,3,2542.0,0,,0,,0,,0,,0,,0
921,ParuVendu,500.0,13.0,38.46,Appartement,13 m2 2,69002,Lyon,45.75108204540084,4.827964275970578,https://www.paruvendu.fr/immobilier/location/appartement/1288537710A1KILHAP000,,,Ainay,Studio/T1,1395.0,0,620.0,0,1979.0,0,283.0,1,1328.0,0,1346.0,0,1643.0,0,1127.0,0,590.0,0,126.0,6,555.0,0,2882.0,0,1842.0,0,185.0,5,2006.0,0,,0,,0,,0,,0,,0
922,ParuVendu,998.0,45.0,22.18,Appartement,45 m2 9,69009,Lyon,45.7878193590604,4.8194220087317134,https://www.paruvendu.fr/immobilier/location/appartement/1288537799A1KILHAP000,,,Vaise / Valmy,T2,2267.0,0,1803.0,0,1524.0,0,3304.0,0,2827.0,0,1410.0,0,1480.0,0,3176.0,0,400.0,1,1295.0,0,2448.0,0,1098.0,0,4866.0,0,844.0,0,994.0,0,,0,,0,,0,,0,,0
923,ParuVendu,580.0,12.0,48.33,Appartement,12 m2 5,69005,Lyon,45.757580362368536,4.8035977376580945,https://www.paruvendu.fr/immobilier/location/appartement/1288537694A1KILHAP000,,,Point du Jour / St Just,Studio/T1,2384.0,0,1185.0,0,2401.0,0,2046.0,0,2198.0,0,2675.0,0,1014.0,0,2262.0,0,763.0,0,573.0,0,1918.0,0,2486.0,0,3450.0,0,479.0,1,3160.0,0,,0,,0,,0,,0,,0
924,ParuVendu,1095.0,70.0,15.64,Appartement,70 m2 7,69007,Lyon,45.72787678372827,4.826899108090291,https://www.paruvendu.fr/immobilier/location/appartement/1288537922A1KILHAP000,,,Gerland,T3,3936.0,0,2859.0,0,4560.0,0,2850.0,0,1461.0,0,3646.0,0,1362.0,0,3678.0,0,2459.0,0,345.0,3,2170.0,0,5462.0,0,985.0,0,264.0,1,1237.0,0,,0,,0,,0,,0,,0
925,ParuVendu,1500.0,71.0,21.13,Appartement,71 m2 2,69002,Lyon,45.750403318173895,4.822266674415433,https://www.paruvendu.fr/immobilier/location/appartement/1288537789A1KILHAP000,,,Ainay,T3,1657.0,0,632.0,0,2135.0,0,642.0,0,1098.0,0,1688.0,0,1573.0,0,1392.0,0,746.0,0,458.0,2,362.0,1,3017.0,0,1938.0,0,431.0,1,2175.0,0,,0,,0,,0,,0,,0
926,ParuVendu,1300.0,45.0,28.89,Appartement,Duplex/triplex 45 m2 2,69002,Lyon,45.752715023205326,4.826478027257847,https://www.paruvendu.fr/immobilier/location/duplex-triplex/1288537605A1KILHDU000,,,Ainay,T2,1271.0,0,405.0,1,1812.0,0,233.0,1,1397.0,0,1276.0,0,1530.0,0,1003.0,0,474.0,1,57.0,6,654.0,0,2711.0,0,2049.0,0,163.0,5,2220.0,0,,0,,0,,0,,0,,0
927,ParuVendu,1200.0,55.0,21.82,Appartement,55 m2 5,69005,Lyon,45.75548593489033,4.7978152127451485,https://www.paruvendu.fr/immobilier/location/appartement/1287262708A1KILHAP000,,,Point du Jour / St Just,T3,2887.0,0,1417.0,0,2906.0,0,2453.0,0,2296.0,0,3157.0,0,1513.0,0,2746.0,0,817.0,0,898.0,0,2186.0,0,2889.0,0,3623.0,0,63.0,1,3617.0,0,,0,,0,,0,,0,,0
928,ParuVendu,910.0,38.0,23.95,Appartement,38 m2 3,69003,Lyon,45.75098408942137,4.855434765246496,https://www.paruvendu.fr/immobilier/location/appartement/1287262739A1KILHAP000,,,Part-Dieu / Villette,T2,978.0,0,559.0,0,2797.0,0,1657.0,0,2032.0,0,930.0,0,917.0,0,2089.0,0,832.0,0,240.0,2,2521.0,0,3482.0,0,1340.0,0,209.0,2,2186.0,0,,0,,0,,0,,0,,0
929,ParuVendu,1195.0,31.0,38.55,Appartement,31 m2 8,69008,Lyon,45.739102776802895,4.863578231201009,https://www.paruvendu.fr/immobilier/location/appartement/1288537861A1KILHAP000,,,Monplaisir / Bachut,Studio/T1,2386.0,0,1095.0,0,4207.0,0,3102.0,0,3331.0,0,2375.0,0,1603.0,0,3411.0,0,635.0,0,192.0,2,3247.0,0,4935.0,0,2304.0,0,110.0,1,1942.0,0,,0,,0,,0,,0,,0
930,ParuVendu,650.0,31.0,20.97,Appartement,31 m2 2,69002,Lyon,45.756102958222954,4.834163585047011,https://www.paruvendu.fr/immobilier/location/appartement/1288537779A1KILHAP000,,,Bellecour / Cordeliers,Studio/T1,762.0,0,179.0,1,1451.0,0,479.0,1,916.0,0,620.0,0,1582.0,0,532.0,0,433.0,1,276.0,4,1290.0,0,2336.0,0,2335.0,0,119.0,3,2395.0,0,,0,,0,,0,,0,,0
931,ParuVendu,990.0,55.0,18.0,Appartement,55 m2 9,69009,Lyon,45.76612822526474,4.79092210325522,https://www.paruvendu.fr/immobilier/location/appartement/1288537756A1KILHAP000,,,Vaise / Valmy,T3,3189.0,0,796.0,0,3048.0,0,3293.0,0,3298.0,0,3292.0,0,1804.0,0,3274.0,0,619.0,0,958.0,0,3182.0,0,2347.0,0,4816.0,0,239.0,1,3251.0,0,,0,,0,,0,,0,,0
932,ParuVendu,1042.0,48.0,21.71,Appartement,48 m2 5,69005,Lyon,45.75367827243851,4.81627436814822,https://www.paruvendu.fr/immobilier/location/appartement/1288537509A1KILHAP000,,,Point du Jour / St Just,T2,1706.0,0,655.0,0,1994.0,0,1010.0,0,1439.0,0,1856.0,0,1082.0,0,1477.0,0,759.0,0,549.0,0,904.0,0,2738.0,0,2492.0,0,353.0,1,2751.0,0,,0,,0,,0,,0,,0
933,ParuVendu,2550.0,60.0,42.5,Appartement,60 m2 6,69006,Lyon,45.76870030642671,4.859654662768797,https://www.paruvendu.fr/immobilier/location/appartement/1288537512A1KILHAP000,,,Brotteaux / Foch,T3,1047.0,0,669.0,0,2298.0,0,268.0,1,179.0,1,969.0,0,1332.0,0,2292.0,0,287.0,1,59.0,4,2157.0,0,2452.0,0,1173.0,0,219.0,2,2848.0,0,,0,,0,,0,,0,,0
934,ParuVendu,1280.0,67.0,19.1,Appartement,67 m2 2,69002,Lyon,45.76224941553941,4.8367367318711345,https://www.paruvendu.fr/immobilier/location/appartement/1288537947A1KILHAP000,,,Bellecour / Cordeliers,T3,241.0,1,533.0,0,897.0,0,612.0,0,349.0,1,148.0,2,882.0,0,376.0,1,653.0,0,74.0,6,703.0,0,1708.0,0,2399.0,0,189.0,5,2183.0,0,,0,,0,,0,,0,,0
935,ParuVendu,620.0,25.0,24.8,Appartement,25 m2 2,69002,Lyon,45.75468138404518,4.82543520142892,https://www.paruvendu.fr/immobilier/location/appartement/1288537703A1KILHAP000,,,Ainay,Studio/T1,1125.0,0,176.0,3,1612.0,0,329.0,1,1236.0,0,1190.0,0,1312.0,0,863.0,0,243.0,1,141.0,7,842.0,0,2504.0,0,2281.0,0,78.0,4,2452.0,0,,0,,0,,0,,0,,0
936,ParuVendu,1086.0,63.0,17.24,Appartement,63 m2 3,69003,Lyon,45.74870802804865,4.891435339508478,https://www.paruvendu.fr/immobilier/location/appartement/t3-lyon-3/1269412486A1KILHAP000,,,Montchat,T3,3058.0,0,1729.0,0,5263.0,0,3539.0,0,3474.0,0,536.0,0,1967.0,0,4771.0,0,704.0,0,305.0,1,5074.0,0,5685.0,0,2225.0,0,395.0,1,4329.0,0,,0,,0,,0,,0,,0
937,ParuVendu,580.0,31.0,18.71,Appartement,31 m2 3,69003,Lyon,45.75977034656812,4.8605886281899915,https://www.paruvendu.fr/immobilier/location/appartement/1287757139A1KILHAP000,,,Part-Dieu / Villette,Studio/T1,406.0,1,552.0,0,2576.0,0,1075.0,0,1171.0,0,1044.0,0,845.0,0,2189.0,0,1181.0,0,80.0,4,2390.0,0,3025.0,0,531.0,0,489.0,1,3225.0,0,,0,,0,,0,,0,,0
938,Century 21,1200.0,74.74,16.06,Appartement,"3 pièce - F3 Bis 59 74,74 m2, s Ref : 2598",59000,Lille,50.6385769556477,3.0877097131486506,https://www.century21.fr/trouver_logement/detail/16283156361/,https://www.century21.fr/imagesBien/s3/202/3399/c21_202_3399_2598_8_081AE1F2-ED26-4C40-BB0E-8DB9CCDFABE1.jpg,2026-08-12,Lille / Non localisé,T3,,0,554226.0,0,553458.0,0,555567.0,0,555000.0,0,553448.0,0,552627.0,0,556081.0,0,,0,,0,554413.0,0,553138.0,0,552920.0,0,,0,554852.0,0,555296.0,0,555405.0,0,555633.0,0,556462.0,0,552962.0,0
939,Century 21,550.0,13.8,39.86,Maison,"1 pièce - Maison 59 13,80 m2, Ref : 920",59000,Lille,50.64244378953433,3.089085222436397,https://www.century21.fr/trouver_logement/detail/15801653367/,https://www.century21.fr/imagesBien/s3/202/3833/c21_202_3833_920_8_3714FA52-0197-4833-A176-8864E1E92BFA.jpg,2026-08-12,Lille / Non localisé,Grand (T4+),,0,554620.0,0,553851.0,0,555961.0,0,555394.0,0,553841.0,0,553020.0,0,556475.0,0,,0,,0,554807.0,0,553531.0,0,553313.0,0,,0,555247.0,0,555689.0,0,555798.0,0,556027.0,0,556855.0,0,553355.0,0
940,Century 21,550.0,14.2,38.73,Maison,"1 pièce - Maison 59 14,20 m2, Ref : 921",59000,Lille,50.63048247289383,3.076568139192205,https://www.century21.fr/trouver_logement/detail/15801654924/,https://www.century21.fr/imagesBien/s3/202/3833/c21_202_3833_921_8_17E79607-2CDE-4740-BA1E-47E7A68EC24F.jpg,2026-08-12,Lille / Non localisé,Grand (T4+),,0,553543.0,0,552778.0,0,554883.0,0,554316.0,0,552768.0,0,551948.0,0,555397.0,0,,0,,0,553730.0,0,552459.0,0,552241.0,0,,0,554168.0,0,554619.0,0,554725.0,0,554949.0,0,555781.0,0,552283.0,0
941,Century 21,1070.0,61.85,17.3,Appartement,"3 pièce - F3 59 61,85 m2, s Ref : 2548",59000,Lille,50.62468224655126,3.07313336436796,https://www.century21.fr/trouver_logement/detail/15743943082/,https://www.century21.fr/imagesBien/s3/202/3399/c21_202_3399_2548_8_8925F68B-56AB-4BF9-9E4C-23CD0224CEE2.jpg,2026-08-12,Lille / Non localisé,T3,,0,552977.0,0,552213.0,0,554316.0,0,553749.0,0,552203.0,0,551383.0,0,554831.0,0,,0,,0,553164.0,0,551893.0,0,551676.0,0,,0,553600.0,0,554055.0,0,554159.0,0,554382.0,0,555216.0,0,551718.0,0
942,Orpi,587.0,36.0,16.31,Appartement,2 pièce - s 36 m2 587 €par mois LOCATION,59000,Lille,50.62125750071707,3.0483514100014397,https://www.orpi.com/annonce-location-appartement-t2-lille-59800-04ce5f27-26d8-440b-98d6-3fbb3e256b3c/,https://cutjhqvjma.cloudimg.io/_prod_/sweepbright-s3/04ce5f27-26d8-440b-98d6-3fbb3e256b3c--49ae84cc-1aec-4e33-b6c4-07fdd7cc0747.jpg?p=estate-result-item&ci_url_encoded=1&ci_sign=405a12932a8293fd166b5878f39ed4250555ea02,2026-08-12,Lille / Non localisé,T2,,0,553038.0,0,552279.0,0,554374.0,0,553808.0,0,552269.0,0,551452.0,0,554890.0,0,,0,,0,553224.0,0,551960.0,0,551744.0,0,,0,553658.0,0,554125.0,0,554224.0,0,554441.0,0,555280.0,0,551785.0,0
943,Orpi,520.0,30.0,17.33,Appartement,1 pièce - 30 m2 520 €par mois LOCATION,59000,Lille,50.612899330679284,3.032518926874861,https://www.orpi.com/annonce-location-appartement-t1-lille-59000-1a37ddb5-f2a3-4faf-89e0-76fe1dd342c2/,https://cutjhqvjma.cloudimg.io/_prod_/sweepbright-s3/1a37ddb5-f2a3-4faf-89e0-76fe1dd342c2--1d14b1ea-95ea-40f2-8bc6-db6f6b5ee6cb.jpg?p=estate-result-item&ci_url_encoded=1&ci_sign=c21a7780a04aa757b4dc60897b58ac381ad7b356,2026-08-12,Lille / Non localisé,Studio/T1,,0,552416.0,0,551660.0,0,553750.0,0,553184.0,0,551651.0,0,550835.0,0,554266.0,0,,0,,0,552602.0,0,551342.0,0,551127.0,0,,0,553033.0,0,553510.0,0,553605.0,0,553817.0,0,554661.0,0,551168.0,0
944,Orpi,1276.0,108.0,11.81,Maison,3 pièce - Maison s 108 m2 1 276 €par mois LOCATION,59000,Lille,50.608583680690934,3.036554553657755,https://www.orpi.com/annonce-location-maison-t3-lille-59000-1712-120911-260/,https://cutjhqvjma.cloudimg.io/_prod_/sweepbright-s3/b712cea6-1950-45bf-8db5-f3275a38a687--86c42ca4-c47b-48e8-a7dd-c36ff7b98259.jpg?p=estate-result-item&ci_url_encoded=1&ci_sign=ff2dce8936096d044defd620ff87edc992ca5b69,2026-08-12,Lille / Non localisé,Grand (T4+),,0,551880.0,0,551124.0,0,553215.0,0,552649.0,0,551115.0,0,550298.0,0,553731.0,0,,0,,0,552066.0,0,550806.0,0,550590.0,0,,0,552497.0,0,552973.0,0,553069.0,0,553281.0,0,554124.0,0,550632.0,0
945,Orpi,494.0,27.0,18.3,Appartement,1 pièce - 27 m2 494 €par mois LOCATION,59000,Lille,50.65060497956054,3.0896224488825332,https://www.orpi.com/annonce-location-appartement-t1-lille-59000-61e7f1db-92fc-4edc-aa20-0a05da7253f0/,https://cutjhqvjma.cloudimg.io/_prod_/sweepbright-s3/61e7f1db-92fc-4edc-aa20-0a05da7253f0--ac4c6762-c0ca-4677-812e-e10b51fdeccc.jpg?p=estate-result-item&ci_url_encoded=1&ci_sign=af946472a39e014a38e6d8ae9528ab3f9e687eac,2026-08-12,Lille / Non localisé,Studio/T1,,0,555492.0,0,554722.0,0,556833.0,0,556266.0,0,554712.0,0,553890.0,0,557347.0,0,,0,,0,555679.0,0,554402.0,0,554183.0,0,,0,556119.0,0,556559.0,0,556669.0,0,556899.0,0,557726.0,0,554226.0,0
946,Orpi,927.0,64.0,14.48,Appartement,2 pièce - s 64 m2 927 €par mois LOCATION,59000,Lille,50.60997376298482,3.049649972735724,https://www.orpi.com/annonce-location-appartement-t2-lille-59000-2ca1b4b7-a89e-4907-99e5-adcba193a49a/,https://cutjhqvjma.cloudimg.io/_prod_/sweepbright-s3/2ca1b4b7-a89e-4907-99e5-adcba193a49a--182eb0cf-70ea-434d-9d42-8f1f38684da6.jpg?p=estate-result-item&ci_url_encoded=1&ci_sign=d14c3533a901e6908a7389a65f493d4e2928875a,2026-08-12,Lille / Non localisé,T2,,0,551800.0,0,551041.0,0,553136.0,0,552569.0,0,551031.0,0,550214.0,0,553651.0,0,,0,,0,551986.0,0,550722.0,0,550506.0,0,,0,552419.0,0,552888.0,0,552987.0,0,553202.0,0,554042.0,0,550548.0,0
947,Orpi,407.0,16.0,25.44,Appartement,1 pièce - 16 m2 407 €par mois LOCATION,59000,Lille,50.64426422886933,3.089293288943292,https://www.orpi.com/annonce-location-appartement-t1-lille-59800-4c6b37be-99cb-463c-85cb-353790f10e44/,https://cutjhqvjma.cloudimg.io/_prod_/sweepbright-s3/4c6b37be-99cb-463c-85cb-353790f10e44--3245d6e5-7184-4346-8100-43c653239f45.jpg?p=estate-result-item&ci_url_encoded=1&ci_sign=0e2d6994e250446554fbaea7e6864bde8e5ba00f,2026-08-12,Lille / Non localisé,Studio/T1,,0,554813.0,0,554044.0,0,556154.0,0,555587.0,0,554034.0,0,553212.0,0,556668.0,0,,0,,0,555000.0,0,553724.0,0,553505.0,0,,0,555440.0,0,555882.0,0,555991.0,0,556220.0,0,557048.0,0,553548.0,0
948,Orpi,400.0,13.0,30.77,Appartement,1 pièce - 13 m2 400 €par mois LOCATION,59000,Lille,50.62397555699948,3.0549651209280637,https://www.orpi.com/annonce-location-appartement-t1-lille-59000-e10ef7fb-36d4-46c8-b251-2a929965c617/,https://cutjhqvjma.cloudimg.io/_prod_/sweepbright-s3/e10ef7fb-36d4-46c8-b251-2a929965c617--e1931bc2-694d-4096-a438-23a6f9d7bfc9.jpg?p=estate-result-item&ci_url_encoded=1&ci_sign=eb91c460e262a3973d6d24dbc89b8d4ca9211e7a,2026-08-12,Lille / Non localisé,Studio/T1,,0,553215.0,0,552455.0,0,554553.0,0,553986.0,0,552445.0,0,551627.0,0,555068.0,0,,0,,0,553402.0,0,552136.0,0,551919.0,0,,0,553836.0,0,554300.0,0,554401.0,0,554619.0,0,555457.0,0,551961.0,0
949,Orpi,630.0,41.0,15.37,Appartement,1 pièce - 41 m2 630 €par mois LOCATION,59000,Lille,50.61421370094549,3.07577884681484,https://www.orpi.com/annonce-location-appartement-t1-lille-59000-61b93858-9799-481d-8bd3-80d544c523c7/,https://cutjhqvjma.cloudimg.io/_prod_/sweepbright-s3/61b93858-9799-481d-8bd3-80d544c523c7--79182a19-b954-4e04-ae10-5cd639863a0d.jpg?p=estate-result-item&ci_url_encoded=1&ci_sign=f6fa00636d4734d3af8cc9835b905b5575883c9a,2026-08-12,Lille / Non localisé,Studio/T1,,0,551803.0,0,551039.0,0,553142.0,0,552575.0,0,551029.0,0,550209.0,0,553656.0,0,,0,,0,551989.0,0,550719.0,0,550502.0,0,,0,552426.0,0,552881.0,0,552985.0,0,553208.0,0,554042.0,0,550544.0,0
950,Orpi,629.0,29.0,21.69,Appartement,2 pièce - s 29 m2 629 €par mois LOCATION,59000,Lille,50.61688314116197,3.05553412749502,https://www.orpi.com/annonce-location-appartement-t2-lille-59000-ecaf26ef-855c-47ca-8507-5d7a33838e25/,https://cutjhqvjma.cloudimg.io/_prod_/sweepbright-s3/ecaf26ef-855c-47ca-8507-5d7a33838e25--9ed39d67-a31c-488e-bea9-eb50d7dd7d48.jpg?p=estate-result-item&ci_url_encoded=1&ci_sign=de575d460fe6d2d871f4458c4a09c2b1bfa6e516,2026-08-12,Lille / Non localisé,T2,,0,552441.0,0,551681.0,0,553778.0,0,553212.0,0,551671.0,0,550853.0,0,554293.0,0,,0,,0,552628.0,0,551362.0,0,551146.0,0,,0,553062.0,0,553526.0,0,553627.0,0,553844.0,0,554683.0,0,551187.0,0
951,Orpi,450.0,28.0,16.07,Appartement,1 pièce - 28 m2 450 €par mois LOCATION,59000,Lille,50.626119622878036,3.082072384377922,https://www.orpi.com/annonce-location-appartement-t1-faches-thumesnil-59155-7823793c-e9e8-422c-92b3-173f93c2bd43/,https://cutjhqvjma.cloudimg.io/_prod_/sweepbright-s3/7823793c-e9e8-422c-92b3-173f93c2bd43--1044b3b3-4655-43f5-ac6a-f74acd63d49b.jpg?p=estate-result-item&ci_url_encoded=1&ci_sign=028f0e4206fd1a5795c2b93fc7d0c3716e1526c1,2026-08-12,Lille / Non localisé,Studio/T1,,0,552978.0,0,552212.0,0,554319.0,0,553751.0,0,552202.0,0,551382.0,0,554833.0,0,,0,,0,553165.0,0,551893.0,0,551675.0,0,,0,553603.0,0,554053.0,0,554159.0,0,554385.0,0,555216.0,0,551717.0,0
952,Orpi,1017.0,59.0,17.24,Appartement,3 pièce - s 59 m2 1 017 €par mois LOCATION,59000,Lille,50.618265231934416,3.0633657722536882,https://www.orpi.com/annonce-location-appartement-t3-loos-59120-e6969692-fc0d-4b36-a758-033499f5fdba/,https://cutjhqvjma.cloudimg.io/_prod_/sweepbright-s3/e6969692-fc0d-4b36-a758-033499f5fdba--091fce10-0a25-41e8-92b8-ee1771c14f43.jpg?p=estate-result-item&ci_url_encoded=1&ci_sign=1c715b20d09eb4f0813999b1b15d597907cd70e7,2026-08-12,Lille / Non localisé,T3,,0,552454.0,0,551692.0,0,553792.0,0,553225.0,0,551682.0,0,550864.0,0,554307.0,0,,0,,0,552641.0,0,551373.0,0,551156.0,0,,0,553076.0,0,553536.0,0,553638.0,0,553858.0,0,554694.0,0,551198.0,0
953,Orpi,550.0,14.0,39.29,Appartement,1 pièce - 14 m2 550 €par mois LOCATION,59000,Lille,50.627250958875415,3.0873120015591167,https://www.orpi.com/annonce-location-appartement-t1-loos-59120-7e180453-1bb1-4de3-b8c0-d46e12612100/,https://cutjhqvjma.cloudimg.io/_prod_/sweepbright-s3/7e180453-1bb1-4de3-b8c0-d46e12612100--851bb044-5c6c-421b-acdc-c10d05bef213.jpg?p=estate-result-item&ci_url_encoded=1&ci_sign=a7d64d861a724ff0e97b8e3fe08956df879a5147,2026-08-12,Lille / Non localisé,Studio/T1,,0,553011.0,0,552244.0,0,554352.0,0,553784.0,0,552234.0,0,551413.0,0,554865.0,0,,0,,0,553198.0,0,551924.0,0,551706.0,0,,0,553636.0,0,554083.0,0,554191.0,0,554417.0,0,555247.0,0,551748.0,0
954,Orpi,550.0,14.0,39.29,Maison,1 pièce - Maison 14 m2 550 €par mois LOCATION,59000,Lille,50.62155280276723,3.0896218878456816,https://www.orpi.com/annonce-location-maison-t1-loos-59120-08fae46e-7646-435c-909c-4af4f33288b3/,https://cutjhqvjma.cloudimg.io/_prod_/sweepbright-s3/08fae46e-7646-435c-909c-4af4f33288b3--1a133b87-8e94-4ba7-adcb-5160fe8333a9.jpg?p=estate-result-item&ci_url_encoded=1&ci_sign=f709af9a274e259eb6b450a4b970becaaf460732,2026-08-12,Lille / Non localisé,Grand (T4+),,0,552357.0,0,551590.0,0,553697.0,0,553130.0,0,551579.0,0,550759.0,0,554211.0,0,,0,,0,552544.0,0,551270.0,0,551052.0,0,,0,552982.0,0,553429.0,0,553536.0,0,553763.0,0,554593.0,0,551094.0,0
955,Orpi,1400.0,126.0,11.11,Maison,3 pièce - Maison s 126 m2 1 400 €par mois LOCATION,59000,Lille,50.61670538398588,3.0570584941200543,https://www.orpi.com/annonce-location-maison-t3-lambersart-59130-f7419438-65ee-4fd4-bac9-36d70e12b359/,https://cutjhqvjma.cloudimg.io/_prod_/sweepbright-s3/f7419438-65ee-4fd4-bac9-36d70e12b359--29d03afd-79ba-43d4-83d6-b7afe043639b.jpg?p=estate-result-item&ci_url_encoded=1&ci_sign=281a559329344245b5b9bd8de1504a229ffde154,2026-08-12,Lille / Non localisé,Grand (T4+),,0,552396.0,0,551635.0,0,553733.0,0,553166.0,0,551625.0,0,550807.0,0,554248.0,0,,0,,0,552582.0,0,551316.0,0,551100.0,0,,0,553016.0,0,553480.0,0,553581.0,0,553799.0,0,554637.0,0,551141.0,0
956,Orpi,630.0,50.0,12.6,Appartement,3 pièce - s 50 m2 630 €par mois LOCATION,59000,Lille,50.63054253528615,3.05009927626143,https://www.orpi.com/annonce-location-appartement-t3-wattignies-59139-8e53943c-23eb-4043-8c8f-897fa061af54/,https://cutjhqvjma.cloudimg.io/_prod_/sweepbright-s3/8e53943c-23eb-4043-8c8f-897fa061af54--8f5df96d-4136-430f-80dc-072f37111f27.jpg?p=estate-result-item&ci_url_encoded=1&ci_sign=9c595282fe37108e8e8905a4c5ebb5d48b6a6b67,2026-08-12,Lille / Non localisé,T3,,0,554008.0,0,553248.0,0,555345.0,0,554778.0,0,553238.0,0,552420.0,0,555860.0,0,,0,,0,554194.0,0,552929.0,0,552712.0,0,,0,554628.0,0,555093.0,0,555193.0,0,555411.0,0,556249.0,0,552754.0,0
957,Orpi,820.0,58.0,14.14,Appartement,3 pièce - s 58 m2 820 €par mois PRIX EN BAISSE LOCATION,59000,Lille,50.63694720331903,3.0386002800505616,https://www.orpi.com/annonce-location-appartement-t3-faches-thumesnil-59155-ec6346d0-2a55-4ce9-be13-2567b704f955/,https://cutjhqvjma.cloudimg.io/_prod_/sweepbright-s3/ec6346d0-2a55-4ce9-be13-2567b704f955--1292d147-ff31-48ad-8f02-a65128dbd84f.jpg?p=estate-result-item&ci_url_encoded=1&ci_sign=dd50b806cc9312032d706709b5cee31b536952b4,2026-08-12,Lille / Non localisé,T3,,0,554899.0,0,554140.0,0,556235.0,0,555668.0,0,554130.0,0,553313.0,0,556750.0,0,,0,,0,555085.0,0,553821.0,0,553605.0,0,,0,555518.0,0,555987.0,0,556085.0,0,556301.0,0,557141.0,0,553647.0,0
958,Orpi,541.0,31.0,17.45,Appartement,1 pièce - 31 m2 541 €par mois LOCATION,59000,Lille,50.632067734782304,3.0930229976085553,https://www.orpi.com/annonce-location-appartement-t1-mons-en-baroeul-59370-1348-120902-167/,https://cutjhqvjma.cloudimg.io/_prod_/sweepbright-s3/bac27fb1-8d3f-4371-8162-479bfafa5331--c7f9c609-1180-45a3-a437-f5747e960f05.jpg?p=estate-result-item&ci_url_encoded=1&ci_sign=15b0f460a275773210865fdb88c8f0f6b5f565c2,2026-08-12,Lille / Non localisé,Studio/T1,,0,553433.0,0,552665.0,0,554775.0,0,554207.0,0,552654.0,0,551833.0,0,555288.0,0,,0,,0,553620.0,0,552345.0,0,552126.0,0,,0,554060.0,0,554502.0,0,554612.0,0,554841.0,0,555669.0,0,552168.0,0
959,Orpi,2300.0,140.0,16.43,Maison,6 pièce - Maison s 140 m2 2 300 €par mois LOCATION,59000,Lille,50.616890748951825,3.091021679392993,https://www.orpi.com/annonce-location-maison-t6-la-madeleine-59110-75088fa0-2403-4f18-add8-973df7685f1c/,https://cutjhqvjma.cloudimg.io/_prod_/sweepbright-s3/75088fa0-2403-4f18-add8-973df7685f1c--c47f1b2c-3cfb-47d7-88d5-50d564b2f5f2.jpg?p=estate-result-item&ci_url_encoded=1&ci_sign=d38ffeb49b5a3c9fd16efd034250db7e11e43cbb,2026-08-12,Lille / Non localisé,Grand (T4+),,0,551830.0,0,551063.0,0,553171.0,0,552603.0,0,551053.0,0,550232.0,0,553684.0,0,,0,,0,552017.0,0,550743.0,0,550525.0,0,,0,552455.0,0,552902.0,0,553010.0,0,553236.0,0,554066.0,0,550567.0,0
960,Orpi,1175.0,52.0,22.6,Appartement,3 pièce - s 52 m2 1 175 €par mois PRIX EN BAISSE LOCATION,59000,Lille,50.62624352840923,3.0361617142022888,https://www.orpi.com/annonce-location-appartement-t3-mons-en-baroeul-59370-1ae72161-2a48-4ca8-a1ff-963e8b4c9d58/,https://cutjhqvjma.cloudimg.io/_prod_/sweepbright-s3/1ae72161-2a48-4ca8-a1ff-963e8b4c9d58--7cf10edc-fdda-4200-8040-a2a19209271f.jpg?p=estate-result-item&ci_url_encoded=1&ci_sign=c2bf1265cbbd0fd64c074e983c83de31a4ce3b1c,2026-08-12,Lille / Non localisé,T3,,0,553788.0,0,553031.0,0,555124.0,0,554558.0,0,553022.0,0,552205.0,0,555640.0,0,,0,,0,553975.0,0,552713.0,0,552497.0,0,,0,554407.0,0,554879.0,0,554976.0,0,555190.0,0,556032.0,0,552539.0,0
961,Orpi,750.0,45.0,16.67,Appartement,1 pièce - 45 m2 750 €par mois LOCATION,59000,Lille,50.629109040699525,3.0214440005613175,https://www.orpi.com/annonce-location-appartement-t1-mons-en-baroeul-59370-e877be2a-8f91-4215-8b9b-a4b78b41f7e7/,https://cutjhqvjma.cloudimg.io/_prod_/sweepbright-s3/e877be2a-8f91-4215-8b9b-a4b78b41f7e7--48965b96-1a27-410f-b0f9-1630b3648a4e.jpg?p=estate-result-item&ci_url_encoded=1&ci_sign=7ae6920e8b54f6ead6baa5429ac8d0b6ea6127aa,2026-08-12,Lille / Non localisé,Studio/T1,,0,554356.0,0,553602.0,0,555691.0,0,555125.0,0,553592.0,0,552777.0,0,556207.0,0,,0,,0,554542.0,0,553284.0,0,553069.0,0,,0,554973.0,0,555452.0,0,555547.0,0,555757.0,0,556602.0,0,553110.0,0
962,Orpi,760.0,41.0,18.54,Appartement,2 pièce - s 41 m2 760 €par mois LOCATION,59000,Lille,50.602423522564145,3.0494923851220292,https://www.orpi.com/annonce-location-appartement-t2-faches-thumesnil-59155-3c4fb648-514e-41a0-acf6-f38a2f8c3ce5/,https://cutjhqvjma.cloudimg.io/_prod_/sweepbright-s3/3c4fb648-514e-41a0-acf6-f38a2f8c3ce5--417b0290-393d-4a6a-bfcb-f1e04404c5e1.jpg?p=estate-result-item&ci_url_encoded=1&ci_sign=bf8136d2174a174ee9b546f8d881625434e64d9b,2026-08-12,Lille / Non localisé,T2,,0,550989.0,0,550231.0,0,552325.0,0,551759.0,0,550222.0,0,549405.0,0,552841.0,0,,0,,0,551175.0,0,549913.0,0,549697.0,0,,0,551608.0,0,552078.0,0,552177.0,0,552391.0,0,553232.0,0,549738.0,0
963,PAP,650.0,42.0,15.48,Appartement,2 pièce - 1 chambre - s 42 m²,59300,Lille,50.64809840851829,3.097968018894196,https://www.pap.fr/annonces/appartement-valenciennes-59300-r464402733,https://cdn.pap.fr/photos/pap/58/ad/58adef9ed703033e61eade372f4ca714/5-p2.webp,2026-08-12,Lille / Non localisé,T2,,0,555080.0,0,554309.0,0,556422.0,0,555854.0,0,554299.0,0,553476.0,0,556935.0,0,,0,,0,555267.0,0,553989.0,0,553769.0,0,,0,555708.0,0,556145.0,0,556256.0,0,556488.0,0,557314.0,0,553812.0,0
964,PAP,605.0,37.0,16.35,Appartement,2 pièce - 1 chambre - s 37 m²,59300,Lille,50.616993047656685,3.028798684049696,https://www.pap.fr/annonces/appartement-famars-59300-r464700706,https://cdn.pap.fr/photos/pap/5f/e6/5fe6c7d680bf1ced966b742cdc3d6dfb/5-p2.webp,2026-08-12,Lille / Non localisé,T2,,0,552922.0,0,552167.0,0,554257.0,0,553691.0,0,552158.0,0,551342.0,0,554773.0,0,,0,,0,553108.0,0,551849.0,0,551634.0,0,,0,553539.0,0,554017.0,0,554112.0,0,554323.0,0,555167.0,0,551675.0,0
965,PAP,555.0,30.0,18.5,Appartement,2 pièce - 1 chambre - s 30 m²,59300,Lille,50.6400387743966,3.0891552100509263,https://www.pap.fr/annonces/appartement-famars-59300-r464700101,https://cdn.pap.fr/photos/pap/53/93/5393264c3b33ec28f050d0e990a9be44/5-p2.webp,2026-08-12,Lille / Non localisé,T2,,0,554359.0,0,553591.0,0,555701.0,0,555133.0,0,553581.0,0,552759.0,0,556214.0,0,,0,,0,554546.0,0,553271.0,0,553052.0,0,,0,554986.0,0,555429.0,0,555538.0,0,555766.0,0,556595.0,0,553094.0,0
966,SeLoger,940.0,70.9,13.26,Appartement,"3 pièce - 2 chambre - s, s, 70,9 m², étage",59000,Lille,50.6317446551034,3.089608782257424,https://www.seloger.com/wl-cdp/26HLIM2M3DY3,,2026-08-12,Lille / Non localisé,T3,,0,553457.0,0,552689.0,0,554798.0,0,554230.0,0,552678.0,0,551857.0,0,555311.0,0,,0,,0,553644.0,0,552369.0,0,552150.0,0,,0,554083.0,0,554527.0,0,554636.0,0,554864.0,0,555693.0,0,552192.0,0
967,SeLoger,1720.0,108.0,15.93,Maison,"6 pièce - 5 chambre - Maison s, s, 108 m²",59000,Lille,50.63056009121154,3.080214873280334,https://www.seloger.com/annonce/location/hauts-de-france/nord-59/lille-59000/26E5UADXQYND,,2026-08-12,Lille / Non localisé,Grand (T4+),,0,553489.0,0,552723.0,0,554829.0,0,554262.0,0,552713.0,0,551893.0,0,555343.0,0,,0,,0,553676.0,0,552404.0,0,552186.0,0,,0,554114.0,0,554563.0,0,554670.0,0,554895.0,0,555727.0,0,552228.0,0
968,SeLoger,1100.0,68.0,16.18,Appartement,"3 pièce - 2 chambre - s, s, 68 m², étage",59130,Lille,50.65699904244531,3.030097160353277,https://www.seloger.com/annonce/location/hauts-de-france/nord-59/lambersart-59130/26DW1YPICMQH,,2026-08-12,Lambersart,T3,,0,557207.0,0,556449.0,0,558543.0,0,557977.0,0,556439.0,0,555622.0,0,559059.0,0,,0,,0,557393.0,0,556130.0,0,555914.0,0,,0,557826.0,0,558296.0,0,558394.0,0,558610.0,0,559450.0,0,555956.0,0
969,SeLoger,979.0,66.9,14.63,Appartement,"3 pièce - 2 chambre - s, s, 66,9 m², RDC",59000,Lille,50.64554839779857,3.0534087874153,https://www.seloger.com/annonce/location/hauts-de-france/nord-59/lille-59000/26HIGHTB9A1M,,2026-08-12,Lille / Non localisé,T3,,0,555567.0,0,554805.0,0,556905.0,0,556338.0,0,554796.0,0,553977.0,0,557420.0,0,,0,,0,555754.0,0,554486.0,0,554269.0,0,,0,556189.0,0,556649.0,0,556751.0,0,556971.0,0,557808.0,0,554311.0,0
970,SeLoger,899.0,45.0,19.98,Appartement,"2 pièce - 1 chambre - s, , 45 m²",59000,Lille,50.607079516662736,3.056660307370698,https://www.seloger.com/annonce/location/hauts-de-france/nord-59/lille-59000/26U5RZY3EW3F,,2026-08-12,Lille / Non localisé,T2,,0,551365.0,0,550606.0,0,552702.0,0,552136.0,0,550596.0,0,549778.0,0,553217.0,0,,0,,0,551552.0,0,550287.0,0,550071.0,0,,0,551985.0,0,552451.0,0,552551.0,0,552768.0,0,553607.0,0,550112.0,0
971,SeLoger,445.0,15.0,29.67,Studio,"1 pièce - Studio , 15 m², dès le 17/08/2026",59000,Lille,50.63444434289156,3.0957288084297265,https://www.seloger.com/annonce/location/hauts-de-france/nord-59/lille-59000/26AFD99MQ6FH,,2026-08-12,Lille / Non localisé,Studio/T1,,0,553644.0,0,552874.0,0,554986.0,0,554418.0,0,552864.0,0,552042.0,0,555499.0,0,,0,,0,553831.0,0,552554.0,0,552336.0,0,,0,554271.0,0,554712.0,0,554822.0,0,555051.0,0,555879.0,0,552378.0,0
972,SeLoger,520.0,15.0,34.67,Studio,"1 pièce - Studio , 15 m², étage, dès le 17/08/2026",59000,Lille,50.62986196112539,3.0182331627123538,https://www.seloger.com/annonce/location/hauts-de-france/nord-59/lille-59000/261JVVZ71A7C,,2026-08-12,Lille / Non localisé,Studio/T1,,0,554494.0,0,553740.0,0,555828.0,0,555262.0,0,553731.0,0,552916.0,0,556344.0,0,,0,,0,554680.0,0,553422.0,0,553207.0,0,,0,555110.0,0,555591.0,0,555685.0,0,555894.0,0,556740.0,0,553249.0,0
973,SeLoger,1264.0,84.0,15.05,Appartement,"2 pièce - 1 chambre - s, , 84 m²",59000,Lille,50.60892224764267,3.0378970053215104,https://www.seloger.com/annonce/location/hauts-de-france/nord-59/lille-59000/26EZFE5V2TFM,,2026-08-12,Lille / Non localisé,T2,,0,551893.0,0,551137.0,0,553228.0,0,552662.0,0,551127.0,0,550311.0,0,553744.0,0,,0,,0,552079.0,0,550818.0,0,550603.0,0,,0,552510.0,0,552985.0,0,553082.0,0,553294.0,0,554137.0,0,550644.0,0
974,SeLoger,720.0,19.0,37.89,Studio,"1 pièce - Studio - , 19 m²",59000,Lille,50.635462075701945,3.0542296314786106,https://www.seloger.com/annonce/location/hauts-de-france/nord-59/lille-59000/25HJMN7HERRZ,,2026-08-12,Lille / Non localisé,Studio/T1,,0,554466.0,0,553705.0,0,555804.0,0,555237.0,0,553695.0,0,552876.0,0,556319.0,0,,0,,0,554653.0,0,553386.0,0,553169.0,0,,0,555087.0,0,555549.0,0,555651.0,0,555870.0,0,556707.0,0,553211.0,0
975,SeLoger,550.0,18.0,30.56,Studio,"1 pièce - Studio - , 18 m²",59000,Lille,50.62790560886824,3.0330655165671807,https://www.seloger.com/annonces/locations/appartement/lille-59/vauban-esquermes/237114473.htm,,2026-08-12,Vauban-Esquermes,Studio/T1,,0,554022.0,0,553265.0,0,555357.0,0,554791.0,0,553256.0,0,552439.0,0,555873.0,0,,0,,0,554208.0,0,552947.0,0,552731.0,0,,0,554640.0,0,555113.0,0,555210.0,0,555423.0,0,556266.0,0,552773.0,0
976,SeLoger,510.0,15.0,34.0,Colocation,"1 pièce - Colocation , 15 m², étage, dès le 20/08/2026",59000,Lille,50.629408695871376,3.0626723836320933,https://www.seloger.com/annonce/location/hauts-de-france/nord-59/lille-59000/26T73Q193WLP,,2026-08-12,Lille / Non localisé,Studio/T1,,0,553667.0,0,552905.0,0,555006.0,0,554439.0,0,552895.0,0,552076.0,0,555520.0,0,,0,,0,553854.0,0,552585.0,0,552369.0,0,,0,554289.0,0,554748.0,0,554851.0,0,555072.0,0,555907.0,0,552410.0,0
977,SeLoger,475.0,15.0,31.67,Colocation,"1 pièce - Colocation , 15 m², dès le 20/08/2026",59000,Lille,50.62731400760189,3.0508475654792377,https://www.seloger.com/annonce/location/hauts-de-france/nord-59/lille-59000/266ZIUS7RT9Q,,2026-08-12,Lille / Non localisé,Studio/T1,,0,553647.0,0,552887.0,0,554984.0,0,554417.0,0,552877.0,0,552059.0,0,555499.0,0,,0,,0,553833.0,0,552568.0,0,552351.0,0,,0,554267.0,0,554732.0,0,554832.0,0,555050.0,0,555888.0,0,552393.0,0
978,SeLoger,586.0,17.0,34.47,Appartement,1 pièce - 17 m²,59650,Lille,50.589331138811225,3.0970970870503347,https://www.seloger.com/annonces/locations/appartement/villeneuve-d-ascq-59/252788015.htm,,2026-08-12,Villeneuve-d'Ascq,Studio/T1,,0,548753.0,0,547987.0,0,550093.0,0,549526.0,0,547977.0,0,547156.0,0,550607.0,0,,0,,0,548940.0,0,547667.0,0,547449.0,0,,0,549378.0,0,549827.0,0,549933.0,0,550159.0,0,550990.0,0,547491.0,0
979,SeLoger,515.0,15.0,34.33,Colocation,"1 pièce - Colocation , 15 m², dès le 20/08/2026",59000,Lille,50.620255276414966,3.085558945419574,https://www.seloger.com/annonce/location/hauts-de-france/nord-59/lille-59000/26JLRZB85D4M,,2026-08-12,Lille / Non localisé,Studio/T1,,0,552286.0,0,551520.0,0,553627.0,0,553059.0,0,551510.0,0,550689.0,0,554140.0,0,,0,,0,552473.0,0,551200.0,0,550982.0,0,,0,552911.0,0,553360.0,0,553467.0,0,553692.0,0,554523.0,0,551024.0,0
980,SeLoger,594.0,15.0,39.6,Colocation,"1 pièce - Colocation , 15 m², dès le 16/08/2026",59000,Lille,50.63621943212663,3.080712457070496,https://www.seloger.com/annonce/location/hauts-de-france/nord-59/lille-59000/26XC7ULH4F2E,,2026-08-12,Lille / Non localisé,Studio/T1,,0,554091.0,0,553325.0,0,555432.0,0,554864.0,0,553315.0,0,552494.0,0,555946.0,0,,0,,0,554278.0,0,553005.0,0,552787.0,0,,0,554716.0,0,555164.0,0,555271.0,0,555498.0,0,556328.0,0,552829.0,0
981,SeLoger,890.0,62.0,14.35,Maison,"3 pièce - 2 chambre - Maison s, s, 62 m²",59000,Lille,50.64224173098463,3.08407491982238,https://www.seloger.com/annonce/location/hauts-de-france/nord-59/lille-59000/26S8K2ACKC7P,,2026-08-12,Lille / Non localisé,Grand (T4+),,0,554683.0,0,553916.0,0,556024.0,0,555457.0,0,553906.0,0,553085.0,0,556538.0,0,,0,,0,554870.0,0,553596.0,0,553378.0,0,,0,555309.0,0,555754.0,0,555863.0,0,556090.0,0,556920.0,0,553420.0,0
982,SeLoger,1650.0,93.0,17.74,Appartement,"5 pièce - 4 chambre - s, s, 93 m²",59000,Lille,50.646652819308116,3.064412398582111,https://www.seloger.com/wl-cdp/26N7572EQXUC,,2026-08-12,Lille / Non localisé,Grand (T4+),,0,555496.0,0,554732.0,0,556836.0,0,556268.0,0,554722.0,0,553903.0,0,557350.0,0,,0,,0,555683.0,0,554413.0,0,554195.0,0,,0,556120.0,0,556574.0,0,556679.0,0,556901.0,0,557735.0,0,554237.0,0
983,SeLoger,1490.0,56.1,26.56,Appartement,"2 pièce - 1 chambre - s, , 56,1 m², RDC/2",59000,Lille,50.64715901393225,3.0543182338503474,https://www.seloger.com/annonces/locations/appartement/lille-59/vieux-lille/272279793.htm,,2026-08-12,Vieux-Lille,T2,,0,555725.0,0,554963.0,0,557063.0,0,556496.0,0,554953.0,0,554134.0,0,557578.0,0,,0,,0,555912.0,0,554644.0,0,554427.0,0,,0,556347.0,0,556806.0,0,556909.0,0,557129.0,0,557965.0,0,554469.0,0
984,SeLoger,450.0,15.0,30.0,Colocation,"1 pièce - Colocation , 15 m², étage, dès le 20/08/2026",59000,Lille,50.64000032267242,3.0573151168579416,https://www.seloger.com/annonce/location/hauts-de-france/nord-59/lille-59000/268ESR4N3GRC,,2026-08-12,Lille / Non localisé,Studio/T1,,0,554902.0,0,554139.0,0,556240.0,0,555673.0,0,554130.0,0,553311.0,0,556755.0,0,,0,,0,555088.0,0,553820.0,0,553603.0,0,,0,555524.0,0,555983.0,0,556085.0,0,556306.0,0,557142.0,0,553645.0,0
985,SeLoger,1940.0,141.4,13.72,Appartement,"5 pièce - 4 chambre - s, s, 141,4 m², étage",59000,Lille,50.617362685608576,3.0567096591534093,https://www.seloger.com/annonce/location/hauts-de-france/nord-59/lille-59000/26444AQ66JTF,,2026-08-12,Lille / Non localisé,Grand (T4+),,0,552472.0,0,551712.0,0,553810.0,0,553243.0,0,551702.0,0,550884.0,0,554325.0,0,,0,,0,552659.0,0,551393.0,0,551177.0,0,,0,553093.0,0,553557.0,0,553658.0,0,553876.0,0,554714.0,0,551218.0,0
986,SeLoger,1040.0,38.7,26.87,Colocation,"3 pièce - 2 chambre - Colocation s, s, 38,7 m², RDC",59000,Lille,50.643650874313145,3.0406230487044987,https://www.seloger.com/annonces/locations/appartement/lille-59/vauban-esquermes/262359059.htm,,2026-08-12,Vauban-Esquermes,T3,,0,555585.0,0,554826.0,0,556922.0,0,556355.0,0,554816.0,0,553999.0,0,557437.0,0,,0,,0,555772.0,0,554507.0,0,554291.0,0,,0,556205.0,0,556672.0,0,556771.0,0,556988.0,0,557827.0,0,554333.0,0
987,SeLoger,515.0,10.3,50.0,Appartement,"1 pièce - 10,3 m², Étage 3/3",59000,Lille,50.62341612854307,3.04138334418549,https://www.seloger.com/annonces/locations/appartement/lille-59/vauban-esquermes/266921697.htm,,2026-08-12,Vauban-Esquermes,Studio/T1,,0,553392.0,0,552634.0,0,554728.0,0,554162.0,0,552625.0,0,551808.0,0,555244.0,0,,0,,0,553578.0,0,552316.0,0,552100.0,0,,0,554011.0,0,554482.0,0,554580.0,0,554794.0,0,555635.0,0,552141.0,0
988,SeLoger,1450.0,82.9,17.49,Appartement,"3 pièce - 2 chambre - s, s, 82,9 m², étage",59000,Lille,50.62070839937015,3.0788145239748963,https://www.seloger.com/annonces/locations/appartement/lille-59/centre/268194889.htm,,2026-08-12,Lille-Centre,T3,,0,552451.0,0,551686.0,0,553790.0,0,553223.0,0,551676.0,0,550856.0,0,554305.0,0,,0,,0,552638.0,0,551366.0,0,551149.0,0,,0,553075.0,0,553527.0,0,553632.0,0,553856.0,0,554689.0,0,551191.0,0
989,SeLoger,1300.0,81.0,16.05,Appartement,"3 pièce - 2 chambre - s, s, 81 m², RDC/3",59000,Lille,50.64718890737099,3.0586482538282405,https://www.seloger.com/annonces/locations/appartement/lille-59/vieux-lille/266095381.htm,,2026-08-12,Vieux-Lille,T3,,0,555654.0,0,554890.0,0,556992.0,0,556425.0,0,554881.0,0,554061.0,0,557507.0,0,,0,,0,555840.0,0,554571.0,0,554354.0,0,,0,556276.0,0,556733.0,0,556837.0,0,557058.0,0,557893.0,0,554396.0,0
990,SeLoger,615.0,23.9,25.73,Appartement,"1 pièce - 23,9 m², Étage 3/5",59000,Lille,50.6255780298815,3.082729780042316,https://www.seloger.com/annonces/locations/appartement/lille-59/centre/265264507.htm,,2026-08-12,Lille-Centre,Studio/T1,,0,552909.0,0,552143.0,0,554249.0,0,553682.0,0,552133.0,0,551312.0,0,554763.0,0,,0,,0,553096.0,0,551823.0,0,551605.0,0,,0,553534.0,0,553983.0,0,554089.0,0,554315.0,0,555146.0,0,551647.0,0
991,SeLoger,955.0,62.4,15.3,Appartement,"3 pièce - 2 chambre - s, s, 62,4 m², Étage 2/5",59000,Lille,50.6215628398974,3.0276542207189103,https://www.seloger.com/annonce/location/hauts-de-france/nord-59/lille-59000/261236JQH2HB,,2026-08-12,Lille / Non localisé,T3,,0,553434.0,0,552679.0,0,554769.0,0,554203.0,0,552670.0,0,551854.0,0,555285.0,0,,0,,0,553620.0,0,552361.0,0,552146.0,0,,0,554051.0,0,554529.0,0,554624.0,0,554835.0,0,555679.0,0,552187.0,0
992,SeLoger,1162.0,83.0,14.0,Appartement,"4 pièce - 3 chambre - s, s, 83 m², Étage 3/4",59000,Lille,50.622611833348444,3.0948123895600808,https://www.seloger.com/annonce/location/hauts-de-france/nord-59/lille-59000/26YUTNYJ4QST,,2026-08-12,Lille / Non localisé,Grand (T4+),,0,552382.0,0,551614.0,0,553724.0,0,553156.0,0,551604.0,0,550783.0,0,554237.0,0,,0,,0,552569.0,0,551294.0,0,551076.0,0,,0,553009.0,0,553452.0,0,553561.0,0,553790.0,0,554618.0,0,551118.0,0
993,SeLoger,412.0,15.7,26.24,Appartement,"1 pièce - 15,7 m², RDC/2",59000,Lille,50.645956660282465,3.062080854428247,https://www.seloger.com/annonce/location/hauts-de-france/nord-59/lille-59000/26U5PRRE64QZ,,2026-08-12,Lille / Non localisé,Studio/T1,,0,555461.0,0,554698.0,0,556800.0,0,556233.0,0,554688.0,0,553868.0,0,557315.0,0,,0,,0,555648.0,0,554378.0,0,554161.0,0,,0,556084.0,0,556540.0,0,556644.0,0,556866.0,0,557700.0,0,554203.0,0
994,SeLoger,1135.0,87.1,13.03,Appartement,"4 pièce - 3 chambre - s, s, 87,1 m², étage",59000,Lille,50.618926627637045,3.0643653674484526,https://www.seloger.com/annonce/location/hauts-de-france/nord-59/lille-59000/26C7MCQZPSK7,,2026-08-12,Lille / Non localisé,Grand (T4+),,0,552508.0,0,551746.0,0,553846.0,0,553279.0,0,551736.0,0,550917.0,0,554361.0,0,,0,,0,552695.0,0,551427.0,0,551210.0,0,,0,553130.0,0,553590.0,0,553692.0,0,553912.0,0,554748.0,0,551252.0,0
995,SeLoger,830.0,39.9,20.8,Appartement,"1 pièce - 39,9 m², Étage 4/4",59000,Lille,50.63695473447564,3.05538639810541,https://www.seloger.com/annonces/locations/appartement/lille-59/centre/266899963.htm,,2026-08-12,Lille-Centre,Studio/T1,,0,554607.0,0,553845.0,0,555945.0,0,555378.0,0,553835.0,0,553017.0,0,556460.0,0,,0,,0,554793.0,0,553526.0,0,553309.0,0,,0,555228.0,0,555689.0,0,555791.0,0,556011.0,0,556847.0,0,553351.0,0
996,SeLoger,953.0,58.0,16.43,Appartement,"2 pièce - 1 chambre - s, , 58 m², étage",59000,Lille,50.63477565007379,3.0435264386511136,https://www.seloger.com/annonces/locations/appartement/lille-59/275611617.htm,,2026-08-12,Lille / Non localisé,T2,,0,554578.0,0,553819.0,0,555915.0,0,555349.0,0,553810.0,0,552992.0,0,556430.0,0,,0,,0,554765.0,0,553500.0,0,553284.0,0,,0,555198.0,0,555665.0,0,555765.0,0,555981.0,0,556821.0,0,553326.0,0
997,SeLoger,600.0,25.0,24.0,Studio,"1 pièce - Studio , 25 m²",59000,Lille,50.63968355401165,3.0539573215554014,https://www.seloger.com/annonce/location/hauts-de-france/nord-59/lille-59000/26FDJK3ASBSS,,2026-08-12,Lille / Non localisé,Studio/T1,,0,554926.0,0,554164.0,0,556264.0,0,555697.0,0,554154.0,0,553336.0,0,556778.0,0,,0,,0,555112.0,0,553845.0,0,553628.0,0,,0,555547.0,0,556008.0,0,556110.0,0,556330.0,0,557166.0,0,553670.0,0
998,SeLoger,575.0,35.0,16.43,Appartement,"2 pièce - 1 chambre - s, , 35 m²",59000,Lille,50.60322144277172,3.0474548969849176,https://www.seloger.com/wl-cdp/26Z9YKSMH3W3,,2026-08-12,Lille / Non localisé,T2,,0,551111.0,0,550353.0,0,552447.0,0,551880.0,0,550344.0,0,549527.0,0,552962.0,0,,0,,0,551297.0,0,550035.0,0,549819.0,0,,0,551729.0,0,552201.0,0,552298.0,0,552513.0,0,553354.0,0,549860.0,0
999,SeLoger,890.0,53.9,16.51,Appartement,"2 pièce - 1 chambre - s, , 53,9 m², Étage 1/1",59000,Lille,50.620692140356574,3.0926672416649175,https://www.seloger.com/annonce/location/hauts-de-france/nord-59/lille-59000/26TCYPY5Q34Z,,2026-08-12,Lille / Non localisé,T2,,0,552212.0,0,551444.0,0,553553.0,0,552985.0,0,551434.0,0,550613.0,0,554067.0,0,,0,,0,552399.0,0,551124.0,0,550906.0,0,,0,552838.0,0,553283.0,0,553391.0,0,553619.0,0,554448.0,0,550948.0,0
1000,SeLoger,655.0,40.0,16.38,Appartement,"1 pièce - 40 m², RDC, dès le 10/09/2026",59000,Lille,50.63674070613359,3.0233435895869674,https://www.seloger.com/wl-cdp/262DFGYU4FIR,,2026-08-12,Lille / Non localisé,Studio/T1,,0,555144.0,0,554389.0,0,556479.0,0,555913.0,0,554379.0,0,553563.0,0,556995.0,0,,0,,0,555330.0,0,554071.0,0,553855.0,0,,0,555762.0,0,556238.0,0,556334.0,0,556545.0,0,557389.0,0,553897.0,0
1001,SeLoger,614.0,26.0,23.62,Appartement,"1 pièce - 26 m², étage",59000,Lille,50.64595372534366,3.0484807305927655,https://www.seloger.com/annonce/location/hauts-de-france/nord-59/lille-59000/26SQIBTR1G33,,2026-08-12,Lille / Non localisé,Studio/T1,,0,555697.0,0,554936.0,0,557034.0,0,556467.0,0,554926.0,0,554107.0,0,557549.0,0,,0,,0,555883.0,0,554616.0,0,554400.0,0,,0,556318.0,0,556780.0,0,556881.0,0,557100.0,0,557937.0,0,554442.0,0
1002,SeLoger,780.0,33.0,23.64,Appartement,"2 pièce - 1 chambre - s, , 33 m², Étage 4/4",59000,Lille,50.63505450591503,3.0292503696412143,https://www.seloger.com/annonce/location/hauts-de-france/nord-59/lille-59000/26U86Y5VVPEU,,2026-08-12,Lille / Non localisé,T2,,0,554859.0,0,554102.0,0,556194.0,0,555628.0,0,554093.0,0,553276.0,0,556710.0,0,,0,,0,555045.0,0,553784.0,0,553568.0,0,,0,555477.0,0,555951.0,0,556047.0,0,556260.0,0,557103.0,0,553610.0,0
1003,SeLoger,1110.0,76.0,14.61,Colocation,"3 pièce - 2 chambre - Colocation s, s, 76 m², Étage 2/4",59000,Lille,50.622398359903116,3.048743842854943,https://www.seloger.com/annonce/location/hauts-de-france/nord-59/lille-59000/261GSYTTRL7M,,2026-08-12,Lille / Non localisé,T3,,0,553154.0,0,552395.0,0,554491.0,0,553924.0,0,552385.0,0,551567.0,0,555006.0,0,,0,,0,553340.0,0,552076.0,0,551860.0,0,,0,553774.0,0,554241.0,0,554340.0,0,554557.0,0,555396.0,0,551901.0,0
1004,SeLoger,690.0,28.2,24.47,Appartement,"1 pièce - 28,2 m², Étage 3/5, dès le 14/09/2026",59000,Lille,50.6349149407611,3.066263732758343,https://www.seloger.com/wl-cdp/26INPGVPVF78,,2026-08-12,Lille / Non localisé,Studio/T1,,0,554199.0,0,553435.0,0,555538.0,0,554971.0,0,553425.0,0,552606.0,0,556052.0,0,,0,,0,554385.0,0,553116.0,0,552899.0,0,,0,554822.0,0,555277.0,0,555381.0,0,555604.0,0,556438.0,0,552940.0,0
1005,SeLoger,875.0,51.6,16.96,Appartement,"3 pièce - 2 chambre - s, s, 51,6 m², étage",59000,Lille,50.6438129174517,3.0492395666026435,https://www.seloger.com/wl-cdp/26NSZKZ8JEJU,,2026-08-12,Lille / Non localisé,T3,,0,555453.0,0,554692.0,0,556790.0,0,556223.0,0,554682.0,0,553864.0,0,557305.0,0,,0,,0,555639.0,0,554373.0,0,554156.0,0,,0,556074.0,0,556536.0,0,556637.0,0,556856.0,0,557694.0,0,554198.0,0
1006,SeLoger,520.0,11.0,47.27,Colocation,"1 pièce - 1 chambre - Colocation , , 11 m², étage",59000,Lille,50.63065518052812,3.066845979070716,https://www.seloger.com/annonce/location/hauts-de-france/nord-59/lille-59000/26NMDPUNWA7N,,2026-08-12,Lille / Non localisé,Studio/T1,,0,553729.0,0,552966.0,0,555068.0,0,554501.0,0,552956.0,0,552137.0,0,555583.0,0,,0,,0,553916.0,0,552647.0,0,552429.0,0,,0,554352.0,0,554808.0,0,554912.0,0,555134.0,0,555969.0,0,552471.0,0
1007,SeLoger,670.0,20.0,33.5,Maison,"9 pièce - 1 chambre - Maison s, , 20 m², dès le 17/08/2026",59000,Lille,50.63741926069128,3.0515085688070536,https://www.seloger.com/wl-cdp/266U1X62EAA5,,2026-08-12,Lille / Non localisé,Grand (T4+),,0,554724.0,0,553963.0,0,556062.0,0,555495.0,0,553953.0,0,553135.0,0,556577.0,0,,0,,0,554911.0,0,553644.0,0,553428.0,0,,0,555345.0,0,555808.0,0,555909.0,0,556128.0,0,556965.0,0,553469.0,0
1008,SeLoger,1650.0,70.5,23.4,Appartement,"4 pièce - 3 chambre - s, s, 70,5 m², Étage 1/5",59000,Lille,50.60722542586079,3.0385661361497442,https://www.seloger.com/annonce/location/hauts-de-france/nord-59/lille-59000/25DHI1HSMZZN,,2026-08-12,Lille / Non localisé,Grand (T4+),,0,551698.0,0,550942.0,0,553033.0,0,552467.0,0,550933.0,0,550116.0,0,553549.0,0,,0,,0,551884.0,0,550624.0,0,550408.0,0,,0,552316.0,0,552791.0,0,552887.0,0,553099.0,0,553942.0,0,550450.0,0
1009,SeLoger,755.0,38.0,19.87,Colocation,"2 pièce - 1 chambre - Colocation s, , 38 m², Étage 1/2",59000,Lille,50.62894215584164,3.0809508477466063,https://www.seloger.com/annonces/locations/appartement/lille-59/wazemmes/2611SB13DXHE.htm,,2026-08-12,Lille / Non localisé,T2,,0,553302.0,0,552536.0,0,554642.0,0,554075.0,0,552526.0,0,551706.0,0,555156.0,0,,0,,0,553489.0,0,552216.0,0,551999.0,0,,0,553927.0,0,554376.0,0,554483.0,0,554708.0,0,555539.0,0,552041.0,0
1010,SeLoger,989.0,54.0,18.31,Appartement,"3 pièce - 2 chambre - s, s, 54 m², étage",59000,Lille,50.63246940706998,3.0505452995394235,https://www.seloger.com/annonce/location/hauts-de-france/nord-59/lille-59000/26JX41KG7CFM,,2026-08-12,Lille / Non localisé,T3,,0,554208.0,0,553447.0,0,555545.0,0,554978.0,0,553437.0,0,552619.0,0,556060.0,0,,0,,0,554394.0,0,553128.0,0,552912.0,0,,0,554828.0,0,555292.0,0,555393.0,0,555611.0,0,556449.0,0,552953.0,0
1011,SeLoger,600.0,15.0,40.0,Appartement,"1 pièce - 15 m², étage",59000,Lille,50.6154955199106,3.0396269261984297,https://www.seloger.com/annonce/location/hauts-de-france/nord-59/lille-59000/26V7SI6V2ZTL,,2026-08-12,Lille / Non localisé,Studio/T1,,0,552570.0,0,551813.0,0,553906.0,0,553339.0,0,551804.0,0,550987.0,0,554421.0,0,,0,,0,552756.0,0,551495.0,0,551279.0,0,,0,553188.0,0,553661.0,0,553758.0,0,553972.0,0,554814.0,0,551320.0,0
1012,SeLoger,550.0,50.0,11.0,Colocation,"2 pièce - 2 chambre - Colocation s, s, 50 m², étage",59000,Lille,50.62629504403302,3.091166452521513,https://www.seloger.com/annonce/location/hauts-de-france/nord-59/lille-59000/26ISGSY8RPN5,,2026-08-12,Lille / Non localisé,T2,,0,552842.0,0,552074.0,0,554183.0,0,553615.0,0,552064.0,0,551243.0,0,554697.0,0,,0,,0,553029.0,0,551754.0,0,551536.0,0,,0,553468.0,0,553913.0,0,554021.0,0,554249.0,0,555078.0,0,551578.0,0
1013,SeLoger,520.0,59.0,8.81,Colocation,"3 pièce - 2 chambre - Colocation s, s, 59 m², étage",59000,Lille,50.625904662375255,3.0951648114845596,https://www.seloger.com/annonce/location/hauts-de-france/nord-59/lambersart-59130/26IJFJ32KV4C,,2026-08-12,Lille / Non localisé,T3,,0,552732.0,0,551963.0,0,554073.0,0,553505.0,0,551953.0,0,551132.0,0,554587.0,0,,0,,0,552919.0,0,551643.0,0,551425.0,0,,0,553358.0,0,553801.0,0,553910.0,0,554139.0,0,554967.0,0,551467.0,0
1014,SeLoger,720.0,27.0,26.67,Appartement,"1 pièce - 27 m², Étage 2/3, dès le 16/08/2026",59000,Lille,50.61883518332467,3.0905294502945937,https://www.seloger.com/annonce/location/hauts-de-france/nord-59/lille-59000/26VP8R4PYG7Y,,2026-08-12,Lille / Non localisé,Studio/T1,,0,552048.0,0,551281.0,0,553389.0,0,552821.0,0,551271.0,0,550450.0,0,553902.0,0,,0,,0,552235.0,0,550961.0,0,550743.0,0,,0,552673.0,0,553120.0,0,553228.0,0,553455.0,0,554285.0,0,550785.0,0
1015,SeLoger,923.0,64.0,14.42,Appartement,"3 pièce - 2 chambre - s, s, 64 m², Étage 2/2",59000,Lille,50.604493368890765,3.047095485701203,https://www.seloger.com/wl-cdp/265HUT8L11HZ,,2026-08-12,Lille / Non localisé,T3,,0,551254.0,0,550497.0,0,552590.0,0,552023.0,0,550487.0,0,549670.0,0,553105.0,0,,0,,0,551440.0,0,550178.0,0,549962.0,0,,0,551873.0,0,552344.0,0,552442.0,0,552656.0,0,553497.0,0,550004.0,0
1016,SeLoger,1058.0,73.0,14.49,Appartement,"3 pièce - 2 chambre - s, s, 73 m², Étage 6/6",59000,Lille,45.79821479566851,4.842731424886662,https://www.seloger.com/annonces/locations/appartement/lille-59/lille-sud/273461147.htm,,2026-08-12,Lille-Sud,T3,,0,1681.0,0,953.0,0,2384.0,0,2641.0,0,903.0,0,822.0,0,3016.0,0,,0,,0,2238.0,0,917.0,0,824.0,0,,0,2425.0,0,1687.0,0,2126.0,0,2526.0,0,3044.0,0,838.0,0
1017,SeLoger,846.0,44.0,19.23,Appartement,"2 pièce - 1 chambre - s, , 44 m², étage",59000,Lille,50.64092508873769,3.091038770825673,https://www.seloger.com/annonce/location/hauts-de-france/nord-59/lille-59000/26CHCMDEN3PR,,2026-08-12,Lille / Non localisé,T2,,0,554423.0,0,553654.0,0,555764.0,0,555197.0,0,553644.0,0,552822.0,0,556278.0,0,,0,,0,554610.0,0,553334.0,0,553115.0,0,,0,555050.0,0,555491.0,0,555601.0,0,555830.0,0,556658.0,0,553158.0,0
1018,SeLoger,869.0,51.0,17.04,Appartement,"2 pièce - 1 chambre - s, , 51 m², Étage 4/7",59000,Lille,50.6367512652708,3.0976626926262614,https://www.seloger.com/annonce/location/hauts-de-france/nord-59/lille-59000/26KMX1ACRM78,,2026-08-12,Lille / Non localisé,T2,,0,553860.0,0,553090.0,0,555202.0,0,554634.0,0,553080.0,0,552258.0,0,555715.0,0,,0,,0,554047.0,0,552770.0,0,552551.0,0,,0,554487.0,0,554927.0,0,555037.0,0,555268.0,0,556095.0,0,552593.0,0
1019,SeLoger,630.0,19.0,33.16,Appartement,"1 pièce - 19 m², RDC/2, dès le 24/08/2026",59000,Lille,50.62948912356822,3.0860103246712844,https://www.seloger.com/annonce/location/hauts-de-france/nord-59/lille-59000/261GUYWEWMIJ,,2026-08-12,Lille / Non localisé,Studio/T1,,0,553275.0,0,552508.0,0,554615.0,0,554048.0,0,552497.0,0,551677.0,0,555129.0,0,,0,,0,553462.0,0,552188.0,0,551970.0,0,,0,553900.0,0,554347.0,0,554454.0,0,554681.0,0,555511.0,0,552012.0,0
1020,SeLoger,705.0,24.5,28.78,Appartement,"2 pièce - 1 chambre - s, , 24,5 m², étage",59000,Lille,50.612155214504725,3.0273828060828416,https://www.seloger.com/annonce/location/hauts-de-france/nord-59/lille-59000/26LWVFDNSWIU,,2026-08-12,Lille / Non localisé,T2,,0,552426.0,0,551672.0,0,553761.0,0,553195.0,0,551663.0,0,550847.0,0,554277.0,0,,0,,0,552612.0,0,551354.0,0,551139.0,0,,0,553043.0,0,553522.0,0,553617.0,0,553827.0,0,554672.0,0,551180.0,0
1021,SeLoger,1252.0,96.9,12.92,Appartement,"4 pièce - 3 chambre - Duplex s, s, 96,9 m², Étage 1/5",59000,Lille,50.63203848734646,3.0190919671376806,https://www.seloger.com/annonce/location/hauts-de-france/nord-59/lille-59000/26AC6BVB19NI,,2026-08-12,Lille / Non localisé,Grand (T4+),,0,554713.0,0,553959.0,0,556047.0,0,555481.0,0,553950.0,0,553134.0,0,556564.0,0,,0,,0,554899.0,0,553641.0,0,553426.0,0,,0,555330.0,0,555809.0,0,555904.0,0,556114.0,0,556959.0,0,553467.0,0
1022,SeLoger,363.0,15.0,24.2,Appartement,"1 pièce - 15 m², étage",59000,Lille,50.64609822842458,3.0489690536317062,https://www.seloger.com/annonce/location/hauts-de-france/nord-59/lille-59000/26MUAFWNRUGQ,,2026-08-12,Lille / Non localisé,Studio/T1,,0,555704.0,0,554943.0,0,557041.0,0,556474.0,0,554933.0,0,554114.0,0,557556.0,0,,0,,0,555890.0,0,554623.0,0,554407.0,0,,0,556325.0,0,556787.0,0,556888.0,0,557107.0,0,557944.0,0,554449.0,0
1023,SeLoger,1230.0,83.7,14.7,Colocation,"3 pièce - 1 chambre - Colocation s, , 83,7 m², RDC",59000,Lille,50.633278579972064,3.041620290682977,https://www.seloger.com/annonces/locations/appartement/lille-59/vauban-esquermes/275507559.htm,,2026-08-12,Vauban-Esquermes,T3,,0,554451.0,0,553692.0,0,555787.0,0,555220.0,0,553682.0,0,552865.0,0,556302.0,0,,0,,0,554637.0,0,553373.0,0,553157.0,0,,0,555070.0,0,555538.0,0,555637.0,0,555853.0,0,556693.0,0,553199.0,0
1024,SeLoger,965.0,40.0,24.12,Appartement,"2 pièce - 1 chambre - s, , 40 m², RDC",59000,Lille,50.6182552532112,3.0243179900000485,https://www.seloger.com/annonce/location/hauts-de-france/nord-59/lille-59000/26U11HX6G3H1,,2026-08-12,Lille / Non localisé,T2,,0,553137.0,0,552383.0,0,554471.0,0,553905.0,0,552374.0,0,551558.0,0,554987.0,0,,0,,0,553323.0,0,552065.0,0,551850.0,0,,0,553754.0,0,554233.0,0,554328.0,0,554538.0,0,555383.0,0,551891.0,0
1025,SeLoger,860.0,49.8,17.27,Appartement,"2 pièce - 1 chambre - s, , 49,8 m², Étage 1/1",59000,Lille,50.6441553474771,3.0626406611012023,https://www.seloger.com/annonce/location/hauts-de-france/nord-59/lille-59000/2657PZAEMV25,,2026-08-12,Lille / Non localisé,T2,,0,555258.0,0,554494.0,0,556597.0,0,556029.0,0,554484.0,0,553665.0,0,557111.0,0,,0,,0,555444.0,0,554175.0,0,553957.0,0,,0,555881.0,0,556336.0,0,556440.0,0,556662.0,0,557497.0,0,553999.0,0
1026,SeLoger,900.0,51.4,17.51,Appartement,"2 pièce - 1 chambre - s, , 51,4 m², étage",59000,Lille,50.639139738353386,3.0560377760218134,https://www.seloger.com/annonces/locations/appartement/lille-59/275832153.htm,,2026-08-12,Lille / Non localisé,T2,,0,554831.0,0,554069.0,0,556169.0,0,555602.0,0,554059.0,0,553240.0,0,556684.0,0,,0,,0,555018.0,0,553750.0,0,553533.0,0,,0,555453.0,0,555913.0,0,556015.0,0,556235.0,0,557071.0,0,553575.0,0
1027,SeLoger,710.0,35.9,19.78,Appartement,"1 pièce - 1 chambre - 35,9 m², RDC",59000,Lille,50.63686919410193,3.0848389273947006,https://www.seloger.com/annonce/location/hauts-de-france/nord-59/lille-59000/263DDC3URQL4,,2026-08-12,Lille / Non localisé,Studio/T1,,0,554091.0,0,553323.0,0,555432.0,0,554864.0,0,553313.0,0,552492.0,0,555945.0,0,,0,,0,554278.0,0,553004.0,0,552785.0,0,,0,554716.0,0,555162.0,0,555270.0,0,555498.0,0,556327.0,0,552827.0,0
1028,SeLoger,528.0,15.0,35.2,Colocation,"1 pièce - Colocation , 15 m², dès le 09/09/2026",59000,Lille,50.61010948673941,3.0301429487058495,https://www.seloger.com/wl-cdp/261BYJ351A5E,,2026-08-12,Lille / Non localisé,Studio/T1,,0,552157.0,0,551403.0,0,553492.0,0,552926.0,0,551393.0,0,550578.0,0,554008.0,0,,0,,0,552343.0,0,551084.0,0,550869.0,0,,0,552774.0,0,553253.0,0,553347.0,0,553558.0,0,554403.0,0,550911.0,0
1029,SeLoger,680.0,33.0,20.61,Appartement,"1 pièce - 33 m², 8 étages",59000,Lille,50.640785585704045,3.044936017500677,https://www.seloger.com/annonce/location/hauts-de-france/nord-59/lille-59000/26PVM75DVBT3,,2026-08-12,Lille / Non localisé,Studio/T1,,0,555201.0,0,554441.0,0,556538.0,0,555972.0,0,554432.0,0,553614.0,0,557054.0,0,,0,,0,555388.0,0,554122.0,0,553906.0,0,,0,555822.0,0,556287.0,0,556387.0,0,556604.0,0,557443.0,0,553948.0,0
1030,SeLoger,895.0,46.0,19.46,Appartement,"2 pièce - 1 chambre - Duplex s, , 46 m², Étage 2/3",59000,Lille,50.6484789863307,3.094837539946802,https://www.seloger.com/annonce/location/hauts-de-france/nord-59/lille-59000/26FU6I66ATZM,,2026-08-12,Lille / Non localisé,T2,,0,555174.0,0,554403.0,0,556516.0,0,555948.0,0,554393.0,0,553571.0,0,557029.0,0,,0,,0,555361.0,0,554083.0,0,553864.0,0,,0,555801.0,0,556240.0,0,556351.0,0,556582.0,0,557408.0,0,553907.0,0
1031,SeLoger,1950.0,132.0,14.77,Appartement,"4 pièce - 3 chambre - Loft s, s, 132 m²",59000,Lille,50.63660241538696,3.03865278294323,https://www.seloger.com/annonce/location/hauts-de-france/nord-59/lille-59000/263H8EL4EI6B,,2026-08-12,Lille / Non localisé,Grand (T4+),,0,554860.0,0,554102.0,0,556197.0,0,555630.0,0,554092.0,0,553275.0,0,556712.0,0,,0,,0,555047.0,0,553783.0,0,553567.0,0,,0,555480.0,0,555949.0,0,556047.0,0,556263.0,0,557103.0,0,553609.0,0
1032,SeLoger,580.0,10.0,58.0,Colocation,"1 pièce - 7 chambre - Colocation , s, 10 m², dès le 15/08/2026",59000,Lille,50.63088148263655,3.043206305652694,https://www.seloger.com/annonce/location/hauts-de-france/nord-59/lille-59000/26RRPDIYDIR7,,2026-08-12,Lille / Non localisé,Studio/T1,,0,554165.0,0,553406.0,0,555501.0,0,554934.0,0,553396.0,0,552579.0,0,556016.0,0,,0,,0,554351.0,0,553087.0,0,552871.0,0,,0,554784.0,0,555252.0,0,555351.0,0,555567.0,0,556407.0,0,552912.0,0
1033,SeLoger,697.0,28.0,24.89,Studio,"1 pièce - Studio - , 28 m², étage",59000,Lille,50.64731330657584,3.065947492602409,https://www.seloger.com/annonce/location/hauts-de-france/nord-59/lille-59000/265EK26VSX7Z,,2026-08-12,Lille / Non localisé,Studio/T1,,0,555541.0,0,554777.0,0,556881.0,0,556313.0,0,554767.0,0,553947.0,0,557395.0,0,,0,,0,555728.0,0,554457.0,0,554240.0,0,,0,556165.0,0,556618.0,0,556723.0,0,556946.0,0,557779.0,0,554282.0,0
1034,SeLoger,574.0,15.0,38.27,Studio,"1 pièce - Studio , 15 m², étage, dès le 16/09/2026",59000,Lille,50.636823983945206,3.053126367535435,https://www.seloger.com/annonce/location/hauts-de-france/nord-59/lille-59000/26NX61EE95PR,,2026-08-12,Lille / Non localisé,Studio/T1,,0,554632.0,0,553871.0,0,555970.0,0,555403.0,0,553861.0,0,553043.0,0,556485.0,0,,0,,0,554818.0,0,553552.0,0,553335.0,0,,0,555253.0,0,555715.0,0,555817.0,0,556036.0,0,556873.0,0,553377.0,0
1035,SeLoger,1720.0,108.0,15.93,Appartement,"5 pièce - 5 chambre - s, s, 108 m², dès le 17/08/2026",59000,Lille,50.636157877059986,3.0602289188438694,https://www.seloger.com/annonce/location/hauts-de-france/nord-59/lille-59000/26LNAUYIBLQC,,2026-08-12,Lille / Non localisé,Grand (T4+),,0,554437.0,0,553675.0,0,555775.0,0,555208.0,0,553665.0,0,552846.0,0,556290.0,0,,0,,0,554624.0,0,553355.0,0,553138.0,0,,0,555059.0,0,555518.0,0,555621.0,0,555841.0,0,556677.0,0,553180.0,0
1036,SeLoger,525.0,15.0,35.0,Studio,"1 pièce - Studio , 15 m², étage, dès le 17/08/2026",59000,Lille,50.64615603684543,3.0589127881448968,https://www.seloger.com/annonce/location/hauts-de-france/nord-59/lille-59000/26U48244YB15,,2026-08-12,Lille / Non localisé,Studio/T1,,0,555538.0,0,554775.0,0,556876.0,0,556309.0,0,554765.0,0,553945.0,0,557391.0,0,,0,,0,555724.0,0,554455.0,0,554238.0,0,,0,556160.0,0,556617.0,0,556721.0,0,556942.0,0,557777.0,0,554280.0,0
1037,SeLoger,533.0,15.0,35.53,Studio,"1 pièce - Studio , 15 m², étage, dès le 17/08/2026",59000,Lille,50.61758747563892,3.076531201352263,https://www.seloger.com/annonce/location/hauts-de-france/nord-59/lille-59000/26SVNMHPTABL,,2026-08-12,Lille / Non localisé,Studio/T1,,0,552154.0,0,551389.0,0,553493.0,0,552926.0,0,551379.0,0,550560.0,0,554007.0,0,,0,,0,552340.0,0,551070.0,0,550852.0,0,,0,552777.0,0,553231.0,0,553336.0,0,553559.0,0,554392.0,0,550894.0,0
1038,SeLoger,565.0,15.0,37.67,Studio,"1 pièce - Studio , 15 m², étage, dès le 17/08/2026",59000,Lille,50.628109023647646,3.0551335995930597,https://www.seloger.com/annonce/location/hauts-de-france/nord-59/lille-59000/267EASQYNTCK,,2026-08-12,Lille / Non localisé,Studio/T1,,0,553658.0,0,552897.0,0,554995.0,0,554429.0,0,552887.0,0,552069.0,0,555510.0,0,,0,,0,553844.0,0,552578.0,0,552361.0,0,,0,554279.0,0,554741.0,0,554843.0,0,555062.0,0,555899.0,0,552403.0,0
1039,SeLoger,486.0,15.0,32.4,Studio,"1 pièce - Studio , 15 m², étage, dès le 17/08/2026",59000,Lille,50.63500310600206,3.0345908067827283,https://www.seloger.com/annonce/location/hauts-de-france/nord-59/lille-59000/262BECQ393HY,,2026-08-12,Lille / Non localisé,Studio/T1,,0,554759.0,0,554002.0,0,556095.0,0,555529.0,0,553992.0,0,553175.0,0,556611.0,0,,0,,0,554945.0,0,553683.0,0,553468.0,0,,0,555378.0,0,555849.0,0,555947.0,0,556161.0,0,557003.0,0,553509.0,0
1040,SeLoger,400.0,15.0,26.67,Colocation,"1 pièce - Colocation , 15 m², dès le 20/08/2026",59000,Lille,50.64129419768953,3.0440571939343326,https://www.seloger.com/annonce/location/hauts-de-france/nord-59/lille-59000/267DV8LK5ZFE,,2026-08-12,Lille / Non localisé,Studio/T1,,0,555272.0,0,554512.0,0,556608.0,0,556042.0,0,554502.0,0,553684.0,0,557124.0,0,,0,,0,555458.0,0,554193.0,0,553976.0,0,,0,555892.0,0,556357.0,0,556457.0,0,556675.0,0,557513.0,0,554018.0,0
1041,SeLoger,904.0,72.6,12.45,Appartement,"3 pièce - 2 chambre - s, s, 72,6 m², étage",59000,Lille,50.649314981239286,3.0808222186189567,https://www.seloger.com/annonce/location/hauts-de-france/nord-59/lille-59000/26BHCRX9GWVQ,,2026-08-12,Lille / Non localisé,T3,,0,555502.0,0,554735.0,0,556843.0,0,556275.0,0,554724.0,0,553903.0,0,557357.0,0,,0,,0,555689.0,0,554415.0,0,554196.0,0,,0,556128.0,0,556573.0,0,556682.0,0,556909.0,0,557738.0,0,554239.0,0
1042,SeLoger,1185.0,92.0,12.88,Maison,"3 pièce - 2 chambre - Maison de ville s, s, 92 m²",59000,Lille,50.63113227238455,3.0250835866145716,https://www.seloger.com/annonces/locations/maison/lille-59/bois-blanc/276420483.htm,,2026-08-12,Bois Blancs,Grand (T4+),,0,554510.0,0,553755.0,0,555845.0,0,555278.0,0,553745.0,0,552929.0,0,556360.0,0,,0,,0,554696.0,0,553436.0,0,553221.0,0,,0,555127.0,0,555604.0,0,555699.0,0,555911.0,0,556755.0,0,553262.0,0
1043,SeLoger,609.0,14.0,43.5,Appartement,"1 pièce - 14 m², Étage 1/2, disponible dès maintenant",59000,Lille,50.62710773497573,3.044626905294355,https://www.seloger.com/annonce/location/hauts-de-france/nord-59/lille-59000/26XB9XWEULG3,,2026-08-12,Lille / Non localisé,Studio/T1,,0,553733.0,0,552974.0,0,555070.0,0,554503.0,0,552965.0,0,552147.0,0,555585.0,0,,0,,0,553919.0,0,552656.0,0,552440.0,0,,0,554353.0,0,554821.0,0,554920.0,0,555136.0,0,555976.0,0,552481.0,0
1044,SeLoger,885.0,58.6,15.1,Appartement,"2 pièce - 1 chambre - s, , 58,6 m², RDC",59000,Lille,50.61479879146384,3.0401235300124045,https://www.seloger.com/annonce/location/hauts-de-france/nord-59/lille-59000/26IKSUKMXABX,,2026-08-12,Lille / Non localisé,T2,,0,552486.0,0,551729.0,0,553822.0,0,553256.0,0,551720.0,0,550903.0,0,554337.0,0,,0,,0,552672.0,0,551411.0,0,551195.0,0,,0,553105.0,0,553577.0,0,553674.0,0,553888.0,0,554730.0,0,551237.0,0
1045,SeLoger,550.0,15.0,36.67,Studio,"1 pièce - Studio , 15 m², dès le 17/08/2026",59000,Lille,50.617180740119906,3.0252419761032816,https://www.seloger.com/annonce/location/hauts-de-france/nord-59/lille-59000/26UWPEFJ72BU,,2026-08-12,Lille / Non localisé,Studio/T1,,0,553005.0,0,552251.0,0,554339.0,0,553773.0,0,552241.0,0,551426.0,0,554855.0,0,,0,,0,553191.0,0,551933.0,0,551718.0,0,,0,553622.0,0,554101.0,0,554196.0,0,554406.0,0,555251.0,0,551759.0,0
1046,SeLoger,645.0,15.0,43.0,Studio,"1 pièce - Studio , 15 m², dès le 17/08/2026",59000,Lille,50.635494057655315,3.05029786548134,https://www.seloger.com/annonce/location/hauts-de-france/nord-59/lille-59000/26G2YBMU8PYE,,2026-08-12,Lille / Non localisé,Studio/T1,,0,554538.0,0,553777.0,0,555875.0,0,555308.0,0,553767.0,0,552949.0,0,556390.0,0,,0,,0,554724.0,0,553458.0,0,553242.0,0,,0,555159.0,0,555622.0,0,555723.0,0,555941.0,0,556779.0,0,553283.0,0
1047,SeLoger,490.0,15.0,32.67,Studio,"1 pièce - Studio , 15 m², dès le 17/08/2026",59000,Lille,50.61927718542752,3.03072581053775,https://www.seloger.com/annonce/location/hauts-de-france/nord-59/lille-59000/26MQ5DLCKIZV,,2026-08-12,Lille / Non localisé,Studio/T1,,0,553134.0,0,552379.0,0,554469.0,0,553903.0,0,552369.0,0,551553.0,0,554985.0,0,,0,,0,553320.0,0,552060.0,0,551845.0,0,,0,553751.0,0,554228.0,0,554323.0,0,554535.0,0,555379.0,0,551886.0,0
1048,SeLoger,500.0,15.0,33.33,Studio,"1 pièce - Studio , 15 m², dès le 17/08/2026",59000,Lille,50.61844810434297,3.067174309704322,https://www.seloger.com/annonce/location/hauts-de-france/nord-59/lille-59000/26GV117SJUCT,,2026-08-12,Lille / Non localisé,Studio/T1,,0,552408.0,0,551645.0,0,553746.0,0,553179.0,0,551635.0,0,550816.0,0,554261.0,0,,0,,0,552594.0,0,551326.0,0,551109.0,0,,0,553030.0,0,553488.0,0,553591.0,0,553812.0,0,554648.0,0,551151.0,0
1049,SeLoger,648.0,15.0,43.2,Studio,"1 pièce - Studio , 15 m², dès le 17/08/2026",59000,Lille,50.62889831532881,3.0833441839120885,https://www.seloger.com/annonce/location/hauts-de-france/nord-59/lille-59000/2674YSV4AYS3,,2026-08-12,Lille / Non localisé,Studio/T1,,0,553256.0,0,552490.0,0,554597.0,0,554029.0,0,552480.0,0,551659.0,0,555111.0,0,,0,,0,553443.0,0,552170.0,0,551952.0,0,,0,553881.0,0,554330.0,0,554437.0,0,554663.0,0,555493.0,0,551994.0,0
1050,SeLoger,595.0,15.0,39.67,Studio,"1 pièce - Studio , 15 m², dès le 17/08/2026",59000,Lille,50.628926146776955,3.0616840059809856,https://www.seloger.com/annonce/location/hauts-de-france/nord-59/lille-59000/263EEZ3UBP97,,2026-08-12,Lille / Non localisé,Studio/T1,,0,553632.0,0,552870.0,0,554971.0,0,554404.0,0,552860.0,0,552041.0,0,555485.0,0,,0,,0,553819.0,0,552551.0,0,552334.0,0,,0,554254.0,0,554713.0,0,554816.0,0,555037.0,0,555872.0,0,552376.0,0
1051,SeLoger,530.0,15.0,35.33,Studio,"1 pièce - Studio , 15 m², dès le 17/08/2026",59000,Lille,50.603682435588645,3.047572451748274,https://www.seloger.com/annonce/location/hauts-de-france/nord-59/lille-59000/26R7WSY2ZPU9,,2026-08-12,Lille / Non localisé,Studio/T1,,0,551158.0,0,550401.0,0,552494.0,0,551928.0,0,550391.0,0,549574.0,0,553010.0,0,,0,,0,551344.0,0,550082.0,0,549866.0,0,,0,551777.0,0,552248.0,0,552346.0,0,552560.0,0,553402.0,0,549908.0,0
1052,SeLoger,650.0,15.0,43.33,Studio,"1 pièce - Studio , 15 m², dès le 17/08/2026",59000,Lille,50.650529359309054,3.0599547745473954,https://www.seloger.com/annonce/location/hauts-de-france/nord-59/lille-59000/26VV4XXFTLZJ,,2026-08-12,Lille / Non localisé,Studio/T1,,0,555991.0,0,555227.0,0,557330.0,0,556763.0,0,555218.0,0,554398.0,0,557844.0,0,,0,,0,556178.0,0,554908.0,0,554691.0,0,,0,556614.0,0,557070.0,0,557174.0,0,557396.0,0,558230.0,0,554733.0,0
1053,SeLoger,659.0,15.0,43.93,Studio,"1 pièce - Studio , 15 m², dès le 17/08/2026",59000,Lille,50.6273394515817,3.0738514752167747,https://www.seloger.com/annonce/location/hauts-de-france/nord-59/lille-59000/26B9CPX8T971,,2026-08-12,Lille / Non localisé,Studio/T1,,0,553251.0,0,552487.0,0,554591.0,0,554023.0,0,552477.0,0,551657.0,0,555105.0,0,,0,,0,553438.0,0,552167.0,0,551950.0,0,,0,553875.0,0,554328.0,0,554433.0,0,554657.0,0,555490.0,0,551992.0,0
1054,SeLoger,495.0,15.0,33.0,Studio,"1 pièce - Studio , 15 m², dès le 17/08/2026",59000,Lille,50.64854874761896,3.0635994333379943,https://www.seloger.com/annonce/location/hauts-de-france/nord-59/lille-59000/26E1DIH9DRJR,,2026-08-12,Lille / Non localisé,Studio/T1,,0,555715.0,0,554951.0,0,557054.0,0,556487.0,0,554941.0,0,554121.0,0,557568.0,0,,0,,0,555901.0,0,554631.0,0,554414.0,0,,0,556338.0,0,556792.0,0,556897.0,0,557120.0,0,557953.0,0,554456.0,0
1055,SeLoger,485.0,15.0,32.33,Studio,"1 pièce - Studio , 15 m², dès le 17/08/2026",59000,Lille,50.643856412957604,3.080238703124939,https://www.seloger.com/annonce/location/hauts-de-france/nord-59/lille-59000/26CAJUZJ3LHQ,,2026-08-12,Lille / Non localisé,Studio/T1,,0,554923.0,0,554156.0,0,556264.0,0,555696.0,0,554146.0,0,553325.0,0,556778.0,0,,0,,0,555110.0,0,553836.0,0,553618.0,0,,0,555549.0,0,555995.0,0,556103.0,0,556330.0,0,557160.0,0,553660.0,0
1056,SeLoger,1700.0,91.0,18.68,Colocation,"5 pièce - 4 chambre - Colocation s, s, 91 m², Étage 1/3",59000,Lille,50.62746599457791,3.0365132771942336,https://www.seloger.com/annonces/locations/appartement/lille-59/vauban-esquermes/274770073.htm,,2026-08-12,Vauban-Esquermes,Grand (T4+),,0,553914.0,0,553157.0,0,555250.0,0,554683.0,0,553147.0,0,552330.0,0,555765.0,0,,0,,0,554100.0,0,552838.0,0,552622.0,0,,0,554532.0,0,555004.0,0,555102.0,0,555316.0,0,556157.0,0,552664.0,0
1057,SeLoger,470.0,11.0,42.73,Colocation,"1 pièce - 4 chambre - Colocation , s, 11 m², étage",59000,Lille,50.61179898660232,3.066528559346426,https://www.seloger.com/annonce/location/hauts-de-france/nord-59/lille-59000/26741BHGBB6N,,2026-08-12,Lille / Non localisé,Studio/T1,,0,551702.0,0,550940.0,0,553040.0,0,552473.0,0,550931.0,0,550112.0,0,553555.0,0,,0,,0,551889.0,0,550621.0,0,550404.0,0,,0,552324.0,0,552784.0,0,552886.0,0,553106.0,0,553943.0,0,550446.0,0
1058,SeLoger,470.0,10.0,47.0,Colocation,"1 pièce - 4 chambre - Colocation , s, 10 m², étage",59000,Lille,50.643887239740316,3.0607710821395435,https://www.seloger.com/annonce/location/hauts-de-france/nord-59/lille-59000/26IWY7JSVXMY,,2026-08-12,Lille / Non localisé,Studio/T1,,0,555261.0,0,554498.0,0,556600.0,0,556033.0,0,554488.0,0,553668.0,0,557114.0,0,,0,,0,555448.0,0,554178.0,0,553961.0,0,,0,555884.0,0,556340.0,0,556444.0,0,556666.0,0,557500.0,0,554003.0,0
1059,SeLoger,945.0,62.4,15.14,Appartement,"3 pièce - 2 chambre - s, s, 62,4 m², Étage 3/3",59000,Lille,50.63236786444174,2.9939421386581193,https://www.seloger.com/annonces/locations/appartement/lille-59/mitterie/275729601.htm,,2026-08-12,Lomme,T3,,0,555197.0,0,554448.0,0,556529.0,0,555963.0,0,554438.0,0,553625.0,0,557046.0,0,,0,,0,555382.0,0,554130.0,0,553916.0,0,,0,555810.0,0,556302.0,0,556391.0,0,556595.0,0,557446.0,0,553957.0,0
1060,SeLoger,1726.0,105.0,16.44,Appartement,"4 pièce - 2 chambre - s, s, 105 m², étage",59000,Lille,50.627721278472606,3.0865328819763995,https://www.seloger.com/annonces/locations/appartement/lille-59/centre/276279579.htm,,2026-08-12,Lille-Centre,Grand (T4+),,0,553075.0,0,552308.0,0,554416.0,0,553848.0,0,552298.0,0,551477.0,0,554929.0,0,,0,,0,553262.0,0,551988.0,0,551770.0,0,,0,553700.0,0,554147.0,0,554255.0,0,554481.0,0,555312.0,0,551812.0,0
1061,SeLoger,890.0,40.0,22.25,Appartement,"2 pièce - s, 40 m², étage, dès le 02/10/2026",59000,Lille,50.61993328409333,3.0861150383148184,https://www.seloger.com/annonce/location/hauts-de-france/nord-59/lille-59000/26I3ZDS6U62G,,2026-08-12,Lille / Non localisé,T2,,0,552242.0,0,551476.0,0,553582.0,0,553015.0,0,551466.0,0,550645.0,0,554096.0,0,,0,,0,552429.0,0,551156.0,0,550938.0,0,,0,552867.0,0,553315.0,0,553422.0,0,553648.0,0,554479.0,0,550980.0,0
1062,SeLoger,1495.0,86.0,17.38,Appartement,"5 pièce - 4 chambre - s, s, 86 m², Étage 1/6",59000,Lille,50.6295097801138,3.0341578472713735,https://www.seloger.com/annonce/location/hauts-de-france/nord-59/lille-59000/26GKWH9ZSHRJ,,2026-08-12,Lille / Non localisé,Grand (T4+),,0,554175.0,0,553418.0,0,555511.0,0,554945.0,0,553409.0,0,552592.0,0,556027.0,0,,0,,0,554361.0,0,553100.0,0,552884.0,0,,0,554794.0,0,555266.0,0,555364.0,0,555577.0,0,556419.0,0,552926.0,0
1063,SeLoger,630.0,10.0,63.0,Colocation,"1 pièce - 7 chambre - Colocation , s, 10 m²",59000,Lille,50.61959285252547,3.0287495717750876,https://www.seloger.com/annonce/location/hauts-de-france/nord-59/lille-59000/26JDBK5UPKBL,,2026-08-12,Lille / Non localisé,Studio/T1,,0,553203.0,0,552448.0,0,554537.0,0,553971.0,0,552438.0,0,551622.0,0,555053.0,0,,0,,0,553389.0,0,552129.0,0,551914.0,0,,0,553820.0,0,554297.0,0,554393.0,0,554604.0,0,555448.0,0,551956.0,0
1064,SeLoger,575.0,15.0,38.33,Colocation,"1 pièce - Colocation , 15 m², dès le 16/08/2026",59000,Lille,50.62657359565881,3.0581104899144607,https://www.seloger.com/annonce/location/hauts-de-france/nord-59/lille-59000/265NY4E1UZAW,,2026-08-12,Lille / Non localisé,Studio/T1,,0,553441.0,0,552679.0,0,554779.0,0,554212.0,0,552669.0,0,551851.0,0,555293.0,0,,0,,0,553627.0,0,552360.0,0,552144.0,0,,0,554062.0,0,554523.0,0,554625.0,0,554845.0,0,555681.0,0,552185.0,0
1065,SeLoger,560.0,15.0,37.33,Colocation,"1 pièce - Colocation , 15 m², dès le 20/08/2026",59000,Lille,50.629869282834534,3.069665917553612,https://www.seloger.com/annonce/location/hauts-de-france/nord-59/lille-59000/26S42TFIFNWL,,2026-08-12,Lille / Non localisé,Studio/T1,,0,553596.0,0,552832.0,0,554935.0,0,554368.0,0,552822.0,0,552003.0,0,555450.0,0,,0,,0,553783.0,0,552513.0,0,552295.0,0,,0,554219.0,0,554674.0,0,554779.0,0,555001.0,0,555835.0,0,552337.0,0
1066,SeLoger,515.0,11.0,46.82,Colocation,"1 pièce - 1 chambre - Colocation , , 11 m², étage",59000,Lille,50.63536399657836,3.045398621913905,https://www.seloger.com/wl-cdp/2691KQEIWW2V,,2026-08-12,Lille / Non localisé,Studio/T1,,0,554609.0,0,553850.0,0,555946.0,0,555379.0,0,553840.0,0,553022.0,0,556461.0,0,,0,,0,554795.0,0,553531.0,0,553314.0,0,,0,555229.0,0,555695.0,0,555795.0,0,556012.0,0,556851.0,0,553356.0,0
1067,SeLoger,2136.0,124.9,17.1,Appartement,"5 pièce - 3 chambre - s, s, 124,9 m², Étage 5/5",59000,Lille,50.617688878171194,3.0812686482420184,https://www.seloger.com/annonces/locations/appartement/lille-59/276313035.htm,,2026-08-12,Lille / Non localisé,Grand (T4+),,0,552083.0,0,551318.0,0,553423.0,0,552855.0,0,551308.0,0,550488.0,0,553937.0,0,,0,,0,552270.0,0,550998.0,0,550780.0,0,,0,552707.0,0,553159.0,0,553264.0,0,553489.0,0,554321.0,0,550822.0,0
1068,SeLoger,1020.0,57.0,17.89,Colocation,"3 pièce - 2 chambre - Colocation s, s, 57 m², Étage 3/4",59000,Lille,50.64748525821712,3.0461317650276265,https://www.seloger.com/annonce/location/hauts-de-france/nord-59/lille-59000/26Q53SU2B8TX,,2026-08-12,Lille / Non localisé,T3,,0,555902.0,0,555142.0,0,557240.0,0,556673.0,0,555132.0,0,554314.0,0,557755.0,0,,0,,0,556089.0,0,554823.0,0,554606.0,0,,0,556523.0,0,556986.0,0,557088.0,0,557306.0,0,558144.0,0,554648.0,0
1069,SeLoger,1580.0,80.0,19.75,Appartement,"3 pièce - 2 chambre - s, s, 80 m², étage",59000,Lille,50.640752225898446,3.063220033165176,https://www.seloger.com/wl-cdp/26CJYGRXQTMW,,2026-08-12,Lille / Non localisé,T3,,0,554881.0,0,554117.0,0,556220.0,0,555652.0,0,554107.0,0,553288.0,0,556734.0,0,,0,,0,555067.0,0,553798.0,0,553581.0,0,,0,555504.0,0,555959.0,0,556063.0,0,556286.0,0,557120.0,0,553622.0,0
1070,SeLoger,927.0,64.4,14.39,Appartement,"2 pièce - 2 chambre - s, s, 64,4 m²",59000,Lille,50.63878477602408,3.0489208010202953,https://www.seloger.com/wl-cdp/26E6EF6HMHK3,,2026-08-12,Lille / Non localisé,T2,,0,554916.0,0,554156.0,0,556254.0,0,555687.0,0,554146.0,0,553328.0,0,556769.0,0,,0,,0,555103.0,0,553837.0,0,553620.0,0,,0,555537.0,0,556001.0,0,556102.0,0,556320.0,0,557158.0,0,553662.0,0
1071,SeLoger,756.0,48.0,15.75,Appartement,"2 pièce - 1 chambre - s, , 48 m², RDC",59000,Lille,50.64168625965092,3.086277019774709,https://www.seloger.com/annonce/location/hauts-de-france/nord-59/lille-59000/26AIJDXGE7U3,,2026-08-12,Lille / Non localisé,T2,,0,554586.0,0,553818.0,0,555927.0,0,555359.0,0,553808.0,0,552987.0,0,556441.0,0,,0,,0,554773.0,0,553498.0,0,553280.0,0,,0,555212.0,0,555656.0,0,555765.0,0,555993.0,0,556822.0,0,553322.0,0
1072,SeLoger,988.0,64.7,15.27,Appartement,"3 pièce - 2 chambre - s, s, 64,7 m², 4 étages",59000,Lille,50.644549445257695,3.08506922805282,https://www.seloger.com/annonce/location/hauts-de-france/nord-59/lille-59000/263PTK1HD9QU,,2026-08-12,Lille / Non localisé,T3,,0,554916.0,0,554147.0,0,556257.0,0,555689.0,0,554137.0,0,553316.0,0,556770.0,0,,0,,0,555103.0,0,553828.0,0,553609.0,0,,0,555542.0,0,555986.0,0,556095.0,0,556323.0,0,557151.0,0,553651.0,0
1073,SeLoger,750.0,31.0,24.19,Appartement,"2 pièce - 1 chambre - s, , 31 m², étage",59000,Lille,50.64146525432453,3.067169719319357,https://www.seloger.com/annonce/location/hauts-de-france/nord-59/lille-59000/262CJW4RXQPE,,2026-08-12,Lille / Non localisé,T2,,0,554889.0,0,554125.0,0,556229.0,0,555661.0,0,554115.0,0,553295.0,0,556743.0,0,,0,,0,555076.0,0,553806.0,0,553588.0,0,,0,555513.0,0,555967.0,0,556072.0,0,556295.0,0,557128.0,0,553630.0,0
1074,SeLoger,716.0,34.0,21.06,Appartement,"2 pièce - 1 chambre - s, , 34 m², Étage 1/3",59000,Lille,50.61043923931757,3.067683229758554,https://www.seloger.com/annonce/location/hauts-de-france/nord-59/lille-59000/26VEBS4EG9QR,,2026-08-12,Lille / Non localisé,T2,,0,551536.0,0,550774.0,0,552874.0,0,552307.0,0,550764.0,0,549945.0,0,553389.0,0,,0,,0,551722.0,0,550454.0,0,550238.0,0,,0,552158.0,0,552617.0,0,552720.0,0,552940.0,0,553776.0,0,550279.0,0
1075,SeLoger,1385.0,82.9,16.71,Appartement,"3 pièce - 1 chambre - s, , 82,9 m², étage",59000,Lille,50.64448244003778,3.05258491009294,https://www.seloger.com/annonce/location/hauts-de-france/nord-59/lille-59000/26Z7RLGPZ8TX,,2026-08-12,Lille / Non localisé,T3,,0,555467.0,0,554705.0,0,556805.0,0,556238.0,0,554695.0,0,553877.0,0,557319.0,0,,0,,0,555653.0,0,554386.0,0,554169.0,0,,0,556088.0,0,556549.0,0,556651.0,0,556871.0,0,557707.0,0,554211.0,0
1076,SeLoger,665.0,15.2,43.75,Appartement,"1 pièce - 11 chambre - s, 15,2 m², Étage 2/3",59000,Lille,50.64999309336594,3.097069426831037,https://www.seloger.com/annonces/locations/appartement/lille-59/276162809.htm,,2026-08-12,Lille / Non localisé,Studio/T1,,0,555299.0,0,554528.0,0,556642.0,0,556074.0,0,554518.0,0,553696.0,0,557155.0,0,,0,,0,555487.0,0,554208.0,0,553989.0,0,,0,555927.0,0,556364.0,0,556476.0,0,556708.0,0,557533.0,0,554032.0,0
1077,SeLoger,890.0,49.8,17.87,Appartement,"3 pièce - 2 chambre - s, s, 49,8 m², étage",59000,Lille,50.61251348482398,3.0288407927604704,https://www.seloger.com/wl-cdp/26773ZCJD8GK,,2026-08-12,Lille / Non localisé,T3,,0,552439.0,0,551685.0,0,553773.0,0,553207.0,0,551675.0,0,550859.0,0,554290.0,0,,0,,0,552625.0,0,551366.0,0,551151.0,0,,0,553056.0,0,553535.0,0,553629.0,0,553840.0,0,554684.0,0,551193.0,0
1078,SeLoger,950.0,40.0,23.75,Appartement,"2 pièce - 1 chambre - s, , 40 m², RDC/4",59000,Lille,50.638132613359915,3.045144319401952,https://www.seloger.com/annonce/location/hauts-de-france/nord-59/lille-59000/26PY7NCN671H,,2026-08-12,Lille / Non localisé,T2,,0,554912.0,0,554152.0,0,556249.0,0,555682.0,0,554142.0,0,553325.0,0,556764.0,0,,0,,0,555098.0,0,553833.0,0,553617.0,0,,0,555532.0,0,555998.0,0,556098.0,0,556315.0,0,557154.0,0,553659.0,0
1079,SeLoger,595.0,12.0,49.58,Appartement,"1 pièce - 12 m², RDC/3, disponible dès maintenant",59000,Lille,50.61850654636091,3.062621607602083,https://www.seloger.com/annonces/locations/appartement/lille-59/vauban-esquermes/254GG752P3CV.htm,,2026-08-12,Lille / Non localisé,Studio/T1,,0,552493.0,0,551731.0,0,553831.0,0,553264.0,0,551721.0,0,550903.0,0,554346.0,0,,0,,0,552679.0,0,551412.0,0,551195.0,0,,0,553115.0,0,553575.0,0,553677.0,0,553897.0,0,554733.0,0,551237.0,0
1080,SeLoger,2100.0,90.0,23.33,Appartement,"4 pièce - 1 chambre - s, , 90 m², étage",59000,Lille,50.62078944320048,3.046650915941857,https://www.seloger.com/annonce/location/hauts-de-france/nord-59/lille-59000/269MH758IFK9,,2026-08-12,Lille / Non localisé,Grand (T4+),,0,553017.0,0,552258.0,0,554354.0,0,553787.0,0,552249.0,0,551431.0,0,554869.0,0,,0,,0,553203.0,0,551940.0,0,551724.0,0,,0,553637.0,0,554105.0,0,554204.0,0,554420.0,0,555260.0,0,551765.0,0
1081,SeLoger,750.0,38.0,19.74,Appartement,"2 pièce - 1 chambre - s, , 38 m², étage",59000,Lille,50.64143847129395,3.08411750917777,https://www.seloger.com/annonce/location/hauts-de-france/nord-59/lille-59000/26NBAN841WAW,,2026-08-12,Lille / Non localisé,T2,,0,554596.0,0,553828.0,0,555937.0,0,555369.0,0,553818.0,0,552997.0,0,556451.0,0,,0,,0,554783.0,0,553509.0,0,553290.0,0,,0,555222.0,0,555667.0,0,555775.0,0,556003.0,0,556832.0,0,553332.0,0
1082,SeLoger,1180.0,49.1,24.03,Appartement,"2 pièce - 1 chambre - s, , 49,1 m²",59000,Lille,50.61166431800578,3.069998677782867,https://www.seloger.com/annonce/location/hauts-de-france/nord-59/lille-59000/26ZPR4Q2DFQM,,2026-08-12,Lille / Non localisé,T2,,0,551628.0,0,550865.0,0,552966.0,0,552399.0,0,550855.0,0,550036.0,0,553481.0,0,,0,,0,551814.0,0,550546.0,0,550329.0,0,,0,552250.0,0,552708.0,0,552811.0,0,553032.0,0,553867.0,0,550371.0,0
1083,SeLoger,920.0,42.0,21.9,Appartement,"2 pièce - s, 42 m², RDC/2, dès le 20/08/2026",59000,Lille,50.63226744017347,3.0382964686179856,https://www.seloger.com/annonce/location/hauts-de-france/nord-59/lille-59000/265IJU2C38UV,,2026-08-12,Lille / Non localisé,T2,,0,554400.0,0,553642.0,0,555736.0,0,555169.0,0,553632.0,0,552815.0,0,556251.0,0,,0,,0,554586.0,0,553323.0,0,553107.0,0,,0,555019.0,0,555489.0,0,555587.0,0,555802.0,0,556643.0,0,553149.0,0
1084,SeLoger,914.0,57.3,15.95,Appartement,"2 pièce - 2 chambre - s, s, 57,3 m², 4 étages",59000,Lille,50.61711271301857,3.0427519900921465,https://www.seloger.com/wl-cdp/262LSXWGSB2Z,,2026-08-12,Lille / Non localisé,T2,,0,552689.0,0,551932.0,0,554025.0,0,553459.0,0,551922.0,0,551105.0,0,554541.0,0,,0,,0,552876.0,0,551613.0,0,551397.0,0,,0,553308.0,0,553779.0,0,553877.0,0,554091.0,0,554933.0,0,551439.0,0
1085,SeLoger,495.0,17.0,29.12,Colocation,"7 pièce - 6 chambre - Colocation s, s, 17 m², étage",59000,Lille,50.62048059477102,3.0444459529656087,https://www.seloger.com/annonce/location/hauts-de-france/nord-59/lille-59000/26BZE31L4T47,,2026-08-12,Lille / Non localisé,Grand (T4+),,0,553022.0,0,552264.0,0,554359.0,0,553792.0,0,552255.0,0,551437.0,0,554874.0,0,,0,,0,553209.0,0,551945.0,0,551730.0,0,,0,553642.0,0,554111.0,0,554210.0,0,554425.0,0,555265.0,0,551771.0,0
1086,SeLoger,808.0,19.0,42.53,Studio,"1 pièce - Studio - , 19 m²",59000,Lille,50.60769994963487,3.0406454972050727,https://www.seloger.com/annonce/location/hauts-de-france/nord-59/lille-59000/26MLC112ZK71,,2026-08-12,Lille / Non localisé,Studio/T1,,0,551713.0,0,550956.0,0,553048.0,0,552482.0,0,550947.0,0,550130.0,0,553564.0,0,,0,,0,551899.0,0,550638.0,0,550422.0,0,,0,552331.0,0,552804.0,0,552901.0,0,553114.0,0,553957.0,0,550464.0,0
1087,SeLoger,525.0,11.0,47.73,Colocation,"1 pièce - Colocation , 11 m², RDC",59000,Lille,50.625238307534765,3.0961511384115514,https://www.seloger.com/annonces/locations/appartement/lille-59/caulier/258272125.htm,,2026-08-12,Fives,Studio/T1,,0,552643.0,0,551874.0,0,553985.0,0,553417.0,0,551864.0,0,551043.0,0,554498.0,0,,0,,0,552830.0,0,551554.0,0,551336.0,0,,0,553270.0,0,553712.0,0,553822.0,0,554050.0,0,554878.0,0,551378.0,0
1088,SeLoger,525.0,10.0,52.5,Colocation,"1 pièce - Colocation , 10 m², RDC",59000,Lille,50.62283221897809,3.085763176338609,https://www.seloger.com/annonces/locations/appartement/lille-59/caulier/258171949.htm,,2026-08-12,Fives,Studio/T1,,0,552561.0,0,551794.0,0,553901.0,0,553334.0,0,551784.0,0,550964.0,0,554415.0,0,,0,,0,552748.0,0,551474.0,0,551256.0,0,,0,553186.0,0,553634.0,0,553741.0,0,553967.0,0,554798.0,0,551299.0,0
1089,SeLoger,599.0,16.0,37.44,Appartement,"1 pièce - 16 m², Étage 2/2, disponible dès maintenant",59000,Lille,50.62034319311387,3.07907312026986,https://www.seloger.com/annonces/locations/appartement/lille-59/moulins/25HDST2ALT2Y.htm,,2026-08-12,Lille / Non localisé,Studio/T1,,0,552407.0,0,551642.0,0,553747.0,0,553179.0,0,551632.0,0,550812.0,0,554261.0,0,,0,,0,552594.0,0,551322.0,0,551105.0,0,,0,553031.0,0,553483.0,0,553588.0,0,553813.0,0,554645.0,0,551147.0,0
1090,SeLoger,910.0,68.0,13.38,Appartement,"3 pièce - 2 chambre - s, s, 68 m², dès le 05/09/2026",59000,Lille,50.615278924698664,3.0553751969546137,https://www.seloger.com/annonce/location/hauts-de-france/nord-59/lille-59000/26QMI1BB5M23,,2026-08-12,Lille / Non localisé,T3,,0,552271.0,0,551511.0,0,553608.0,0,553042.0,0,551501.0,0,550684.0,0,554123.0,0,,0,,0,552457.0,0,551192.0,0,550976.0,0,,0,552892.0,0,553356.0,0,553457.0,0,553674.0,0,554513.0,0,551018.0,0
1091,SeLoger,1320.0,48.0,27.5,Appartement,"1 pièce - 48 m², étage, dès le 30/08/2026",59000,Lille,50.612216470165535,3.0585757117350374,https://www.seloger.com/annonce/location/hauts-de-france/nord-59/lille-59000/262IP53E3NJG,,2026-08-12,Lille / Non localisé,Studio/T1,,0,551885.0,0,551125.0,0,553223.0,0,552656.0,0,551115.0,0,550297.0,0,553738.0,0,,0,,0,552072.0,0,550806.0,0,550590.0,0,,0,552506.0,0,552970.0,0,553071.0,0,553289.0,0,554127.0,0,550631.0,0
1092,SeLoger,890.0,55.0,16.18,Appartement,"2 pièce - 1 chambre - s, , 55 m², Étage 1/2",59000,Lille,50.63388629367951,3.0704870374009436,https://www.seloger.com/annonces/locations/appartement/lille-59/276394059.htm,,2026-08-12,Lille / Non localisé,T2,,0,554015.0,0,553251.0,0,555354.0,0,554787.0,0,553241.0,0,552421.0,0,555869.0,0,,0,,0,554202.0,0,552931.0,0,552714.0,0,,0,554639.0,0,555092.0,0,555197.0,0,555420.0,0,556254.0,0,552756.0,0
1093,SeLoger,819.0,58.6,13.98,Appartement,"3 pièce - 2 chambre - s, s, 58,6 m², Étage 3/4",59000,Lille,50.63856104890278,3.037942340949377,https://www.seloger.com/annonce/location/hauts-de-france/nord-59/lille-59000/265VG8MNAS7F,,2026-08-12,Lille / Non localisé,T3,,0,555084.0,0,554325.0,0,556420.0,0,555854.0,0,554316.0,0,553498.0,0,556935.0,0,,0,,0,555270.0,0,554007.0,0,553791.0,0,,0,555703.0,0,556172.0,0,556271.0,0,556486.0,0,557327.0,0,553832.0,0
1094,SeLoger,494.0,26.5,18.64,Appartement,"1 pièce - 26,5 m², dès le 02/09/2026",59000,Lille,50.63676503837438,3.0631068179047003,https://www.seloger.com/wl-cdp/26UAQNAAJNEE,,2026-08-12,Lille / Non localisé,Studio/T1,,0,554453.0,0,553690.0,0,555791.0,0,555224.0,0,553680.0,0,552860.0,0,556306.0,0,,0,,0,554639.0,0,553370.0,0,553153.0,0,,0,555075.0,0,555532.0,0,555636.0,0,555857.0,0,556692.0,0,553195.0,0
1095,SeLoger,570.0,16.9,33.73,Appartement,"1 pièce - 16,9 m², étage",59000,Lille,50.62411313293584,3.0213772245164012,https://www.seloger.com/annonce/location/hauts-de-france/nord-59/lille-59000/262EKXLIZI2M,,2026-08-12,Lille / Non localisé,Studio/T1,,0,553820.0,0,553066.0,0,555154.0,0,554588.0,0,553056.0,0,552241.0,0,555670.0,0,,0,,0,554006.0,0,552748.0,0,552533.0,0,,0,554436.0,0,554916.0,0,555010.0,0,555220.0,0,556066.0,0,552574.0,0
1096,SeLoger,1490.0,94.0,15.85,Maison,"4 pièce - 3 chambre - Maison s, s, 94 m²",59000,Lille,50.62772590067123,3.093396446996041,https://www.seloger.com/annonce/location/hauts-de-france/nord-59/lille-59000/26F7BPQV1PMM,,2026-08-12,Lille / Non localisé,Grand (T4+),,0,552958.0,0,552190.0,0,554300.0,0,553732.0,0,552180.0,0,551358.0,0,554813.0,0,,0,,0,553145.0,0,551870.0,0,551652.0,0,,0,553585.0,0,554028.0,0,554137.0,0,554366.0,0,555194.0,0,551694.0,0
1097,SeLoger,1408.0,107.6,13.09,Appartement,"4 pièce - 3 chambre - s, s, 107,6 m², RDC/2",59000,Lille,50.63721297073558,3.0448058236247912,https://www.seloger.com/annonce/location/hauts-de-france/nord-59/lille-59000/26MYVSIC3FLB,,2026-08-12,Lille / Non localisé,Grand (T4+),,0,554819.0,0,554059.0,0,556156.0,0,555589.0,0,554049.0,0,553232.0,0,556671.0,0,,0,,0,555005.0,0,553740.0,0,553524.0,0,,0,555439.0,0,555905.0,0,556005.0,0,556222.0,0,557061.0,0,553566.0,0
1098,SeLoger,655.0,28.6,22.9,Appartement,"1 pièce - 28,6 m², Étage 2/4",59000,Lille,50.63097577623465,3.0668644283968924,https://www.seloger.com/annonce/location/hauts-de-france/nord-59/lille-59000/26A9BX93N685,,2026-08-12,Lille / Non localisé,Studio/T1,,0,553764.0,0,553000.0,0,555103.0,0,554535.0,0,552990.0,0,552171.0,0,555617.0,0,,0,,0,553950.0,0,552681.0,0,552464.0,0,,0,554387.0,0,554843.0,0,554947.0,0,555169.0,0,556003.0,0,552506.0,0
1099,SeLoger,890.0,32.0,27.81,Appartement,"1 pièce - 32 m², Étage 5/8",59000,Lille,50.62873602109716,3.051417926877068,https://www.seloger.com/annonces/locations/appartement/lille-59/saint-maurice-pellevoisin/26P38UGNESP2.htm,,2026-08-12,Lille / Non localisé,Studio/T1,,0,553790.0,0,553030.0,0,555127.0,0,554561.0,0,553020.0,0,552202.0,0,555642.0,0,,0,,0,553976.0,0,552711.0,0,552494.0,0,,0,554411.0,0,554875.0,0,554976.0,0,555193.0,0,556031.0,0,552536.0,0
1100,SeLoger,693.0,25.0,27.72,Studio,"1 pièce - Studio , 25 m²",59000,Lille,50.65021417521714,3.09755066165657,https://www.seloger.com/annonce/location/hauts-de-france/nord-59/lille-59000/269E1LALLD28,,2026-08-12,Lille / Non localisé,Studio/T1,,0,555315.0,0,554544.0,0,556658.0,0,556090.0,0,554534.0,0,553711.0,0,557171.0,0,,0,,0,555502.0,0,554224.0,0,554005.0,0,,0,555943.0,0,556380.0,0,556492.0,0,556723.0,0,557549.0,0,554047.0,0
1101,SeLoger,990.0,42.0,23.57,Appartement,"2 pièce - 1 chambre - s, , 42 m², Étage 5/6",59000,Lille,50.63282361244318,3.0176080970914647,https://www.seloger.com/annonces/locations/appartement/lille-59/moulins/26EJ9F4QN86F.htm,,2026-08-12,Lille / Non localisé,T2,,0,554824.0,0,554070.0,0,556158.0,0,555592.0,0,554061.0,0,553245.0,0,556674.0,0,,0,,0,555010.0,0,553752.0,0,553537.0,0,,0,555440.0,0,555921.0,0,556015.0,0,556224.0,0,557070.0,0,553578.0,0
1102,SeLoger,1184.0,81.6,14.51,Appartement,"3 pièce - 2 chambre - s, s, 81,6 m², Étage 1/5",59000,Lille,50.62865314751365,3.0641758021661682,https://www.seloger.com/annonce/location/hauts-de-france/nord-59/lille-59000/26SV8DKN7P4Q,,2026-08-12,Lille / Non localisé,T3,,0,553560.0,0,552797.0,0,554898.0,0,554331.0,0,552787.0,0,551968.0,0,555413.0,0,,0,,0,553746.0,0,552478.0,0,552261.0,0,,0,554182.0,0,554640.0,0,554743.0,0,554964.0,0,555799.0,0,552303.0,0
1103,SeLoger,2300.0,151.0,15.23,Appartement,"4 pièce - 3 chambre - s, s, 151 m²",59000,Lille,50.64876768447672,3.098642475751804,https://www.seloger.com/annonce/location/hauts-de-france/nord-59/lille-59000/262LACK8R8QI,,2026-08-12,Lille / Non localisé,Grand (T4+),,0,555140.0,0,554369.0,0,556483.0,0,555915.0,0,554359.0,0,553537.0,0,556996.0,0,,0,,0,555328.0,0,554049.0,0,553830.0,0,,0,555769.0,0,556205.0,0,556317.0,0,556549.0,0,557374.0,0,553872.0,0
1104,SeLoger,580.0,16.0,36.25,Studio,"1 pièce - Studio , 16 m², étage",59000,Lille,50.61169513795078,3.0576114110573487,https://www.seloger.com/annonce/location/hauts-de-france/nord-59/lille-59000/26KCBRJHFX1W,,2026-08-12,Lille / Non localisé,Studio/T1,,0,551846.0,0,551086.0,0,553183.0,0,552616.0,0,551076.0,0,550258.0,0,553698.0,0,,0,,0,552032.0,0,550767.0,0,550551.0,0,,0,552467.0,0,552931.0,0,553032.0,0,553249.0,0,554087.0,0,550592.0,0
1105,SeLoger,998.0,55.2,18.08,Appartement,"3 pièce - 2 chambre - s, s, 55,2 m², étage",59000,Lille,50.637976575567635,3.0610750806419658,https://www.seloger.com/annonces/locations/appartement/lille-59/vieux-lille/274670575.htm,,2026-08-12,Vieux-Lille,T3,,0,554618.0,0,553856.0,0,555957.0,0,555390.0,0,553846.0,0,553027.0,0,556472.0,0,,0,,0,554805.0,0,553536.0,0,553319.0,0,,0,555241.0,0,555698.0,0,555802.0,0,556023.0,0,556858.0,0,553361.0,0
1106,SeLoger,420.0,17.5,24.0,Appartement,"1 pièce - 17,5 m², Étage 3/3",59000,Lille,50.632813438446746,3.0857549403378823,https://www.seloger.com/annonce/location/hauts-de-france/nord-59/lille-59000/26RA49MB2GIM,,2026-08-12,Lille / Non localisé,Studio/T1,,0,553638.0,0,552870.0,0,554978.0,0,554411.0,0,552860.0,0,552039.0,0,555492.0,0,,0,,0,553825.0,0,552550.0,0,552332.0,0,,0,554263.0,0,554709.0,0,554817.0,0,555044.0,0,555874.0,0,552374.0,0
1107,SeLoger,850.0,42.0,20.24,Appartement,"2 pièce - 1 chambre - s, , 42 m², étage",59000,Lille,50.629856606712615,3.088913512764094,https://www.seloger.com/annonce/location/hauts-de-france/nord-59/lille-59000/26IYAVZ46FCJ,,2026-08-12,Lille / Non localisé,T2,,0,553265.0,0,552497.0,0,554606.0,0,554038.0,0,552487.0,0,551666.0,0,555119.0,0,,0,,0,553452.0,0,552177.0,0,551959.0,0,,0,553891.0,0,554336.0,0,554444.0,0,554672.0,0,555501.0,0,552001.0,0
1108,SeLoger,545.0,15.0,36.33,Colocation,"1 pièce - Colocation , 15 m², dès le 20/08/2026",59000,Lille,50.60875526083572,3.032912920731328,https://www.seloger.com/annonce/location/hauts-de-france/nord-59/lille-59000/26NGV2FZZN8R,,2026-08-12,Lille / Non localisé,Studio/T1,,0,551963.0,0,551208.0,0,553297.0,0,552731.0,0,551198.0,0,550382.0,0,553813.0,0,,0,,0,552149.0,0,550889.0,0,550674.0,0,,0,552580.0,0,553057.0,0,553152.0,0,553363.0,0,554208.0,0,550715.0,0
1109,SeLoger,889.0,63.6,13.98,Appartement,"3 pièce - 2 chambre - s, s, 63,6 m², RDC",59000,Lille,50.61480601175214,3.045018065631419,https://www.seloger.com/wl-cdp/26M5IAPQAHYF,,2026-08-12,Lille / Non localisé,T3,,0,552401.0,0,551643.0,0,553737.0,0,553171.0,0,551634.0,0,550817.0,0,554253.0,0,,0,,0,552587.0,0,551325.0,0,551109.0,0,,0,553020.0,0,553490.0,0,553589.0,0,553803.0,0,554644.0,0,551150.0,0
1110,SeLoger,565.0,34.9,16.19,Appartement,"2 pièce - 1 chambre - s, , 34,9 m², Étage 1/3",59000,Lille,50.61410055695778,3.0395404761601066,https://www.seloger.com/annonces/locations/appartement/lille-59/276162645.htm,,2026-08-12,Lille / Non localisé,T2,,0,552421.0,0,551665.0,0,553757.0,0,553191.0,0,551655.0,0,550838.0,0,554272.0,0,,0,,0,552607.0,0,551346.0,0,551131.0,0,,0,553040.0,0,553513.0,0,553610.0,0,553823.0,0,554665.0,0,551172.0,0
1111,SeLoger,605.0,29.0,20.86,Appartement,"1 pièce - 29 m², Étage 2/4",59000,Lille,50.64154874399954,3.043129677221109,https://www.seloger.com/annonce/location/hauts-de-france/nord-59/lille-59000/265YB48EMGCQ,,2026-08-12,Lille / Non localisé,Studio/T1,,0,555315.0,0,554555.0,0,556652.0,0,556085.0,0,554546.0,0,553728.0,0,557167.0,0,,0,,0,555501.0,0,554237.0,0,554020.0,0,,0,555935.0,0,556401.0,0,556501.0,0,556718.0,0,557557.0,0,554062.0,0
1112,SeLoger,570.0,14.0,40.71,Colocation,"1 pièce - 5 chambre - Colocation , s, 14 m², RDC",59000,Lille,50.637651447233395,3.0177971960217316,https://www.seloger.com/annonce/location/hauts-de-france/nord-59/lille-59000/26KMT5IYMFNP,,2026-08-12,Lille / Non localisé,Studio/T1,,0,555340.0,0,554586.0,0,556675.0,0,556109.0,0,554576.0,0,553761.0,0,557191.0,0,,0,,0,555526.0,0,554268.0,0,554053.0,0,,0,555957.0,0,556436.0,0,556531.0,0,556741.0,0,557586.0,0,554094.0,0
1113,SeLoger,1015.0,54.8,18.52,Appartement,"3 pièce - 2 chambre - s, s, 54,8 m², RDC",59000,Lille,50.63454307761803,3.0666422947397223,https://www.seloger.com/annonces/locations/appartement/lille-59/vieux-lille/271787893.htm,,2026-08-12,Vieux-Lille,T3,,0,554152.0,0,553388.0,0,555491.0,0,554924.0,0,553379.0,0,552559.0,0,556006.0,0,,0,,0,554339.0,0,553069.0,0,552852.0,0,,0,554775.0,0,555231.0,0,555335.0,0,555557.0,0,556391.0,0,552894.0,0
1114,SeLoger,600.0,10.0,60.0,Colocation,"1 pièce - 1 chambre - Colocation , , 10 m², Étage 1/3",59000,Lille,50.61811533318164,3.027109206728506,https://www.seloger.com/wl-cdp/26KHZPBX3LSI,,2026-08-12,Lille / Non localisé,Studio/T1,,0,553073.0,0,552318.0,0,554407.0,0,553841.0,0,552309.0,0,551493.0,0,554923.0,0,,0,,0,553259.0,0,552000.0,0,551785.0,0,,0,553689.0,0,554168.0,0,554263.0,0,554473.0,0,555318.0,0,551826.0,0
1115,SeLoger,415.0,12.0,34.58,Colocation,"1 pièce - 1 chambre - Colocation - , , 12 m², étage",59000,Lille,50.62913795294015,3.0521523286508443,https://www.seloger.com/annonce/location/hauts-de-france/nord-59/lille-59000/26VXVESILX98,,2026-08-12,Lille / Non localisé,Studio/T1,,0,553821.0,0,553060.0,0,555158.0,0,554591.0,0,553050.0,0,552232.0,0,555673.0,0,,0,,0,554007.0,0,552741.0,0,552525.0,0,,0,554441.0,0,554905.0,0,555006.0,0,555224.0,0,556062.0,0,552566.0,0
1116,SeLoger,750.0,39.0,19.23,Appartement,"1 pièce - 39 m², étage",59000,Lille,50.64046033221696,3.0948543218479774,https://www.seloger.com/annonces/locations/appartement/lille-59/270369581.htm,,2026-08-12,Lille / Non localisé,Studio/T1,,0,554308.0,0,553538.0,0,555650.0,0,555082.0,0,553528.0,0,552706.0,0,556163.0,0,,0,,0,554495.0,0,553218.0,0,552999.0,0,,0,554935.0,0,555375.0,0,555486.0,0,555716.0,0,556543.0,0,553042.0,0
1117,SeLoger,566.0,14.0,40.43,Colocation,"1 pièce - 10 chambre - Colocation , s, 14 m², étage",59000,Lille,50.60744885480598,3.0439172770991423,https://www.seloger.com/annonce/location/hauts-de-france/nord-59/lille-59000/26IM3TKKKY11,,2026-08-12,Lille / Non localisé,Studio/T1,,0,551628.0,0,550871.0,0,552964.0,0,552397.0,0,550861.0,0,550045.0,0,553479.0,0,,0,,0,551814.0,0,550552.0,0,550337.0,0,,0,552247.0,0,552719.0,0,552816.0,0,553030.0,0,553872.0,0,550378.0,0
1118,SeLoger,1900.0,43.0,44.19,Appartement,"2 pièce - 1 chambre - s, , 43 m²",59000,Lille,50.61317732280468,3.0703953390781438,https://www.seloger.com/annonces/locations/appartement/lille-59/275575821.htm,,2026-08-12,Lille / Non localisé,T2,,0,551784.0,0,551021.0,0,553122.0,0,552555.0,0,551011.0,0,550192.0,0,553637.0,0,,0,,0,551970.0,0,550702.0,0,550485.0,0,,0,552406.0,0,552864.0,0,552967.0,0,553188.0,0,554024.0,0,550527.0,0
1119,SeLoger,910.0,56.0,16.25,Appartement,"2 pièce - 1 chambre - s, , 56 m², RDC",59000,Lille,50.6094634110033,3.0284471978075613,https://www.seloger.com/annonce/location/hauts-de-france/nord-59/lille-59000/26RJITTSURM8,,2026-08-12,Lille / Non localisé,T2,,0,552118.0,0,551364.0,0,553452.0,0,552886.0,0,551354.0,0,550539.0,0,553968.0,0,,0,,0,552304.0,0,551045.0,0,550830.0,0,,0,552734.0,0,553214.0,0,553308.0,0,553518.0,0,554363.0,0,550872.0,0
1120,SeLoger,1450.0,84.0,17.26,Appartement,"3 pièce - 2 chambre - s, s, 84 m², étage",59000,Lille,50.63495121755638,3.0820024777995547,https://www.seloger.com/annonce/location/hauts-de-france/nord-59/lille-59000/26TA7ZZNNEWG,,2026-08-12,Lille / Non localisé,T3,,0,553932.0,0,553166.0,0,555273.0,0,554705.0,0,553156.0,0,552335.0,0,555787.0,0,,0,,0,554119.0,0,552846.0,0,552628.0,0,,0,554558.0,0,555005.0,0,555112.0,0,555339.0,0,556169.0,0,552670.0,0
1121,SeLoger,545.0,10.0,54.5,Colocation,"1 pièce - 3 chambre - Colocation , s, 10 m², étage",59000,Lille,50.63176888753665,3.053061737665603,https://www.seloger.com/annonce/location/hauts-de-france/nord-59/lille-59000/263E18V815IS,,2026-08-12,Lille / Non localisé,Studio/T1,,0,554088.0,0,553328.0,0,555426.0,0,554859.0,0,553318.0,0,552499.0,0,555941.0,0,,0,,0,554275.0,0,553008.0,0,552792.0,0,,0,554709.0,0,555172.0,0,555273.0,0,555492.0,0,556329.0,0,552834.0,0
1122,SeLoger,530.0,11.0,48.18,Colocation,"1 pièce - 3 chambre - Colocation , s, 11 m², étage",59000,Lille,50.63110899617088,3.057856208303876,https://www.seloger.com/annonce/location/hauts-de-france/nord-59/lille-59000/26URAA5QUG79,,2026-08-12,Lille / Non localisé,Studio/T1,,0,553934.0,0,553172.0,0,555272.0,0,554705.0,0,553162.0,0,552344.0,0,555787.0,0,,0,,0,554120.0,0,552853.0,0,552636.0,0,,0,554556.0,0,555016.0,0,555118.0,0,555338.0,0,556174.0,0,552678.0,0
1123,SeLoger,510.0,13.0,39.23,Colocation,"1 pièce - 1 chambre - Colocation , , 13 m², étage",59000,Lille,50.61313694258806,3.074709035110419,https://www.seloger.com/annonce/location/hauts-de-france/nord-59/lille-59000/26P3RN3BDJ9P,,2026-08-12,Lille / Non localisé,Studio/T1,,0,551705.0,0,550941.0,0,553044.0,0,552477.0,0,550932.0,0,550112.0,0,553558.0,0,,0,,0,551892.0,0,550622.0,0,550405.0,0,,0,552328.0,0,552784.0,0,552888.0,0,553110.0,0,553944.0,0,550447.0,0
1124,SeLoger,545.0,11.0,49.55,Colocation,"1 pièce - 4 chambre - Colocation , s, 11 m², étage",59000,Lille,50.62997663568781,3.0626077416268322,https://www.seloger.com/annonces/locations/appartement/lille-59/moulins/274005883.htm,,2026-08-12,Lille-Moulins,Studio/T1,,0,553730.0,0,552967.0,0,555068.0,0,554501.0,0,552957.0,0,552138.0,0,555583.0,0,,0,,0,553916.0,0,552648.0,0,552431.0,0,,0,554352.0,0,554810.0,0,554913.0,0,555134.0,0,555969.0,0,552473.0,0
1125,SeLoger,1004.0,83.4,12.04,Maison,"3 pièce - 2 chambre - Maison s, s, 83,4 m², 12 m² de terrain",59000,Lille,50.63580356844179,3.0387355693811533,https://www.seloger.com/annonces/locations/maison/lille-59/vauban-esquermes/273836615.htm,,2026-08-12,Vauban-Esquermes,Grand (T4+),,0,554773.0,0,554015.0,0,556109.0,0,555543.0,0,554005.0,0,553188.0,0,556625.0,0,,0,,0,554959.0,0,553696.0,0,553480.0,0,,0,555392.0,0,555861.0,0,555960.0,0,556175.0,0,557016.0,0,553521.0,0
1126,SeLoger,515.0,10.0,51.5,Colocation,"Colocation 10 m², RDC/2, disponible dès maintenant",59000,Lille,50.632609982438446,3.023610557371257,https://www.seloger.com/annonces/locations/appartement/lille-59/lomme-le-marais/26P4QDQU5KDQ.htm,,2026-08-12,Lille / Non localisé,Studio/T1,,0,554695.0,0,553940.0,0,556030.0,0,555463.0,0,553930.0,0,553114.0,0,556546.0,0,,0,,0,554881.0,0,553621.0,0,553406.0,0,,0,555312.0,0,555789.0,0,555885.0,0,556096.0,0,556940.0,0,553448.0,0
1127,SeLoger,1050.0,48.0,21.88,Colocation,"3 pièce - 2 chambre - Colocation s, s, 48 m², RDC/4",59000,Lille,50.6316796056874,3.022185301746943,https://www.seloger.com/annonces/locations/appartement/lille-59/wazemmes/25M3YRJ42NIY.htm,,2026-08-12,Lille / Non localisé,T3,,0,554620.0,0,553865.0,0,555954.0,0,555388.0,0,553856.0,0,553040.0,0,556470.0,0,,0,,0,554806.0,0,553547.0,0,553332.0,0,,0,555237.0,0,555715.0,0,555810.0,0,556021.0,0,556865.0,0,553373.0,0
1128,SeLoger,600.0,13.0,46.15,Colocation,"1 pièce - 2 chambre - Colocation , s, 13 m², étage",59000,Lille,50.633090558292515,3.060878471291274,https://www.seloger.com/annonce/location/hauts-de-france/nord-59/lille-59000/26QNSZ5IAJWK,,2026-08-12,Lille / Non localisé,Studio/T1,,0,554095.0,0,553333.0,0,555434.0,0,554866.0,0,553323.0,0,552504.0,0,555948.0,0,,0,,0,554282.0,0,553013.0,0,552797.0,0,,0,554717.0,0,555176.0,0,555279.0,0,555500.0,0,556335.0,0,552838.0,0
1129,SeLoger,580.0,11.0,52.73,Colocation,"1 pièce - 3 chambre - Colocation , s, 11 m², étage",59000,Lille,50.61931558535764,3.0298671276565465,https://www.seloger.com/annonce/location/hauts-de-france/nord-59/lille-59000/26XXYZ2AMEX1,,2026-08-12,Lille / Non localisé,Studio/T1,,0,553153.0,0,552398.0,0,554488.0,0,553922.0,0,552388.0,0,551572.0,0,555004.0,0,,0,,0,553339.0,0,552080.0,0,551864.0,0,,0,553770.0,0,554247.0,0,554343.0,0,554554.0,0,555398.0,0,551906.0,0
1130,SeLoger,510.0,10.0,51.0,Colocation,"1 pièce - 9 chambre - Colocation - , s, 10 m², étage",59000,Lille,50.6336788772498,3.0347110095390324,https://www.seloger.com/annonce/location/hauts-de-france/nord-59/lille-59000/26DUYT8V5RGV,,2026-08-12,Lille / Non localisé,Studio/T1,,0,554615.0,0,553857.0,0,555950.0,0,555384.0,0,553848.0,0,553031.0,0,556466.0,0,,0,,0,554801.0,0,553539.0,0,553323.0,0,,0,555233.0,0,555705.0,0,555802.0,0,556017.0,0,556858.0,0,553364.0,0
1131,SeLoger,555.0,11.0,50.45,Colocation,"1 pièce - 2 chambre - Colocation , s, 11 m², étage",59000,Lille,50.62958033993913,3.0247301113961873,https://www.seloger.com/annonce/location/hauts-de-france/nord-59/lille-59000/26SN89G8322D,,2026-08-12,Lille / Non localisé,Studio/T1,,0,554349.0,0,553594.0,0,555684.0,0,555118.0,0,553584.0,0,552768.0,0,556200.0,0,,0,,0,554535.0,0,553276.0,0,553060.0,0,,0,554966.0,0,555443.0,0,555539.0,0,555750.0,0,556594.0,0,553102.0,0
1132,SeLoger,600.0,11.0,54.55,Colocation,"1 pièce - 1 chambre - Colocation , , 11 m², étage",59000,Lille,50.626373307146125,3.087317949653055,https://www.seloger.com/annonce/location/hauts-de-france/nord-59/lille-59000/26667RTQKETT,,2026-08-12,Lille / Non localisé,Studio/T1,,0,552916.0,0,552149.0,0,554257.0,0,553689.0,0,552139.0,0,551318.0,0,554771.0,0,,0,,0,553103.0,0,551829.0,0,551611.0,0,,0,553542.0,0,553988.0,0,554096.0,0,554323.0,0,555153.0,0,551653.0,0
1133,SeLoger,590.0,10.0,59.0,Colocation,"1 pièce - 2 chambre - Colocation , s, 10 m², étage",59000,Lille,50.626562890152094,3.061555211927183,https://www.seloger.com/annonce/location/hauts-de-france/nord-59/lille-59000/26M82NNR5AF4,,2026-08-12,Lille / Non localisé,Studio/T1,,0,553380.0,0,552618.0,0,554718.0,0,554151.0,0,552608.0,0,551789.0,0,555233.0,0,,0,,0,553566.0,0,552299.0,0,552082.0,0,,0,554002.0,0,554461.0,0,554564.0,0,554784.0,0,555620.0,0,552123.0,0
1134,SeLoger,585.0,15.0,39.0,Colocation,"1 pièce - 6 chambre - Colocation , s, 15 m², étage",59000,Lille,50.62687714617922,3.021834647297316,https://www.seloger.com/annonce/location/hauts-de-france/nord-59/lille-59000/266JJ4MVX6GY,,2026-08-12,Lille / Non localisé,Studio/T1,,0,554109.0,0,553355.0,0,555443.0,0,554877.0,0,553345.0,0,552530.0,0,555960.0,0,,0,,0,554295.0,0,553037.0,0,552822.0,0,,0,554726.0,0,555205.0,0,555300.0,0,555510.0,0,556355.0,0,552863.0,0
1135,SeLoger,1680.0,91.0,18.46,Appartement,"3 pièce - 1 chambre - s, , 91 m², Étage 2/6",59000,Lille,50.64157113409574,3.0871630187427432,https://www.seloger.com/annonces/locations/appartement/lille-59/271443183.htm,,2026-08-12,Lille / Non localisé,T3,,0,554558.0,0,553790.0,0,555900.0,0,555332.0,0,553780.0,0,552959.0,0,556413.0,0,,0,,0,554746.0,0,553470.0,0,553252.0,0,,0,555185.0,0,555628.0,0,555737.0,0,555966.0,0,556794.0,0,553294.0,0
1136,SeLoger,515.0,15.0,34.33,Studio,"1 pièce - Studio , 15 m², dès le 17/08/2026",59000,Lille,50.646818645684554,3.051326727507924,https://www.seloger.com/annonce/location/hauts-de-france/nord-59/lille-59000/26WFTA8K1EGS,,2026-08-12,Lille / Non localisé,Studio/T1,,0,555740.0,0,554979.0,0,557078.0,0,556511.0,0,554969.0,0,554150.0,0,557593.0,0,,0,,0,555927.0,0,554660.0,0,554443.0,0,,0,556362.0,0,556823.0,0,556925.0,0,557144.0,0,557981.0,0,554485.0,0
1137,SeLoger,991.0,68.5,14.47,Appartement,"3 pièce - 2 chambre - s, s, 68,5 m², Étage 6/4",59000,Lille,50.633406490448124,3.0818341509029343,https://www.seloger.com/annonce/location/hauts-de-france/nord-59/lille-59000/26ZN8SXMH7GK,,2026-08-12,Lille / Non localisé,T3,,0,553769.0,0,553002.0,0,555109.0,0,554541.0,0,552992.0,0,552171.0,0,555623.0,0,,0,,0,553956.0,0,552682.0,0,552464.0,0,,0,554394.0,0,554842.0,0,554949.0,0,555175.0,0,556006.0,0,552506.0,0
1138,SeLoger,950.0,73.1,13.0,Appartement,"3 pièce - Duplex s, 73,1 m², RDC/3",59000,Lille,50.6441445065647,3.0524531968034383,https://www.seloger.com/annonce/location/hauts-de-france/nord-59/lille-59000/26FWBTE23MFB,,2026-08-12,Lille / Non localisé,T3,,0,555433.0,0,554671.0,0,556771.0,0,556204.0,0,554661.0,0,553843.0,0,557285.0,0,,0,,0,555619.0,0,554352.0,0,554135.0,0,,0,556054.0,0,556515.0,0,556617.0,0,556837.0,0,557673.0,0,554177.0,0
1139,SeLoger,498.0,28.0,17.79,Appartement,"1 pièce - 28 m², Étage 1/3",59000,Lille,50.624510784397856,3.0731208073380727,https://www.seloger.com/annonce/location/hauts-de-france/nord-59/lille-59000/26WAK2Q9ADMU,,2026-08-12,Lille / Non localisé,Studio/T1,,0,552959.0,0,552195.0,0,554298.0,0,553731.0,0,552185.0,0,551365.0,0,554812.0,0,,0,,0,553145.0,0,551875.0,0,551658.0,0,,0,553582.0,0,554036.0,0,554141.0,0,554364.0,0,555197.0,0,551700.0,0
1140,SeLoger,599.0,30.9,19.39,Appartement,"1 pièce - 30,9 m², étage, dès le 21/08/2026",59000,Lille,50.639287373543,3.0495562905475335,https://www.seloger.com/annonce/location/hauts-de-france/nord-59/lille-59000/26AQP9YMFR18,,2026-08-12,Lille / Non localisé,Studio/T1,,0,554960.0,0,554199.0,0,556297.0,0,555730.0,0,554189.0,0,553371.0,0,556812.0,0,,0,,0,555146.0,0,553880.0,0,553663.0,0,,0,555580.0,0,556043.0,0,556145.0,0,556363.0,0,557201.0,0,553705.0,0
1141,SeLoger,480.0,11.0,43.64,Colocation,"1 pièce - 1 chambre - Colocation , , 11 m², Étage 1/2",59000,Lille,50.63120939086391,3.074508309324541,https://www.seloger.com/wl-cdp/2692WEXA7HIH,,2026-08-12,Lille / Non localisé,Studio/T1,,0,553657.0,0,552892.0,0,554997.0,0,554430.0,0,552882.0,0,552062.0,0,555511.0,0,,0,,0,553844.0,0,552573.0,0,552355.0,0,,0,554281.0,0,554733.0,0,554839.0,0,555063.0,0,555895.0,0,552397.0,0
1142,SeLoger,560.0,11.0,50.91,Colocation,"1 pièce - 7 chambre - Colocation , s, 11 m², dès le 15/08/2026",59000,Lille,50.62042240004368,3.073788173382111,https://www.seloger.com/annonce/location/hauts-de-france/nord-59/lille-59000/265RGB73JTDP,,2026-08-12,Lille / Non localisé,Studio/T1,,0,552506.0,0,551742.0,0,553846.0,0,553278.0,0,551733.0,0,550913.0,0,554360.0,0,,0,,0,552693.0,0,551423.0,0,551206.0,0,,0,553130.0,0,553584.0,0,553689.0,0,553912.0,0,554745.0,0,551248.0,0
1143,SeLoger,610.0,10.0,61.0,Colocation,"1 pièce - 2 chambre - Colocation , s, 10 m², RDC",59000,Lille,50.63109439795394,3.0323629004491583,https://www.seloger.com/annonce/location/hauts-de-france/nord-59/lille-59000/26S25U6TESBJ,,2026-08-12,Lille / Non localisé,Studio/T1,,0,554378.0,0,553621.0,0,555713.0,0,555147.0,0,553611.0,0,552795.0,0,556229.0,0,,0,,0,554564.0,0,553302.0,0,553087.0,0,,0,554996.0,0,555469.0,0,555566.0,0,555779.0,0,556621.0,0,553128.0,0
1144,SeLoger,1040.0,80.0,13.0,Maison,"4 pièce - 3 chambre - Maison s, s, 80 m²",59000,Lille,50.64182897049584,3.0629150694482377,https://www.seloger.com/annonce/location/hauts-de-france/nord-59/lille-59000/26W8VV92XCI7,,2026-08-12,Lille / Non localisé,Grand (T4+),,0,555002.0,0,554238.0,0,556341.0,0,555774.0,0,554229.0,0,553409.0,0,556855.0,0,,0,,0,555189.0,0,553919.0,0,553702.0,0,,0,555625.0,0,556081.0,0,556185.0,0,556407.0,0,557241.0,0,553744.0,0
1145,SeLoger,545.0,12.0,45.42,Colocation,"1 pièce - 4 chambre - Colocation - , s, 12 m², étage",59000,Lille,50.63149916149389,3.0755291875981166,https://www.seloger.com/annonce/location/hauts-de-france/nord-59/lille-59000/26SXYRVZUAHL,,2026-08-12,Lille / Non localisé,Studio/T1,,0,553671.0,0,552906.0,0,555011.0,0,554443.0,0,552896.0,0,552076.0,0,555525.0,0,,0,,0,553858.0,0,552586.0,0,552369.0,0,,0,554295.0,0,554747.0,0,554852.0,0,555077.0,0,555909.0,0,552411.0,0
1146,SeLoger,595.0,10.0,59.5,Colocation,"1 pièce - 2 chambre - Colocation , s, 10 m², étage",59000,Lille,50.64720765983301,3.0631846106609175,https://www.seloger.com/annonce/location/hauts-de-france/nord-59/lille-59000/26QHJIY4UJXK,,2026-08-12,Lille / Non localisé,Studio/T1,,0,555577.0,0,554813.0,0,556916.0,0,556349.0,0,554803.0,0,553984.0,0,557431.0,0,,0,,0,555764.0,0,554494.0,0,554276.0,0,,0,556201.0,0,556655.0,0,556760.0,0,556982.0,0,557816.0,0,554318.0,0
1147,SeLoger,545.0,13.0,41.92,Colocation,"1 pièce - 3 chambre - Colocation , s, 13 m², étage",59000,Lille,50.62033171627451,3.0383830497575293,https://www.seloger.com/annonce/location/hauts-de-france/nord-59/lille-59000/26YMVVWZBUKZ,,2026-08-12,Lille / Non localisé,Studio/T1,,0,553113.0,0,552356.0,0,554448.0,0,553882.0,0,552346.0,0,551529.0,0,554964.0,0,,0,,0,553299.0,0,552037.0,0,551822.0,0,,0,553731.0,0,554204.0,0,554301.0,0,554514.0,0,555356.0,0,551863.0,0
1148,SeLoger,585.0,11.0,53.18,Colocation,"1 pièce - 2 chambre - Colocation , s, 11 m², étage",59000,Lille,50.624447630507056,3.087386497604618,https://www.seloger.com/annonces/locations/appartement/lille-59/274001153.htm,,2026-08-12,Lille / Non localisé,Studio/T1,,0,552707.0,0,551940.0,0,554048.0,0,553480.0,0,551930.0,0,551109.0,0,554562.0,0,,0,,0,552894.0,0,551620.0,0,551402.0,0,,0,553333.0,0,553780.0,0,553887.0,0,554114.0,0,554944.0,0,551444.0,0
1149,SeLoger,570.0,10.0,57.0,Colocation,"1 pièce - 3 chambre - Colocation , s, 10 m², étage",59000,Lille,50.65060917294233,3.0835998623672123,https://www.seloger.com/annonce/location/hauts-de-france/nord-59/lille-59000/26GIAE1S82YG,,2026-08-12,Lille / Non localisé,Studio/T1,,0,555594.0,0,554826.0,0,556936.0,0,556368.0,0,554816.0,0,553995.0,0,557449.0,0,,0,,0,555781.0,0,554506.0,0,554288.0,0,,0,556221.0,0,556664.0,0,556773.0,0,557002.0,0,557830.0,0,554330.0,0
1150,SeLoger,620.0,10.0,62.0,Colocation,"1 pièce - 2 chambre - Colocation , s, 10 m², étage",59000,Lille,50.61403398816442,3.051877538590711,https://www.seloger.com/annonce/location/hauts-de-france/nord-59/lille-59000/26YUENFQ1WND,,2026-08-12,Lille / Non localisé,Studio/T1,,0,552198.0,0,551439.0,0,553535.0,0,552968.0,0,551429.0,0,550612.0,0,554050.0,0,,0,,0,552384.0,0,551120.0,0,550904.0,0,,0,552818.0,0,553285.0,0,553384.0,0,553601.0,0,554440.0,0,550945.0,0
1151,SeLoger,780.0,45.0,17.33,Appartement,"3 pièce - 2 chambre - s, s, 45 m²",59000,Lille,50.629215414212354,3.0217219198541327,https://www.seloger.com/annonce/location/hauts-de-france/nord-59/lille-59000/267N96WSIDE9,,2026-08-12,Lille / Non localisé,T3,,0,554363.0,0,553608.0,0,555697.0,0,555131.0,0,553599.0,0,552783.0,0,556213.0,0,,0,,0,554549.0,0,553290.0,0,553075.0,0,,0,554979.0,0,555458.0,0,555553.0,0,555763.0,0,556608.0,0,553116.0,0
1152,SeLoger,1900.0,120.6,15.75,Appartement,"4 pièce - 3 chambre - s, s, 120,6 m², Étage 4/4",59000,Lille,50.64026072509213,3.091645465505625,https://www.seloger.com/annonces/locations/appartement/lille-59/saint-maurice-pellevoisin/275473315.htm,,2026-08-12,Saint-Maurice Pellevoisin,Grand (T4+),,0,554341.0,0,553572.0,0,555683.0,0,555115.0,0,553562.0,0,552740.0,0,556196.0,0,,0,,0,554528.0,0,553252.0,0,553033.0,0,,0,554968.0,0,555409.0,0,555519.0,0,555748.0,0,556576.0,0,553075.0,0
1153,SeLoger,590.0,26.2,22.52,Colocation,"5 pièce - 4 chambre - Colocation s, s, 26,2 m², étage",59000,Lille,50.617831372987325,3.044761998062268,https://www.seloger.com/annonce/location/hauts-de-france/nord-59/lille-59000/26PRHSWQX77E,,2026-08-12,Lille / Non localisé,Grand (T4+),,0,552732.0,0,551974.0,0,554068.0,0,553501.0,0,551964.0,0,551147.0,0,554583.0,0,,0,,0,552918.0,0,551655.0,0,551439.0,0,,0,553351.0,0,553820.0,0,553919.0,0,554134.0,0,554974.0,0,551480.0,0
1154,SeLoger,900.0,71.1,12.66,Appartement,"3 pièce - 2 chambre - s, s, 71,1 m², étage",59000,Lille,50.61776021371562,3.036074926966894,https://www.seloger.com/annonces/locations/appartement/lille-59/275551257.htm,,2026-08-12,Lille / Non localisé,T3,,0,552876.0,0,552120.0,0,554212.0,0,553645.0,0,552110.0,0,551294.0,0,554727.0,0,,0,,0,553062.0,0,551802.0,0,551586.0,0,,0,553494.0,0,553968.0,0,554065.0,0,554278.0,0,555120.0,0,551627.0,0
1155,SeLoger,502.0,24.0,20.92,Appartement,"1 pièce - 24 m², étage",59000,Lille,50.62489593679483,3.0713866016029345,https://www.seloger.com/annonce/location/hauts-de-france/nord-59/lille-59000/26Z38BJDEQJT,,2026-08-12,Lille / Non localisé,Studio/T1,,0,553030.0,0,552266.0,0,554369.0,0,553802.0,0,552256.0,0,551437.0,0,554884.0,0,,0,,0,553217.0,0,551947.0,0,551730.0,0,,0,553653.0,0,554108.0,0,554213.0,0,554435.0,0,555269.0,0,551772.0,0
1156,SeLoger,700.0,28.0,25.0,Appartement,"1 pièce - 28 m², étage",59000,Lille,50.61878712463606,3.0853221607695014,https://www.seloger.com/annonce/location/hauts-de-france/nord-59/lille-59000/26YNKRLZKH87,,2026-08-12,Lille / Non localisé,Studio/T1,,0,552132.0,0,551366.0,0,553472.0,0,552905.0,0,551356.0,0,550535.0,0,553986.0,0,,0,,0,552319.0,0,551046.0,0,550828.0,0,,0,552757.0,0,553206.0,0,553313.0,0,553538.0,0,554369.0,0,550870.0,0
1157,SeLoger,1080.0,53.6,20.15,Appartement,"2 pièce - 1 chambre - s, , 53,6 m², Étage 2/3",59000,Lille,50.60923993567271,3.05310350803435,https://www.seloger.com/annonce/location/hauts-de-france/nord-59/lille-59000/26LZKXT4YTW3,,2026-08-12,Lille / Non localisé,T2,,0,551660.0,0,550901.0,0,552997.0,0,552430.0,0,550891.0,0,550074.0,0,553512.0,0,,0,,0,551846.0,0,550582.0,0,550366.0,0,,0,552280.0,0,552747.0,0,552847.0,0,553063.0,0,553902.0,0,550408.0,0
1158,SeLoger,1200.0,69.2,17.34,Appartement,"3 pièce - 2 chambre - s, s, 69,2 m², étage",59000,Lille,50.64332471459645,3.049627328437822,https://www.seloger.com/annonces/locations/appartement/lille-59/275454175.htm,,2026-08-12,Lille / Non localisé,T3,,0,555393.0,0,554632.0,0,556731.0,0,556164.0,0,554622.0,0,553804.0,0,557246.0,0,,0,,0,555580.0,0,554313.0,0,554097.0,0,,0,556015.0,0,556477.0,0,556578.0,0,556797.0,0,557634.0,0,554138.0,0
1159,SeLoger,1995.0,69.7,28.62,Appartement,"3 pièce - 2 chambre - s, s, 69,7 m², RDC/1",59000,Lille,50.648394153703116,3.061422756962435,https://www.seloger.com/annonces/locations/appartement/lille-59/vieux-lille/273642497.htm,,2026-08-12,Vieux-Lille,T3,,0,555736.0,0,554972.0,0,557075.0,0,556507.0,0,554962.0,0,554142.0,0,557589.0,0,,0,,0,555922.0,0,554652.0,0,554435.0,0,,0,556359.0,0,556814.0,0,556918.0,0,557141.0,0,557975.0,0,554477.0,0
1160,SeLoger,640.0,36.1,17.73,Appartement,"2 pièce - 1 chambre - s, , 36,1 m², étage",59000,Lille,45.78191201037776,4.81322290619017,https://www.seloger.com/annonces/locations/appartement/lille-59/lille-sud/274670537.htm,,2026-08-12,Lille-Sud,T2,,0,708.0,0,514.0,0,944.0,0,497.0,1,588.0,0,289.0,4,1223.0,0,,0,,0,511.0,0,698.0,0,400.0,3,,0,173.0,1,3083.0,0,946.0,0,961.0,0,1969.0,0,439.0,2
1161,SeLoger,575.0,10.0,57.5,Colocation,"1 pièce - 2 chambre - Colocation , s, 10 m², étage",59000,Lille,50.65235422290931,3.087063681146322,https://www.seloger.com/annonce/location/hauts-de-france/nord-59/lille-59000/2691X1KHEPWV,,2026-08-12,Lille / Non localisé,Studio/T1,,0,555724.0,0,554955.0,0,557065.0,0,556498.0,0,554945.0,0,554123.0,0,557579.0,0,,0,,0,555911.0,0,554635.0,0,554416.0,0,,0,556351.0,0,556792.0,0,556902.0,0,557131.0,0,557959.0,0,554458.0,0
1162,SeLoger,530.0,10.0,53.0,Colocation,"1 pièce - 3 chambre - Colocation , s, 10 m², étage",59000,Lille,50.61228792480594,3.037977262603012,https://www.seloger.com/annonce/location/hauts-de-france/nord-59/lille-59000/269ITGGFC26X,,2026-08-12,Lille / Non localisé,Studio/T1,,0,552254.0,0,551497.0,0,553589.0,0,553023.0,0,551488.0,0,550671.0,0,554105.0,0,,0,,0,552440.0,0,551179.0,0,550963.0,0,,0,552872.0,0,553346.0,0,553442.0,0,553655.0,0,554498.0,0,551005.0,0
1163,SeLoger,695.0,28.0,24.82,Appartement,"1 pièce - 1 chambre - 28 m², RDC",59000,Lille,50.63877720257014,3.0402098504609545,https://www.seloger.com/annonce/location/hauts-de-france/nord-59/lille-59000/26SFKEQZE1WA,,2026-08-12,Lille / Non localisé,Studio/T1,,0,555068.0,0,554309.0,0,556404.0,0,555837.0,0,554299.0,0,553481.0,0,556919.0,0,,0,,0,555254.0,0,553990.0,0,553774.0,0,,0,555687.0,0,556155.0,0,556254.0,0,556470.0,0,557310.0,0,553815.0,0
1164,SeLoger,555.0,10.0,55.5,Colocation,"1 pièce - 4 chambre - Colocation , s, 10 m², étage",59000,Lille,50.63231045882367,3.0799594169151074,https://www.seloger.com/annonce/location/hauts-de-france/nord-59/lille-59000/26GQCTHDRLGX,,2026-08-12,Lille / Non localisé,Studio/T1,,0,553682.0,0,552916.0,0,555023.0,0,554455.0,0,552906.0,0,552086.0,0,555537.0,0,,0,,0,553869.0,0,552597.0,0,552379.0,0,,0,554307.0,0,554756.0,0,554863.0,0,555089.0,0,555920.0,0,552421.0,0
1165,SeLoger,570.0,13.0,43.85,Colocation,"1 pièce - 2 chambre - Colocation , s, 13 m², étage",59000,Lille,50.634017162295095,3.0460580676301854,https://www.seloger.com/annonces/locations/appartement/lille-59/wazemmes/264557805.htm,,2026-08-12,Wazemmes,Studio/T1,,0,554453.0,0,553693.0,0,555789.0,0,555223.0,0,553683.0,0,552865.0,0,556305.0,0,,0,,0,554639.0,0,553374.0,0,553158.0,0,,0,555073.0,0,555538.0,0,555638.0,0,555856.0,0,556694.0,0,553199.0,0
1166,SeLoger,1195.0,47.0,25.43,Appartement,"2 pièce - 1 chambre - s, , 47 m², étage",59000,Lille,50.634875894399315,3.0379541254569484,https://www.seloger.com/annonce/location/hauts-de-france/nord-59/lille-59000/26LWNTNNN4XP,,2026-08-12,Lille / Non localisé,T2,,0,554687.0,0,553929.0,0,556023.0,0,555456.0,0,553919.0,0,553102.0,0,556538.0,0,,0,,0,554873.0,0,553610.0,0,553394.0,0,,0,555306.0,0,555775.0,0,555874.0,0,556089.0,0,556930.0,0,553436.0,0
1167,SeLoger,570.0,16.0,35.62,Studio,"1 pièce - Studio , 16 m², étage",59000,Lille,50.64451294183783,3.0649413143101696,https://www.seloger.com/annonce/location/hauts-de-france/nord-59/lille-59000/261EJIN46AC1,,2026-08-12,Lille / Non localisé,Studio/T1,,0,555256.0,0,554492.0,0,556596.0,0,556028.0,0,554482.0,0,553663.0,0,557110.0,0,,0,,0,555443.0,0,554173.0,0,553955.0,0,,0,555880.0,0,556334.0,0,556439.0,0,556662.0,0,557495.0,0,553997.0,0
1168,SeLoger,550.0,11.0,50.0,Colocation,"1 pièce - 3 chambre - Colocation , s, 11 m², étage",59000,Lille,50.63089117517608,3.049993704109319,https://www.seloger.com/annonce/location/hauts-de-france/nord-59/lille-59000/26F9FVNM4UQN,,2026-08-12,Lille / Non localisé,Studio/T1,,0,554047.0,0,553287.0,0,555384.0,0,554818.0,0,553277.0,0,552459.0,0,555899.0,0,,0,,0,554233.0,0,552968.0,0,552752.0,0,,0,554668.0,0,555132.0,0,555233.0,0,555450.0,0,556289.0,0,552793.0,0
1169,SeLoger,540.0,15.0,36.0,Appartement,"1 pièce - Duplex , 15 m², Étage 1/3",59000,Lille,50.615567150854346,3.0481274332440975,https://www.seloger.com/annonces/locations/appartement/lille-59/261956241.htm,,2026-08-12,Lille / Non localisé,Studio/T1,,0,552429.0,0,551670.0,0,553765.0,0,553199.0,0,551660.0,0,550843.0,0,554280.0,0,,0,,0,552615.0,0,551351.0,0,551135.0,0,,0,553048.0,0,553517.0,0,553616.0,0,553831.0,0,554671.0,0,551177.0,0
1170,SeLoger,516.0,11.0,46.91,Appartement,"1 pièce - 1 chambre - 11 m², RDC/2",59000,Lille,50.624228392808554,3.0469370750026252,https://www.seloger.com/annonces/locations/appartement/lille-59/wazemmes/276250469.htm,,2026-08-12,Wazemmes,Studio/T1,,0,553383.0,0,552624.0,0,554719.0,0,554153.0,0,552614.0,0,551796.0,0,555234.0,0,,0,,0,553569.0,0,552305.0,0,552089.0,0,,0,554002.0,0,554470.0,0,554569.0,0,554785.0,0,555625.0,0,552130.0,0
1171,SeLoger,1558.0,93.0,16.75,Appartement,"3 pièce - 2 chambre - s, s, 93 m², Étage 3/5",59000,Lille,50.64812966014567,3.057739564800367,https://www.seloger.com/annonces/locations/appartement/lille-59/271648885.htm,,2026-08-12,Lille / Non localisé,T3,,0,555771.0,0,555008.0,0,557109.0,0,556542.0,0,554998.0,0,554179.0,0,557624.0,0,,0,,0,555957.0,0,554688.0,0,554471.0,0,,0,556393.0,0,556850.0,0,556954.0,0,557175.0,0,558010.0,0,554513.0,0
1172,SeLoger,731.0,45.4,16.1,Appartement,"2 pièce - 1 chambre - s, , 45,4 m², étage",59000,Lille,50.62171410117501,3.096529619503861,https://www.seloger.com/annonce/location/hauts-de-france/nord-59/lille-59000/26X33Q1I8AEG,,2026-08-12,Lille / Non localisé,T2,,0,552256.0,0,551488.0,0,553598.0,0,553030.0,0,551478.0,0,550656.0,0,554111.0,0,,0,,0,552443.0,0,551168.0,0,550949.0,0,,0,552883.0,0,553326.0,0,553435.0,0,553664.0,0,554492.0,0,550992.0,0
1173,SeLoger,779.0,39.0,19.97,Appartement,"2 pièce - 1 chambre - s, , 39 m², Étage 3/5",59000,Lille,50.63251739265079,3.052894710874456,https://www.seloger.com/annonces/locations/appartement/lille-59/276118171.htm,,2026-08-12,Lille / Non localisé,T2,,0,554172.0,0,553411.0,0,555509.0,0,554943.0,0,553401.0,0,552583.0,0,556024.0,0,,0,,0,554358.0,0,553092.0,0,552875.0,0,,0,554793.0,0,555256.0,0,555357.0,0,555575.0,0,556413.0,0,552917.0,0
1174,SeLoger,1450.0,75.0,19.33,Appartement,"2 pièce - 1 chambre - s, , 75 m², étage",59000,Lille,50.609054367201935,3.0360951013731747,https://www.seloger.com/annonce/location/hauts-de-france/nord-59/lille-59000/26TGQ92Q9C9N,,2026-08-12,Lille / Non localisé,T2,,0,551939.0,0,551183.0,0,553274.0,0,552707.0,0,551173.0,0,550357.0,0,553789.0,0,,0,,0,552125.0,0,550865.0,0,550649.0,0,,0,552556.0,0,553032.0,0,553128.0,0,553340.0,0,554183.0,0,550691.0,0
1175,SeLoger,487.0,18.2,26.76,Appartement,"1 pièce - 18,2 m², RDC",59000,Lille,50.62435399710263,3.0673012631504615,https://www.seloger.com/wl-cdp/263PTGJ3RIH9,,2026-08-12,Lille / Non localisé,Studio/T1,,0,553042.0,0,552279.0,0,554381.0,0,553814.0,0,552269.0,0,551450.0,0,554895.0,0,,0,,0,553229.0,0,551960.0,0,551743.0,0,,0,553665.0,0,554122.0,0,554225.0,0,554447.0,0,555282.0,0,551785.0,0
1176,SeLoger,1051.0,60.5,17.37,Appartement,"3 pièce - 2 chambre - s, s, 60,5 m², Étage 2/3",59000,Lille,50.619414012906276,3.030090274968057,https://www.seloger.com/annonces/locations/appartement/lille-59/275779493.htm,,2026-08-12,Lille / Non localisé,T3,,0,553160.0,0,552405.0,0,554495.0,0,553929.0,0,552395.0,0,551579.0,0,555011.0,0,,0,,0,553346.0,0,552086.0,0,551871.0,0,,0,553777.0,0,554254.0,0,554349.0,0,554561.0,0,555405.0,0,551912.0,0
1177,SeLoger,1145.0,71.1,16.1,Appartement,"3 pièce - 2 chambre - s, s, 71,1 m², RDC/5",59000,Lille,50.63445171906833,3.0401807907651563,https://www.seloger.com/annonces/locations/appartement/lille-59/vauban-esquermes/270165525.htm,,2026-08-12,Vauban-Esquermes,T3,,0,554602.0,0,553844.0,0,555938.0,0,555372.0,0,553834.0,0,553017.0,0,556454.0,0,,0,,0,554788.0,0,553525.0,0,553309.0,0,,0,555221.0,0,555690.0,0,555789.0,0,556004.0,0,556845.0,0,553350.0,0
1178,SeLoger,625.0,28.3,22.08,Appartement,"1 pièce - 28,3 m², RDC",59000,Lille,50.61532864299,3.076518624596563,https://www.seloger.com/annonce/location/hauts-de-france/nord-59/lille-59000/26GUHB2KHJ7K,,2026-08-12,Lille / Non localisé,Studio/T1,,0,551910.0,0,551146.0,0,553249.0,0,552682.0,0,551136.0,0,550316.0,0,553764.0,0,,0,,0,552097.0,0,550827.0,0,550609.0,0,,0,552534.0,0,552988.0,0,553092.0,0,553315.0,0,554149.0,0,550651.0,0
1179,SeLoger,1399.0,77.0,18.17,Colocation,"4 pièce - 3 chambre - Colocation s, s, 77 m², Étage 1/3",59000,Lille,50.65526974561154,3.0884428171411735,https://www.seloger.com/annonce/location/hauts-de-france/nord-59/lille-59000/267MVMIIJR65,,2026-08-12,Lille / Non localisé,Grand (T4+),,0,556015.0,0,555245.0,0,557357.0,0,556789.0,0,555235.0,0,554413.0,0,557870.0,0,,0,,0,556202.0,0,554925.0,0,554707.0,0,,0,556642.0,0,557083.0,0,557193.0,0,557423.0,0,558250.0,0,554749.0,0
1180,SeLoger,1208.0,84.3,14.33,Appartement,"3 pièce - 2 chambre - s, s, 84,3 m², étage",59000,Lille,50.63106490495475,3.0749309670130747,https://www.seloger.com/annonces/locations/appartement/lille-59/centre/275043953.htm,,2026-08-12,Lille-Centre,T3,,0,553634.0,0,552869.0,0,554974.0,0,554407.0,0,552859.0,0,552039.0,0,555488.0,0,,0,,0,553821.0,0,552550.0,0,552332.0,0,,0,554258.0,0,554710.0,0,554816.0,0,555040.0,0,555872.0,0,552374.0,0
1181,SeLoger,620.0,16.0,38.75,Colocation,"1 pièce - 2 chambre - Colocation , s, 16 m², étage",59000,Lille,50.63698270896643,3.064074333786638,https://www.seloger.com/annonce/location/hauts-de-france/nord-59/lille-59000/26HJNGD68ZWP,,2026-08-12,Lille / Non localisé,Studio/T1,,0,554460.0,0,553696.0,0,555798.0,0,555231.0,0,553686.0,0,552867.0,0,556313.0,0,,0,,0,554646.0,0,553377.0,0,553160.0,0,,0,555082.0,0,555538.0,0,555642.0,0,555864.0,0,556699.0,0,553201.0,0
1182,SeLoger,1500.0,148.9,10.07,Appartement,"4 pièce - 3 chambre - s, s, 148,9 m², RDC",59000,Lille,50.637469318198235,3.044825927443311,https://www.seloger.com/annonces/locations/appartement/lille-59/vauban-esquermes/271140453.htm,,2026-08-12,Vauban-Esquermes,Grand (T4+),,0,554846.0,0,554086.0,0,556183.0,0,555616.0,0,554077.0,0,553259.0,0,556698.0,0,,0,,0,555032.0,0,553767.0,0,553551.0,0,,0,555466.0,0,555932.0,0,556032.0,0,556249.0,0,557088.0,0,553593.0,0
1183,SeLoger,505.0,12.0,42.08,Colocation,"1 pièce - 1 chambre - Colocation , , 12 m², étage",59000,Lille,50.6482881184516,3.0527606017946396,https://www.seloger.com/annonce/location/hauts-de-france/nord-59/lille-59000/26C37S6Q5PHY,,2026-08-12,Lille / Non localisé,Studio/T1,,0,555874.0,0,555112.0,0,557212.0,0,556645.0,0,555102.0,0,554283.0,0,557727.0,0,,0,,0,556060.0,0,554793.0,0,554576.0,0,,0,556496.0,0,556955.0,0,557058.0,0,557278.0,0,558114.0,0,554618.0,0
1184,SeLoger,970.0,49.6,19.56,Appartement,"2 pièce - 1 chambre - s, , 49,6 m², étage",59000,Lille,50.64066378982778,3.0369809917891533,https://www.seloger.com/annonce/location/hauts-de-france/nord-59/lille-59000/26PNKSU6DWA7,,2026-08-12,Lille / Non localisé,T2,,0,555327.0,0,554569.0,0,556663.0,0,556097.0,0,554559.0,0,553742.0,0,557179.0,0,,0,,0,555513.0,0,554250.0,0,554034.0,0,,0,555946.0,0,556415.0,0,556514.0,0,556730.0,0,557570.0,0,554076.0,0
1185,SeLoger,1392.0,67.0,20.78,Appartement,"4 pièce - 3 chambre - s, s, 67 m², étage",59000,Lille,50.62931887803711,3.0175971354594258,https://www.seloger.com/annonces/locations/appartement/lille-59/276324227.htm,,2026-08-12,Lille / Non localisé,Grand (T4+),,0,554447.0,0,553693.0,0,555781.0,0,555215.0,0,553684.0,0,552869.0,0,556297.0,0,,0,,0,554633.0,0,553375.0,0,553160.0,0,,0,555063.0,0,555544.0,0,555638.0,0,555847.0,0,556693.0,0,553202.0,0
1186,SeLoger,1600.0,80.0,20.0,Appartement,"4 pièce - 3 chambre - s, s, 80 m²",59000,Lille,50.63344046898661,3.036713019048888,https://www.seloger.com/annonces/locations/appartement/lille-59/vauban-esquermes/276513917.htm,,2026-08-12,Vauban-Esquermes,Grand (T4+),,0,554554.0,0,553796.0,0,555890.0,0,555323.0,0,553786.0,0,552969.0,0,556405.0,0,,0,,0,554740.0,0,553477.0,0,553262.0,0,,0,555173.0,0,555643.0,0,555741.0,0,555956.0,0,556797.0,0,553303.0,0
1187,SeLoger,898.0,79.3,11.32,Appartement,"3 pièce - 2 chambre - s, s, 79,3 m², étage",59000,Lille,50.628311958907055,3.0589354021958233,https://www.seloger.com/annonces/locations/appartement/lille-59/275523967.htm,,2026-08-12,Lille / Non localisé,T3,,0,553614.0,0,552852.0,0,554952.0,0,554385.0,0,552842.0,0,552024.0,0,555466.0,0,,0,,0,553800.0,0,552533.0,0,552316.0,0,,0,554235.0,0,554696.0,0,554798.0,0,555018.0,0,555854.0,0,552358.0,0
1188,SeLoger,949.0,44.5,21.33,Appartement,"2 pièce - 1 chambre - s, , 44,5 m², Étage 1/2",59000,Lille,50.631904565350524,3.017376597529716,https://www.seloger.com/annonce/location/hauts-de-france/nord-59/lille-59000/26IDTPGKBXLK,,2026-08-12,Lille / Non localisé,T2,,0,554729.0,0,553976.0,0,556063.0,0,555497.0,0,553966.0,0,553151.0,0,556579.0,0,,0,,0,554915.0,0,553657.0,0,553442.0,0,,0,555345.0,0,555826.0,0,555920.0,0,556129.0,0,556975.0,0,553484.0,0
1189,SeLoger,750.0,48.0,15.62,Appartement,"2 pièce - 1 chambre - s, , 48 m², Étage 2/3",59000,Lille,50.63065280187012,3.017833404420752,https://www.seloger.com/annonce/location/hauts-de-france/nord-59/lille-59000/26B1BRPNZQ7P,,2026-08-12,Lille / Non localisé,T2,,0,554587.0,0,553833.0,0,555920.0,0,555354.0,0,553823.0,0,553008.0,0,556437.0,0,,0,,0,554772.0,0,553514.0,0,553300.0,0,,0,555203.0,0,555683.0,0,555777.0,0,555987.0,0,556832.0,0,553341.0,0
1190,SeLoger,570.0,11.0,51.82,Colocation,"1 pièce - 1 chambre - Colocation , , 11 m², étage",59000,Lille,50.630486001097744,3.0335364753696688,https://www.seloger.com/annonce/location/hauts-de-france/nord-59/lille-59000/26CV6YVP3E96,,2026-08-12,Lille / Non localisé,Studio/T1,,0,554291.0,0,553535.0,0,555627.0,0,555061.0,0,553525.0,0,552708.0,0,556143.0,0,,0,,0,554477.0,0,553216.0,0,553000.0,0,,0,554910.0,0,555382.0,0,555480.0,0,555693.0,0,556535.0,0,553042.0,0
1191,SeLoger,1290.0,64.9,19.88,Appartement,"3 pièce - 2 chambre - s, s, 64,9 m², étage",59000,Lille,50.63815357874182,3.0695572828843214,https://www.seloger.com/annonces/locations/appartement/lille-59/vieux-lille/274670583.htm,,2026-08-12,Vieux-Lille,T3,,0,554491.0,0,553727.0,0,555831.0,0,555263.0,0,553717.0,0,552897.0,0,556345.0,0,,0,,0,554678.0,0,553407.0,0,553190.0,0,,0,555115.0,0,555568.0,0,555673.0,0,555897.0,0,556730.0,0,553232.0,0
1192,SeLoger,920.0,75.0,12.27,Appartement,"3 pièce - 2 chambre - s, s, 75 m², étage",59000,Lille,50.62184626518068,3.0514093680418317,https://www.seloger.com/annonces/locations/appartement/lille-59/274670569.htm,,2026-08-12,Lille / Non localisé,T3,,0,553048.0,0,552288.0,0,554385.0,0,553818.0,0,552278.0,0,551461.0,0,554900.0,0,,0,,0,553234.0,0,551969.0,0,551753.0,0,,0,553668.0,0,554134.0,0,554234.0,0,554451.0,0,555290.0,0,551795.0,0
1193,SeLoger,1399.0,77.0,18.17,Maison,"4 pièce - 3 chambre - Maison de ville s, s, 77 m²",59000,Lille,50.63265692291547,3.052205590141003,https://www.seloger.com/annonces/locations/maison/lille-59/268405575.htm,,2026-08-12,Lille / Non localisé,Grand (T4+),,0,554199.0,0,553438.0,0,555536.0,0,554970.0,0,553428.0,0,552610.0,0,556051.0,0,,0,,0,554385.0,0,553119.0,0,552903.0,0,,0,554820.0,0,555283.0,0,555384.0,0,555602.0,0,556440.0,0,552944.0,0
1194,SeLoger,623.0,16.0,38.94,Studio,"1 pièce - Studio , 16 m², étage",59000,Lille,50.63196414507431,3.049871822739312,https://www.seloger.com/annonce/location/hauts-de-france/nord-59/lille-59000/264XJD3MWFUB,,2026-08-12,Lille / Non localisé,Studio/T1,,0,554165.0,0,553405.0,0,555502.0,0,554935.0,0,553395.0,0,552577.0,0,556017.0,0,,0,,0,554351.0,0,553086.0,0,552869.0,0,,0,554785.0,0,555250.0,0,555350.0,0,555568.0,0,556406.0,0,552911.0,0
1195,SeLoger,670.0,15.0,44.67,Colocation,"1 pièce - 6 chambre - Colocation , s, 15 m², étage",59000,Lille,50.628988024700114,3.0317446477592753,https://www.seloger.com/annonce/location/hauts-de-france/nord-59/lille-59000/26DRW4JWE7B4,,2026-08-12,Lille / Non localisé,Studio/T1,,0,554162.0,0,553405.0,0,555497.0,0,554931.0,0,553396.0,0,552579.0,0,556013.0,0,,0,,0,554348.0,0,553087.0,0,552871.0,0,,0,554780.0,0,555253.0,0,555350.0,0,555563.0,0,556406.0,0,552913.0,0
1196,SeLoger,1049.0,70.0,14.99,Appartement,"3 pièce - 2 chambre - s, s, 70 m², étage",59000,Lille,50.6450120738237,3.054636921651929,https://www.seloger.com/annonces/locations/appartement/lille-59/271216025.htm,,2026-08-12,Lille / Non localisé,T3,,0,555488.0,0,554726.0,0,556826.0,0,556259.0,0,554716.0,0,553897.0,0,557341.0,0,,0,,0,555675.0,0,554407.0,0,554190.0,0,,0,556110.0,0,556570.0,0,556672.0,0,556892.0,0,557728.0,0,554232.0,0
1197,SeLoger,1228.0,73.0,16.82,Appartement,"3 pièce - 2 chambre - s, s, 73 m², Étage 3/3",59000,Lille,50.64915632484864,3.0661426979573303,https://www.seloger.com/annonce/location/hauts-de-france/nord-59/lille-59000/26X3113YSZSE,,2026-08-12,Lille / Non localisé,T3,,0,555736.0,0,554972.0,0,557076.0,0,556509.0,0,554962.0,0,554142.0,0,557590.0,0,,0,,0,555923.0,0,554652.0,0,554435.0,0,,0,556360.0,0,556813.0,0,556918.0,0,557142.0,0,557975.0,0,554477.0,0
1198,SeLoger,1250.0,30.0,41.67,Appartement,"1 pièce - 30 m², RDC",59000,Lille,50.630581925335335,3.0251155520530477,https://www.seloger.com/annonce/location/hauts-de-france/nord-59/lille-59000/26LHJZN9Q6F2,,2026-08-12,Lille / Non localisé,Studio/T1,,0,554450.0,0,553695.0,0,555785.0,0,555219.0,0,553685.0,0,552869.0,0,556301.0,0,,0,,0,554636.0,0,553376.0,0,553161.0,0,,0,555067.0,0,555544.0,0,555640.0,0,555851.0,0,556695.0,0,553203.0,0
1199,SeLoger,1406.0,88.1,15.96,Appartement,"4 pièce - 3 chambre - s, s, 88,1 m², étage",59000,Lille,50.61653189710534,3.090740957737658,https://www.seloger.com/annonces/locations/appartement/lille-59/caulier/276315773.htm,,2026-08-12,Fives,Grand (T4+),,0,551796.0,0,551029.0,0,553137.0,0,552569.0,0,551019.0,0,550198.0,0,553650.0,0,,0,,0,551983.0,0,550709.0,0,550491.0,0,,0,552421.0,0,552868.0,0,552976.0,0,553202.0,0,554033.0,0,550533.0,0
1200,SeLoger,520.0,13.0,40.0,Colocation,"1 pièce - 1 chambre - Colocation , , 13 m²",59000,Lille,50.63257287554318,3.0952199759554286,https://www.seloger.com/wl-cdp/26MHWTSFPZD3,,2026-08-12,Lille / Non localisé,Studio/T1,,0,553450.0,0,552681.0,0,554792.0,0,554224.0,0,552671.0,0,551849.0,0,555306.0,0,,0,,0,553638.0,0,552361.0,0,552143.0,0,,0,554077.0,0,554519.0,0,554629.0,0,554858.0,0,555686.0,0,552185.0,0
1201,SeLoger,1247.0,79.1,15.76,Appartement,"3 pièce - 2 chambre - s, s, 79,1 m², RDC/2",59000,Lille,50.64320297174178,3.0679895482761674,https://www.seloger.com/annonce/location/hauts-de-france/nord-59/lille-59000/26595MT9P2K8,,2026-08-12,Lille / Non localisé,T3,,0,555063.0,0,554298.0,0,556402.0,0,555835.0,0,554288.0,0,553468.0,0,556916.0,0,,0,,0,555249.0,0,553979.0,0,553761.0,0,,0,555686.0,0,556139.0,0,556245.0,0,556468.0,0,557301.0,0,553803.0,0
1202,SeLoger,620.0,15.0,41.33,Colocation,"1 pièce - 3 chambre - Colocation , s, 15 m², 3 étages",59000,Lille,50.623268031868655,3.0789484340755844,https://www.seloger.com/annonce/location/hauts-de-france/nord-59/lille-59000/26EN88U2LZYV,,2026-08-12,Lille / Non localisé,Studio/T1,,0,552725.0,0,551959.0,0,554064.0,0,553497.0,0,551949.0,0,551129.0,0,554578.0,0,,0,,0,552911.0,0,551640.0,0,551422.0,0,,0,553349.0,0,553800.0,0,553906.0,0,554130.0,0,554962.0,0,551464.0,0
1203,SeLoger,1113.0,69.0,16.13,Appartement,"3 pièce - 2 chambre - s, s, 69 m², dès le 31/08/2026",59000,Lille,50.64339191377782,3.0457268420150236,https://www.seloger.com/wl-cdp/26S3IRZ22VVG,,2026-08-12,Lille / Non localisé,T3,,0,555468.0,0,554708.0,0,556806.0,0,556239.0,0,554698.0,0,553880.0,0,557321.0,0,,0,,0,555655.0,0,554389.0,0,554173.0,0,,0,556089.0,0,556553.0,0,556654.0,0,556872.0,0,557710.0,0,554214.0,0
1204,SeLoger,823.0,255.0,3.23,Appartement,"1 pièce - 10 chambre - s, 255 m², RDC",59000,Lille,50.62904065340424,3.079947063312224,https://www.seloger.com/annonce/location/hauts-de-france/nord-59/lille-59000/25W8BQHFM4PT,,2026-08-12,Lille / Non localisé,Studio/T1,,0,553330.0,0,552564.0,0,554670.0,0,554103.0,0,552554.0,0,551734.0,0,555184.0,0,,0,,0,553517.0,0,552244.0,0,552027.0,0,,0,553955.0,0,554404.0,0,554511.0,0,554736.0,0,555567.0,0,552069.0,0
1205,SeLoger,436.0,16.7,26.11,Appartement,"1 pièce - 16,7 m², Étage 1/1",59000,Lille,50.64807015671678,3.0549140956479532,https://www.seloger.com/annonce/location/hauts-de-france/nord-59/lille-59000/26U39WFVMR9K,,2026-08-12,Lille / Non localisé,Studio/T1,,0,555813.0,0,555051.0,0,557151.0,0,556584.0,0,555041.0,0,554222.0,0,557666.0,0,,0,,0,556000.0,0,554731.0,0,554514.0,0,,0,556435.0,0,556894.0,0,556997.0,0,557217.0,0,558053.0,0,554556.0,0
1206,SeLoger,694.0,42.7,16.25,Appartement,"1 pièce - 42,7 m², Étage 5/5",59000,Lille,50.644146398397545,3.0464996874926293,https://www.seloger.com/annonce/location/hauts-de-france/nord-59/lille-59000/26X5NF44VLMW,,2026-08-12,Lille / Non localisé,Studio/T1,,0,555536.0,0,554776.0,0,556874.0,0,556307.0,0,554766.0,0,553948.0,0,557389.0,0,,0,,0,555723.0,0,554457.0,0,554240.0,0,,0,556157.0,0,556621.0,0,556721.0,0,556940.0,0,557777.0,0,554282.0,0
1207,SeLoger,770.0,48.0,16.04,Appartement,"2 pièce - 1 chambre - s, , 48 m², Étage - 2/2",59000,Lille,50.620875286654794,3.059580621372861,https://www.seloger.com/annonce/location/hauts-de-france/nord-59/lille-59000/26VEEMFGFYBK,,2026-08-12,Lille / Non localisé,T2,,0,552801.0,0,552040.0,0,554139.0,0,553572.0,0,552030.0,0,551212.0,0,554654.0,0,,0,,0,552988.0,0,551721.0,0,551504.0,0,,0,553422.0,0,553884.0,0,553986.0,0,554205.0,0,555042.0,0,551546.0,0
1208,SeLoger,900.0,40.0,22.5,Appartement,"1 pièce - 40 m², 2 étages",59000,Lille,50.635676446939435,3.0242725270579234,https://www.seloger.com/annonce/location/hauts-de-france/nord-59/lille-59000/2654ARWSF1LR,,2026-08-12,Lille / Non localisé,Studio/T1,,0,555013.0,0,554258.0,0,556348.0,0,555782.0,0,554248.0,0,553432.0,0,556864.0,0,,0,,0,555199.0,0,553939.0,0,553724.0,0,,0,555631.0,0,556107.0,0,556203.0,0,556414.0,0,557258.0,0,553766.0,0
1209,SeLoger,505.0,21.6,23.38,Appartement,"1 pièce - 21,6 m², Étage 4/4",59000,Lille,50.640998272560445,3.0863904111555995,https://www.seloger.com/annonces/locations/appartement/lille-59/276162653.htm,,2026-08-12,Lille / Non localisé,Studio/T1,,0,554510.0,0,553742.0,0,555851.0,0,555283.0,0,553732.0,0,552910.0,0,556365.0,0,,0,,0,554697.0,0,553422.0,0,553204.0,0,,0,555136.0,0,555580.0,0,555689.0,0,555917.0,0,556746.0,0,553246.0,0
1210,SeLoger,810.0,34.2,23.68,Appartement,"2 pièce - 1 chambre - s, , 34,2 m², Étage 3/3",59000,Lille,50.636020434253936,3.0773663649862955,https://www.seloger.com/annonces/locations/appartement/lille-59/centre/274040205.htm,,2026-08-12,Lille-Centre,T2,,0,554127.0,0,553361.0,0,555467.0,0,554900.0,0,553351.0,0,552531.0,0,555981.0,0,,0,,0,554314.0,0,553042.0,0,552824.0,0,,0,554752.0,0,555201.0,0,555308.0,0,555533.0,0,556364.0,0,552866.0,0
1211,SeLoger,2919.0,184.9,15.79,Appartement,"4 pièce - 3 chambre - s, s, 184,9 m², étage",59000,Lille,50.62505080396476,3.0783400040563853,https://www.seloger.com/annonces/locations/appartement/lille-59/centre/234372627.htm,,2026-08-12,Lille-Centre,Grand (T4+),,0,552927.0,0,552162.0,0,554267.0,0,553700.0,0,552152.0,0,551332.0,0,554781.0,0,,0,,0,553114.0,0,551842.0,0,551625.0,0,,0,553551.0,0,554003.0,0,554109.0,0,554333.0,0,555165.0,0,551667.0,0
1212,SeLoger,610.0,35.0,17.43,Appartement,"2 pièce - 1 chambre - s, , 35 m², RDC",59000,Lille,50.62110655345058,3.0436809220878853,https://www.seloger.com/annonces/locations/appartement/lille-59/275832335.htm,,2026-08-12,Lille / Non localisé,T2,,0,553103.0,0,552345.0,0,554439.0,0,553873.0,0,552335.0,0,551518.0,0,554955.0,0,,0,,0,553289.0,0,552026.0,0,551811.0,0,,0,553722.0,0,554192.0,0,554290.0,0,554506.0,0,555346.0,0,551852.0,0
1213,SeLoger,790.0,50.0,15.8,Appartement,"2 pièce - 1 chambre - s, , 50 m², Étage 1/3",59000,Lille,50.618778070562456,3.0852067173231386,https://www.seloger.com/annonces/locations/appartement/lille-59/caulier/273837709.htm,,2026-08-12,Fives,T2,,0,552133.0,0,551367.0,0,553473.0,0,552906.0,0,551357.0,0,550536.0,0,553987.0,0,,0,,0,552320.0,0,551047.0,0,550829.0,0,,0,552758.0,0,553207.0,0,553314.0,0,553539.0,0,554370.0,0,550871.0,0
1214,SeLoger,850.0,51.0,16.67,Appartement,"3 pièce - 1 chambre - s, , 51 m², disponible dès maintenant",59000,Lille,50.62611487588985,3.033140563523631,https://www.seloger.com/annonces/locations/appartement/lille-59/faubourg-de-bethune-concorde/26PNWSX4IPZJ.htm,,2026-08-12,Lille / Non localisé,T3,,0,553828.0,0,553071.0,0,555163.0,0,554597.0,0,553062.0,0,552245.0,0,555679.0,0,,0,,0,554014.0,0,552753.0,0,552537.0,0,,0,554446.0,0,554919.0,0,555016.0,0,555229.0,0,556072.0,0,552579.0,0
1215,SeLoger,1250.0,63.1,19.81,Appartement,"2 pièce - 1 chambre - s, , 63,1 m², étage",59000,Lille,50.62821025882298,3.0719049520211885,https://www.seloger.com/annonces/locations/appartement/lille-59/centre/273839767.htm,,2026-08-12,Lille-Centre,T2,,0,553379.0,0,552614.0,0,554718.0,0,554151.0,0,552604.0,0,551785.0,0,555232.0,0,,0,,0,553565.0,0,552295.0,0,552078.0,0,,0,554002.0,0,554456.0,0,554561.0,0,554784.0,0,555617.0,0,552119.0,0
1216,SeLoger,765.0,15.0,51.0,Colocation,"1 pièce - 1 chambre - Colocation , , 15 m², étage",59000,Lille,50.63451782669178,3.024915203512101,https://www.seloger.com/annonce/location/hauts-de-france/nord-59/lille-59000/2639YSWY947V,,2026-08-12,Lille / Non localisé,Studio/T1,,0,554877.0,0,554122.0,0,556212.0,0,555646.0,0,554112.0,0,553296.0,0,556728.0,0,,0,,0,555063.0,0,553803.0,0,553588.0,0,,0,555495.0,0,555971.0,0,556067.0,0,556278.0,0,557122.0,0,553630.0,0
1217,SeLoger,880.0,43.0,20.47,Appartement,"2 pièce - 1 chambre - s, , 43 m², Étage 3/3",59000,Lille,50.62253259950774,3.0450903248259142,https://www.seloger.com/annonce/location/hauts-de-france/nord-59/lille-59000/26TUHLYQLR16,,2026-08-12,Lille / Non localisé,T2,,0,553232.0,0,552474.0,0,554569.0,0,554002.0,0,552464.0,0,551647.0,0,555084.0,0,,0,,0,553418.0,0,552155.0,0,551939.0,0,,0,553852.0,0,554320.0,0,554419.0,0,554635.0,0,555475.0,0,551980.0,0
1218,SeLoger,806.0,46.3,17.41,Appartement,"2 pièce - 1 chambre - s, , 46,3 m², Étage 5/5",59000,Lille,50.618720751483934,3.064223243587186,https://www.seloger.com/annonces/locations/appartement/lille-59/moulins/275404311.htm,,2026-08-12,Lille-Moulins,T2,,0,552488.0,0,551726.0,0,553826.0,0,553259.0,0,551716.0,0,550898.0,0,554341.0,0,,0,,0,552675.0,0,551407.0,0,551190.0,0,,0,553110.0,0,553570.0,0,553672.0,0,553892.0,0,554728.0,0,551232.0,0
1219,SeLoger,700.0,37.0,18.92,Appartement,"1 pièce - 37 m², 3 étages",59000,Lille,50.61038691024546,3.0666749495613597,https://www.seloger.com/annonce/location/hauts-de-france/nord-59/lille-59000/26YVBN16P1T5,,2026-08-12,Lille / Non localisé,Studio/T1,,0,551548.0,0,550786.0,0,552886.0,0,552319.0,0,550776.0,0,549957.0,0,553400.0,0,,0,,0,551734.0,0,550467.0,0,550250.0,0,,0,552169.0,0,552629.0,0,552732.0,0,552952.0,0,553788.0,0,550292.0,0
1220,SeLoger,1400.0,81.9,17.09,Appartement,"4 pièce - 3 chambre - s, s, 81,9 m², Étage 1/2",59000,Lille,50.608655472120596,3.0499998324482185,https://www.seloger.com/annonces/locations/appartement/lille-59/276193559.htm,,2026-08-12,Lille / Non localisé,Grand (T4+),,0,551651.0,0,550893.0,0,552988.0,0,552421.0,0,550883.0,0,550066.0,0,553503.0,0,,0,,0,551838.0,0,550574.0,0,550358.0,0,,0,552271.0,0,552740.0,0,552838.0,0,553054.0,0,553894.0,0,550400.0,0
1221,SeLoger,900.0,52.0,17.31,Colocation,"2 pièce - 1 chambre - Colocation s, , 52 m², étage",59000,Lille,50.628608740425314,3.043058646340706,https://www.seloger.com/annonce/location/hauts-de-france/nord-59/lille-59000/26G5Y73545PA,,2026-08-12,Lille / Non localisé,T2,,0,553922.0,0,553164.0,0,555259.0,0,554692.0,0,553154.0,0,552337.0,0,555774.0,0,,0,,0,554109.0,0,552845.0,0,552629.0,0,,0,554542.0,0,555010.0,0,555109.0,0,555325.0,0,556165.0,0,552670.0,0
1222,SeLoger,585.0,11.0,53.18,Appartement,"1 pièce - 11 m², Étage 3/3, disponible dès maintenant",59000,Lille,50.62531696748488,3.0223168955041504,https://www.seloger.com/annonces/locations/appartement/lille-59/moulins/26C758W217AF.htm,,2026-08-12,Lille / Non localisé,Studio/T1,,0,553933.0,0,553179.0,0,555267.0,0,554701.0,0,553169.0,0,552353.0,0,555783.0,0,,0,,0,554119.0,0,552860.0,0,552645.0,0,,0,554549.0,0,555029.0,0,555123.0,0,555333.0,0,556178.0,0,552687.0,0
1223,SeLoger,478.0,11.0,43.45,Appartement,"1 pièce - 11 m², Étage 6/6, disponible dès maintenant",59000,Lille,50.62810790760076,3.053520124028164,https://www.seloger.com/annonce/location/hauts-de-france/nord-59/lille-59000/26LNAY9S6K1U,,2026-08-12,Lille / Non localisé,Studio/T1,,0,553686.0,0,552925.0,0,555023.0,0,554456.0,0,552915.0,0,552097.0,0,555538.0,0,,0,,0,553872.0,0,552606.0,0,552390.0,0,,0,554307.0,0,554770.0,0,554871.0,0,555089.0,0,555927.0,0,552431.0,0
1224,SeLoger,700.0,50.0,14.0,Appartement,"2 pièce - 1 chambre - s, , 50 m², RDC/2",59000,Lille,50.63720076926638,3.087625831056226,https://www.seloger.com/annonces/locations/appartement/lille-59/saint-maurice-pellevoisin/273805035.htm,,2026-08-12,Saint-Maurice Pellevoisin,T2,,0,554079.0,0,553311.0,0,555420.0,0,554852.0,0,553301.0,0,552480.0,0,555934.0,0,,0,,0,554266.0,0,552991.0,0,552773.0,0,,0,554705.0,0,555149.0,0,555258.0,0,555486.0,0,556315.0,0,552815.0,0
1225,SeLoger,565.0,19.0,29.74,Colocation,"1 pièce - 1 chambre - Colocation , , 19 m², RDC",59000,Lille,50.61799433832071,3.0261279904530545,https://www.seloger.com/annonce/location/hauts-de-france/nord-59/lille-59000/26213G96R1TK,,2026-08-12,Lille / Non localisé,Studio/T1,,0,553077.0,0,552323.0,0,554411.0,0,553845.0,0,552313.0,0,551498.0,0,554927.0,0,,0,,0,553263.0,0,552004.0,0,551789.0,0,,0,553694.0,0,554173.0,0,554267.0,0,554478.0,0,555323.0,0,551831.0,0
1226,SeLoger,650.0,17.0,38.24,Colocation,"1 pièce - 1 chambre - Colocation , , 17 m², étage",59000,Lille,50.61968834412143,3.0455360376595513,https://www.seloger.com/annonce/location/hauts-de-france/nord-59/lille-59000/26Z2LBSBQHB9,,2026-08-12,Lille / Non localisé,Studio/T1,,0,552918.0,0,552160.0,0,554254.0,0,553688.0,0,552150.0,0,551333.0,0,554770.0,0,,0,,0,553104.0,0,551841.0,0,551625.0,0,,0,553537.0,0,554006.0,0,554105.0,0,554320.0,0,555161.0,0,551666.0,0
1227,SeLoger,650.0,34.5,18.84,Appartement,"1 pièce - 34,5 m², RDC",59000,Lille,50.63375507268475,3.054897004861079,https://www.seloger.com/annonces/locations/appartement/lille-59/wazemmes/249191571.htm,,2026-08-12,Wazemmes,Studio/T1,,0,554271.0,0,553509.0,0,555608.0,0,555041.0,0,553499.0,0,552681.0,0,556123.0,0,,0,,0,554457.0,0,553190.0,0,552973.0,0,,0,554892.0,0,555353.0,0,555455.0,0,555674.0,0,556511.0,0,553015.0,0
1228,SeLoger,665.0,12.9,51.55,Colocation,"1 pièce - 1 chambre - Colocation , , 12,9 m², étage",59000,Lille,50.646857116957925,3.063759147407053,https://www.seloger.com/annonces/locations/appartement/lille-59/centre/268858377.htm,,2026-08-12,Lille-Centre,Studio/T1,,0,555530.0,0,554766.0,0,556869.0,0,556302.0,0,554756.0,0,553936.0,0,557383.0,0,,0,,0,555716.0,0,554446.0,0,554229.0,0,,0,556153.0,0,556607.0,0,556712.0,0,556935.0,0,557768.0,0,554271.0,0
1229,SeLoger,1286.0,73.2,17.57,Appartement,"4 pièce - 3 chambre - s, s, 73,2 m², étage",59000,Lille,50.62509004023288,3.031973415939308,https://www.seloger.com/annonces/locations/appartement/lille-59/vauban-esquermes/271666213.htm,,2026-08-12,Vauban-Esquermes,Grand (T4+),,0,553738.0,0,552982.0,0,555073.0,0,554507.0,0,552972.0,0,552156.0,0,555589.0,0,,0,,0,553924.0,0,552663.0,0,552448.0,0,,0,554356.0,0,554830.0,0,554927.0,0,555139.0,0,555982.0,0,552489.0,0
1230,SeLoger,839.0,56.0,14.98,Appartement,"2 pièce - 1 chambre - s, , 56 m², Étage 3/7",59000,Lille,50.635561338610984,3.0344648241684524,https://www.seloger.com/annonces/locations/appartement/lille-59/vauban-esquermes/272671087.htm,,2026-08-12,Vauban-Esquermes,T2,,0,554822.0,0,554064.0,0,556158.0,0,555591.0,0,554055.0,0,553238.0,0,556673.0,0,,0,,0,555008.0,0,553746.0,0,553530.0,0,,0,555440.0,0,555912.0,0,556009.0,0,556224.0,0,557065.0,0,553571.0,0
1231,SeLoger,1470.0,66.0,22.27,Appartement,"3 pièce - 2 chambre - s, s, 66 m², Étage 9/11",59000,Lille,50.633269521141116,3.0596158376841913,https://www.seloger.com/annonces/locations/appartement/lille-59/centre/26GPTX8HFH1C.htm,,2026-08-12,Lille / Non localisé,T3,,0,554136.0,0,553374.0,0,555475.0,0,554908.0,0,553364.0,0,552545.0,0,555989.0,0,,0,,0,554323.0,0,553055.0,0,552838.0,0,,0,554758.0,0,555217.0,0,555320.0,0,555541.0,0,556376.0,0,552880.0,0
1232,SeLoger,410.0,12.0,34.17,Appartement,"1 pièce - Duplex - , 12 m², RDC",59000,Lille,50.622015434626896,3.0379393986792658,https://www.seloger.com/annonces/locations/appartement/lille-59/263372717.htm,,2026-08-12,Lille / Non localisé,Studio/T1,,0,553302.0,0,552545.0,0,554637.0,0,554071.0,0,552535.0,0,551718.0,0,555153.0,0,,0,,0,553488.0,0,552226.0,0,552011.0,0,,0,553920.0,0,554393.0,0,554490.0,0,554704.0,0,555545.0,0,552052.0,0
1233,SeLoger,567.0,23.0,24.65,Colocation,"1 pièce - Colocation - , 23 m², Étage 2/2",59000,Lille,50.62783327478559,3.035474322209587,https://www.seloger.com/annonces/locations/appartement/lille-59/bois-blanc/154476261.htm,,2026-08-12,Bois Blancs,Studio/T1,,0,553972.0,0,553215.0,0,555307.0,0,554741.0,0,553205.0,0,552388.0,0,555823.0,0,,0,,0,554158.0,0,552896.0,0,552680.0,0,,0,554590.0,0,555062.0,0,555160.0,0,555373.0,0,556215.0,0,552722.0,0
1234,SeLoger,607.0,15.0,40.47,Studio,"1 pièce - 5 chambre - Studio , s, 15 m², RDC",59000,Lille,50.632592060645976,3.026731018218966,https://www.seloger.com/annonce/location/hauts-de-france/nord-59/lille-59000/26E26CRQDCEJ,,2026-08-12,Lille / Non localisé,Studio/T1,,0,554638.0,0,553882.0,0,555973.0,0,555407.0,0,553873.0,0,553057.0,0,556489.0,0,,0,,0,554824.0,0,553564.0,0,553349.0,0,,0,555255.0,0,555731.0,0,555827.0,0,556039.0,0,556882.0,0,553390.0,0
1235,SeLoger,500.0,20.7,24.15,Appartement,"1 pièce - 20,7 m², Étage 1/3",59000,Lille,50.63156583009259,3.068442197386634,https://www.seloger.com/annonce/location/hauts-de-france/nord-59/lille-59000/26GPUUQQ7SAY,,2026-08-12,Lille / Non localisé,Studio/T1,,0,553800.0,0,553036.0,0,555139.0,0,554572.0,0,553026.0,0,552207.0,0,555654.0,0,,0,,0,553987.0,0,552717.0,0,552500.0,0,,0,554423.0,0,554878.0,0,554983.0,0,555205.0,0,556039.0,0,552542.0,0
1236,SeLoger,1140.0,115.3,9.89,Appartement,"3 pièce - 2 chambre - s, s, 115,3 m², étage",59000,Lille,50.631817584522096,3.0762453416089435,https://www.seloger.com/annonce/location/hauts-de-france/nord-59/lille-59000/26WLEGW73PUR,,2026-08-12,Lille / Non localisé,T3,,0,553693.0,0,552928.0,0,555033.0,0,554465.0,0,552918.0,0,552098.0,0,555547.0,0,,0,,0,553880.0,0,552608.0,0,552390.0,0,,0,554317.0,0,554768.0,0,554874.0,0,555099.0,0,555931.0,0,552432.0,0
1237,SeLoger,2270.0,106.2,21.37,Colocation,"6 pièce - 5 chambre - Colocation s, s, 106,2 m², étage",59000,Lille,50.62552978302668,3.0785696068695287,https://www.seloger.com/annonce/location/hauts-de-france/nord-59/lille-59000/26Y3S3NDCJWU,,2026-08-12,Lille / Non localisé,Grand (T4+),,0,552975.0,0,552210.0,0,554315.0,0,553747.0,0,552200.0,0,551380.0,0,554829.0,0,,0,,0,553162.0,0,551890.0,0,551672.0,0,,0,553599.0,0,554050.0,0,554156.0,0,554381.0,0,555213.0,0,551714.0,0
1238,SeLoger,900.0,61.8,14.56,Colocation,"3 pièce - 2 chambre - Colocation s, s, 61,8 m², étage",59000,Lille,50.63985648293155,3.0422040813363176,https://www.seloger.com/wl-cdp/269LTFR42AKB,,2026-08-12,Lille / Non localisé,T3,,0,555149.0,0,554390.0,0,556486.0,0,555919.0,0,554380.0,0,553562.0,0,557001.0,0,,0,,0,555335.0,0,554071.0,0,553855.0,0,,0,555769.0,0,556235.0,0,556335.0,0,556552.0,0,557391.0,0,553896.0,0
1239,SeLoger,517.0,21.4,24.16,Appartement,"1 pièce - 21,4 m², Étage 3/6, dès le 12/09/2026",59000,Lille,50.645647393003294,3.088213797529989,https://www.seloger.com/annonce/location/hauts-de-france/nord-59/lille-59000/26LW4YCIL2WI,,2026-08-12,Lille / Non localisé,Studio/T1,,0,554980.0,0,554212.0,0,556322.0,0,555754.0,0,554202.0,0,553380.0,0,556835.0,0,,0,,0,555168.0,0,553892.0,0,553673.0,0,,0,555607.0,0,556049.0,0,556159.0,0,556388.0,0,557216.0,0,553715.0,0
1240,SeLoger,609.0,20.0,30.45,Appartement,"1 pièce - 20 m², étage",59000,Lille,50.62895675708508,3.0524771466693554,https://www.seloger.com/annonce/location/hauts-de-france/nord-59/lille-59000/26FGJKI2IERK,,2026-08-12,Lille / Non localisé,Studio/T1,,0,553795.0,0,553035.0,0,555133.0,0,554566.0,0,553025.0,0,552207.0,0,555648.0,0,,0,,0,553982.0,0,552716.0,0,552499.0,0,,0,554416.0,0,554880.0,0,554981.0,0,555199.0,0,556037.0,0,552541.0,0
1241,SeLoger,865.0,28.0,30.89,Appartement,"1 pièce - 28 m², Étage 1/4",59000,Lille,50.61446663216322,3.0720269026577993,https://www.seloger.com/annonce/location/hauts-de-france/nord-59/lille-59000/238U33TZRKZW,,2026-08-12,Lille / Non localisé,Studio/T1,,0,551895.0,0,551132.0,0,553233.0,0,552666.0,0,551122.0,0,550302.0,0,553748.0,0,,0,,0,552081.0,0,550812.0,0,550595.0,0,,0,552517.0,0,552974.0,0,553078.0,0,553299.0,0,554134.0,0,550637.0,0
1242,SeLoger,363.0,56.0,6.48,Colocation,"4 pièce - 3 chambre - Colocation s, s, 56 m², étage",59000,Lille,50.62936842405542,3.051750204487121,https://www.seloger.com/annonce/location/hauts-de-france/nord-59/lille-59000/2694CZULDABE,,2026-08-12,Lille / Non localisé,Grand (T4+),,0,553852.0,0,553092.0,0,555190.0,0,554623.0,0,553082.0,0,552264.0,0,555705.0,0,,0,,0,554039.0,0,552773.0,0,552557.0,0,,0,554473.0,0,554937.0,0,555038.0,0,555256.0,0,556094.0,0,552598.0,0
1243,SeLoger,750.0,26.0,28.85,Appartement,"1 pièce - 26 m², 2 étages",59000,Lille,50.64536940204822,3.0642058617353882,https://www.seloger.com/annonce/location/hauts-de-france/nord-59/lille-59000/26D3I1SNIVZ8,,2026-08-12,Lille / Non localisé,Studio/T1,,0,555361.0,0,554597.0,0,556701.0,0,556133.0,0,554587.0,0,553768.0,0,557215.0,0,,0,,0,555548.0,0,554278.0,0,554061.0,0,,0,555985.0,0,556439.0,0,556544.0,0,556767.0,0,557600.0,0,554103.0,0
1244,SeLoger,700.0,33.0,21.21,Colocation,"2 pièce - 1 chambre - Colocation s, , 33 m², Étage 1/2",59000,Lille,50.63677831827005,3.063618201981344,https://www.seloger.com/annonces/locations/appartement/lille-59/caulier/26TYAVF1V92U.htm,,2026-08-12,Lille / Non localisé,T2,,0,554445.0,0,553682.0,0,555784.0,0,555217.0,0,553672.0,0,552853.0,0,556299.0,0,,0,,0,554632.0,0,553363.0,0,553146.0,0,,0,555068.0,0,555525.0,0,555628.0,0,555850.0,0,556685.0,0,553187.0,0
1245,SeLoger,584.0,20.0,29.2,Colocation,"Colocation 20 m², Étage 1/3, disponible dès maintenant",59000,Lille,50.62083009671134,3.0741428634074426,https://www.seloger.com/annonces/locations/appartement/lille-59/wazemmes/26FDG3Q2SXKF.htm,,2026-08-12,Lille / Non localisé,Studio/T1,,0,552544.0,0,551780.0,0,553883.0,0,553316.0,0,551770.0,0,550951.0,0,554398.0,0,,0,,0,552731.0,0,551461.0,0,551243.0,0,,0,553168.0,0,553622.0,0,553727.0,0,553949.0,0,554783.0,0,551285.0,0
1246,SeLoger,555.0,12.0,46.25,Colocation,"1 pièce - 4 chambre - Colocation , s, 12 m², étage",59000,Lille,50.643227094041734,3.0516466674708274,https://www.seloger.com/annonce/location/hauts-de-france/nord-59/lille-59000/26SV85EBN5LM,,2026-08-12,Lille / Non localisé,Studio/T1,,0,555348.0,0,554586.0,0,556686.0,0,556119.0,0,554576.0,0,553758.0,0,557200.0,0,,0,,0,555534.0,0,554267.0,0,554050.0,0,,0,555969.0,0,556430.0,0,556532.0,0,556752.0,0,557588.0,0,554092.0,0
1247,SeLoger,527.0,27.0,19.52,Appartement,"1 pièce - 27 m², Étage 3/3",59000,Lille,50.63005469022896,3.0613309681737837,https://www.seloger.com/annonce/location/hauts-de-france/nord-59/lille-59000/26M9D247DCZC,,2026-08-12,Lille / Non localisé,Studio/T1,,0,553760.0,0,552998.0,0,555098.0,0,554531.0,0,552988.0,0,552169.0,0,555613.0,0,,0,,0,553947.0,0,552679.0,0,552462.0,0,,0,554382.0,0,554841.0,0,554944.0,0,555164.0,0,556000.0,0,552503.0,0
1248,SeLoger,901.0,68.9,13.08,Appartement,"2 chambre - Duplex s, 68,9 m², étage",59000,Lille,50.63323325763059,3.0674211953696933,https://www.seloger.com/annonces/locations/appartement/lille-59/276316813.htm,,2026-08-12,Lille / Non localisé,T3,,0,553998.0,0,553234.0,0,555337.0,0,554769.0,0,553224.0,0,552404.0,0,555851.0,0,,0,,0,554184.0,0,552914.0,0,552697.0,0,,0,554621.0,0,555076.0,0,555180.0,0,555402.0,0,556236.0,0,552739.0,0
1249,SeLoger,1280.0,72.8,17.58,Appartement,"3 pièce - 2 chambre - s, s, 72,8 m², étage",59000,Lille,50.62286467637992,3.055671889691228,https://www.seloger.com/annonces/locations/appartement/lille-59/275613961.htm,,2026-08-12,Lille / Non localisé,T3,,0,553083.0,0,552323.0,0,554421.0,0,553854.0,0,552313.0,0,551495.0,0,554936.0,0,,0,,0,553270.0,0,552004.0,0,551787.0,0,,0,553704.0,0,554167.0,0,554269.0,0,554487.0,0,555325.0,0,551829.0,0
1250,SeLoger,1790.0,136.0,13.16,Appartement,"5 pièce - 4 chambre - Duplex - s, s, 136 m², Étage 9/9",59000,Lille,50.63445357232019,3.0794775096896925,https://www.seloger.com/annonces/locations/appartement/lille-59/centre/270720083.htm,,2026-08-12,Lille-Centre,Grand (T4+),,0,553922.0,0,553156.0,0,555262.0,0,554695.0,0,553146.0,0,552325.0,0,555776.0,0,,0,,0,554109.0,0,552836.0,0,552618.0,0,,0,554547.0,0,554996.0,0,555102.0,0,555328.0,0,556159.0,0,552660.0,0
1251,SeLoger,1070.0,76.0,14.08,Appartement,"3 pièce - 2 chambre - s, s, 76 m², 3 étages",59000,Lille,50.62026456326961,3.060440616157241,https://www.seloger.com/annonce/location/hauts-de-france/nord-59/lille-59000/26ZFRT67EML3,,2026-08-12,Lille / Non localisé,T3,,0,552720.0,0,551959.0,0,554058.0,0,553491.0,0,551949.0,0,551131.0,0,554573.0,0,,0,,0,552907.0,0,551640.0,0,551423.0,0,,0,553342.0,0,553803.0,0,553905.0,0,554124.0,0,554961.0,0,551465.0,0
1252,SeLoger,950.0,55.3,17.18,Appartement,"2 pièce - 1 chambre - s, , 55,3 m², Étage 2/4",59000,Lille,50.61840166416831,3.029154075419711,https://www.seloger.com/annonce/location/hauts-de-france/nord-59/lille-59000/2698NQ9U5RRE,,2026-08-12,Lille / Non localisé,T2,,0,553068.0,0,552312.0,0,554402.0,0,553836.0,0,552303.0,0,551487.0,0,554918.0,0,,0,,0,553253.0,0,551994.0,0,551779.0,0,,0,553684.0,0,554162.0,0,554257.0,0,554468.0,0,555312.0,0,551820.0,0
1253,SeLoger,670.0,12.0,55.83,Colocation,"1 pièce - 4 chambre - Colocation , s, 12 m², étage",59000,Lille,50.61248676781205,3.0565050057916965,https://www.seloger.com/annonce/location/hauts-de-france/nord-59/lille-59000/26PJY8Y3EQL8,,2026-08-12,Lille / Non localisé,Studio/T1,,0,551951.0,0,551191.0,0,553288.0,0,552721.0,0,551181.0,0,550363.0,0,553803.0,0,,0,,0,552137.0,0,550872.0,0,550655.0,0,,0,552571.0,0,553036.0,0,553136.0,0,553354.0,0,554192.0,0,550697.0,0
1254,SeLoger,1312.0,90.6,14.48,Appartement,"4 pièce - 3 chambre - s, s, 90,6 m², étage",59000,Lille,50.627653473757704,3.058911147093563,https://www.seloger.com/annonce/location/hauts-de-france/nord-59/lille-59000/26JGD961A7WE,,2026-08-12,Lille / Non localisé,Grand (T4+),,0,553543.0,0,552782.0,0,554881.0,0,554314.0,0,552772.0,0,551953.0,0,555396.0,0,,0,,0,553730.0,0,552462.0,0,552246.0,0,,0,554165.0,0,554625.0,0,554728.0,0,554947.0,0,555784.0,0,552287.0,0
1255,SeLoger,1105.0,61.0,18.11,Appartement,"3 pièce - 1 chambre - s, , 61 m², RDC",59000,Lille,50.640077707114294,3.055008069817408,https://www.seloger.com/annonce/location/hauts-de-france/nord-59/lille-59000/26MZSDH3WTHZ,,2026-08-12,Lille / Non localisé,T3,,0,554950.0,0,554188.0,0,556288.0,0,555721.0,0,554178.0,0,553360.0,0,556803.0,0,,0,,0,555137.0,0,553869.0,0,553652.0,0,,0,555572.0,0,556032.0,0,556134.0,0,556354.0,0,557190.0,0,553694.0,0
1256,SeLoger,947.0,72.4,13.08,Appartement,"3 pièce - 2 chambre - s, s, 72,4 m², étage",59000,Lille,45.745775111310465,4.81544404261852,https://www.seloger.com/annonces/locations/appartement/lille-59/lille-sud/273547431.htm,,2026-08-12,Lille-Sud,T3,,0,331.0,2,512.0,0,1423.0,0,1193.0,0,497.0,1,299.0,5,826.0,0,,0,,0,497.0,1,908.0,0,388.0,3,,0,1164.0,0,5213.0,0,1192.0,0,1403.0,0,3106.0,0,1765.0,0
1257,SeLoger,2077.0,125.0,16.62,Appartement,"3 pièce - 2 chambre - Duplex s, s, 125 m², RDC",59000,Lille,50.637329665741085,3.0908484967016907,https://www.seloger.com/annonce/location/hauts-de-france/nord-59/lille-59000/26RU9PXUTZ8E,,2026-08-12,Lille / Non localisé,T3,,0,554038.0,0,553269.0,0,555380.0,0,554812.0,0,553259.0,0,552438.0,0,555893.0,0,,0,,0,554225.0,0,552949.0,0,552731.0,0,,0,554665.0,0,555107.0,0,555217.0,0,555445.0,0,556274.0,0,552773.0,0
1258,SeLoger,1554.0,60.0,25.9,Appartement,"2 pièce - 1 chambre - s, , 60 m²",59000,Lille,50.60985484325565,3.0320123219022643,https://www.seloger.com/annonce/location/hauts-de-france/nord-59/lille-59000/26GNPAPQ77EG,,2026-08-12,Lille / Non localisé,T2,,0,552097.0,0,551342.0,0,553431.0,0,552865.0,0,551332.0,0,550517.0,0,553947.0,0,,0,,0,552283.0,0,551024.0,0,550809.0,0,,0,552714.0,0,553192.0,0,553287.0,0,553498.0,0,554342.0,0,550850.0,0
1259,SeLoger,590.0,12.0,49.17,Colocation,"1 pièce - 2 chambre - Colocation , s, 12 m², étage",59000,Lille,50.6236482716113,3.0370178037342748,https://www.seloger.com/wl-cdp/26P1CSKKD6P8,,2026-08-12,Lille / Non localisé,Studio/T1,,0,553494.0,0,552737.0,0,554829.0,0,554263.0,0,552727.0,0,551911.0,0,555345.0,0,,0,,0,553680.0,0,552418.0,0,552203.0,0,,0,554112.0,0,554585.0,0,554682.0,0,554896.0,0,555738.0,0,552244.0,0
1260,SeLoger,630.0,14.0,45.0,Colocation,"1 pièce - 2 chambre - Colocation , s, 14 m², étage",59000,Lille,50.636907770333494,3.0328841947932013,https://www.seloger.com/annonce/location/hauts-de-france/nord-59/lille-59000/263N1BAUV33W,,2026-08-12,Lille / Non localisé,Studio/T1,,0,554994.0,0,554237.0,0,556330.0,0,555764.0,0,554227.0,0,553411.0,0,556846.0,0,,0,,0,555181.0,0,553919.0,0,553703.0,0,,0,555613.0,0,556085.0,0,556182.0,0,556396.0,0,557238.0,0,553744.0,0
1261,SeLoger,969.0,67.0,14.46,Colocation,"3 pièce - 2 chambre - Colocation s, s, 67 m², Étage 1/3",59000,Lille,50.634942136602064,2.9916277754537743,https://www.seloger.com/annonces/locations/appartement/lille-59/mitterie/273349713.htm,,2026-08-12,Lomme,T3,,0,555515.0,0,554766.0,0,556847.0,0,556281.0,0,554757.0,0,553943.0,0,557364.0,0,,0,,0,555701.0,0,554449.0,0,554235.0,0,,0,556128.0,0,556621.0,0,556710.0,0,556913.0,0,557764.0,0,554276.0,0
1262,SeLoger,711.0,56.8,12.52,Appartement,"2 pièce - 1 chambre - s, , 56,8 m², RDC",59000,Lille,50.641995460367504,3.08757903426104,https://www.seloger.com/annonces/locations/appartement/lille-59/saint-maurice-pellevoisin/275454179.htm,,2026-08-12,Saint-Maurice Pellevoisin,T2,,0,554597.0,0,553829.0,0,555939.0,0,555371.0,0,553819.0,0,552997.0,0,556452.0,0,,0,,0,554784.0,0,553509.0,0,553290.0,0,,0,555224.0,0,555667.0,0,555776.0,0,556004.0,0,556833.0,0,553333.0,0
1263,SeLoger,1335.0,76.0,17.57,Maison,"4 pièce - 3 chambre - Maison s, s, 76 m², dès le 25/08/2026",59000,Lille,50.646383661695715,3.082402783195435,https://www.seloger.com/annonce/location/hauts-de-france/nord-59/lille-59000/2667HVNC6HBB,,2026-08-12,Lille / Non localisé,Grand (T4+),,0,555159.0,0,554391.0,0,556500.0,0,555932.0,0,554381.0,0,553560.0,0,557014.0,0,,0,,0,555346.0,0,554071.0,0,553853.0,0,,0,555785.0,0,556230.0,0,556338.0,0,556566.0,0,557395.0,0,553895.0,0
1264,SeLoger,710.0,28.0,25.36,Appartement,1 pièce - 28 m²,59000,Lille,50.626605239778655,3.045225884291417,https://www.seloger.com/annonces/locations/appartement/lille-59/276068423.htm,,2026-08-12,Lille / Non localisé,Studio/T1,,0,553669.0,0,552910.0,0,555005.0,0,554439.0,0,552900.0,0,552083.0,0,555520.0,0,,0,,0,553855.0,0,552591.0,0,552375.0,0,,0,554288.0,0,554756.0,0,554855.0,0,555071.0,0,555911.0,0,552416.0,0
1265,SeLoger,1350.0,76.0,17.76,Appartement,"3 pièce - 2 chambre - s, s, 76 m², Étage 6/50",59000,Lille,50.636830595544716,3.062816749711543,https://www.seloger.com/annonces/locations/appartement/lille-59/centre/26V8RF5UIANF.htm,,2026-08-12,Lille / Non localisé,T3,,0,554465.0,0,553702.0,0,555804.0,0,555236.0,0,553692.0,0,552873.0,0,556318.0,0,,0,,0,554651.0,0,553382.0,0,553165.0,0,,0,555087.0,0,555544.0,0,555648.0,0,555869.0,0,556704.0,0,553207.0,0
1266,SeLoger,520.0,27.5,18.91,Maison,"7 pièce - 1 chambre - Maison s, , 27,5 m², 87 m² de terrain",59000,Lille,50.63526489027855,3.068855856313477,https://www.seloger.com/annonce/location/hauts-de-france/nord-59/lille-59000/26MM164XCI93,,2026-08-12,Lille / Non localisé,Grand (T4+),,0,554192.0,0,553428.0,0,555531.0,0,554964.0,0,553418.0,0,552598.0,0,556045.0,0,,0,,0,554379.0,0,553108.0,0,552891.0,0,,0,554815.0,0,555269.0,0,555374.0,0,555597.0,0,556430.0,0,552933.0,0
1267,SeLoger,550.0,12.0,45.83,Colocation,"1 pièce - 10 chambre - Colocation , s, 12 m², dès le 15/09/2026",59000,Lille,50.62043111558044,3.067986811110087,https://www.seloger.com/annonce/location/hauts-de-france/nord-59/lille-59000/2648ITW5ZF73,,2026-08-12,Lille / Non localisé,Studio/T1,,0,552608.0,0,551845.0,0,553946.0,0,553379.0,0,551835.0,0,551016.0,0,554461.0,0,,0,,0,552794.0,0,551525.0,0,551308.0,0,,0,553230.0,0,553688.0,0,553791.0,0,554012.0,0,554847.0,0,551350.0,0
1268,SeLoger,841.0,35.0,24.03,Appartement,"2 pièce - 1 chambre - s, , 35 m²",59000,Lille,50.63560586610023,3.0905291523927856,https://www.seloger.com/annonces/locations/appartement/lille-59/hellemmes-centre/26F2KUMKFJM7.htm,,2026-08-12,Lille / Non localisé,T2,,0,553857.0,0,553089.0,0,555199.0,0,554631.0,0,553079.0,0,552258.0,0,555712.0,0,,0,,0,554045.0,0,552769.0,0,552551.0,0,,0,554484.0,0,554927.0,0,555036.0,0,555265.0,0,556093.0,0,552593.0,0
1269,SeLoger,1034.0,49.4,20.93,Appartement,"2 pièce - 1 chambre - s, , 49,4 m², étage",59000,Lille,50.64059726448848,3.0877579757715536,https://www.seloger.com/annonce/location/hauts-de-france/nord-59/lille-59000/26R3J6JT2JBK,,2026-08-12,Lille / Non localisé,T2,,0,554443.0,0,553675.0,0,555785.0,0,555217.0,0,553665.0,0,552844.0,0,556298.0,0,,0,,0,554630.0,0,553355.0,0,553137.0,0,,0,555070.0,0,555513.0,0,555622.0,0,555850.0,0,556679.0,0,553179.0,0
1270,SeLoger,890.0,50.0,17.8,Colocation,"3 pièce - 2 chambre - Colocation s, s, 50 m², Étage 2/4",59000,Lille,50.635443767924954,3.0427371895857833,https://www.seloger.com/annonce/location/hauts-de-france/nord-59/lille-59000/26FE126D9L4V,,2026-08-12,Lille / Non localisé,T3,,0,554664.0,0,553905.0,0,556001.0,0,555434.0,0,553895.0,0,553078.0,0,556516.0,0,,0,,0,554850.0,0,553586.0,0,553370.0,0,,0,555284.0,0,555751.0,0,555851.0,0,556067.0,0,556906.0,0,553412.0,0
1271,SeLoger,1189.0,65.3,18.21,Appartement,"3 pièce - 2 chambre - s, s, 65,3 m², étage",59000,Lille,50.6180350017428,3.0270775361120963,https://www.seloger.com/annonce/location/hauts-de-france/nord-59/lille-59000/26W2ZZC28SWD,,2026-08-12,Lille / Non localisé,T3,,0,553065.0,0,552310.0,0,554399.0,0,553833.0,0,552300.0,0,551485.0,0,554915.0,0,,0,,0,553251.0,0,551992.0,0,551777.0,0,,0,553681.0,0,554160.0,0,554255.0,0,554465.0,0,555310.0,0,551818.0,0
1272,SeLoger,800.0,46.0,17.39,Appartement,"2 pièce - 1 chambre - s, , 46 m², Étage 1/3",59000,Lille,50.62439122646182,3.0613439286192805,https://www.seloger.com/annonce/location/hauts-de-france/nord-59/lille-59000/26DQH3HGKG6F,,2026-08-12,Lille / Non localisé,T2,,0,553149.0,0,552388.0,0,554487.0,0,553921.0,0,552378.0,0,551559.0,0,555002.0,0,,0,,0,553336.0,0,552068.0,0,551852.0,0,,0,553771.0,0,554231.0,0,554334.0,0,554553.0,0,555390.0,0,551893.0,0
1273,SeLoger,3375.0,45.0,75.0,Appartement,"2 pièce - 1 chambre - s, , 45 m², RDC",59000,Lille,50.62244654510702,3.0288220284322134,https://www.seloger.com/annonce/location/hauts-de-france/nord-59/lille-59000/263TLTRDIAFG,,2026-08-12,Lille / Non localisé,T2,,0,553509.0,0,552754.0,0,554844.0,0,554277.0,0,552744.0,0,551928.0,0,555359.0,0,,0,,0,553695.0,0,552435.0,0,552220.0,0,,0,554126.0,0,554603.0,0,554698.0,0,554910.0,0,555754.0,0,552261.0,0
1274,SeLoger,824.0,64.0,12.88,Appartement,"3 pièce - 1 chambre - s, , 64 m², étage",59000,Lille,50.636627452480745,3.032997722578329,https://www.seloger.com/annonce/location/hauts-de-france/nord-59/lille-59000/26BHCS3ABK4V,,2026-08-12,Lille / Non localisé,T3,,0,554962.0,0,554205.0,0,556298.0,0,555732.0,0,554195.0,0,553379.0,0,556814.0,0,,0,,0,555148.0,0,553886.0,0,553671.0,0,,0,555581.0,0,556053.0,0,556150.0,0,556364.0,0,557206.0,0,553712.0,0
1275,SeLoger,1644.0,97.0,16.95,Appartement,"5 pièce - 4 chambre - s, s, 97 m², Étage 2/3",59000,Lille,50.644803351372936,3.06665811016067,https://www.seloger.com/annonces/locations/appartement/lille-59/vieux-lille/271750401.htm,,2026-08-12,Vieux-Lille,Grand (T4+),,0,555258.0,0,554494.0,0,556598.0,0,556030.0,0,554484.0,0,553664.0,0,557112.0,0,,0,,0,555445.0,0,554174.0,0,553957.0,0,,0,555882.0,0,556335.0,0,556440.0,0,556664.0,0,557497.0,0,553999.0,0
1276,SeLoger,900.0,50.0,18.0,Appartement,"3 pièce - 2 chambre - s, s, 50 m²",59000,Lille,50.62030815471519,3.0399151557202857,https://www.seloger.com/annonces/locations/appartement/lille-59/vauban-esquermes/275276655.htm,,2026-08-12,Vauban-Esquermes,T3,,0,553083.0,0,552326.0,0,554419.0,0,553853.0,0,552316.0,0,551500.0,0,554935.0,0,,0,,0,553269.0,0,552007.0,0,551792.0,0,,0,553702.0,0,554174.0,0,554271.0,0,554485.0,0,555327.0,0,551833.0,0
1277,SeLoger,1575.0,86.0,18.31,Appartement,"3 pièce - 2 chambre - s, s, 86 m²",59000,Lille,50.62969571442321,3.0635473845101973,https://www.seloger.com/annonces/locations/appartement/lille-59/centre/275137013.htm,,2026-08-12,Lille-Centre,T3,,0,553683.0,0,552920.0,0,555022.0,0,554454.0,0,552910.0,0,552091.0,0,555536.0,0,,0,,0,553870.0,0,552601.0,0,552384.0,0,,0,554305.0,0,554763.0,0,554866.0,0,555087.0,0,555923.0,0,552426.0,0
1278,SeLoger,1340.0,80.0,16.75,Appartement,"3 pièce - 2 chambre - s, s, 80 m², Étage 3/5",59000,Lille,50.620592730228104,3.034859976207191,https://www.seloger.com/annonces/locations/appartement/lille-59/wazemmes/271766243.htm,,2026-08-12,Wazemmes,T3,,0,553203.0,0,552446.0,0,554538.0,0,553972.0,0,552437.0,0,551620.0,0,555054.0,0,,0,,0,553389.0,0,552128.0,0,551912.0,0,,0,553821.0,0,554295.0,0,554391.0,0,554604.0,0,555447.0,0,551954.0,0
1279,SeLoger,450.0,10.0,45.0,Colocation,"Colocation 10 m², Étage 2/2, disponible dès maintenant",59000,Lille,50.65511885431585,3.087886830025017,https://www.seloger.com/annonces/locations/appartement/lille-59/caulier/263PXF6M5DN4.htm,,2026-08-12,Lille / Non localisé,Studio/T1,,0,556008.0,0,555239.0,0,557350.0,0,556782.0,0,555229.0,0,554407.0,0,557863.0,0,,0,,0,556195.0,0,554919.0,0,554700.0,0,,0,556635.0,0,557076.0,0,557186.0,0,557416.0,0,558243.0,0,554742.0,0
1280,SeLoger,745.0,48.0,15.52,Appartement,"2 pièce - 1 chambre - s, , 48 m², Étage 3/3",59000,Lille,50.63121616802652,3.0701892430866273,https://www.seloger.com/annonces/locations/appartement/lille-59/centre/123850073.htm,,2026-08-12,Lille-Centre,T2,,0,553732.0,0,552968.0,0,555072.0,0,554504.0,0,552958.0,0,552139.0,0,555586.0,0,,0,,0,553919.0,0,552649.0,0,552431.0,0,,0,554356.0,0,554810.0,0,554915.0,0,555137.0,0,555971.0,0,552473.0,0
1281,SeLoger,1504.0,60.0,25.07,Appartement,"2 pièce - 1 chambre - s, , 60 m²",59000,Lille,50.62424430611464,3.076505549672831,https://www.seloger.com/annonce/location/hauts-de-france/nord-59/lille-59000/26RIZ32WWV4C,,2026-08-12,Lille / Non localisé,T2,,0,552872.0,0,552107.0,0,554211.0,0,553644.0,0,552097.0,0,551277.0,0,554726.0,0,,0,,0,553059.0,0,551787.0,0,551570.0,0,,0,553496.0,0,553948.0,0,554053.0,0,554277.0,0,555110.0,0,551612.0,0
1282,SeLoger,1700.0,97.0,17.53,Appartement,"4 pièce - 3 chambre - Loft s, s, 97 m², 3 étages",59000,Lille,50.62835955651244,3.0900385651432267,https://www.seloger.com/annonce/location/hauts-de-france/nord-59/lille-59000/26SA4KTPVN1D,,2026-08-12,Lille / Non localisé,Grand (T4+),,0,553084.0,0,552316.0,0,554425.0,0,553857.0,0,552306.0,0,551485.0,0,554939.0,0,,0,,0,553271.0,0,551996.0,0,551778.0,0,,0,553710.0,0,554155.0,0,554263.0,0,554491.0,0,555320.0,0,551820.0,0
1283,SeLoger,440.0,10.0,44.0,Appartement,"1 pièce - 10 m², Étage 3/3, disponible dès maintenant",59000,Lille,50.617286503706346,3.083164137137161,https://www.seloger.com/annonces/locations/appartement/lille-59/vauban-esquermes/26AK3KJHN87N.htm,,2026-08-12,Lille / Non localisé,Studio/T1,,0,552007.0,0,551241.0,0,553347.0,0,552780.0,0,551231.0,0,550411.0,0,553861.0,0,,0,,0,552194.0,0,550922.0,0,550704.0,0,,0,552631.0,0,553082.0,0,553188.0,0,553413.0,0,554245.0,0,550746.0,0
1284,SeLoger,926.0,64.4,14.38,Appartement,"3 pièce - 2 chambre - s, s, 64,4 m², RDC/4",59000,Lille,50.63066215436886,3.022854072995773,https://www.seloger.com/annonces/locations/appartement/lille-59/bois-blanc/275467829.htm,,2026-08-12,Bois Blancs,T3,,0,554499.0,0,553744.0,0,555833.0,0,555267.0,0,553734.0,0,552918.0,0,556349.0,0,,0,,0,554685.0,0,553425.0,0,553210.0,0,,0,555115.0,0,555593.0,0,555689.0,0,555899.0,0,556744.0,0,553252.0,0
1285,SeLoger,1270.0,72.0,17.64,Appartement,"2 pièce - 1 chambre - s, , 72 m², Étage 3/3",59000,Lille,50.62659234053124,3.031467822832469,https://www.seloger.com/annonce/location/hauts-de-france/nord-59/lille-59000/26H3NQAILAV3,,2026-08-12,Lille / Non localisé,T2,,0,553909.0,0,553152.0,0,555244.0,0,554677.0,0,553143.0,0,552326.0,0,555759.0,0,,0,,0,554095.0,0,552834.0,0,552618.0,0,,0,554526.0,0,555001.0,0,555097.0,0,555310.0,0,556153.0,0,552660.0,0
1286,SeLoger,840.0,40.2,20.9,Appartement,"2 pièce - 1 chambre - s, , 40,2 m², étage",59000,Lille,50.64397258933443,3.0815475915682775,https://www.seloger.com/annonce/location/hauts-de-france/nord-59/lille-59000/26AUXCLVXULG,,2026-08-12,Lille / Non localisé,T2,,0,554913.0,0,554146.0,0,556254.0,0,555687.0,0,554136.0,0,553315.0,0,556768.0,0,,0,,0,555100.0,0,553826.0,0,553608.0,0,,0,555539.0,0,555985.0,0,556093.0,0,556320.0,0,557150.0,0,553650.0,0
1287,SeLoger,905.0,53.0,17.08,Appartement,"1 pièce - 1 chambre - Duplex , , 53 m²",59000,Lille,50.62149765500498,3.088590260857388,https://www.seloger.com/wl-cdp/26CIQ74EBK6E,,2026-08-12,Lille / Non localisé,Studio/T1,,0,552368.0,0,551601.0,0,553709.0,0,553141.0,0,551591.0,0,550771.0,0,554223.0,0,,0,,0,552555.0,0,551282.0,0,551064.0,0,,0,552994.0,0,553441.0,0,553548.0,0,553775.0,0,554605.0,0,551106.0,0
1288,SeLoger,1124.0,70.0,16.06,Appartement,"3 pièce - 2 chambre - s, s, 70 m², étage",59000,Lille,50.63160661643234,3.07949507702654,https://www.seloger.com/wl-cdp/268UCN7RFE5Q,,2026-08-12,Lille / Non localisé,T3,,0,553615.0,0,552849.0,0,554955.0,0,554387.0,0,552839.0,0,552018.0,0,555469.0,0,,0,,0,553801.0,0,552529.0,0,552311.0,0,,0,554239.0,0,554689.0,0,554795.0,0,555021.0,0,555852.0,0,552353.0,0
1289,SeLoger,2300.0,177.0,12.99,Maison,"6 pièce - 4 chambre - Maison s, s, 177 m²",59000,Lille,50.64315177826396,3.0891821664825097,https://www.seloger.com/annonce/location/hauts-de-france/nord-59/lille-59000/264U3PY8EGUG,,2026-08-12,Lille / Non localisé,Grand (T4+),,0,554695.0,0,553926.0,0,556036.0,0,555468.0,0,553916.0,0,553094.0,0,556550.0,0,,0,,0,554882.0,0,553606.0,0,553387.0,0,,0,555321.0,0,555764.0,0,555873.0,0,556102.0,0,556930.0,0,553430.0,0
1290,SeLoger,916.0,71.8,12.76,Appartement,"3 pièce - 2 chambre - s, s, 71,8 m², Étage 1/7",59000,Lille,50.62615386980881,3.068250685530498,https://www.seloger.com/annonces/locations/appartement/lille-59/centre/269544463.htm,,2026-08-12,Lille-Centre,T3,,0,553220.0,0,552457.0,0,554559.0,0,553992.0,0,552447.0,0,551627.0,0,555073.0,0,,0,,0,553407.0,0,552137.0,0,551920.0,0,,0,553843.0,0,554299.0,0,554403.0,0,554625.0,0,555459.0,0,551962.0,0
1291,SeLoger,450.0,19.0,23.68,Appartement,"1 pièce - 19 m², étage",59000,Lille,50.62556441695855,3.0880187326221535,https://www.seloger.com/annonce/location/hauts-de-france/nord-59/lille-59000/26W9VPAXRSVC,,2026-08-12,Lille / Non localisé,Studio/T1,,0,552817.0,0,552050.0,0,554158.0,0,553590.0,0,552040.0,0,551219.0,0,554671.0,0,,0,,0,553004.0,0,551730.0,0,551512.0,0,,0,553442.0,0,553889.0,0,553997.0,0,554223.0,0,555053.0,0,551554.0,0
1292,SeLoger,750.0,33.5,22.39,Appartement,"2 pièce - 1 chambre - s, , 33,5 m²",59000,Lille,50.620583528971544,3.068066963816378,https://www.seloger.com/wl-cdp/25KPK9D9T1S8,,2026-08-12,Lille / Non localisé,T2,,0,552623.0,0,551860.0,0,553961.0,0,553394.0,0,551850.0,0,551031.0,0,554476.0,0,,0,,0,552809.0,0,551540.0,0,551323.0,0,,0,553245.0,0,553703.0,0,553806.0,0,554027.0,0,554862.0,0,551365.0,0
1293,SeLoger,520.0,14.0,37.14,Colocation,"1 pièce - 3 chambre - Colocation , s, 14 m²",59000,Lille,50.608677713281,3.0312735970625906,https://www.seloger.com/annonce/location/hauts-de-france/nord-59/lille-59000/2653YUNB1RZV,,2026-08-12,Lille / Non localisé,Studio/T1,,0,551983.0,0,551229.0,0,553318.0,0,552752.0,0,551219.0,0,550403.0,0,553834.0,0,,0,,0,552169.0,0,550910.0,0,550695.0,0,,0,552600.0,0,553078.0,0,553173.0,0,553384.0,0,554228.0,0,550736.0,0
1294,SeLoger,640.0,15.0,42.67,Colocation,"1 pièce - 1 chambre - Colocation , , 15 m², étage",59000,Lille,50.61249101403274,3.0348172340194868,https://www.seloger.com/annonce/location/hauts-de-france/nord-59/lille-59000/268CZ1PRQ74K,,2026-08-12,Lille / Non localisé,Studio/T1,,0,552331.0,0,551576.0,0,553666.0,0,553100.0,0,551566.0,0,550750.0,0,554182.0,0,,0,,0,552517.0,0,551257.0,0,551042.0,0,,0,552949.0,0,553424.0,0,553520.0,0,553732.0,0,554576.0,0,551083.0,0
1295,SeLoger,382.0,17.0,22.47,Appartement,"1 pièce - 17 m², 2 étages",59000,Lille,50.62059392777462,3.0219760030933505,https://www.seloger.com/wl-cdp/24VDS8RDQUI9,,2026-08-12,Lille / Non localisé,Studio/T1,,0,553430.0,0,552677.0,0,554764.0,0,554198.0,0,552667.0,0,551852.0,0,555281.0,0,,0,,0,553616.0,0,552358.0,0,552144.0,0,,0,554047.0,0,554527.0,0,554621.0,0,554831.0,0,555676.0,0,552185.0,0
1296,SeLoger,1300.0,102.0,12.75,Appartement,"4 pièce - 2 chambre - s, s, 102 m², Étage 4/4",59000,Lille,50.63273073680408,3.0623817586538986,https://www.seloger.com/annonces/locations/appartement/lille-59/centre/271768319.htm,,2026-08-12,Lille-Centre,Grand (T4+),,0,554030.0,0,553268.0,0,555369.0,0,554802.0,0,553258.0,0,552439.0,0,555883.0,0,,0,,0,554217.0,0,552948.0,0,552731.0,0,,0,554653.0,0,555111.0,0,555214.0,0,555435.0,0,556270.0,0,552773.0,0
1297,SeLoger,950.0,72.0,13.19,Appartement,"3 pièce - 2 chambre - s, s, 72 m², étage",59000,Lille,50.62966661393416,3.041962090096978,https://www.seloger.com/annonces/locations/appartement/lille-59/wazemmes/271883509.htm,,2026-08-12,Wazemmes,T3,,0,554055.0,0,553297.0,0,555392.0,0,554825.0,0,553287.0,0,552470.0,0,555907.0,0,,0,,0,554242.0,0,552978.0,0,552762.0,0,,0,554675.0,0,555143.0,0,555242.0,0,555458.0,0,556298.0,0,552804.0,0
1298,SeLoger,969.0,64.7,14.98,Appartement,"3 pièce - 2 chambre - s, s, 64,7 m², étage",59000,Lille,50.63815390125116,3.057037969800005,https://www.seloger.com/annonces/locations/appartement/lille-59/vieux-lille/272286119.htm,,2026-08-12,Vieux-Lille,T3,,0,554707.0,0,553945.0,0,556046.0,0,555479.0,0,553935.0,0,553117.0,0,556560.0,0,,0,,0,554894.0,0,553626.0,0,553409.0,0,,0,555329.0,0,555789.0,0,555891.0,0,556112.0,0,556948.0,0,553451.0,0
1299,SeLoger,1350.0,73.1,18.47,Appartement,"3 pièce - 2 chambre - Duplex s, s, 73,1 m², RDC",59000,Lille,50.63512548675731,3.066321640414388,https://www.seloger.com/annonces/locations/appartement/lille-59/vieux-lille/270398497.htm,,2026-08-12,Vieux-Lille,T3,,0,554221.0,0,553457.0,0,555559.0,0,554992.0,0,553447.0,0,552627.0,0,556074.0,0,,0,,0,554407.0,0,553137.0,0,552920.0,0,,0,554844.0,0,555299.0,0,555403.0,0,555625.0,0,556459.0,0,552962.0,0
1300,SeLoger,1080.0,65.0,16.62,Appartement,"3 pièce - 2 chambre - s, s, 65 m², Étage 2/6",59000,Lille,50.63892153006438,3.0832004968282436,https://www.seloger.com/annonces/locations/appartement/lille-59/wazemmes/268ZS2RFJ5MJ.htm,,2026-08-12,Lille / Non localisé,T3,,0,554340.0,0,553573.0,0,555681.0,0,555113.0,0,553563.0,0,552742.0,0,556195.0,0,,0,,0,554527.0,0,553253.0,0,553035.0,0,,0,554966.0,0,555412.0,0,555520.0,0,555747.0,0,556577.0,0,553077.0,0
1301,SeLoger,827.0,31.8,26.01,Appartement,"2 pièce - 1 chambre - s, , 31,8 m², RDC/2",59000,Lille,50.646673617679916,3.084580037775695,https://www.seloger.com/annonces/locations/appartement/lille-59/saint-maurice-pellevoisin/270862603.htm,,2026-08-12,Saint-Maurice Pellevoisin,T2,,0,555153.0,0,554385.0,0,556494.0,0,555927.0,0,554375.0,0,553554.0,0,557008.0,0,,0,,0,555340.0,0,554065.0,0,553847.0,0,,0,555779.0,0,556223.0,0,556332.0,0,556560.0,0,557389.0,0,553889.0,0
1302,SeLoger,500.0,15.0,33.33,Colocation,"1 pièce - Colocation , 15 m², étage, dès le 20/08/2026",59000,Lille,50.62416515703304,3.0402321356620288,https://www.seloger.com/annonce/location/hauts-de-france/nord-59/lille-59000/26BN2ZECSXYX,,2026-08-12,Lille / Non localisé,Studio/T1,,0,553493.0,0,552735.0,0,554829.0,0,554263.0,0,552726.0,0,551909.0,0,555345.0,0,,0,,0,553679.0,0,552417.0,0,552201.0,0,,0,554112.0,0,554583.0,0,554681.0,0,554895.0,0,555736.0,0,552242.0,0
1303,SeLoger,470.0,15.0,31.33,Colocation,"1 pièce - Colocation , 15 m², étage, dès le 20/08/2026",59000,Lille,50.63652191563189,3.0562136782063916,https://www.seloger.com/annonce/location/hauts-de-france/nord-59/lille-59000/26BFPSSDQN5I,,2026-08-12,Lille / Non localisé,Studio/T1,,0,554546.0,0,553784.0,0,555884.0,0,555317.0,0,553774.0,0,552956.0,0,556399.0,0,,0,,0,554732.0,0,553465.0,0,553248.0,0,,0,555168.0,0,555628.0,0,555730.0,0,555950.0,0,556786.0,0,553290.0,0
1304,SeLoger,420.0,15.0,28.0,Colocation,"1 pièce - Colocation , 15 m², étage, dès le 20/08/2026",59000,Lille,50.61650567073981,3.0617614947660474,https://www.seloger.com/annonce/location/hauts-de-france/nord-59/lille-59000/265PHR8SJ9UM,,2026-08-12,Lille / Non localisé,Studio/T1,,0,552292.0,0,551531.0,0,553630.0,0,553063.0,0,551521.0,0,550703.0,0,554145.0,0,,0,,0,552479.0,0,551212.0,0,550995.0,0,,0,552914.0,0,553375.0,0,553477.0,0,553696.0,0,554533.0,0,551037.0,0
1305,SeLoger,626.0,15.0,41.73,Colocation,"1 pièce - 1 chambre - Colocation , , 15 m², Étage 2/2",59000,Lille,50.62085657187818,3.0580756398005295,https://www.seloger.com/annonces/locations/appartement/lille-59/wazemmes/255803163.htm,,2026-08-12,Wazemmes,Studio/T1,,0,552825.0,0,552064.0,0,554163.0,0,553596.0,0,552054.0,0,551236.0,0,554678.0,0,,0,,0,553012.0,0,551745.0,0,551529.0,0,,0,553446.0,0,553909.0,0,554010.0,0,554229.0,0,555066.0,0,551570.0,0
1306,SeLoger,770.0,15.0,51.33,Studio,"1 pièce - Studio , 15 m², dès le 15/08/2026",59000,Lille,50.62541773649781,3.085668841944515,https://www.seloger.com/annonces/locations/appartement/lille-59/centre/269634947.htm,,2026-08-12,Lille-Centre,Studio/T1,,0,552841.0,0,552075.0,0,554182.0,0,553614.0,0,552064.0,0,551244.0,0,554696.0,0,,0,,0,553028.0,0,551755.0,0,551537.0,0,,0,553466.0,0,553914.0,0,554021.0,0,554248.0,0,555078.0,0,551579.0,0
1307,SeLoger,510.0,12.0,42.5,Colocation,"1 pièce - 10 chambre - Colocation , s, 12 m², étage",59000,Lille,50.64200208671927,3.0806935351142433,https://www.seloger.com/annonce/location/hauts-de-france/nord-59/lille-59000/26QZ9GETKCAL,,2026-08-12,Lille / Non localisé,Studio/T1,,0,554715.0,0,553948.0,0,556056.0,0,555488.0,0,553938.0,0,553117.0,0,556570.0,0,,0,,0,554902.0,0,553629.0,0,553410.0,0,,0,555341.0,0,555788.0,0,555895.0,0,556122.0,0,556952.0,0,553453.0,0
1308,SeLoger,540.0,12.0,45.0,Colocation,"1 pièce - 1 chambre - Colocation - , , 12 m², dès le 15/08/2026",59000,Lille,50.63824057998925,3.0567767751824713,https://www.seloger.com/annonce/location/hauts-de-france/nord-59/lille-59000/26YLIQJGZ28M,,2026-08-12,Lille / Non localisé,Studio/T1,,0,554721.0,0,553959.0,0,556059.0,0,555492.0,0,553949.0,0,553131.0,0,556574.0,0,,0,,0,554908.0,0,553640.0,0,553423.0,0,,0,555343.0,0,555803.0,0,555905.0,0,556125.0,0,556961.0,0,553465.0,0
1309,SeLoger,550.0,22.0,25.0,Appartement,"1 pièce - 22 m², RDC/1, disponible dès maintenant",59000,Lille,50.60440278423891,3.048037021998534,https://www.seloger.com/annonces/locations/appartement/lille-59/caulier/26US8K8PSFR4.htm,,2026-08-12,Lille / Non localisé,Studio/T1,,0,551228.0,0,550470.0,0,552564.0,0,551997.0,0,550460.0,0,549643.0,0,553079.0,0,,0,,0,551414.0,0,550151.0,0,549936.0,0,,0,551847.0,0,552317.0,0,552415.0,0,552630.0,0,553471.0,0,549977.0,0
1310,SeLoger,927.0,55.6,16.67,Appartement,"3 pièce - 2 chambre - s, s, 55,6 m², Étage 2/3",59000,Lille,50.61310418194006,3.0634018132945955,https://www.seloger.com/annonce/location/hauts-de-france/nord-59/lille-59000/26SGSNCAINLY,,2026-08-12,Lille / Non localisé,T3,,0,551897.0,0,551136.0,0,553235.0,0,552668.0,0,551126.0,0,550308.0,0,553750.0,0,,0,,0,552084.0,0,550817.0,0,550600.0,0,,0,552519.0,0,552980.0,0,553082.0,0,553301.0,0,554138.0,0,550642.0,0
1311,SeLoger,740.0,32.3,22.91,Appartement,"1 pièce - 32,3 m², étage",59000,Lille,50.621425871083524,3.067551579903846,https://www.seloger.com/annonces/locations/appartement/lille-59/centre/275534021.htm,,2026-08-12,Lille-Centre,Studio/T1,,0,552722.0,0,551959.0,0,554061.0,0,553494.0,0,551950.0,0,551130.0,0,554575.0,0,,0,,0,552909.0,0,551640.0,0,551423.0,0,,0,553345.0,0,553802.0,0,553906.0,0,554127.0,0,554962.0,0,551465.0,0
1312,SeLoger,890.0,56.0,15.89,Appartement,"2 pièce - 1 chambre - s, , 56 m², étage",59000,Lille,50.633385222619495,3.046252249530893,https://www.seloger.com/annonce/location/hauts-de-france/nord-59/lille-59000/269R167BCTFZ,,2026-08-12,Lille / Non localisé,T2,,0,554381.0,0,553621.0,0,555718.0,0,555151.0,0,553612.0,0,552794.0,0,556233.0,0,,0,,0,554567.0,0,553303.0,0,553086.0,0,,0,555001.0,0,555467.0,0,555567.0,0,555784.0,0,556623.0,0,553128.0,0
1313,SeLoger,2136.0,164.9,12.95,Appartement,"5 pièce - 4 chambre - s, s, 164,9 m², Étage 5/5",59000,Lille,50.62817023075376,3.0661675920719746,https://www.seloger.com/annonce/location/hauts-de-france/nord-59/lille-59000/26NE2EM8Z3G6,,2026-08-12,Lille / Non localisé,Grand (T4+),,0,553473.0,0,552710.0,0,554812.0,0,554245.0,0,552700.0,0,551881.0,0,555326.0,0,,0,,0,553660.0,0,552391.0,0,552174.0,0,,0,554096.0,0,554553.0,0,554656.0,0,554878.0,0,555713.0,0,552216.0,0
1314,SeLoger,1278.0,64.6,19.78,Appartement,"3 pièce - 2 chambre - s, s, 64,6 m², étage",59000,Lille,50.63927732447757,3.0467740949121884,https://www.seloger.com/annonce/location/hauts-de-france/nord-59/lille-59000/268E4N5JFTZL,,2026-08-12,Lille / Non localisé,T3,,0,555007.0,0,554247.0,0,556344.0,0,555777.0,0,554237.0,0,553419.0,0,556859.0,0,,0,,0,555193.0,0,553928.0,0,553711.0,0,,0,555627.0,0,556092.0,0,556192.0,0,556410.0,0,557248.0,0,553753.0,0
1315,SeLoger,1100.0,77.0,14.29,Appartement,"3 pièce - 2 chambre - s, s, 77 m², Étage 3/3",59000,Lille,50.62671964487377,3.085155187232498,https://www.seloger.com/annonce/location/hauts-de-france/nord-59/lille-59000/26JM461FBK4A,,2026-08-12,Lille / Non localisé,T3,,0,552990.0,0,552224.0,0,554331.0,0,553763.0,0,552214.0,0,551393.0,0,554845.0,0,,0,,0,553177.0,0,551904.0,0,551686.0,0,,0,553616.0,0,554063.0,0,554171.0,0,554397.0,0,555227.0,0,551728.0,0
1316,SeLoger,479.0,19.0,25.21,Appartement,"1 pièce - 19 m², étage",59000,Lille,50.609789610710855,3.073479755782505,https://www.seloger.com/annonce/location/hauts-de-france/nord-59/lille-59000/261VXJUNAS6S,,2026-08-12,Lille / Non localisé,Studio/T1,,0,551365.0,0,550602.0,0,552704.0,0,552137.0,0,550592.0,0,549773.0,0,553219.0,0,,0,,0,551552.0,0,550283.0,0,550066.0,0,,0,551988.0,0,552445.0,0,552548.0,0,552770.0,0,553605.0,0,550108.0,0
1317,SeLoger,475.0,12.0,39.58,Colocation,"1 pièce - Colocation , 12 m², Étage 1/4",59000,Lille,50.61493792416789,3.073880070497319,https://www.seloger.com/annonce/location/hauts-de-france/nord-59/lille-59000/26511GG272Q7,,2026-08-12,Lille / Non localisé,Studio/T1,,0,551914.0,0,551150.0,0,553252.0,0,552685.0,0,551140.0,0,550321.0,0,553767.0,0,,0,,0,552100.0,0,550831.0,0,550613.0,0,,0,552536.0,0,552992.0,0,553096.0,0,553318.0,0,554153.0,0,550655.0,0
1318,SeLoger,852.0,53.8,15.84,Appartement,"3 pièce - 2 chambre - s, s, 53,8 m², étage",59000,Lille,50.62315795704962,3.031233786902695,https://www.seloger.com/annonce/location/hauts-de-france/nord-59/lille-59000/26CYG5F5GA2H,,2026-08-12,Lille / Non localisé,T3,,0,553543.0,0,552787.0,0,554878.0,0,554312.0,0,552777.0,0,551961.0,0,555394.0,0,,0,,0,553729.0,0,552469.0,0,552253.0,0,,0,554160.0,0,554636.0,0,554732.0,0,554944.0,0,555787.0,0,552295.0,0
1319,SeLoger,887.0,51.0,17.39,Appartement,"3 pièce - 2 chambre - s, s, 51 m², Étage 7/7",59000,Lille,50.64575667093197,3.057423061425326,https://www.seloger.com/annonces/locations/appartement/lille-59/vieux-lille/132459679.htm,,2026-08-12,Vieux-Lille,T3,,0,555520.0,0,554758.0,0,556859.0,0,556292.0,0,554748.0,0,553929.0,0,557373.0,0,,0,,0,555707.0,0,554438.0,0,554221.0,0,,0,556143.0,0,556600.0,0,556704.0,0,556925.0,0,557760.0,0,554263.0,0
1320,SeLoger,846.0,77.1,10.97,Appartement,"3 pièce - 2 chambre - s, s, 77,1 m², étage",59000,Lille,50.63775292806256,3.037217342977441,https://www.seloger.com/annonces/locations/appartement/lille-59/274697479.htm,,2026-08-12,Lille / Non localisé,T3,,0,555010.0,0,554251.0,0,556346.0,0,555779.0,0,554242.0,0,553424.0,0,556861.0,0,,0,,0,555196.0,0,553933.0,0,553717.0,0,,0,555629.0,0,556098.0,0,556197.0,0,556412.0,0,557252.0,0,553758.0,0
1321,SeLoger,1400.0,37.0,37.84,Appartement,"2 pièce - s, 37 m², étage, dès le 04/09/2026",59000,Lille,50.608309652287694,3.0583775449603516,https://www.seloger.com/annonce/location/hauts-de-france/nord-59/lille-59000/2635YVF8DG6A,,2026-08-12,Lille / Non localisé,T2,,0,551468.0,0,550708.0,0,552805.0,0,552238.0,0,550698.0,0,549880.0,0,553320.0,0,,0,,0,551654.0,0,550389.0,0,550173.0,0,,0,552088.0,0,552553.0,0,552654.0,0,552871.0,0,553709.0,0,550214.0,0
1322,SeLoger,620.0,27.3,22.71,Appartement,"2 pièce - 1 chambre - s, , 27,3 m², Étage 2/2",59000,Lille,50.629033545670694,3.0393988196563826,https://www.seloger.com/annonces/locations/appartement/lille-59/wazemmes/270885021.htm,,2026-08-12,Wazemmes,T2,,0,554032.0,0,553274.0,0,555368.0,0,554802.0,0,553264.0,0,552447.0,0,555884.0,0,,0,,0,554218.0,0,552955.0,0,552740.0,0,,0,554651.0,0,555121.0,0,555219.0,0,555434.0,0,556275.0,0,552781.0,0
1323,SeLoger,1519.0,47.0,32.32,Appartement,"2 pièce - 1 chambre - s, , 47 m², dès le 13/10/2026",59000,Lille,50.65648888450103,3.0880519071468395,https://www.seloger.com/annonces/locations/appartement/lille-59/271986123.htm,,2026-08-12,Lille / Non localisé,T2,,0,556153.0,0,555384.0,0,557495.0,0,556927.0,0,555373.0,0,554552.0,0,558008.0,0,,0,,0,556340.0,0,555064.0,0,554845.0,0,,0,556780.0,0,557221.0,0,557331.0,0,557561.0,0,558388.0,0,554887.0,0
1324,SeLoger,1050.0,55.0,19.09,Appartement,"3 pièce - 2 chambre - s, s, 55 m², Étage 1/1",59000,Lille,50.60828010450953,3.053625775025185,https://www.seloger.com/annonces/locations/appartement/lille-59/lille-sud/26661179JIJ1.htm,,2026-08-12,Lille / Non localisé,T3,,0,551548.0,0,550789.0,0,552884.0,0,552318.0,0,550779.0,0,549961.0,0,553399.0,0,,0,,0,551734.0,0,550470.0,0,550254.0,0,,0,552167.0,0,552635.0,0,552734.0,0,552950.0,0,553790.0,0,550295.0,0
1325,SeLoger,1250.0,66.0,18.94,Appartement,"3 pièce - 2 chambre - s, s, 66 m², Étage 5/5",59000,Lille,45.75312166904677,4.78512321277261,https://www.seloger.com/annonces/locations/appartement/lille-59/lille-sud/234379161.htm,,2026-08-12,Lille-Sud,T3,,0,1472.0,0,1443.0,0,2918.0,0,2930.0,0,2006.0,0,218.0,6,2655.0,0,,0,,0,2350.0,0,2400.0,0,322.0,9,,0,398.0,1,6317.0,0,2794.0,0,2916.0,0,4210.0,0,2276.0,0
1326,SeLoger,595.0,11.0,54.09,Colocation,"Colocation 11 m², 3 étages, disponible dès maintenant",59000,Lille,50.62562239937832,3.073481762587361,https://www.seloger.com/annonces/locations/appartement/lille-59/moulins/26IPY8GJSIMF.htm,,2026-08-12,Lille / Non localisé,Studio/T1,,0,553072.0,0,552308.0,0,554412.0,0,553844.0,0,552298.0,0,551478.0,0,554926.0,0,,0,,0,553259.0,0,551989.0,0,551771.0,0,,0,553696.0,0,554150.0,0,554255.0,0,554478.0,0,555311.0,0,551813.0,0
1327,SeLoger,700.0,29.0,24.14,Appartement,"1 pièce - 29 m², RDC, dès le 16/08/2026",59000,Lille,50.62854316848501,3.1149832326854723,https://www.seloger.com/annonces/locations/appartement/lille-59/hellemmes-les-sarts/265370855.htm,,2026-08-12,Hellemmes,Studio/T1,,0,552681.0,0,551909.0,0,554025.0,0,553457.0,0,551898.0,0,551075.0,0,554538.0,0,,0,,0,552869.0,0,551588.0,0,551369.0,0,,0,553311.0,0,553743.0,0,553857.0,0,554091.0,0,554914.0,0,551411.0,0
1328,SeLoger,823.0,16.0,51.44,Colocation,"1 pièce - 3 chambre - Colocation , s, 16 m², RDC",59000,Lille,50.628337020215305,3.057867819753381,https://www.seloger.com/annonces/locations/appartement/lille-59/centre/259351061.htm,,2026-08-12,Lille-Centre,Studio/T1,,0,553635.0,0,552874.0,0,554973.0,0,554406.0,0,552864.0,0,552045.0,0,555488.0,0,,0,,0,553821.0,0,552554.0,0,552338.0,0,,0,554256.0,0,554717.0,0,554819.0,0,555039.0,0,555875.0,0,552379.0,0
1329,SeLoger,1258.0,70.0,17.97,Appartement,"3 pièce - 2 chambre - s, s, 70 m²",59000,Lille,45.771442761556024,4.868431444185302,https://www.seloger.com/annonces/locations/appartement/lille-59/lille-sud/262677819.htm,,2026-08-12,Lille-Sud,T3,,0,588.0,0,548.0,0,1016.0,0,746.0,0,630.0,0,714.0,0,779.0,0,,0,,0,1182.0,0,2084.0,0,498.0,1,,0,2242.0,0,1915.0,0,1324.0,0,1207.0,0,2535.0,0,3393.0,0
1330,SeLoger,600.0,19.0,31.58,Appartement,"1 pièce - 19 m², Étage 1/2, disponible dès maintenant",59000,Lille,50.60871123623374,3.0442247198654853,https://www.seloger.com/annonces/locations/appartement/lille-59/caulier/26VYGFFWEWM9.htm,,2026-08-12,Lille / Non localisé,Studio/T1,,0,551759.0,0,551001.0,0,553094.0,0,552528.0,0,550992.0,0,550175.0,0,553610.0,0,,0,,0,551945.0,0,550683.0,0,550467.0,0,,0,552377.0,0,552849.0,0,552947.0,0,553161.0,0,554002.0,0,550509.0,0
1331,SeLoger,704.0,40.9,17.21,Appartement,"2 pièce - 1 chambre - s, , 40,9 m², étage",59000,Lille,50.60558088768501,3.0409515796855904,https://www.seloger.com/wl-cdp/26J3DVM66VMA,,2026-08-12,Lille / Non localisé,T2,,0,551479.0,0,550723.0,0,552814.0,0,552248.0,0,550713.0,0,549897.0,0,553330.0,0,,0,,0,551665.0,0,550404.0,0,550189.0,0,,0,552097.0,0,552571.0,0,552668.0,0,552881.0,0,553723.0,0,550230.0,0
1332,SeLoger,650.0,31.0,20.97,Appartement,"2 pièce - 1 chambre - s, , 31 m², étage",59000,Lille,50.634628443082164,3.0650561862916286,https://www.seloger.com/annonce/location/hauts-de-france/nord-59/lille-59000/26DQ96N8JUC4,,2026-08-12,Lille / Non localisé,T2,,0,554189.0,0,553425.0,0,555528.0,0,554960.0,0,553415.0,0,552596.0,0,556042.0,0,,0,,0,554375.0,0,553106.0,0,552889.0,0,,0,554812.0,0,555268.0,0,555372.0,0,555594.0,0,556428.0,0,552931.0,0
1333,SeLoger,600.0,29.0,20.69,Appartement,"2 pièce - 1 chambre - s, , 29 m², Étage 1/2",59000,Lille,50.644707570829546,3.0697821182254335,https://www.seloger.com/annonce/location/hauts-de-france/nord-59/lille-59000/26EIR2JJ7D9V,,2026-08-12,Lille / Non localisé,T2,,0,555194.0,0,554429.0,0,556534.0,0,555966.0,0,554419.0,0,553599.0,0,557048.0,0,,0,,0,555381.0,0,554109.0,0,553892.0,0,,0,555818.0,0,556270.0,0,556376.0,0,556600.0,0,557432.0,0,553934.0,0
1334,SeLoger,1295.0,66.0,19.62,Appartement,"2 pièce - 1 chambre - s, , 66 m², Étage 1/3",59000,Lille,50.61782489046707,3.0742129482714247,https://www.seloger.com/annonces/locations/appartement/lille-59/wazemmes/2653M45QUKRE.htm,,2026-08-12,Lille / Non localisé,T2,,0,552219.0,0,551455.0,0,553558.0,0,552991.0,0,551445.0,0,550626.0,0,554072.0,0,,0,,0,552406.0,0,551136.0,0,550918.0,0,,0,552842.0,0,553297.0,0,553402.0,0,553624.0,0,554458.0,0,550960.0,0
1335,SeLoger,505.0,15.0,33.67,Colocation,"1 pièce - Colocation , 15 m², étage, dès le 20/08/2026",59000,Lille,50.62953231092358,3.061947723943919,https://www.seloger.com/annonce/location/hauts-de-france/nord-59/lille-59000/26N19ERJ9RBT,,2026-08-12,Lille / Non localisé,Studio/T1,,0,553693.0,0,552931.0,0,555031.0,0,554464.0,0,552921.0,0,552102.0,0,555546.0,0,,0,,0,553880.0,0,552611.0,0,552395.0,0,,0,554315.0,0,554774.0,0,554877.0,0,555097.0,0,555933.0,0,552436.0,0
1336,SeLoger,605.0,15.0,40.33,Colocation,"1 pièce - Colocation , 15 m², étage",59000,Lille,50.61748092832595,3.082011965493565,https://www.seloger.com/wl-cdp/26QLSXFHCDDP,,2026-08-12,Lille / Non localisé,Studio/T1,,0,552048.0,0,551282.0,0,553388.0,0,552820.0,0,551272.0,0,550452.0,0,553902.0,0,,0,,0,552235.0,0,550963.0,0,550745.0,0,,0,552672.0,0,553123.0,0,553229.0,0,553454.0,0,554286.0,0,550787.0,0
1337,SeLoger,540.0,15.0,36.0,Colocation,"1 pièce - Colocation , 15 m², dès le 20/08/2026",59000,Lille,50.62897248872448,3.026631247379052,https://www.seloger.com/annonce/location/hauts-de-france/nord-59/lille-59000/265CPW9G22CZ,,2026-08-12,Lille / Non localisé,Studio/T1,,0,554250.0,0,553495.0,0,555585.0,0,555019.0,0,553485.0,0,552669.0,0,556101.0,0,,0,,0,554436.0,0,553176.0,0,552961.0,0,,0,554867.0,0,555344.0,0,555439.0,0,555651.0,0,556495.0,0,553002.0,0
1338,SeLoger,480.0,15.0,32.0,Colocation,"1 pièce - Colocation , 15 m², dès le 20/08/2026",59000,Lille,50.630589095732724,3.0685906757816093,https://www.seloger.com/annonce/location/hauts-de-france/nord-59/lille-59000/26SKGREHUR54,,2026-08-12,Lille / Non localisé,Studio/T1,,0,553692.0,0,552929.0,0,555031.0,0,554464.0,0,552919.0,0,552099.0,0,555546.0,0,,0,,0,553879.0,0,552609.0,0,552392.0,0,,0,554315.0,0,554771.0,0,554875.0,0,555097.0,0,555931.0,0,552434.0,0
1339,SeLoger,430.0,15.0,28.67,Colocation,"1 pièce - Colocation , 15 m², dès le 20/08/2026",59000,Lille,50.63284718349569,3.0918629811432843,https://www.seloger.com/annonce/location/hauts-de-france/nord-59/lille-59000/26X14RFNXYJI,,2026-08-12,Lille / Non localisé,Studio/T1,,0,553537.0,0,552769.0,0,554879.0,0,554311.0,0,552759.0,0,551937.0,0,555392.0,0,,0,,0,553724.0,0,552449.0,0,552230.0,0,,0,554164.0,0,554607.0,0,554716.0,0,554944.0,0,555773.0,0,552272.0,0
1340,SeLoger,1200.0,86.4,13.89,Appartement,"4 pièce - 3 chambre - s, s, 86,4 m², Étage 1/3",59000,Lille,50.639299296199816,3.0486639667603543,https://www.seloger.com/annonce/location/hauts-de-france/nord-59/lille-59000/26T3S2NR9HAR,,2026-08-12,Lille / Non localisé,Grand (T4+),,0,554976.0,0,554216.0,0,556314.0,0,555747.0,0,554206.0,0,553388.0,0,556829.0,0,,0,,0,555163.0,0,553897.0,0,553680.0,0,,0,555597.0,0,556061.0,0,556161.0,0,556380.0,0,557217.0,0,553722.0,0
1341,SeLoger,350.0,15.0,23.33,Colocation,"1 pièce - Colocation , 15 m², dès le 20/08/2026",59000,Lille,50.62936830923277,3.0856260879121975,https://www.seloger.com/annonce/location/hauts-de-france/nord-59/lille-59000/268KLS82HNJ3,,2026-08-12,Lille / Non localisé,Studio/T1,,0,553268.0,0,552501.0,0,554609.0,0,554041.0,0,552491.0,0,551670.0,0,555123.0,0,,0,,0,553455.0,0,552181.0,0,551963.0,0,,0,553894.0,0,554340.0,0,554448.0,0,554675.0,0,555505.0,0,552005.0,0
1342,SeLoger,335.0,15.0,22.33,Colocation,"1 pièce - Colocation , 15 m², dès le 20/08/2026",59000,Lille,50.62905507773736,3.071611364696482,https://www.seloger.com/annonce/location/hauts-de-france/nord-59/lille-59000/26MSS34NSSFX,,2026-08-12,Lille / Non localisé,Studio/T1,,0,553475.0,0,552711.0,0,554814.0,0,554247.0,0,552701.0,0,551881.0,0,555328.0,0,,0,,0,553662.0,0,552391.0,0,552174.0,0,,0,554098.0,0,554552.0,0,554657.0,0,554880.0,0,555713.0,0,552216.0,0
1343,SeLoger,550.0,15.0,36.67,Colocation,"1 pièce - Colocation , 15 m², dès le 20/08/2026",59000,Lille,50.64036197516728,3.053025669909535,https://www.seloger.com/annonce/location/hauts-de-france/nord-59/lille-59000/26GDT33GMWBQ,,2026-08-12,Lille / Non localisé,Studio/T1,,0,555015.0,0,554254.0,0,556353.0,0,555786.0,0,554244.0,0,553425.0,0,556868.0,0,,0,,0,555201.0,0,553934.0,0,553718.0,0,,0,555637.0,0,556098.0,0,556199.0,0,556419.0,0,557256.0,0,553759.0,0
1344,SeLoger,410.0,15.0,27.33,Colocation,"1 pièce - Colocation , 15 m², dès le 20/08/2026",59000,Lille,50.631055330441065,3.023987705199829,https://www.seloger.com/annonce/location/hauts-de-france/nord-59/lille-59000/26W19RZ4L51R,,2026-08-12,Lille / Non localisé,Studio/T1,,0,554521.0,0,553766.0,0,555856.0,0,555289.0,0,553756.0,0,552940.0,0,556371.0,0,,0,,0,554707.0,0,553447.0,0,553232.0,0,,0,555138.0,0,555615.0,0,555711.0,0,555922.0,0,556766.0,0,553274.0,0
1345,SeLoger,445.0,15.0,29.67,Colocation,"1 pièce - Colocation , 15 m², dès le 20/08/2026",59000,Lille,50.61646298287657,3.0705193032541405,https://www.seloger.com/annonce/location/hauts-de-france/nord-59/lille-59000/268ZJJAG59WM,,2026-08-12,Lille / Non localisé,Studio/T1,,0,552136.0,0,551373.0,0,553475.0,0,552908.0,0,551363.0,0,550544.0,0,553989.0,0,,0,,0,552323.0,0,551054.0,0,550837.0,0,,0,552759.0,0,553216.0,0,553319.0,0,553541.0,0,554375.0,0,550878.0,0
1346,SeLoger,495.0,15.0,33.0,Colocation,"1 pièce - Colocation , 15 m², dès le 20/08/2026",59000,Lille,50.62963268060799,3.043823880425771,https://www.seloger.com/annonce/location/hauts-de-france/nord-59/lille-59000/26XNYC2LDM51,,2026-08-12,Lille / Non localisé,Studio/T1,,0,554019.0,0,553260.0,0,555356.0,0,554789.0,0,553251.0,0,552433.0,0,555871.0,0,,0,,0,554205.0,0,552942.0,0,552725.0,0,,0,554639.0,0,555107.0,0,555206.0,0,555422.0,0,556262.0,0,552767.0,0
1347,SeLoger,425.0,15.0,28.33,Colocation,"1 pièce - Colocation , 15 m², dès le 20/08/2026",59000,Lille,50.622841998247175,3.0635732230759607,https://www.seloger.com/annonce/location/hauts-de-france/nord-59/lille-59000/26ZAM91IPC6V,,2026-08-12,Lille / Non localisé,Studio/T1,,0,552944.0,0,552182.0,0,554282.0,0,553715.0,0,552172.0,0,551353.0,0,554797.0,0,,0,,0,553130.0,0,551862.0,0,551646.0,0,,0,553566.0,0,554025.0,0,554128.0,0,554348.0,0,555184.0,0,551687.0,0
1348,SeLoger,385.0,15.0,25.67,Colocation,"1 pièce - Colocation , 15 m², dès le 20/08/2026",59000,Lille,50.625306115710295,3.024317756019738,https://www.seloger.com/annonce/location/hauts-de-france/nord-59/lille-59000/26477F7DWWYY,,2026-08-12,Lille / Non localisé,Studio/T1,,0,553896.0,0,553142.0,0,555231.0,0,554665.0,0,553132.0,0,552316.0,0,555747.0,0,,0,,0,554082.0,0,552823.0,0,552608.0,0,,0,554513.0,0,554991.0,0,555086.0,0,555297.0,0,556141.0,0,552650.0,0
1349,SeLoger,460.0,15.0,30.67,Colocation,"1 pièce - Colocation , 15 m², dès le 20/08/2026",59000,Lille,50.63512544101735,3.056334024648311,https://www.seloger.com/annonce/location/hauts-de-france/nord-59/lille-59000/269T333VC1HQ,,2026-08-12,Lille / Non localisé,Studio/T1,,0,554393.0,0,553632.0,0,555731.0,0,555164.0,0,553622.0,0,552803.0,0,556246.0,0,,0,,0,554580.0,0,553312.0,0,553096.0,0,,0,555015.0,0,555475.0,0,555577.0,0,555797.0,0,556634.0,0,553137.0,0
1350,SeLoger,715.0,15.0,47.67,Studio,"1 pièce - Studio , 15 m², dès le 15/08/2026",59000,Lille,50.64260817843012,3.0437700935697714,https://www.seloger.com/annonce/location/hauts-de-france/nord-59/lille-59000/26I8N4QNKHZD,,2026-08-12,Lille / Non localisé,Studio/T1,,0,555418.0,0,554658.0,0,556755.0,0,556188.0,0,554648.0,0,553831.0,0,557270.0,0,,0,,0,555604.0,0,554339.0,0,554123.0,0,,0,556038.0,0,556504.0,0,556604.0,0,556821.0,0,557660.0,0,554165.0,0
1351,SeLoger,540.0,14.0,38.57,Colocation,"1 pièce - 1 chambre - Colocation , , 14 m², 2 étages",59000,Lille,50.644933833558945,3.0624060676299174,https://www.seloger.com/annonce/location/hauts-de-france/nord-59/lille-59000/26X531KBHUDL,,2026-08-12,Lille / Non localisé,Studio/T1,,0,555346.0,0,554582.0,0,556685.0,0,556117.0,0,554572.0,0,553753.0,0,557199.0,0,,0,,0,555532.0,0,554262.0,0,554045.0,0,,0,555969.0,0,556424.0,0,556528.0,0,556750.0,0,557585.0,0,554087.0,0
1352,SeLoger,340.0,15.0,22.67,Colocation,"1 pièce - Colocation , 15 m², dès le 20/08/2026",59000,Lille,50.621118177795786,3.056493246213646,https://www.seloger.com/annonce/location/hauts-de-france/nord-59/lille-59000/26RTKKD16R6Z,,2026-08-12,Lille / Non localisé,Studio/T1,,0,552881.0,0,552120.0,0,554218.0,0,553652.0,0,552110.0,0,551292.0,0,554733.0,0,,0,,0,553067.0,0,551801.0,0,551585.0,0,,0,553502.0,0,553965.0,0,554066.0,0,554284.0,0,555122.0,0,551626.0,0
1353,SeLoger,455.0,15.0,30.33,Colocation,"1 pièce - Colocation , 15 m², dès le 20/08/2026",59000,Lille,50.63276302674239,3.0603659925023927,https://www.seloger.com/annonce/location/hauts-de-france/nord-59/lille-59000/264TJ6P7CQC4,,2026-08-12,Lille / Non localisé,Studio/T1,,0,554069.0,0,553306.0,0,555407.0,0,554840.0,0,553297.0,0,552478.0,0,555922.0,0,,0,,0,554255.0,0,552987.0,0,552770.0,0,,0,554691.0,0,555150.0,0,555252.0,0,555473.0,0,556309.0,0,552812.0,0
1354,SeLoger,490.0,15.0,32.67,Colocation,"1 pièce - Colocation , 15 m², dès le 20/08/2026",59000,Lille,50.615204137684124,3.048862374229114,https://www.seloger.com/annonce/location/hauts-de-france/nord-59/lille-59000/26MD74RXHR8H,,2026-08-12,Lille / Non localisé,Studio/T1,,0,552377.0,0,551618.0,0,553713.0,0,553147.0,0,551608.0,0,550791.0,0,554229.0,0,,0,,0,552563.0,0,551299.0,0,551083.0,0,,0,552996.0,0,553464.0,0,553564.0,0,553779.0,0,554619.0,0,551125.0,0
1355,SeLoger,706.0,15.0,47.07,Studio,"1 pièce - Studio , 15 m²",59000,Lille,50.62442975996177,3.057345738906796,https://www.seloger.com/annonces/locations/appartement/lille-59/moulins/268318089.htm,,2026-08-12,Lille-Moulins,Studio/T1,,0,553223.0,0,552462.0,0,554561.0,0,553994.0,0,552452.0,0,551634.0,0,555075.0,0,,0,,0,553409.0,0,552143.0,0,551926.0,0,,0,553844.0,0,554306.0,0,554408.0,0,554627.0,0,555464.0,0,551968.0,0
1356,SeLoger,759.0,15.0,50.6,Studio,"1 pièce - Studio , 15 m²",59000,Lille,50.622405403996375,3.0579378722111787,https://www.seloger.com/annonce/location/hauts-de-france/nord-59/lille-59000/26RUW28XNFIG,,2026-08-12,Lille / Non localisé,Studio/T1,,0,552995.0,0,552233.0,0,554332.0,0,553765.0,0,552224.0,0,551405.0,0,554847.0,0,,0,,0,553181.0,0,551914.0,0,551698.0,0,,0,553616.0,0,554078.0,0,554179.0,0,554398.0,0,555235.0,0,551740.0,0
1357,SeLoger,650.0,15.0,43.33,Colocation,"1 pièce - Colocation , 15 m²",59000,Lille,50.63197334488809,3.091572709243623,https://www.seloger.com/annonce/location/hauts-de-france/nord-59/lille-59000/26VJ7B9TLSSW,,2026-08-12,Lille / Non localisé,Studio/T1,,0,553448.0,0,552679.0,0,554789.0,0,554221.0,0,552669.0,0,551848.0,0,555303.0,0,,0,,0,553635.0,0,552359.0,0,552141.0,0,,0,554074.0,0,554517.0,0,554627.0,0,554855.0,0,555683.0,0,552183.0,0
1358,SeLoger,712.0,15.0,47.47,Colocation,"1 pièce - Colocation , 15 m²",59000,Lille,50.639712389966824,3.084405378899335,https://www.seloger.com/annonces/locations/appartement/lille-59/centre/268318095.htm,,2026-08-12,Lille-Centre,Studio/T1,,0,554405.0,0,553637.0,0,555746.0,0,555178.0,0,553627.0,0,552806.0,0,556260.0,0,,0,,0,554592.0,0,553318.0,0,553099.0,0,,0,555031.0,0,555476.0,0,555584.0,0,555812.0,0,556641.0,0,553141.0,0
1359,SeLoger,737.0,15.0,49.13,Studio,"1 pièce - Studio , 15 m², dès le 15/08/2026",59000,Lille,50.625227985623205,3.0671940517918252,https://www.seloger.com/annonces/locations/appartement/lille-59/centre/269634487.htm,,2026-08-12,Lille-Centre,Studio/T1,,0,553138.0,0,552375.0,0,554477.0,0,553910.0,0,552365.0,0,551546.0,0,554992.0,0,,0,,0,553325.0,0,552056.0,0,551839.0,0,,0,553761.0,0,554218.0,0,554321.0,0,554543.0,0,555378.0,0,551881.0,0
1360,SeLoger,790.0,15.0,52.67,Studio,"1 pièce - Studio , 15 m²",59000,Lille,50.64140261573484,3.0530975753893146,https://www.seloger.com/annonce/location/hauts-de-france/nord-59/lille-59000/26RCK5DXINEG,,2026-08-12,Lille / Non localisé,Studio/T1,,0,555126.0,0,554364.0,0,556464.0,0,555897.0,0,554355.0,0,553536.0,0,556979.0,0,,0,,0,555312.0,0,554045.0,0,553828.0,0,,0,555747.0,0,556208.0,0,556310.0,0,556530.0,0,557366.0,0,553870.0,0
1361,SeLoger,706.0,15.0,47.07,Colocation,"1 pièce - Colocation , 15 m²",59000,Lille,50.60522259978054,3.040453693938456,https://www.seloger.com/annonce/location/hauts-de-france/nord-59/lille-59000/26C5WEFEPVT2,,2026-08-12,Lille / Non localisé,Studio/T1,,0,551449.0,0,550693.0,0,552784.0,0,552218.0,0,550683.0,0,549867.0,0,553300.0,0,,0,,0,551635.0,0,550375.0,0,550159.0,0,,0,552067.0,0,552542.0,0,552638.0,0,552851.0,0,553693.0,0,550201.0,0
1362,SeLoger,530.0,37.0,14.32,Colocation,"1 pièce - 3 chambre - Colocation , s, 37 m², étage",59000,Lille,50.631460688062276,3.0655737242024776,https://www.seloger.com/annonces/locations/appartement/lille-59/centre/261238287.htm,,2026-08-12,Lille-Centre,Studio/T1,,0,553838.0,0,553075.0,0,555177.0,0,554610.0,0,553065.0,0,552246.0,0,555692.0,0,,0,,0,554025.0,0,552756.0,0,552539.0,0,,0,554461.0,0,554918.0,0,555021.0,0,555243.0,0,556078.0,0,552580.0,0
1363,SeLoger,500.0,10.0,50.0,Colocation,"1 pièce - 4 chambre - Colocation , s, 10 m², RDC/2",59000,Lille,50.656109228817186,3.0869382752968035,https://www.seloger.com/wl-cdp/264DB1BGR9HZ,,2026-08-12,Lille / Non localisé,Studio/T1,,0,556131.0,0,555362.0,0,557473.0,0,556905.0,0,555352.0,0,554530.0,0,557986.0,0,,0,,0,556318.0,0,555042.0,0,554823.0,0,,0,556758.0,0,557199.0,0,557309.0,0,557539.0,0,558366.0,0,554865.0,0
1364,SeLoger,765.0,15.0,51.0,Studio,"1 pièce - Studio , 15 m², dès le 15/08/2026",59000,Lille,50.62386223471675,3.0687852773915076,https://www.seloger.com/annonces/locations/appartement/lille-59/centre/269635175.htm,,2026-08-12,Lille-Centre,Studio/T1,,0,552964.0,0,552200.0,0,554302.0,0,553735.0,0,552190.0,0,551371.0,0,554817.0,0,,0,,0,553150.0,0,551881.0,0,551664.0,0,,0,553586.0,0,554043.0,0,554147.0,0,554368.0,0,555203.0,0,551706.0,0
1365,SeLoger,740.0,46.0,16.09,Appartement,"2 pièce - 1 chambre - s, , 46 m², Étage 1/2",59000,Lille,50.61926958791162,3.0904706151715877,https://www.seloger.com/annonces/locations/appartement/lille-59/127899589.htm,,2026-08-12,Lille / Non localisé,T2,,0,552096.0,0,551329.0,0,553437.0,0,552869.0,0,551319.0,0,550498.0,0,553950.0,0,,0,,0,552283.0,0,551009.0,0,550791.0,0,,0,552721.0,0,553168.0,0,553276.0,0,553502.0,0,554332.0,0,550833.0,0
1366,SeLoger,1023.0,68.6,14.91,Appartement,"3 pièce - 2 chambre - s, s, 68,6 m², RDC",59000,Lille,50.61666915227283,3.041660013371412,https://www.seloger.com/annonces/locations/appartement/lille-59/vauban-esquermes/271789135.htm,,2026-08-12,Vauban-Esquermes,T3,,0,552661.0,0,551903.0,0,553997.0,0,553430.0,0,551894.0,0,551077.0,0,554512.0,0,,0,,0,552847.0,0,551585.0,0,551369.0,0,,0,553279.0,0,553751.0,0,553849.0,0,554063.0,0,554904.0,0,551411.0,0
1367,SeLoger,521.0,19.3,26.99,Appartement,"1 pièce - 19,3 m², Étage 5/5",59000,Lille,50.62597811728367,3.038727651335813,https://www.seloger.com/annonces/locations/appartement/lille-59/wazemmes/268231229.htm,,2026-08-12,Wazemmes,Studio/T1,,0,553715.0,0,552957.0,0,555051.0,0,554484.0,0,552948.0,0,552131.0,0,555566.0,0,,0,,0,553901.0,0,552639.0,0,552423.0,0,,0,554334.0,0,554805.0,0,554902.0,0,555117.0,0,555958.0,0,552464.0,0
1368,SeLoger,678.0,30.0,22.6,Appartement,"2 pièce - 1 chambre - s, , 30 m², Étage 1/3",59000,Lille,50.64440671483288,3.0573849727440034,https://www.seloger.com/annonces/locations/appartement/lille-59/vieux-lille/256237047.htm,,2026-08-12,Vieux-Lille,T2,,0,555375.0,0,554613.0,0,556714.0,0,556147.0,0,554603.0,0,553784.0,0,557228.0,0,,0,,0,555562.0,0,554294.0,0,554077.0,0,,0,555998.0,0,556456.0,0,556559.0,0,556780.0,0,557615.0,0,554118.0,0
1369,SeLoger,890.0,270.0,3.3,Maison,"13 pièce - 10 chambre - Maison s, s, 270 m², disponible dès maintenant",59000,Lille,50.63416003345834,3.0572544074186196,https://www.seloger.com/annonces/locations/maison/lille-59/wazemmes/26CQKCVCBDNM.htm,,2026-08-12,Lille / Non localisé,Grand (T4+),,0,554273.0,0,553511.0,0,555611.0,0,555044.0,0,553502.0,0,552683.0,0,556126.0,0,,0,,0,554460.0,0,553192.0,0,552975.0,0,,0,554895.0,0,555355.0,0,555457.0,0,555677.0,0,556514.0,0,553017.0,0
1370,SeLoger,695.0,24.0,28.96,Appartement,"1 pièce - 24 m², Étage 1/3, disponible dès maintenant",59000,Lille,50.644349578969376,3.059821050934546,https://www.seloger.com/annonces/locations/appartement/lille-59/vauban-esquermes/26XXX8PU14DE.htm,,2026-08-12,Lille / Non localisé,Studio/T1,,0,555327.0,0,554564.0,0,556666.0,0,556099.0,0,554554.0,0,553735.0,0,557180.0,0,,0,,0,555514.0,0,554245.0,0,554028.0,0,,0,555950.0,0,556407.0,0,556510.0,0,556732.0,0,557567.0,0,554069.0,0
1371,SeLoger,1380.0,53.0,26.04,Colocation,"3 pièce - 2 chambre - Colocation s, s, 53 m², Étage 3/3",59000,Lille,50.62034658265669,3.0371174030901695,https://www.seloger.com/annonces/locations/appartement/lille-59/centre/26HCZAPU53IZ.htm,,2026-08-12,Lille / Non localisé,T3,,0,553137.0,0,552380.0,0,554472.0,0,553906.0,0,552370.0,0,551554.0,0,554988.0,0,,0,,0,553323.0,0,552061.0,0,551846.0,0,,0,553755.0,0,554228.0,0,554325.0,0,554538.0,0,555380.0,0,551887.0,0
1372,SeLoger,1110.0,64.3,17.26,Appartement,"3 pièce - 2 chambre - s, s, 64,3 m², Étage 2/4",59000,Lille,50.64838826035497,3.0657980085565684,https://www.seloger.com/annonces/locations/appartement/lille-59/vieux-lille/265735029.htm,,2026-08-12,Vieux-Lille,T3,,0,555660.0,0,554895.0,0,556999.0,0,556432.0,0,554885.0,0,554065.0,0,557513.0,0,,0,,0,555846.0,0,554575.0,0,554358.0,0,,0,556283.0,0,556736.0,0,556841.0,0,557065.0,0,557898.0,0,554400.0,0
1373,SeLoger,780.0,47.6,16.39,Appartement,"2 pièce - Duplex s, 47,6 m², Étage 2/2",59000,Lille,50.61803170762076,3.0975120845502033,https://www.seloger.com/annonces/locations/appartement/lille-59/fives/257503855.htm,,2026-08-12,Fives,T2,,0,551842.0,0,551074.0,0,553184.0,0,552616.0,0,551064.0,0,550242.0,0,553697.0,0,,0,,0,552029.0,0,550754.0,0,550535.0,0,,0,552469.0,0,552912.0,0,553021.0,0,553249.0,0,554078.0,0,550578.0,0
1374,SeLoger,980.0,23.0,42.61,Appartement,1 pièce - 23 m²,59000,Lille,50.614249598923415,3.062999823446033,https://www.seloger.com/annonces/locations/appartement/lille-59/246730053.htm,,2026-08-12,Lille / Non localisé,Studio/T1,,0,552028.0,0,551266.0,0,553365.0,0,552799.0,0,551256.0,0,550438.0,0,553880.0,0,,0,,0,552214.0,0,550947.0,0,550730.0,0,,0,552649.0,0,553110.0,0,553212.0,0,553431.0,0,554268.0,0,550772.0,0
1375,SeLoger,439.0,17.9,24.53,Appartement,"1 pièce - 17,9 m², Étage 2/3, dès le 04/09/2026",59000,Lille,50.630108839185475,3.0950434675524234,https://www.seloger.com/annonce/location/hauts-de-france/nord-59/lille-59000/26C27FE6LJR2,,2026-08-12,Lille / Non localisé,Studio/T1,,0,553187.0,0,552419.0,0,554529.0,0,553961.0,0,552408.0,0,551587.0,0,555043.0,0,,0,,0,553375.0,0,552099.0,0,551880.0,0,,0,553814.0,0,554256.0,0,554366.0,0,554595.0,0,555423.0,0,551922.0,0
1376,SeLoger,750.0,16.0,46.88,Colocation,"1 pièce - 4 chambre - Colocation - , s, 16 m²",59000,Lille,50.621814747979855,3.077913850525725,https://www.seloger.com/annonce/location/hauts-de-france/nord-59/lille-59000/26EEZBZWUJBH,,2026-08-12,Lille / Non localisé,Studio/T1,,0,552586.0,0,551821.0,0,553925.0,0,553358.0,0,551811.0,0,550991.0,0,554439.0,0,,0,,0,552772.0,0,551501.0,0,551284.0,0,,0,553209.0,0,553662.0,0,553767.0,0,553991.0,0,554824.0,0,551326.0,0
1377,SeLoger,504.0,22.6,22.3,Appartement,"2 pièce - 1 chambre - Duplex - s, , 22,6 m², RDC",59000,Lille,50.62533423571346,3.066313967506819,https://www.seloger.com/annonce/location/hauts-de-france/nord-59/lille-59000/26AIYDBHN36H,,2026-08-12,Lille / Non localisé,T2,,0,553165.0,0,552402.0,0,554504.0,0,553937.0,0,552392.0,0,551573.0,0,555018.0,0,,0,,0,553352.0,0,552083.0,0,551866.0,0,,0,553788.0,0,554245.0,0,554348.0,0,554570.0,0,555405.0,0,551908.0,0
1378,SeLoger,990.0,62.3,15.89,Appartement,"2 pièce - 1 chambre - s, , 62,3 m², RDC",59000,Lille,50.61857730211588,3.0395584098741386,https://www.seloger.com/wl-cdp/26HXTM8YU2L3,,2026-08-12,Lille / Non localisé,T2,,0,552903.0,0,552146.0,0,554239.0,0,553672.0,0,552136.0,0,551320.0,0,554754.0,0,,0,,0,553089.0,0,551827.0,0,551612.0,0,,0,553522.0,0,553994.0,0,554091.0,0,554305.0,0,555147.0,0,551653.0,0
1379,SeLoger,2950.0,310.0,9.52,Maison,"8 pièce - 7 chambre - Maison s, s, 310 m²",59000,Lille,50.64030086614803,3.0866312268783562,https://www.seloger.com/annonce/location/hauts-de-france/nord-59/lille-59000/26PMTC319CBM,,2026-08-12,Lille / Non localisé,Grand (T4+),,0,554430.0,0,553662.0,0,555772.0,0,555204.0,0,553652.0,0,552831.0,0,556285.0,0,,0,,0,554618.0,0,553343.0,0,553124.0,0,,0,555057.0,0,555501.0,0,555610.0,0,555838.0,0,556666.0,0,553166.0,0
1380,SeLoger,640.0,26.0,24.62,Appartement,"2 pièce - 1 chambre - s, , 26 m², étage",59000,Lille,50.61874901074907,3.0809227701578226,https://www.seloger.com/annonce/location/hauts-de-france/nord-59/lille-59000/26W3ZKX15NJ6,,2026-08-12,Lille / Non localisé,T2,,0,552203.0,0,551438.0,0,553543.0,0,552976.0,0,551428.0,0,550608.0,0,554057.0,0,,0,,0,552390.0,0,551118.0,0,550901.0,0,,0,552827.0,0,553279.0,0,553385.0,0,553609.0,0,554441.0,0,550943.0,0
1381,SeLoger,515.0,22.0,23.41,Appartement,"1 pièce - 22 m², Étage 1/3",59000,Lille,50.6050423963844,3.04051455202379,https://www.seloger.com/annonce/location/hauts-de-france/nord-59/lille-59000/26N3QXUSMISN,,2026-08-12,Lille / Non localisé,Studio/T1,,0,551429.0,0,550673.0,0,552764.0,0,552198.0,0,550663.0,0,549847.0,0,553280.0,0,,0,,0,551615.0,0,550354.0,0,550139.0,0,,0,552047.0,0,552521.0,0,552618.0,0,552830.0,0,553673.0,0,550180.0,0
1382,SeLoger,1280.0,110.0,11.64,Colocation,"6 pièce - 3 chambre - Colocation s, s, 110 m², Étage 1/1",59000,Lille,50.60958872225045,3.06778654072212,https://www.seloger.com/annonce/location/hauts-de-france/nord-59/lille-59000/26HDSLZRD8DS,,2026-08-12,Lille / Non localisé,Grand (T4+),,0,551442.0,0,550680.0,0,552780.0,0,552213.0,0,550670.0,0,549852.0,0,553295.0,0,,0,,0,551629.0,0,550361.0,0,550144.0,0,,0,552064.0,0,552524.0,0,552626.0,0,552846.0,0,553682.0,0,550186.0,0
1383,SeLoger,690.0,38.0,18.16,Appartement,"2 pièce - 1 chambre - s, , 38 m², RDC",59000,Lille,50.627084223932435,3.0311334983170197,https://www.seloger.com/annonce/location/hauts-de-france/nord-59/lille-59000/26G1HXZIFPZH,,2026-08-12,Lille / Non localisé,T2,,0,553967.0,0,553211.0,0,555303.0,0,554736.0,0,553202.0,0,552385.0,0,555818.0,0,,0,,0,554153.0,0,552893.0,0,552677.0,0,,0,554585.0,0,555060.0,0,555156.0,0,555369.0,0,556212.0,0,552719.0,0
1384,SeLoger,535.0,15.0,35.67,Colocation,"1 pièce - Colocation , 15 m², dès le 20/08/2026",59000,Lille,50.63101927060475,3.0522478945264835,https://www.seloger.com/annonce/location/hauts-de-france/nord-59/lille-59000/26BUUEV7RUW4,,2026-08-12,Lille / Non localisé,Studio/T1,,0,554022.0,0,553261.0,0,555359.0,0,554792.0,0,553251.0,0,552433.0,0,555874.0,0,,0,,0,554208.0,0,552942.0,0,552726.0,0,,0,554643.0,0,555106.0,0,555207.0,0,555425.0,0,556263.0,0,552767.0,0
1385,SeLoger,1088.0,20.0,54.4,Appartement,"1 pièce - 20 m², dès le 16/08/2026",59000,Lille,50.61576124644384,3.0436844330281305,https://www.seloger.com/wl-cdp/26Y4IXV97XLX,,2026-08-12,Lille / Non localisé,Studio/T1,,0,552528.0,0,551770.0,0,553863.0,0,553297.0,0,551760.0,0,550943.0,0,554379.0,0,,0,,0,552714.0,0,551451.0,0,551235.0,0,,0,553146.0,0,553617.0,0,553715.0,0,553930.0,0,554771.0,0,551277.0,0
1386,SeLoger,601.0,15.0,40.07,Colocation,"1 pièce - Colocation , 15 m², dès le 16/08/2026",59000,Lille,50.61929733886839,3.0896926382861523,https://www.seloger.com/wl-cdp/26THXL4S9G5A,,2026-08-12,Lille / Non localisé,Studio/T1,,0,552112.0,0,551345.0,0,553453.0,0,552885.0,0,551335.0,0,550514.0,0,553967.0,0,,0,,0,552299.0,0,551025.0,0,550807.0,0,,0,552738.0,0,553184.0,0,553292.0,0,553519.0,0,554349.0,0,550849.0,0
1387,SeLoger,781.0,15.0,52.07,Colocation,"1 pièce - Colocation , 15 m², dès le 16/08/2026",59000,Lille,50.629754048917334,3.0478207682799736,https://www.seloger.com/wl-cdp/26VE9JTLN1C8,,2026-08-12,Lille / Non localisé,Studio/T1,,0,553963.0,0,553203.0,0,555299.0,0,554733.0,0,553193.0,0,552375.0,0,555815.0,0,,0,,0,554149.0,0,552884.0,0,552668.0,0,,0,554583.0,0,555048.0,0,555148.0,0,555365.0,0,556204.0,0,552709.0,0
1388,SeLoger,1180.0,40.0,29.5,Appartement,"3 pièce - 2 chambre - s, s, 40 m², RDC/3",59000,Lille,50.61548859376606,3.0758503904734473,https://www.seloger.com/annonce/location/hauts-de-france/nord-59/lille-59000/26I1FGYZRG3S,,2026-08-12,Lille / Non localisé,T3,,0,551939.0,0,551175.0,0,553278.0,0,552711.0,0,551165.0,0,550345.0,0,553792.0,0,,0,,0,552126.0,0,550855.0,0,550638.0,0,,0,552562.0,0,553017.0,0,553121.0,0,553344.0,0,554178.0,0,550680.0,0
1389,SeLoger,680.0,11.0,61.82,Colocation,"1 pièce - 1 chambre - Colocation - , , 11 m², dès le 01/09/2026",59000,Lille,50.62630396986067,3.0520630021461934,https://www.seloger.com/annonce/location/hauts-de-france/nord-59/lille-59000/26X2H15A9YCL,,2026-08-12,Lille / Non localisé,Studio/T1,,0,553517.0,0,552757.0,0,554854.0,0,554287.0,0,552747.0,0,551929.0,0,555369.0,0,,0,,0,553703.0,0,552438.0,0,552221.0,0,,0,554137.0,0,554602.0,0,554702.0,0,554920.0,0,555758.0,0,552263.0,0
1390,SeLoger,1150.0,85.0,13.53,Appartement,"3 pièce - 2 chambre - s, s, 85 m², étage",59000,Lille,50.64611146515396,3.057090171302008,https://www.seloger.com/annonce/location/hauts-de-france/nord-59/lille-59000/26U8TRU7MIZL,,2026-08-12,Lille / Non localisé,T3,,0,555564.0,0,554802.0,0,556903.0,0,556336.0,0,554792.0,0,553973.0,0,557417.0,0,,0,,0,555751.0,0,554482.0,0,554265.0,0,,0,556187.0,0,556645.0,0,556748.0,0,556969.0,0,557804.0,0,554307.0,0
1391,SeLoger,500.0,14.0,35.71,Colocation,"Colocation 14 m², Étage 1/3, disponible dès maintenant",59000,Lille,50.65617418681508,3.089208467341212,https://www.seloger.com/annonce/location/hauts-de-france/nord-59/lille-59000/266QF3NM17BT,,2026-08-12,Lille / Non localisé,Studio/T1,,0,556100.0,0,555330.0,0,557442.0,0,556874.0,0,555320.0,0,554498.0,0,557955.0,0,,0,,0,556287.0,0,555010.0,0,554791.0,0,,0,556727.0,0,557167.0,0,557277.0,0,557507.0,0,558334.0,0,554833.0,0
1392,SeLoger,710.0,15.0,47.33,Colocation,"1 pièce - 4 chambre - Colocation - , s, 15 m²",59000,Lille,50.636334357937365,3.049259305660755,https://www.seloger.com/annonce/location/hauts-de-france/nord-59/lille-59000/26T5DZGHBQU1,,2026-08-12,Lille / Non localisé,Studio/T1,,0,554646.0,0,553886.0,0,555984.0,0,555417.0,0,553876.0,0,553058.0,0,556499.0,0,,0,,0,554833.0,0,553567.0,0,553351.0,0,,0,555267.0,0,555731.0,0,555832.0,0,556050.0,0,556888.0,0,553392.0,0
1393,SeLoger,423.0,10.0,42.3,Colocation,"1 pièce - 5 chambre - Colocation , s, 10 m², étage",59000,Lille,50.62581005215844,3.0954976583445823,https://www.seloger.com/annonce/location/hauts-de-france/nord-59/lille-59000/26F9UMISFJ6T,,2026-08-12,Lille / Non localisé,Studio/T1,,0,552716.0,0,551947.0,0,554057.0,0,553490.0,0,551937.0,0,551116.0,0,554571.0,0,,0,,0,552903.0,0,551627.0,0,551409.0,0,,0,553342.0,0,553785.0,0,553894.0,0,554123.0,0,554951.0,0,551451.0,0
1394,SeLoger,570.0,15.0,38.0,Colocation,"1 pièce - 9 chambre - Colocation , s, 15 m², étage",59000,Lille,50.61950888987533,3.089119858653359,https://www.seloger.com/annonce/location/hauts-de-france/nord-59/lille-59000/26UHYRA9PLRX,,2026-08-12,Lille / Non localisé,Studio/T1,,0,552145.0,0,551378.0,0,553485.0,0,552918.0,0,551368.0,0,550547.0,0,553999.0,0,,0,,0,552332.0,0,551058.0,0,550840.0,0,,0,552770.0,0,553217.0,0,553325.0,0,553551.0,0,554381.0,0,550882.0,0
1395,SeLoger,1257.0,77.0,16.32,Appartement,"3 pièce - 2 chambre - s, s, 77 m², Étage 1/3",59000,Lille,50.62679923400715,3.0205231190246855,https://www.seloger.com/annonces/locations/appartement/lille-59/276428545.htm,,2026-08-12,Lille / Non localisé,T3,,0,554124.0,0,553370.0,0,555458.0,0,554892.0,0,553360.0,0,552545.0,0,555974.0,0,,0,,0,554310.0,0,553052.0,0,552837.0,0,,0,554740.0,0,555220.0,0,555315.0,0,555524.0,0,556370.0,0,552878.0,0
1396,SeLoger,770.0,41.7,18.47,Appartement,"2 pièce - 1 chambre - s, , 41,7 m², étage",59000,Lille,50.6435474924956,3.0541492106769184,https://www.seloger.com/annonces/locations/appartement/lille-59/vieux-lille/268763553.htm,,2026-08-12,Vieux-Lille,T2,,0,555339.0,0,554577.0,0,556677.0,0,556110.0,0,554567.0,0,553748.0,0,557192.0,0,,0,,0,555525.0,0,554258.0,0,554041.0,0,,0,555961.0,0,556420.0,0,556523.0,0,556743.0,0,557579.0,0,554083.0,0
1397,SeLoger,1304.0,76.0,17.16,Appartement,"3 pièce - 2 chambre - Duplex s, s, 76 m², Étage 1/2",59000,Lille,50.64040000191926,3.0697113340626894,https://www.seloger.com/annonces/locations/appartement/lille-59/vieux-lille/267682087.htm,,2026-08-12,Vieux-Lille,T3,,0,554731.0,0,553966.0,0,556070.0,0,555503.0,0,553956.0,0,553136.0,0,556585.0,0,,0,,0,554918.0,0,553647.0,0,553429.0,0,,0,555355.0,0,555807.0,0,555913.0,0,556136.0,0,556969.0,0,553471.0,0
1398,SeLoger,880.0,46.7,18.84,Appartement,"3 pièce - 2 chambre - s, s, 46,7 m², étage",59000,Lille,50.61292881108823,3.0318687888716447,https://www.seloger.com/annonces/locations/appartement/lille-59/274666767.htm,,2026-08-12,Lille / Non localisé,T3,,0,552430.0,0,551675.0,0,553765.0,0,553199.0,0,551666.0,0,550850.0,0,554281.0,0,,0,,0,552616.0,0,551357.0,0,551142.0,0,,0,553047.0,0,553525.0,0,553620.0,0,553831.0,0,554675.0,0,551183.0,0
1399,SeLoger,440.0,35.9,12.26,Maison,"3 pièce - 2 chambre - Maison s, s, 35,9 m²",59000,Lille,50.61540953845256,3.0604123005390864,https://www.seloger.com/annonces/locations/maison/lille-59/moulins/262968345.htm,,2026-08-12,Lille-Moulins,Grand (T4+),,0,552198.0,0,551437.0,0,553535.0,0,552968.0,0,551427.0,0,550608.0,0,554050.0,0,,0,,0,552384.0,0,551118.0,0,550901.0,0,,0,552819.0,0,553281.0,0,553382.0,0,553601.0,0,554438.0,0,550943.0,0
1400,SeLoger,700.0,30.0,23.33,Appartement,"1 pièce - 30 m², disponible dès maintenant",59000,Lille,50.61467859876709,3.070792195059362,https://www.seloger.com/annonces/locations/appartement/lille-59/bourg-delivrance/267I82UDKEGB.htm,,2026-08-12,Lille / Non localisé,Studio/T1,,0,551939.0,0,551176.0,0,553277.0,0,552710.0,0,551166.0,0,550347.0,0,553792.0,0,,0,,0,552125.0,0,550857.0,0,550640.0,0,,0,552561.0,0,553019.0,0,553122.0,0,553343.0,0,554178.0,0,550681.0,0
1401,SeLoger,890.0,50.0,17.8,Appartement,"2 pièce - 1 chambre - s, , 50 m², Étage 1/3",59000,Lille,50.6240394010586,3.0425331702135754,https://www.seloger.com/annonces/locations/appartement/lille-59/moulins/26IEQTQ4GSF4.htm,,2026-08-12,Lille / Non localisé,T2,,0,553439.0,0,552681.0,0,554775.0,0,554209.0,0,552671.0,0,551854.0,0,555291.0,0,,0,,0,553625.0,0,552362.0,0,552147.0,0,,0,554058.0,0,554528.0,0,554626.0,0,554842.0,0,555682.0,0,552188.0,0
1402,SeLoger,789.0,48.0,16.44,Appartement,"2 pièce - 1 chambre - s, , 48 m²",59000,Lille,50.60856513248488,3.041196466104678,https://www.seloger.com/wl-cdp/24Z97I9HSRUZ,,2026-08-12,Lille / Non localisé,T2,,0,551796.0,0,551040.0,0,553132.0,0,552565.0,0,551030.0,0,550213.0,0,553647.0,0,,0,,0,551982.0,0,550721.0,0,550505.0,0,,0,552414.0,0,552888.0,0,552985.0,0,553198.0,0,554040.0,0,550547.0,0
1403,SeLoger,1550.0,52.0,29.81,Appartement,1 pièce - 52 m²,59000,Lille,50.63636008717861,3.0626509858796425,https://www.seloger.com/annonce/location/hauts-de-france/nord-59/lille-59000/26H3KRS1E1ZM,,2026-08-12,Lille / Non localisé,Studio/T1,,0,554417.0,0,553654.0,0,555756.0,0,555189.0,0,553644.0,0,552825.0,0,556270.0,0,,0,,0,554604.0,0,553335.0,0,553117.0,0,,0,555040.0,0,555497.0,0,555600.0,0,555822.0,0,556656.0,0,553159.0,0
1404,SeLoger,790.0,42.0,18.81,Appartement,"2 pièce - 1 chambre - s, , 42 m², étage",59000,Lille,45.76744537059652,4.820357665364652,https://www.seloger.com/annonces/locations/appartement/lille-59/lille-sud/274445397.htm,,2026-08-12,Lille-Sud,T2,,0,93.0,8,710.0,0,891.0,0,126.0,1,340.0,5,81.0,5,479.0,1,,0,,0,636.0,0,1099.0,0,294.0,10,,0,997.0,0,3166.0,0,329.0,1,1114.0,0,1056.0,0,830.0,0
1405,SeLoger,1900.0,70.0,27.14,Colocation,"4 pièce - 3 chambre - Colocation s, s, 70 m², RDC/3",59000,Lille,50.62270963338374,3.0606086918834143,https://www.seloger.com/annonces/locations/appartement/lille-59/vauban-esquermes/26G3CZKF4JRH.htm,,2026-08-12,Lille / Non localisé,Grand (T4+),,0,552981.0,0,552219.0,0,554319.0,0,553752.0,0,552209.0,0,551391.0,0,554834.0,0,,0,,0,553167.0,0,551900.0,0,551683.0,0,,0,553602.0,0,554063.0,0,554165.0,0,554385.0,0,555221.0,0,551725.0,0
1406,SeLoger,1119.0,48.0,23.31,Appartement,"2 pièce - 1 chambre - s, , 48 m², dès le 31/08/2026",59000,Lille,50.625126857587034,3.058857592404686,https://www.seloger.com/annonces/locations/appartement/lille-59/centre/275400753.htm,,2026-08-12,Lille-Centre,T2,,0,553272.0,0,552510.0,0,554610.0,0,554043.0,0,552501.0,0,551682.0,0,555124.0,0,,0,,0,553458.0,0,552191.0,0,551975.0,0,,0,553893.0,0,554354.0,0,554456.0,0,554676.0,0,555512.0,0,552016.0,0
1407,SeLoger,790.0,40.6,19.46,Appartement,"1 pièce - 40,6 m², RDC",59000,Lille,50.61584680070002,3.074078577544008,https://www.seloger.com/wl-cdp/26P5QRTU1UMF,,2026-08-12,Lille / Non localisé,Studio/T1,,0,552008.0,0,551244.0,0,553347.0,0,552780.0,0,551234.0,0,550415.0,0,553861.0,0,,0,,0,552195.0,0,550925.0,0,550708.0,0,,0,552631.0,0,553087.0,0,553191.0,0,553413.0,0,554247.0,0,550750.0,0
1408,SeLoger,988.0,54.0,18.3,Appartement,"2 pièce - 1 chambre - s, , 54 m², dès le 31/08/2026",59000,Lille,50.65249605405837,3.087980066092282,https://www.seloger.com/annonce/location/hauts-de-france/nord-59/lille-59000/26MMIZUHL139,,2026-08-12,Lille / Non localisé,T2,,0,555724.0,0,554954.0,0,557065.0,0,556497.0,0,554944.0,0,554122.0,0,557579.0,0,,0,,0,555911.0,0,554634.0,0,554416.0,0,,0,556350.0,0,556792.0,0,556902.0,0,557131.0,0,557959.0,0,554458.0,0
1409,SeLoger,500.0,20.0,25.0,Appartement,1 pièce - 20 m²,59000,Lille,50.62081859701871,3.0863324679394846,https://www.seloger.com/annonces/locations/appartement/lille-59/276364397.htm,,2026-08-12,Lille / Non localisé,Studio/T1,,0,552334.0,0,551567.0,0,553674.0,0,553107.0,0,551557.0,0,550737.0,0,554188.0,0,,0,,0,552521.0,0,551248.0,0,551030.0,0,,0,552959.0,0,553407.0,0,553514.0,0,553740.0,0,554571.0,0,551072.0,0
1410,SeLoger,912.0,61.0,14.95,Appartement,"3 pièce - 2 chambre - s, s, 61 m², étage",59000,Lille,50.64843884122127,3.089980180401075,https://www.seloger.com/annonces/locations/appartement/lille-59/276101327.htm,,2026-08-12,Lille / Non localisé,T3,,0,555252.0,0,554482.0,0,556594.0,0,556026.0,0,554472.0,0,553650.0,0,557107.0,0,,0,,0,555439.0,0,554162.0,0,553944.0,0,,0,555879.0,0,556320.0,0,556430.0,0,556659.0,0,557487.0,0,553986.0,0
1411,SeLoger,952.0,81.7,11.65,Appartement,"4 pièce - 3 chambre - s, s, 81,7 m², Étage 3/4",59000,Lille,50.634589457129266,3.0587282927917836,https://www.seloger.com/annonces/locations/appartement/lille-59/centre/272321081.htm,,2026-08-12,Lille-Centre,Grand (T4+),,0,554294.0,0,553532.0,0,555632.0,0,555065.0,0,553522.0,0,552703.0,0,556147.0,0,,0,,0,554481.0,0,553213.0,0,552996.0,0,,0,554916.0,0,555375.0,0,555478.0,0,555698.0,0,556534.0,0,553038.0,0
1412,SeLoger,713.0,39.8,17.91,Appartement,"2 pièce - 1 chambre - s, , 39,8 m², Étage 2/2",59000,Lille,50.63354747023968,3.099637055062169,https://www.seloger.com/annonces/locations/appartement/lille-59/caulier/264020153.htm,,2026-08-12,Fives,T2,,0,553481.0,0,552711.0,0,554823.0,0,554255.0,0,552700.0,0,551878.0,0,555336.0,0,,0,,0,553668.0,0,552390.0,0,552172.0,0,,0,554108.0,0,554547.0,0,554658.0,0,554889.0,0,555715.0,0,552214.0,0
1413,SeLoger,1050.0,62.4,16.83,Appartement,"3 pièce - 2 chambre - Duplex s, s, 62,4 m², Étage 3/4",59000,Lille,50.63357243137092,3.072213505740055,https://www.seloger.com/annonces/locations/appartement/lille-59/centre/265264517.htm,,2026-08-12,Lille-Centre,T3,,0,553952.0,0,553187.0,0,555291.0,0,554724.0,0,553177.0,0,552357.0,0,555805.0,0,,0,,0,554138.0,0,552867.0,0,552650.0,0,,0,554575.0,0,555028.0,0,555133.0,0,555357.0,0,556190.0,0,552692.0,0
1414,SeLoger,474.0,18.9,25.08,Appartement,"1 pièce - 18,9 m², Étage 2/3",59000,Lille,50.62409556283845,3.0566367732653115,https://www.seloger.com/annonces/locations/appartement/lille-59/wazemmes/263709685.htm,,2026-08-12,Wazemmes,Studio/T1,,0,553199.0,0,552438.0,0,554537.0,0,553970.0,0,552429.0,0,551610.0,0,555052.0,0,,0,,0,553386.0,0,552119.0,0,551903.0,0,,0,553820.0,0,554283.0,0,554384.0,0,554603.0,0,555440.0,0,551944.0,0
1415,SeLoger,1000.0,40.8,24.51,Appartement,"2 pièce - 1 chambre - s, , 40,8 m², Étage 3/4",59000,Lille,50.63105940108152,3.0633550469108624,https://www.seloger.com/annonces/locations/appartement/lille-59/centre/265932027.htm,,2026-08-12,Lille-Centre,T2,,0,553833.0,0,553071.0,0,555172.0,0,554605.0,0,553061.0,0,552242.0,0,555686.0,0,,0,,0,554020.0,0,552751.0,0,552534.0,0,,0,554456.0,0,554913.0,0,555017.0,0,555238.0,0,556073.0,0,552576.0,0
1416,SeLoger,550.0,13.0,42.31,Colocation,"1 pièce - 5 chambre - Colocation , s, 13 m², étage",59000,Lille,50.62139461146351,3.0803779234372874,https://www.seloger.com/annonces/locations/appartement/lille-59/caulier/261486693.htm,,2026-08-12,Fives,Studio/T1,,0,552498.0,0,551733.0,0,553838.0,0,553270.0,0,551723.0,0,550902.0,0,554352.0,0,,0,,0,552685.0,0,551413.0,0,551195.0,0,,0,553122.0,0,553573.0,0,553679.0,0,553904.0,0,554736.0,0,551237.0,0
1417,SeLoger,622.0,37.2,16.72,Maison,"2 pièce - Maison s, 37,2 m²",59000,Lille,50.63092733413909,3.0324672458965196,https://www.seloger.com/annonces/locations/maison/lille-59/vauban-esquermes/265116513.htm,,2026-08-12,Vauban-Esquermes,Grand (T4+),,0,554358.0,0,553601.0,0,555693.0,0,555127.0,0,553591.0,0,552775.0,0,556209.0,0,,0,,0,554544.0,0,553282.0,0,553067.0,0,,0,554976.0,0,555449.0,0,555546.0,0,555759.0,0,556602.0,0,553108.0,0
1418,SeLoger,2099.0,111.0,18.91,Maison,"4 pièce - 3 chambre - Maison s, s, 111 m²",59000,Lille,50.60818517120927,3.034367694228307,https://www.seloger.com/annonce/location/hauts-de-france/nord-59/lille-59000/264F95NN7FNW,,2026-08-12,Lille / Non localisé,Grand (T4+),,0,551876.0,0,551120.0,0,553210.0,0,552644.0,0,551111.0,0,550295.0,0,553726.0,0,,0,,0,552061.0,0,550802.0,0,550587.0,0,,0,552493.0,0,552970.0,0,553065.0,0,553276.0,0,554120.0,0,550628.0,0
1419,SeLoger,940.0,48.0,19.58,Appartement,"2 pièce - 1 chambre - s, , 48 m²",59000,Lille,50.61906052185269,3.0904215723373634,https://www.seloger.com/annonce/location/hauts-de-france/nord-59/lille-59000/26H5WEC8XBEB,,2026-08-12,Lille / Non localisé,T2,,0,552074.0,0,551307.0,0,553415.0,0,552847.0,0,551297.0,0,550476.0,0,553929.0,0,,0,,0,552261.0,0,550987.0,0,550769.0,0,,0,552700.0,0,553146.0,0,553254.0,0,553481.0,0,554311.0,0,550811.0,0
1420,SeLoger,650.0,40.0,16.25,Appartement,"2 pièce - 1 chambre - s, , 40 m², Étage 2/3",59000,Lille,50.63387382874114,3.0187108045524393,https://www.seloger.com/annonces/locations/appartement/lille-59/moulins/26BF1R97GAPI.htm,,2026-08-12,Lille / Non localisé,T2,,0,554918.0,0,554163.0,0,556252.0,0,555686.0,0,554154.0,0,553338.0,0,556768.0,0,,0,,0,555103.0,0,553845.0,0,553630.0,0,,0,555534.0,0,556013.0,0,556108.0,0,556318.0,0,557163.0,0,553671.0,0
1421,SeLoger,800.0,55.0,14.55,Appartement,"4 pièce - 3 chambre - Duplex s, s, 55 m², étage",59000,Lille,50.649308904358435,3.0906131333969005,https://www.seloger.com/annonce/location/hauts-de-france/nord-59/lille-59000/26FP2FJAGKMS,,2026-08-12,Lille / Non localisé,Grand (T4+),,0,555335.0,0,554565.0,0,556677.0,0,556109.0,0,554555.0,0,553733.0,0,557190.0,0,,0,,0,555522.0,0,554245.0,0,554027.0,0,,0,555962.0,0,556402.0,0,556513.0,0,556743.0,0,557570.0,0,554069.0,0
1422,SeLoger,1280.0,72.0,17.78,Appartement,"3 pièce - 2 chambre - s, s, 72 m²",59000,Lille,50.62672374645229,3.0528653656325817,https://www.seloger.com/annonces/locations/appartement/lille-59/vauban-esquermes/276409161.htm,,2026-08-12,Vauban-Esquermes,T3,,0,553548.0,0,552788.0,0,554885.0,0,554319.0,0,552778.0,0,551960.0,0,555400.0,0,,0,,0,553734.0,0,552469.0,0,552252.0,0,,0,554169.0,0,554633.0,0,554733.0,0,554951.0,0,555789.0,0,552294.0,0
1423,SeLoger,955.0,71.0,13.45,Maison,"3 pièce - 2 chambre - Maison s, s, 71 m²",59000,Lille,50.61783141345782,3.0256100052397557,https://www.seloger.com/annonce/location/hauts-de-france/nord-59/lille-59000/26QGXK5WJTT4,,2026-08-12,Lille / Non localisé,Grand (T4+),,0,553069.0,0,552314.0,0,554403.0,0,553837.0,0,552305.0,0,551489.0,0,554919.0,0,,0,,0,553255.0,0,551996.0,0,551781.0,0,,0,553685.0,0,554165.0,0,554259.0,0,554469.0,0,555314.0,0,551822.0,0
1424,SeLoger,1276.0,108.1,11.8,Maison,"4 pièce - 3 chambre - Maison s, s, 108,1 m², 19 m² de terrain",59000,Lille,50.60970661886047,3.028698585524373,https://www.seloger.com/annonce/location/hauts-de-france/nord-59/lille-59000/263UBZG3QSVW,,2026-08-12,Lille / Non localisé,Grand (T4+),,0,552140.0,0,551385.0,0,553474.0,0,552908.0,0,551376.0,0,550560.0,0,553990.0,0,,0,,0,552325.0,0,551067.0,0,550852.0,0,,0,552756.0,0,553235.0,0,553330.0,0,553540.0,0,554385.0,0,550893.0,0
1425,SeLoger,700.0,25.0,28.0,Studio,"1 pièce - Studio , 25 m²",59000,Lille,50.61071180380105,3.0681564535842867,https://www.seloger.com/annonce/location/hauts-de-france/nord-59/lille-59000/26Z1D8ZSIVYA,,2026-08-12,Lille / Non localisé,Studio/T1,,0,551557.0,0,550795.0,0,552895.0,0,552328.0,0,550785.0,0,549966.0,0,553410.0,0,,0,,0,551743.0,0,550476.0,0,550259.0,0,,0,552179.0,0,552638.0,0,552741.0,0,552961.0,0,553797.0,0,550300.0,0
1426,SeLoger,725.0,39.3,18.45,Appartement,"2 pièce - 1 chambre - s, , 39,3 m², Étage 1/4",59000,Lille,50.62925750896145,3.0415194509305366,https://www.seloger.com/annonces/locations/appartement/lille-59/wazemmes/276544431.htm,,2026-08-12,Wazemmes,T2,,0,554019.0,0,553261.0,0,555355.0,0,554789.0,0,553251.0,0,552434.0,0,555871.0,0,,0,,0,554205.0,0,552942.0,0,552726.0,0,,0,554638.0,0,555107.0,0,555206.0,0,555421.0,0,556262.0,0,552768.0,0
1427,SeLoger,490.0,18.7,26.2,Appartement,"1 pièce - 18,7 m², étage",59000,Lille,50.615772764652505,3.0557461302533278,https://www.seloger.com/annonces/locations/appartement/lille-59/275653433.htm,,2026-08-12,Lille / Non localisé,Studio/T1,,0,552318.0,0,551558.0,0,553655.0,0,553088.0,0,551548.0,0,550730.0,0,554170.0,0,,0,,0,552504.0,0,551239.0,0,551022.0,0,,0,552938.0,0,553403.0,0,553503.0,0,553721.0,0,554559.0,0,551064.0,0
1428,SeLoger,800.0,30.0,26.67,Appartement,"2 pièce - 1 chambre - s, , 30 m², étage",59000,Lille,50.60692050874041,3.0391805725025245,https://www.seloger.com/annonce/location/hauts-de-france/nord-59/lille-59000/26TJQFVVBNKR,,2026-08-12,Lille / Non localisé,T2,,0,551655.0,0,550898.0,0,552990.0,0,552423.0,0,550889.0,0,550073.0,0,553505.0,0,,0,,0,551841.0,0,550580.0,0,550365.0,0,,0,552272.0,0,552747.0,0,552843.0,0,553056.0,0,553899.0,0,550406.0,0
1429,SeLoger,620.0,32.0,19.38,Appartement,"2 pièce - 1 chambre - s, , 32 m², étage",59000,Lille,50.62860637787245,3.0939329341896062,https://www.seloger.com/annonce/location/hauts-de-france/nord-59/lille-59000/265CEZD7BHS1,,2026-08-12,Lille / Non localisé,T2,,0,553044.0,0,552276.0,0,554386.0,0,553818.0,0,552266.0,0,551444.0,0,554899.0,0,,0,,0,553231.0,0,551956.0,0,551737.0,0,,0,553671.0,0,554114.0,0,554223.0,0,554452.0,0,555280.0,0,551779.0,0
1430,SeLoger,575.0,38.1,15.09,Appartement,"2 pièce - 1 chambre - s, , 38,1 m², RDC",59000,Lille,50.63158806985965,3.0498237365203154,https://www.seloger.com/annonce/location/hauts-de-france/nord-59/lille-59000/266RKTU4HPWS,,2026-08-12,Lille / Non localisé,T2,,0,554125.0,0,553365.0,0,555462.0,0,554896.0,0,553355.0,0,552537.0,0,555977.0,0,,0,,0,554312.0,0,553046.0,0,552830.0,0,,0,554746.0,0,555210.0,0,555311.0,0,555528.0,0,556367.0,0,552871.0,0
1431,SeLoger,830.0,46.1,18.0,Appartement,"2 pièce - 1 chambre - s, , 46,1 m², Étage 2/3",59000,Lille,50.623760567285444,3.0361175711184565,https://www.seloger.com/annonces/locations/appartement/lille-59/wazemmes/259869889.htm,,2026-08-12,Wazemmes,T2,,0,553522.0,0,552765.0,0,554857.0,0,554291.0,0,552755.0,0,551939.0,0,555373.0,0,,0,,0,553708.0,0,552446.0,0,552231.0,0,,0,554140.0,0,554613.0,0,554710.0,0,554923.0,0,555766.0,0,552272.0,0
1432,SeLoger,700.0,32.0,21.88,Appartement,1 pièce - 32 m²,59000,Lille,50.637498605794555,3.09214522282486,https://www.seloger.com/annonce/location/hauts-de-france/nord-59/lille-59000/268AXHKL6F1R,,2026-08-12,Lille / Non localisé,Studio/T1,,0,554034.0,0,553265.0,0,555376.0,0,554808.0,0,553255.0,0,552434.0,0,555889.0,0,,0,,0,554221.0,0,552945.0,0,552727.0,0,,0,554661.0,0,555103.0,0,555213.0,0,555442.0,0,556270.0,0,552769.0,0
1433,SeLoger,680.0,41.0,16.59,Appartement,"2 pièce - 1 chambre - s, , 41 m², étage",59000,Lille,50.61878613625612,3.0425160310637267,https://www.seloger.com/annonce/location/hauts-de-france/nord-59/lille-59000/26EN4MHIRQJE,,2026-08-12,Lille / Non localisé,T2,,0,552874.0,0,552116.0,0,554210.0,0,553643.0,0,552106.0,0,551289.0,0,554725.0,0,,0,,0,553060.0,0,551797.0,0,551582.0,0,,0,553493.0,0,553963.0,0,554061.0,0,554276.0,0,555117.0,0,551623.0,0
1434,SeLoger,600.0,28.0,21.43,Appartement,"2 pièce - 1 chambre - s, , 28 m², étage",59000,Lille,50.621981788031384,3.0316331737147837,https://www.seloger.com/annonce/location/hauts-de-france/nord-59/lille-59000/26PY57BJY453,,2026-08-12,Lille / Non localisé,T2,,0,553409.0,0,552653.0,0,554744.0,0,554178.0,0,552644.0,0,551828.0,0,555260.0,0,,0,,0,553595.0,0,552335.0,0,552120.0,0,,0,554027.0,0,554502.0,0,554598.0,0,554810.0,0,555654.0,0,552161.0,0
1435,SeLoger,2200.0,88.5,24.86,Colocation,"5 pièce - 4 chambre - Colocation s, s, 88,5 m², étage",59000,Lille,50.63164564528504,3.080629099435659,https://www.seloger.com/annonce/location/hauts-de-france/nord-59/lille-59000/265KUELVS3QY,,2026-08-12,Lille / Non localisé,Grand (T4+),,0,553599.0,0,552833.0,0,554940.0,0,554372.0,0,552823.0,0,552003.0,0,555453.0,0,,0,,0,553786.0,0,552513.0,0,552295.0,0,,0,554224.0,0,554673.0,0,554780.0,0,555005.0,0,555836.0,0,552338.0,0
1436,SeLoger,750.0,20.0,37.5,Studio,"1 pièce - Studio - , 20 m², 6 étages, dès le 30/08/2026",59000,Lille,50.64859230986054,2.9909268722630276,https://www.seloger.com/annonces/locations/appartement/lille-59/mitterie/265194761.htm,,2026-08-12,Lomme,Studio/T1,,0,556996.0,0,556246.0,0,558328.0,0,557762.0,0,556236.0,0,555423.0,0,558845.0,0,,0,,0,557181.0,0,555928.0,0,555714.0,0,,0,557609.0,0,558099.0,0,558190.0,0,558394.0,0,559244.0,0,555755.0,0
1437,SeLoger,770.0,31.1,24.76,Appartement,"1 pièce - 31,1 m², Étage 1/1",59000,Lille,50.61517175192696,3.069399240169799,https://www.seloger.com/annonces/locations/appartement/lille-59/centre/268388209.htm,,2026-08-12,Lille-Centre,Studio/T1,,0,552016.0,0,551253.0,0,553355.0,0,552788.0,0,551244.0,0,550425.0,0,553869.0,0,,0,,0,552203.0,0,550934.0,0,550717.0,0,,0,552638.0,0,553096.0,0,553200.0,0,553421.0,0,554256.0,0,550759.0,0
1438,SeLoger,900.0,71.0,12.68,Maison,"3 pièce - 2 chambre - Maison s, s, 71 m², disponible dès maintenant",59000,Lille,50.61241260284876,3.025629681116875,https://www.seloger.com/annonce/location/hauts-de-france/nord-59/lille-59000/26TIKIYR2LTG,,2026-08-12,Lille / Non localisé,Grand (T4+),,0,552485.0,0,551731.0,0,553819.0,0,553253.0,0,551722.0,0,550906.0,0,554335.0,0,,0,,0,552671.0,0,551413.0,0,551198.0,0,,0,553101.0,0,553582.0,0,553676.0,0,553885.0,0,554731.0,0,551239.0,0
1439,SeLoger,495.0,19.6,25.26,Colocation,"1 pièce - Colocation , 19,6 m², RDC",59000,Lille,50.64194813599935,3.079761722718999,https://www.seloger.com/annonce/location/hauts-de-france/nord-59/lille-59000/26ZADKLWAWN1,,2026-08-12,Lille / Non localisé,Studio/T1,,0,554725.0,0,553959.0,0,556066.0,0,555498.0,0,553949.0,0,553128.0,0,556580.0,0,,0,,0,554912.0,0,553639.0,0,553421.0,0,,0,555351.0,0,555798.0,0,555906.0,0,556132.0,0,556962.0,0,553463.0,0
1440,SeLoger,431.0,13.0,33.15,Studio,"1 pièce - Studio , 13 m², Étage 2/3",59000,Lille,50.618554056831606,3.0404264634339047,https://www.seloger.com/annonces/locations/appartement/lille-59/wazemmes/276044473.htm,,2026-08-12,Wazemmes,Studio/T1,,0,552885.0,0,552128.0,0,554221.0,0,553655.0,0,552118.0,0,551302.0,0,554737.0,0,,0,,0,553072.0,0,551809.0,0,551594.0,0,,0,553504.0,0,553976.0,0,554073.0,0,554287.0,0,555129.0,0,551635.0,0
1441,SeLoger,645.0,49.6,13.0,Maison,"3 pièce - 2 chambre - Maison s, s, 49,6 m²",59000,Lille,50.64813660571291,3.0666583272451953,https://www.seloger.com/annonce/location/hauts-de-france/nord-59/lille-59000/26KXS8IHK1PA,,2026-08-12,Lille / Non localisé,Grand (T4+),,0,555618.0,0,554853.0,0,556957.0,0,556390.0,0,554843.0,0,554023.0,0,557471.0,0,,0,,0,555804.0,0,554533.0,0,554316.0,0,,0,556241.0,0,556694.0,0,556799.0,0,557023.0,0,557856.0,0,554358.0,0
1442,SeLoger,910.0,29.1,31.27,Appartement,"1 pièce - 1 chambre - 29,1 m², Étage 1/3",59000,Lille,50.62115788484352,3.0301930422898593,https://www.seloger.com/annonces/locations/appartement/lille-59/274377207.htm,,2026-08-12,Lille / Non localisé,Studio/T1,,0,553346.0,0,552590.0,0,554681.0,0,554115.0,0,552581.0,0,551765.0,0,555197.0,0,,0,,0,553532.0,0,552272.0,0,552057.0,0,,0,553963.0,0,554439.0,0,554535.0,0,554747.0,0,555591.0,0,552098.0,0
1443,SeLoger,520.0,16.0,32.5,Appartement,"1 pièce - 16 m², étage",59000,Lille,50.617425024965776,3.054087239489266,https://www.seloger.com/annonce/location/hauts-de-france/nord-59/lille-59000/26V4ZTDJWULJ,,2026-08-12,Lille / Non localisé,Studio/T1,,0,552525.0,0,551765.0,0,553862.0,0,553295.0,0,551755.0,0,550937.0,0,554377.0,0,,0,,0,552711.0,0,551446.0,0,551230.0,0,,0,553145.0,0,553610.0,0,553711.0,0,553928.0,0,554766.0,0,551271.0,0
1444,SeLoger,630.0,30.0,21.0,Appartement,"2 pièce - 1 chambre - s, , 30 m², étage",59000,Lille,50.61727082176772,3.031696567115562,https://www.seloger.com/annonce/location/hauts-de-france/nord-59/lille-59000/26GGFYW13Y6D,,2026-08-12,Lille / Non localisé,T2,,0,552901.0,0,552145.0,0,554236.0,0,553670.0,0,552136.0,0,551320.0,0,554752.0,0,,0,,0,553087.0,0,551827.0,0,551612.0,0,,0,553518.0,0,553994.0,0,554090.0,0,554302.0,0,555146.0,0,551653.0,0
1445,SeLoger,590.0,11.0,53.64,Colocation,"1 pièce - 5 chambre - Colocation , s, 11 m²",59000,Lille,50.623221361067976,3.043688416490266,https://www.seloger.com/annonce/location/hauts-de-france/nord-59/lille-59000/26FV1TAZ4Q3T,,2026-08-12,Lille / Non localisé,Studio/T1,,0,553331.0,0,552573.0,0,554667.0,0,554101.0,0,552563.0,0,551746.0,0,555183.0,0,,0,,0,553517.0,0,552254.0,0,552038.0,0,,0,553950.0,0,554419.0,0,554518.0,0,554733.0,0,555574.0,0,552080.0,0
1446,SeLoger,689.0,32.5,21.2,Appartement,"2 pièce - 1 chambre - s, , 32,5 m², RDC",59000,Lille,50.6380657758833,3.0594492420169215,https://www.seloger.com/annonce/location/hauts-de-france/nord-59/lille-59000/26T364LNMMD2,,2026-08-12,Lille / Non localisé,T2,,0,554656.0,0,553894.0,0,555995.0,0,555428.0,0,553884.0,0,553065.0,0,556509.0,0,,0,,0,554843.0,0,553574.0,0,553357.0,0,,0,555278.0,0,555737.0,0,555840.0,0,556061.0,0,556896.0,0,553399.0,0
1447,SeLoger,665.0,14.1,47.16,Appartement,"1 pièce - 11 chambre - s, 14,1 m², Étage 2/3",59000,Lille,50.63291599977023,3.0557715633387637,https://www.seloger.com/annonces/locations/appartement/lille-59/centre/268826841.htm,,2026-08-12,Lille-Centre,Studio/T1,,0,554165.0,0,553403.0,0,555503.0,0,554936.0,0,553394.0,0,552575.0,0,556018.0,0,,0,,0,554351.0,0,553084.0,0,552868.0,0,,0,554786.0,0,555247.0,0,555349.0,0,555569.0,0,556405.0,0,552909.0,0
1448,SeLoger,650.0,12.3,52.85,Appartement,"1 pièce - 11 chambre - s, 12,3 m², Étage 2/3",59000,Lille,50.644720535332986,3.0590338664748633,https://www.seloger.com/annonces/locations/appartement/lille-59/centre/271654741.htm,,2026-08-12,Lille-Centre,Studio/T1,,0,555381.0,0,554618.0,0,556719.0,0,556152.0,0,554608.0,0,553789.0,0,557234.0,0,,0,,0,555567.0,0,554298.0,0,554081.0,0,,0,556003.0,0,556460.0,0,556564.0,0,556785.0,0,557620.0,0,554123.0,0
1449,SeLoger,650.0,11.0,59.09,Appartement,"1 pièce - 11 chambre - s, 11 m², Étage 3/3",59000,Lille,50.629515008550264,3.0654551779396315,https://www.seloger.com/annonces/locations/appartement/lille-59/centre/268825799.htm,,2026-08-12,Lille-Centre,Studio/T1,,0,553631.0,0,552868.0,0,554969.0,0,554402.0,0,552858.0,0,552038.0,0,555484.0,0,,0,,0,553817.0,0,552548.0,0,552331.0,0,,0,554253.0,0,554710.0,0,554814.0,0,555035.0,0,555870.0,0,552373.0,0
1450,SeLoger,665.0,14.6,45.55,Appartement,"1 pièce - 11 chambre - s, 14,6 m², Étage 3/3",59000,Lille,50.6301818081221,3.0617626996405645,https://www.seloger.com/annonces/locations/appartement/lille-59/centre/272408479.htm,,2026-08-12,Lille-Centre,Studio/T1,,0,553766.0,0,553004.0,0,555105.0,0,554538.0,0,552994.0,0,552175.0,0,555619.0,0,,0,,0,553953.0,0,552685.0,0,552468.0,0,,0,554388.0,0,554847.0,0,554950.0,0,555171.0,0,556006.0,0,552510.0,0
1451,SeLoger,550.0,18.0,30.56,Colocation,"1 pièce - Colocation - , 18 m², étage",59000,Lille,50.623386933784374,3.0604732313538365,https://www.seloger.com/annonces/locations/appartement/lille-59/centre/265654677.htm,,2026-08-12,Lille-Centre,Studio/T1,,0,553056.0,0,552295.0,0,554394.0,0,553827.0,0,552285.0,0,551466.0,0,554909.0,0,,0,,0,553243.0,0,551976.0,0,551759.0,0,,0,553678.0,0,554139.0,0,554241.0,0,554460.0,0,555297.0,0,551801.0,0
1452,SeLoger,649.0,31.1,20.87,Appartement,"1 pièce - 31,1 m², RDC",59000,Lille,50.6188069510756,3.0448053826262,https://www.seloger.com/annonces/locations/appartement/lille-59/vauban-esquermes/262933143.htm,,2026-08-12,Vauban-Esquermes,Studio/T1,,0,552836.0,0,552078.0,0,554172.0,0,553606.0,0,552068.0,0,551251.0,0,554687.0,0,,0,,0,553022.0,0,551759.0,0,551543.0,0,,0,553455.0,0,553925.0,0,554023.0,0,554238.0,0,555079.0,0,551585.0,0
1453,SeLoger,850.0,45.8,18.56,Appartement,"2 pièce - 1 chambre - s, , 45,8 m², Étage 1/2",59000,Lille,50.63133040801826,3.0467786089068154,https://www.seloger.com/annonce/location/hauts-de-france/nord-59/lille-59000/26GEHH3M4UML,,2026-08-12,Lille / Non localisé,T2,,0,554151.0,0,553391.0,0,555487.0,0,554921.0,0,553381.0,0,552563.0,0,556003.0,0,,0,,0,554337.0,0,553072.0,0,552856.0,0,,0,554771.0,0,555237.0,0,555337.0,0,555553.0,0,556392.0,0,552897.0,0
1454,SeLoger,888.0,63.1,14.07,Appartement,"2 pièce - 1 chambre - s, , 63,1 m², RDC",59000,Lille,50.648189696413354,3.0650740862169696,https://www.seloger.com/annonce/location/hauts-de-france/nord-59/lille-59000/26PQ8VEWQKIQ,,2026-08-12,Lille / Non localisé,T2,,0,555651.0,0,554886.0,0,556990.0,0,556423.0,0,554876.0,0,554056.0,0,557504.0,0,,0,,0,555837.0,0,554567.0,0,554349.0,0,,0,556274.0,0,556728.0,0,556833.0,0,557056.0,0,557889.0,0,554391.0,0
1455,SeLoger,1270.0,93.0,13.66,Maison,"4 pièce - 3 chambre - Maison s, s, 93 m²",59000,Lille,50.64219829896176,2.9987601977110034,https://www.seloger.com/annonces/locations/maison/lille-59/bourg-delivrance/274098493.htm,,2026-08-12,Lomme,Grand (T4+),,0,556168.0,0,555417.0,0,557501.0,0,556935.0,0,555408.0,0,554593.0,0,558017.0,0,,0,,0,556354.0,0,555099.0,0,554885.0,0,,0,556782.0,0,557270.0,0,557361.0,0,557567.0,0,558416.0,0,554926.0,0
1456,SeLoger,695.0,19.0,36.58,Studio,"1 pièce - Studio - , 19 m²",59000,Lille,50.63394931256045,3.047534029035046,https://www.seloger.com/annonces/locations/appartement/lille-59/wazemmes/242706951.htm,,2026-08-12,Wazemmes,Studio/T1,,0,554420.0,0,553660.0,0,555757.0,0,555190.0,0,553650.0,0,552832.0,0,556272.0,0,,0,,0,554606.0,0,553341.0,0,553124.0,0,,0,555040.0,0,555505.0,0,555605.0,0,555823.0,0,556661.0,0,553166.0,0
1457,SeLoger,1231.0,89.1,13.82,Appartement,"4 pièce - 3 chambre - s, s, 89,1 m², étage",59000,Lille,50.6489626998324,3.0614538377703244,https://www.seloger.com/annonces/locations/appartement/lille-59/vieux-lille/261184947.htm,,2026-08-12,Vieux-Lille,Grand (T4+),,0,555796.0,0,555033.0,0,557135.0,0,556568.0,0,555023.0,0,554203.0,0,557650.0,0,,0,,0,555983.0,0,554713.0,0,554496.0,0,,0,556419.0,0,556875.0,0,556979.0,0,557201.0,0,558035.0,0,554538.0,0
1458,SeLoger,300.0,13.0,23.08,Studio,"1 pièce - Studio , 13 m²",59000,Lille,50.638994764755644,3.086599269362044,https://www.seloger.com/annonce/location/hauts-de-france/nord-59/lille-59000/26TY199X5CHB,,2026-08-12,Lille / Non localisé,Studio/T1,,0,554290.0,0,553522.0,0,555631.0,0,555064.0,0,553512.0,0,552691.0,0,556145.0,0,,0,,0,554477.0,0,553202.0,0,552984.0,0,,0,554916.0,0,555361.0,0,555469.0,0,555697.0,0,556526.0,0,553026.0,0
1459,SeLoger,630.0,41.1,15.33,Appartement,"1 pièce - 41,1 m², RDC, dès le 29/08/2026",59000,Lille,50.607610275186225,3.0708878155712593,https://www.seloger.com/annonces/locations/appartement/lille-59/275598623.htm,,2026-08-12,Lille / Non localisé,Studio/T1,,0,551175.0,0,550413.0,0,552514.0,0,551947.0,0,550403.0,0,549584.0,0,553028.0,0,,0,,0,551362.0,0,550094.0,0,549877.0,0,,0,551797.0,0,552256.0,0,552359.0,0,552580.0,0,553415.0,0,549918.0,0
1460,SeLoger,1400.0,99.3,14.1,Appartement,"5 pièce - 4 chambre - s, s, 99,3 m², Étage 11/11",59000,Lille,50.62007819353959,3.0789501686962435,https://www.seloger.com/annonces/locations/appartement/lille-59/centre/273858221.htm,,2026-08-12,Lille-Centre,Grand (T4+),,0,552380.0,0,551616.0,0,553720.0,0,553153.0,0,551606.0,0,550786.0,0,554234.0,0,,0,,0,552567.0,0,551296.0,0,551078.0,0,,0,553004.0,0,553457.0,0,553562.0,0,553786.0,0,554619.0,0,551120.0,0
1461,SeLoger,806.0,47.0,17.15,Appartement,"2 pièce - 1 chambre - s, , 47 m², étage",59000,Lille,50.61446869176419,3.0547125169706995,https://www.seloger.com/annonces/locations/appartement/lille-59/wazemmes/275669165.htm,,2026-08-12,Wazemmes,T2,,0,552195.0,0,551436.0,0,553532.0,0,552966.0,0,551426.0,0,550608.0,0,554047.0,0,,0,,0,552382.0,0,551117.0,0,550900.0,0,,0,552816.0,0,553281.0,0,553381.0,0,553598.0,0,554437.0,0,550942.0,0
1462,SeLoger,950.0,79.0,12.03,Colocation,"4 pièce - 3 chambre - Colocation s, s, 79 m², RDC/2",59000,Lille,50.623215033282186,3.0506422461428864,https://www.seloger.com/annonces/locations/appartement/lille-59/faubourg-de-bethune-concorde/26KSSGZ2C9V3.htm,,2026-08-12,Lille / Non localisé,Grand (T4+),,0,553209.0,0,552449.0,0,554546.0,0,553979.0,0,552439.0,0,551622.0,0,555061.0,0,,0,,0,553395.0,0,552130.0,0,551914.0,0,,0,553829.0,0,554295.0,0,554395.0,0,554612.0,0,555451.0,0,551956.0,0
1463,SeLoger,1380.0,74.0,18.65,Colocation,"4 pièce - 3 chambre - Colocation s, s, 74 m², RDC/3",59000,Lille,50.616391630177176,3.045238257428241,https://www.seloger.com/annonces/locations/appartement/lille-59/vieux-lille/26TRJSQMJT61.htm,,2026-08-12,Lille / Non localisé,Grand (T4+),,0,552568.0,0,551810.0,0,553904.0,0,553338.0,0,551800.0,0,550983.0,0,554420.0,0,,0,,0,552754.0,0,551491.0,0,551275.0,0,,0,553187.0,0,553657.0,0,553755.0,0,553970.0,0,554811.0,0,551317.0,0
1464,SeLoger,460.0,14.0,32.86,Studio,"1 pièce - Studio , 14 m²",59000,Lille,50.63592662253812,3.0853872157057816,https://www.seloger.com/annonces/locations/appartement/lille-59/276155875.htm,,2026-08-12,Lille / Non localisé,Studio/T1,,0,553980.0,0,553212.0,0,555321.0,0,554753.0,0,553202.0,0,552381.0,0,555834.0,0,,0,,0,554167.0,0,552892.0,0,552674.0,0,,0,554605.0,0,555051.0,0,555159.0,0,555386.0,0,556216.0,0,552716.0,0
1465,SeLoger,701.0,43.6,16.08,Appartement,"2 pièce - s, 43,6 m², Étage 2/1",59000,Lille,50.624467524743565,3.0623674073112235,https://www.seloger.com/annonce/location/hauts-de-france/nord-59/lille-59000/26XLWANV6SAS,,2026-08-12,Lille / Non localisé,T2,,0,553140.0,0,552378.0,0,554478.0,0,553911.0,0,552368.0,0,551549.0,0,554993.0,0,,0,,0,553326.0,0,552059.0,0,551842.0,0,,0,553762.0,0,554221.0,0,554324.0,0,554544.0,0,555380.0,0,551884.0,0
1466,SeLoger,950.0,80.0,11.88,Appartement,"3 pièce - 2 chambre - s, s, 80 m², Étage 1/3",59000,Lille,50.609182609429645,3.0529393771726547,https://www.seloger.com/annonce/location/hauts-de-france/nord-59/lille-59000/26ANHKTQYLJR,,2026-08-12,Lille / Non localisé,T3,,0,551657.0,0,550898.0,0,552993.0,0,552427.0,0,550888.0,0,550071.0,0,553509.0,0,,0,,0,551843.0,0,550579.0,0,550363.0,0,,0,552277.0,0,552744.0,0,552843.0,0,553060.0,0,553899.0,0,550404.0,0
1467,SeLoger,580.0,20.8,27.88,Colocation,"2 pièce - 1 chambre - Colocation - s, , 20,8 m², RDC",59000,Lille,50.643547814484144,3.068067856422137,https://www.seloger.com/annonce/location/hauts-de-france/nord-59/lille-59000/26NEYTXNMXSE,,2026-08-12,Lille / Non localisé,T2,,0,555099.0,0,554334.0,0,556438.0,0,555871.0,0,554324.0,0,553504.0,0,556952.0,0,,0,,0,555285.0,0,554014.0,0,553797.0,0,,0,555722.0,0,556175.0,0,556280.0,0,556504.0,0,557337.0,0,553839.0,0
1468,SeLoger,601.0,10.0,60.1,Colocation,"1 pièce - 1 chambre - Colocation , , 10 m², étage",59000,Lille,50.63100287765814,3.0417472968730617,https://www.seloger.com/annonce/location/hauts-de-france/nord-59/lille-59000/26WIA7GY2DA9,,2026-08-12,Lille / Non localisé,Studio/T1,,0,554203.0,0,553445.0,0,555539.0,0,554973.0,0,553435.0,0,552618.0,0,556055.0,0,,0,,0,554389.0,0,553126.0,0,552910.0,0,,0,554823.0,0,555291.0,0,555390.0,0,555606.0,0,556446.0,0,552951.0,0
1469,SeLoger,750.0,21.0,35.71,Studio,"1 pièce - Studio - , 21 m², 6 étages",59000,Lille,50.62397732690069,3.046785392371955,https://www.seloger.com/annonces/locations/appartement/lille-59/267809031.htm,,2026-08-12,Lille / Non localisé,Studio/T1,,0,553358.0,0,552599.0,0,554695.0,0,554128.0,0,552589.0,0,551772.0,0,555210.0,0,,0,,0,553544.0,0,552280.0,0,552064.0,0,,0,553978.0,0,554445.0,0,554545.0,0,554761.0,0,555600.0,0,552106.0,0
1470,SeLoger,480.0,15.0,32.0,Studio,"1 pièce - Studio , 15 m²",59000,Lille,50.629803581787876,3.0369836955041194,https://www.seloger.com/annonces/locations/appartement/lille-59/vauban-esquermes/274354379.htm,,2026-08-12,Vauban-Esquermes,Studio/T1,,0,554157.0,0,553400.0,0,555493.0,0,554927.0,0,553390.0,0,552573.0,0,556009.0,0,,0,,0,554344.0,0,553081.0,0,552866.0,0,,0,554776.0,0,555247.0,0,555345.0,0,555559.0,0,556401.0,0,552907.0,0
1471,SeLoger,1222.0,68.0,17.97,Appartement,"3 pièce - 2 chambre - s, s, 68 m², Étage 1/1",59000,Lille,50.6089377824097,3.0408161131854303,https://www.seloger.com/annonces/locations/appartement/lille-59/caulier/26WJ51I3C32T.htm,,2026-08-12,Lille / Non localisé,T3,,0,551843.0,0,551086.0,0,553178.0,0,552612.0,0,551077.0,0,550260.0,0,553694.0,0,,0,,0,552029.0,0,550768.0,0,550552.0,0,,0,552461.0,0,552935.0,0,553031.0,0,553244.0,0,554087.0,0,550594.0,0
1472,SeLoger,825.0,41.2,20.02,Appartement,"2 pièce - 1 chambre - s, , 41,2 m², étage",59000,Lille,50.614216465833366,3.0457062834040283,https://www.seloger.com/annonce/location/hauts-de-france/nord-59/lille-59000/26QF6M8HKYWG,,2026-08-12,Lille / Non localisé,T2,,0,552326.0,0,551568.0,0,553662.0,0,553095.0,0,551558.0,0,550741.0,0,554177.0,0,,0,,0,552512.0,0,551249.0,0,551033.0,0,,0,552945.0,0,553415.0,0,553513.0,0,553728.0,0,554569.0,0,551075.0,0
1473,SeLoger,595.0,13.0,45.77,Studio,"1 pièce - Studio , 13 m², étage",59000,Lille,50.6179040549782,3.0880760526866204,https://www.seloger.com/annonce/location/hauts-de-france/nord-59/lille-59000/26YYEKDJ7NJX,,2026-08-12,Lille / Non localisé,Studio/T1,,0,551989.0,0,551223.0,0,553330.0,0,552762.0,0,551213.0,0,550392.0,0,553844.0,0,,0,,0,552176.0,0,550903.0,0,550685.0,0,,0,552615.0,0,553063.0,0,553170.0,0,553396.0,0,554226.0,0,550727.0,0
1474,SeLoger,739.0,31.8,23.24,Appartement,"2 pièce - 1 chambre - s, , 31,8 m², Étage 1/3",59000,Lille,50.6285239940964,3.041246228157701,https://www.seloger.com/wl-cdp/266YLE3WENUI,,2026-08-12,Lille / Non localisé,T2,,0,553945.0,0,553187.0,0,555281.0,0,554715.0,0,553177.0,0,552360.0,0,555796.0,0,,0,,0,554131.0,0,552868.0,0,552652.0,0,,0,554564.0,0,555033.0,0,555132.0,0,555347.0,0,556188.0,0,552694.0,0
1475,SeLoger,340.0,24.0,14.17,Studio,"1 pièce - Studio , 24 m²",59000,Lille,50.616009733330415,3.0888117945311944,https://www.seloger.com/annonce/location/hauts-de-france/nord-59/lille-59000/26DPTY83YM4U,,2026-08-12,Lille / Non localisé,Studio/T1,,0,551773.0,0,551006.0,0,553113.0,0,552545.0,0,550996.0,0,550175.0,0,553627.0,0,,0,,0,551959.0,0,550686.0,0,550468.0,0,,0,552398.0,0,552846.0,0,552953.0,0,553179.0,0,554009.0,0,550510.0,0
1476,SeLoger,660.0,42.1,15.68,Appartement,"2 pièce - 1 chambre - s, , 42,1 m², étage",59000,Lille,50.62662739384054,3.0687705272884758,https://www.seloger.com/annonces/locations/appartement/lille-59/moulins/276212691.htm,,2026-08-12,Lille-Moulins,T2,,0,553262.0,0,552499.0,0,554601.0,0,554034.0,0,552489.0,0,551669.0,0,555115.0,0,,0,,0,553449.0,0,552179.0,0,551962.0,0,,0,553885.0,0,554341.0,0,554445.0,0,554667.0,0,555501.0,0,552004.0,0
1477,SeLoger,995.0,71.4,13.94,Appartement,"3 pièce - 2 chambre - s, s, 71,4 m², étage",59000,Lille,50.6127415130786,3.0331879922458356,https://www.seloger.com/annonces/locations/appartement/lille-59/274932367.htm,,2026-08-12,Lille / Non localisé,T3,,0,552387.0,0,551632.0,0,553722.0,0,553156.0,0,551622.0,0,550806.0,0,554238.0,0,,0,,0,552573.0,0,551313.0,0,551098.0,0,,0,553004.0,0,553481.0,0,553576.0,0,553788.0,0,554632.0,0,551139.0,0
1478,SeLoger,750.0,36.0,20.83,Appartement,"2 pièce - 1 chambre - s, , 36 m², étage",59000,Lille,50.642566011075175,3.0886501346670485,https://www.seloger.com/annonce/location/hauts-de-france/nord-59/lille-59000/26NM357M3B3P,,2026-08-12,Lille / Non localisé,T2,,0,554641.0,0,553872.0,0,555982.0,0,555414.0,0,553862.0,0,553040.0,0,556495.0,0,,0,,0,554828.0,0,553552.0,0,553333.0,0,,0,555267.0,0,555710.0,0,555819.0,0,556048.0,0,556876.0,0,553376.0,0
1479,SeLoger,1289.0,105.0,12.28,Maison,"5 pièce - 4 chambre - Maison s, s, 105 m²",59000,Lille,50.64967608282139,3.08302781534373,https://www.seloger.com/annonce/location/hauts-de-france/nord-59/lille-59000/264YHGED6BNC,,2026-08-12,Lille / Non localisé,Grand (T4+),,0,555503.0,0,554735.0,0,556845.0,0,556277.0,0,554725.0,0,553904.0,0,557358.0,0,,0,,0,555691.0,0,554415.0,0,554197.0,0,,0,556130.0,0,556574.0,0,556682.0,0,556910.0,0,557739.0,0,554239.0,0
1480,SeLoger,1005.0,63.7,15.78,Appartement,"3 pièce - s, 63,7 m², Étage 8/99",59000,Lille,50.62985598965097,3.088392716617146,https://www.seloger.com/annonce/location/hauts-de-france/nord-59/lille-59000/26DE96EN1SJW,,2026-08-12,Lille / Non localisé,T3,,0,553273.0,0,552506.0,0,554614.0,0,554047.0,0,552496.0,0,551675.0,0,555128.0,0,,0,,0,553460.0,0,552186.0,0,551968.0,0,,0,553899.0,0,554345.0,0,554453.0,0,554680.0,0,555510.0,0,552010.0,0
1481,SeLoger,1290.0,70.0,18.43,Colocation,"4 pièce - 2 chambre - Colocation s, s, 70 m², Étage 5/7",59000,Lille,50.61835845261403,3.030662396998121,https://www.seloger.com/annonces/locations/appartement/lille-59/bois-blanc/267W2YZ3S4UL.htm,,2026-08-12,Lille / Non localisé,Grand (T4+),,0,553036.0,0,552281.0,0,554371.0,0,553805.0,0,552271.0,0,551455.0,0,554887.0,0,,0,,0,553222.0,0,551962.0,0,551747.0,0,,0,553653.0,0,554130.0,0,554226.0,0,554437.0,0,555281.0,0,551789.0,0
1482,SeLoger,738.0,44.9,16.44,Appartement,"2 pièce - 1 chambre - s, , 44,9 m², étage",59000,Lille,50.65036001154539,3.091032953734083,https://www.seloger.com/annonces/locations/appartement/lille-59/274457789.htm,,2026-08-12,Lille / Non localisé,T2,,0,555441.0,0,554671.0,0,556783.0,0,556215.0,0,554661.0,0,553839.0,0,557296.0,0,,0,,0,555628.0,0,554351.0,0,554133.0,0,,0,556068.0,0,556508.0,0,556619.0,0,556849.0,0,557676.0,0,554175.0,0
1483,SeLoger,995.0,79.8,12.47,Appartement,"3 pièce - s, 79,8 m², Étage 3/5",59000,Lille,50.63946685863424,3.049355573159604,https://www.seloger.com/annonces/locations/appartement/lille-59/vauban-esquermes/251264859.htm,,2026-08-12,Vauban-Esquermes,T3,,0,554982.0,0,554222.0,0,556320.0,0,555753.0,0,554212.0,0,553394.0,0,556835.0,0,,0,,0,555169.0,0,553903.0,0,553686.0,0,,0,555603.0,0,556066.0,0,556167.0,0,556386.0,0,557223.0,0,553728.0,0
1484,SeLoger,780.0,31.0,25.16,Appartement,"1 pièce - 31 m², étage",59000,Lille,50.62654318893266,3.038555550787477,https://www.seloger.com/annonce/location/hauts-de-france/nord-59/lille-59000/263J1UXH4L8X,,2026-08-12,Lille / Non localisé,Studio/T1,,0,553779.0,0,553021.0,0,555115.0,0,554548.0,0,553011.0,0,552195.0,0,555630.0,0,,0,,0,553965.0,0,552702.0,0,552487.0,0,,0,554397.0,0,554868.0,0,554966.0,0,555181.0,0,556022.0,0,552528.0,0
1485,SeLoger,615.0,41.0,15.0,Appartement,"2 pièce - 1 chambre - s, , 41 m², étage",59000,Lille,50.63662228044715,3.0608470198945206,https://www.seloger.com/annonce/location/hauts-de-france/nord-59/lille-59000/267GCG15VWQ2,,2026-08-12,Lille / Non localisé,T2,,0,554476.0,0,553714.0,0,555815.0,0,555248.0,0,553704.0,0,552885.0,0,556329.0,0,,0,,0,554663.0,0,553394.0,0,553177.0,0,,0,555099.0,0,555557.0,0,555660.0,0,555881.0,0,556716.0,0,553219.0,0
1486,SeLoger,990.0,45.0,22.0,Appartement,"2 pièce - 1 chambre - s, , 45 m², étage",59000,Lille,50.63429253518323,3.0492791016058787,https://www.seloger.com/annonce/location/hauts-de-france/nord-59/lille-59000/26915HMITKNX,,2026-08-12,Lille / Non localisé,T2,,0,554426.0,0,553666.0,0,555763.0,0,555197.0,0,553656.0,0,552838.0,0,556278.0,0,,0,,0,554612.0,0,553347.0,0,553130.0,0,,0,555047.0,0,555511.0,0,555611.0,0,555829.0,0,556667.0,0,553172.0,0
1487,SeLoger,615.0,27.0,22.78,Appartement,"1 pièce - 27 m², étage",59000,Lille,50.62053447766063,3.0679759576624357,https://www.seloger.com/annonce/location/hauts-de-france/nord-59/lille-59000/266L8R8TFLMJ,,2026-08-12,Lille / Non localisé,Studio/T1,,0,552619.0,0,551856.0,0,553957.0,0,553390.0,0,551846.0,0,551027.0,0,554472.0,0,,0,,0,552805.0,0,551537.0,0,551320.0,0,,0,553241.0,0,553699.0,0,553802.0,0,554023.0,0,554858.0,0,551361.0,0
1488,SeLoger,818.0,15.0,54.53,Colocation,"1 pièce - Colocation , 15 m², dès le 16/08/2026",59000,Lille,50.63963206227853,3.082109410927086,https://www.seloger.com/wl-cdp/26F1MITFH35C,,2026-08-12,Lille / Non localisé,Studio/T1,,0,554435.0,0,553668.0,0,555776.0,0,555209.0,0,553658.0,0,552837.0,0,556290.0,0,,0,,0,554622.0,0,553349.0,0,553130.0,0,,0,555061.0,0,555508.0,0,555615.0,0,555842.0,0,556672.0,0,553173.0,0
1489,SeLoger,894.0,15.0,59.6,Colocation,"1 pièce - Colocation , 15 m², dès le 16/08/2026",59000,Lille,50.622607378576134,3.041658049625111,https://www.seloger.com/wl-cdp/26BLWPPRYZG3,,2026-08-12,Lille / Non localisé,Studio/T1,,0,553300.0,0,552543.0,0,554636.0,0,554070.0,0,552533.0,0,551716.0,0,555152.0,0,,0,,0,553487.0,0,552224.0,0,552008.0,0,,0,553919.0,0,554390.0,0,554488.0,0,554702.0,0,555543.0,0,552050.0,0
1490,SeLoger,823.0,15.0,54.87,Colocation,"1 pièce - Colocation , 15 m², dès le 16/08/2026",59000,Lille,50.63306557399667,3.0310055257681996,https://www.seloger.com/wl-cdp/26A4XG52TJYQ,,2026-08-12,Lille / Non localisé,Studio/T1,,0,554614.0,0,553857.0,0,555949.0,0,555383.0,0,553847.0,0,553031.0,0,556465.0,0,,0,,0,554800.0,0,553539.0,0,553323.0,0,,0,555232.0,0,555705.0,0,555802.0,0,556015.0,0,556858.0,0,553364.0,0
1491,SeLoger,770.0,16.0,48.12,Colocation,"1 pièce - 6 chambre - Colocation , s, 16 m²",59000,Lille,50.62389944530663,3.040264088112253,https://www.seloger.com/annonce/location/hauts-de-france/nord-59/lille-59000/26ME6PWDTM3V,,2026-08-12,Lille / Non localisé,Studio/T1,,0,553464.0,0,552706.0,0,554800.0,0,554233.0,0,552697.0,0,551880.0,0,555315.0,0,,0,,0,553650.0,0,552388.0,0,552172.0,0,,0,554083.0,0,554554.0,0,554651.0,0,554866.0,0,555707.0,0,552213.0,0
1492,SeLoger,1250.0,56.9,21.97,Appartement,"3 pièce - 2 chambre - s, s, 56,9 m², étage",59000,Lille,50.62470479901315,3.0728469551445023,https://www.seloger.com/annonce/location/hauts-de-france/nord-59/lille-59000/26FDKJZ8RMFB,,2026-08-12,Lille / Non localisé,T3,,0,552984.0,0,552220.0,0,554324.0,0,553756.0,0,552210.0,0,551391.0,0,554838.0,0,,0,,0,553171.0,0,551901.0,0,551683.0,0,,0,553608.0,0,554062.0,0,554167.0,0,554390.0,0,555223.0,0,551725.0,0
1493,SeLoger,1620.0,24.0,67.5,Studio,"1 pièce - Studio , 24 m², dès le 01/09/2026",59000,Lille,50.62615844209069,3.0657013457390305,https://www.seloger.com/annonces/locations/appartement/lille-59/centre/261035741.htm,,2026-08-12,Lille-Centre,Studio/T1,,0,553264.0,0,552502.0,0,554603.0,0,554036.0,0,552492.0,0,551673.0,0,555118.0,0,,0,,0,553451.0,0,552182.0,0,551965.0,0,,0,553887.0,0,554344.0,0,554448.0,0,554669.0,0,555504.0,0,552007.0,0
1494,SeLoger,400.0,13.2,30.3,Appartement,"1 pièce - 13,2 m², RDC/4, dès le 28/08/2026",59000,Lille,50.62712043223281,3.038774287449031,https://www.seloger.com/annonces/locations/appartement/lille-59/276282987.htm,,2026-08-12,Lille / Non localisé,Studio/T1,,0,553837.0,0,553079.0,0,555173.0,0,554606.0,0,553070.0,0,552253.0,0,555688.0,0,,0,,0,554023.0,0,552761.0,0,552545.0,0,,0,554456.0,0,554927.0,0,555025.0,0,555239.0,0,556080.0,0,552586.0,0
1495,SeLoger,860.0,47.9,17.95,Appartement,"2 pièce - 1 chambre - Duplex s, , 47,9 m², Étage 2/2",59000,Lille,50.606598217639196,3.0514317014855687,https://www.seloger.com/annonce/location/hauts-de-france/nord-59/lille-59000/26MLTVCP7SN3,,2026-08-12,Lille / Non localisé,T2,,0,551405.0,0,550646.0,0,552741.0,0,552175.0,0,550637.0,0,549819.0,0,553256.0,0,,0,,0,551591.0,0,550328.0,0,550112.0,0,,0,552024.0,0,552493.0,0,552592.0,0,552807.0,0,553647.0,0,550153.0,0
1496,SeLoger,815.0,33.0,24.7,Appartement,"1 pièce - 33 m², Étage 3/3",59000,Lille,50.63813985908628,3.0614039961632358,https://www.seloger.com/annonces/locations/appartement/lille-59/276113977.htm,,2026-08-12,Lille / Non localisé,Studio/T1,,0,554630.0,0,553867.0,0,555969.0,0,555402.0,0,553858.0,0,553038.0,0,556484.0,0,,0,,0,554817.0,0,553548.0,0,553331.0,0,,0,555253.0,0,555710.0,0,555814.0,0,556035.0,0,556870.0,0,553373.0,0
1497,SeLoger,615.0,25.0,24.6,Appartement,"1 pièce - 25 m², étage",59000,Lille,50.621912620261234,3.0903343604474798,https://www.seloger.com/annonce/location/hauts-de-france/nord-59/lille-59000/2652TZHI22PZ,,2026-08-12,Lille / Non localisé,Studio/T1,,0,552383.0,0,551616.0,0,553724.0,0,553157.0,0,551606.0,0,550785.0,0,554238.0,0,,0,,0,552570.0,0,551296.0,0,551078.0,0,,0,553009.0,0,553455.0,0,553563.0,0,553790.0,0,554620.0,0,551120.0,0
1498,SeLoger,680.0,36.0,18.89,Appartement,"1 pièce - 36 m², disponible dès maintenant",59000,Lille,50.6069244471626,3.0428271007692875,https://www.seloger.com/annonce/location/hauts-de-france/nord-59/lille-59000/26B7MT4K7P73,,2026-08-12,Lille / Non localisé,Studio/T1,,0,551591.0,0,550834.0,0,552926.0,0,552360.0,0,550824.0,0,550008.0,0,553442.0,0,,0,,0,551777.0,0,550515.0,0,550300.0,0,,0,552209.0,0,552682.0,0,552779.0,0,552992.0,0,553835.0,0,550341.0,0
1499,SeLoger,850.0,55.0,15.45,Appartement,"2 pièce - 1 chambre - s, , 55 m², Étage 1/2",59000,Lille,50.6408848014402,3.0395720103711903,https://www.seloger.com/annonces/locations/appartement/lille-59/saint-maurice-pellevoisin/26J82524QQKF.htm,,2026-08-12,Lille / Non localisé,T2,,0,555306.0,0,554547.0,0,556642.0,0,556076.0,0,554537.0,0,553720.0,0,557157.0,0,,0,,0,555492.0,0,554228.0,0,554012.0,0,,0,555925.0,0,556393.0,0,556492.0,0,556708.0,0,557548.0,0,554053.0,0
1500,SeLoger,580.0,32.0,18.12,Appartement,"2 pièce - 1 chambre - s, , 32 m², étage",59000,Lille,50.61766391542328,3.0946149951577775,https://www.seloger.com/annonce/location/hauts-de-france/nord-59/lille-59000/26J25HN1CGGM,,2026-08-12,Lille / Non localisé,T2,,0,551852.0,0,551084.0,0,553193.0,0,552625.0,0,551074.0,0,550253.0,0,553707.0,0,,0,,0,552039.0,0,550764.0,0,550546.0,0,,0,552478.0,0,552923.0,0,553031.0,0,553259.0,0,554088.0,0,550588.0,0
1501,SeLoger,670.0,30.0,22.33,Appartement,"1 pièce - 1 chambre - 30 m², étage",59000,Lille,50.64619780761072,3.095252710301807,https://www.seloger.com/annonce/location/hauts-de-france/nord-59/lille-59000/26HP3CLA58JT,,2026-08-12,Lille / Non localisé,Studio/T1,,0,554920.0,0,554150.0,0,556263.0,0,555695.0,0,554140.0,0,553318.0,0,556776.0,0,,0,,0,555108.0,0,553830.0,0,553611.0,0,,0,555548.0,0,555987.0,0,556098.0,0,556328.0,0,557155.0,0,553653.0,0
1502,SeLoger,898.0,59.5,15.09,Appartement,"2 pièce - 1 chambre - s, , 59,5 m², étage",59000,Lille,50.63462987552052,3.086766118516285,https://www.seloger.com/annonce/location/hauts-de-france/nord-59/lille-59000/26L51PBZMPQB,,2026-08-12,Lille / Non localisé,T2,,0,553816.0,0,553049.0,0,555157.0,0,554590.0,0,553039.0,0,552218.0,0,555671.0,0,,0,,0,554003.0,0,552729.0,0,552511.0,0,,0,554442.0,0,554887.0,0,554996.0,0,555223.0,0,556053.0,0,552553.0,0
1503,SeLoger,595.0,25.0,23.8,Appartement,"1 pièce - 25 m², 2 étages, disponible dès maintenant",59000,Lille,50.637748160128446,3.079695894830076,https://www.seloger.com/annonces/locations/appartement/lille-59/caulier/24G9WC8EL7A1.htm,,2026-08-12,Lille / Non localisé,Studio/T1,,0,554274.0,0,553507.0,0,555614.0,0,555046.0,0,553497.0,0,552676.0,0,556128.0,0,,0,,0,554460.0,0,553187.0,0,552969.0,0,,0,554899.0,0,555347.0,0,555454.0,0,555680.0,0,556511.0,0,553011.0,0
1504,SeLoger,1040.0,70.0,14.86,Appartement,"3 pièce - 2 chambre - s, s, 70 m²",59000,Lille,50.62270364355103,3.053298927826293,https://www.seloger.com/annonce/location/hauts-de-france/nord-59/lille-59000/261E3YQS1NND,,2026-08-12,Lille / Non localisé,T3,,0,553107.0,0,552347.0,0,554445.0,0,553878.0,0,552337.0,0,551519.0,0,554960.0,0,,0,,0,553294.0,0,552028.0,0,551812.0,0,,0,553728.0,0,554192.0,0,554293.0,0,554511.0,0,555349.0,0,551854.0,0
1505,SeLoger,775.0,27.7,27.98,Appartement,"2 pièce - 1 chambre - s, , 27,7 m², Étage 2/2",59000,Lille,50.61265064754562,3.074422344598941,https://www.seloger.com/annonces/locations/appartement/lille-59/moulins/274284931.htm,,2026-08-12,Lille-Moulins,T2,,0,551658.0,0,550894.0,0,552996.0,0,552429.0,0,550884.0,0,550065.0,0,553511.0,0,,0,,0,551844.0,0,550575.0,0,550357.0,0,,0,552280.0,0,552736.0,0,552840.0,0,553062.0,0,553897.0,0,550399.0,0
1506,SeLoger,941.0,61.8,15.23,Appartement,"2 pièce - 2 chambre - s, s, 61,8 m², Étage 2/4",59000,Lille,50.62449798874474,3.0333786121243347,https://www.seloger.com/annonces/locations/appartement/lille-59/bois-blanc/265080117.htm,,2026-08-12,Bois Blancs,T2,,0,553649.0,0,552893.0,0,554985.0,0,554418.0,0,552883.0,0,552067.0,0,555500.0,0,,0,,0,553835.0,0,552574.0,0,552359.0,0,,0,554267.0,0,554741.0,0,554838.0,0,555051.0,0,555893.0,0,552400.0,0
1507,SeLoger,872.0,61.7,14.13,Appartement,"2 pièce - 1 chambre - s, , 61,7 m², étage",59000,Lille,50.631792792554286,3.047510903170613,https://www.seloger.com/annonces/locations/appartement/lille-59/wazemmes/269544447.htm,,2026-08-12,Wazemmes,T2,,0,554188.0,0,553428.0,0,555525.0,0,554958.0,0,553418.0,0,552600.0,0,556040.0,0,,0,,0,554374.0,0,553109.0,0,552893.0,0,,0,554808.0,0,555273.0,0,555373.0,0,555591.0,0,556429.0,0,552934.0,0
1508,SeLoger,1290.0,81.0,15.93,Appartement,"3 pièce - 2 chambre - s, s, 81 m², Étage 1/4",59000,Lille,50.648325151602485,3.0622273173613452,https://www.seloger.com/annonces/locations/appartement/lille-59/vieux-lille/263300427.htm,,2026-08-12,Vieux-Lille,T3,,0,555714.0,0,554950.0,0,557053.0,0,556486.0,0,554940.0,0,554121.0,0,557568.0,0,,0,,0,555901.0,0,554631.0,0,554414.0,0,,0,556337.0,0,556792.0,0,556897.0,0,557119.0,0,557953.0,0,554456.0,0
1509,SeLoger,595.0,13.0,45.77,Colocation,"1 pièce - 2 chambre - Colocation , s, 13 m², Étage 1/3",59000,Lille,50.650200186254146,3.090103694168806,https://www.seloger.com/annonce/location/hauts-de-france/nord-59/lille-59000/26PPAP13BRQX,,2026-08-12,Lille / Non localisé,Studio/T1,,0,555440.0,0,554670.0,0,556782.0,0,556214.0,0,554660.0,0,553838.0,0,557295.0,0,,0,,0,555627.0,0,554350.0,0,554131.0,0,,0,556067.0,0,556507.0,0,556618.0,0,556847.0,0,557675.0,0,554174.0,0
1510,SeLoger,500.0,18.0,27.78,Appartement,"1 pièce - 18 m², RDC/1, disponible dès maintenant",59000,Lille,50.61540327222355,3.0279567289814957,https://www.seloger.com/annonce/location/hauts-de-france/nord-59/lille-59000/26WIKDC74S4K,,2026-08-12,Lille / Non localisé,Studio/T1,,0,552766.0,0,552011.0,0,554100.0,0,553534.0,0,552002.0,0,551186.0,0,554616.0,0,,0,,0,552952.0,0,551693.0,0,551478.0,0,,0,553383.0,0,553861.0,0,553956.0,0,554166.0,0,555011.0,0,551519.0,0
1511,SeLoger,540.0,22.0,24.55,Colocation,"1 pièce - 3 chambre - Colocation , s, 22 m², étage",59000,Lille,50.643803554055744,3.0872875853892237,https://www.seloger.com/annonce/location/hauts-de-france/nord-59/lille-59000/26FN4T1F1A3C,,2026-08-12,Lille / Non localisé,Studio/T1,,0,554797.0,0,554029.0,0,556139.0,0,555571.0,0,554019.0,0,553197.0,0,556652.0,0,,0,,0,554984.0,0,553709.0,0,553490.0,0,,0,555424.0,0,555867.0,0,555976.0,0,556204.0,0,557033.0,0,553533.0,0
1512,SeLoger,1429.0,80.0,17.86,Appartement,"3 pièce - 2 chambre - s, s, 80 m²",59000,Lille,50.605865365976136,3.0460671507914863,https://www.seloger.com/annonce/location/hauts-de-france/nord-59/lille-59000/26ALZHSX8HHN,,2026-08-12,Lille / Non localisé,T3,,0,551420.0,0,550663.0,0,552756.0,0,552189.0,0,550653.0,0,549836.0,0,553271.0,0,,0,,0,551606.0,0,550344.0,0,550128.0,0,,0,552038.0,0,552510.0,0,552608.0,0,552822.0,0,553663.0,0,550170.0,0
1513,SeLoger,625.0,28.0,22.32,Appartement,"1 pièce - 28 m², étage",59000,Lille,50.64274990322059,3.0477807121416496,https://www.seloger.com/annonce/location/hauts-de-france/nord-59/lille-59000/26485XPID2UY,,2026-08-12,Lille / Non localisé,Studio/T1,,0,555364.0,0,554603.0,0,556701.0,0,556134.0,0,554593.0,0,553775.0,0,557216.0,0,,0,,0,555550.0,0,554284.0,0,554067.0,0,,0,555984.0,0,556448.0,0,556549.0,0,556767.0,0,557605.0,0,554109.0,0
1514,SeLoger,1175.0,58.0,20.26,Appartement,"3 pièce - 2 chambre - s, s, 58 m², RDC",59000,Lille,50.645221253401004,3.0435778356601686,https://www.seloger.com/annonce/location/hauts-de-france/nord-59/lille-59000/26G18Y5V7CN7,,2026-08-12,Lille / Non localisé,T3,,0,555703.0,0,554943.0,0,557040.0,0,556473.0,0,554933.0,0,554115.0,0,557555.0,0,,0,,0,555889.0,0,554624.0,0,554408.0,0,,0,556323.0,0,556788.0,0,556889.0,0,557106.0,0,557944.0,0,554449.0,0
1515,SeLoger,600.0,23.0,26.09,Appartement,"1 pièce - 23 m², étage",59000,Lille,50.61551069613805,3.0456908543438517,https://www.seloger.com/annonce/location/hauts-de-france/nord-59/lille-59000/26VKWCN6NGM2,,2026-08-12,Lille / Non localisé,Studio/T1,,0,552465.0,0,551707.0,0,553801.0,0,553235.0,0,551698.0,0,550880.0,0,554317.0,0,,0,,0,552651.0,0,551389.0,0,551173.0,0,,0,553084.0,0,553554.0,0,553653.0,0,553868.0,0,554708.0,0,551214.0,0
1516,SeLoger,930.0,40.0,23.25,Appartement,"2 pièce - s, 40 m², étage, dès le 15/08/2026",59000,Lille,50.6496934735446,3.0604416270557637,https://www.seloger.com/annonce/location/hauts-de-france/nord-59/lille-59000/264YLFVWWUBI,,2026-08-12,Lille / Non localisé,T2,,0,555893.0,0,555129.0,0,557232.0,0,556664.0,0,555119.0,0,554300.0,0,557746.0,0,,0,,0,556079.0,0,554810.0,0,554592.0,0,,0,556516.0,0,556971.0,0,557075.0,0,557298.0,0,558132.0,0,554634.0,0
1517,SeLoger,1054.0,51.0,20.67,Appartement,"3 pièce - 2 chambre - s, s, 51 m²",59000,Lille,50.638699569488416,3.059236152797823,https://www.seloger.com/annonces/locations/appartement/lille-59/vieux-lille/273078169.htm,,2026-08-12,Vieux-Lille,T3,,0,554728.0,0,553966.0,0,556067.0,0,555500.0,0,553956.0,0,553137.0,0,556581.0,0,,0,,0,554915.0,0,553646.0,0,553429.0,0,,0,555350.0,0,555809.0,0,555912.0,0,556133.0,0,556968.0,0,553471.0,0
1518,SeLoger,1595.0,112.4,14.19,Colocation,"5 pièce - 4 chambre - Colocation s, s, 112,4 m², RDC/3",59000,Lille,50.612116703993586,3.0287782505998964,https://www.seloger.com/annonce/location/hauts-de-france/nord-59/lille-59000/26EPD1XEFJMW,,2026-08-12,Lille / Non localisé,Grand (T4+),,0,552398.0,0,551643.0,0,553732.0,0,553166.0,0,551633.0,0,550818.0,0,554248.0,0,,0,,0,552583.0,0,551325.0,0,551110.0,0,,0,553014.0,0,553493.0,0,553588.0,0,553798.0,0,554643.0,0,551151.0,0
1519,SeLoger,645.0,14.0,46.07,Colocation,"1 pièce - 1 chambre - Colocation - , , 14 m², étage",59000,Lille,50.63290481007466,3.0524815290367835,https://www.seloger.com/annonce/location/hauts-de-france/nord-59/lille-59000/26XVX32W5C7N,,2026-08-12,Lille / Non localisé,Studio/T1,,0,554221.0,0,553460.0,0,555558.0,0,554992.0,0,553450.0,0,552632.0,0,556073.0,0,,0,,0,554407.0,0,553141.0,0,552924.0,0,,0,554842.0,0,555305.0,0,555406.0,0,555624.0,0,556462.0,0,552966.0,0
1520,SeLoger,440.0,11.0,40.0,Colocation,"1 pièce - 1 chambre - Colocation , , 11 m², RDC/2",59000,Lille,50.626606423110026,3.0958573454889344,https://www.seloger.com/wl-cdp/26RKD3Z5TZ7F,,2026-08-12,Lille / Non localisé,Studio/T1,,0,552796.0,0,552027.0,0,554137.0,0,553569.0,0,552017.0,0,551195.0,0,554651.0,0,,0,,0,552983.0,0,551707.0,0,551488.0,0,,0,553422.0,0,553865.0,0,553974.0,0,554203.0,0,555031.0,0,551531.0,0
1521,SeLoger,941.0,62.1,15.15,Appartement,"3 pièce - 2 chambre - s, s, 62,1 m², étage",59000,Lille,50.64114244744812,3.0443886375069673,https://www.seloger.com/annonce/location/hauts-de-france/nord-59/lille-59000/26DIKYFVYLQU,,2026-08-12,Lille / Non localisé,T3,,0,555249.0,0,554490.0,0,556586.0,0,556020.0,0,554480.0,0,553662.0,0,557101.0,0,,0,,0,555436.0,0,554171.0,0,553954.0,0,,0,555870.0,0,556335.0,0,556435.0,0,556652.0,0,557491.0,0,553996.0,0
1522,SeLoger,1700.0,43.0,39.53,Appartement,"2 pièce - 1 chambre - s, , 43 m², étage",59000,Lille,50.62829655323253,3.0847236706722287,https://www.seloger.com/annonce/location/hauts-de-france/nord-59/lille-59000/26J3M2IIUG4P,,2026-08-12,Lille / Non localisé,T2,,0,553168.0,0,552401.0,0,554508.0,0,553941.0,0,552391.0,0,551570.0,0,555022.0,0,,0,,0,553355.0,0,552081.0,0,551863.0,0,,0,553793.0,0,554241.0,0,554348.0,0,554574.0,0,555405.0,0,551905.0,0
1523,SeLoger,790.0,46.9,16.84,Appartement,"1 pièce - 46,9 m², RDC/2",59000,Lille,50.6236075412732,3.0311530635937207,https://www.seloger.com/annonces/locations/appartement/lille-59/bois-blanc/268456053.htm,,2026-08-12,Bois Blancs,Studio/T1,,0,553593.0,0,552837.0,0,554928.0,0,554361.0,0,552827.0,0,552011.0,0,555444.0,0,,0,,0,553779.0,0,552518.0,0,552303.0,0,,0,554210.0,0,554686.0,0,554782.0,0,554994.0,0,555837.0,0,552344.0,0
1524,SeLoger,749.0,48.8,15.35,Appartement,"2 pièce - 1 chambre - s, , 48,8 m², étage",59000,Lille,45.78666887995913,4.809897438083251,https://www.seloger.com/annonces/locations/appartement/lille-59/lille-sud/273463111.htm,,2026-08-12,Lille-Sud,T2,,0,283.0,1,753.0,0,1337.0,0,739.0,0,661.0,0,238.0,2,1749.0,0,,0,,0,126.0,1,1214.0,0,544.0,0,,0,705.0,0,3331.0,0,1366.0,0,1380.0,0,2514.0,0,788.0,0
1525,SeLoger,1065.0,39.0,27.31,Appartement,"2 pièce - 1 chambre - s, , 39 m²",59000,Lille,50.631407100524115,3.1005837496711557,https://www.seloger.com/annonces/locations/appartement/lille-59/hellemmes-epine-mont-de-terre/274086465.htm,,2026-08-12,Hellemmes,T2,,0,553234.0,0,552463.0,0,554576.0,0,554008.0,0,552453.0,0,551631.0,0,555089.0,0,,0,,0,553421.0,0,552143.0,0,551924.0,0,,0,553861.0,0,554300.0,0,554411.0,0,554642.0,0,555468.0,0,551967.0,0
1526,SeLoger,700.0,20.7,33.82,Appartement,"1 pièce - 20,7 m², Étage 2/3",59000,Lille,50.64050439255115,3.0696372827539244,https://www.seloger.com/annonces/locations/appartement/lille-59/centre/265387269.htm,,2026-08-12,Lille-Centre,Studio/T1,,0,554743.0,0,553979.0,0,556083.0,0,555516.0,0,553969.0,0,553149.0,0,556597.0,0,,0,,0,554930.0,0,553659.0,0,553442.0,0,,0,555367.0,0,555820.0,0,555925.0,0,556149.0,0,556982.0,0,553484.0,0
1527,SeLoger,750.0,46.0,16.3,Colocation,"2 pièce - 1 chambre - Colocation s, , 46 m², Étage - 1/8",59000,Lille,50.635443498884996,3.0244772051757884,https://www.seloger.com/annonces/locations/appartement/lille-59/lille-sud/26S43R5SGAYK.htm,,2026-08-12,Lille / Non localisé,T2,,0,554985.0,0,554229.0,0,556320.0,0,555753.0,0,554220.0,0,553404.0,0,556835.0,0,,0,,0,555171.0,0,553911.0,0,553696.0,0,,0,555602.0,0,556078.0,0,556174.0,0,556386.0,0,557229.0,0,553737.0,0
1528,SeLoger,650.0,33.0,19.7,Appartement,"1 pièce - 33 m², dès le 31/10/2026",59000,Lille,50.623555120816015,3.0720401135492663,https://www.seloger.com/annonces/locations/appartement/lille-59/273834773.htm,,2026-08-12,Lille / Non localisé,Studio/T1,,0,552874.0,0,552110.0,0,554213.0,0,553646.0,0,552101.0,0,551281.0,0,554728.0,0,,0,,0,553061.0,0,551791.0,0,551574.0,0,,0,553498.0,0,553952.0,0,554057.0,0,554279.0,0,555113.0,0,551616.0,0
1529,SeLoger,920.0,65.0,14.15,Appartement,"2 pièce - 1 chambre - s, , 65 m², Étage 2/2",59000,Lille,50.60162882332657,3.049334442553267,https://www.seloger.com/annonces/locations/appartement/lille-59/wazemmes/26E58EEIS3VN.htm,,2026-08-12,Lille / Non localisé,T2,,0,550906.0,0,550149.0,0,552242.0,0,551676.0,0,550139.0,0,549322.0,0,552758.0,0,,0,,0,551092.0,0,549830.0,0,549614.0,0,,0,551525.0,0,551996.0,0,552094.0,0,552308.0,0,553149.0,0,549656.0,0
1530,SeLoger,500.0,30.0,16.67,Appartement,"2 pièce - 1 chambre - s, , 30 m², étage",59000,Lille,50.61484971828037,3.0714471001801655,https://www.seloger.com/annonce/location/hauts-de-france/nord-59/lille-59000/26M4W43YTE73,,2026-08-12,Lille / Non localisé,T2,,0,551946.0,0,551183.0,0,553285.0,0,552718.0,0,551173.0,0,550354.0,0,553799.0,0,,0,,0,552133.0,0,550864.0,0,550646.0,0,,0,552569.0,0,553026.0,0,553129.0,0,553351.0,0,554185.0,0,550688.0,0
1531,SeLoger,650.0,30.0,21.67,Appartement,"1 pièce - 30 m², étage",59000,Lille,50.62022977927525,3.077275357953259,https://www.seloger.com/annonce/location/hauts-de-france/nord-59/lille-59000/26HPX4ETK8EY,,2026-08-12,Lille / Non localisé,Studio/T1,,0,552426.0,0,551661.0,0,553765.0,0,553198.0,0,551651.0,0,550831.0,0,554279.0,0,,0,,0,552612.0,0,551341.0,0,551124.0,0,,0,553049.0,0,553502.0,0,553607.0,0,553831.0,0,554664.0,0,551166.0,0
1532,SeLoger,545.0,29.0,18.79,Appartement,"2 pièce - 1 chambre - s, , 29 m², dès le 22/08/2026",59000,Lille,50.62243756282565,3.028042765797348,https://www.seloger.com/annonce/location/hauts-de-france/nord-59/lille-59000/26FVEKR7QIKE,,2026-08-12,Lille / Non localisé,T2,,0,553522.0,0,552766.0,0,554856.0,0,554290.0,0,552757.0,0,551941.0,0,555372.0,0,,0,,0,553708.0,0,552448.0,0,552233.0,0,,0,554139.0,0,554616.0,0,554711.0,0,554922.0,0,555766.0,0,552274.0,0
1533,SeLoger,631.0,23.0,27.43,Appartement,"1 pièce - 1 chambre - 23 m², étage",59000,Lille,50.61024257694695,3.0681320840082558,https://www.seloger.com/annonce/location/hauts-de-france/nord-59/lille-59000/269P6QP11VKX,,2026-08-12,Lille / Non localisé,Studio/T1,,0,551507.0,0,550745.0,0,552845.0,0,552278.0,0,550735.0,0,549916.0,0,553360.0,0,,0,,0,551693.0,0,550425.0,0,550209.0,0,,0,552129.0,0,552588.0,0,552691.0,0,552911.0,0,553747.0,0,550250.0,0
1534,SeLoger,630.0,20.8,30.29,Colocation,"2 pièce - 1 chambre - Colocation s, , 20,8 m², RDC",59000,Lille,50.61763075091679,3.0886391819476087,https://www.seloger.com/annonces/locations/appartement/lille-59/269701673.htm,,2026-08-12,Lille / Non localisé,T2,,0,551950.0,0,551184.0,0,553291.0,0,552723.0,0,551174.0,0,550353.0,0,553805.0,0,,0,,0,552137.0,0,550864.0,0,550646.0,0,,0,552576.0,0,553023.0,0,553131.0,0,553357.0,0,554187.0,0,550688.0,0
1535,SeLoger,1995.0,104.7,19.05,Maison,"5 pièce - 3 chambre - Maison s, s, 104,7 m²",59000,Lille,50.64625620248191,3.0570735495479058,https://www.seloger.com/annonces/locations/maison/lille-59/vieux-lille/269948131.htm,,2026-08-12,Vieux-Lille,Grand (T4+),,0,555580.0,0,554817.0,0,556919.0,0,556352.0,0,554808.0,0,553989.0,0,557433.0,0,,0,,0,555767.0,0,554498.0,0,554281.0,0,,0,556203.0,0,556660.0,0,556764.0,0,556985.0,0,557820.0,0,554323.0,0
1536,SeLoger,500.0,23.0,21.74,Colocation,"1 pièce - 3 chambre - Colocation - , s, 23 m², RDC",59000,Lille,50.61986287571603,3.0688034569032716,https://www.seloger.com/annonce/location/hauts-de-france/nord-59/lille-59000/2647YJ35G9DN,,2026-08-12,Lille / Non localisé,Studio/T1,,0,552532.0,0,551769.0,0,553871.0,0,553304.0,0,551759.0,0,550940.0,0,554385.0,0,,0,,0,552719.0,0,551450.0,0,551233.0,0,,0,553155.0,0,553612.0,0,553715.0,0,553937.0,0,554772.0,0,551275.0,0
1537,SeLoger,665.0,16.5,40.3,Colocation,"1 pièce - 11 chambre - Colocation , s, 16,5 m², RDC",59000,Lille,50.645270052550416,3.064527102806163,https://www.seloger.com/annonces/locations/appartement/lille-59/centre/273184859.htm,,2026-08-12,Lille-Centre,Studio/T1,,0,555345.0,0,554581.0,0,556684.0,0,556117.0,0,554571.0,0,553752.0,0,557199.0,0,,0,,0,555532.0,0,554262.0,0,554044.0,0,,0,555969.0,0,556423.0,0,556527.0,0,556750.0,0,557584.0,0,554086.0,0
1538,SeLoger,1283.0,72.7,17.65,Appartement,"3 pièce - 2 chambre - s, s, 72,7 m², RDC",59000,Lille,50.62061581438859,3.0651019308455587,https://www.seloger.com/annonces/locations/appartement/lille-59/centre/268349211.htm,,2026-08-12,Lille-Centre,T3,,0,552677.0,0,551915.0,0,554016.0,0,553449.0,0,551905.0,0,551086.0,0,554530.0,0,,0,,0,552864.0,0,551596.0,0,551379.0,0,,0,553299.0,0,553758.0,0,553861.0,0,554082.0,0,554917.0,0,551421.0,0
1539,SeLoger,728.0,40.9,17.8,Appartement,"2 pièce - 1 chambre - s, , 40,9 m², Étage 3/3",59000,Lille,50.61715740089118,3.0440592002503797,https://www.seloger.com/annonces/locations/appartement/lille-59/wazemmes/273858321.htm,,2026-08-12,Wazemmes,T2,,0,552671.0,0,551913.0,0,554007.0,0,553441.0,0,551904.0,0,551087.0,0,554523.0,0,,0,,0,552857.0,0,551595.0,0,551379.0,0,,0,553290.0,0,553760.0,0,553859.0,0,554073.0,0,554914.0,0,551420.0,0
1540,SeLoger,750.0,37.0,20.27,Appartement,"2 pièce - 1 chambre - s, , 37 m², RDC/3",59000,Lille,50.63404750045589,3.080811481203965,https://www.seloger.com/annonces/locations/appartement/lille-59/wazemmes/26932I2LC7UW.htm,,2026-08-12,Lille / Non localisé,T2,,0,553855.0,0,553089.0,0,555196.0,0,554628.0,0,553079.0,0,552258.0,0,555709.0,0,,0,,0,554042.0,0,552769.0,0,552551.0,0,,0,554480.0,0,554929.0,0,555036.0,0,555261.0,0,556092.0,0,552593.0,0
1541,SeLoger,715.0,15.0,47.67,Colocation,"1 pièce - Colocation , 15 m², dès le 02/12/2026",59000,Lille,50.62148243054284,3.031535469492821,https://www.seloger.com/wl-cdp/26NBDJTIKR5U,,2026-08-12,Lille / Non localisé,Studio/T1,,0,553357.0,0,552601.0,0,554692.0,0,554126.0,0,552592.0,0,551776.0,0,555208.0,0,,0,,0,553543.0,0,552283.0,0,552068.0,0,,0,553975.0,0,554450.0,0,554546.0,0,554758.0,0,555602.0,0,552109.0,0
1542,SeLoger,493.0,13.0,37.92,Colocation,"1 pièce - Colocation , 13 m²",59000,Lille,50.624308799830914,3.0769461780585114,https://www.seloger.com/annonce/location/hauts-de-france/nord-59/lille-59000/262ECL4NZRA2,,2026-08-12,Lille / Non localisé,Studio/T1,,0,552871.0,0,552106.0,0,554211.0,0,553643.0,0,552096.0,0,551276.0,0,554725.0,0,,0,,0,553058.0,0,551787.0,0,551569.0,0,,0,553495.0,0,553947.0,0,554053.0,0,554277.0,0,555109.0,0,551611.0,0
1543,SeLoger,1004.0,67.0,14.99,Appartement,"3 pièce - 2 chambre - Duplex - s, s, 67 m², RDC",59000,Lille,50.63165894390794,3.049958128127288,https://www.seloger.com/annonces/locations/appartement/lille-59/255547663.htm,,2026-08-12,Lille / Non localisé,T3,,0,554131.0,0,553370.0,0,555468.0,0,554901.0,0,553360.0,0,552543.0,0,555983.0,0,,0,,0,554317.0,0,553051.0,0,552835.0,0,,0,554751.0,0,555215.0,0,555316.0,0,555534.0,0,556372.0,0,552877.0,0
1544,SeLoger,530.0,13.0,40.77,Appartement,"1 pièce - 13 m², Étage 3/3",59000,Lille,50.60946011816637,3.058167360702179,https://www.seloger.com/annonce/location/hauts-de-france/nord-59/lille-59000/26VF7NFK5M7D,,2026-08-12,Lille / Non localisé,Studio/T1,,0,551596.0,0,550835.0,0,552933.0,0,552366.0,0,550826.0,0,550008.0,0,553448.0,0,,0,,0,551782.0,0,550516.0,0,550300.0,0,,0,552216.0,0,552681.0,0,552781.0,0,552999.0,0,553837.0,0,550342.0,0
1545,SeLoger,900.0,35.0,25.71,Appartement,"1 pièce - 35 m², Étage 2/2",59000,Lille,50.635896307095784,3.076792682616887,https://www.seloger.com/annonces/locations/appartement/lille-59/centre/275049121.htm,,2026-08-12,Lille-Centre,Studio/T1,,0,554124.0,0,553358.0,0,555464.0,0,554896.0,0,553348.0,0,552527.0,0,555978.0,0,,0,,0,554310.0,0,553038.0,0,552820.0,0,,0,554748.0,0,555198.0,0,555304.0,0,555529.0,0,556361.0,0,552862.0,0
1546,SeLoger,720.0,46.4,15.52,Appartement,"2 pièce - s, 46,4 m², RDC/1, dès le 17/08/2026",59000,Lille,50.63810094892543,3.0430573548547923,https://www.seloger.com/annonce/location/hauts-de-france/nord-59/lille-59000/26C5T9EVS6PE,,2026-08-12,Lille / Non localisé,T2,,0,554945.0,0,554186.0,0,556282.0,0,555715.0,0,554176.0,0,553358.0,0,556797.0,0,,0,,0,555131.0,0,553867.0,0,553650.0,0,,0,555565.0,0,556031.0,0,556131.0,0,556348.0,0,557187.0,0,553692.0,0
1547,SeLoger,849.0,50.1,16.95,Appartement,"2 pièce - 1 chambre - s, , 50,1 m², Étage 2/6",59000,Lille,50.61604111306193,3.0745685146255117,https://www.seloger.com/annonce/location/hauts-de-france/nord-59/lille-59000/268KV3FTFVFN,,2026-08-12,Lille / Non localisé,T2,,0,552021.0,0,551257.0,0,553360.0,0,552792.0,0,551247.0,0,550427.0,0,553874.0,0,,0,,0,552207.0,0,550937.0,0,550720.0,0,,0,552644.0,0,553099.0,0,553203.0,0,553426.0,0,554259.0,0,550762.0,0
1548,SeLoger,850.0,49.6,17.14,Appartement,"2 pièce - 1 chambre - s, , 49,6 m², étage",59000,Lille,50.61475740065436,3.0493781830611013,https://www.seloger.com/annonces/locations/appartement/lille-59/wazemmes/274666773.htm,,2026-08-12,Wazemmes,T2,,0,552320.0,0,551561.0,0,553656.0,0,553090.0,0,551551.0,0,550734.0,0,554171.0,0,,0,,0,552506.0,0,551242.0,0,551026.0,0,,0,552939.0,0,553407.0,0,553506.0,0,553722.0,0,554562.0,0,551068.0,0
1549,SeLoger,1035.0,77.0,13.44,Appartement,"3 pièce - 2 chambre - s, s, 77 m², Étage 11/12",59000,Lille,50.61968770063203,3.046216071174194,https://www.seloger.com/annonces/locations/appartement/lille-59/vauban-esquermes/269554215.htm,,2026-08-12,Vauban-Esquermes,T3,,0,552906.0,0,552148.0,0,554242.0,0,553676.0,0,552138.0,0,551321.0,0,554758.0,0,,0,,0,553092.0,0,551829.0,0,551613.0,0,,0,553525.0,0,553994.0,0,554093.0,0,554308.0,0,555149.0,0,551654.0,0
1550,SeLoger,660.0,26.0,25.38,Studio,"1 pièce - Studio , 26 m²",59000,Lille,50.62194310811903,3.031912783196924,https://www.seloger.com/annonces/locations/appartement/lille-59/vauban-esquermes/273903393.htm,,2026-08-12,Vauban-Esquermes,Studio/T1,,0,553400.0,0,552644.0,0,554735.0,0,554169.0,0,552635.0,0,551818.0,0,555251.0,0,,0,,0,553586.0,0,552326.0,0,552110.0,0,,0,554018.0,0,554493.0,0,554589.0,0,554801.0,0,555644.0,0,552152.0,0
1551,SeLoger,389.0,16.5,23.58,Appartement,"1 pièce - 16,5 m², RDC/1, dès le 27/08/2026",59000,Lille,50.630299588779614,3.0397330694415174,https://www.seloger.com/annonce/location/hauts-de-france/nord-59/lille-59000/24WYWE5PDPW7,,2026-08-12,Lille / Non localisé,Studio/T1,,0,554163.0,0,553405.0,0,555499.0,0,554932.0,0,553395.0,0,552578.0,0,556014.0,0,,0,,0,554349.0,0,553086.0,0,552870.0,0,,0,554782.0,0,555251.0,0,555350.0,0,555565.0,0,556406.0,0,552911.0,0
1552,SeLoger,846.0,59.1,14.31,Appartement,"2 pièce - 1 chambre - s, , 59,1 m², Étage 4/4",59000,Lille,50.61253332519418,3.060082131005698,https://www.seloger.com/annonces/locations/appartement/lille-59/271419099.htm,,2026-08-12,Lille / Non localisé,T2,,0,551893.0,0,551133.0,0,553231.0,0,552664.0,0,551123.0,0,550305.0,0,553746.0,0,,0,,0,552080.0,0,550814.0,0,550597.0,0,,0,552514.0,0,552977.0,0,553078.0,0,553297.0,0,554134.0,0,550639.0,0
1553,SeLoger,630.0,18.1,34.81,Appartement,"1 pièce - 18,1 m², RDC/3",59000,Lille,50.62553234697909,3.085072727193885,https://www.seloger.com/annonces/locations/appartement/lille-59/centre/274020907.htm,,2026-08-12,Lille-Centre,Studio/T1,,0,552864.0,0,552097.0,0,554204.0,0,553637.0,0,552087.0,0,551266.0,0,554718.0,0,,0,,0,553051.0,0,551777.0,0,551559.0,0,,0,553489.0,0,553937.0,0,554044.0,0,554270.0,0,555101.0,0,551602.0,0
1554,SeLoger,781.0,37.3,20.94,Appartement,"2 pièce - 1 chambre - s, , 37,3 m², étage",59000,Lille,50.63336242841365,2.993544957155253,https://www.seloger.com/annonces/locations/appartement/lille-59/mont-a-camp-marais/272906933.htm,,2026-08-12,Lomme,T2,,0,555311.0,0,554562.0,0,556643.0,0,556077.0,0,554552.0,0,553739.0,0,557160.0,0,,0,,0,555496.0,0,554244.0,0,554030.0,0,,0,555924.0,0,556416.0,0,556505.0,0,556709.0,0,557560.0,0,554071.0,0
1555,SeLoger,550.0,18.0,30.56,Appartement,"1 pièce - 18 m², Étage 4/4, disponible dès maintenant",59000,Lille,50.62965524514105,3.0246552091358208,https://www.seloger.com/annonces/locations/appartement/lille-59/vauban-esquermes/26N1TXNFSBGA.htm,,2026-08-12,Lille / Non localisé,Studio/T1,,0,554358.0,0,553603.0,0,555693.0,0,555127.0,0,553594.0,0,552778.0,0,556209.0,0,,0,,0,554544.0,0,553285.0,0,553070.0,0,,0,554975.0,0,555453.0,0,555548.0,0,555759.0,0,556603.0,0,553111.0,0
1556,SeLoger,1500.0,68.0,22.06,Colocation,"3 pièce - 2 chambre - Colocation s, s, 68 m², Étage 2/5",59000,Lille,50.61385494733521,3.039113791359858,https://www.seloger.com/annonces/locations/appartement/lille-59/vieux-lille/26PDC1WUQ8VA.htm,,2026-08-12,Lille / Non localisé,T3,,0,552402.0,0,551646.0,0,553738.0,0,553172.0,0,551636.0,0,550820.0,0,554253.0,0,,0,,0,552588.0,0,551327.0,0,551112.0,0,,0,553021.0,0,553494.0,0,553591.0,0,553804.0,0,554646.0,0,551153.0,0
1557,SeLoger,602.0,33.0,18.24,Appartement,"1 pièce - 33 m², RDC, dès le 28/08/2026",59000,Lille,50.60645723809605,3.057284985550992,https://www.seloger.com/annonce/location/hauts-de-france/nord-59/lille-59000/26PA2DLZLXAE,,2026-08-12,Lille / Non localisé,Studio/T1,,0,551287.0,0,550528.0,0,552624.0,0,552058.0,0,550518.0,0,549700.0,0,553139.0,0,,0,,0,551474.0,0,550209.0,0,549993.0,0,,0,551908.0,0,552373.0,0,552473.0,0,552690.0,0,553529.0,0,550034.0,0
1558,SeLoger,470.0,19.3,24.35,Appartement,"1 pièce - 1 chambre - Duplex , , 19,3 m², dès le 16/08/2026",59000,Lille,50.64598189250353,3.0421374578551257,https://www.seloger.com/annonces/locations/appartement/lille-59/275237507.htm,,2026-08-12,Lille / Non localisé,Studio/T1,,0,555810.0,0,555050.0,0,557147.0,0,556580.0,0,555040.0,0,554223.0,0,557662.0,0,,0,,0,555996.0,0,554731.0,0,554515.0,0,,0,556430.0,0,556896.0,0,556996.0,0,557213.0,0,558052.0,0,554557.0,0
1559,SeLoger,1179.0,100.4,11.74,Appartement,"3 pièce - 2 chambre - s, s, 100,4 m², RDC",59000,Lille,50.63675985538429,3.035049445441477,https://www.seloger.com/annonces/locations/appartement/lille-59/vauban-esquermes/274029365.htm,,2026-08-12,Vauban-Esquermes,T3,,0,554941.0,0,554183.0,0,556276.0,0,555710.0,0,554173.0,0,553356.0,0,556792.0,0,,0,,0,555127.0,0,553864.0,0,553648.0,0,,0,555559.0,0,556030.0,0,556128.0,0,556343.0,0,557184.0,0,553690.0,0
1560,SeLoger,850.0,32.0,26.56,Appartement,"1 pièce - 32 m², 2 étages",59000,Lille,50.610439251404394,3.0746445583972015,https://www.seloger.com/annonce/location/hauts-de-france/nord-59/lille-59000/26SXWWSYY14P,,2026-08-12,Lille / Non localisé,Studio/T1,,0,551415.0,0,550652.0,0,552754.0,0,552187.0,0,550642.0,0,549823.0,0,553269.0,0,,0,,0,551602.0,0,550333.0,0,550115.0,0,,0,552038.0,0,552494.0,0,552598.0,0,552820.0,0,553654.0,0,550157.0,0
1561,SeLoger,1060.0,54.0,19.63,Colocation,"3 pièce - 2 chambre - Colocation s, s, 54 m², Étage 1/3",59000,Lille,50.62548808158516,3.047976389649531,https://www.seloger.com/annonce/location/hauts-de-france/nord-59/lille-59000/26ZPAK5R6AA5,,2026-08-12,Lille / Non localisé,T3,,0,553500.0,0,552741.0,0,554837.0,0,554270.0,0,552731.0,0,551913.0,0,555352.0,0,,0,,0,553686.0,0,552422.0,0,552206.0,0,,0,554120.0,0,554587.0,0,554686.0,0,554903.0,0,555742.0,0,552247.0,0
1562,SeLoger,1300.0,88.0,14.77,Appartement,"3 pièce - 2 chambre - s, s, 88 m², Étage 2/5",59000,Lille,50.640608077278436,3.0435496934166437,https://www.seloger.com/annonces/locations/appartement/lille-59/vauban-esquermes/259512491.htm,,2026-08-12,Vauban-Esquermes,T3,,0,555206.0,0,554447.0,0,556543.0,0,555977.0,0,554437.0,0,553619.0,0,557058.0,0,,0,,0,555393.0,0,554128.0,0,553912.0,0,,0,555827.0,0,556292.0,0,556392.0,0,556609.0,0,557448.0,0,553953.0,0
1563,SeLoger,3420.0,138.0,24.78,Maison,"7 pièce - 6 chambre - Maison s, s, 138 m², disponible dès maintenant",59000,Lille,50.62340778960429,3.0327462134504777,https://www.seloger.com/annonce/location/hauts-de-france/nord-59/lille-59000/26P3Y1G7R9JA,,2026-08-12,Lille / Non localisé,Grand (T4+),,0,553543.0,0,552787.0,0,554878.0,0,554312.0,0,552777.0,0,551961.0,0,555394.0,0,,0,,0,553729.0,0,552468.0,0,552253.0,0,,0,554161.0,0,554635.0,0,554732.0,0,554944.0,0,555787.0,0,552294.0,0
1564,SeLoger,490.0,23.0,21.3,Appartement,"1 pièce - 23 m², étage",59000,Lille,50.63737903397168,3.0865512012539487,https://www.seloger.com/annonce/location/hauts-de-france/nord-59/lille-59000/26E94LQ2KH84,,2026-08-12,Lille / Non localisé,Studio/T1,,0,554117.0,0,553349.0,0,555458.0,0,554890.0,0,553339.0,0,552518.0,0,555971.0,0,,0,,0,554304.0,0,553029.0,0,552811.0,0,,0,554743.0,0,555187.0,0,555296.0,0,555524.0,0,556353.0,0,552853.0,0
1565,SeLoger,1600.0,130.9,12.22,Appartement,"4 pièce - 3 chambre - s, s, 130,9 m², Étage 3/4",59000,Lille,50.63410705706442,3.053077616890214,https://www.seloger.com/annonce/location/hauts-de-france/nord-59/lille-59000/267BIV79UJXI,,2026-08-12,Lille / Non localisé,Grand (T4+),,0,554340.0,0,553579.0,0,555678.0,0,555111.0,0,553569.0,0,552751.0,0,556193.0,0,,0,,0,554526.0,0,553260.0,0,553043.0,0,,0,554961.0,0,555423.0,0,555525.0,0,555744.0,0,556581.0,0,553085.0,0
1566,SeLoger,691.0,41.4,16.69,Appartement,"2 pièce - 1 chambre - s, , 41,4 m², étage",59000,Lille,50.63904310143356,3.0867574891687326,https://www.seloger.com/annonce/location/hauts-de-france/nord-59/lille-59000/26K7KDRRZZIN,,2026-08-12,Lille / Non localisé,T2,,0,554293.0,0,553525.0,0,555634.0,0,555066.0,0,553515.0,0,552693.0,0,556147.0,0,,0,,0,554480.0,0,553205.0,0,552986.0,0,,0,554919.0,0,555363.0,0,555472.0,0,555700.0,0,556529.0,0,553029.0,0
1567,SeLoger,900.0,52.9,17.01,Appartement,"2 pièce - 1 chambre - s, , 52,9 m², Étage 2/2",59000,Lille,50.62222356387981,3.0326059208788525,https://www.seloger.com/annonce/location/hauts-de-france/nord-59/lille-59000/26LEKGJ2U4P1,,2026-08-12,Lille / Non localisé,T2,,0,553418.0,0,552662.0,0,554753.0,0,554187.0,0,552652.0,0,551836.0,0,555269.0,0,,0,,0,553604.0,0,552344.0,0,552128.0,0,,0,554036.0,0,554511.0,0,554607.0,0,554819.0,0,555662.0,0,552170.0,0
1568,SeLoger,600.0,12.0,50.0,Colocation,"1 pièce - 2 chambre - Colocation , s, 12 m², RDC",59000,Lille,50.60245893004945,3.048069825372923,https://www.seloger.com/annonce/location/hauts-de-france/nord-59/lille-59000/26UVDZP58H1J,,2026-08-12,Lille / Non localisé,Studio/T1,,0,551018.0,0,550260.0,0,552354.0,0,551787.0,0,550251.0,0,549434.0,0,552869.0,0,,0,,0,551204.0,0,549942.0,0,549726.0,0,,0,551637.0,0,552108.0,0,552205.0,0,552420.0,0,553261.0,0,549767.0,0
1569,SeLoger,770.0,34.0,22.65,Appartement,"2 pièce - 1 chambre - s, , 34 m², RDC",59000,Lille,50.639509753105045,3.04527276366799,https://www.seloger.com/annonces/locations/appartement/lille-59/vauban-esquermes/274762535.htm,,2026-08-12,Vauban-Esquermes,T2,,0,555058.0,0,554298.0,0,556395.0,0,555828.0,0,554288.0,0,553470.0,0,556910.0,0,,0,,0,555244.0,0,553979.0,0,553763.0,0,,0,555678.0,0,556143.0,0,556244.0,0,556461.0,0,557300.0,0,553804.0,0
1570,SeLoger,1896.0,79.0,24.0,Appartement,"3 pièce - 2 chambre - s, s, 79 m², étage",59000,Lille,50.60342516136539,3.052663987797707,https://www.seloger.com/annonces/locations/appartement/lille-59/271417977.htm,,2026-08-12,Lille / Non localisé,T3,,0,551041.0,0,550283.0,0,552378.0,0,551811.0,0,550273.0,0,549456.0,0,552893.0,0,,0,,0,551228.0,0,549964.0,0,549748.0,0,,0,551661.0,0,552129.0,0,552228.0,0,552444.0,0,553284.0,0,549790.0,0
1571,SeLoger,3300.0,218.7,15.09,Appartement,"5 pièce - 3 chambre - s, s, 218,7 m², Étage 1/3",59000,Lille,50.63897901664006,3.056378048692859,https://www.seloger.com/annonces/locations/appartement/lille-59/vieux-lille/269948115.htm,,2026-08-12,Vieux-Lille,Grand (T4+),,0,554808.0,0,554046.0,0,556146.0,0,555579.0,0,554036.0,0,553217.0,0,556661.0,0,,0,,0,554994.0,0,553727.0,0,553510.0,0,,0,555430.0,0,555889.0,0,555992.0,0,556212.0,0,557048.0,0,553552.0,0
1572,SeLoger,1200.0,66.0,18.18,Appartement,"3 pièce - 2 chambre - s, s, 66 m², Étage 4/4",59000,Lille,50.63331287213751,3.0837285042348803,https://www.seloger.com/annonces/locations/appartement/lille-59/centre/262271KBP12A.htm,,2026-08-12,Lille / Non localisé,T3,,0,553726.0,0,552959.0,0,555067.0,0,554499.0,0,552949.0,0,552128.0,0,555581.0,0,,0,,0,553913.0,0,552639.0,0,552421.0,0,,0,554351.0,0,554798.0,0,554906.0,0,555133.0,0,555963.0,0,552463.0,0
1573,SeLoger,790.0,40.4,19.55,Appartement,"2 pièce - 1 chambre - s, , 40,4 m²",59000,Lille,50.62579851184461,3.075910583665858,https://www.seloger.com/annonces/locations/appartement/lille-59/centre/272294953.htm,,2026-08-12,Lille-Centre,T2,,0,553050.0,0,552285.0,0,554389.0,0,553822.0,0,552275.0,0,551455.0,0,554903.0,0,,0,,0,553236.0,0,551965.0,0,551748.0,0,,0,553673.0,0,554126.0,0,554231.0,0,554455.0,0,555288.0,0,551790.0,0
1574,SeLoger,3036.0,184.9,16.42,Appartement,"4 pièce - 3 chambre - s, s, 184,9 m², Étage 5/5",59000,Lille,50.64029267597964,3.0624145968795915,https://www.seloger.com/annonces/locations/appartement/lille-59/265928253.htm,,2026-08-12,Lille / Non localisé,Grand (T4+),,0,554845.0,0,554082.0,0,556184.0,0,555617.0,0,554072.0,0,553253.0,0,556698.0,0,,0,,0,555032.0,0,553762.0,0,553545.0,0,,0,555468.0,0,555924.0,0,556028.0,0,556250.0,0,557084.0,0,553587.0,0
1575,SeLoger,1000.0,62.5,16.0,Colocation,"4 pièce - 3 chambre - Colocation s, s, 62,5 m², Étage 2/2",59000,Lille,50.62030861113361,3.0384759139509816,https://www.seloger.com/annonces/locations/appartement/lille-59/270836511.htm,,2026-08-12,Lille / Non localisé,Grand (T4+),,0,553109.0,0,552352.0,0,554444.0,0,553878.0,0,552342.0,0,551525.0,0,554960.0,0,,0,,0,553295.0,0,552033.0,0,551817.0,0,,0,553727.0,0,554199.0,0,554297.0,0,554510.0,0,555352.0,0,551859.0,0
1576,SeLoger,929.0,48.0,19.35,Appartement,"2 pièce - 1 chambre - s, , 48 m², Étage 2/4",59000,Lille,50.6274091194977,3.0761350857788385,https://www.seloger.com/annonces/locations/appartement/lille-59/centre/265061193.htm,,2026-08-12,Lille-Centre,T2,,0,553219.0,0,552454.0,0,554559.0,0,553992.0,0,552444.0,0,551625.0,0,555073.0,0,,0,,0,553406.0,0,552135.0,0,551917.0,0,,0,553843.0,0,554295.0,0,554401.0,0,554625.0,0,555458.0,0,551959.0,0
1577,SeLoger,950.0,83.0,11.45,Maison,"3 pièce - 2 chambre - Maison s, s, 83 m²",59000,Lille,50.632281947411066,3.0899636794512375,https://www.seloger.com/annonce/location/hauts-de-france/nord-59/lille-59000/26SEKFBPJIB1,,2026-08-12,Lille / Non localisé,Grand (T4+),,0,553508.0,0,552740.0,0,554850.0,0,554282.0,0,552730.0,0,551909.0,0,555363.0,0,,0,,0,553696.0,0,552420.0,0,552202.0,0,,0,554135.0,0,554579.0,0,554687.0,0,554916.0,0,555744.0,0,552244.0,0
1578,SeLoger,400.0,12.0,33.33,Colocation,"Colocation 12 m², dès le 15/08/2026",59000,Lille,50.60967414966436,3.072904368083754,https://www.seloger.com/annonce/location/hauts-de-france/nord-59/lille-59000/26KYZ5P6MZDS,,2026-08-12,Lille / Non localisé,Studio/T1,,0,551363.0,0,550600.0,0,552701.0,0,552134.0,0,550590.0,0,549771.0,0,553216.0,0,,0,,0,551549.0,0,550281.0,0,550063.0,0,,0,551985.0,0,552443.0,0,552546.0,0,552767.0,0,553602.0,0,550105.0,0
1579,SeLoger,660.0,38.5,17.14,Appartement,"1 pièce - 38,5 m², étage",59000,Lille,50.64881338324944,3.0908193341204675,https://www.seloger.com/annonce/location/hauts-de-france/nord-59/lille-59000/26JWCP5H2PUJ,,2026-08-12,Lille / Non localisé,Studio/T1,,0,555278.0,0,554508.0,0,556620.0,0,556052.0,0,554498.0,0,553676.0,0,557133.0,0,,0,,0,555465.0,0,554188.0,0,553970.0,0,,0,555905.0,0,556345.0,0,556456.0,0,556686.0,0,557513.0,0,554012.0,0
1580,SeLoger,900.0,44.0,20.45,Appartement,"2 pièce - 1 chambre - s, , 44 m², - sous - sol",59000,Lille,50.61440302711639,3.0596717022117916,https://www.seloger.com/annonce/location/hauts-de-france/nord-59/lille-59000/266AHPMYK5TR,,2026-08-12,Lille / Non localisé,T2,,0,552102.0,0,551341.0,0,553439.0,0,552873.0,0,551331.0,0,550513.0,0,553954.0,0,,0,,0,552288.0,0,551022.0,0,550806.0,0,,0,552723.0,0,553186.0,0,553287.0,0,553505.0,0,554343.0,0,550847.0,0
1581,SeLoger,1075.0,85.9,12.51,Appartement,"3 pièce - 2 chambre - s, s, 85,9 m², étage",59000,Lille,50.64476916815432,3.05545183046884,https://www.seloger.com/annonces/locations/appartement/lille-59/vieux-lille/275152273.htm,,2026-08-12,Vieux-Lille,T3,,0,555448.0,0,554686.0,0,556786.0,0,556219.0,0,554676.0,0,553857.0,0,557301.0,0,,0,,0,555635.0,0,554366.0,0,554150.0,0,,0,556070.0,0,556529.0,0,556632.0,0,556852.0,0,557688.0,0,554191.0,0
1582,SeLoger,901.0,48.3,18.65,Appartement,"2 pièce - 1 chambre - s, , 48,3 m², RDC",59000,Lille,50.622226352551415,3.066634039372468,https://www.seloger.com/annonces/locations/appartement/lille-59/centre/264020157.htm,,2026-08-12,Lille-Centre,T2,,0,552824.0,0,552062.0,0,554163.0,0,553596.0,0,552052.0,0,551233.0,0,554678.0,0,,0,,0,553011.0,0,551742.0,0,551525.0,0,,0,553447.0,0,553905.0,0,554008.0,0,554229.0,0,555064.0,0,551567.0,0
1583,SeLoger,785.0,41.2,19.05,Appartement,"2 pièce - 1 chambre - s, , 41,2 m², RDC",59000,Lille,50.638484685412486,3.039075101355577,https://www.seloger.com/annonces/locations/appartement/lille-59/vauban-esquermes/265932035.htm,,2026-08-12,Vauban-Esquermes,T2,,0,555056.0,0,554297.0,0,556392.0,0,555826.0,0,554287.0,0,553470.0,0,556908.0,0,,0,,0,555242.0,0,553978.0,0,553762.0,0,,0,555675.0,0,556144.0,0,556243.0,0,556458.0,0,557298.0,0,553804.0,0
1584,SeLoger,621.0,30.3,20.5,Appartement,"1 pièce - 30,3 m², Étage 4/4",59000,Lille,50.63367829659588,3.0452349928029996,https://www.seloger.com/annonces/locations/appartement/lille-59/wazemmes/258597835.htm,,2026-08-12,Wazemmes,Studio/T1,,0,554430.0,0,553671.0,0,555767.0,0,555201.0,0,553661.0,0,552844.0,0,556282.0,0,,0,,0,554617.0,0,553352.0,0,553136.0,0,,0,555050.0,0,555517.0,0,555616.0,0,555833.0,0,556672.0,0,553177.0,0
1585,SeLoger,550.0,30.0,18.33,Appartement,"2 pièce - 1 chambre - s, , 30 m², RDC",59000,Lille,50.60752156990766,3.055784340056483,https://www.seloger.com/annonce/location/hauts-de-france/nord-59/lille-59000/26QWJX18QWWY,,2026-08-12,Lille / Non localisé,T2,,0,551428.0,0,550669.0,0,552765.0,0,552198.0,0,550659.0,0,549841.0,0,553280.0,0,,0,,0,551614.0,0,550350.0,0,550134.0,0,,0,552048.0,0,552515.0,0,552614.0,0,552831.0,0,553670.0,0,550175.0,0
1586,SeLoger,1032.0,74.8,13.8,Appartement,"3 pièce - 2 chambre - s, s, 74,8 m², RDC/1",59000,Lille,50.63763396753675,3.0601709559513988,https://www.seloger.com/annonce/location/hauts-de-france/nord-59/lille-59000/269EDPQWUQ58,,2026-08-12,Lille / Non localisé,T3,,0,554597.0,0,553835.0,0,555936.0,0,555369.0,0,553825.0,0,553006.0,0,556450.0,0,,0,,0,554784.0,0,553515.0,0,553298.0,0,,0,555220.0,0,555677.0,0,555781.0,0,556002.0,0,556837.0,0,553340.0,0
1587,SeLoger,522.0,16.0,32.62,Appartement,"1 pièce - 16 m², Étage 2/2",59000,Lille,50.624058907005086,3.0257504976330694,https://www.seloger.com/annonce/location/hauts-de-france/nord-59/lille-59000/26LU6TDW3MGH,,2026-08-12,Lille / Non localisé,Studio/T1,,0,553737.0,0,552982.0,0,555071.0,0,554505.0,0,552972.0,0,552156.0,0,555587.0,0,,0,,0,553923.0,0,552663.0,0,552448.0,0,,0,554353.0,0,554831.0,0,554926.0,0,555137.0,0,555982.0,0,552490.0,0
1588,SeLoger,494.0,12.7,38.9,Appartement,"1 pièce - 12,7 m², 1 étages",59000,Lille,50.63110585261988,3.0803950902119186,https://www.seloger.com/annonces/locations/appartement/lille-59/caulier/265504723.htm,,2026-08-12,Fives,Studio/T1,,0,553545.0,0,552779.0,0,554885.0,0,554318.0,0,552769.0,0,551948.0,0,555399.0,0,,0,,0,553732.0,0,552459.0,0,552241.0,0,,0,554170.0,0,554619.0,0,554726.0,0,554951.0,0,555782.0,0,552283.0,0
1589,SeLoger,580.0,13.0,44.62,Colocation,"1 pièce - Colocation , 13 m², étage",59000,Lille,50.6179909570004,3.0707825686066847,https://www.seloger.com/annonces/locations/appartement/lille-59/254911167.htm,,2026-08-12,Lille / Non localisé,Studio/T1,,0,552296.0,0,551533.0,0,553635.0,0,553068.0,0,551523.0,0,550704.0,0,554149.0,0,,0,,0,552483.0,0,551214.0,0,550996.0,0,,0,552919.0,0,553375.0,0,553479.0,0,553701.0,0,554535.0,0,551038.0,0
1590,SeLoger,650.0,30.0,21.67,Colocation,"1 pièce - Colocation , 30 m², Étage 1/4, disponible dès maintenant",59000,Lille,50.61248586233523,3.0611270509558572,https://www.seloger.com/annonces/locations/appartement/lille-59/wazemmes/267MUEP68C5M.htm,,2026-08-12,Lille / Non localisé,Studio/T1,,0,551870.0,0,551109.0,0,553208.0,0,552641.0,0,551099.0,0,550281.0,0,553723.0,0,,0,,0,552056.0,0,550790.0,0,550574.0,0,,0,552491.0,0,552954.0,0,553055.0,0,553274.0,0,554111.0,0,550615.0,0
1591,SeLoger,540.0,21.0,25.71,Colocation,"1 pièce - 4 chambre - Colocation , s, 21 m², étage",59000,Lille,50.60389278001337,3.0484834640440877,https://www.seloger.com/annonce/location/hauts-de-france/nord-59/lille-59000/26Z9IDWK3A8I,,2026-08-12,Lille / Non localisé,Studio/T1,,0,551165.0,0,550407.0,0,552501.0,0,551935.0,0,550398.0,0,549581.0,0,553016.0,0,,0,,0,551351.0,0,550089.0,0,549873.0,0,,0,551784.0,0,552255.0,0,552353.0,0,552567.0,0,553408.0,0,549914.0,0
1592,SeLoger,1200.0,65.6,18.29,Appartement,"3 pièce - 2 chambre - s, s, 65,6 m², Étage 2/2",59000,Lille,50.62643118622024,3.0362384595753587,https://www.seloger.com/wl-cdp/26CDZVAZ1GKW,,2026-08-12,Lille / Non localisé,T3,,0,553807.0,0,553050.0,0,555143.0,0,554577.0,0,553041.0,0,552224.0,0,555658.0,0,,0,,0,553993.0,0,552732.0,0,552516.0,0,,0,554426.0,0,554898.0,0,554995.0,0,555209.0,0,556051.0,0,552557.0,0
1593,SeLoger,2001.0,100.0,20.01,Maison,"4 pièce - 2 chambre - Maison s, s, 100 m², dès le 08/09/2026",59000,Lille,50.635740768852216,3.065645153693249,https://www.seloger.com/annonces/locations/maison/lille-59/vieux-lille/26UK321DLU2M.htm,,2026-08-12,Lille / Non localisé,Grand (T4+),,0,554299.0,0,553535.0,0,555637.0,0,555070.0,0,553525.0,0,552706.0,0,556152.0,0,,0,,0,554485.0,0,553216.0,0,552998.0,0,,0,554921.0,0,555377.0,0,555481.0,0,555703.0,0,556538.0,0,553040.0,0
1594,SeLoger,472.0,12.0,39.33,Colocation,"1 pièce - 3 chambre - Colocation , s, 12 m², RDC",59000,Lille,50.6378476570662,3.058057256991361,https://www.seloger.com/annonces/locations/appartement/lille-59/275282975.htm,,2026-08-12,Lille / Non localisé,Studio/T1,,0,554657.0,0,553895.0,0,555995.0,0,555428.0,0,553885.0,0,553066.0,0,556510.0,0,,0,,0,554843.0,0,553575.0,0,553358.0,0,,0,555279.0,0,555738.0,0,555841.0,0,556061.0,0,556897.0,0,553400.0,0
1595,SeLoger,695.0,30.0,23.17,Appartement,"1 pièce - 30 m², RDC, disponible dès maintenant",59000,Lille,50.64757506043893,3.0465663403911005,https://www.seloger.com/annonce/location/hauts-de-france/nord-59/lille-59000/26Z9LE6C52SM,,2026-08-12,Lille / Non localisé,Studio/T1,,0,555905.0,0,555144.0,0,557242.0,0,556675.0,0,555134.0,0,554316.0,0,557757.0,0,,0,,0,556091.0,0,554825.0,0,554608.0,0,,0,556526.0,0,556988.0,0,557090.0,0,557308.0,0,558146.0,0,554650.0,0
1596,SeLoger,1784.0,144.0,12.39,Appartement,"5 pièce - 4 chambre - Duplex s, s, 144 m², étage",59000,Lille,50.638378638527485,3.070765081013824,https://www.seloger.com/annonces/locations/appartement/lille-59/centre/274666729.htm,,2026-08-12,Lille-Centre,Grand (T4+),,0,554495.0,0,553730.0,0,555834.0,0,555267.0,0,553720.0,0,552900.0,0,556348.0,0,,0,,0,554682.0,0,553410.0,0,553193.0,0,,0,555119.0,0,555571.0,0,555676.0,0,555900.0,0,556733.0,0,553235.0,0
1597,SeLoger,670.0,14.0,47.86,Colocation,"1 pièce - 1 chambre - Colocation , , 14 m², étage",59000,Lille,50.61139844431794,3.070066274007293,https://www.seloger.com/annonce/location/hauts-de-france/nord-59/lille-59000/26T9H696BQ9H,,2026-08-12,Lille / Non localisé,Studio/T1,,0,551598.0,0,550835.0,0,552936.0,0,552369.0,0,550825.0,0,550006.0,0,553451.0,0,,0,,0,551784.0,0,550516.0,0,550299.0,0,,0,552220.0,0,552678.0,0,552781.0,0,553002.0,0,553838.0,0,550341.0,0
1598,SeLoger,460.0,14.0,32.86,Appartement,"1 pièce - 14 m², étage, disponible dès maintenant",59000,Lille,50.6448455971335,3.0566544119231485,https://www.seloger.com/annonce/location/hauts-de-france/nord-59/lille-59000/26AAZXE1W4VF,,2026-08-12,Lille / Non localisé,Studio/T1,,0,555435.0,0,554673.0,0,556774.0,0,556207.0,0,554663.0,0,553844.0,0,557288.0,0,,0,,0,555622.0,0,554354.0,0,554137.0,0,,0,556058.0,0,556516.0,0,556619.0,0,556840.0,0,557675.0,0,554178.0,0
1599,SeLoger,495.0,14.7,33.67,Appartement,"1 pièce - 14,7 m², Étage 1/2",59000,Lille,50.63399784159681,3.08982705590882,https://www.seloger.com/annonce/location/hauts-de-france/nord-59/lille-59000/269JXDBD8NAC,,2026-08-12,Lille / Non localisé,Studio/T1,,0,553696.0,0,552928.0,0,555037.0,0,554469.0,0,552918.0,0,552096.0,0,555551.0,0,,0,,0,553883.0,0,552608.0,0,552389.0,0,,0,554322.0,0,554766.0,0,554875.0,0,555103.0,0,555932.0,0,552432.0,0
1600,SeLoger,613.0,18.0,34.06,Studio,"1 pièce - Studio , 18 m²",59000,Lille,50.62620841890073,3.0841310591411664,https://www.seloger.com/annonce/location/hauts-de-france/nord-59/lille-59000/26UTB2BVDR8X,,2026-08-12,Lille / Non localisé,Studio/T1,,0,552953.0,0,552186.0,0,554293.0,0,553726.0,0,552176.0,0,551356.0,0,554807.0,0,,0,,0,553140.0,0,551867.0,0,551649.0,0,,0,553578.0,0,554026.0,0,554133.0,0,554359.0,0,555190.0,0,551691.0,0
1601,SeLoger,773.0,42.4,18.23,Appartement,"3 pièce - 2 chambre - s, s, 42,4 m², Étage 1/3",59000,Lille,50.642745233844714,3.044557559112505,https://www.seloger.com/annonces/locations/appartement/lille-59/vauban-esquermes/270287057.htm,,2026-08-12,Vauban-Esquermes,T3,,0,555419.0,0,554659.0,0,556756.0,0,556189.0,0,554649.0,0,553831.0,0,557271.0,0,,0,,0,555605.0,0,554340.0,0,554124.0,0,,0,556040.0,0,556504.0,0,556605.0,0,556822.0,0,557661.0,0,554165.0,0
1602,SeLoger,442.0,19.0,23.26,Appartement,"1 pièce - 19 m², étage",59000,Lille,50.6242691932873,3.036990927179526,https://www.seloger.com/annonces/locations/appartement/lille-59/wazemmes/274670547.htm,,2026-08-12,Wazemmes,Studio/T1,,0,553561.0,0,552804.0,0,554897.0,0,554331.0,0,552794.0,0,551978.0,0,555412.0,0,,0,,0,553747.0,0,552486.0,0,552270.0,0,,0,554180.0,0,554652.0,0,554749.0,0,554963.0,0,555805.0,0,552311.0,0
1603,SeLoger,490.0,54.0,9.07,Colocation,"4 pièce - 3 chambre - Colocation s, s, 54 m², Étage 2/2",59000,Lille,50.648078123353436,3.09835888208852,https://www.seloger.com/annonces/locations/appartement/lille-59/faubourg-de-bethune-concorde/26WGZITI6PCL.htm,,2026-08-12,Lille / Non localisé,Grand (T4+),,0,555071.0,0,554300.0,0,556413.0,0,555845.0,0,554290.0,0,553467.0,0,556927.0,0,,0,,0,555258.0,0,553980.0,0,553761.0,0,,0,555699.0,0,556136.0,0,556247.0,0,556479.0,0,557305.0,0,553803.0,0
1604,SeLoger,735.0,52.2,14.08,Appartement,"2 pièce - 1 chambre - s, , 52,2 m², étage",59000,Lille,50.62946530887573,3.058911667220333,https://www.seloger.com/annonce/location/hauts-de-france/nord-59/lille-59000/2699M4REPKFX,,2026-08-12,Lille / Non localisé,T2,,0,553739.0,0,552977.0,0,555076.0,0,554510.0,0,552967.0,0,552148.0,0,555591.0,0,,0,,0,553925.0,0,552658.0,0,552441.0,0,,0,554360.0,0,554820.0,0,554923.0,0,555142.0,0,555979.0,0,552483.0,0
1605,SeLoger,450.0,20.0,22.5,Maison,"1 pièce - 1 chambre - Maison , , 20 m²",59000,Lille,50.641977459349356,3.067249942433404,https://www.seloger.com/annonce/location/hauts-de-france/nord-59/lille-59000/26LMHE3HGLAV,,2026-08-12,Lille / Non localisé,Grand (T4+),,0,554943.0,0,554179.0,0,556283.0,0,555715.0,0,554169.0,0,553349.0,0,556797.0,0,,0,,0,555130.0,0,553859.0,0,553642.0,0,,0,555567.0,0,556020.0,0,556125.0,0,556349.0,0,557182.0,0,553684.0,0
1606,SeLoger,870.0,47.0,18.51,Appartement,"2 pièce - s, 47 m², étage",59000,Lille,50.62543984481294,3.081403469937186,https://www.seloger.com/annonces/locations/appartement/lille-59/caulier/276408645.htm,,2026-08-12,Fives,T2,,0,552917.0,0,552151.0,0,554257.0,0,553689.0,0,552141.0,0,551320.0,0,554771.0,0,,0,,0,553103.0,0,551831.0,0,551613.0,0,,0,553541.0,0,553991.0,0,554097.0,0,554323.0,0,555154.0,0,551655.0,0
1607,SeLoger,925.0,69.6,13.29,Appartement,"3 pièce - 2 chambre - s, s, 69,6 m², étage",59000,Lille,50.62250019981405,3.060758402407596,https://www.seloger.com/annonce/location/hauts-de-france/nord-59/lille-59000/26P3ARKA8G4Y,,2026-08-12,Lille / Non localisé,T3,,0,552956.0,0,552194.0,0,554294.0,0,553727.0,0,552184.0,0,551366.0,0,554808.0,0,,0,,0,553142.0,0,551875.0,0,551658.0,0,,0,553577.0,0,554038.0,0,554140.0,0,554360.0,0,555196.0,0,551700.0,0
1608,SeLoger,395.0,17.6,22.44,Appartement,"1 pièce - 17,6 m², Étage 1/3, dès le 24/08/2026",59000,Lille,50.60834750152283,3.0562881455702953,https://www.seloger.com/annonce/location/hauts-de-france/nord-59/lille-59000/26896T3FGP3K,,2026-08-12,Lille / Non localisé,Studio/T1,,0,551508.0,0,550749.0,0,552845.0,0,552279.0,0,550739.0,0,549921.0,0,553360.0,0,,0,,0,551695.0,0,550430.0,0,550214.0,0,,0,552129.0,0,552594.0,0,552694.0,0,552911.0,0,553750.0,0,550255.0,0
1609,SeLoger,1290.0,99.2,13.0,Appartement,"4 pièce - 3 chambre - s, s, 99,2 m², étage",59000,Lille,50.640260804525404,3.0527914052288243,https://www.seloger.com/annonces/locations/appartement/lille-59/273899965.htm,,2026-08-12,Lille / Non localisé,Grand (T4+),,0,555008.0,0,554247.0,0,556346.0,0,555779.0,0,554237.0,0,553418.0,0,556861.0,0,,0,,0,555195.0,0,553928.0,0,553711.0,0,,0,555630.0,0,556091.0,0,556193.0,0,556412.0,0,557249.0,0,553753.0,0
1610,SeLoger,687.0,31.5,21.81,Appartement,"1 pièce - 31,5 m², Étage 2/6",59000,Lille,50.62443648305101,3.0786452549325514,https://www.seloger.com/annonces/locations/appartement/lille-59/centre/267803493.htm,,2026-08-12,Lille-Centre,Studio/T1,,0,552856.0,0,552091.0,0,554196.0,0,553628.0,0,552081.0,0,551260.0,0,554710.0,0,,0,,0,553043.0,0,551771.0,0,551553.0,0,,0,553480.0,0,553931.0,0,554037.0,0,554261.0,0,555094.0,0,551595.0,0
1611,SeLoger,560.0,13.0,43.08,Appartement,"1 pièce - 13 m², Étage 2/2",59000,Lille,50.62056523616658,3.0949664903532463,https://www.seloger.com/annonces/locations/appartement/lille-59/fives/274585733.htm,,2026-08-12,Fives,Studio/T1,,0,552159.0,0,551391.0,0,553500.0,0,552932.0,0,551381.0,0,550559.0,0,554014.0,0,,0,,0,552346.0,0,551071.0,0,550853.0,0,,0,552785.0,0,553229.0,0,553338.0,0,553566.0,0,554395.0,0,550895.0,0
1612,SeLoger,1600.0,130.0,12.31,Colocation,"5 pièce - 4 chambre - Colocation s, s, 130 m², étage",59000,Lille,50.61720143718539,3.07122741377871,https://www.seloger.com/annonce/location/hauts-de-france/nord-59/lille-59000/26WB8W6L2PBX,,2026-08-12,Lille / Non localisé,Grand (T4+),,0,552203.0,0,551440.0,0,553542.0,0,552975.0,0,551430.0,0,550611.0,0,554057.0,0,,0,,0,552390.0,0,551121.0,0,550904.0,0,,0,552826.0,0,553283.0,0,553386.0,0,553608.0,0,554443.0,0,550945.0,0
1613,SeLoger,1900.0,45.0,42.22,Appartement,"2 pièce - s, 45 m², étage, disponible dès maintenant",59000,Lille,50.63870408751905,3.0469096002543563,https://www.seloger.com/annonce/location/hauts-de-france/nord-59/lille-59000/26CDFYV2J1BN,,2026-08-12,Lille / Non localisé,T2,,0,554943.0,0,554183.0,0,556280.0,0,555713.0,0,554173.0,0,553355.0,0,556795.0,0,,0,,0,555129.0,0,553864.0,0,553647.0,0,,0,555563.0,0,556028.0,0,556128.0,0,556346.0,0,557184.0,0,553689.0,0
1614,SeLoger,998.0,39.0,25.59,Appartement,"2 pièce - 1 chambre - s, , 39 m²",59000,Lille,50.61899252030235,3.077344004109023,https://www.seloger.com/annonce/location/hauts-de-france/nord-59/lille-59000/266I43SS4VI2,,2026-08-12,Lille / Non localisé,T2,,0,552291.0,0,551526.0,0,553630.0,0,553063.0,0,551516.0,0,550697.0,0,554145.0,0,,0,,0,552478.0,0,551207.0,0,550989.0,0,,0,552915.0,0,553368.0,0,553473.0,0,553696.0,0,554529.0,0,551031.0,0
1615,SeLoger,770.0,41.1,18.73,Appartement,"2 pièce - 1 chambre - s, , 41,1 m², Étage 1/1",59000,Lille,50.62067403303471,3.026863337999132,https://www.seloger.com/annonce/location/hauts-de-france/nord-59/lille-59000/26ATWM192GMJ,,2026-08-12,Lille / Non localisé,T2,,0,553353.0,0,552598.0,0,554687.0,0,554121.0,0,552588.0,0,551772.0,0,555203.0,0,,0,,0,553538.0,0,552279.0,0,552064.0,0,,0,553969.0,0,554447.0,0,554542.0,0,554753.0,0,555598.0,0,552106.0,0
1616,SeLoger,1840.0,82.0,22.44,Appartement,"4 pièce - 2 chambre - Duplex s, s, 82 m², Étage 2/2",59000,Lille,50.63297434310034,3.0586882572324625,https://www.seloger.com/annonces/locations/appartement/lille-59/271432071.htm,,2026-08-12,Lille / Non localisé,Grand (T4+),,0,554121.0,0,553359.0,0,555459.0,0,554892.0,0,553349.0,0,552530.0,0,555973.0,0,,0,,0,554307.0,0,553039.0,0,552823.0,0,,0,554742.0,0,555202.0,0,555305.0,0,555525.0,0,556361.0,0,552864.0,0
1617,SeLoger,437.0,27.6,15.83,Colocation,"1 pièce - Colocation , 27,6 m², RDC",59000,Lille,50.6241213666839,3.1135460881893575,https://www.seloger.com/annonces/locations/appartement/lille-59/hellemmes-epine-mont-de-terre/274442311.htm,,2026-08-12,Hellemmes,Studio/T1,,0,552228.0,0,551456.0,0,553571.0,0,553003.0,0,551446.0,0,550623.0,0,554084.0,0,,0,,0,552415.0,0,551136.0,0,550916.0,0,,0,552857.0,0,553291.0,0,553404.0,0,553637.0,0,554461.0,0,550959.0,0
1618,SeLoger,430.0,18.9,22.75,Appartement,"1 pièce - 18,9 m², Étage 1/2",59000,Lille,50.64531684003791,3.093886801858121,https://www.seloger.com/annonces/locations/appartement/lille-59/saint-maurice-pellevoisin/268823873.htm,,2026-08-12,Saint-Maurice Pellevoisin,Studio/T1,,0,554848.0,0,554079.0,0,556191.0,0,555623.0,0,554068.0,0,553246.0,0,556704.0,0,,0,,0,555036.0,0,553758.0,0,553540.0,0,,0,555476.0,0,555915.0,0,556026.0,0,556256.0,0,557083.0,0,553582.0,0
1619,SeLoger,730.0,46.0,15.87,Appartement,"2 pièce - 1 chambre - Duplex s, , 46 m², Étage 3/4",59000,Lille,50.62101267029206,3.0759248454210892,https://www.seloger.com/annonces/locations/appartement/lille-59/centre/264688941.htm,,2026-08-12,Lille-Centre,T2,,0,552533.0,0,551769.0,0,553873.0,0,553305.0,0,551759.0,0,550939.0,0,554387.0,0,,0,,0,552720.0,0,551449.0,0,551232.0,0,,0,553157.0,0,553610.0,0,553715.0,0,553939.0,0,554772.0,0,551274.0,0
1620,SeLoger,440.0,15.0,29.33,Colocation,"1 pièce - Colocation , 15 m², étage, dès le 20/08/2026",59000,Lille,50.614947595940045,3.0417928757994743,https://www.seloger.com/annonce/location/hauts-de-france/nord-59/lille-59000/26CEVQPC2L6G,,2026-08-12,Lille / Non localisé,Studio/T1,,0,552473.0,0,551716.0,0,553809.0,0,553242.0,0,551706.0,0,550889.0,0,554324.0,0,,0,,0,552659.0,0,551397.0,0,551181.0,0,,0,553092.0,0,553563.0,0,553661.0,0,553875.0,0,554716.0,0,551223.0,0
1621,SeLoger,708.0,24.8,28.55,Appartement,"1 pièce - 24,8 m², RDC/3",59000,Lille,50.6379809243594,3.081810487143388,https://www.seloger.com/annonces/locations/appartement/lille-59/centre/276092119.htm,,2026-08-12,Lille-Centre,Studio/T1,,0,554262.0,0,553496.0,0,555603.0,0,555035.0,0,553485.0,0,552665.0,0,556117.0,0,,0,,0,554449.0,0,553176.0,0,552958.0,0,,0,554888.0,0,555335.0,0,555442.0,0,555669.0,0,556499.0,0,553000.0,0
1622,SeLoger,448.0,18.2,24.62,Appartement,"1 pièce - 18,2 m², RDC",59000,Lille,50.64327841115391,3.042536257351852,https://www.seloger.com/annonce/location/hauts-de-france/nord-59/lille-59000/26SN3HIAJ3MF,,2026-08-12,Lille / Non localisé,Studio/T1,,0,555512.0,0,554752.0,0,556849.0,0,556282.0,0,554742.0,0,553925.0,0,557364.0,0,,0,,0,555698.0,0,554433.0,0,554217.0,0,,0,556132.0,0,556598.0,0,556698.0,0,556915.0,0,557754.0,0,554259.0,0
1623,SeLoger,780.0,54.6,14.29,Appartement,"2 pièce - 1 chambre - s, , 54,6 m², Étage 3/3",59000,Lille,50.633354012558655,3.080517526278292,https://www.seloger.com/annonces/locations/appartement/lille-59/moulins/273821565.htm,,2026-08-12,Lille-Moulins,T2,,0,553785.0,0,553019.0,0,555126.0,0,554558.0,0,553009.0,0,552189.0,0,555640.0,0,,0,,0,553972.0,0,552699.0,0,552482.0,0,,0,554410.0,0,554859.0,0,554966.0,0,555192.0,0,556023.0,0,552524.0,0
1624,SeLoger,950.0,48.0,19.79,Appartement,"3 pièce - 2 chambre - s, s, 48 m², RDC",59000,Lille,50.63244675753318,3.0815383905681135,https://www.seloger.com/annonce/location/hauts-de-france/nord-59/lille-59000/26HHQ11UKXCB,,2026-08-12,Lille / Non localisé,T3,,0,553670.0,0,552904.0,0,555011.0,0,554443.0,0,552894.0,0,552073.0,0,555524.0,0,,0,,0,553857.0,0,552584.0,0,552366.0,0,,0,554295.0,0,554743.0,0,554850.0,0,555076.0,0,555907.0,0,552408.0,0
1625,SeLoger,490.0,26.3,18.63,Appartement,"1 pièce - 26,3 m², RDC/3",59000,Lille,50.641221517428036,3.060868322445304,https://www.seloger.com/annonces/locations/appartement/lille-59/centre/266650397.htm,,2026-08-12,Lille-Centre,Studio/T1,,0,554972.0,0,554209.0,0,556311.0,0,555743.0,0,554199.0,0,553380.0,0,556825.0,0,,0,,0,555158.0,0,553889.0,0,553672.0,0,,0,555594.0,0,556051.0,0,556155.0,0,556377.0,0,557211.0,0,553714.0,0
1626,SeLoger,453.0,28.5,15.89,Appartement,"2 pièce - 1 chambre - s, , 28,5 m², étage",59000,Lille,50.62283243623555,3.099438305141971,https://www.seloger.com/annonces/locations/appartement/lille-59/caulier/265322753.htm,,2026-08-12,Fives,T2,,0,552328.0,0,551558.0,0,553669.0,0,553101.0,0,551548.0,0,550726.0,0,554183.0,0,,0,,0,552515.0,0,551238.0,0,551020.0,0,,0,552954.0,0,553396.0,0,553506.0,0,553735.0,0,554563.0,0,551062.0,0
1627,SeLoger,655.0,35.4,18.5,Appartement,"2 pièce - 1 chambre - Duplex s, , 35,4 m², RDC",59000,Lille,50.64975150025252,3.0659691695428566,https://www.seloger.com/annonces/locations/appartement/lille-59/vieux-lille/265264467.htm,,2026-08-12,Vieux-Lille,T2,,0,555804.0,0,555039.0,0,557143.0,0,556576.0,0,555029.0,0,554209.0,0,557657.0,0,,0,,0,555990.0,0,554719.0,0,554502.0,0,,0,556427.0,0,556880.0,0,556985.0,0,557209.0,0,558042.0,0,554544.0,0
1628,SeLoger,485.0,15.0,32.33,Colocation,"1 pièce - Colocation , 15 m², dès le 20/08/2026",59000,Lille,50.635786034696864,3.038716946394065,https://www.seloger.com/annonce/location/hauts-de-france/nord-59/lille-59000/26K1ARN52NCG,,2026-08-12,Lille / Non localisé,Studio/T1,,0,554771.0,0,554013.0,0,556108.0,0,555541.0,0,554003.0,0,553186.0,0,556623.0,0,,0,,0,554958.0,0,553694.0,0,553478.0,0,,0,555391.0,0,555860.0,0,555958.0,0,556174.0,0,557014.0,0,553520.0,0
1629,SeLoger,1300.0,85.0,15.29,Colocation,"5 pièce - 4 chambre - Colocation s, s, 85 m², étage",59000,Lille,50.64418887821204,3.0797761862720807,https://www.seloger.com/annonces/locations/appartement/lille-59/centre/270792377.htm,,2026-08-12,Lille-Centre,Grand (T4+),,0,554967.0,0,554200.0,0,556308.0,0,555740.0,0,554190.0,0,553369.0,0,556821.0,0,,0,,0,555154.0,0,553880.0,0,553662.0,0,,0,555592.0,0,556039.0,0,556147.0,0,556373.0,0,557204.0,0,553704.0,0
1630,SeLoger,1000.0,73.5,13.61,Appartement,"3 pièce - 2 chambre - s, s, 73,5 m², Étage 3/4",59000,Lille,50.62818273173996,3.0519817445118806,https://www.seloger.com/annonces/locations/appartement/lille-59/wazemmes/275307577.htm,,2026-08-12,Wazemmes,T3,,0,553721.0,0,552960.0,0,555058.0,0,554491.0,0,552951.0,0,552133.0,0,555573.0,0,,0,,0,553907.0,0,552641.0,0,552425.0,0,,0,554341.0,0,554805.0,0,554906.0,0,555124.0,0,555962.0,0,552467.0,0
1631,SeLoger,550.0,17.0,32.35,Colocation,"1 pièce - Colocation , 17 m², Étage 1/2",59000,Lille,50.62552597809524,3.053309332646985,https://www.seloger.com/annonces/locations/appartement/lille-59/wazemmes/274763159.htm,,2026-08-12,Wazemmes,Studio/T1,,0,553411.0,0,552651.0,0,554749.0,0,554182.0,0,552641.0,0,551823.0,0,555264.0,0,,0,,0,553598.0,0,552332.0,0,552115.0,0,,0,554032.0,0,554496.0,0,554597.0,0,554815.0,0,555653.0,0,552157.0,0
1632,SeLoger,980.0,58.0,16.9,Appartement,"3 pièce - 2 chambre - s, s, 58 m², étage",59000,Lille,50.64454858468529,3.0694153444195695,https://www.seloger.com/annonces/locations/appartement/lille-59/270835359.htm,,2026-08-12,Lille / Non localisé,T3,,0,555183.0,0,554418.0,0,556523.0,0,555956.0,0,554408.0,0,553588.0,0,557037.0,0,,0,,0,555370.0,0,554099.0,0,553881.0,0,,0,555807.0,0,556259.0,0,556365.0,0,556589.0,0,557421.0,0,553923.0,0
1633,SeLoger,1378.0,113.0,12.19,Appartement,"4 pièce - 3 chambre - s, s, 113 m²",59000,Lille,50.610624141826094,3.0331043579096186,https://www.seloger.com/annonce/location/hauts-de-france/nord-59/lille-59000/26K1UPGJEJKJ,,2026-08-12,Lille / Non localisé,Grand (T4+),,0,552160.0,0,551405.0,0,553495.0,0,552929.0,0,551396.0,0,550580.0,0,554011.0,0,,0,,0,552346.0,0,551087.0,0,550872.0,0,,0,552778.0,0,553255.0,0,553350.0,0,553561.0,0,554405.0,0,550913.0,0
1634,SeLoger,1172.0,92.0,12.74,Appartement,"4 pièce - 3 chambre - s, s, 92 m², Étage 10/12",59000,Lille,50.6220798041476,3.061607445561943,https://www.seloger.com/annonces/locations/appartement/lille-59/271772201.htm,,2026-08-12,Lille / Non localisé,Grand (T4+),,0,552896.0,0,552134.0,0,554234.0,0,553667.0,0,552124.0,0,551306.0,0,554748.0,0,,0,,0,553082.0,0,551815.0,0,551598.0,0,,0,553517.0,0,553978.0,0,554080.0,0,554300.0,0,555136.0,0,551640.0,0
1635,SeLoger,926.0,61.7,15.01,Appartement,"3 pièce - 2 chambre - s, s, 61,7 m², RDC/2",59000,Lille,50.63218363431193,3.054165881415744,https://www.seloger.com/annonce/location/hauts-de-france/nord-59/lille-59000/26HBVNNFCUYJ,,2026-08-12,Lille / Non localisé,T3,,0,554114.0,0,553353.0,0,555451.0,0,554885.0,0,553343.0,0,552525.0,0,555966.0,0,,0,,0,554300.0,0,553034.0,0,552817.0,0,,0,554735.0,0,555197.0,0,555299.0,0,555517.0,0,556355.0,0,552859.0,0
1636,SeLoger,469.0,22.1,21.22,Appartement,"1 pièce - 22,1 m², RDC",59000,Lille,50.6342943684682,3.057126315248015,https://www.seloger.com/annonces/locations/appartement/lille-59/centre/273920643.htm,,2026-08-12,Lille-Centre,Studio/T1,,0,554290.0,0,553528.0,0,555628.0,0,555061.0,0,553518.0,0,552700.0,0,556143.0,0,,0,,0,554476.0,0,553209.0,0,552992.0,0,,0,554912.0,0,555372.0,0,555474.0,0,555694.0,0,556530.0,0,553034.0,0
1637,SeLoger,910.0,66.0,13.79,Maison,"2 pièce - 2 chambre - Maison s, s, 66 m², 40 m² de terrain",59000,Lille,50.619453296261966,3.039037408117147,https://www.seloger.com/annonces/locations/maison/lille-59/246954145.htm,,2026-08-12,Lille / Non localisé,Grand (T4+),,0,553007.0,0,552250.0,0,554342.0,0,553776.0,0,552240.0,0,551423.0,0,554858.0,0,,0,,0,553193.0,0,551931.0,0,551715.0,0,,0,553625.0,0,554097.0,0,554195.0,0,554408.0,0,555250.0,0,551757.0,0
1638,SeLoger,574.0,30.2,19.01,Appartement,"1 pièce - 30,2 m², dès le 14/08/2026",59000,Lille,50.6190065232836,3.0302029350472717,https://www.seloger.com/annonces/locations/appartement/lille-59/276164063.htm,,2026-08-12,Lille / Non localisé,Studio/T1,,0,553114.0,0,552359.0,0,554449.0,0,553883.0,0,552349.0,0,551533.0,0,554965.0,0,,0,,0,553300.0,0,552040.0,0,551825.0,0,,0,553731.0,0,554208.0,0,554304.0,0,554515.0,0,555359.0,0,551867.0,0
1639,SeLoger,620.0,30.0,20.67,Studio,"1 pièce - Studio , 30 m²",59000,Lille,50.63308916810806,3.0595760420686005,https://www.seloger.com/annonces/locations/appartement/lille-59/275575853.htm,,2026-08-12,Lille / Non localisé,Studio/T1,,0,554118.0,0,553355.0,0,555456.0,0,554889.0,0,553346.0,0,552527.0,0,555970.0,0,,0,,0,554304.0,0,553036.0,0,552819.0,0,,0,554740.0,0,555199.0,0,555301.0,0,555522.0,0,556358.0,0,552861.0,0
1640,SeLoger,699.0,36.0,19.42,Appartement,"2 pièce - 1 chambre - Duplex s, , 36 m², Étage 2/2",59000,Lille,50.64499265118349,3.048025063287878,https://www.seloger.com/annonces/locations/appartement/lille-59/273394121.htm,,2026-08-12,Lille / Non localisé,T2,,0,555601.0,0,554840.0,0,556938.0,0,556372.0,0,554830.0,0,554012.0,0,557453.0,0,,0,,0,555787.0,0,554521.0,0,554304.0,0,,0,556222.0,0,556685.0,0,556786.0,0,557004.0,0,557842.0,0,554346.0,0
1641,SeLoger,910.0,46.2,19.7,Appartement,"3 pièce - 2 chambre - s, s, 46,2 m², RDC",59000,Lille,50.61322426070888,3.044517305268455,https://www.seloger.com/annonce/location/hauts-de-france/nord-59/lille-59000/26HNPEUTHDE6,,2026-08-12,Lille / Non localisé,T3,,0,552240.0,0,551482.0,0,553576.0,0,553009.0,0,551472.0,0,550655.0,0,554091.0,0,,0,,0,552426.0,0,551163.0,0,550948.0,0,,0,552858.0,0,553329.0,0,553427.0,0,553642.0,0,554483.0,0,550989.0,0
1642,SeLoger,995.0,58.7,16.95,Appartement,"3 pièce - 2 chambre - s, s, 58,7 m², Étage 1/4",59000,Lille,50.62426124764915,3.0608482385597906,https://www.seloger.com/annonce/location/hauts-de-france/nord-59/lille-59000/265KCEKVUALS,,2026-08-12,Lille / Non localisé,T3,,0,553144.0,0,552382.0,0,554482.0,0,553915.0,0,552372.0,0,551554.0,0,554997.0,0,,0,,0,553330.0,0,552063.0,0,551846.0,0,,0,553766.0,0,554226.0,0,554328.0,0,554548.0,0,555384.0,0,551888.0,0
1643,SeLoger,824.0,50.0,16.48,Appartement,"2 pièce - s, 50 m², Étage 6/7",59000,Lille,50.617279497816476,3.07128885114818,https://www.seloger.com/annonces/locations/appartement/lille-59/centre/273900325.htm,,2026-08-12,Lille-Centre,T2,,0,552211.0,0,551447.0,0,553549.0,0,552982.0,0,551438.0,0,550618.0,0,554064.0,0,,0,,0,552397.0,0,551128.0,0,550911.0,0,,0,552833.0,0,553290.0,0,553394.0,0,553615.0,0,554450.0,0,550953.0,0
1644,SeLoger,430.0,13.9,30.94,Appartement,"1 pièce - 13,9 m², étage",59000,Lille,50.616761205207894,3.0392675095329684,https://www.seloger.com/annonces/locations/appartement/lille-59/wazemmes/271793041.htm,,2026-08-12,Wazemmes,Studio/T1,,0,552713.0,0,551956.0,0,554048.0,0,553482.0,0,551946.0,0,551129.0,0,554564.0,0,,0,,0,552899.0,0,551637.0,0,551422.0,0,,0,553331.0,0,553804.0,0,553901.0,0,554114.0,0,554956.0,0,551463.0,0
1645,SeLoger,1515.0,96.6,15.68,Appartement,"5 pièce - 4 chambre - s, s, 96,6 m², RDC",59000,Lille,50.61789247327153,3.0656805599425048,https://www.seloger.com/annonces/locations/appartement/lille-59/moulins/272188571.htm,,2026-08-12,Lille-Moulins,Grand (T4+),,0,552374.0,0,551612.0,0,553712.0,0,553145.0,0,551602.0,0,550783.0,0,554227.0,0,,0,,0,552560.0,0,551292.0,0,551075.0,0,,0,552996.0,0,553455.0,0,553558.0,0,553778.0,0,554614.0,0,551117.0,0
1646,SeLoger,440.0,12.5,35.2,Colocation,"1 pièce - Colocation , 12,5 m², RDC",59000,Lille,50.629912713277086,3.0615514084025564,https://www.seloger.com/annonces/locations/appartement/lille-59/moulins/273858281.htm,,2026-08-12,Lille-Moulins,Studio/T1,,0,553741.0,0,552979.0,0,555079.0,0,554512.0,0,552969.0,0,552150.0,0,555594.0,0,,0,,0,553928.0,0,552659.0,0,552442.0,0,,0,554363.0,0,554822.0,0,554925.0,0,555145.0,0,555981.0,0,552484.0,0
1647,SeLoger,1105.0,84.0,13.15,Maison,"3 pièce - 2 chambre - Maison s, s, 84 m², disponible dès maintenant",59000,Lille,50.6560934216897,3.0886256285606777,https://www.seloger.com/annonces/locations/maison/lille-59/bois-blanc/26URYWJ7PHIH.htm,,2026-08-12,Lille / Non localisé,Grand (T4+),,0,556101.0,0,555331.0,0,557443.0,0,556875.0,0,555321.0,0,554499.0,0,557956.0,0,,0,,0,556288.0,0,555011.0,0,554792.0,0,,0,556728.0,0,557168.0,0,557279.0,0,557509.0,0,558336.0,0,554835.0,0
1648,SeLoger,1100.0,68.1,16.15,Appartement,"3 pièce - 2 chambre - s, s, 68,1 m², étage",59000,Lille,50.64537768980191,3.068109220170707,https://www.seloger.com/annonces/locations/appartement/lille-59/centre/256303409.htm,,2026-08-12,Lille-Centre,T3,,0,555295.0,0,554530.0,0,556635.0,0,556067.0,0,554520.0,0,553700.0,0,557149.0,0,,0,,0,555482.0,0,554211.0,0,553993.0,0,,0,555919.0,0,556371.0,0,556477.0,0,556701.0,0,557533.0,0,554035.0,0
1649,SeLoger,849.0,37.0,22.95,Appartement,"2 pièce - 1 chambre - s, , 37 m²",59000,Lille,50.616764928957814,3.0639086936885915,https://www.seloger.com/annonces/locations/appartement/lille-59/moulins/26V9Y1KW6XW9.htm,,2026-08-12,Lille / Non localisé,T2,,0,552283.0,0,551521.0,0,553621.0,0,553054.0,0,551511.0,0,550693.0,0,554136.0,0,,0,,0,552469.0,0,551202.0,0,550985.0,0,,0,552905.0,0,553365.0,0,553467.0,0,553687.0,0,554523.0,0,551027.0,0
1650,SeLoger,700.0,32.4,21.6,Appartement,"2 pièce - 1 chambre - s, , 32,4 m², Étage 2/3",59000,Lille,50.63226408019647,3.04331139650886,https://www.seloger.com/annonces/locations/appartement/lille-59/wazemmes/275779563.htm,,2026-08-12,Wazemmes,T2,,0,554312.0,0,553553.0,0,555648.0,0,555082.0,0,553543.0,0,552725.0,0,556163.0,0,,0,,0,554498.0,0,553234.0,0,553018.0,0,,0,554931.0,0,555399.0,0,555498.0,0,555714.0,0,556554.0,0,553059.0,0
1651,SeLoger,1080.0,50.0,21.6,Colocation,"3 pièce - 2 chambre - Colocation s, s, 50 m², Étage 2/4",59000,Lille,50.603305725542484,3.055652561468254,https://www.seloger.com/annonces/locations/appartement/lille-59/vieux-lille/268GY99UE3JD.htm,,2026-08-12,Lille / Non localisé,T3,,0,550976.0,0,550217.0,0,552313.0,0,551746.0,0,550207.0,0,549390.0,0,552828.0,0,,0,,0,551163.0,0,549898.0,0,549682.0,0,,0,551596.0,0,552063.0,0,552163.0,0,552379.0,0,553218.0,0,549724.0,0
1652,SeLoger,1160.0,50.0,23.2,Colocation,"3 pièce - 2 chambre - Colocation s, s, 50 m², Étage 1/4",59000,Lille,50.64955003219374,3.084256373627401,https://www.seloger.com/annonce/location/hauts-de-france/nord-59/lille-59000/261WT6HFEBJ5,,2026-08-12,Lille / Non localisé,T3,,0,555469.0,0,554701.0,0,556810.0,0,556242.0,0,554691.0,0,553869.0,0,557324.0,0,,0,,0,555656.0,0,554381.0,0,554162.0,0,,0,556095.0,0,556539.0,0,556648.0,0,556876.0,0,557705.0,0,554204.0,0
1653,SeLoger,580.0,27.4,21.17,Appartement,"1 pièce - 27,4 m², Étage 2/3",59000,Lille,50.613883275081264,3.044606708586052,https://www.seloger.com/annonces/locations/appartement/lille-59/wazemmes/267651285.htm,,2026-08-12,Wazemmes,Studio/T1,,0,552309.0,0,551551.0,0,553645.0,0,553079.0,0,551542.0,0,550725.0,0,554160.0,0,,0,,0,552495.0,0,551233.0,0,551017.0,0,,0,552928.0,0,553398.0,0,553497.0,0,553711.0,0,554552.0,0,551058.0,0
1654,SeLoger,1945.0,95.0,20.47,Appartement,"4 pièce - 3 chambre - s, s, 95 m², Étage 4/4",59000,Lille,50.64041447822819,3.0636921674629067,https://www.seloger.com/annonce/location/hauts-de-france/nord-59/lille-59000/265ZP5IA9L4V,,2026-08-12,Lille / Non localisé,Grand (T4+),,0,554836.0,0,554073.0,0,556175.0,0,555608.0,0,554063.0,0,553243.0,0,556689.0,0,,0,,0,555023.0,0,553753.0,0,553536.0,0,,0,555459.0,0,555915.0,0,556019.0,0,556241.0,0,557075.0,0,553578.0,0
1655,SeLoger,725.0,27.2,26.65,Appartement,"1 pièce - 27,2 m², RDC/3",59000,Lille,50.61951820994632,3.0568444405146757,https://www.seloger.com/annonce/location/hauts-de-france/nord-59/lille-59000/26JAR6DX24DK,,2026-08-12,Lille / Non localisé,Studio/T1,,0,552702.0,0,551942.0,0,554040.0,0,553473.0,0,551932.0,0,551114.0,0,554555.0,0,,0,,0,552889.0,0,551623.0,0,551406.0,0,,0,553323.0,0,553787.0,0,553888.0,0,554106.0,0,554944.0,0,551448.0,0
1656,SeLoger,750.0,58.3,12.86,Appartement,"2 pièce - 1 chambre - s, , 58,3 m², RDC",59000,Lille,50.62394423299813,3.0825094182459227,https://www.seloger.com/annonces/locations/appartement/lille-59/moulins/271181163.htm,,2026-08-12,Lille-Moulins,T2,,0,552736.0,0,551970.0,0,554077.0,0,553509.0,0,551960.0,0,551140.0,0,554590.0,0,,0,,0,552923.0,0,551651.0,0,551433.0,0,,0,553361.0,0,553811.0,0,553917.0,0,554142.0,0,554974.0,0,551475.0,0
1657,SeLoger,435.0,27.9,15.59,Colocation,"1 pièce - Colocation , 27,9 m², RDC",59000,Lille,50.62013564775123,3.1111490196508327,https://www.seloger.com/annonces/locations/appartement/lille-59/hellemmes-epine-mont-de-terre/263865819.htm,,2026-08-12,Hellemmes,Studio/T1,,0,551838.0,0,551067.0,0,553181.0,0,552613.0,0,551057.0,0,550234.0,0,553694.0,0,,0,,0,552025.0,0,550747.0,0,550527.0,0,,0,552467.0,0,552902.0,0,553014.0,0,553247.0,0,554072.0,0,550570.0,0
1658,SeLoger,430.0,21.8,19.72,Appartement,"1 pièce - 21,8 m², Étage 4/5",59000,Lille,50.627518254207565,3.061600948972893,https://www.seloger.com/annonces/locations/appartement/lille-59/centre/260930733.htm,,2026-08-12,Lille-Centre,Studio/T1,,0,553482.0,0,552720.0,0,554820.0,0,554253.0,0,552710.0,0,551891.0,0,555335.0,0,,0,,0,553669.0,0,552401.0,0,552184.0,0,,0,554104.0,0,554563.0,0,554666.0,0,554886.0,0,555722.0,0,552226.0,0
1659,SeLoger,655.0,26.8,24.44,Appartement,"1 pièce - 26,8 m², étage",59000,Lille,50.629074102532755,3.0745315608089774,https://www.seloger.com/annonces/locations/appartement/lille-59/centre/267153535.htm,,2026-08-12,Lille-Centre,Studio/T1,,0,553427.0,0,552662.0,0,554766.0,0,554199.0,0,552652.0,0,551832.0,0,555280.0,0,,0,,0,553613.0,0,552342.0,0,552125.0,0,,0,554050.0,0,554503.0,0,554608.0,0,554832.0,0,555665.0,0,552167.0,0
1660,SeLoger,800.0,33.0,24.24,Appartement,"1 pièce - 33 m², Étage 6/10, dès le 01/09/2026",59000,Lille,50.638756184604695,3.018272892436121,https://www.seloger.com/annonces/locations/appartement/lille-59/saint-maurice-pellevoisin/26UDK94P74HR.htm,,2026-08-12,Lille / Non localisé,Studio/T1,,0,555451.0,0,554696.0,0,556785.0,0,556219.0,0,554687.0,0,553871.0,0,557301.0,0,,0,,0,555637.0,0,554378.0,0,554163.0,0,,0,556068.0,0,556546.0,0,556641.0,0,556851.0,0,557696.0,0,554204.0,0
1661,SeLoger,622.0,42.4,14.67,Appartement,"2 pièce - 1 chambre - s, , 42,4 m², Étage 3/5",59000,Lille,50.636960929081845,3.0634375570693195,https://www.seloger.com/annonces/locations/appartement/lille-59/276188301.htm,,2026-08-12,Lille / Non localisé,T2,,0,554468.0,0,553705.0,0,555807.0,0,555240.0,0,553695.0,0,552876.0,0,556321.0,0,,0,,0,554655.0,0,553386.0,0,553168.0,0,,0,555091.0,0,555547.0,0,555651.0,0,555873.0,0,556707.0,0,553210.0,0
1662,SeLoger,620.0,32.0,19.38,Studio,"1 pièce - Studio , 32 m²",59000,Lille,50.64030967600749,3.0678650187609278,https://www.seloger.com/wl-cdp/26NDCMPUEL5I,,2026-08-12,Lille / Non localisé,Studio/T1,,0,554753.0,0,553989.0,0,556092.0,0,555525.0,0,553979.0,0,553159.0,0,556606.0,0,,0,,0,554940.0,0,553669.0,0,553452.0,0,,0,555376.0,0,555830.0,0,555935.0,0,556158.0,0,556991.0,0,553494.0,0
1663,SeLoger,612.0,25.0,24.48,Appartement,"1 pièce - 25 m², étage",59000,Lille,50.61882889358954,3.0347371445207347,https://www.seloger.com/annonces/locations/appartement/lille-59/vauban-esquermes/262720745.htm,,2026-08-12,Vauban-Esquermes,Studio/T1,,0,553015.0,0,552259.0,0,554350.0,0,553784.0,0,552249.0,0,551433.0,0,554866.0,0,,0,,0,553201.0,0,551940.0,0,551725.0,0,,0,553633.0,0,554107.0,0,554204.0,0,554416.0,0,555259.0,0,551766.0,0
1664,SeLoger,490.0,25.9,18.92,Appartement,"1 pièce - 25,9 m², RDC/2",59000,Lille,50.62923493912365,3.079231543587512,https://www.seloger.com/annonces/locations/appartement/lille-59/centre/265932029.htm,,2026-08-12,Lille-Centre,Studio/T1,,0,553363.0,0,552597.0,0,554703.0,0,554136.0,0,552587.0,0,551767.0,0,555217.0,0,,0,,0,553550.0,0,552278.0,0,552060.0,0,,0,553988.0,0,554438.0,0,554544.0,0,554769.0,0,555601.0,0,552102.0,0
1665,SeLoger,569.0,18.9,30.11,Appartement,"1 pièce - 18,9 m², étage",59000,Lille,50.63461988703495,3.037315614601287,https://www.seloger.com/annonces/locations/appartement/lille-59/vauban-esquermes/265932033.htm,,2026-08-12,Vauban-Esquermes,Studio/T1,,0,554670.0,0,553912.0,0,556006.0,0,555440.0,0,553903.0,0,553086.0,0,556522.0,0,,0,,0,554856.0,0,553594.0,0,553378.0,0,,0,555289.0,0,555759.0,0,555858.0,0,556072.0,0,556913.0,0,553419.0,0
1666,SeLoger,631.0,23.9,26.4,Appartement,"1 pièce - 23,9 m², étage",59000,Lille,50.63254743456893,3.0690947711724044,https://www.seloger.com/annonces/locations/appartement/lille-59/centre/260035663.htm,,2026-08-12,Lille-Centre,Studio/T1,,0,553895.0,0,553131.0,0,555234.0,0,554667.0,0,553121.0,0,552301.0,0,555748.0,0,,0,,0,554081.0,0,552811.0,0,552594.0,0,,0,554518.0,0,554973.0,0,555077.0,0,555300.0,0,556133.0,0,552636.0,0
1667,SeLoger,528.0,21.0,25.14,Studio,"1 pièce - Studio , 21 m², RDC/2",59000,Lille,50.62143310447078,3.037036832406667,https://www.seloger.com/annonces/locations/appartement/lille-59/wazemmes/273394133.htm,,2026-08-12,Wazemmes,Studio/T1,,0,553255.0,0,552498.0,0,554591.0,0,554024.0,0,552488.0,0,551672.0,0,555106.0,0,,0,,0,553441.0,0,552180.0,0,551964.0,0,,0,553873.0,0,554346.0,0,554443.0,0,554657.0,0,555499.0,0,552005.0,0
1668,SeLoger,629.0,28.7,21.92,Appartement,"2 pièce - 1 chambre - s, , 28,7 m², étage",59000,Lille,50.62550255352525,3.0544238453175203,https://www.seloger.com/annonces/locations/appartement/lille-59/wazemmes/269481045.htm,,2026-08-12,Wazemmes,T2,,0,553389.0,0,552629.0,0,554727.0,0,554160.0,0,552619.0,0,551801.0,0,555242.0,0,,0,,0,553576.0,0,552310.0,0,552093.0,0,,0,554010.0,0,554474.0,0,554575.0,0,554793.0,0,555631.0,0,552135.0,0
1669,SeLoger,495.0,10.0,49.5,Colocation,"1 pièce - 2 chambre - Colocation , s, 10 m², étage",59000,Lille,45.768381541659,4.844118983335342,https://www.seloger.com/annonces/locations/appartement/lille-59/lille-sud/259346383.htm,,2026-08-12,Lille-Sud,Studio/T1,,0,30.0,10,216.0,1,225.0,1,102.0,9,175.0,7,179.0,11,619.0,0,,0,,0,292.0,1,1045.0,0,73.0,17,,0,1689.0,0,1940.0,0,175.0,2,158.0,3,724.0,0,2477.0,0
1670,SeLoger,550.0,12.0,45.83,Studio,"1 pièce - Studio , 12 m²",59000,Lille,50.63108840337459,3.0688283061859303,https://www.seloger.com/annonce/location/hauts-de-france/nord-59/lille-59000/2694UHMSBGK7,,2026-08-12,Lille / Non localisé,Studio/T1,,0,553742.0,0,552978.0,0,555081.0,0,554514.0,0,552968.0,0,552149.0,0,555595.0,0,,0,,0,553929.0,0,552659.0,0,552441.0,0,,0,554365.0,0,554820.0,0,554924.0,0,555147.0,0,555981.0,0,552483.0,0
1671,SeLoger,1650.0,110.0,15.0,Colocation,"4 pièce - 3 chambre - Colocation s, s, 110 m², Étage 3/3",59000,Lille,50.6240767012162,3.046783863866802,https://www.seloger.com/annonce/location/hauts-de-france/nord-59/lille-59000/26CC5WDG281C,,2026-08-12,Lille / Non localisé,Grand (T4+),,0,553369.0,0,552610.0,0,554706.0,0,554139.0,0,552600.0,0,551783.0,0,555221.0,0,,0,,0,553555.0,0,552291.0,0,552075.0,0,,0,553989.0,0,554456.0,0,554555.0,0,554772.0,0,555611.0,0,552117.0,0
1672,SeLoger,500.0,11.0,45.45,Colocation,"1 pièce - 2 chambre - Colocation , s, 11 m², dès le 15/08/2026",59000,Lille,50.6246301358666,3.0504379985436305,https://www.seloger.com/annonces/locations/appartement/lille-59/wazemmes/270998727.htm,,2026-08-12,Wazemmes,Studio/T1,,0,553365.0,0,552605.0,0,554702.0,0,554135.0,0,552595.0,0,551777.0,0,555217.0,0,,0,,0,553551.0,0,552286.0,0,552070.0,0,,0,553985.0,0,554451.0,0,554551.0,0,554768.0,0,555607.0,0,552111.0,0
1673,SeLoger,1370.0,87.4,15.68,Appartement,"5 pièce - 2 chambre - s, s, 87,4 m², Étage 1/4",59000,Lille,50.61327077843421,3.030835219979615,https://www.seloger.com/annonces/locations/appartement/lille-59/252610335.htm,,2026-08-12,Lille / Non localisé,Grand (T4+),,0,552485.0,0,551730.0,0,553820.0,0,553254.0,0,551721.0,0,550905.0,0,554336.0,0,,0,,0,552671.0,0,551412.0,0,551197.0,0,,0,553102.0,0,553580.0,0,553675.0,0,553886.0,0,554730.0,0,551238.0,0
1674,SeLoger,800.0,42.9,18.65,Appartement,"2 pièce - 1 chambre - s, , 42,9 m², RDC",59000,Lille,50.648786156527,3.091116298341324,https://www.seloger.com/annonce/location/hauts-de-france/nord-59/lille-59000/26634NHMCTQ6,,2026-08-12,Lille / Non localisé,T2,,0,555270.0,0,554500.0,0,556612.0,0,556044.0,0,554490.0,0,553668.0,0,557125.0,0,,0,,0,555457.0,0,554180.0,0,553961.0,0,,0,555897.0,0,556337.0,0,556448.0,0,556678.0,0,557505.0,0,554004.0,0
1675,SeLoger,460.0,22.0,20.91,Appartement,"1 pièce - 22 m², RDC",59000,Lille,50.63179311081713,3.0570223257617326,https://www.seloger.com/annonce/location/hauts-de-france/nord-59/lille-59000/269Q69JI718P,,2026-08-12,Lille / Non localisé,Studio/T1,,0,554022.0,0,553261.0,0,555360.0,0,554793.0,0,553251.0,0,552432.0,0,555875.0,0,,0,,0,554209.0,0,552941.0,0,552725.0,0,,0,554644.0,0,555104.0,0,555206.0,0,555426.0,0,556263.0,0,552766.0,0
1676,SeLoger,650.0,14.0,46.43,Colocation,"9 pièce - 1 chambre - Colocation s, , 14 m²",59000,Lille,50.61946952447237,3.059283003763663,https://www.seloger.com/annonces/locations/appartement/lille-59/275673153.htm,,2026-08-12,Lille / Non localisé,Grand (T4+),,0,552655.0,0,551894.0,0,553992.0,0,553426.0,0,551884.0,0,551066.0,0,554507.0,0,,0,,0,552841.0,0,551575.0,0,551358.0,0,,0,553276.0,0,553738.0,0,553839.0,0,554058.0,0,554896.0,0,551400.0,0
1677,SeLoger,650.0,38.0,17.11,Appartement,"3 pièce - 2 chambre - s, s, 38 m²",59000,Lille,50.63447550696917,3.02997591653139,https://www.seloger.com/annonces/locations/appartement/lille-59/vauban-esquermes/273371125.htm,,2026-08-12,Vauban-Esquermes,T3,,0,554784.0,0,554027.0,0,556119.0,0,555553.0,0,554017.0,0,553201.0,0,556635.0,0,,0,,0,554970.0,0,553709.0,0,553493.0,0,,0,555402.0,0,555875.0,0,555972.0,0,556185.0,0,557028.0,0,553535.0,0
1678,SeLoger,610.0,26.0,23.46,Appartement,"2 pièce - 1 chambre - s, , 26 m²",59000,Lille,50.633486683871745,3.0292012390750758,https://www.seloger.com/annonces/locations/appartement/lille-59/vauban-esquermes/273364877.htm,,2026-08-12,Vauban-Esquermes,T2,,0,554691.0,0,553935.0,0,556026.0,0,555460.0,0,553925.0,0,553109.0,0,556542.0,0,,0,,0,554877.0,0,553616.0,0,553401.0,0,,0,555309.0,0,555783.0,0,555879.0,0,556092.0,0,556935.0,0,553442.0,0
1679,SeLoger,626.0,18.7,33.48,Appartement,"1 pièce - 18,7 m², étage",59000,Lille,50.625189113273926,3.0512032612481788,https://www.seloger.com/annonces/locations/appartement/lille-59/vauban-esquermes/272286101.htm,,2026-08-12,Vauban-Esquermes,Studio/T1,,0,553412.0,0,552652.0,0,554749.0,0,554182.0,0,552642.0,0,551824.0,0,555264.0,0,,0,,0,553598.0,0,552333.0,0,552116.0,0,,0,554032.0,0,554497.0,0,554597.0,0,554815.0,0,555653.0,0,552158.0,0
1680,SeLoger,1120.0,68.0,16.47,Appartement,"2 pièce - 1 chambre - s, , 68 m², Étage 5/7",59000,Lille,50.63554840567221,3.0560963293003423,https://www.seloger.com/annonces/locations/appartement/lille-59/centre/269NIUNYZDCQ.htm,,2026-08-12,Lille / Non localisé,T2,,0,554443.0,0,553681.0,0,555781.0,0,555214.0,0,553671.0,0,552853.0,0,556296.0,0,,0,,0,554629.0,0,553362.0,0,553145.0,0,,0,555065.0,0,555525.0,0,555627.0,0,555847.0,0,556683.0,0,553187.0,0
1681,SeLoger,570.0,25.0,22.8,Appartement,1 pièce - 25 m²,59000,Lille,50.62651366923383,3.0414892653713967,https://www.seloger.com/annonces/locations/appartement/lille-59/wazemmes/272259811.htm,,2026-08-12,Wazemmes,Studio/T1,,0,553724.0,0,552966.0,0,555060.0,0,554494.0,0,552956.0,0,552139.0,0,555576.0,0,,0,,0,553910.0,0,552647.0,0,552431.0,0,,0,554343.0,0,554813.0,0,554911.0,0,555126.0,0,555967.0,0,552473.0,0
1682,SeLoger,700.0,15.7,44.59,Appartement,"1 pièce - 15,7 m², étage",59000,Lille,50.62670426451537,3.0722812098750976,https://www.seloger.com/annonces/locations/appartement/lille-59/centre/252116061.htm,,2026-08-12,Lille-Centre,Studio/T1,,0,553210.0,0,552446.0,0,554549.0,0,553982.0,0,552436.0,0,551616.0,0,555063.0,0,,0,,0,553396.0,0,552126.0,0,551909.0,0,,0,553833.0,0,554287.0,0,554392.0,0,554615.0,0,555448.0,0,551951.0,0
1683,SeLoger,640.0,33.0,19.39,Studio,"1 pièce - Studio , 33 m², étage",59000,Lille,50.62495827237149,3.0443842515080797,https://www.seloger.com/annonce/location/hauts-de-france/nord-59/lille-59000/26LB67P6P6XD,,2026-08-12,Lille / Non localisé,Studio/T1,,0,553506.0,0,552747.0,0,554842.0,0,554276.0,0,552738.0,0,551920.0,0,555358.0,0,,0,,0,553692.0,0,552428.0,0,552213.0,0,,0,554125.0,0,554594.0,0,554693.0,0,554908.0,0,555748.0,0,552254.0,0
1684,SeLoger,591.0,33.8,17.49,Appartement,"2 pièce - 1 chambre - s, , 33,8 m², Étage 3/3",59000,Lille,50.63968301018806,3.060309094506387,https://www.seloger.com/annonces/locations/appartement/lille-59/centre/262909479.htm,,2026-08-12,Lille-Centre,T2,,0,554816.0,0,554053.0,0,556154.0,0,555587.0,0,554043.0,0,553224.0,0,556669.0,0,,0,,0,555002.0,0,553734.0,0,553516.0,0,,0,555438.0,0,555896.0,0,555999.0,0,556220.0,0,557055.0,0,553558.0,0
1685,SeLoger,630.0,12.6,50.0,Appartement,"1 pièce - 12,6 m², Étage 2/2",59000,Lille,50.64315119370168,3.067777117499921,https://www.seloger.com/annonces/locations/appartement/lille-59/centre/266670901.htm,,2026-08-12,Lille-Centre,Studio/T1,,0,555061.0,0,554296.0,0,556400.0,0,555833.0,0,554286.0,0,553466.0,0,556914.0,0,,0,,0,555248.0,0,553977.0,0,553759.0,0,,0,555684.0,0,556138.0,0,556243.0,0,556466.0,0,557299.0,0,553801.0,0
1686,SeLoger,400.0,10.0,40.0,Appartement,"1 pièce - 10 m², Étage 2/2",59000,Lille,50.629308940509674,3.0584887322987373,https://www.seloger.com/annonces/locations/appartement/lille-59/moulins/268436757.htm,,2026-08-12,Lille-Moulins,Studio/T1,,0,553729.0,0,552967.0,0,555067.0,0,554500.0,0,552957.0,0,552139.0,0,555582.0,0,,0,,0,553915.0,0,552648.0,0,552431.0,0,,0,554351.0,0,554811.0,0,554913.0,0,555133.0,0,555969.0,0,552473.0,0
1687,SeLoger,850.0,38.0,22.37,Appartement,"2 pièce - 1 chambre - s, , 38 m²",59000,Lille,50.62917833034208,3.0505918603114677,https://www.seloger.com/annonces/locations/appartement/lille-59/vauban-esquermes/273364525.htm,,2026-08-12,Vauban-Esquermes,T2,,0,553852.0,0,553092.0,0,555189.0,0,554623.0,0,553082.0,0,552264.0,0,555704.0,0,,0,,0,554039.0,0,552773.0,0,552557.0,0,,0,554473.0,0,554937.0,0,555038.0,0,555255.0,0,556094.0,0,552598.0,0
1688,SeLoger,1420.0,92.0,15.43,Appartement,"3 pièce - 2 chambre - s, s, 92 m²",59000,Lille,50.6180401715758,3.048082267704306,https://www.seloger.com/annonces/locations/appartement/lille-59/273364813.htm,,2026-08-12,Lille / Non localisé,T3,,0,552696.0,0,551937.0,0,554032.0,0,553466.0,0,551927.0,0,551110.0,0,554548.0,0,,0,,0,552882.0,0,551618.0,0,551402.0,0,,0,553316.0,0,553784.0,0,553883.0,0,554098.0,0,554938.0,0,551444.0,0
1689,SeLoger,520.0,25.0,20.8,Appartement,"1 pièce - 25 m², étage",59000,Lille,50.615661375521434,3.0637674928332035,https://www.seloger.com/annonces/locations/appartement/lille-59/264680155.htm,,2026-08-12,Lille / Non localisé,Studio/T1,,0,552166.0,0,551405.0,0,553504.0,0,552937.0,0,551395.0,0,550576.0,0,554019.0,0,,0,,0,552353.0,0,551086.0,0,550869.0,0,,0,552788.0,0,553249.0,0,553351.0,0,553570.0,0,554407.0,0,550911.0,0
1690,SeLoger,1271.0,81.7,15.56,Appartement,"4 pièce - 3 chambre - s, s, 81,7 m², RDC",59000,Lille,50.615178703484055,3.070249805232738,https://www.seloger.com/annonces/locations/appartement/lille-59/centre/266234355.htm,,2026-08-12,Lille-Centre,Grand (T4+),,0,552002.0,0,551239.0,0,553341.0,0,552774.0,0,551229.0,0,550410.0,0,553855.0,0,,0,,0,552189.0,0,550920.0,0,550703.0,0,,0,552625.0,0,553082.0,0,553185.0,0,553407.0,0,554242.0,0,550745.0,0
1691,SeLoger,1644.0,107.6,15.28,Appartement,"4 pièce - 3 chambre - s, s, 107,6 m², étage",59000,Lille,50.62180503649659,3.0487537198999903,https://www.seloger.com/annonces/locations/appartement/lille-59/wazemmes/274891641.htm,,2026-08-12,Wazemmes,Grand (T4+),,0,553090.0,0,552331.0,0,554426.0,0,553860.0,0,552321.0,0,551503.0,0,554942.0,0,,0,,0,553276.0,0,552012.0,0,551796.0,0,,0,553710.0,0,554177.0,0,554276.0,0,554493.0,0,555332.0,0,551837.0,0
1692,SeLoger,995.0,52.1,19.1,Appartement,"2 pièce - 1 chambre - s, , 52,1 m², Étage 2/3",59000,Lille,50.631444192323066,3.064898996671481,https://www.seloger.com/annonces/locations/appartement/lille-59/273946605.htm,,2026-08-12,Lille / Non localisé,T2,,0,553848.0,0,553085.0,0,555187.0,0,554620.0,0,553075.0,0,552256.0,0,555701.0,0,,0,,0,554035.0,0,552766.0,0,552549.0,0,,0,554471.0,0,554928.0,0,555031.0,0,555253.0,0,556088.0,0,552590.0,0
1693,SeLoger,938.0,59.0,15.9,Maison,"3 pièce - 2 chambre - Maison s, s, 59 m²",59000,Lille,50.620771029971706,3.0538376873814244,https://www.seloger.com/annonces/locations/maison/lille-59/wazemmes/274465429.htm,,2026-08-12,Wazemmes,Grand (T4+),,0,552890.0,0,552130.0,0,554227.0,0,553660.0,0,552120.0,0,551302.0,0,554742.0,0,,0,,0,553076.0,0,551811.0,0,551594.0,0,,0,553510.0,0,553975.0,0,554075.0,0,554293.0,0,555131.0,0,551636.0,0
1694,SeLoger,1990.0,127.3,15.63,Colocation,"6 pièce - 5 chambre - Colocation s, s, 127,3 m², RDC",59000,Lille,50.624452476905894,3.0466137377483538,https://www.seloger.com/annonces/locations/appartement/lille-59/vauban-esquermes/272722503.htm,,2026-08-12,Vauban-Esquermes,Grand (T4+),,0,553412.0,0,552653.0,0,554749.0,0,554182.0,0,552644.0,0,551826.0,0,555264.0,0,,0,,0,553599.0,0,552335.0,0,552119.0,0,,0,554032.0,0,554500.0,0,554599.0,0,554815.0,0,555655.0,0,552160.0,0
1695,SeLoger,660.0,25.0,26.4,Appartement,1 pièce - 25 m²,59000,Lille,50.630486329816954,3.0392292814096877,https://www.seloger.com/annonces/locations/appartement/lille-59/vauban-esquermes/273577457.htm,,2026-08-12,Vauban-Esquermes,Studio/T1,,0,554192.0,0,553434.0,0,555528.0,0,554961.0,0,553424.0,0,552607.0,0,556043.0,0,,0,,0,554378.0,0,553115.0,0,552899.0,0,,0,554811.0,0,555281.0,0,555379.0,0,555594.0,0,556434.0,0,552941.0,0
1696,SeLoger,690.0,47.7,14.47,Appartement,"2 pièce - 1 chambre - s, , 47,7 m², étage",59000,Lille,50.625899503993914,3.1065164140988926,https://www.seloger.com/annonces/locations/appartement/lille-59/hellemmes-centre/256303953.htm,,2026-08-12,Hellemmes,T2,,0,552539.0,0,551768.0,0,553881.0,0,553313.0,0,551758.0,0,550935.0,0,554394.0,0,,0,,0,552726.0,0,551448.0,0,551229.0,0,,0,553167.0,0,553604.0,0,553715.0,0,553947.0,0,554773.0,0,551271.0,0
1697,SeLoger,565.0,20.0,28.25,Studio,"1 pièce - Studio - , 20 m²",59000,Lille,50.63541850619987,3.0871302929641127,https://www.seloger.com/annonce/location/hauts-de-france/nord-59/lille-59000/268GEJQTZB4J,,2026-08-12,Lille / Non localisé,Studio/T1,,0,553895.0,0,553127.0,0,555236.0,0,554669.0,0,553117.0,0,552296.0,0,555750.0,0,,0,,0,554082.0,0,552808.0,0,552589.0,0,,0,554521.0,0,554966.0,0,555074.0,0,555302.0,0,556131.0,0,552631.0,0
1698,SeLoger,500.0,19.0,26.32,Appartement,"1 pièce - 19 m², Étage 2/2, disponible dès maintenant",59000,Lille,50.62979217784668,3.031261557737204,https://www.seloger.com/annonce/location/hauts-de-france/nord-59/lille-59000/26NPM24CVB5P,,2026-08-12,Lille / Non localisé,Studio/T1,,0,554257.0,0,553500.0,0,555592.0,0,555026.0,0,553491.0,0,552674.0,0,556108.0,0,,0,,0,554443.0,0,553182.0,0,552966.0,0,,0,554875.0,0,555349.0,0,555445.0,0,555658.0,0,556501.0,0,553008.0,0
1699,SeLoger,630.0,24.0,26.25,Maison,"1 pièce - Maison à plusieurs étages - , 24 m²",59000,Lille,45.73502940835434,4.831004168628124,https://www.seloger.com/annonces/locations/appartement/lille-59/lille-sud/234566735.htm,,2026-08-12,Lille-Sud,Grand (T4+),,0,363.0,3,394.0,1,1986.0,0,557.0,0,282.0,1,143.0,6,747.0,0,,0,,0,474.0,2,505.0,0,50.0,9,,0,593.0,0,5781.0,0,1054.0,0,1978.0,0,3987.0,0,1137.0,0
1700,SeLoger,459.0,18.0,25.5,Studio,"1 pièce - Studio , 18 m²",59000,Lille,50.63458386594121,3.052539575369355,https://www.seloger.com/annonces/locations/appartement/lille-59/vauban-esquermes/273370949.htm,,2026-08-12,Vauban-Esquermes,Studio/T1,,0,554401.0,0,553640.0,0,555738.0,0,555171.0,0,553630.0,0,552812.0,0,556253.0,0,,0,,0,554587.0,0,553321.0,0,553104.0,0,,0,555022.0,0,555484.0,0,555586.0,0,555804.0,0,556642.0,0,553146.0,0
1701,SeLoger,590.0,17.0,34.71,Studio,"1 pièce - Studio , 17 m²",59000,Lille,50.62631687731826,3.0397463439325043,https://www.seloger.com/annonces/locations/appartement/lille-59/vauban-esquermes/273367415.htm,,2026-08-12,Vauban-Esquermes,Studio/T1,,0,553733.0,0,552976.0,0,555069.0,0,554503.0,0,552966.0,0,552149.0,0,555585.0,0,,0,,0,553920.0,0,552657.0,0,552441.0,0,,0,554352.0,0,554823.0,0,554921.0,0,555135.0,0,555977.0,0,552483.0,0
1702,SeLoger,552.0,14.1,39.15,Colocation,"10 pièce - 9 chambre - Colocation s, s, 14,1 m², RDC",59000,Lille,50.628300005796405,3.0358810270249874,https://www.seloger.com/annonce/location/hauts-de-france/nord-59/lille-59000/269UGCPC9APH,,2026-08-12,Lille / Non localisé,Studio/T1,,0,554015.0,0,553258.0,0,555350.0,0,554784.0,0,553248.0,0,552431.0,0,555866.0,0,,0,,0,554201.0,0,552939.0,0,552723.0,0,,0,554633.0,0,555105.0,0,555203.0,0,555417.0,0,556258.0,0,552765.0,0
1703,SeLoger,895.0,64.0,13.98,Appartement,"3 pièce - 2 chambre - s, s, 64 m², RDC/4",59000,Lille,50.6216425896444,3.0222814932752544,https://www.seloger.com/annonces/locations/appartement/lille-59/269612347.htm,,2026-08-12,Lille / Non localisé,T3,,0,553538.0,0,552784.0,0,554872.0,0,554306.0,0,552774.0,0,551959.0,0,555388.0,0,,0,,0,553724.0,0,552466.0,0,552251.0,0,,0,554154.0,0,554634.0,0,554728.0,0,554938.0,0,555784.0,0,552292.0,0
1704,SeLoger,604.0,29.0,20.83,Studio,"1 pièce - Studio , 29 m²",59000,Lille,50.62638441252539,3.051412467545755,https://www.seloger.com/annonces/locations/appartement/lille-59/vauban-esquermes/273371649.htm,,2026-08-12,Vauban-Esquermes,Studio/T1,,0,553537.0,0,552777.0,0,554874.0,0,554307.0,0,552767.0,0,551949.0,0,555389.0,0,,0,,0,553723.0,0,552458.0,0,552241.0,0,,0,554157.0,0,554622.0,0,554722.0,0,554940.0,0,555778.0,0,552283.0,0
1705,SeLoger,625.0,16.0,39.06,Colocation,"1 pièce - Colocation , 16 m², étage",59000,Lille,50.62644151909245,3.0577555927696904,https://www.seloger.com/annonces/locations/appartement/lille-59/263344651.htm,,2026-08-12,Lille / Non localisé,Studio/T1,,0,553433.0,0,552671.0,0,554770.0,0,554204.0,0,552661.0,0,551843.0,0,555285.0,0,,0,,0,553619.0,0,552352.0,0,552136.0,0,,0,554054.0,0,554515.0,0,554617.0,0,554836.0,0,555673.0,0,552177.0,0
1706,SeLoger,1411.0,85.0,16.6,Appartement,"3 pièce - 2 chambre - s, s, 85 m², Étage 1/2",59000,Lille,50.64047042576038,3.0450590007975786,https://www.seloger.com/annonces/locations/appartement/lille-59/centre/268JUEZZZHSC.htm,,2026-08-12,Lille / Non localisé,T3,,0,555165.0,0,554405.0,0,556502.0,0,555936.0,0,554396.0,0,553578.0,0,557017.0,0,,0,,0,555352.0,0,554086.0,0,553870.0,0,,0,555786.0,0,556251.0,0,556351.0,0,556568.0,0,557407.0,0,553912.0,0
1707,SeLoger,640.0,30.0,21.33,Appartement,"1 pièce - 30 m², RDC/3, disponible dès maintenant",59000,Lille,50.64756172780641,3.0622637172404454,https://www.seloger.com/annonces/locations/appartement/lille-59/vieux-lille/268FK9H4F9KI.htm,,2026-08-12,Lille / Non localisé,Studio/T1,,0,555631.0,0,554867.0,0,556970.0,0,556403.0,0,554858.0,0,554038.0,0,557485.0,0,,0,,0,555818.0,0,554548.0,0,554331.0,0,,0,556254.0,0,556709.0,0,556814.0,0,557036.0,0,557870.0,0,554373.0,0
1708,SeLoger,450.0,12.0,37.5,Colocation,"Colocation 12 m², disponible dès maintenant",59000,Lille,50.615665961027716,3.089600861614157,https://www.seloger.com/annonce/location/hauts-de-france/nord-59/lille-59000/26L6RFPZDBBF,,2026-08-12,Lille / Non localisé,Studio/T1,,0,551722.0,0,550955.0,0,553062.0,0,552495.0,0,550945.0,0,550125.0,0,553576.0,0,,0,,0,551909.0,0,550635.0,0,550417.0,0,,0,552347.0,0,552795.0,0,552902.0,0,553128.0,0,553959.0,0,550460.0,0
1709,SeLoger,710.0,37.0,19.19,Studio,"1 pièce - Studio , 37 m²",59000,Lille,50.62140951453646,3.0738004873052747,https://www.seloger.com/wl-cdp/26YGEC4N2BWT,,2026-08-12,Lille / Non localisé,Studio/T1,,0,552613.0,0,551849.0,0,553952.0,0,553385.0,0,551839.0,0,551019.0,0,554466.0,0,,0,,0,552799.0,0,551529.0,0,551312.0,0,,0,553236.0,0,553690.0,0,553795.0,0,554018.0,0,554851.0,0,551354.0,0
1710,SeLoger,480.0,12.0,40.0,Colocation,"Colocation 12 m², RDC/3, disponible dès maintenant",59000,Lille,50.622030836948376,3.0618530046667036,https://www.seloger.com/annonces/locations/appartement/lille-59/moulins/26SQK9Y2NQPY.htm,,2026-08-12,Lille / Non localisé,Studio/T1,,0,552886.0,0,552124.0,0,554224.0,0,553657.0,0,552115.0,0,551296.0,0,554739.0,0,,0,,0,553073.0,0,551805.0,0,551588.0,0,,0,553508.0,0,553968.0,0,554070.0,0,554290.0,0,555126.0,0,551630.0,0
1711,SeLoger,350.0,11.0,31.82,Studio,"1 pièce - Studio , 11 m²",59000,Lille,50.630650224009614,3.051399166727286,https://www.seloger.com/annonces/locations/appartement/lille-59/vauban-esquermes/273438941.htm,,2026-08-12,Vauban-Esquermes,Studio/T1,,0,553997.0,0,553236.0,0,555334.0,0,554767.0,0,553226.0,0,552408.0,0,555849.0,0,,0,,0,554183.0,0,552917.0,0,552701.0,0,,0,554617.0,0,555081.0,0,555182.0,0,555400.0,0,556238.0,0,552743.0,0
1712,SeLoger,880.0,69.0,12.75,Appartement,"4 pièce - 1 chambre - s, , 69 m², Étage 1/2",59000,Lille,50.62798844025264,3.059254328265188,https://www.seloger.com/annonces/locations/appartement/lille-59/wazemmes/26I3JHX8N9K8.htm,,2026-08-12,Lille / Non localisé,Grand (T4+),,0,553573.0,0,552812.0,0,554911.0,0,554344.0,0,552802.0,0,551983.0,0,555426.0,0,,0,,0,553760.0,0,552492.0,0,552276.0,0,,0,554195.0,0,554655.0,0,554758.0,0,554977.0,0,555814.0,0,552317.0,0
1713,SeLoger,950.0,63.0,15.08,Appartement,"3 pièce - 2 chambre - s, s, 63 m²",59000,Lille,50.630250517072945,3.043065801957856,https://www.seloger.com/annonces/locations/appartement/lille-59/vauban-esquermes/273372105.htm,,2026-08-12,Vauban-Esquermes,T3,,0,554099.0,0,553340.0,0,555435.0,0,554869.0,0,553331.0,0,552513.0,0,555951.0,0,,0,,0,554285.0,0,553021.0,0,552805.0,0,,0,554719.0,0,555187.0,0,555286.0,0,555502.0,0,556341.0,0,552847.0,0
1714,SeLoger,670.0,35.0,19.14,Appartement,"3 pièce - 2 chambre - s, s, 35 m²",59000,Lille,50.6210041601168,3.0302716284446225,https://www.seloger.com/annonces/locations/appartement/lille-59/vauban-esquermes/273364827.htm,,2026-08-12,Vauban-Esquermes,T3,,0,553328.0,0,552572.0,0,554663.0,0,554097.0,0,552563.0,0,551747.0,0,555179.0,0,,0,,0,553514.0,0,552254.0,0,552039.0,0,,0,553945.0,0,554422.0,0,554517.0,0,554729.0,0,555573.0,0,552080.0,0
1715,SeLoger,509.0,10.0,50.9,Appartement,"1 pièce - 10 m², 4 étages, disponible dès maintenant",59000,Lille,50.63707662477451,3.0235220932846367,https://www.seloger.com/annonces/locations/appartement/lille-59/vieux-lille/26CR1AHE157R.htm,,2026-08-12,Lille / Non localisé,Studio/T1,,0,555177.0,0,554422.0,0,556512.0,0,555946.0,0,554412.0,0,553596.0,0,557028.0,0,,0,,0,555363.0,0,554104.0,0,553888.0,0,,0,555795.0,0,556271.0,0,556367.0,0,556578.0,0,557422.0,0,553930.0,0
1716,SeLoger,890.0,55.0,16.18,Colocation,"3 pièce - 2 chambre - Colocation s, s, 55 m², Étage 1/4",59000,Lille,50.61136252766155,3.035244291480638,https://www.seloger.com/annonces/locations/appartement/lille-59/centre/265W6HDWU3UV.htm,,2026-08-12,Lille / Non localisé,T3,,0,552202.0,0,551447.0,0,553537.0,0,552971.0,0,551437.0,0,550621.0,0,554053.0,0,,0,,0,552388.0,0,551128.0,0,550913.0,0,,0,552820.0,0,553295.0,0,553391.0,0,553603.0,0,554447.0,0,550954.0,0
1717,SeLoger,1290.0,75.0,17.2,Colocation,"4 pièce - Colocation s, 75 m², RDC",59000,Lille,50.63001506123234,3.042976463432857,https://www.seloger.com/annonces/locations/appartement/lille-59/wazemmes/265807881.htm,,2026-08-12,Wazemmes,Grand (T4+),,0,554075.0,0,553317.0,0,555412.0,0,554845.0,0,553307.0,0,552489.0,0,555927.0,0,,0,,0,554261.0,0,552998.0,0,552782.0,0,,0,554695.0,0,555163.0,0,555262.0,0,555478.0,0,556318.0,0,552823.0,0
1718,SeLoger,780.0,60.0,13.0,Appartement,"3 pièce - 2 chambre - Duplex s, s, 60 m², Étage 1/2",59000,Lille,50.641400798707835,3.0875342532813224,https://www.seloger.com/annonces/locations/appartement/lomme-59/274472385.htm,,2026-08-12,Lille / Non localisé,T3,,0,554534.0,0,553765.0,0,555875.0,0,555307.0,0,553755.0,0,552934.0,0,556389.0,0,,0,,0,554721.0,0,553446.0,0,553227.0,0,,0,555160.0,0,555604.0,0,555713.0,0,555941.0,0,556770.0,0,553269.0,0
1719,SeLoger,949.0,44.0,21.57,Appartement,"2 pièce - 1 chambre - s, , 44 m²",59000,Lille,50.627802840677994,3.0587882518267633,https://www.seloger.com/annonce/location/hauts-de-france/nord-59/lille-59000/26IX16CWQSC8,,2026-08-12,Lille / Non localisé,T2,,0,553561.0,0,552800.0,0,554899.0,0,554332.0,0,552790.0,0,551971.0,0,555414.0,0,,0,,0,553748.0,0,552481.0,0,552264.0,0,,0,554183.0,0,554644.0,0,554746.0,0,554965.0,0,555802.0,0,552306.0,0
1720,SeLoger,2608.0,147.2,17.72,Appartement,"4 pièce - 3 chambre - s, s, 147,2 m², étage",59000,Lille,50.619675931724636,3.059932497496601,https://www.seloger.com/annonces/locations/appartement/lille-59/centre/271763881.htm,,2026-08-12,Lille-Centre,Grand (T4+),,0,552666.0,0,551905.0,0,554003.0,0,553437.0,0,551895.0,0,551076.0,0,554518.0,0,,0,,0,552852.0,0,551585.0,0,551369.0,0,,0,553287.0,0,553749.0,0,553850.0,0,554069.0,0,554906.0,0,551410.0,0
1721,SeLoger,610.0,25.0,24.4,Appartement,"1 pièce - 25 m², RDC",59000,Lille,50.63313476031936,3.0205621856924263,https://www.seloger.com/annonce/location/hauts-de-france/nord-59/lille-59000/269AWYN3ZNQX,,2026-08-12,Lille / Non localisé,Studio/T1,,0,554805.0,0,554051.0,0,556140.0,0,555574.0,0,554041.0,0,553226.0,0,556656.0,0,,0,,0,554991.0,0,553732.0,0,553517.0,0,,0,555422.0,0,555901.0,0,555995.0,0,556206.0,0,557051.0,0,553559.0,0
1722,SeLoger,970.0,57.0,17.02,Appartement,"3 pièce - s, 57 m², Étage 2/2, disponible dès maintenant",59000,Lille,50.6362917167297,3.0308504610400493,https://www.seloger.com/annonces/locations/appartement/lille-59/centre/26BP54QXXIXS.htm,,2026-08-12,Lille / Non localisé,T3,,0,554964.0,0,554207.0,0,556299.0,0,555733.0,0,554197.0,0,553381.0,0,556815.0,0,,0,,0,555150.0,0,553888.0,0,553673.0,0,,0,555582.0,0,556055.0,0,556152.0,0,556365.0,0,557208.0,0,553714.0,0
1723,SeLoger,917.0,66.0,13.89,Appartement,"3 pièce - 2 chambre - s, s, 66 m², Étage 1/3",59000,Lille,50.63306620693266,3.020217443448883,https://www.seloger.com/annonces/locations/appartement/lille-59/273674763.htm,,2026-08-12,Lille / Non localisé,T3,,0,554804.0,0,554050.0,0,556138.0,0,555572.0,0,554040.0,0,553224.0,0,556654.0,0,,0,,0,554990.0,0,553731.0,0,553516.0,0,,0,555421.0,0,555899.0,0,555994.0,0,556205.0,0,557049.0,0,553558.0,0
1724,SeLoger,691.0,57.2,12.08,Appartement,"2 chambre - s, 57,2 m², RDC",59000,Lille,50.632578216835554,3.069063975987718,https://www.seloger.com/annonces/locations/appartement/lille-59/272596373.htm,,2026-08-12,Lille / Non localisé,T3,,0,553899.0,0,553135.0,0,555238.0,0,554670.0,0,553125.0,0,552305.0,0,555752.0,0,,0,,0,554085.0,0,552815.0,0,552598.0,0,,0,554522.0,0,554976.0,0,555081.0,0,555304.0,0,556137.0,0,552640.0,0
1725,SeLoger,770.0,33.0,23.33,Appartement,"1 pièce - 33 m², étage",59000,Lille,50.64611043473477,3.0505932751715923,https://www.seloger.com/annonces/locations/appartement/lille-59/vieux-lille/275307557.htm,,2026-08-12,Vieux-Lille,Studio/T1,,0,555677.0,0,554915.0,0,557015.0,0,556448.0,0,554905.0,0,554087.0,0,557529.0,0,,0,,0,555863.0,0,554596.0,0,554379.0,0,,0,556298.0,0,556759.0,0,556861.0,0,557081.0,0,557917.0,0,554421.0,0
1726,SeLoger,1001.0,60.0,16.68,Colocation,"4 pièce - 3 chambre - Colocation s, s, 60 m², étage",59000,Lille,50.616800164559166,3.0745041694612625,https://www.seloger.com/annonce/location/hauts-de-france/nord-59/lille-59000/265KHMZEAQ7U,,2026-08-12,Lille / Non localisé,Grand (T4+),,0,552104.0,0,551340.0,0,553443.0,0,552875.0,0,551330.0,0,550510.0,0,553957.0,0,,0,,0,552290.0,0,551020.0,0,550803.0,0,,0,552727.0,0,553182.0,0,553286.0,0,553509.0,0,554342.0,0,550845.0,0
1727,SeLoger,460.0,13.0,35.38,Colocation,"Colocation 13 m², disponible dès maintenant",59000,Lille,50.62613513332641,3.024277269438557,https://www.seloger.com/annonces/locations/appartement/lille-59/lille-sud/268BRXHKL4T3.htm,,2026-08-12,Lille / Non localisé,Studio/T1,,0,553986.0,0,553231.0,0,555321.0,0,554755.0,0,553222.0,0,552406.0,0,555837.0,0,,0,,0,554172.0,0,552913.0,0,552698.0,0,,0,554603.0,0,555081.0,0,555176.0,0,555387.0,0,556231.0,0,552739.0,0
1728,SeLoger,700.0,26.0,26.92,Appartement,"1 pièce - 26 m², Étage 2/6",59000,Lille,50.645588777077066,3.069193135896657,https://www.seloger.com/annonces/locations/appartement/lille-59/224923457.htm,,2026-08-12,Lille / Non localisé,Studio/T1,,0,555299.0,0,554534.0,0,556639.0,0,556072.0,0,554524.0,0,553704.0,0,557153.0,0,,0,,0,555486.0,0,554215.0,0,553997.0,0,,0,555923.0,0,556375.0,0,556481.0,0,556705.0,0,557537.0,0,554039.0,0
1729,SeLoger,790.0,40.0,19.75,Appartement,"2 pièce - 1 chambre - s, , 40 m², RDC",59000,Lille,50.615733805742074,3.0743213710050448,https://www.seloger.com/annonces/locations/appartement/lille-59/271484299.htm,,2026-08-12,Lille / Non localisé,T2,,0,551992.0,0,551228.0,0,553331.0,0,552764.0,0,551218.0,0,550399.0,0,553845.0,0,,0,,0,552178.0,0,550909.0,0,550691.0,0,,0,552615.0,0,553070.0,0,553174.0,0,553397.0,0,554231.0,0,550733.0,0
1730,SeLoger,785.0,41.0,19.15,Appartement,"2 pièce - 1 chambre - s, , 41 m², RDC",59000,Lille,50.625873460050414,3.0463651369471374,https://www.seloger.com/annonces/locations/appartement/lille-59/vauban-esquermes/265822127.htm,,2026-08-12,Vauban-Esquermes,T2,,0,553570.0,0,552811.0,0,554906.0,0,554340.0,0,552801.0,0,551984.0,0,555422.0,0,,0,,0,553756.0,0,552492.0,0,552276.0,0,,0,554190.0,0,554657.0,0,554756.0,0,554973.0,0,555812.0,0,552317.0,0
1731,SeLoger,1300.0,68.0,19.12,Colocation,"4 pièce - 3 chambre - Colocation s, s, 68 m², Étage 3/4",59000,Lille,50.63409836620931,3.056342596656216,https://www.seloger.com/annonces/locations/appartement/lille-59/vieux-lille/26CPAPBRFPZU.htm,,2026-08-12,Lille / Non localisé,Grand (T4+),,0,554282.0,0,553521.0,0,555620.0,0,555053.0,0,553511.0,0,552692.0,0,556135.0,0,,0,,0,554469.0,0,553202.0,0,552985.0,0,,0,554904.0,0,555365.0,0,555467.0,0,555686.0,0,556523.0,0,553027.0,0
1732,SeLoger,550.0,12.8,42.97,Appartement,"1 pièce - 12,8 m², Étage 1/3",59000,Lille,50.62254521323602,3.0368397622419896,https://www.seloger.com/annonce/location/hauts-de-france/nord-59/lille-59000/26TN2FJZ4R8Q,,2026-08-12,Lille / Non localisé,Studio/T1,,0,553378.0,0,552621.0,0,554714.0,0,554147.0,0,552612.0,0,551795.0,0,555229.0,0,,0,,0,553564.0,0,552303.0,0,552087.0,0,,0,553997.0,0,554469.0,0,554566.0,0,554780.0,0,555622.0,0,552129.0,0
1733,SeLoger,715.0,53.7,13.31,Appartement,"2 pièce - s, 53,7 m², Étage 1/5",59000,Lille,45.76388251665462,4.881526984764318,https://www.seloger.com/annonces/locations/appartement/lille-59/lille-sud/274100051.htm,,2026-08-12,Lille-Sud,T2,,0,1052.0,0,1119.0,0,1992.0,0,1121.0,0,1320.0,0,912.0,0,1712.0,0,,0,,0,1505.0,0,2454.0,0,737.0,0,,0,2166.0,0,3219.0,0,2126.0,0,1947.0,0,3644.0,0,3156.0,0
1734,SeLoger,390.0,12.3,31.71,Studio,"1 pièce - Studio , 12,3 m², 2 étages",59000,Lille,50.60925928642504,3.053406125104964,https://www.seloger.com/annonce/location/hauts-de-france/nord-59/lille-59000/269Z6BBVGYH3,,2026-08-12,Lille / Non localisé,Studio/T1,,0,551657.0,0,550898.0,0,552994.0,0,552427.0,0,550888.0,0,550071.0,0,553509.0,0,,0,,0,551843.0,0,550579.0,0,550363.0,0,,0,552277.0,0,552744.0,0,552843.0,0,553060.0,0,553899.0,0,550404.0,0
1735,SeLoger,442.0,25.0,17.68,Colocation,"1 pièce - Colocation , 25 m², disponible dès maintenant",59000,Lille,50.62763695252677,3.0251972358902632,https://www.seloger.com/annonces/locations/appartement/lille-59/caulier/26U2VEN5X8WW.htm,,2026-08-12,Lille / Non localisé,Studio/T1,,0,554132.0,0,553377.0,0,555466.0,0,554900.0,0,553367.0,0,552551.0,0,555982.0,0,,0,,0,554317.0,0,553058.0,0,552843.0,0,,0,554749.0,0,555226.0,0,555321.0,0,555532.0,0,556377.0,0,552884.0,0
1736,SeLoger,1518.0,87.0,17.45,Appartement,"4 pièce - 3 chambre - s, s, 87 m², RDC/2",59000,Lille,50.62918350100236,3.0851533100779407,https://www.seloger.com/annonces/locations/appartement/lille-59/centre/257WM8YIYELM.htm,,2026-08-12,Lille / Non localisé,Grand (T4+),,0,553256.0,0,552489.0,0,554597.0,0,554029.0,0,552479.0,0,551659.0,0,555111.0,0,,0,,0,553443.0,0,552170.0,0,551952.0,0,,0,553882.0,0,554329.0,0,554436.0,0,554663.0,0,555493.0,0,551994.0,0
1737,SeLoger,854.0,50.8,16.81,Appartement,"2 pièce - 1 chambre - s, , 50,8 m², étage",59000,Lille,50.62799580946554,3.0270474306533197,https://www.seloger.com/annonces/locations/appartement/lille-59/274457793.htm,,2026-08-12,Lille / Non localisé,T2,,0,554138.0,0,553382.0,0,555472.0,0,554906.0,0,553373.0,0,552557.0,0,555988.0,0,,0,,0,554323.0,0,553064.0,0,552849.0,0,,0,554755.0,0,555231.0,0,555327.0,0,555538.0,0,556382.0,0,552890.0,0
1738,SeLoger,530.0,16.0,33.12,Appartement,"1 pièce - Lambersart - , 16 m², RDC, dès le 24/08/2026",59130,Lille,50.65967806095821,3.0350738651494185,https://www.seloger.com/annonce/location/hauts-de-france/nord-59/lambersart-59130/26I7BHY834VG,,2026-08-12,Lambersart,Studio/T1,,0,557409.0,0,556649.0,0,558746.0,0,558179.0,0,556640.0,0,555822.0,0,559261.0,0,,0,,0,557595.0,0,556330.0,0,556114.0,0,,0,558029.0,0,558495.0,0,558595.0,0,558812.0,0,559651.0,0,556156.0,0
1739,SeLoger,445.0,11.0,40.45,Colocation,"1 pièce - 3 chambre - Colocation , s, 11 m², étage",59155,Lille,50.61062653280855,3.0546390853897782,https://www.seloger.com/annonces/locations/appartement/faches-thumesnil-59/croisette/259345955.htm,,2026-08-12,Faches-Thumesnil,Studio/T1,,0,551783.0,0,551023.0,0,553120.0,0,552553.0,0,551013.0,0,550196.0,0,553635.0,0,,0,,0,551969.0,0,550704.0,0,550488.0,0,,0,552403.0,0,552869.0,0,552969.0,0,553186.0,0,554025.0,0,550530.0,0
1740,SeLoger,400.0,15.0,26.67,Colocation,"1 pièce - Colocation , 15 m², dès le 20/08/2026",59155,Lille,50.60487282137032,3.055381341208155,https://www.seloger.com/annonce/location/hauts-de-france/nord-59/faches-thumesnil-59155/269CI27G3B8T,,2026-08-12,Faches-Thumesnil,Studio/T1,,0,551150.0,0,550391.0,0,552487.0,0,551920.0,0,550381.0,0,549563.0,0,553002.0,0,,0,,0,551336.0,0,550072.0,0,549856.0,0,,0,551770.0,0,552237.0,0,552336.0,0,552553.0,0,553392.0,0,549897.0,0
1741,SeLoger,420.0,15.0,28.0,Colocation,"1 pièce - Colocation , 15 m², dès le 20/08/2026",59155,Lille,50.59169317908306,3.068266850874669,https://www.seloger.com/annonce/location/hauts-de-france/nord-59/faches-thumesnil-59155/26IFFSWSFMQ8,,2026-08-12,Faches-Thumesnil,Studio/T1,,0,549505.0,0,548745.0,0,550843.0,0,550276.0,0,548735.0,0,547917.0,0,551358.0,0,,0,,0,549692.0,0,548425.0,0,548209.0,0,,0,550126.0,0,550589.0,0,550690.0,0,550909.0,0,551746.0,0,548251.0,0
1742,SeLoger,375.0,15.0,25.0,Colocation,"1 pièce - Colocation , 15 m², dès le 20/08/2026",59155,Lille,50.61529015599005,3.073339009628174,https://www.seloger.com/annonce/location/hauts-de-france/nord-59/faches-thumesnil-59155/26TIPPIGTL6C,,2026-08-12,Faches-Thumesnil,Studio/T1,,0,551961.0,0,551197.0,0,553300.0,0,552733.0,0,551187.0,0,550368.0,0,553814.0,0,,0,,0,552147.0,0,550878.0,0,550661.0,0,,0,552584.0,0,553040.0,0,553144.0,0,553366.0,0,554200.0,0,550703.0,0
1743,SeLoger,880.0,61.0,14.43,Appartement,"3 pièce - 2 chambre - s, s, 61 m², Étage 1/3",59130,Lille,50.65037132136116,3.0422619202214203,https://www.seloger.com/wl-cdp/26AW1A45UCDR,,2026-08-12,Lambersart,T3,,0,556281.0,0,555521.0,0,557618.0,0,557051.0,0,555511.0,0,554693.0,0,558133.0,0,,0,,0,556467.0,0,555202.0,0,554985.0,0,,0,556901.0,0,557366.0,0,557466.0,0,557684.0,0,558522.0,0,555027.0,0
1744,SeLoger,947.0,67.0,14.13,Appartement,"3 pièce - 2 chambre - Lambersart - s, s, 67 m², Étage 1/4",59130,Lille,50.65119454370562,3.008958630997845,https://www.seloger.com/wl-cdp/24EDJ4VPBPPT,,2026-08-12,Lambersart,T3,,0,556955.0,0,556201.0,0,558288.0,0,557723.0,0,556191.0,0,555376.0,0,558805.0,0,,0,,0,557140.0,0,555883.0,0,555668.0,0,,0,557571.0,0,558051.0,0,558145.0,0,558355.0,0,559200.0,0,555709.0,0
1745,SeLoger,470.0,14.0,33.57,Colocation,"Colocation 14 m², Étage 2/3, disponible dès maintenant",59155,Lille,50.5893946501195,3.0615157622616924,https://www.seloger.com/annonces/locations/appartement/faches-thumesnil-59/croisette/26FKHYDPFTK4.htm,,2026-08-12,Faches-Thumesnil,Studio/T1,,0,549375.0,0,548616.0,0,550712.0,0,550145.0,0,548606.0,0,547789.0,0,551227.0,0,,0,,0,549561.0,0,548297.0,0,548081.0,0,,0,549995.0,0,550462.0,0,550562.0,0,550778.0,0,551617.0,0,548123.0,0
1746,SeLoger,450.0,13.0,34.62,Colocation,"1 pièce - 3 chambre - Colocation , s, 13 m², Étage 1/2",59155,Lille,50.60369750955877,3.054719500187544,https://www.seloger.com/annonce/location/hauts-de-france/nord-59/faches-thumesnil-59155/26N2VKI9EK2M,,2026-08-12,Faches-Thumesnil,Studio/T1,,0,551035.0,0,550276.0,0,552371.0,0,551805.0,0,550266.0,0,549449.0,0,552887.0,0,,0,,0,551221.0,0,549957.0,0,549741.0,0,,0,551655.0,0,552122.0,0,552221.0,0,552437.0,0,553277.0,0,549783.0,0
1747,SeLoger,1740.0,18.0,96.67,Studio,"1 pièce - Studio , 18 m²",59110,Lille,50.65849831780719,3.076221793573676,https://www.seloger.com/annonce/location/hauts-de-france/nord-59/la-madeleine-59110/26HSMSKGA9TI,,2026-08-12,La Madeleine,Studio/T1,,0,556571.0,0,555804.0,0,557912.0,0,557345.0,0,555794.0,0,554973.0,0,558426.0,0,,0,,0,556758.0,0,555484.0,0,555266.0,0,,0,557197.0,0,557643.0,0,557751.0,0,557978.0,0,558808.0,0,555308.0,0
1748,SeLoger,462.0,25.0,18.48,Appartement,"2 pièce - 1 chambre - s, , 25 m², étage",59155,Lille,50.593965219124904,3.0710369245932694,https://www.seloger.com/annonce/location/hauts-de-france/nord-59/faches-thumesnil-59155/26KDGQHD1XHK,,2026-08-12,Faches-Thumesnil,T2,,0,549702.0,0,548941.0,0,551040.0,0,550473.0,0,548931.0,0,548112.0,0,551554.0,0,,0,,0,549888.0,0,548621.0,0,548405.0,0,,0,550323.0,0,550785.0,0,550886.0,0,551106.0,0,551942.0,0,548446.0,0
1749,SeLoger,461.0,25.0,18.44,Appartement,"1 pièce - 25 m², étage, dès le 10/09/2026",59155,Lille,50.60869935119684,3.062328697757644,https://www.seloger.com/wl-cdp/26IABELJZDQ8,,2026-08-12,Faches-Thumesnil,Studio/T1,,0,551441.0,0,550680.0,0,552779.0,0,552212.0,0,550670.0,0,549852.0,0,553294.0,0,,0,,0,551628.0,0,550361.0,0,550145.0,0,,0,552062.0,0,552525.0,0,552626.0,0,552845.0,0,553682.0,0,550186.0,0
1750,SeLoger,538.0,38.0,14.16,Appartement,"2 pièce - 1 chambre - s, , 38 m², étage",59155,Lille,50.61087498161118,3.061697414372584,https://www.seloger.com/annonce/location/hauts-de-france/nord-59/faches-thumesnil-59155/24GRTHLP41Q6,,2026-08-12,Faches-Thumesnil,T2,,0,551687.0,0,550926.0,0,553024.0,0,552457.0,0,550916.0,0,550098.0,0,553539.0,0,,0,,0,551873.0,0,550607.0,0,550390.0,0,,0,552308.0,0,552770.0,0,552871.0,0,553090.0,0,553927.0,0,550432.0,0
1751,SeLoger,828.0,46.0,18.0,Appartement,"2 pièce - 1 chambre - s, , 46 m², Étage 4/5",59110,Lille,50.658713918545146,3.084034214892804,https://www.seloger.com/annonces/locations/appartement/la-madeleine-59/grand-boulevard/274021039.htm,,2026-08-12,La Madeleine,T2,,0,556462.0,0,555693.0,0,557803.0,0,557235.0,0,555682.0,0,554861.0,0,558317.0,0,,0,,0,556649.0,0,555373.0,0,555154.0,0,,0,557088.0,0,557530.0,0,557640.0,0,557869.0,0,558697.0,0,555196.0,0
1752,SeLoger,850.0,42.9,19.81,Appartement,"2 pièce - 1 chambre - s, , 42,9 m², Étage 5/5",59110,Lille,50.65695460296992,3.0632362003214966,https://www.seloger.com/annonces/locations/appartement/la-madeleine-59/grand-boulevard/272340375.htm,,2026-08-12,La Madeleine,T2,,0,556627.0,0,555863.0,0,557967.0,0,557400.0,0,555853.0,0,555033.0,0,558481.0,0,,0,,0,556814.0,0,555543.0,0,555326.0,0,,0,557251.0,0,557704.0,0,557809.0,0,558033.0,0,558866.0,0,555368.0,0
1753,SeLoger,960.0,43.3,22.17,Appartement,"2 pièce - 1 chambre - s, , 43,3 m², Étage 3/4",59110,Lille,50.655258837285785,3.0741176156004855,https://www.seloger.com/annonce/location/hauts-de-france/nord-59/la-madeleine-59110/26MKQEA6434W,,2026-08-12,La Madeleine,T2,,0,556258.0,0,555491.0,0,557598.0,0,557031.0,0,555481.0,0,554660.0,0,558112.0,0,,0,,0,556445.0,0,555171.0,0,554953.0,0,,0,556883.0,0,557331.0,0,557438.0,0,557664.0,0,558495.0,0,554995.0,0
1754,SeLoger,850.0,47.0,18.09,Maison,"3 pièce - 1 chambre - Maison s, , 47 m², 41 m² de terrain",59155,Lille,50.59413049890057,3.057396804501869,https://www.seloger.com/annonce/location/hauts-de-france/nord-59/faches-thumesnil-59155/26IVP6EGHYRA,,2026-08-12,Faches-Thumesnil,Grand (T4+),,0,549957.0,0,549199.0,0,551294.0,0,550727.0,0,549189.0,0,548372.0,0,551809.0,0,,0,,0,550144.0,0,548880.0,0,548664.0,0,,0,550577.0,0,551045.0,0,551144.0,0,551360.0,0,552200.0,0,548705.0,0
1755,SeLoger,1400.0,125.5,11.16,Maison,"4 pièce - 3 chambre - Maison de ville s, s, 125,5 m², 50 m² de terrain",59130,Lille,50.6423679146903,3.0347073108739435,https://www.seloger.com/annonces/locations/maison/lambersart-59/canteleu-ampere/276127493.htm,,2026-08-12,Lambersart,Grand (T4+),,0,555551.0,0,554793.0,0,556887.0,0,556320.0,0,554783.0,0,553966.0,0,557402.0,0,,0,,0,555737.0,0,554474.0,0,554258.0,0,,0,556170.0,0,556639.0,0,556738.0,0,556953.0,0,557793.0,0,554299.0,0
1756,SeLoger,500.0,19.0,26.32,Studio,"1 pièce - Studio , 19 m²",59130,Lille,50.657976414330584,3.0373049687023155,https://www.seloger.com/annonce/location/hauts-de-france/nord-59/lambersart-59130/26Y57YCFIBD7,,2026-08-12,Lambersart,Studio/T1,,0,557187.0,0,556427.0,0,558524.0,0,557957.0,0,556417.0,0,555599.0,0,559039.0,0,,0,,0,557373.0,0,556108.0,0,555892.0,0,,0,557807.0,0,558272.0,0,558372.0,0,558590.0,0,559428.0,0,555933.0,0
1757,SeLoger,440.0,15.0,29.33,Colocation,"1 pièce - Colocation , 15 m², dès le 20/08/2026",59130,Lille,50.647319684281975,3.043071156442623,https://www.seloger.com/annonce/location/hauts-de-france/nord-59/lambersart-59130/26J8E2JDZR68,,2026-08-12,Lambersart,Studio/T1,,0,555938.0,0,555178.0,0,557275.0,0,556708.0,0,555168.0,0,554350.0,0,557790.0,0,,0,,0,556124.0,0,554859.0,0,554642.0,0,,0,556558.0,0,557023.0,0,557123.0,0,557341.0,0,558179.0,0,554684.0,0
1758,SeLoger,1500.0,55.0,27.27,Appartement,"1 pièce - 1 chambre - 55 m², dès le 07/09/2026",59110,Lille,50.64705402874046,3.0771612996272077,https://www.seloger.com/annonces/locations/appartement/la-madeleine-59/grand-boulevard/268412229.htm,,2026-08-12,La Madeleine,Studio/T1,,0,555321.0,0,554554.0,0,556661.0,0,556094.0,0,554544.0,0,553723.0,0,557175.0,0,,0,,0,555508.0,0,554234.0,0,554016.0,0,,0,555946.0,0,556394.0,0,556501.0,0,556727.0,0,557558.0,0,554058.0,0
1759,SeLoger,450.0,15.0,30.0,Colocation,"1 pièce - Colocation , 15 m², dès le 20/08/2026",59130,Lille,50.64483726589592,3.040606327008941,https://www.seloger.com/annonce/location/hauts-de-france/nord-59/lambersart-59130/267CSEBYSI2T,,2026-08-12,Lambersart,Studio/T1,,0,555713.0,0,554954.0,0,557050.0,0,556484.0,0,554944.0,0,554127.0,0,557565.0,0,,0,,0,555900.0,0,554635.0,0,554419.0,0,,0,556333.0,0,556800.0,0,556900.0,0,557116.0,0,557955.0,0,554461.0,0
1760,SeLoger,1450.0,100.0,14.5,Maison,"5 pièce - 4 chambre - Maison s, s, 100 m², disponible dès maintenant",59130,Lille,50.648242153590054,3.007972072793644,https://www.seloger.com/annonces/locations/maison/lambersart-59/canteleu-ampere/26VCVBDX75Z3.htm,,2026-08-12,Lambersart,Grand (T4+),,0,556654.0,0,555901.0,0,557988.0,0,557422.0,0,555891.0,0,555076.0,0,558504.0,0,,0,,0,556840.0,0,555583.0,0,555368.0,0,,0,557270.0,0,557752.0,0,557845.0,0,558054.0,0,558901.0,0,555409.0,0
1761,SeLoger,1002.0,60.7,16.51,Appartement,"3 pièce - 2 chambre - La Madeleine - s, s, 60,7 m², étage",59110,Lille,50.65640609603503,3.064031436687221,https://www.seloger.com/annonce/location/hauts-de-france/nord-59/la-madeleine-59110/26TWTNUG8M72,,2026-08-12,La Madeleine,T3,,0,556555.0,0,555790.0,0,557894.0,0,557327.0,0,555780.0,0,554960.0,0,558408.0,0,,0,,0,556741.0,0,555470.0,0,555253.0,0,,0,557178.0,0,557631.0,0,557736.0,0,557960.0,0,558793.0,0,555295.0,0
1762,SeLoger,445.0,15.0,29.67,Colocation,"1 pièce - Colocation , 15 m², dès le 11/09/2026",59130,Lille,50.63635358107807,3.0345128873053206,https://www.seloger.com/annonce/location/hauts-de-france/nord-59/lambersart-59130/268RFTNW1MCC,,2026-08-12,Lambersart,Studio/T1,,0,554906.0,0,554149.0,0,556242.0,0,555676.0,0,554139.0,0,553322.0,0,556758.0,0,,0,,0,555092.0,0,553830.0,0,553614.0,0,,0,555525.0,0,555996.0,0,556094.0,0,556308.0,0,557149.0,0,553656.0,0
1763,SeLoger,820.0,57.8,14.19,Appartement,"3 pièce - 2 chambre - s, s, 57,8 m², RDC",59155,Lille,50.60236521748144,3.079807980915864,https://www.seloger.com/annonces/locations/appartement/faches-thumesnil-59/croisette/266912173.htm,,2026-08-12,Faches-Thumesnil,T3,,0,550456.0,0,549692.0,0,551795.0,0,551227.0,0,549682.0,0,548863.0,0,552309.0,0,,0,,0,550642.0,0,549372.0,0,549155.0,0,,0,551079.0,0,551534.0,0,551638.0,0,551861.0,0,552695.0,0,549197.0,0
1764,SeLoger,603.0,42.9,14.06,Appartement,"2 pièce - 1 chambre - s, , 42,9 m², étage",59155,Lille,50.594108747343505,3.0823961519852543,https://www.seloger.com/annonces/locations/appartement/faches-thumesnil-59/croisette/274666703.htm,,2026-08-12,Faches-Thumesnil,T2,,0,549521.0,0,548757.0,0,550860.0,0,550293.0,0,548747.0,0,547928.0,0,551374.0,0,,0,,0,549707.0,0,548438.0,0,548221.0,0,,0,550144.0,0,550599.0,0,550703.0,0,550926.0,0,551760.0,0,548262.0,0
1765,SeLoger,810.0,54.0,15.0,Appartement,"3 pièce - 2 chambre - s, s, 54 m², Étage 1/3",59155,Lille,50.60111000029975,3.053118061419895,https://www.seloger.com/annonce/location/hauts-de-france/nord-59/faches-thumesnil-59155/26F4HRRZ733B,,2026-08-12,Faches-Thumesnil,T3,,0,550784.0,0,550026.0,0,552120.0,0,551554.0,0,550016.0,0,549199.0,0,552636.0,0,,0,,0,550970.0,0,549707.0,0,549491.0,0,,0,551403.0,0,551872.0,0,551971.0,0,552186.0,0,553027.0,0,549533.0,0
1766,Vizzit,688.0,36.0,19.11,Appartement,1 pièce - 36 m²,59000,Lille,50.64022122043006,3.055743073310607,https://www.vizzit.fr/fr/property/appartement/lille/Ahyhnqvlayuidud6,,2026-08-12,Lille / Non localisé,Studio/T1,,0,554953.0,0,554191.0,0,556291.0,0,555724.0,0,554181.0,0,553362.0,0,556806.0,0,,0,,0,555139.0,0,553872.0,0,553655.0,0,,0,555575.0,0,556034.0,0,556137.0,0,556357.0,0,557193.0,0,553696.0,0
1767,Vizzit,610.0,33.0,18.48,Appartement,1 pièce - 33 m²,59000,Lille,50.61291428253143,3.0309085342641495,https://www.vizzit.fr/fr/property/appartement/lille/Avg707rqhzpqqo29,,2026-08-12,Lille / Non localisé,Studio/T1,,0,552446.0,0,551691.0,0,553780.0,0,553214.0,0,551681.0,0,550865.0,0,554296.0,0,,0,,0,552632.0,0,551372.0,0,551157.0,0,,0,553063.0,0,553540.0,0,553635.0,0,553846.0,0,554691.0,0,551199.0,0
1768,Vizzit,406.0,18.0,22.56,Studio,18 m² - Studio,59000,Lille,50.61989681950414,3.051728911040323,https://www.vizzit.fr/fr/property/appartement/lille/A52k0ujffoe3ocvk,,2026-08-12,Lille / Non localisé,Studio/T1,,0,552832.0,0,552073.0,0,554169.0,0,553603.0,0,552063.0,0,551245.0,0,554684.0,0,,0,,0,553019.0,0,551754.0,0,551538.0,0,,0,553452.0,0,553918.0,0,554018.0,0,554235.0,0,555074.0,0,551579.0,0
1769,Vizzit,1554.0,85.0,18.28,Appartement,3 pièce - 85 m² - s,59000,Lille,50.640094273259365,3.0648102459128426,https://www.vizzit.fr/fr/property/appartement/lille/Absvwl4s5hiebku3,,2026-08-12,Lille / Non localisé,T3,,0,554782.0,0,554019.0,0,556121.0,0,555554.0,0,554009.0,0,553189.0,0,556636.0,0,,0,,0,554969.0,0,553699.0,0,553482.0,0,,0,555405.0,0,555861.0,0,555965.0,0,556187.0,0,557021.0,0,553524.0,0
1770,Vizzit,630.0,27.0,23.33,Studio,27 m² - Studio,59000,Lille,50.630179032194185,3.0703377995104977,https://www.vizzit.fr/fr/property/appartement/lille/Aj6c7v4qa3m6yiu2,,2026-08-12,Lille / Non localisé,Studio/T1,,0,553618.0,0,552854.0,0,554957.0,0,554390.0,0,552844.0,0,552024.0,0,555471.0,0,,0,,0,553805.0,0,552534.0,0,552317.0,0,,0,554241.0,0,554696.0,0,554800.0,0,555023.0,0,555857.0,0,552359.0,0
1771,Vizzit,1122.0,68.0,16.5,Appartement,2 pièce - 1 chambre - 68 m² - s,59000,Lille,50.63448565479401,3.078852028525023,https://www.vizzit.fr/fr/property/appartement/lille/A1qtynjmxsj3b0uw,,2026-08-12,Lille / Non localisé,T2,,0,553936.0,0,553170.0,0,555276.0,0,554709.0,0,553160.0,0,552340.0,0,555790.0,0,,0,,0,554123.0,0,552850.0,0,552632.0,0,,0,554561.0,0,555010.0,0,555117.0,0,555342.0,0,556173.0,0,552674.0,0
1772,Vizzit,785.0,34.0,23.09,Appartement,2 pièce - 34 m² - s,59000,Lille,50.62555890577384,3.072633402627028,https://www.vizzit.fr/fr/property/appartement/lille/Aberbrkra22zlqxw,,2026-08-12,Lille / Non localisé,T2,,0,553080.0,0,552316.0,0,554419.0,0,553852.0,0,552306.0,0,551486.0,0,554934.0,0,,0,,0,553267.0,0,551997.0,0,551779.0,0,,0,553704.0,0,554158.0,0,554262.0,0,554485.0,0,555319.0,0,551821.0,0
1773,Vizzit,2300.0,177.0,12.99,Appartement,6 pièce - 4 chambre - 177 m² - s - s,59000,Lille,50.634600679894106,3.0197307354417537,https://www.vizzit.fr/fr/property/immobilier/lille/A4xkyna5d4plvof9,,2026-08-12,Lille / Non localisé,Grand (T4+),,0,554978.0,0,554223.0,0,556312.0,0,555746.0,0,554214.0,0,553398.0,0,556828.0,0,,0,,0,555164.0,0,553905.0,0,553690.0,0,,0,555594.0,0,556073.0,0,556168.0,0,556378.0,0,557223.0,0,553731.0,0
1774,Vizzit,831.0,41.0,20.27,Appartement,2 pièce - 1 chambre - 41 m² - s,59000,Lille,50.61388370918912,3.0617789486714067,https://www.vizzit.fr/fr/property/appartement/lille/Aw5u7of6gnv3ov5c,,2026-08-12,Lille / Non localisé,T2,,0,552009.0,0,551248.0,0,553347.0,0,552780.0,0,551238.0,0,550420.0,0,553862.0,0,,0,,0,552196.0,0,550929.0,0,550713.0,0,,0,552631.0,0,553093.0,0,553194.0,0,553413.0,0,554250.0,0,550754.0,0
1775,Vizzit,680.0,28.0,24.29,Studio,28 m² - Studio,59000,Lille,50.62072415000024,3.0847874750467437,https://www.vizzit.fr/fr/property/appartement/lille/A5g80zcykpfe6u7q,,2026-08-12,Lille / Non localisé,Studio/T1,,0,552350.0,0,551584.0,0,553690.0,0,553123.0,0,551574.0,0,550753.0,0,554204.0,0,,0,,0,552537.0,0,551264.0,0,551046.0,0,,0,552975.0,0,553424.0,0,553531.0,0,553756.0,0,554587.0,0,551088.0,0
1776,Vizzit,693.0,25.0,27.72,Appartement,25 m²,59000,Lille,50.63384403490461,3.0512564798068653,https://www.vizzit.fr/fr/property/appartement/lille/Atcqq9iufvghtq2l,,2026-08-12,Lille / Non localisé,Studio/T1,,0,554343.0,0,553583.0,0,555681.0,0,555114.0,0,553573.0,0,552755.0,0,556196.0,0,,0,,0,554530.0,0,553264.0,0,553047.0,0,,0,554964.0,0,555427.0,0,555528.0,0,555747.0,0,556584.0,0,553089.0,0
1777,Vizzit,725.0,38.0,19.08,Appartement,2 pièce - 1 chambre - 38 m² - s,59000,Lille,50.64233964642104,3.0619471635262667,https://www.vizzit.fr/fr/property/appartement/lille/Avzw0qv3mbfam79y,,2026-08-12,Lille / Non localisé,T2,,0,555074.0,0,554310.0,0,556413.0,0,555845.0,0,554300.0,0,553481.0,0,556927.0,0,,0,,0,555260.0,0,553991.0,0,553774.0,0,,0,555697.0,0,556153.0,0,556257.0,0,556479.0,0,557313.0,0,553816.0,0
1778,Vizzit,710.0,35.0,20.29,Appartement,2 pièce - 1 chambre - 35 m² - s,59000,Lille,50.62044072438134,3.096588782528279,https://www.vizzit.fr/fr/property/appartement/lille/Adw4s48t2tmmn6ia,,2026-08-12,Lille / Non localisé,T2,,0,552118.0,0,551349.0,0,553459.0,0,552892.0,0,551339.0,0,550518.0,0,553973.0,0,,0,,0,552305.0,0,551029.0,0,550811.0,0,,0,552744.0,0,553187.0,0,553297.0,0,553525.0,0,554354.0,0,550853.0,0
1779,Vizzit,725.0,39.0,18.59,Appartement,2 pièce - 1 chambre - 39 m² - s,59000,Lille,50.6117916588746,3.0696748891769245,https://www.vizzit.fr/fr/property/appartement/lille/Astlx5okyuz3fvbl,,2026-08-12,Lille / Non localisé,T2,,0,551647.0,0,550885.0,0,552985.0,0,552418.0,0,550875.0,0,550056.0,0,553500.0,0,,0,,0,551834.0,0,550565.0,0,550348.0,0,,0,552269.0,0,552728.0,0,552831.0,0,553051.0,0,553887.0,0,550390.0,0
1780,Vizzit,941.0,62.0,15.18,Appartement,3 pièce - 2 chambre - 62 m² - s - s,59000,Lille,50.62376582214236,3.0395685744945933,https://www.vizzit.fr/fr/property/appartement/lille/Ay969ag8m8pxfhkh,,2026-08-12,Lille / Non localisé,T3,,0,553462.0,0,552704.0,0,554798.0,0,554231.0,0,552695.0,0,551878.0,0,555313.0,0,,0,,0,553648.0,0,552386.0,0,552170.0,0,,0,554080.0,0,554552.0,0,554649.0,0,554864.0,0,555705.0,0,552211.0,0
1781,Vizzit,510.0,28.0,18.21,Appartement,2 pièce - 1 chambre - 28 m² - s,59000,Lille,50.654717870568646,3.0868165635523095,https://www.vizzit.fr/fr/property/appartement/lille/A28x9mn2ao5ym601,,2026-08-12,Lille / Non localisé,T2,,0,555983.0,0,555214.0,0,557325.0,0,556757.0,0,555204.0,0,554382.0,0,557838.0,0,,0,,0,556170.0,0,554894.0,0,554675.0,0,,0,556610.0,0,557051.0,0,557161.0,0,557391.0,0,558218.0,0,554717.0,0
1782,Vizzit,860.0,49.0,17.55,Appartement,2 pièce - 1 chambre - 49 m² - s,59000,Lille,50.64663245872983,3.0931970576323957,https://www.vizzit.fr/fr/property/appartement/lille/An8ykj5ym4iysgqm,,2026-08-12,Lille / Non localisé,T2,,0,555002.0,0,554232.0,0,556344.0,0,555776.0,0,554222.0,0,553400.0,0,556857.0,0,,0,,0,555189.0,0,553912.0,0,553693.0,0,,0,555630.0,0,556069.0,0,556180.0,0,556410.0,0,557237.0,0,553736.0,0
1783,Vizzit,599.0,30.0,19.97,Studio,30 m² - Studio,59000,Lille,50.63993288563807,3.066930746229085,https://www.vizzit.fr/fr/property/appartement/lille/A4g612y6ox0b7bhj,,2026-08-12,Lille / Non localisé,Studio/T1,,0,554728.0,0,553964.0,0,556068.0,0,555500.0,0,553954.0,0,553135.0,0,556582.0,0,,0,,0,554915.0,0,553645.0,0,553427.0,0,,0,555352.0,0,555806.0,0,555911.0,0,556134.0,0,556967.0,0,553469.0,0
1784,Vizzit,400.0,12.0,33.33,Appartement,3 pièce - 2 chambre - 12 m² - s - s,59000,Lille,50.64349689541383,3.0839411392063902,https://www.vizzit.fr/fr/property/appartement/lille/Aruarn4m09pox6nc,,2026-08-12,Lille / Non localisé,T3,,0,554821.0,0,554053.0,0,556162.0,0,555595.0,0,554043.0,0,553222.0,0,556676.0,0,,0,,0,555008.0,0,553734.0,0,553515.0,0,,0,555447.0,0,555892.0,0,556000.0,0,556228.0,0,557057.0,0,553557.0,0
1785,Vizzit,889.0,63.0,14.11,Appartement,3 pièce - 2 chambre - 63 m² - s - s,59000,Lille,50.633886069445886,3.0569748224957056,https://www.vizzit.fr/fr/property/appartement/lille/A2zdknx8su0qqn2j,,2026-08-12,Lille / Non localisé,T3,,0,554249.0,0,553487.0,0,555587.0,0,555020.0,0,553477.0,0,552658.0,0,556101.0,0,,0,,0,554435.0,0,553168.0,0,552951.0,0,,0,554870.0,0,555331.0,0,555433.0,0,555653.0,0,556489.0,0,552993.0,0
1786,Vizzit,540.0,26.0,20.77,Appartement,1 pièce - 26 m²,59000,Lille,50.63652383243848,3.022690731529661,https://www.vizzit.fr/fr/property/appartement/lille/Ay8gwoibmcd26s14,,2026-08-12,Lille / Non localisé,Studio/T1,,0,555133.0,0,554377.0,0,556467.0,0,555901.0,0,554368.0,0,553552.0,0,556983.0,0,,0,,0,555318.0,0,554059.0,0,553844.0,0,,0,555750.0,0,556227.0,0,556322.0,0,556533.0,0,557377.0,0,553885.0,0
1787,Vizzit,617.0,34.0,18.15,Studio,34 m² - Studio,59000,Lille,50.61861795268771,3.036849908084974,https://www.vizzit.fr/fr/property/appartement/lille/A89vnn3h1kp3o8wr,,2026-08-12,Lille / Non localisé,Studio/T1,,0,552955.0,0,552199.0,0,554291.0,0,553724.0,0,552189.0,0,551372.0,0,554806.0,0,,0,,0,553141.0,0,551880.0,0,551665.0,0,,0,553573.0,0,554047.0,0,554144.0,0,554357.0,0,555199.0,0,551706.0,0
1788,Vizzit,407.0,16.0,25.44,Studio,16 m² - Studio,59000,Lille,50.60607429110673,3.0384480635363733,https://www.vizzit.fr/fr/property/appartement/lille/Aledy060qlenq56b,,2026-08-12,Lille / Non localisé,Studio/T1,,0,551576.0,0,550820.0,0,552911.0,0,552345.0,0,550811.0,0,549995.0,0,553427.0,0,,0,,0,551762.0,0,550502.0,0,550287.0,0,,0,552194.0,0,552669.0,0,552765.0,0,552977.0,0,553821.0,0,550328.0,0
1789,Vizzit,1100.0,45.0,24.44,Appartement,3 pièce - 2 chambre - 45 m² - s - s,59000,Lille,50.6207472560045,3.058355635596586,https://www.vizzit.fr/fr/property/appartement/lille/Auj0945uabp6vqz3,,2026-08-12,Lille / Non localisé,T3,,0,552809.0,0,552048.0,0,554146.0,0,553579.0,0,552038.0,0,551219.0,0,554661.0,0,,0,,0,552995.0,0,551728.0,0,551512.0,0,,0,553430.0,0,553892.0,0,553993.0,0,554212.0,0,555049.0,0,551554.0,0
1790,Vizzit,550.0,22.0,25.0,Studio,22 m² - Studio,59000,Lille,50.62893964284928,3.096145674423744,https://www.vizzit.fr/fr/property/appartement/lille/A3nmogi1io0q0ssu,,2026-08-12,Lille / Non localisé,Studio/T1,,0,553043.0,0,552274.0,0,554384.0,0,553816.0,0,552263.0,0,551442.0,0,554898.0,0,,0,,0,553230.0,0,551954.0,0,551735.0,0,,0,553669.0,0,554111.0,0,554221.0,0,554450.0,0,555278.0,0,551777.0,0
1791,Vizzit,700.0,25.0,28.0,Appartement,2 pièce - 1 chambre - 25 m² - s,59000,Lille,50.61489884683989,3.0344812439263373,https://www.vizzit.fr/fr/property/appartement/lille/Acyb39uhcw5x30qj,,2026-08-12,Lille / Non localisé,T2,,0,552596.0,0,551841.0,0,553931.0,0,553365.0,0,551831.0,0,551015.0,0,554447.0,0,,0,,0,552782.0,0,551522.0,0,551307.0,0,,0,553214.0,0,553689.0,0,553785.0,0,553998.0,0,554841.0,0,551348.0,0
1792,Vizzit,490.0,20.0,24.5,Appartement,1 pièce - 20 m²,59000,Lille,50.60962167041658,3.070741649608654,https://www.vizzit.fr/fr/property/appartement/lille/A4wds3ksyk1fb2jz,,2026-08-12,Lille / Non localisé,Studio/T1,,0,551395.0,0,550632.0,0,552733.0,0,552166.0,0,550622.0,0,549803.0,0,553248.0,0,,0,,0,551581.0,0,550313.0,0,550096.0,0,,0,552017.0,0,552475.0,0,552578.0,0,552799.0,0,553634.0,0,550138.0,0
1793,Vizzit,734.0,44.0,16.68,Appartement,2 pièce - 1 chambre - 44 m² - s,59000,Lille,50.635791992182526,3.0588558694807317,https://www.vizzit.fr/fr/property/appartement/lille/Aasn42mkcmp1ag34,,2026-08-12,Lille / Non localisé,T2,,0,554421.0,0,553659.0,0,555760.0,0,555193.0,0,553649.0,0,552830.0,0,556274.0,0,,0,,0,554608.0,0,553340.0,0,553123.0,0,,0,555043.0,0,555502.0,0,555605.0,0,555826.0,0,556661.0,0,553165.0,0
1794,Vizzit,710.0,35.0,20.29,Studio,35 m² - Studio,59000,Lille,50.649765060822375,3.0950183802224553,https://www.vizzit.fr/fr/property/appartement/lille/Avd6v8d5eltpcgq6,,2026-08-12,Lille / Non localisé,Studio/T1,,0,555309.0,0,554539.0,0,556652.0,0,556084.0,0,554529.0,0,553707.0,0,557165.0,0,,0,,0,555497.0,0,554219.0,0,554000.0,0,,0,555937.0,0,556375.0,0,556487.0,0,556718.0,0,557544.0,0,554042.0,0
1795,Vizzit,2136.0,164.0,13.02,Appartement,5 pièce - 4 chambre - 164 m² - s - s,59000,Lille,50.63331378329509,3.03616649068456,https://www.vizzit.fr/fr/property/appartement/lille/Am2oklgkyyrt7vyr,,2026-08-12,Lille / Non localisé,Grand (T4+),,0,554550.0,0,553792.0,0,555886.0,0,555319.0,0,553782.0,0,552966.0,0,556401.0,0,,0,,0,554736.0,0,553473.0,0,553258.0,0,,0,555169.0,0,555639.0,0,555737.0,0,555952.0,0,556793.0,0,553299.0,0
1796,Vizzit,487.0,18.0,27.06,Studio,18 m² - Studio,59000,Lille,50.631292050695734,3.05850951068057,https://www.vizzit.fr/fr/property/appartement/lille/A78wqqv1p606a3pz,,2026-08-12,Lille / Non localisé,Studio/T1,,0,553942.0,0,553181.0,0,555280.0,0,554713.0,0,553171.0,0,552352.0,0,555795.0,0,,0,,0,554129.0,0,552861.0,0,552645.0,0,,0,554564.0,0,555024.0,0,555126.0,0,555346.0,0,556183.0,0,552686.0,0
1797,Vizzit,975.0,64.0,15.23,Appartement,2 pièce - 1 chambre - 64 m² - s,59000,Lille,50.62301013709505,3.06061583849701,https://www.vizzit.fr/fr/property/appartement/lille/A5e3p0h38rzk3wel,,2026-08-12,Lille / Non localisé,T2,,0,553013.0,0,552252.0,0,554351.0,0,553784.0,0,552242.0,0,551423.0,0,554866.0,0,,0,,0,553200.0,0,551932.0,0,551716.0,0,,0,553635.0,0,554095.0,0,554198.0,0,554417.0,0,555254.0,0,551757.0,0
1798,Vizzit,700.0,47.0,14.89,Appartement,2 pièce - 1 chambre - 47 m² - s,59000,Lille,50.63965233812304,3.0569181554520486,https://www.vizzit.fr/fr/property/appartement/lille/Av3xjoxg56k0eokh,,2026-08-12,Lille / Non localisé,T2,,0,554871.0,0,554109.0,0,556209.0,0,555642.0,0,554099.0,0,553280.0,0,556724.0,0,,0,,0,555058.0,0,553790.0,0,553573.0,0,,0,555493.0,0,555952.0,0,556055.0,0,556275.0,0,557111.0,0,553615.0,0
1799,Vizzit,655.0,28.0,23.39,Studio,28 m² - Studio,59000,Lille,50.61916456677924,3.067463916695008,https://www.vizzit.fr/fr/property/appartement/lille/Aaql8vosbnzahfuj,,2026-08-12,Lille / Non localisé,Studio/T1,,0,552480.0,0,551717.0,0,553818.0,0,553251.0,0,551708.0,0,550889.0,0,554333.0,0,,0,,0,552667.0,0,551398.0,0,551181.0,0,,0,553102.0,0,553560.0,0,553664.0,0,553884.0,0,554720.0,0,551223.0,0
1800,Vizzit,565.0,48.0,11.77,Appartement,2 pièce - 1 chambre - 48 m² - s,59000,Lille,50.615462347315166,3.0702342500027466,https://www.vizzit.fr/fr/property/appartement/lille/A01tsp2ikadxmhd8,,2026-08-12,Lille / Non localisé,T2,,0,552033.0,0,551270.0,0,553372.0,0,552805.0,0,551260.0,0,550441.0,0,553886.0,0,,0,,0,552220.0,0,550951.0,0,550734.0,0,,0,552656.0,0,553113.0,0,553216.0,0,553438.0,0,554273.0,0,550776.0,0
1801,Vizzit,900.0,52.0,17.31,Appartement,2 pièce - 1 chambre - 52 m² - s,59000,Lille,50.61419167706923,3.0646347285130653,https://www.vizzit.fr/fr/property/appartement/lille/Ayramef89sj0pm80,,2026-08-12,Lille / Non localisé,T2,,0,551993.0,0,551231.0,0,553331.0,0,552764.0,0,551221.0,0,550403.0,0,553846.0,0,,0,,0,552179.0,0,550912.0,0,550695.0,0,,0,552615.0,0,553075.0,0,553177.0,0,553397.0,0,554233.0,0,550737.0,0
1802,Vizzit,1184.0,81.0,14.62,Appartement,3 pièce - 2 chambre - 81 m² - s - s,59000,Lille,50.63536489330956,3.0579013158051933,https://www.vizzit.fr/fr/property/appartement/lille/Ay7v3acnrhmn6ls8,,2026-08-12,Lille / Non localisé,T3,,0,554392.0,0,553630.0,0,555730.0,0,555163.0,0,553620.0,0,552801.0,0,556245.0,0,,0,,0,554578.0,0,553311.0,0,553094.0,0,,0,555014.0,0,555473.0,0,555576.0,0,555796.0,0,556632.0,0,553136.0,0
1803,Vizzit,731.0,45.0,16.24,Appartement,2 pièce - 1 chambre - 45 m² - s,59000,Lille,50.62892672733549,3.048708585977832,https://www.vizzit.fr/fr/property/appartement/lille/Aa0a45qwajtcrl4v,,2026-08-12,Lille / Non localisé,T2,,0,553858.0,0,553098.0,0,555195.0,0,554628.0,0,553088.0,0,552271.0,0,555710.0,0,,0,,0,554044.0,0,552779.0,0,552563.0,0,,0,554478.0,0,554944.0,0,555044.0,0,555261.0,0,556100.0,0,552605.0,0
1804,Vizzit,745.0,43.0,17.33,Appartement,2 pièce - 1 chambre - 43 m² - s,59000,Lille,50.61096736136191,3.0411836951799955,https://www.vizzit.fr/fr/property/appartement/lille/Aqqzs9jq93efb7bb,,2026-08-12,Lille / Non localisé,T2,,0,552055.0,0,551298.0,0,553391.0,0,552824.0,0,551289.0,0,550472.0,0,553906.0,0,,0,,0,552241.0,0,550980.0,0,550764.0,0,,0,552673.0,0,553146.0,0,553243.0,0,553457.0,0,554299.0,0,550806.0,0
1805,Vizzit,1050.0,42.0,25.0,Appartement,2 pièce - 1 chambre - 42 m² - s,59000,Lille,50.633270278508995,3.028235335318689,https://www.vizzit.fr/fr/property/appartement/lille/Anga675cxt1cko0h,,2026-08-12,Lille / Non localisé,T2,,0,554685.0,0,553928.0,0,556020.0,0,555453.0,0,553919.0,0,553103.0,0,556535.0,0,,0,,0,554870.0,0,553610.0,0,553395.0,0,,0,555302.0,0,555777.0,0,555873.0,0,556086.0,0,556929.0,0,553436.0,0
1806,Vizzit,840.0,40.0,21.0,Appartement,2 pièce - 1 chambre - 40 m² - s,59000,Lille,50.60646066380802,3.036731020556371,https://www.vizzit.fr/fr/property/appartement/lille/Ai9h164oky7bxosh,,2026-08-12,Lille / Non localisé,T2,,0,551648.0,0,550893.0,0,552983.0,0,552417.0,0,550883.0,0,550067.0,0,553499.0,0,,0,,0,551834.0,0,550574.0,0,550359.0,0,,0,552266.0,0,552742.0,0,552837.0,0,553049.0,0,553893.0,0,550400.0,0
1807,Vizzit,825.0,41.0,20.12,Appartement,2 pièce - 1 chambre - 41 m² - s,59000,Lille,50.61411654733691,3.0403395621219014,https://www.vizzit.fr/fr/property/appartement/lille/Argprlj4izajgflx,,2026-08-12,Lille / Non localisé,T2,,0,552409.0,0,551652.0,0,553745.0,0,553178.0,0,551642.0,0,550826.0,0,554260.0,0,,0,,0,552595.0,0,551334.0,0,551118.0,0,,0,553027.0,0,553500.0,0,553597.0,0,553811.0,0,554653.0,0,551159.0,0
1808,Vizzit,439.0,17.0,25.82,Studio,17 m² - Studio,59000,Lille,50.62228735208728,3.0544894751509286,https://www.vizzit.fr/fr/property/appartement/lille/A0r8iqvdlzehdqxq,,2026-08-12,Lille / Non localisé,Studio/T1,,0,553042.0,0,552281.0,0,554379.0,0,553812.0,0,552272.0,0,551454.0,0,554894.0,0,,0,,0,553228.0,0,551962.0,0,551746.0,0,,0,553662.0,0,554126.0,0,554227.0,0,554445.0,0,555283.0,0,551788.0,0
1809,Vizzit,1005.0,63.0,15.95,Appartement,3 pièce - 63 m² - s,59000,Lille,50.62897334956662,3.0322001545247184,https://www.vizzit.fr/fr/property/appartement/lille/Afefllewq52jlgb6,,2026-08-12,Lille / Non localisé,T3,,0,554152.0,0,553396.0,0,555487.0,0,554921.0,0,553386.0,0,552569.0,0,556003.0,0,,0,,0,554338.0,0,553077.0,0,552862.0,0,,0,554770.0,0,555244.0,0,555341.0,0,555553.0,0,556396.0,0,552903.0,0
1810,Vizzit,907.0,40.0,22.68,Appartement,2 pièce - 1 chambre - 40 m² - s,59000,Lille,50.641417957758826,3.0618830082130675,https://www.vizzit.fr/fr/property/appartement/lille/Akq8yhjwpi2ohrlu,,2026-08-12,Lille / Non localisé,T2,,0,554976.0,0,554212.0,0,556314.0,0,555747.0,0,554202.0,0,553383.0,0,556829.0,0,,0,,0,555162.0,0,553893.0,0,553676.0,0,,0,555598.0,0,556055.0,0,556158.0,0,556380.0,0,557215.0,0,553718.0,0
1811,Vizzit,611.0,22.0,27.77,Studio,22 m² - Studio,59000,Lille,50.617733925138886,3.085281032079706,https://www.vizzit.fr/fr/property/appartement/lille/Aqr8p7nzhl290154,,2026-08-12,Lille / Non localisé,Studio/T1,,0,552019.0,0,551253.0,0,553359.0,0,552792.0,0,551243.0,0,550423.0,0,553873.0,0,,0,,0,552206.0,0,550933.0,0,550715.0,0,,0,552644.0,0,553093.0,0,553200.0,0,553425.0,0,554256.0,0,550757.0,0
1812,Vizzit,650.0,19.0,34.21,Studio,19 m² - Studio,59000,Lille,50.632816440121644,3.065818473020653,https://www.vizzit.fr/fr/property/appartement/lille/A4dtjocieklw3uzr,,2026-08-12,Lille / Non localisé,Studio/T1,,0,553980.0,0,553217.0,0,555319.0,0,554752.0,0,553207.0,0,552388.0,0,555834.0,0,,0,,0,554167.0,0,552897.0,0,552680.0,0,,0,554603.0,0,555059.0,0,555163.0,0,555385.0,0,556219.0,0,552722.0,0
1813,Vizzit,770.0,41.0,18.78,Appartement,2 pièce - 1 chambre - 41 m² - s,59000,Lille,50.63972739167011,3.0515406458424823,https://www.vizzit.fr/fr/property/appartement/lille/Atab2yme1nh6dwhm,,2026-08-12,Lille / Non localisé,T2,,0,554972.0,0,554211.0,0,556310.0,0,555743.0,0,554201.0,0,553383.0,0,556825.0,0,,0,,0,555159.0,0,553892.0,0,553676.0,0,,0,555594.0,0,556056.0,0,556157.0,0,556376.0,0,557213.0,0,553717.0,0
1814,Vizzit,424.0,15.0,28.27,Studio,15 m² - Studio,59000,Lille,50.63630983980024,3.0583542378035062,https://www.vizzit.fr/fr/property/appartement/lille/A3cba39jnc971wmu,,2026-08-12,Lille / Non localisé,Studio/T1,,0,554486.0,0,553724.0,0,555824.0,0,555257.0,0,553714.0,0,552895.0,0,556339.0,0,,0,,0,554672.0,0,553404.0,0,553188.0,0,,0,555108.0,0,555567.0,0,555670.0,0,555890.0,0,556726.0,0,553229.0,0
1815,Vizzit,352.0,15.0,23.47,Studio,15 m² - Studio,59000,Lille,50.61968385624914,3.0560273402223626,https://www.vizzit.fr/fr/property/appartement/lille/Ahyed47t8lzh1noc,,2026-08-12,Lille / Non localisé,Studio/T1,,0,552734.0,0,551974.0,0,554072.0,0,553505.0,0,551964.0,0,551146.0,0,554587.0,0,,0,,0,552921.0,0,551655.0,0,551439.0,0,,0,553355.0,0,553819.0,0,553920.0,0,554138.0,0,554976.0,0,551480.0,0
1816,Vizzit,750.0,26.0,28.85,Studio,26 m² - Studio,59000,Lille,50.63239491396074,3.0482758882360064,https://www.vizzit.fr/fr/property/appartement/lille/Ah5td9ccivl28gi9,,2026-08-12,Lille / Non localisé,Studio/T1,,0,554239.0,0,553479.0,0,555576.0,0,555009.0,0,553469.0,0,552652.0,0,556091.0,0,,0,,0,554425.0,0,553160.0,0,552944.0,0,,0,554859.0,0,555324.0,0,555425.0,0,555642.0,0,556481.0,0,552986.0,0
1817,Vizzit,865.0,28.0,30.89,Studio,28 m² - Studio,59000,Lille,50.6332703758449,3.0341491472475353,https://www.vizzit.fr/fr/property/appartement/lille/Akjuibjst7w4yw7r,,2026-08-12,Lille / Non localisé,Studio/T1,,0,554581.0,0,553823.0,0,555916.0,0,555350.0,0,553814.0,0,552997.0,0,556432.0,0,,0,,0,554767.0,0,553505.0,0,553289.0,0,,0,555199.0,0,555671.0,0,555768.0,0,555982.0,0,556824.0,0,553330.0,0
1818,Vizzit,635.0,32.0,19.84,Appartement,2 pièce - 1 chambre - 32 m² - s,59000,Lille,50.610666027228284,3.073404219005643,https://www.vizzit.fr/fr/property/appartement/lille/A4hjl9yio86uhvj7,,2026-08-12,Lille / Non localisé,T2,,0,551461.0,0,550698.0,0,552800.0,0,552233.0,0,550688.0,0,549869.0,0,553314.0,0,,0,,0,551648.0,0,550379.0,0,550162.0,0,,0,552084.0,0,552541.0,0,552644.0,0,552866.0,0,553701.0,0,550203.0,0
1819,Vizzit,574.0,33.0,17.39,Appartement,1 pièce - 33 m²,59000,Lille,50.62083574104218,3.0848429533542534,https://www.vizzit.fr/fr/property/appartement/lille/Al9g251z3vcjkt3t,,2026-08-12,Lille / Non localisé,Studio/T1,,0,552361.0,0,551595.0,0,553701.0,0,553134.0,0,551585.0,0,550764.0,0,554215.0,0,,0,,0,552548.0,0,551275.0,0,551057.0,0,,0,552986.0,0,553435.0,0,553542.0,0,553767.0,0,554598.0,0,551099.0,0
1820,Vizzit,880.0,40.0,22.0,Appartement,2 pièce - 1 chambre - 40 m² - s,59000,Lille,50.62829164767922,3.075502415660849,https://www.vizzit.fr/fr/property/appartement/lille/A25n80c46o12xz81,,2026-08-12,Lille / Non localisé,T2,,0,553326.0,0,552561.0,0,554665.0,0,554098.0,0,552551.0,0,551731.0,0,555179.0,0,,0,,0,553512.0,0,552241.0,0,552023.0,0,,0,553949.0,0,554402.0,0,554507.0,0,554731.0,0,555564.0,0,552065.0,0
1821,Vizzit,1185.0,92.0,12.88,Appartement,3 pièce - 2 chambre - 92 m² - s - s,59000,Lille,50.616973007831625,3.0500293910616003,https://www.vizzit.fr/fr/property/immobilier/lille/Augsiq9s8oh2c9ju,,2026-08-12,Lille / Non localisé,T3,,0,552547.0,0,551788.0,0,553884.0,0,553317.0,0,551778.0,0,550961.0,0,554399.0,0,,0,,0,552733.0,0,551469.0,0,551253.0,0,,0,553167.0,0,553634.0,0,553733.0,0,553950.0,0,554789.0,0,551295.0,0
1822,Vizzit,1280.0,85.0,15.06,Appartement,3 pièce - 2 chambre - 85 m² - s - s,59000,Lille,50.60899385841182,3.0718853030101587,https://www.vizzit.fr/fr/property/appartement/lille/Ai78dur5sp4qfwny,,2026-08-12,Lille / Non localisé,T3,,0,551307.0,0,550544.0,0,552646.0,0,552079.0,0,550535.0,0,549716.0,0,553160.0,0,,0,,0,551494.0,0,550225.0,0,550008.0,0,,0,551930.0,0,552387.0,0,552491.0,0,552712.0,0,553547.0,0,550050.0,0
1823,Vizzit,830.0,46.0,18.04,Appartement,2 pièce - 46 m² - s,59000,Lille,50.63638931835691,3.046220260631907,https://www.vizzit.fr/fr/property/appartement/lille/Ayhx72u0szt8ek1a,,2026-08-12,Lille / Non localisé,T2,,0,554705.0,0,553945.0,0,556042.0,0,555476.0,0,553936.0,0,553118.0,0,556557.0,0,,0,,0,554892.0,0,553627.0,0,553410.0,0,,0,555326.0,0,555791.0,0,555891.0,0,556108.0,0,556947.0,0,553452.0,0
1824,Vizzit,650.0,29.0,22.41,Appartement,29 m²,59000,Lille,50.64864609147559,3.0666467964417947,https://www.vizzit.fr/fr/property/appartement/lille/Awpoca78r0lrd9vd,,2026-08-12,Lille / Non localisé,Studio/T1,,0,555673.0,0,554908.0,0,557012.0,0,556445.0,0,554898.0,0,554078.0,0,557527.0,0,,0,,0,555860.0,0,554588.0,0,554371.0,0,,0,556297.0,0,556749.0,0,556854.0,0,557078.0,0,557911.0,0,554413.0,0
1825,Vizzit,636.0,27.0,23.56,Studio,27 m² - Studio,59000,Lille,50.6186825825723,3.0367006043146225,https://www.vizzit.fr/fr/property/appartement/lille/Aa1tqs9guwaa5g2h,,2026-08-12,Lille / Non localisé,Studio/T1,,0,552965.0,0,552208.0,0,554300.0,0,553734.0,0,552199.0,0,551382.0,0,554816.0,0,,0,,0,553151.0,0,551890.0,0,551674.0,0,,0,553583.0,0,554056.0,0,554153.0,0,554366.0,0,555209.0,0,551716.0,0
1826,Vizzit,730.0,40.0,18.25,Appartement,2 pièce - 1 chambre - 40 m² - s,59000,Lille,50.615900045053834,3.0422062739636733,https://www.vizzit.fr/fr/property/appartement/lille/Am77sxj40150r9ox,,2026-08-12,Lille / Non localisé,T2,,0,552568.0,0,551811.0,0,553904.0,0,553338.0,0,551801.0,0,550984.0,0,554420.0,0,,0,,0,552754.0,0,551492.0,0,551277.0,0,,0,553187.0,0,553658.0,0,553756.0,0,553970.0,0,554812.0,0,551318.0,0
1827,Vizzit,784.0,55.0,14.25,Appartement,3 pièce - 2 chambre - 55 m² - s - s,59000,Lille,50.61611269306811,3.0730129823631325,https://www.vizzit.fr/fr/property/appartement/lille/Avwoto2bntkma96e,,2026-08-12,Lille / Non localisé,T3,,0,552055.0,0,551292.0,0,553394.0,0,552827.0,0,551282.0,0,550462.0,0,553908.0,0,,0,,0,552242.0,0,550972.0,0,550755.0,0,,0,552678.0,0,553134.0,0,553238.0,0,553460.0,0,554294.0,0,550797.0,0
1828,Vizzit,600.0,16.0,37.5,Studio,16 m² - Studio,59000,Lille,50.649429261159,3.0555951394029033,https://www.vizzit.fr/fr/property/appartement/lille/A0xdpv6b8w3wnf5t,,2026-08-12,Lille / Non localisé,Studio/T1,,0,555948.0,0,555185.0,0,557286.0,0,556719.0,0,555175.0,0,554356.0,0,557801.0,0,,0,,0,556134.0,0,554866.0,0,554649.0,0,,0,556570.0,0,557028.0,0,557131.0,0,557352.0,0,558187.0,0,554691.0,0
1829,Vizzit,550.0,25.0,22.0,Studio,25 m² - Studio,59000,Lille,50.63389132164499,3.0484679740698373,https://www.vizzit.fr/fr/property/appartement/lille/Afoy109xx70xcrfl,,2026-08-12,Lille / Non localisé,Studio/T1,,0,554397.0,0,553637.0,0,555734.0,0,555167.0,0,553627.0,0,552809.0,0,556249.0,0,,0,,0,554583.0,0,553318.0,0,553102.0,0,,0,555017.0,0,555482.0,0,555583.0,0,555800.0,0,556638.0,0,553143.0,0
1830,Vizzit,690.0,35.0,19.71,Appartement,2 pièce - 1 chambre - 35 m² - s,59000,Lille,50.63812110989258,3.0802617547129056,https://www.vizzit.fr/fr/property/appartement/lille/Agub4hc4otsh6sty,,2026-08-12,Lille / Non localisé,T2,,0,554304.0,0,553537.0,0,555645.0,0,555077.0,0,553527.0,0,552707.0,0,556158.0,0,,0,,0,554491.0,0,553218.0,0,553000.0,0,,0,554929.0,0,555377.0,0,555484.0,0,555710.0,0,556541.0,0,553042.0,0
1831,Vizzit,967.0,55.0,17.58,Appartement,2 pièce - 1 chambre - 55 m² - s,59000,Lille,50.63172378845185,3.0934218531464177,https://www.vizzit.fr/fr/property/appartement/lille/Am34g9vr1pa6o997,,2026-08-12,Lille / Non localisé,T2,,0,553389.0,0,552621.0,0,554731.0,0,554163.0,0,552611.0,0,551789.0,0,555244.0,0,,0,,0,553576.0,0,552301.0,0,552082.0,0,,0,554016.0,0,554458.0,0,554568.0,0,554797.0,0,555625.0,0,552124.0,0
1832,Vizzit,435.0,19.0,22.89,Appartement,2 pièce - 1 chambre - 19 m² - s,59000,Lille,50.60958105206785,3.0396858374439066,https://www.vizzit.fr/fr/property/appartement/lille/Akm0a9e1vt23pxrm,,2026-08-12,Lille / Non localisé,T2,,0,551932.0,0,551176.0,0,553267.0,0,552701.0,0,551166.0,0,550350.0,0,553783.0,0,,0,,0,552118.0,0,550857.0,0,550642.0,0,,0,552550.0,0,553024.0,0,553121.0,0,553334.0,0,554176.0,0,550683.0,0
1833,Vizzit,560.0,25.0,22.4,Studio,25 m² - Studio,59000,Lille,50.61476937196783,3.0437771209895597,https://www.vizzit.fr/fr/property/appartement/lille/Avprjoi7bzsflht4,,2026-08-12,Lille / Non localisé,Studio/T1,,0,552419.0,0,551661.0,0,553755.0,0,553188.0,0,551652.0,0,550835.0,0,554270.0,0,,0,,0,552605.0,0,551343.0,0,551127.0,0,,0,553038.0,0,553509.0,0,553607.0,0,553821.0,0,554662.0,0,551168.0,0
1834,Vizzit,480.0,25.0,19.2,Studio,25 m² - Studio,59000,Lille,50.63611939215815,3.0415800844210654,https://www.vizzit.fr/fr/property/appartement/lille/Apcify16y6gw5mlh,,2026-08-12,Lille / Non localisé,Studio/T1,,0,554757.0,0,553998.0,0,556094.0,0,555527.0,0,553989.0,0,553171.0,0,556609.0,0,,0,,0,554943.0,0,553679.0,0,553463.0,0,,0,555377.0,0,555844.0,0,555944.0,0,556160.0,0,557000.0,0,553505.0,0
1835,Vizzit,860.0,31.0,27.74,Studio,31 m² - Studio,59000,Lille,50.63820708730031,3.0192914167513365,https://www.vizzit.fr/fr/property/appartement/lille/An82dfbxer6zy8f4,,2026-08-12,Lille / Non localisé,Studio/T1,,0,555374.0,0,554619.0,0,556708.0,0,556142.0,0,554609.0,0,553794.0,0,557224.0,0,,0,,0,555560.0,0,554301.0,0,554086.0,0,,0,555991.0,0,556469.0,0,556564.0,0,556774.0,0,557619.0,0,554127.0,0
1836,Vizzit,900.0,46.0,19.57,Appartement,2 pièce - 1 chambre - 46 m² - s,59000,Lille,50.6191513381541,3.091824160878448,https://www.vizzit.fr/fr/property/appartement/lille/Aogbduhy7a3opjo3,,2026-08-12,Lille / Non localisé,T2,,0,552060.0,0,551293.0,0,553401.0,0,552833.0,0,551282.0,0,550462.0,0,553915.0,0,,0,,0,552247.0,0,550973.0,0,550755.0,0,,0,552686.0,0,553131.0,0,553240.0,0,553467.0,0,554296.0,0,550797.0,0
1837,Vizzit,1130.0,50.0,22.6,Appartement,2 pièce - 1 chambre - 50 m² - s,59000,Lille,50.61617838056313,3.0639389388734073,https://www.vizzit.fr/fr/property/appartement/lille/Ad1vbcuirs2mena6,,2026-08-12,Lille / Non localisé,T2,,0,552219.0,0,551458.0,0,553557.0,0,552990.0,0,551448.0,0,550629.0,0,554072.0,0,,0,,0,552406.0,0,551138.0,0,550922.0,0,,0,552841.0,0,553301.0,0,553403.0,0,553623.0,0,554460.0,0,550963.0,0
1838,Vizzit,655.0,23.0,28.48,Studio,23 m² - Studio,59000,Lille,50.632599606292146,3.072246219096333,https://www.vizzit.fr/fr/property/appartement/lille/Aew34thy9p37nfn4,,2026-08-12,Lille / Non localisé,Studio/T1,,0,553846.0,0,553081.0,0,555186.0,0,554618.0,0,553071.0,0,552252.0,0,555700.0,0,,0,,0,554033.0,0,552762.0,0,552544.0,0,,0,554470.0,0,554923.0,0,555028.0,0,555251.0,0,556084.0,0,552586.0,0
1839,Vizzit,790.0,28.0,28.21,Appartement,2 pièce - 1 chambre - 28 m² - s,59000,Lille,50.636854230967394,3.062445694939713,https://www.vizzit.fr/fr/property/appartement/lille/A3z2hc75l506y470,,2026-08-12,Lille / Non localisé,T2,,0,554474.0,0,553711.0,0,555812.0,0,555245.0,0,553701.0,0,552882.0,0,556327.0,0,,0,,0,554660.0,0,553391.0,0,553174.0,0,,0,555096.0,0,555553.0,0,555657.0,0,555878.0,0,556713.0,0,553216.0,0
1840,Vizzit,560.0,15.0,37.33,Studio,15 m² - Studio,59000,Lille,50.620388518665244,3.0438024678115405,https://www.vizzit.fr/fr/property/appartement/lille/A31xdtqbud3mqqxo,,2026-08-12,Lille / Non localisé,Studio/T1,,0,553024.0,0,552266.0,0,554360.0,0,553793.0,0,552256.0,0,551439.0,0,554875.0,0,,0,,0,553210.0,0,551947.0,0,551731.0,0,,0,553643.0,0,554113.0,0,554211.0,0,554426.0,0,555267.0,0,551773.0,0
1841,Vizzit,700.0,19.0,36.84,Studio,19 m² - Studio,59000,Lille,50.646157141395,3.063859060250264,https://www.vizzit.fr/fr/property/appartement/lille/A6c226gs47z2h7fd,,2026-08-12,Lille / Non localisé,Studio/T1,,0,555452.0,0,554688.0,0,556792.0,0,556224.0,0,554678.0,0,553859.0,0,557306.0,0,,0,,0,555639.0,0,554369.0,0,554152.0,0,,0,556076.0,0,556530.0,0,556635.0,0,556857.0,0,557691.0,0,554193.0,0
1842,Vizzit,785.0,60.0,13.08,Appartement,3 pièce - 2 chambre - 60 m² - s - s,59000,Lille,50.62143691669213,3.0553302186462736,https://www.vizzit.fr/fr/property/appartement/lille/Amgew9qqz2sc5arq,,2026-08-12,Lille / Non localisé,T3,,0,552936.0,0,552175.0,0,554273.0,0,553706.0,0,552165.0,0,551347.0,0,554788.0,0,,0,,0,553122.0,0,551856.0,0,551640.0,0,,0,553556.0,0,554020.0,0,554121.0,0,554339.0,0,555177.0,0,551681.0,0
1843,Vizzit,895.0,68.0,13.16,Appartement,3 pièce - 2 chambre - 68 m² - s - s,59000,Lille,50.617933226605075,3.0394551742313696,https://www.vizzit.fr/fr/property/appartement/lille/A0trg9hhw53knpu3,,2026-08-12,Lille / Non localisé,T3,,0,552836.0,0,552079.0,0,554171.0,0,553605.0,0,552069.0,0,551252.0,0,554687.0,0,,0,,0,553022.0,0,551760.0,0,551544.0,0,,0,553454.0,0,553926.0,0,554024.0,0,554237.0,0,555079.0,0,551586.0,0
1844,Vizzit,465.0,21.0,22.14,Studio,21 m² - Studio,59000,Lille,50.62020359853952,3.090740933786969,https://www.vizzit.fr/fr/property/appartement/lille/Alm417t20cgiltur,,2026-08-12,Lille / Non localisé,Studio/T1,,0,552192.0,0,551425.0,0,553533.0,0,552965.0,0,551415.0,0,550594.0,0,554047.0,0,,0,,0,552379.0,0,551105.0,0,550887.0,0,,0,552818.0,0,553264.0,0,553372.0,0,553599.0,0,554428.0,0,550929.0,0
1845,Vizzit,750.0,42.0,17.86,Appartement,2 pièce - 1 chambre - 42 m² - s,59000,Lille,50.617333401564295,3.054333959317077,https://www.vizzit.fr/fr/property/appartement/lille/Ak7wo379n5h24dow,,2026-08-12,Lille / Non localisé,T2,,0,552511.0,0,551751.0,0,553848.0,0,553281.0,0,551741.0,0,550923.0,0,554363.0,0,,0,,0,552697.0,0,551432.0,0,551215.0,0,,0,553131.0,0,553596.0,0,553696.0,0,553914.0,0,554752.0,0,551257.0,0
1846,Vizzit,759.0,44.0,17.25,Studio,44 m² - Studio,59000,Lille,50.6240249641458,3.0493817460331574,https://www.vizzit.fr/fr/property/appartement/lille/Ac79gzo8cnt1q43h,,2026-08-12,Lille / Non localisé,Studio/T1,,0,553318.0,0,552559.0,0,554655.0,0,554088.0,0,552549.0,0,551731.0,0,555170.0,0,,0,,0,553504.0,0,552240.0,0,552023.0,0,,0,553938.0,0,554404.0,0,554504.0,0,554721.0,0,555560.0,0,552065.0,0
1847,Vizzit,610.0,16.0,38.12,Studio,16 m² - Studio,59000,Lille,50.62306843712421,3.0656803400733743,https://www.vizzit.fr/fr/property/appartement/lille/Anrcb1o5895ndrpu,,2026-08-12,Lille / Non localisé,Studio/T1,,0,552932.0,0,552169.0,0,554270.0,0,553703.0,0,552159.0,0,551340.0,0,554785.0,0,,0,,0,553118.0,0,551850.0,0,551633.0,0,,0,553554.0,0,554012.0,0,554115.0,0,554336.0,0,555171.0,0,551675.0,0
1848,Vizzit,1070.0,54.0,19.81,Appartement,2 pièce - 1 chambre - 54 m² - s,59000,Lille,50.62214512595469,3.0507838691311986,https://www.vizzit.fr/fr/property/appartement/lille/Ae0u30ito66icfi7,,2026-08-12,Lille / Non localisé,T2,,0,553091.0,0,552331.0,0,554428.0,0,553861.0,0,552322.0,0,551504.0,0,554943.0,0,,0,,0,553277.0,0,552012.0,0,551796.0,0,,0,553711.0,0,554177.0,0,554277.0,0,554494.0,0,555333.0,0,551838.0,0
1849,Vizzit,450.0,18.0,25.0,Studio,18 m² - Studio,59000,Lille,50.62461652203669,3.039731880018913,https://www.vizzit.fr/fr/property/appartement/lille/A0wcz67qqtw0ddj5,,2026-08-12,Lille / Non localisé,Studio/T1,,0,553551.0,0,552793.0,0,554886.0,0,554320.0,0,552783.0,0,551966.0,0,555402.0,0,,0,,0,553737.0,0,552474.0,0,552258.0,0,,0,554169.0,0,554640.0,0,554738.0,0,554953.0,0,555794.0,0,552300.0,0
1850,Vizzit,609.0,22.0,27.68,Studio,22 m² - Studio,59000,Lille,50.646318620644884,3.0961480239799055,https://www.vizzit.fr/fr/property/appartement/lille/Autfr6wh8qfz6ybs,,2026-08-12,Lille / Non localisé,Studio/T1,,0,554918.0,0,554148.0,0,556261.0,0,555693.0,0,554138.0,0,553316.0,0,556774.0,0,,0,,0,555106.0,0,553828.0,0,553609.0,0,,0,555546.0,0,555984.0,0,556095.0,0,556326.0,0,557153.0,0,553651.0,0
1851,Vizzit,600.0,46.0,13.04,Appartement,4 pièce - 1 chambre - 46 m² - s,59000,Lille,50.61686900045521,3.076500633321007,https://www.vizzit.fr/fr/property/appartement/lille/A422l4lk86myfe1s,,2026-08-12,Lille / Non localisé,Grand (T4+),,0,552077.0,0,551312.0,0,553416.0,0,552849.0,0,551302.0,0,550483.0,0,553930.0,0,,0,,0,552263.0,0,550993.0,0,550775.0,0,,0,552700.0,0,553154.0,0,553259.0,0,553482.0,0,554315.0,0,550817.0,0
1852,Vizzit,995.0,45.0,22.11,Appartement,2 pièce - 1 chambre - 45 m² - s,59000,Lille,50.648904107557414,3.0528052180319554,https://www.vizzit.fr/fr/property/appartement/lille/Atpck0jev2hrjin9,,2026-08-12,Lille / Non localisé,T2,,0,555940.0,0,555177.0,0,557278.0,0,556711.0,0,555168.0,0,554349.0,0,557792.0,0,,0,,0,556126.0,0,554858.0,0,554641.0,0,,0,556561.0,0,557021.0,0,557123.0,0,557344.0,0,558180.0,0,554683.0,0
1853,Vizzit,990.0,75.0,13.2,Appartement,3 pièce - 2 chambre - 75 m² - s - s,59000,Lille,50.61714600725609,3.0327059060090304,https://www.vizzit.fr/fr/property/appartement/lille/Awyzfps14cbrptad,,2026-08-12,Lille / Non localisé,T3,,0,552870.0,0,552114.0,0,554205.0,0,553638.0,0,552104.0,0,551288.0,0,554720.0,0,,0,,0,553056.0,0,551796.0,0,551580.0,0,,0,553487.0,0,553963.0,0,554059.0,0,554271.0,0,555114.0,0,551622.0,0
1854,Vizzit,575.0,25.0,23.0,Studio,25 m² - Studio,59000,Lille,50.63590949290512,3.0405300961753814,https://www.vizzit.fr/fr/property/appartement/lille/Al2qcg8favdlejap,,2026-08-12,Lille / Non localisé,Studio/T1,,0,554753.0,0,553994.0,0,556089.0,0,555523.0,0,553985.0,0,553167.0,0,556605.0,0,,0,,0,554939.0,0,553675.0,0,553459.0,0,,0,555372.0,0,555841.0,0,555940.0,0,556155.0,0,556995.0,0,553501.0,0
1855,Vizzit,575.0,25.0,23.0,Appartement,2 pièce - 1 chambre - 25 m² - s,59000,Lille,50.63096555281233,3.021127916697854,https://www.vizzit.fr/fr/property/appartement/lille/Al5ngcnbggl511ww,,2026-08-12,Lille / Non localisé,T2,,0,554562.0,0,553807.0,0,555896.0,0,555330.0,0,553798.0,0,552982.0,0,556412.0,0,,0,,0,554748.0,0,553489.0,0,553274.0,0,,0,555178.0,0,555657.0,0,555752.0,0,555962.0,0,556807.0,0,553315.0,0
1856,Vizzit,695.0,27.0,25.74,Studio,27 m² - Studio,59000,Lille,50.64111583546534,3.0402738155879336,https://www.vizzit.fr/fr/property/appartement/lille/Ab0yfxqikqx096o8,,2026-08-12,Lille / Non localisé,Studio/T1,,0,555318.0,0,554559.0,0,556655.0,0,556088.0,0,554549.0,0,553732.0,0,557170.0,0,,0,,0,555505.0,0,554240.0,0,554024.0,0,,0,555938.0,0,556405.0,0,556505.0,0,556721.0,0,557560.0,0,554066.0,0
1857,Vizzit,745.0,32.0,23.28,Studio,32 m² - Studio,59000,Lille,50.628634400435985,3.029939618090421,https://www.vizzit.fr/fr/property/appartement/lille/Az8kkwd15nwi25lw,,2026-08-12,Lille / Non localisé,Studio/T1,,0,554155.0,0,553399.0,0,555490.0,0,554924.0,0,553390.0,0,552573.0,0,556006.0,0,,0,,0,554341.0,0,553081.0,0,552865.0,0,,0,554773.0,0,555248.0,0,555344.0,0,555557.0,0,556400.0,0,552907.0,0
1858,Vizzit,490.0,22.0,22.27,Studio,22 m² - Studio,59000,Lille,50.61838399891064,3.0466148008573444,https://www.vizzit.fr/fr/property/appartement/lille/Af0h3tqmbek87vus,,2026-08-12,Lille / Non localisé,Studio/T1,,0,552759.0,0,552000.0,0,554095.0,0,553528.0,0,551990.0,0,551173.0,0,554610.0,0,,0,,0,552945.0,0,551681.0,0,551465.0,0,,0,553378.0,0,553847.0,0,553946.0,0,554161.0,0,555001.0,0,551507.0,0
1859,Vizzit,770.0,33.0,23.33,Studio,33 m² - Studio,59000,Lille,50.64540903990742,3.057233285540139,https://www.vizzit.fr/fr/property/appartement/lille/Ag49sputue4ie2pq,,2026-08-12,Lille / Non localisé,Studio/T1,,0,555486.0,0,554723.0,0,556825.0,0,556258.0,0,554714.0,0,553895.0,0,557339.0,0,,0,,0,555673.0,0,554404.0,0,554187.0,0,,0,556108.0,0,556566.0,0,556670.0,0,556891.0,0,557726.0,0,554229.0,0
1860,Vizzit,520.0,18.0,28.89,Studio,18 m² - Studio,59000,Lille,50.611660269937616,3.0577967989194086,https://www.vizzit.fr/fr/property/appartement/lille/Ab50lvb6h2aj0q0l,,2026-08-12,Lille / Non localisé,Studio/T1,,0,551839.0,0,551079.0,0,553176.0,0,552609.0,0,551069.0,0,550251.0,0,553691.0,0,,0,,0,552025.0,0,550760.0,0,550544.0,0,,0,552460.0,0,552924.0,0,553025.0,0,553242.0,0,554080.0,0,550585.0,0
1861,Vizzit,650.0,45.0,14.44,Appartement,2 pièce - 1 chambre - 45 m² - s,59000,Lille,50.64686356077566,3.0901822259083906,https://www.vizzit.fr/fr/property/appartement/lille/A3t20b8n13kh5lch,,2026-08-12,Lille / Non localisé,T2,,0,555078.0,0,554309.0,0,556420.0,0,555852.0,0,554299.0,0,553477.0,0,556933.0,0,,0,,0,555265.0,0,553989.0,0,553770.0,0,,0,555705.0,0,556146.0,0,556256.0,0,556486.0,0,557313.0,0,553813.0,0
1862,Vizzit,640.0,40.0,16.0,Appartement,3 pièce - 2 chambre - 40 m² - s - s,59000,Lille,50.62578356026149,3.0840508490399836,https://www.vizzit.fr/fr/property/appartement/lille/A3bd51xltr2i6waw,,2026-08-12,Lille / Non localisé,T3,,0,552908.0,0,552142.0,0,554249.0,0,553681.0,0,552132.0,0,551311.0,0,554763.0,0,,0,,0,553095.0,0,551822.0,0,551604.0,0,,0,553533.0,0,553982.0,0,554089.0,0,554315.0,0,555145.0,0,551646.0,0
1863,Vizzit,700.0,49.0,14.29,Appartement,2 pièce - 1 chambre - 49 m² - s,59000,Lille,50.64425849290594,3.056984780199231,https://www.vizzit.fr/fr/property/appartement/lille/Aodu0dqwyyy9fwv2,,2026-08-12,Lille / Non localisé,T2,,0,555366.0,0,554604.0,0,556705.0,0,556138.0,0,554594.0,0,553775.0,0,557219.0,0,,0,,0,555553.0,0,554285.0,0,554068.0,0,,0,555989.0,0,556447.0,0,556550.0,0,556771.0,0,557606.0,0,554109.0,0
1864,Vizzit,580.0,23.0,25.22,Studio,23 m² - Studio,59000,Lille,50.63921483146566,3.05803038752326,https://www.vizzit.fr/fr/property/appartement/lille/A6bwza26j2ti63oi,,2026-08-12,Lille / Non localisé,Studio/T1,,0,554805.0,0,554042.0,0,556143.0,0,555576.0,0,554032.0,0,553213.0,0,556658.0,0,,0,,0,554991.0,0,553723.0,0,553506.0,0,,0,555427.0,0,555885.0,0,555988.0,0,556209.0,0,557045.0,0,553548.0,0
1865,Vizzit,640.0,30.0,21.33,Studio,30 m² - Studio,59000,Lille,50.61903091877536,3.044015936678931,https://www.vizzit.fr/fr/property/appartement/lille/Aax1frpq72aeuvx6,,2026-08-12,Lille / Non localisé,Studio/T1,,0,552874.0,0,552116.0,0,554210.0,0,553643.0,0,552106.0,0,551289.0,0,554725.0,0,,0,,0,553060.0,0,551797.0,0,551581.0,0,,0,553493.0,0,553963.0,0,554061.0,0,554276.0,0,555117.0,0,551623.0,0
1866,Vizzit,695.0,40.0,17.38,Appartement,1 pièce - 40 m²,59000,Lille,50.63679744707821,3.0388888709572197,https://www.vizzit.fr/fr/property/appartement/lille/Asmldn60z2bf22z7,,2026-08-12,Lille / Non localisé,Studio/T1,,0,554877.0,0,554119.0,0,556214.0,0,555647.0,0,554109.0,0,553292.0,0,556729.0,0,,0,,0,555064.0,0,553800.0,0,553584.0,0,,0,555497.0,0,555965.0,0,556064.0,0,556280.0,0,557120.0,0,553626.0,0
1867,Vizzit,290.0,22.0,13.18,Studio,22 m² - Studio,59000,Lille,50.610261735272914,3.0450975761213446,https://www.vizzit.fr/fr/property/appartement/lille/Au18b6flykxco8g0,,2026-08-12,Lille / Non localisé,Studio/T1,,0,551910.0,0,551153.0,0,553246.0,0,552680.0,0,551143.0,0,550326.0,0,553762.0,0,,0,,0,552096.0,0,550834.0,0,550618.0,0,,0,552529.0,0,553000.0,0,553098.0,0,553312.0,0,554154.0,0,550660.0,0
1868,Vizzit,545.0,15.0,36.33,Studio,15 m² - Studio,59000,Lille,50.60757466502204,3.0408759238227128,https://www.vizzit.fr/fr/property/appartement/lille/A493kxvrpn48njj6,,2026-08-12,Lille / Non localisé,Studio/T1,,0,551695.0,0,550939.0,0,553030.0,0,552464.0,0,550929.0,0,550113.0,0,553546.0,0,,0,,0,551881.0,0,550620.0,0,550405.0,0,,0,552313.0,0,552787.0,0,552884.0,0,553097.0,0,553939.0,0,550446.0,0
1869,Vizzit,1020.0,80.0,12.75,Appartement,3 pièce - 2 chambre - 80 m² - s - s,59000,Lille,50.63441467583103,3.058243603188016,https://www.vizzit.fr/fr/property/appartement/lille/A6e442bpsogexha3,,2026-08-12,Lille / Non localisé,T3,,0,554284.0,0,553522.0,0,555622.0,0,555055.0,0,553512.0,0,552693.0,0,556136.0,0,,0,,0,554470.0,0,553202.0,0,552985.0,0,,0,554905.0,0,555365.0,0,555468.0,0,555688.0,0,556524.0,0,553027.0,0
1870,Vizzit,850.0,54.0,15.74,Appartement,2 pièce - 1 chambre - 54 m² - s,59000,Lille,50.605875508122864,3.049185963440042,https://www.vizzit.fr/fr/property/appartement/lille/A9ibtvqqaygdhkya,,2026-08-12,Lille / Non localisé,T2,,0,551366.0,0,550608.0,0,552702.0,0,552136.0,0,550599.0,0,549781.0,0,553218.0,0,,0,,0,551552.0,0,550290.0,0,550074.0,0,,0,551985.0,0,552455.0,0,552554.0,0,552768.0,0,553609.0,0,550115.0,0
1871,Vizzit,1200.0,75.0,16.0,Appartement,3 pièce - 2 chambre - 75 m² - s - s,59000,Lille,50.63713845817921,3.0220123914763417,https://www.vizzit.fr/fr/property/appartement/lille/Azkw6gej8mgmmcyf,,2026-08-12,Lille / Non localisé,T3,,0,555211.0,0,554456.0,0,556545.0,0,555979.0,0,554446.0,0,553630.0,0,557061.0,0,,0,,0,555397.0,0,554137.0,0,553922.0,0,,0,555828.0,0,556305.0,0,556400.0,0,556611.0,0,557456.0,0,553963.0,0
1872,Vizzit,1565.0,108.0,14.49,Appartement,4 pièce - 3 chambre - 108 m² - s - s,59000,Lille,50.64620318920936,3.082784024023161,https://www.vizzit.fr/fr/property/appartement/lille/Avrkawb2mg5iwk9q,,2026-08-12,Lille / Non localisé,Grand (T4+),,0,555133.0,0,554365.0,0,556474.0,0,555906.0,0,554355.0,0,553534.0,0,556988.0,0,,0,,0,555320.0,0,554045.0,0,553827.0,0,,0,555759.0,0,556204.0,0,556312.0,0,556540.0,0,557369.0,0,553869.0,0
1873,Vizzit,1230.0,56.0,21.96,Appartement,2 pièce - 1 chambre - 56 m² - s,59000,Lille,50.611703805642506,3.0550562879140233,https://www.vizzit.fr/fr/property/appartement/lille/Aq6sfbuz3tux0z2k,,2026-08-12,Lille / Non localisé,T2,,0,551892.0,0,551132.0,0,553228.0,0,552662.0,0,551122.0,0,550304.0,0,553744.0,0,,0,,0,552078.0,0,550813.0,0,550597.0,0,,0,552512.0,0,552977.0,0,553077.0,0,553294.0,0,554133.0,0,550638.0,0
1874,Vizzit,720.0,41.0,17.56,Appartement,2 pièce - 1 chambre - 41 m² - s,59000,Lille,50.62100799344515,3.0769025982807685,https://www.vizzit.fr/fr/property/appartement/lille/A38j7l74fm6ud6mm,,2026-08-12,Lille / Non localisé,T2,,0,552516.0,0,551751.0,0,553855.0,0,553288.0,0,551741.0,0,550922.0,0,554370.0,0,,0,,0,552703.0,0,551432.0,0,551214.0,0,,0,553140.0,0,553593.0,0,553698.0,0,553921.0,0,554754.0,0,551256.0,0
1875,Vizzit,640.0,49.0,13.06,Appartement,3 pièce - 2 chambre - 49 m² - s - s,59000,Lille,50.62547600023458,3.059118346011771,https://www.vizzit.fr/fr/property/appartement/lille/Aiw2rgu6janwvo3o,,2026-08-12,Lille / Non localisé,T3,,0,553305.0,0,552543.0,0,554643.0,0,554076.0,0,552534.0,0,551715.0,0,555158.0,0,,0,,0,553491.0,0,552224.0,0,552008.0,0,,0,553926.0,0,554387.0,0,554489.0,0,554709.0,0,555545.0,0,552049.0,0
1876,Vizzit,750.0,31.0,24.19,Studio,31 m² - Studio,59000,Lille,50.640093167487755,3.0424991128096464,https://www.vizzit.fr/fr/property/appartement/lille/Ay4044m0jgovi5to,,2026-08-12,Lille / Non localisé,Studio/T1,,0,555169.0,0,554410.0,0,556506.0,0,555939.0,0,554400.0,0,553582.0,0,557021.0,0,,0,,0,555356.0,0,554091.0,0,553875.0,0,,0,555789.0,0,556256.0,0,556355.0,0,556572.0,0,557411.0,0,553916.0,0
1877,Vizzit,1179.0,57.0,20.68,Appartement,3 pièce - 2 chambre - 57 m² - s - s,59000,Lille,50.61134681737441,3.0333484529183536,https://www.vizzit.fr/fr/property/appartement/lille/Adezbaq6un70sahh,,2026-08-12,Lille / Non localisé,T3,,0,552234.0,0,551479.0,0,553569.0,0,553003.0,0,551469.0,0,550653.0,0,554085.0,0,,0,,0,552420.0,0,551160.0,0,550945.0,0,,0,552851.0,0,553328.0,0,553423.0,0,553635.0,0,554479.0,0,550986.0,0
1878,Vizzit,690.0,40.0,17.25,Studio,40 m² - Studio,59000,Lille,50.64208490373811,3.0471163600103925,https://www.vizzit.fr/fr/property/appartement/lille/Awly76cwh70k4f01,,2026-08-12,Lille / Non localisé,Studio/T1,,0,555303.0,0,554543.0,0,556641.0,0,556074.0,0,554533.0,0,553715.0,0,557156.0,0,,0,,0,555490.0,0,554224.0,0,554007.0,0,,0,555924.0,0,556388.0,0,556489.0,0,556707.0,0,557545.0,0,554049.0,0
1879,Vizzit,725.0,58.0,12.5,Appartement,3 pièce - 2 chambre - 58 m² - s - s,59000,Lille,50.63206658386855,3.096542132972486,https://www.vizzit.fr/fr/property/appartement/lille/Av58xvb4i5u1dly9,,2026-08-12,Lille / Non localisé,T3,,0,553373.0,0,552604.0,0,554715.0,0,554147.0,0,552594.0,0,551772.0,0,555229.0,0,,0,,0,553560.0,0,552284.0,0,552065.0,0,,0,554000.0,0,554441.0,0,554551.0,0,554781.0,0,555608.0,0,552107.0,0
1880,Vizzit,380.0,18.0,21.11,Studio,18 m² - Studio,59000,Lille,50.615667830824194,3.042582656057576,https://www.vizzit.fr/fr/property/appartement/lille/A3gza1t47a9kukwy,,2026-08-12,Lille / Non localisé,Studio/T1,,0,552537.0,0,551779.0,0,553873.0,0,553306.0,0,551770.0,0,550953.0,0,554388.0,0,,0,,0,552723.0,0,551461.0,0,551245.0,0,,0,553155.0,0,553627.0,0,553724.0,0,553939.0,0,554780.0,0,551286.0,0
1881,Vizzit,650.0,37.0,17.57,Appartement,2 pièce - 1 chambre - 37 m² - s,59000,Lille,50.62218373384362,3.0724358726450767,https://www.vizzit.fr/fr/property/appartement/lille/Asvgvx8upwyfgbd1,,2026-08-12,Lille / Non localisé,T2,,0,552720.0,0,551956.0,0,554059.0,0,553492.0,0,551946.0,0,551126.0,0,554573.0,0,,0,,0,552906.0,0,551636.0,0,551419.0,0,,0,553343.0,0,553798.0,0,553902.0,0,554125.0,0,554959.0,0,551461.0,0
1882,Vizzit,695.0,25.0,27.8,Appartement,2 pièce - 25 m² - s,59000,Lille,50.64454125309838,3.0915155139427437,https://www.vizzit.fr/fr/property/appartement/lille/Aig5yl6u0zb1kl59,,2026-08-12,Lille / Non localisé,T2,,0,554805.0,0,554036.0,0,556147.0,0,555579.0,0,554026.0,0,553204.0,0,556660.0,0,,0,,0,554992.0,0,553716.0,0,553497.0,0,,0,555432.0,0,555873.0,0,555983.0,0,556213.0,0,557040.0,0,553539.0,0
1883,Vizzit,860.0,26.0,33.08,Studio,26 m² - Studio,59000,Lille,50.64144292065036,3.037622187876437,https://www.vizzit.fr/fr/property/appartement/lille/A95kcdvo0vlmu55n,,2026-08-12,Lille / Non localisé,Studio/T1,,0,555400.0,0,554641.0,0,556736.0,0,556170.0,0,554632.0,0,553814.0,0,557252.0,0,,0,,0,555586.0,0,554323.0,0,554107.0,0,,0,556019.0,0,556488.0,0,556587.0,0,556802.0,0,557642.0,0,554148.0,0
1884,Vizzit,878.0,60.0,14.63,Appartement,3 pièce - 2 chambre - 60 m² - s - s,59000,Lille,50.63119003129614,3.07420283719552,https://www.vizzit.fr/fr/property/appartement/lille/Aqv4qenzu94xhytl,,2026-08-12,Lille / Non localisé,T3,,0,553660.0,0,552896.0,0,555000.0,0,554433.0,0,552886.0,0,552066.0,0,555514.0,0,,0,,0,553847.0,0,552576.0,0,552358.0,0,,0,554284.0,0,554737.0,0,554842.0,0,555066.0,0,555899.0,0,552400.0,0
1885,Vizzit,700.0,30.0,23.33,Studio,30 m² - Studio,59000,Lille,50.6303516093794,3.0505892012637603,https://www.vizzit.fr/fr/property/appartement/lille/A3pmn0emimnwcyox,,2026-08-12,Lille / Non localisé,Studio/T1,,0,553979.0,0,553218.0,0,555316.0,0,554749.0,0,553209.0,0,552391.0,0,555831.0,0,,0,,0,554165.0,0,552899.0,0,552683.0,0,,0,554599.0,0,555063.0,0,555164.0,0,555382.0,0,556220.0,0,552725.0,0
1886,Vizzit,730.0,23.0,31.74,Studio,23 m² - Studio,59000,Lille,50.63189466690427,3.0601862867144645,https://www.vizzit.fr/fr/property/appartement/lille/Av6hswydukry6v8a,,2026-08-12,Lille / Non localisé,Studio/T1,,0,553978.0,0,553216.0,0,555316.0,0,554749.0,0,553206.0,0,552387.0,0,555831.0,0,,0,,0,554165.0,0,552897.0,0,552680.0,0,,0,554600.0,0,555059.0,0,555162.0,0,555382.0,0,556218.0,0,552722.0,0
1887,Vizzit,979.0,49.0,19.98,Appartement,2 pièce - 1 chambre - 49 m² - s,59000,Lille,50.61900483424789,3.070257021932966,https://www.vizzit.fr/fr/property/appartement/lille/Am94qrcw8sbw0dm6,,2026-08-12,Lille / Non localisé,T2,,0,552415.0,0,551651.0,0,553753.0,0,553186.0,0,551641.0,0,550822.0,0,554268.0,0,,0,,0,552601.0,0,551332.0,0,551115.0,0,,0,553037.0,0,553494.0,0,553598.0,0,553819.0,0,554654.0,0,551157.0,0
1888,Vizzit,1200.0,60.0,20.0,Appartement,3 pièce - 1 chambre - 60 m² - s,59000,Lille,50.647936389338476,3.06659226221413,https://www.vizzit.fr/fr/property/immobilier/lille/A1waue5sfuxuhkim,,2026-08-12,Lille / Non localisé,T3,,0,555597.0,0,554832.0,0,556937.0,0,556369.0,0,554822.0,0,554003.0,0,557451.0,0,,0,,0,555784.0,0,554513.0,0,554295.0,0,,0,556221.0,0,556674.0,0,556779.0,0,557003.0,0,557835.0,0,554337.0,0
1889,Vizzit,553.0,24.0,23.04,Appartement,1 pièce - 24 m²,59000,Lille,50.63045025914244,3.074170733722449,https://www.vizzit.fr/fr/property/appartement/lille/Abqk0ab8gjkeugxp,,2026-08-12,Lille / Non localisé,Studio/T1,,0,553581.0,0,552816.0,0,554921.0,0,554353.0,0,552806.0,0,551986.0,0,555435.0,0,,0,,0,553768.0,0,552497.0,0,552279.0,0,,0,554205.0,0,554657.0,0,554763.0,0,554987.0,0,555819.0,0,552321.0,0
1890,Vizzit,900.0,65.0,13.85,Appartement,6 pièce - 65 m² - 65 m² de terrain - s,59000,Lille,50.61525045802841,3.077954582681315,https://www.vizzit.fr/fr/property/immobilier/lille/Au8n1lvyx17qwscw,,2026-08-12,Lille / Non localisé,Grand (T4+),,0,551877.0,0,551113.0,0,553216.0,0,552649.0,0,551103.0,0,550283.0,0,553731.0,0,,0,,0,552064.0,0,550793.0,0,550576.0,0,,0,552501.0,0,552954.0,0,553059.0,0,553282.0,0,554115.0,0,550618.0,0
1891,Vizzit,619.0,17.0,36.41,Studio,17 m² - Studio,59000,Lille,50.634963308116774,3.0487460705522227,https://www.vizzit.fr/fr/property/appartement/lille/Aae85zlh2kc2aphg,,2026-08-12,Lille / Non localisé,Studio/T1,,0,554508.0,0,553747.0,0,555845.0,0,555278.0,0,553738.0,0,552920.0,0,556360.0,0,,0,,0,554694.0,0,553428.0,0,553212.0,0,,0,555128.0,0,555592.0,0,555693.0,0,555911.0,0,556749.0,0,553254.0,0
1892,Vizzit,950.0,45.0,21.11,Appartement,2 pièce - 1 chambre - 45 m² - s,59000,Lille,50.62851195784044,3.0350019617526334,https://www.vizzit.fr/fr/property/appartement/lille/Ax1blceft30dxtyb,,2026-08-12,Lille / Non localisé,T2,,0,554053.0,0,553296.0,0,555389.0,0,554822.0,0,553286.0,0,552470.0,0,555904.0,0,,0,,0,554239.0,0,552977.0,0,552762.0,0,,0,554671.0,0,555144.0,0,555241.0,0,555455.0,0,556297.0,0,552803.0,0
1893,Vizzit,630.0,24.0,26.25,Studio,24 m² - Studio,59000,Lille,50.62162194641635,3.0530711192762903,https://www.vizzit.fr/fr/property/appartement/lille/Afb6zuub5y3ef4wg,,2026-08-12,Lille / Non localisé,Studio/T1,,0,552995.0,0,552235.0,0,554332.0,0,553765.0,0,552225.0,0,551407.0,0,554847.0,0,,0,,0,553181.0,0,551916.0,0,551699.0,0,,0,553615.0,0,554080.0,0,554180.0,0,554398.0,0,555236.0,0,551741.0,0
1894,Vizzit,600.0,30.0,20.0,Appartement,2 pièce - 1 chambre - 30 m² - s,59000,Lille,50.61484633379632,3.0626839443004106,https://www.vizzit.fr/fr/property/appartement/lille/Akkk37p78krs2qri,,2026-08-12,Lille / Non localisé,T2,,0,552097.0,0,551336.0,0,553435.0,0,552868.0,0,551326.0,0,550508.0,0,553950.0,0,,0,,0,552284.0,0,551017.0,0,550800.0,0,,0,552719.0,0,553180.0,0,553282.0,0,553501.0,0,554338.0,0,550842.0,0
1895,Vizzit,1110.0,57.0,19.47,Appartement,3 pièce - 1 chambre - 57 m² - s,59000,Lille,50.61091152925654,3.071328344668614,https://www.vizzit.fr/fr/property/immobilier/lille/Apf2tg7cz04oez6y,,2026-08-12,Lille / Non localisé,T3,,0,551524.0,0,550761.0,0,552862.0,0,552295.0,0,550751.0,0,549932.0,0,553377.0,0,,0,,0,551710.0,0,550441.0,0,550224.0,0,,0,552146.0,0,552604.0,0,552707.0,0,552928.0,0,553763.0,0,550266.0,0
1896,Vizzit,670.0,27.0,24.81,Studio,27 m² - Studio,59000,Lille,50.62421919668606,3.082129748015627,https://www.vizzit.fr/fr/property/appartement/lille/A2v1tg96k2jn0zk9,,2026-08-12,Lille / Non localisé,Studio/T1,,0,552773.0,0,552007.0,0,554113.0,0,553545.0,0,551997.0,0,551176.0,0,554627.0,0,,0,,0,552959.0,0,551687.0,0,551469.0,0,,0,553397.0,0,553847.0,0,553953.0,0,554179.0,0,555010.0,0,551511.0,0
1897,Vizzit,862.0,47.0,18.34,Appartement,2 pièce - 1 chambre - 47 m² - s,59000,Lille,50.62667114376557,3.0480144055039866,https://www.vizzit.fr/fr/property/appartement/lille/A2q80cl0gylcds6h,,2026-08-12,Lille / Non localisé,T2,,0,553627.0,0,552868.0,0,554964.0,0,554397.0,0,552858.0,0,552040.0,0,555479.0,0,,0,,0,553813.0,0,552549.0,0,552332.0,0,,0,554247.0,0,554713.0,0,554813.0,0,555030.0,0,555869.0,0,552374.0,0
1898,Vizzit,560.0,23.0,24.35,Studio,23 m² - Studio,59000,Lille,50.61099593305396,3.031345772608389,https://www.vizzit.fr/fr/property/appartement/lille/Ar7p411vxihytva8,,2026-08-12,Lille / Non localisé,Studio/T1,,0,552232.0,0,551477.0,0,553566.0,0,553000.0,0,551467.0,0,550651.0,0,554082.0,0,,0,,0,552417.0,0,551158.0,0,550943.0,0,,0,552848.0,0,553326.0,0,553421.0,0,553632.0,0,554477.0,0,550985.0,0
1899,Vizzit,1390.0,98.0,14.18,Appartement,4 pièce - 98 m² - s,59000,Lille,50.61984472487003,3.051815785539219,https://www.vizzit.fr/fr/property/appartement/lille/Af0fu10o8pt1z4zo,,2026-08-12,Lille / Non localisé,Grand (T4+),,0,552825.0,0,552066.0,0,554162.0,0,553595.0,0,552056.0,0,551238.0,0,554677.0,0,,0,,0,553011.0,0,551747.0,0,551530.0,0,,0,553445.0,0,553911.0,0,554011.0,0,554228.0,0,555067.0,0,551572.0,0
1900,Vizzit,1450.0,111.0,13.06,Appartement,5 pièce - 4 chambre - 111 m² - s - s,59000,Lille,50.620678891919226,3.0554306612238507,https://www.vizzit.fr/fr/property/immobilier/lille/Ar7pn3xoe9on2k3i,,2026-08-12,Lille / Non localisé,Grand (T4+),,0,552852.0,0,552092.0,0,554189.0,0,553623.0,0,552082.0,0,551264.0,0,554704.0,0,,0,,0,553038.0,0,551773.0,0,551556.0,0,,0,553473.0,0,553937.0,0,554037.0,0,554255.0,0,555093.0,0,551598.0,0
1901,Vizzit,585.0,17.0,34.41,Studio,17 m² - Studio,59000,Lille,50.62177124294036,3.045109838271672,https://www.vizzit.fr/fr/property/appartement/lille/A8w7wfrh8jbp92le,,2026-08-12,Lille / Non localisé,Studio/T1,,0,553150.0,0,552391.0,0,554486.0,0,553920.0,0,552382.0,0,551564.0,0,555002.0,0,,0,,0,553336.0,0,552073.0,0,551857.0,0,,0,553769.0,0,554238.0,0,554337.0,0,554552.0,0,555392.0,0,551898.0,0
1902,Vizzit,740.0,29.0,25.52,Studio,29 m² - Studio,59000,Lille,50.625086720256334,3.0834368768812612,https://www.vizzit.fr/fr/property/appartement/lille/A17vtto9gmdtge9q,,2026-08-12,Lille / Non localisé,Studio/T1,,0,552844.0,0,552077.0,0,554184.0,0,553616.0,0,552067.0,0,551247.0,0,554698.0,0,,0,,0,553031.0,0,551758.0,0,551540.0,0,,0,553469.0,0,553917.0,0,554024.0,0,554250.0,0,555081.0,0,551582.0,0
1903,Vizzit,675.0,54.0,12.5,Appartement,3 pièce - 2 chambre - 54 m² - s - s,59000,Lille,50.635101841012876,3.0800956620112427,https://www.vizzit.fr/fr/property/appartement/lille/Autpkqg34bovpuxw,,2026-08-12,Lille / Non localisé,T3,,0,553981.0,0,553215.0,0,555322.0,0,554754.0,0,553205.0,0,552384.0,0,555835.0,0,,0,,0,554168.0,0,552895.0,0,552677.0,0,,0,554606.0,0,555055.0,0,555162.0,0,555387.0,0,556218.0,0,552719.0,0
1904,Vizzit,442.0,17.0,26.0,Studio,17 m² - Studio,59000,Lille,50.61288443262198,3.0659062180845336,https://www.vizzit.fr/fr/property/appartement/lille/A02y3pvah8f21rv1,,2026-08-12,Lille / Non localisé,Studio/T1,,0,551830.0,0,551068.0,0,553168.0,0,552601.0,0,551058.0,0,550240.0,0,553683.0,0,,0,,0,552017.0,0,550749.0,0,550532.0,0,,0,552452.0,0,552912.0,0,553014.0,0,553234.0,0,554070.0,0,550574.0,0
1905,Vizzit,1470.0,70.0,21.0,Appartement,2 pièce - 1 chambre - 70 m² - s,59000,Lille,50.62320014043435,3.0558219816006473,https://www.vizzit.fr/fr/property/appartement/lille/Alpws2zauf9is318,,2026-08-12,Lille / Non localisé,T2,,0,553117.0,0,552356.0,0,554454.0,0,553888.0,0,552346.0,0,551528.0,0,554969.0,0,,0,,0,553303.0,0,552037.0,0,551821.0,0,,0,553738.0,0,554201.0,0,554302.0,0,554520.0,0,555358.0,0,551862.0,0
1906,Vizzit,850.0,42.0,20.24,Studio,42 m² - Studio,59000,Lille,50.629987759089886,3.068750518481594,https://www.vizzit.fr/fr/property/appartement/lille/Abfr0q46fpyeq97d,,2026-08-12,Lille / Non localisé,Studio/T1,,0,553625.0,0,552861.0,0,554964.0,0,554396.0,0,552851.0,0,552032.0,0,555478.0,0,,0,,0,553811.0,0,552542.0,0,552324.0,0,,0,554248.0,0,554703.0,0,554807.0,0,555030.0,0,555864.0,0,552366.0,0
1907,Vizzit,931.0,26.0,35.81,Studio,26 m² - Studio,59000,Lille,50.613332659140134,3.0429891214626967,https://www.vizzit.fr/fr/property/appartement/lille/Ax3epd32nvjgk4ep,,2026-08-12,Lille / Non localisé,Studio/T1,,0,552278.0,0,551521.0,0,553614.0,0,553047.0,0,551511.0,0,550694.0,0,554129.0,0,,0,,0,552464.0,0,551202.0,0,550986.0,0,,0,552897.0,0,553368.0,0,553466.0,0,553680.0,0,554521.0,0,551028.0,0
1908,Vizzit,1008.0,58.0,17.38,Appartement,3 pièce - 2 chambre - 58 m² - s - s,59000,Lille,50.63968098443778,3.0884731612373884,https://www.vizzit.fr/fr/property/appartement/lille/Ay8ijc9icin5vs48,,2026-08-12,Lille / Non localisé,T3,,0,554332.0,0,553564.0,0,555674.0,0,555106.0,0,553554.0,0,552732.0,0,556187.0,0,,0,,0,554519.0,0,553244.0,0,553025.0,0,,0,554959.0,0,555402.0,0,555511.0,0,555739.0,0,556568.0,0,553068.0,0
1909,Vizzit,830.0,50.0,16.6,Appartement,2 pièce - 1 chambre - 50 m² - s,59000,Lille,50.63201830879303,3.0408634623240425,https://www.vizzit.fr/fr/property/appartement/lille/Ah2s13p1chfes54h,,2026-08-12,Lille / Non localisé,T2,,0,554328.0,0,553570.0,0,555664.0,0,555098.0,0,553560.0,0,552743.0,0,556180.0,0,,0,,0,554514.0,0,553251.0,0,553035.0,0,,0,554947.0,0,555416.0,0,555515.0,0,555730.0,0,556571.0,0,553076.0,0
1910,Vizzit,670.0,28.0,23.93,Appartement,2 pièce - 1 chambre - 28 m² - s,59000,Lille,50.60863114945659,3.047813181686495,https://www.vizzit.fr/fr/property/appartement/lille/Adclg4xbwj2lizse,,2026-08-12,Lille / Non localisé,T2,,0,551687.0,0,550929.0,0,553023.0,0,552457.0,0,550919.0,0,550102.0,0,553539.0,0,,0,,0,551873.0,0,550610.0,0,550395.0,0,,0,552306.0,0,552776.0,0,552874.0,0,553089.0,0,553930.0,0,550436.0,0
1911,Vizzit,571.0,28.0,20.39,Studio,28 m² - Studio,59000,Lille,50.63362300938219,3.0488096282718726,https://www.vizzit.fr/fr/property/appartement/lille/Ax264wko5kf1lh6d,,2026-08-12,Lille / Non localisé,Studio/T1,,0,554362.0,0,553602.0,0,555699.0,0,555133.0,0,553592.0,0,552774.0,0,556214.0,0,,0,,0,554548.0,0,553283.0,0,553067.0,0,,0,554983.0,0,555447.0,0,555548.0,0,555765.0,0,556604.0,0,553108.0,0
1912,Vizzit,515.0,21.0,24.52,Studio,21 m² - Studio,59000,Lille,50.623352637354266,3.0248141265760844,https://www.vizzit.fr/fr/property/appartement/lille/Alf6apq3t2zptmoc,,2026-08-12,Lille / Non localisé,Studio/T1,,0,553677.0,0,552923.0,0,555011.0,0,554445.0,0,552913.0,0,552097.0,0,555528.0,0,,0,,0,553863.0,0,552604.0,0,552389.0,0,,0,554294.0,0,554772.0,0,554867.0,0,555078.0,0,555922.0,0,552431.0,0
1913,Vizzit,720.0,38.0,18.95,Appartement,2 pièce - 1 chambre - 38 m² - s,59000,Lille,50.633289412247265,3.0769326928115515,https://www.vizzit.fr/fr/property/appartement/lille/A4hf4lvw78salsxi,,2026-08-12,Lille / Non localisé,T2,,0,553840.0,0,553074.0,0,555180.0,0,554612.0,0,553064.0,0,552244.0,0,555694.0,0,,0,,0,554027.0,0,552755.0,0,552537.0,0,,0,554464.0,0,554915.0,0,555021.0,0,555246.0,0,556078.0,0,552579.0,0
1914,Vizzit,1660.0,96.0,17.29,Appartement,3 pièce - 2 chambre - 96 m² - s - s,59000,Lille,50.634359421328156,3.0959475719952265,https://www.vizzit.fr/fr/property/appartement/lille/A3qs03ky3sm9nsln,,2026-08-12,Lille / Non localisé,T3,,0,553631.0,0,552861.0,0,554973.0,0,554405.0,0,552851.0,0,552030.0,0,555486.0,0,,0,,0,553818.0,0,552541.0,0,552323.0,0,,0,554258.0,0,554699.0,0,554809.0,0,555039.0,0,555866.0,0,552365.0,0
1915,Vizzit,850.0,50.0,17.0,Appartement,3 pièce - 1 chambre - 50 m² - s,59000,Lille,50.64199405686538,3.0429942917351336,https://www.vizzit.fr/fr/property/appartement/lille/A7r1ph43k2i51jtp,,2026-08-12,Lille / Non localisé,T3,,0,555365.0,0,554606.0,0,556702.0,0,556136.0,0,554596.0,0,553778.0,0,557217.0,0,,0,,0,555552.0,0,554287.0,0,554071.0,0,,0,555986.0,0,556451.0,0,556551.0,0,556768.0,0,557607.0,0,554112.0,0
1916,Vizzit,680.0,28.0,24.29,Appartement,2 pièce - 1 chambre - 28 m² - s,59000,Lille,50.646857420546624,3.047139514046296,https://www.vizzit.fr/fr/property/appartement/lille/Afmgcu2uclspknpt,,2026-08-12,Lille / Non localisé,T2,,0,555817.0,0,555056.0,0,557155.0,0,556588.0,0,555047.0,0,554228.0,0,557670.0,0,,0,,0,556004.0,0,554737.0,0,554521.0,0,,0,556438.0,0,556901.0,0,557002.0,0,557221.0,0,558058.0,0,554563.0,0
1917,Vizzit,500.0,25.0,20.0,Studio,25 m² - Studio,59000,Lille,50.64971224738029,3.0531206933402824,https://www.vizzit.fr/fr/property/appartement/lille/As0qa4yipfcvtvf6,,2026-08-12,Lille / Non localisé,Studio/T1,,0,556021.0,0,555259.0,0,557359.0,0,556792.0,0,555249.0,0,554430.0,0,557874.0,0,,0,,0,556208.0,0,554940.0,0,554723.0,0,,0,556643.0,0,557102.0,0,557205.0,0,557425.0,0,558261.0,0,554765.0,0
1918,Vizzit,915.0,58.0,15.78,Appartement,3 pièce - 2 chambre - 58 m² - s - s,59000,Lille,50.61800140068696,3.050152863102555,https://www.vizzit.fr/fr/property/appartement/lille/Arepazgwh8z5d5ow,,2026-08-12,Lille / Non localisé,T3,,0,552656.0,0,551896.0,0,553992.0,0,553426.0,0,551887.0,0,551069.0,0,554507.0,0,,0,,0,552842.0,0,551578.0,0,551361.0,0,,0,553275.0,0,553742.0,0,553842.0,0,554058.0,0,554898.0,0,551403.0,0
1919,Vizzit,765.0,32.0,23.91,Appartement,2 pièce - 1 chambre - 32 m² - s,59000,Lille,50.63124484236199,3.0203910923886625,https://www.vizzit.fr/fr/property/appartement/lille/Ajfh83i9bx2ve30l,,2026-08-12,Lille / Non localisé,T2,,0,554605.0,0,553851.0,0,555939.0,0,555373.0,0,553841.0,0,553025.0,0,556455.0,0,,0,,0,554791.0,0,553532.0,0,553317.0,0,,0,555221.0,0,555701.0,0,555795.0,0,556005.0,0,556850.0,0,553359.0,0
1920,Vizzit,660.0,25.0,26.4,Studio,25 m² - Studio,59000,Lille,50.62913125870039,3.0298433776713884,https://www.vizzit.fr/fr/property/appartement/lille/Axj8nxnj3b8xnu3p,,2026-08-12,Lille / Non localisé,Studio/T1,,0,554211.0,0,553454.0,0,555546.0,0,554979.0,0,553445.0,0,552629.0,0,556061.0,0,,0,,0,554397.0,0,553136.0,0,552921.0,0,,0,554828.0,0,555303.0,0,555399.0,0,555612.0,0,556455.0,0,552962.0,0
1921,Vizzit,1000.0,70.0,14.29,Appartement,4 pièce - 3 chambre - 70 m² - s - s,59000,Lille,50.62296315391851,3.080593651614863,https://www.vizzit.fr/fr/property/appartement/lille/Aehlosdtbqcz1hj0,,2026-08-12,Lille / Non localisé,Grand (T4+),,0,552663.0,0,551898.0,0,554003.0,0,553436.0,0,551888.0,0,551068.0,0,554517.0,0,,0,,0,552850.0,0,551578.0,0,551361.0,0,,0,553288.0,0,553738.0,0,553845.0,0,554069.0,0,554901.0,0,551403.0,0
1922,Vizzit,795.0,35.0,22.71,Appartement,2 pièce - 1 chambre - 35 m² - s,59000,Lille,50.63435384501373,3.0556577357772565,https://www.vizzit.fr/fr/property/appartement/lille/A1u1o61ly1hpyq0c,,2026-08-12,Lille / Non localisé,T2,,0,554322.0,0,553560.0,0,555660.0,0,555093.0,0,553550.0,0,552732.0,0,556174.0,0,,0,,0,554508.0,0,553241.0,0,553024.0,0,,0,554943.0,0,555404.0,0,555506.0,0,555726.0,0,556562.0,0,553066.0,0
1923,Vizzit,1000.0,54.0,18.52,Appartement,2 pièce - 1 chambre - 54 m² - s,59000,Lille,50.61334386257749,3.0608123989809695,https://www.vizzit.fr/fr/property/appartement/lille/Ag7i17q5arhzi1ii,,2026-08-12,Lille / Non localisé,T2,,0,551968.0,0,551207.0,0,553306.0,0,552739.0,0,551197.0,0,550379.0,0,553820.0,0,,0,,0,552154.0,0,550888.0,0,550671.0,0,,0,552589.0,0,553052.0,0,553153.0,0,553372.0,0,554209.0,0,550713.0,0
1924,Vizzit,643.0,34.0,18.91,Appartement,1 pièce - 34 m²,59000,Lille,50.62304423778642,3.042069080142463,https://www.vizzit.fr/fr/property/appartement/lille/Anupfwzdtfrwwxfd,,2026-08-12,Lille / Non localisé,Studio/T1,,0,553340.0,0,552582.0,0,554676.0,0,554110.0,0,552573.0,0,551755.0,0,555192.0,0,,0,,0,553526.0,0,552264.0,0,552048.0,0,,0,553959.0,0,554429.0,0,554528.0,0,554742.0,0,555583.0,0,552089.0,0
1925,Vizzit,640.0,24.0,26.67,Studio,24 m² - Studio,59000,Lille,50.60562764857421,3.0516094813204933,https://www.vizzit.fr/fr/property/appartement/lille/Avwjksy5wx9u9gmu,,2026-08-12,Lille / Non localisé,Studio/T1,,0,551297.0,0,550539.0,0,552633.0,0,552067.0,0,550529.0,0,549712.0,0,553149.0,0,,0,,0,551483.0,0,550220.0,0,550004.0,0,,0,551916.0,0,552385.0,0,552484.0,0,552700.0,0,553540.0,0,550045.0,0
1926,Vizzit,700.0,31.0,22.58,Appartement,2 pièce - 1 chambre - 31 m² - s,59000,Lille,50.64441783169085,3.0605589756808254,https://www.vizzit.fr/fr/property/appartement/lille/Az1vakbcx2ptm841,,2026-08-12,Lille / Non localisé,T2,,0,555322.0,0,554559.0,0,556661.0,0,556093.0,0,554549.0,0,553729.0,0,557175.0,0,,0,,0,555508.0,0,554239.0,0,554022.0,0,,0,555945.0,0,556401.0,0,556505.0,0,556727.0,0,557561.0,0,554064.0,0
1927,Vizzit,680.0,56.0,12.14,Appartement,2 pièce - 1 chambre - 56 m² - s,59000,Lille,50.62831233714098,3.065570626661741,https://www.vizzit.fr/fr/property/appartement/lille/Am78sbtvyf5xtjcf,,2026-08-12,Lille / Non localisé,T2,,0,553499.0,0,552736.0,0,554838.0,0,554270.0,0,552726.0,0,551907.0,0,555352.0,0,,0,,0,553686.0,0,552417.0,0,552200.0,0,,0,554121.0,0,554579.0,0,554682.0,0,554904.0,0,555738.0,0,552241.0,0
1928,Vizzit,460.0,20.0,23.0,Studio,20 m² - Studio,59000,Lille,50.611880312598146,3.0736760638789837,https://www.vizzit.fr/fr/property/appartement/lille/As20r2zwmb1vbhkx,,2026-08-12,Lille / Non localisé,Studio/T1,,0,551587.0,0,550824.0,0,552926.0,0,552359.0,0,550814.0,0,549995.0,0,553441.0,0,,0,,0,551774.0,0,550505.0,0,550288.0,0,,0,552210.0,0,552667.0,0,552770.0,0,552992.0,0,553827.0,0,550329.0,0
1929,Vizzit,890.0,64.0,13.91,Appartement,3 pièce - 2 chambre - 64 m² - s - s,59000,Lille,50.60487098897281,3.0382726372922204,https://www.vizzit.fr/fr/property/appartement/lille/Askczsnngf58xiri,,2026-08-12,Lille / Non localisé,T3,,0,551450.0,0,550694.0,0,552785.0,0,552219.0,0,550684.0,0,549868.0,0,553301.0,0,,0,,0,551636.0,0,550376.0,0,550160.0,0,,0,552067.0,0,552543.0,0,552639.0,0,552851.0,0,553694.0,0,550202.0,0
1930,Vizzit,705.0,47.0,15.0,Appartement,2 pièce - 1 chambre - 47 m² - s,59000,Lille,50.61905054362992,3.084534509574635,https://www.vizzit.fr/fr/property/appartement/lille/A4j04tebuyzxg5ya,,2026-08-12,Lille / Non localisé,T2,,0,552174.0,0,551408.0,0,553514.0,0,552946.0,0,551398.0,0,550577.0,0,554028.0,0,,0,,0,552361.0,0,551088.0,0,550870.0,0,,0,552798.0,0,553248.0,0,553355.0,0,553580.0,0,554411.0,0,550912.0,0
1931,Vizzit,521.0,13.0,40.08,Studio,13 m² - Studio,59000,Lille,50.624689806725236,3.075376386660817,https://www.vizzit.fr/fr/property/appartement/lille/A6dp8zdyi3uqmnax,,2026-08-12,Lille / Non localisé,Studio/T1,,0,552939.0,0,552175.0,0,554279.0,0,553711.0,0,552165.0,0,551345.0,0,554793.0,0,,0,,0,553126.0,0,551855.0,0,551638.0,0,,0,553563.0,0,554016.0,0,554121.0,0,554345.0,0,555178.0,0,551680.0,0
1932,Vizzit,740.0,25.0,29.6,Appartement,2 pièce - 1 chambre - 25 m² - s,59000,Lille,50.61889998459586,3.047172445117017,https://www.vizzit.fr/fr/property/appartement/lille/Azkcn981hiww5wbp,,2026-08-12,Lille / Non localisé,T2,,0,552805.0,0,552046.0,0,554141.0,0,553574.0,0,552036.0,0,551219.0,0,554656.0,0,,0,,0,552991.0,0,551727.0,0,551511.0,0,,0,553424.0,0,553892.0,0,553991.0,0,554207.0,0,555047.0,0,551553.0,0
1933,Vizzit,485.0,18.0,26.94,Studio,18 m² - Studio,59000,Lille,50.60904849652272,3.055360721176427,https://www.vizzit.fr/fr/property/appartement/lille/Aofn1foerfo301ef,,2026-08-12,Lille / Non localisé,Studio/T1,,0,551600.0,0,550841.0,0,552937.0,0,552370.0,0,550831.0,0,550013.0,0,553452.0,0,,0,,0,551786.0,0,550522.0,0,550306.0,0,,0,552220.0,0,552686.0,0,552786.0,0,553003.0,0,553842.0,0,550347.0,0
1934,Vizzit,600.0,27.0,22.22,Appartement,2 pièce - 1 chambre - 27 m² - s,59000,Lille,50.621889586910854,3.034212550626422,https://www.vizzit.fr/fr/property/appartement/lille/Aioomwwpxj4yoydd,,2026-08-12,Lille / Non localisé,T2,,0,553354.0,0,552598.0,0,554689.0,0,554123.0,0,552588.0,0,551771.0,0,555205.0,0,,0,,0,553540.0,0,552279.0,0,552064.0,0,,0,553972.0,0,554446.0,0,554542.0,0,554755.0,0,555598.0,0,552105.0,0
1935,Vizzit,915.0,50.0,18.3,Appartement,2 pièce - 1 chambre - 50 m² - s,59000,Lille,50.6488636766565,3.082874385842115,https://www.vizzit.fr/fr/property/appartement/lille/Aw2ozqex6qv6i719,,2026-08-12,Lille / Non localisé,T2,,0,555418.0,0,554650.0,0,556760.0,0,556192.0,0,554640.0,0,553819.0,0,557273.0,0,,0,,0,555605.0,0,554331.0,0,554112.0,0,,0,556044.0,0,556489.0,0,556598.0,0,556825.0,0,557654.0,0,554154.0,0
1936,Vizzit,780.0,35.0,22.29,Appartement,2 pièce - 1 chambre - 35 m² - s,59000,Lille,50.64702594442614,3.0925552050634413,https://www.vizzit.fr/fr/property/appartement/lille/A5jg60ej8brb1mp7,,2026-08-12,Lille / Non localisé,T2,,0,555055.0,0,554286.0,0,556398.0,0,555830.0,0,554276.0,0,553454.0,0,556911.0,0,,0,,0,555243.0,0,553966.0,0,553747.0,0,,0,555683.0,0,556123.0,0,556233.0,0,556463.0,0,557290.0,0,553789.0,0
1937,Vizzit,440.0,18.0,24.44,Studio,18 m² - Studio,59000,Lille,50.62618346765835,3.026503440929996,https://www.vizzit.fr/fr/property/appartement/lille/Atevfypbhmjf8717,,2026-08-12,Lille / Non localisé,Studio/T1,,0,553952.0,0,553197.0,0,555287.0,0,554721.0,0,553187.0,0,552371.0,0,555803.0,0,,0,,0,554138.0,0,552878.0,0,552663.0,0,,0,554569.0,0,555046.0,0,555142.0,0,555353.0,0,556197.0,0,552705.0,0
1938,Vizzit,535.0,18.0,29.72,Studio,18 m² - Studio,59000,Lille,50.61231409219401,3.0637140759294894,https://www.vizzit.fr/fr/property/appartement/lille/Ac6cywke2v5drsw2,,2026-08-12,Lille / Non localisé,Studio/T1,,0,551807.0,0,551045.0,0,553144.0,0,552578.0,0,551035.0,0,550217.0,0,553659.0,0,,0,,0,551993.0,0,550726.0,0,550509.0,0,,0,552428.0,0,552889.0,0,552991.0,0,553210.0,0,554047.0,0,550551.0,0
1939,Vizzit,720.0,37.0,19.46,Appartement,2 pièce - 1 chambre - 37 m² - s,59000,Lille,50.61540361875293,3.0624287848638816,https://www.vizzit.fr/fr/property/appartement/lille/A45023v7w2fcjpx8,,2026-08-12,Lille / Non localisé,T2,,0,552162.0,0,551401.0,0,553500.0,0,552933.0,0,551391.0,0,550572.0,0,554015.0,0,,0,,0,552348.0,0,551081.0,0,550865.0,0,,0,552783.0,0,553245.0,0,553346.0,0,553566.0,0,554403.0,0,550906.0,0
1940,Vizzit,900.0,49.0,18.37,Appartement,2 pièce - 1 chambre - 49 m² - s,59000,Lille,50.64194529622327,3.0589198960060573,https://www.vizzit.fr/fr/property/appartement/lille/Ayrq005i7fpd55df,,2026-08-12,Lille / Non localisé,T2,,0,555084.0,0,554321.0,0,556422.0,0,555855.0,0,554311.0,0,553492.0,0,556937.0,0,,0,,0,555270.0,0,554002.0,0,553784.0,0,,0,555706.0,0,556164.0,0,556267.0,0,556488.0,0,557323.0,0,553826.0,0
1941,Vizzit,300.0,18.0,16.67,Appartement,18 pièce - 1 chambre - 18 m² - s,59000,Lille,50.63367083840814,3.0184034782949096,https://www.vizzit.fr/fr/property/appartement/lille/A8rkz55tv69d5e9a,,2026-08-12,Lille / Non localisé,Studio/T1,,0,554901.0,0,554147.0,0,556235.0,0,555669.0,0,554137.0,0,553322.0,0,556751.0,0,,0,,0,555087.0,0,553829.0,0,553614.0,0,,0,555518.0,0,555997.0,0,556092.0,0,556302.0,0,557147.0,0,553655.0,0
1942,Vizzit,970.0,65.0,14.92,Appartement,3 pièce - 2 chambre - 65 m² - s - s,59000,Lille,50.61683164263182,3.0316518732223035,https://www.vizzit.fr/fr/property/appartement/lille/Aafbbd9sg3nvp9ec,,2026-08-12,Lille / Non localisé,T3,,0,552854.0,0,552099.0,0,554189.0,0,553623.0,0,552089.0,0,551273.0,0,554705.0,0,,0,,0,553040.0,0,551781.0,0,551565.0,0,,0,553472.0,0,553948.0,0,554044.0,0,554255.0,0,555099.0,0,551607.0,0
1943,Vizzit,720.0,42.0,17.14,Appartement,1 pièce - 42 m²,59000,Lille,50.63563977620636,3.0856172367210473,https://www.vizzit.fr/fr/property/appartement/lille/Afxntzkktl6cyckx,,2026-08-12,Lille / Non localisé,Studio/T1,,0,553945.0,0,553177.0,0,555286.0,0,554718.0,0,553167.0,0,552346.0,0,555799.0,0,,0,,0,554132.0,0,552858.0,0,552639.0,0,,0,554571.0,0,555016.0,0,555124.0,0,555352.0,0,556181.0,0,552681.0,0
1944,Vizzit,560.0,26.0,21.54,Studio,26 m² - Studio,59000,Lille,50.63771196334064,3.0214290336828276,https://www.vizzit.fr/fr/property/appartement/lille/Abgqarkvis6bo0zt,,2026-08-12,Lille / Non localisé,Studio/T1,,0,555283.0,0,554528.0,0,556617.0,0,556051.0,0,554518.0,0,553702.0,0,557133.0,0,,0,,0,555469.0,0,554209.0,0,553994.0,0,,0,555900.0,0,556377.0,0,556472.0,0,556684.0,0,557528.0,0,554035.0,0
1945,Vizzit,605.0,30.0,20.17,Studio,30 m² - 30 m² de terrain - Studio,59000,Lille,50.613855416686164,3.0734286518223946,https://www.vizzit.fr/fr/property/appartement/lille/Axx1v5o77jngykgt,,2026-08-12,Lille / Non localisé,Studio/T1,,0,551805.0,0,551041.0,0,553143.0,0,552576.0,0,551031.0,0,550212.0,0,553658.0,0,,0,,0,551991.0,0,550722.0,0,550505.0,0,,0,552427.0,0,552884.0,0,552987.0,0,553209.0,0,554044.0,0,550547.0,0
1946,Vizzit,740.0,38.0,19.47,Appartement,2 pièce - 1 chambre - 38 m² - s,59000,Lille,50.61860248019147,3.025485443672669,https://www.vizzit.fr/fr/property/appartement/lille/Aiqz1hof9s87bgp9,,2026-08-12,Lille / Non localisé,T2,,0,553154.0,0,552400.0,0,554488.0,0,553922.0,0,552390.0,0,551574.0,0,555004.0,0,,0,,0,553340.0,0,552081.0,0,551866.0,0,,0,553770.0,0,554250.0,0,554344.0,0,554554.0,0,555399.0,0,551908.0,0
1947,Vizzit,696.0,30.0,23.2,Studio,30 m² - Studio,59000,Lille,50.63077349553559,3.092382583410052,https://www.vizzit.fr/fr/property/appartement/lille/Aosgvorzccgvyk3z,,2026-08-12,Lille / Non localisé,Studio/T1,,0,553304.0,0,552536.0,0,554646.0,0,554078.0,0,552526.0,0,551705.0,0,555159.0,0,,0,,0,553492.0,0,552216.0,0,551998.0,0,,0,553931.0,0,554374.0,0,554483.0,0,554712.0,0,555540.0,0,552040.0,0
1948,Vizzit,450.0,16.0,28.12,Studio,16 m² - Studio,59000,Lille,50.62903265434397,3.0330555961828076,https://www.vizzit.fr/fr/property/appartement/lille/Asl5wz2re66xjyip,,2026-08-12,Lille / Non localisé,Studio/T1,,0,554143.0,0,553387.0,0,555479.0,0,554912.0,0,553377.0,0,552561.0,0,555994.0,0,,0,,0,554329.0,0,553068.0,0,552853.0,0,,0,554761.0,0,555235.0,0,555332.0,0,555545.0,0,556387.0,0,552894.0,0
1949,Vizzit,1052.0,62.0,16.97,Appartement,3 pièce - 62 m² - s,59000,Lille,50.6196226418224,3.0629650197281664,https://www.vizzit.fr/fr/property/appartement/lille/Ab0fwxisf7ilxw7g,,2026-08-12,Lille / Non localisé,T3,,0,552607.0,0,551846.0,0,553945.0,0,553378.0,0,551836.0,0,551017.0,0,554460.0,0,,0,,0,552794.0,0,551526.0,0,551310.0,0,,0,553229.0,0,553689.0,0,553791.0,0,554011.0,0,554848.0,0,551351.0,0
1950,Vizzit,550.0,24.0,22.92,Studio,24 m² - Studio,59000,Lille,50.60967853571328,3.0511044641145384,https://www.vizzit.fr/fr/property/appartement/lille/A4yndyep1sh6gs7p,,2026-08-12,Lille / Non localisé,Studio/T1,,0,551742.0,0,550984.0,0,553079.0,0,552512.0,0,550974.0,0,550157.0,0,553594.0,0,,0,,0,551929.0,0,550665.0,0,550449.0,0,,0,552362.0,0,552830.0,0,552929.0,0,553145.0,0,553985.0,0,550490.0,0
1951,Vizzit,650.0,43.0,15.12,Appartement,2 pièce - 1 chambre - 43 m² - s,59000,Lille,50.62065574479329,3.0470392075335377,https://www.vizzit.fr/fr/property/appartement/lille/A6d0n1nzdczeeczz,,2026-08-12,Lille / Non localisé,T2,,0,552996.0,0,552237.0,0,554332.0,0,553766.0,0,552227.0,0,551410.0,0,554848.0,0,,0,,0,553182.0,0,551918.0,0,551702.0,0,,0,553616.0,0,554084.0,0,554183.0,0,554398.0,0,555238.0,0,551744.0,0
1952,Vizzit,1380.0,60.0,23.0,Appartement,2 pièce - 1 chambre - 60 m² - s,59000,Lille,50.61413905240463,3.0713201406058883,https://www.vizzit.fr/fr/property/appartement/lille/Au8bvxl5ardphbte,,2026-08-12,Lille / Non localisé,T2,,0,551872.0,0,551109.0,0,553210.0,0,552643.0,0,551099.0,0,550280.0,0,553725.0,0,,0,,0,552058.0,0,550789.0,0,550572.0,0,,0,552494.0,0,552951.0,0,553055.0,0,553276.0,0,554111.0,0,550614.0,0
1953,Vizzit,500.0,20.0,25.0,Studio,20 m² - Studio,59000,Lille,50.63608062592447,3.0875970574006977,https://www.vizzit.fr/fr/property/appartement/lille/A6urzs6i0bxm3fze,,2026-08-12,Lille / Non localisé,Studio/T1,,0,553959.0,0,553191.0,0,555300.0,0,554732.0,0,553181.0,0,552359.0,0,555813.0,0,,0,,0,554146.0,0,552871.0,0,552653.0,0,,0,554585.0,0,555029.0,0,555138.0,0,555366.0,0,556195.0,0,552695.0,0
1954,Vizzit,540.0,20.0,27.0,Studio,20 m² - Studio,59000,Lille,50.61661651732946,3.0651907114592416,https://www.vizzit.fr/fr/property/appartement/lille/A7n272t4j2lsqqbh,,2026-08-12,Lille / Non localisé,Studio/T1,,0,552245.0,0,551483.0,0,553583.0,0,553016.0,0,551473.0,0,550654.0,0,554098.0,0,,0,,0,552431.0,0,551164.0,0,550947.0,0,,0,552867.0,0,553326.0,0,553429.0,0,553649.0,0,554485.0,0,550988.0,0
1955,Vizzit,490.0,21.0,23.33,Studio,21 m² - Studio,59000,Lille,50.61437312071617,3.0366317196338732,https://www.vizzit.fr/fr/property/appartement/lille/Av9l793i6p7nee06,,2026-08-12,Lille / Non localisé,Studio/T1,,0,552502.0,0,551746.0,0,553837.0,0,553271.0,0,551736.0,0,550920.0,0,554353.0,0,,0,,0,552688.0,0,551427.0,0,551212.0,0,,0,553120.0,0,553594.0,0,553691.0,0,553903.0,0,554746.0,0,551253.0,0
1956,Vizzit,638.0,24.0,26.58,Studio,24 m² - Studio,59000,Lille,50.61938131646503,3.0961289263187957,https://www.vizzit.fr/fr/property/appartement/lille/Af1yvasetan9xt00,,2026-08-12,Lille / Non localisé,Studio/T1,,0,552011.0,0,551243.0,0,553353.0,0,552785.0,0,551233.0,0,550412.0,0,553866.0,0,,0,,0,552198.0,0,550923.0,0,550705.0,0,,0,552638.0,0,553081.0,0,553190.0,0,553419.0,0,554247.0,0,550747.0,0
1957,Vizzit,650.0,30.0,21.67,Studio,30 m² - Studio,59000,Lille,50.61248056970891,3.064082783105154,https://www.vizzit.fr/fr/property/appartement/lille/Akhy9cn7w7qwzx67,,2026-08-12,Lille / Non localisé,Studio/T1,,0,551818.0,0,551057.0,0,553156.0,0,552589.0,0,551047.0,0,550228.0,0,553671.0,0,,0,,0,552005.0,0,550738.0,0,550521.0,0,,0,552440.0,0,552901.0,0,553003.0,0,553222.0,0,554059.0,0,550563.0,0
1958,Vizzit,815.0,50.0,16.3,Appartement,3 pièce - 1 chambre - 50 m² - s,59000,Lille,50.63132504752825,3.028883873136832,https://www.vizzit.fr/fr/property/appartement/lille/Avz614n08csmxb9e,,2026-08-12,Lille / Non localisé,T3,,0,554464.0,0,553708.0,0,555799.0,0,555232.0,0,553698.0,0,552882.0,0,556314.0,0,,0,,0,554650.0,0,553389.0,0,553174.0,0,,0,555081.0,0,555556.0,0,555652.0,0,555865.0,0,556708.0,0,553215.0,0
1959,Vizzit,735.0,30.0,24.5,Appartement,2 pièce - 30 m² - s,59000,Lille,50.64941693710019,3.086569161159109,https://www.vizzit.fr/fr/property/appartement/lille/Akb83ne1t9gijxnf,,2026-08-12,Lille / Non localisé,T2,,0,555415.0,0,554646.0,0,556757.0,0,556189.0,0,554636.0,0,553815.0,0,557270.0,0,,0,,0,555602.0,0,554326.0,0,554108.0,0,,0,556042.0,0,556484.0,0,556594.0,0,556823.0,0,557651.0,0,554150.0,0
1960,Vizzit,1480.0,110.0,13.45,Appartement,6 pièce - 3 chambre - 110 m² - s - s,59000,Lille,50.64054928136006,3.043744660145342,https://www.vizzit.fr/fr/property/appartement/lille/Ayfzqqy35j4qjh6z,,2026-08-12,Lille / Non localisé,Grand (T4+),,0,555197.0,0,554437.0,0,556534.0,0,555967.0,0,554427.0,0,553609.0,0,557049.0,0,,0,,0,555383.0,0,554118.0,0,553902.0,0,,0,555817.0,0,556282.0,0,556383.0,0,556600.0,0,557438.0,0,553943.0,0
1961,Vizzit,660.0,40.0,16.5,Appartement,2 pièce - 1 chambre - 40 m² - s,59000,Lille,50.61871738659462,3.096772176922722,https://www.vizzit.fr/fr/property/appartement/lille/Anxzxh43qr1ixbwj,,2026-08-12,Lille / Non localisé,T2,,0,551929.0,0,551160.0,0,553270.0,0,552702.0,0,551150.0,0,550329.0,0,553784.0,0,,0,,0,552116.0,0,550840.0,0,550622.0,0,,0,552555.0,0,552999.0,0,553108.0,0,553336.0,0,554164.0,0,550664.0,0
1962,Vizzit,475.0,18.0,26.39,Studio,18 m² - Studio,59000,Lille,50.61872309622325,3.027123371750538,https://www.vizzit.fr/fr/property/appartement/lille/Ayjxaa11m0fe1xav,,2026-08-12,Lille / Non localisé,Studio/T1,,0,553138.0,0,552383.0,0,554472.0,0,553906.0,0,552374.0,0,551558.0,0,554988.0,0,,0,,0,553324.0,0,552065.0,0,551850.0,0,,0,553755.0,0,554233.0,0,554328.0,0,554539.0,0,555383.0,0,551891.0,0
1963,Vizzit,470.0,24.0,19.58,Studio,24 m² - Studio,59000,Lille,50.64178511931321,3.0935044442049384,https://www.vizzit.fr/fr/property/appartement/lille/Ah85qfao5sznncm3,,2026-08-12,Lille / Non localisé,Studio/T1,,0,554474.0,0,553704.0,0,555816.0,0,555248.0,0,553694.0,0,552872.0,0,556329.0,0,,0,,0,554661.0,0,553384.0,0,553165.0,0,,0,555101.0,0,555541.0,0,555652.0,0,555881.0,0,556709.0,0,553208.0,0
1964,Vizzit,600.0,30.0,20.0,Studio,30 m² - Studio,59000,Lille,50.65040502861412,3.083545933096033,https://www.vizzit.fr/fr/property/appartement/lille/A36m0iufja0pdglq,,2026-08-12,Lille / Non localisé,Studio/T1,,0,555573.0,0,554805.0,0,556915.0,0,556347.0,0,554795.0,0,553974.0,0,557428.0,0,,0,,0,555760.0,0,554485.0,0,554267.0,0,,0,556200.0,0,556643.0,0,556752.0,0,556980.0,0,557809.0,0,554309.0,0
1965,Vizzit,573.0,29.0,19.76,Studio,29 m² - Studio,59000,Lille,50.62399769930789,3.052904301552596,https://www.vizzit.fr/fr/property/appartement/lille/Apkka5b36vf17tmj,,2026-08-12,Lille / Non localisé,Studio/T1,,0,553254.0,0,552494.0,0,554591.0,0,554024.0,0,552484.0,0,551666.0,0,555106.0,0,,0,,0,553440.0,0,552175.0,0,551958.0,0,,0,553874.0,0,554339.0,0,554439.0,0,554657.0,0,555495.0,0,552000.0,0
1966,Vizzit,800.0,35.0,22.86,Studio,35 m² - Studio,59000,Lille,50.64471535608167,3.0406750255558688,https://www.vizzit.fr/fr/property/appartement/lille/A2833395zrjv3wp9,,2026-08-12,Lille / Non localisé,Studio/T1,,0,555699.0,0,554940.0,0,557036.0,0,556469.0,0,554930.0,0,554112.0,0,557551.0,0,,0,,0,555885.0,0,554621.0,0,554405.0,0,,0,556319.0,0,556785.0,0,556885.0,0,557102.0,0,557941.0,0,554446.0,0
1967,Vizzit,590.0,31.0,19.03,Appartement,2 pièce - 1 chambre - 31 m² - s,59000,Lille,50.61124092268708,3.0261104689439446,https://www.vizzit.fr/fr/property/appartement/lille/Ala2j3nyosved8r6,,2026-08-12,Lille / Non localisé,T2,,0,552351.0,0,551597.0,0,553684.0,0,553119.0,0,551587.0,0,550772.0,0,554201.0,0,,0,,0,552536.0,0,551278.0,0,551064.0,0,,0,552967.0,0,553447.0,0,553541.0,0,553751.0,0,554596.0,0,551105.0,0
1968,Vizzit,920.0,51.0,18.04,Appartement,2 pièce - 1 chambre - 51 m² - s,59000,Lille,50.63530280358072,3.0832854205815146,https://www.vizzit.fr/fr/property/appartement/lille/Aelzgjxs5nut016d,,2026-08-12,Lille / Non localisé,T2,,0,553948.0,0,553181.0,0,555289.0,0,554721.0,0,553171.0,0,552350.0,0,555803.0,0,,0,,0,554135.0,0,552862.0,0,552643.0,0,,0,554574.0,0,555021.0,0,555128.0,0,555355.0,0,556185.0,0,552686.0,0
1969,Vizzit,480.0,20.0,24.0,Studio,20 m² - Studio,59000,Lille,50.632771866994325,3.0400704198539907,https://www.vizzit.fr/fr/property/appartement/lille/An9ylm3m4cniwtzc,,2026-08-12,Lille / Non localisé,Studio/T1,,0,554423.0,0,553665.0,0,555759.0,0,555193.0,0,553655.0,0,552838.0,0,556275.0,0,,0,,0,554609.0,0,553346.0,0,553130.0,0,,0,555042.0,0,555511.0,0,555610.0,0,555825.0,0,556666.0,0,553172.0,0
1970,Vizzit,490.0,54.0,9.07,Appartement,2 pièce - 2 chambre - 54 m² - s - s,59000,Lille,50.61391252033005,3.0369354696095185,https://www.vizzit.fr/fr/property/appartement/lille/Ak44pbu74o92w3oy,,2026-08-12,Lille / Non localisé,T2,,0,552447.0,0,551691.0,0,553782.0,0,553216.0,0,551681.0,0,550865.0,0,554298.0,0,,0,,0,552633.0,0,551372.0,0,551157.0,0,,0,553065.0,0,553539.0,0,553636.0,0,553848.0,0,554691.0,0,551198.0,0
1971,Vizzit,900.0,42.0,21.43,Appartement,2 pièce - 1 chambre - 42 m² - s,59000,Lille,50.62106959836099,3.076739351587553,https://www.vizzit.fr/fr/property/appartement/lille/A1qc6n0bgnsrzn12,,2026-08-12,Lille / Non localisé,T2,,0,552525.0,0,551761.0,0,553865.0,0,553298.0,0,551751.0,0,550931.0,0,554379.0,0,,0,,0,552712.0,0,551441.0,0,551224.0,0,,0,553149.0,0,553602.0,0,553707.0,0,553931.0,0,554764.0,0,551266.0,0
1972,Vizzit,1190.0,48.0,24.79,Appartement,2 pièce - 1 chambre - 48 m² - s,59000,Lille,50.62767823703289,3.076805920028693,https://www.vizzit.fr/fr/property/appartement/lille/Ays4qzn5a0yv4s4z,,2026-08-12,Lille / Non localisé,T2,,0,553237.0,0,552472.0,0,554577.0,0,554009.0,0,552462.0,0,551642.0,0,555091.0,0,,0,,0,553424.0,0,552152.0,0,551935.0,0,,0,553861.0,0,554313.0,0,554418.0,0,554643.0,0,555475.0,0,551977.0,0
1973,Vizzit,569.0,29.0,19.62,Studio,29 m² - Studio,59000,Lille,50.63489336630083,3.0606027040256802,https://www.vizzit.fr/fr/property/appartement/lille/A8h7t0n2i3r7ere6,,2026-08-12,Lille / Non localisé,Studio/T1,,0,554294.0,0,553532.0,0,555633.0,0,555066.0,0,553522.0,0,552703.0,0,556147.0,0,,0,,0,554481.0,0,553212.0,0,552996.0,0,,0,554917.0,0,555375.0,0,555478.0,0,555699.0,0,556534.0,0,553037.0,0
1974,Vizzit,500.0,18.0,27.78,Studio,18 m² - Studio,59000,Lille,50.62189739347167,3.0788880679595647,https://www.vizzit.fr/fr/property/appartement/lille/Aw4jfvsrj7exgk49,,2026-08-12,Lille / Non localisé,Studio/T1,,0,552578.0,0,551813.0,0,553917.0,0,553350.0,0,551803.0,0,550983.0,0,554432.0,0,,0,,0,552765.0,0,551493.0,0,551275.0,0,,0,553202.0,0,553654.0,0,553759.0,0,553983.0,0,554816.0,0,551317.0,0
1975,Vizzit,440.0,20.0,22.0,Studio,20 m² - Studio,59000,Lille,50.62851421602678,3.091105686510999,https://www.vizzit.fr/fr/property/appartement/lille/Aheywx9d0qc8283i,,2026-08-12,Lille / Non localisé,Studio/T1,,0,553082.0,0,552314.0,0,554424.0,0,553856.0,0,552304.0,0,551483.0,0,554937.0,0,,0,,0,553270.0,0,551995.0,0,551776.0,0,,0,553709.0,0,554153.0,0,554262.0,0,554489.0,0,555318.0,0,551818.0,0
1976,Vizzit,515.0,20.0,25.75,Studio,20 m² - Studio,59000,Lille,50.61172039359623,3.0287911093881887,https://www.vizzit.fr/fr/property/appartement/lille/Asl30seuodl1bmb2,,2026-08-12,Lille / Non localisé,Studio/T1,,0,552355.0,0,551600.0,0,553689.0,0,553123.0,0,551591.0,0,550775.0,0,554205.0,0,,0,,0,552541.0,0,551282.0,0,551067.0,0,,0,552971.0,0,553450.0,0,553545.0,0,553755.0,0,554600.0,0,551108.0,0
1977,Vizzit,685.0,27.0,25.37,Studio,27 m² - Studio,59000,Lille,50.64264609038486,3.052817438735118,https://www.vizzit.fr/fr/property/appartement/lille/Amnekily51bgbd03,,2026-08-12,Lille / Non localisé,Studio/T1,,0,555265.0,0,554503.0,0,556603.0,0,556036.0,0,554493.0,0,553675.0,0,557118.0,0,,0,,0,555451.0,0,554184.0,0,553967.0,0,,0,555886.0,0,556347.0,0,556449.0,0,556669.0,0,557505.0,0,554009.0,0
1978,Vizzit,610.0,42.0,14.52,Appartement,2 pièce - 1 chambre - 42 m² - s,59000,Lille,50.619134121701606,3.0595230207501474,https://www.vizzit.fr/fr/property/appartement/lille/A15a76i3da9p06p8,,2026-08-12,Lille / Non localisé,T2,,0,552614.0,0,551853.0,0,553952.0,0,553385.0,0,551844.0,0,551025.0,0,554467.0,0,,0,,0,552801.0,0,551534.0,0,551318.0,0,,0,553236.0,0,553698.0,0,553799.0,0,554018.0,0,554855.0,0,551359.0,0
1979,Vizzit,649.0,30.0,21.63,Appartement,2 pièce - 1 chambre - 30 m² - s,59000,Lille,50.61473486591733,3.0566979178473175,https://www.vizzit.fr/fr/property/appartement/lille/Ahkhdzr0d8kl4cef,,2026-08-12,Lille / Non localisé,T2,,0,552190.0,0,551429.0,0,553527.0,0,552960.0,0,551420.0,0,550602.0,0,554042.0,0,,0,,0,552376.0,0,551110.0,0,550894.0,0,,0,552810.0,0,553274.0,0,553375.0,0,553593.0,0,554431.0,0,550936.0,0
1980,Vizzit,1090.0,59.0,18.47,Appartement,2 pièce - 1 chambre - 59 m² - s,59000,Lille,50.603191655810825,3.0521043821907483,https://www.vizzit.fr/fr/property/appartement/lille/Al0afinu2dezdpo0,,2026-08-12,Lille / Non localisé,T2,,0,551026.0,0,550268.0,0,552362.0,0,551796.0,0,550258.0,0,549441.0,0,552878.0,0,,0,,0,551212.0,0,549949.0,0,549733.0,0,,0,551645.0,0,552114.0,0,552213.0,0,552428.0,0,553269.0,0,549775.0,0
1981,Vizzit,1372.0,61.0,22.49,Appartement,3 pièce - 2 chambre - 61 m² - s - s,59000,Lille,50.62225867318429,3.0809209312072503,https://www.vizzit.fr/fr/property/appartement/lille/A5swaktsg69emr9f,,2026-08-12,Lille / Non localisé,T3,,0,552582.0,0,551816.0,0,553922.0,0,553354.0,0,551806.0,0,550986.0,0,554436.0,0,,0,,0,552769.0,0,551497.0,0,551279.0,0,,0,553206.0,0,553657.0,0,553763.0,0,553988.0,0,554819.0,0,551321.0,0
1982,Vizzit,800.0,75.0,10.67,Appartement,3 pièce - 2 chambre - 75 m² - s - s,59000,Lille,50.63527595454142,3.0440846612510826,https://www.vizzit.fr/fr/property/appartement/lille/A55tcbwtq3hu3vun,,2026-08-12,Lille / Non localisé,T3,,0,554623.0,0,553863.0,0,555959.0,0,555393.0,0,553854.0,0,553036.0,0,556475.0,0,,0,,0,554809.0,0,553544.0,0,553328.0,0,,0,555243.0,0,555709.0,0,555809.0,0,556025.0,0,556865.0,0,553370.0,0
1983,Vizzit,600.0,38.0,15.79,Appartement,1 pièce - 38 m²,59000,Lille,50.63427914273444,3.0815431969305327,https://www.vizzit.fr/fr/property/appartement/lille/A0o1u1rzynay5x1y,,2026-08-12,Lille / Non localisé,Studio/T1,,0,553868.0,0,553101.0,0,555208.0,0,554641.0,0,553091.0,0,552270.0,0,555722.0,0,,0,,0,554055.0,0,552781.0,0,552563.0,0,,0,554493.0,0,554941.0,0,555048.0,0,555274.0,0,556105.0,0,552605.0,0
1984,Vizzit,625.0,34.0,18.38,Appartement,2 pièce - 1 chambre - 34 m² - s,59000,Lille,50.65016009697514,3.0626001023644918,https://www.vizzit.fr/fr/property/appartement/lille/A3n3xqr5ee0dd7an,,2026-08-12,Lille / Non localisé,T2,,0,555906.0,0,555142.0,0,557245.0,0,556678.0,0,555132.0,0,554312.0,0,557759.0,0,,0,,0,556092.0,0,554822.0,0,554605.0,0,,0,556529.0,0,556983.0,0,557088.0,0,557311.0,0,558144.0,0,554647.0,0
1985,Vizzit,630.0,49.0,12.86,Appartement,2 pièce - 1 chambre - 49 m² - s,59000,Lille,50.63015895681772,3.0854194119942058,https://www.vizzit.fr/fr/property/appartement/lille/As56fvg7x0ux20hj,,2026-08-12,Lille / Non localisé,T2,,0,553357.0,0,552590.0,0,554698.0,0,554130.0,0,552580.0,0,551759.0,0,555211.0,0,,0,,0,553544.0,0,552270.0,0,552052.0,0,,0,553982.0,0,554429.0,0,554537.0,0,554763.0,0,555594.0,0,552094.0,0
1986,Vizzit,770.0,50.0,15.4,Appartement,3 pièce - 2 chambre - 50 m² - s - s,59000,Lille,50.64741320892546,3.0561803564715513,https://www.vizzit.fr/fr/property/immobilier/lille/Ao3tmidt49wyrsgb,,2026-08-12,Lille / Non localisé,T3,,0,555720.0,0,554958.0,0,557059.0,0,556492.0,0,554948.0,0,554129.0,0,557573.0,0,,0,,0,555907.0,0,554638.0,0,554421.0,0,,0,556343.0,0,556801.0,0,556904.0,0,557125.0,0,557960.0,0,554463.0,0
1987,Vizzit,615.0,36.0,17.08,Appartement,2 pièce - 1 chambre - 36 m² - s,59000,Lille,50.62311682259453,3.0620308713056312,https://www.vizzit.fr/fr/property/appartement/lille/Av4vzsgcaunu48f6,,2026-08-12,Lille / Non localisé,T2,,0,553000.0,0,552238.0,0,554338.0,0,553771.0,0,552228.0,0,551410.0,0,554853.0,0,,0,,0,553187.0,0,551919.0,0,551702.0,0,,0,553622.0,0,554082.0,0,554184.0,0,554404.0,0,555240.0,0,551744.0,0
1988,Vizzit,997.0,47.0,21.21,Appartement,2 pièce - 1 chambre - 47 m² - s,59000,Lille,50.63224571749349,3.0809068311111836,https://www.vizzit.fr/fr/property/appartement/lille/Augwg7xa6msl8ypm,,2026-08-12,Lille / Non localisé,T2,,0,553659.0,0,552893.0,0,555000.0,0,554432.0,0,552883.0,0,552062.0,0,555513.0,0,,0,,0,553846.0,0,552573.0,0,552355.0,0,,0,554284.0,0,554733.0,0,554840.0,0,555065.0,0,555896.0,0,552397.0,0
1989,Vizzit,479.0,18.0,26.61,Studio,18 m² - Studio,59000,Lille,50.636354126510184,3.0618062467658667,https://www.vizzit.fr/fr/property/appartement/lille/A46j8cz250owdpfm,,2026-08-12,Lille / Non localisé,Studio/T1,,0,554431.0,0,553668.0,0,555770.0,0,555202.0,0,553658.0,0,552839.0,0,556284.0,0,,0,,0,554618.0,0,553349.0,0,553132.0,0,,0,555053.0,0,555511.0,0,555614.0,0,555835.0,0,556670.0,0,553174.0,0
1990,Vizzit,530.0,20.0,26.5,Studio,20 m² - Studio,59000,Lille,50.61798848960535,3.0515090785348375,https://www.vizzit.fr/fr/property/appartement/lille/Afvgwucu13mw5m2l,,2026-08-12,Lille / Non localisé,Studio/T1,,0,552631.0,0,551871.0,0,553967.0,0,553401.0,0,551861.0,0,551044.0,0,554482.0,0,,0,,0,552817.0,0,551552.0,0,551336.0,0,,0,553251.0,0,553717.0,0,553817.0,0,554033.0,0,554872.0,0,551378.0,0
1991,Vizzit,591.0,47.0,12.57,Appartement,2 pièce - 1 chambre - 47 m² - s,59000,Lille,50.62681907227445,3.0889685518632217,https://www.vizzit.fr/fr/property/appartement/lille/Ahvyoggrelt6y5sr,,2026-08-12,Lille / Non localisé,T2,,0,552936.0,0,552169.0,0,554277.0,0,553709.0,0,552158.0,0,551337.0,0,554791.0,0,,0,,0,553123.0,0,551849.0,0,551630.0,0,,0,553562.0,0,554007.0,0,554116.0,0,554343.0,0,555172.0,0,551673.0,0
1992,Vizzit,735.0,27.0,27.22,Studio,27 m² - Studio,59000,Lille,50.635367722607015,3.0536387023096783,https://www.vizzit.fr/fr/property/appartement/lille/Anmisuouozhj0ku2,,2026-08-12,Lille / Non localisé,Studio/T1,,0,554466.0,0,553705.0,0,555804.0,0,555237.0,0,553695.0,0,552877.0,0,556319.0,0,,0,,0,554653.0,0,553386.0,0,553169.0,0,,0,555087.0,0,555549.0,0,555651.0,0,555870.0,0,556707.0,0,553211.0,0
1993,Vizzit,980.0,43.0,22.79,Appartement,2 pièce - 1 chambre - 43 m² - s,59000,Lille,50.62995173070299,3.0215564693463137,https://www.vizzit.fr/fr/property/appartement/lille/Anjzuht34srspccb,,2026-08-12,Lille / Non localisé,T2,,0,554445.0,0,553691.0,0,555779.0,0,555213.0,0,553681.0,0,552865.0,0,556295.0,0,,0,,0,554631.0,0,553372.0,0,553157.0,0,,0,555062.0,0,555541.0,0,555635.0,0,555846.0,0,556690.0,0,553199.0,0
1994,Vizzit,825.0,44.0,18.75,Appartement,2 pièce - 1 chambre - 44 m² - s,59000,Lille,50.641535467296876,3.056188073258746,https://www.vizzit.fr/fr/property/appartement/lille/A18cpbt1hd9jg0v7,,2026-08-12,Lille / Non localisé,T2,,0,555087.0,0,554324.0,0,556425.0,0,555858.0,0,554315.0,0,553496.0,0,556940.0,0,,0,,0,555273.0,0,554005.0,0,553788.0,0,,0,555709.0,0,556168.0,0,556271.0,0,556491.0,0,557327.0,0,553830.0,0
1995,Vizzit,520.0,25.0,20.8,Studio,25 m² - Studio,59000,Lille,50.624127660063095,3.0285987419893994,https://www.vizzit.fr/fr/property/appartement/lille/Aesgm7hgxgkclb8f,,2026-08-12,Lille / Non localisé,Studio/T1,,0,553694.0,0,552938.0,0,555028.0,0,554462.0,0,552929.0,0,552113.0,0,555544.0,0,,0,,0,553880.0,0,552620.0,0,552405.0,0,,0,554311.0,0,554787.0,0,554883.0,0,555095.0,0,555938.0,0,552446.0,0
1996,Vizzit,650.0,22.0,29.55,Studio,22 m² - Studio,59000,Lille,50.610910441566105,3.056117246542665,https://www.vizzit.fr/fr/property/appartement/lille/A75q9jj2bmjta5pg,,2026-08-12,Lille / Non localisé,Studio/T1,,0,551788.0,0,551028.0,0,553125.0,0,552558.0,0,551018.0,0,550200.0,0,553640.0,0,,0,,0,551974.0,0,550709.0,0,550493.0,0,,0,552408.0,0,552873.0,0,552973.0,0,553191.0,0,554029.0,0,550534.0,0
1997,Vizzit,670.0,29.0,23.1,Studio,29 m² - Studio,59000,Lille,50.6264437582547,3.0344084708106385,https://www.vizzit.fr/fr/property/appartement/lille/Atdxahz2utz5z432,,2026-08-12,Lille / Non localisé,Studio/T1,,0,553841.0,0,553084.0,0,555176.0,0,554610.0,0,553074.0,0,552258.0,0,555692.0,0,,0,,0,554027.0,0,552765.0,0,552550.0,0,,0,554459.0,0,554932.0,0,555029.0,0,555242.0,0,556085.0,0,552591.0,0
1998,Vizzit,620.0,23.0,26.96,Studio,23 m² - Studio,59000,Lille,50.6397935255636,3.038607176043535,https://www.vizzit.fr/fr/property/appartement/lille/Ad9xvvtuej1layg6,,2026-08-12,Lille / Non localisé,Studio/T1,,0,555205.0,0,554446.0,0,556541.0,0,555975.0,0,554437.0,0,553619.0,0,557057.0,0,,0,,0,555391.0,0,554128.0,0,553912.0,0,,0,555824.0,0,556293.0,0,556392.0,0,556607.0,0,557447.0,0,553953.0,0
1999,Vizzit,988.0,60.0,16.47,Appartement,4 pièce - 3 chambre - 60 m² - s - s,59000,Lille,50.64569410404983,3.0959045667740717,https://www.vizzit.fr/fr/property/appartement/lille/A72slkhw0twuympe,,2026-08-12,Lille / Non localisé,Grand (T4+),,0,554855.0,0,554085.0,0,556197.0,0,555629.0,0,554075.0,0,553252.0,0,556710.0,0,,0,,0,555042.0,0,553765.0,0,553546.0,0,,0,555483.0,0,555921.0,0,556032.0,0,556263.0,0,557089.0,0,553588.0,0
2000,Vizzit,440.0,10.0,44.0,Studio,10 m² - Studio,59000,Lille,50.62614611890315,3.0267551826654597,https://www.vizzit.fr/fr/property/appartement/lille/A6ooght3kkxs0b3l,,2026-08-12,Lille / Non localisé,Studio/T1,,0,553944.0,0,553188.0,0,555278.0,0,554712.0,0,553179.0,0,552363.0,0,555794.0,0,,0,,0,554129.0,0,552870.0,0,552655.0,0,,0,554561.0,0,555038.0,0,555133.0,0,555344.0,0,556188.0,0,552696.0,0
2001,Vizzit,400.0,13.0,30.77,Studio,13 m² - Studio,59000,Lille,50.630337390677646,3.0484486635345127,https://www.vizzit.fr/fr/property/appartement/lille/A04rutrtmrtm5j40,,2026-08-12,Lille / Non localisé,Studio/T1,,0,554014.0,0,553255.0,0,555351.0,0,554785.0,0,553245.0,0,552427.0,0,555866.0,0,,0,,0,554201.0,0,552936.0,0,552719.0,0,,0,554635.0,0,555100.0,0,555200.0,0,555417.0,0,556256.0,0,552761.0,0
2002,Vizzit,660.0,42.0,15.71,Appartement,2 pièce - 1 chambre - 42 m² - s,59000,Lille,50.64538887058743,3.050292419035609,https://www.vizzit.fr/fr/property/appartement/lille/Awgg6a50epzz37yy,,2026-08-12,Lille / Non localisé,T2,,0,555604.0,0,554843.0,0,556942.0,0,556375.0,0,554833.0,0,554015.0,0,557457.0,0,,0,,0,555791.0,0,554524.0,0,554307.0,0,,0,556226.0,0,556687.0,0,556789.0,0,557008.0,0,557845.0,0,554349.0,0
2003,Vizzit,1520.0,97.0,15.67,Appartement,3 pièce - 2 chambre - 97 m² - s - s,59000,Lille,50.62227178676159,3.049820776659177,https://www.vizzit.fr/fr/property/appartement/lille/A5b01h0bmqjl2z25,,2026-08-12,Lille / Non localisé,T3,,0,553121.0,0,552362.0,0,554458.0,0,553892.0,0,552352.0,0,551535.0,0,554973.0,0,,0,,0,553308.0,0,552043.0,0,551827.0,0,,0,553742.0,0,554208.0,0,554308.0,0,554524.0,0,555363.0,0,551869.0,0
2004,Vizzit,460.0,23.0,20.0,Studio,23 m² - Studio,59000,Lille,50.63798074878271,3.0661108656464355,https://www.vizzit.fr/fr/property/appartement/lille/Am7hi81fi2cu8vlj,,2026-08-12,Lille / Non localisé,Studio/T1,,0,554532.0,0,553768.0,0,555871.0,0,555304.0,0,553758.0,0,552939.0,0,556385.0,0,,0,,0,554719.0,0,553449.0,0,553231.0,0,,0,555155.0,0,555610.0,0,555714.0,0,555937.0,0,556771.0,0,553273.0,0
2005,Vizzit,395.0,17.0,23.24,Studio,17 m² - Studio,59000,Lille,50.61826807096221,3.053387523475759,https://www.vizzit.fr/fr/property/appartement/lille/A2sgyv4w107dna8u,,2026-08-12,Lille / Non localisé,Studio/T1,,0,552628.0,0,551868.0,0,553965.0,0,553398.0,0,551858.0,0,551040.0,0,554480.0,0,,0,,0,552814.0,0,551549.0,0,551333.0,0,,0,553248.0,0,553713.0,0,553814.0,0,554031.0,0,554870.0,0,551374.0,0
2006,Vizzit,760.0,44.0,17.27,Appartement,2 pièce - 1 chambre - 44 m² - s,59000,Lille,50.62596926374728,3.083824572829874,https://www.vizzit.fr/fr/property/appartement/lille/Awq5sbpcrxu8evay,,2026-08-12,Lille / Non localisé,T2,,0,552932.0,0,552166.0,0,554273.0,0,553705.0,0,552156.0,0,551335.0,0,554787.0,0,,0,,0,553119.0,0,551846.0,0,551628.0,0,,0,553557.0,0,554006.0,0,554113.0,0,554338.0,0,555169.0,0,551670.0,0
2007,Vizzit,742.0,36.0,20.61,Appartement,1 pièce - 36 m²,59000,Lille,50.60745664006363,3.0714266884904853,https://www.vizzit.fr/fr/property/appartement/lille/A97f6gqlhywguqws,,2026-08-12,Lille / Non localisé,Studio/T1,,0,551149.0,0,550387.0,0,552488.0,0,551921.0,0,550377.0,0,549558.0,0,553002.0,0,,0,,0,551336.0,0,550068.0,0,549851.0,0,,0,551772.0,0,552230.0,0,552333.0,0,552554.0,0,553389.0,0,549892.0,0
2008,Vizzit,980.0,48.0,20.42,Appartement,2 pièce - 1 chambre - 48 m² - s,59000,Lille,50.61226060804134,3.0282729939740136,https://www.vizzit.fr/fr/property/appartement/lille/Ah1u2lak522ee534,,2026-08-12,Lille / Non localisé,T2,,0,552422.0,0,551668.0,0,553756.0,0,553190.0,0,551658.0,0,550842.0,0,554272.0,0,,0,,0,552608.0,0,551349.0,0,551134.0,0,,0,553038.0,0,553518.0,0,553612.0,0,553822.0,0,554667.0,0,551176.0,0
2009,Vizzit,705.0,31.0,22.74,Appartement,1 pièce - 31 m²,59000,Lille,50.61509121011865,3.071087260600496,https://www.vizzit.fr/fr/property/appartement/lille/An9u5em3107w0pyo,,2026-08-12,Lille / Non localisé,Studio/T1,,0,551978.0,0,551215.0,0,553317.0,0,552750.0,0,551205.0,0,550386.0,0,553831.0,0,,0,,0,552165.0,0,550896.0,0,550679.0,0,,0,552601.0,0,553058.0,0,553161.0,0,553383.0,0,554218.0,0,550721.0,0
2010,Vizzit,775.0,38.0,20.39,Appartement,2 pièce - 1 chambre - 38 m² - s,59000,Lille,50.64901275069752,3.0567936397626485,https://www.vizzit.fr/fr/property/appartement/lille/A9e6fuppritjwy1r,,2026-08-12,Lille / Non localisé,T2,,0,555882.0,0,555119.0,0,557221.0,0,556654.0,0,555109.0,0,554290.0,0,557735.0,0,,0,,0,556069.0,0,554800.0,0,554583.0,0,,0,556505.0,0,556962.0,0,557065.0,0,557287.0,0,558122.0,0,554625.0,0
2011,Vizzit,505.0,23.0,21.96,Appartement,1 pièce - 23 m²,59000,Lille,50.62762809926571,3.068148794930472,https://www.vizzit.fr/fr/property/appartement/lille/Alw1sr7i7b2vpfwi,,2026-08-12,Lille / Non localisé,Studio/T1,,0,553381.0,0,552617.0,0,554719.0,0,554152.0,0,552607.0,0,551788.0,0,555234.0,0,,0,,0,553567.0,0,552298.0,0,552081.0,0,,0,554004.0,0,554460.0,0,554563.0,0,554785.0,0,555620.0,0,552122.0,0
2012,Vizzit,1400.0,62.0,22.58,Appartement,3 pièce - 2 chambre - 62 m² - s - s,59000,Lille,50.60530808494619,3.05256519909003,https://www.vizzit.fr/fr/property/appartement/lille/Aqmcmki4mnvhqwj5,,2026-08-12,Lille / Non localisé,T3,,0,551246.0,0,550487.0,0,552582.0,0,552016.0,0,550478.0,0,549660.0,0,553098.0,0,,0,,0,551432.0,0,550169.0,0,549953.0,0,,0,551865.0,0,552334.0,0,552433.0,0,552648.0,0,553488.0,0,549994.0,0
2013,Vizzit,622.0,42.0,14.81,Appartement,2 pièce - 1 chambre - 42 m² - s,59000,Lille,50.61461824581542,3.0691289034945752,https://www.vizzit.fr/fr/property/appartement/lille/A7ey4kkj4gqeg8qv,,2026-08-12,Lille / Non localisé,T2,,0,551961.0,0,551199.0,0,553300.0,0,552733.0,0,551189.0,0,550370.0,0,553814.0,0,,0,,0,552148.0,0,550879.0,0,550662.0,0,,0,552583.0,0,553042.0,0,553145.0,0,553366.0,0,554201.0,0,550704.0,0
2014,Vizzit,583.0,36.0,16.19,Appartement,2 pièce - 1 chambre - 36 m² - s,59000,Lille,50.63574122330913,3.0645281883556503,https://www.vizzit.fr/fr/property/appartement/lille/A2ikt1edz7mw2u77,,2026-08-12,Lille / Non localisé,T2,,0,554318.0,0,553554.0,0,555657.0,0,555090.0,0,553545.0,0,552725.0,0,556171.0,0,,0,,0,554504.0,0,553235.0,0,553018.0,0,,0,554941.0,0,555397.0,0,555501.0,0,555723.0,0,556557.0,0,553060.0,0
2015,Vizzit,516.0,11.0,46.91,Studio,11 m² - Studio,59000,Lille,50.64731422106491,3.0654182421290472,https://www.vizzit.fr/fr/property/appartement/lille/A2fl9lupj8o24p3o,,2026-08-12,Lille / Non localisé,Studio/T1,,0,555550.0,0,554786.0,0,556890.0,0,556322.0,0,554776.0,0,553956.0,0,557404.0,0,,0,,0,555737.0,0,554466.0,0,554249.0,0,,0,556174.0,0,556627.0,0,556732.0,0,556956.0,0,557789.0,0,554291.0,0
2016,Vizzit,575.0,38.0,15.13,Appartement,2 pièce - 1 chambre - 38 m² - s,59000,Lille,50.63840124529873,3.0912539138468214,https://www.vizzit.fr/fr/property/appartement/lille/An7tyzgfwcuma3d9,,2026-08-12,Lille / Non localisé,T2,,0,554147.0,0,553378.0,0,555488.0,0,554921.0,0,553368.0,0,552546.0,0,556002.0,0,,0,,0,554334.0,0,553058.0,0,552839.0,0,,0,554773.0,0,555216.0,0,555325.0,0,555554.0,0,556382.0,0,552882.0,0
2017,Vizzit,901.0,69.0,13.06,Appartement,2 chambre - 69 m² - s,59000,Lille,50.61764422790689,3.089874858801115,https://www.vizzit.fr/fr/property/appartement/lille/A5d23tuvfqdhdq6h,,2026-08-12,Lille / Non localisé,T3,,0,551931.0,0,551164.0,0,553271.0,0,552704.0,0,551154.0,0,550333.0,0,553785.0,0,,0,,0,552118.0,0,550844.0,0,550626.0,0,,0,552556.0,0,553003.0,0,553111.0,0,553337.0,0,554167.0,0,550668.0,0
2018,Vizzit,470.0,10.0,47.0,Studio,10 m² - Studio,59000,Lille,50.61087494942378,3.053158643760187,https://www.vizzit.fr/fr/property/appartement/lille/A4wo5b5hwxft5u65,,2026-08-12,Lille / Non localisé,Studio/T1,,0,551835.0,0,551076.0,0,553172.0,0,552605.0,0,551066.0,0,550249.0,0,553687.0,0,,0,,0,552022.0,0,550757.0,0,550541.0,0,,0,552455.0,0,552922.0,0,553022.0,0,553238.0,0,554077.0,0,550583.0,0
2019,Vizzit,931.0,45.0,20.69,Studio,45 m² - Studio,59000,Lille,50.633443381590354,3.0565054586033673,https://www.vizzit.fr/fr/property/appartement/lille/Aqzoq8zffy7850d7,,2026-08-12,Lille / Non localisé,Studio/T1,,0,554209.0,0,553447.0,0,555547.0,0,554980.0,0,553438.0,0,552619.0,0,556062.0,0,,0,,0,554395.0,0,553128.0,0,552911.0,0,,0,554831.0,0,555291.0,0,555393.0,0,555613.0,0,556449.0,0,552953.0,0
2020,Vizzit,580.0,28.0,20.71,Appartement,1 pièce - 28 m²,59000,Lille,50.621593830042755,3.042898478795216,https://www.vizzit.fr/fr/property/appartement/lille/Ar2yzshb1dfhtjdh,,2026-08-12,Lille / Non localisé,Studio/T1,,0,553169.0,0,552411.0,0,554506.0,0,553939.0,0,552402.0,0,551585.0,0,555021.0,0,,0,,0,553356.0,0,552093.0,0,551877.0,0,,0,553789.0,0,554258.0,0,554357.0,0,554572.0,0,555412.0,0,551918.0,0
2021,Vizzit,1406.0,88.0,15.98,Appartement,4 pièce - 3 chambre - 88 m² - s - s,59000,Lille,50.60464698729488,3.049843511458688,https://www.vizzit.fr/fr/property/appartement/lille/Agbf8sdxse2h9p38,,2026-08-12,Lille / Non localisé,Grand (T4+),,0,551222.0,0,550464.0,0,552559.0,0,551992.0,0,550455.0,0,549638.0,0,553074.0,0,,0,,0,551409.0,0,550146.0,0,549930.0,0,,0,551841.0,0,552311.0,0,552410.0,0,552625.0,0,553465.0,0,549971.0,0
2022,Vizzit,1267.0,73.0,17.36,Appartement,3 pièce - 2 chambre - 73 m² - s - s,59000,Lille,50.631838531384055,3.0540626387949033,https://www.vizzit.fr/fr/property/appartement/lille/Ax7k5d33ilfmb7q9,,2026-08-12,Lille / Non localisé,T3,,0,554078.0,0,553317.0,0,555416.0,0,554849.0,0,553308.0,0,552489.0,0,555931.0,0,,0,,0,554265.0,0,552998.0,0,552782.0,0,,0,554700.0,0,555162.0,0,555263.0,0,555482.0,0,556319.0,0,552823.0,0
2023,Vizzit,753.0,47.0,16.02,Appartement,2 pièce - 1 chambre - 47 m² - s,59000,Lille,50.60841361884088,3.0423350126047075,https://www.vizzit.fr/fr/property/appartement/lille/Arjauhmm0rc1hmjh,,2026-08-12,Lille / Non localisé,T2,,0,551760.0,0,551003.0,0,553095.0,0,552529.0,0,550993.0,0,550177.0,0,553611.0,0,,0,,0,551946.0,0,550684.0,0,550469.0,0,,0,552378.0,0,552851.0,0,552948.0,0,553161.0,0,554004.0,0,550510.0,0
2024,Vizzit,890.0,43.0,20.7,Appartement,2 pièce - 43 m² - s,59000,Lille,50.61629125232778,3.0773708150367467,https://www.vizzit.fr/fr/property/appartement/lille/A4auf4unr4w23276,,2026-08-12,Lille / Non localisé,T2,,0,551999.0,0,551235.0,0,553339.0,0,552771.0,0,551225.0,0,550405.0,0,553853.0,0,,0,,0,552186.0,0,550915.0,0,550698.0,0,,0,552623.0,0,553076.0,0,553181.0,0,553405.0,0,554238.0,0,550740.0,0
2025,Vizzit,1850.0,105.0,17.62,Appartement,4 pièce - 2 chambre - 105 m² - s - s,59000,Lille,50.63038407450517,3.062758998352883,https://www.vizzit.fr/fr/property/appartement/lille/A8cla8npzsxs0zyn,,2026-08-12,Lille / Non localisé,Grand (T4+),,0,553771.0,0,553008.0,0,555109.0,0,554542.0,0,552998.0,0,552179.0,0,555624.0,0,,0,,0,553957.0,0,552689.0,0,552472.0,0,,0,554393.0,0,554851.0,0,554954.0,0,555175.0,0,556011.0,0,552514.0,0
2026,Vizzit,1299.0,93.0,13.97,Appartement,4 pièce - 1 chambre - 93 m² - s,59000,Lille,50.63962100895129,3.058975412135864,https://www.vizzit.fr/fr/property/appartement/lille/Auovwexdgn3fnqk6,,2026-08-12,Lille / Non localisé,Grand (T4+),,0,554832.0,0,554069.0,0,556170.0,0,555603.0,0,554060.0,0,553241.0,0,556685.0,0,,0,,0,555019.0,0,553750.0,0,553533.0,0,,0,555454.0,0,555913.0,0,556016.0,0,556236.0,0,557072.0,0,553575.0,0
2027,Vizzit,1090.0,65.0,16.77,Appartement,3 pièce - 65 m² - s,59000,Lille,50.63512612826255,3.0418427328917317,https://www.vizzit.fr/fr/property/appartement/lille/Ajnnv92img3x0dzi,,2026-08-12,Lille / Non localisé,T3,,0,554646.0,0,553887.0,0,555982.0,0,555416.0,0,553877.0,0,553060.0,0,556497.0,0,,0,,0,554832.0,0,553568.0,0,553352.0,0,,0,555265.0,0,555733.0,0,555832.0,0,556048.0,0,556888.0,0,553393.0,0
2028,Vizzit,710.0,28.0,25.36,Studio,28 m² - Studio,59000,Lille,50.63042603381068,3.044397802301067,https://www.vizzit.fr/fr/property/appartement/lille/Ajy4ag50k10vrpi4,,2026-08-12,Lille / Non localisé,Studio/T1,,0,554095.0,0,553336.0,0,555431.0,0,554865.0,0,553326.0,0,552508.0,0,555946.0,0,,0,,0,554281.0,0,553017.0,0,552801.0,0,,0,554714.0,0,555182.0,0,555281.0,0,555497.0,0,556337.0,0,552842.0,0
2029,Vizzit,1135.0,87.0,13.05,Appartement,4 pièce - 3 chambre - 87 m² - s - s,59000,Lille,50.63252356589739,3.028110985594735,https://www.vizzit.fr/fr/property/appartement/lille/Ai0rarzgiknvs7yt,,2026-08-12,Lille / Non localisé,Grand (T4+),,0,554606.0,0,553850.0,0,555941.0,0,555375.0,0,553841.0,0,553024.0,0,556457.0,0,,0,,0,554792.0,0,553532.0,0,553316.0,0,,0,555224.0,0,555699.0,0,555795.0,0,556007.0,0,556851.0,0,553358.0,0
2030,Vizzit,682.0,45.0,15.16,Appartement,2 pièce - 1 chambre - 45 m² - s,59000,Lille,50.63642222045422,3.0621183457760877,https://www.vizzit.fr/fr/property/appartement/lille/Ai3pkz0d9emqa4sm,,2026-08-12,Lille / Non localisé,T2,,0,554433.0,0,553670.0,0,555771.0,0,555204.0,0,553660.0,0,552841.0,0,556286.0,0,,0,,0,554619.0,0,553351.0,0,553134.0,0,,0,555055.0,0,555513.0,0,555616.0,0,555837.0,0,556672.0,0,553175.0,0
2031,Vizzit,825.0,50.0,16.5,Appartement,2 pièce - 1 chambre - 50 m² - s,59000,Lille,50.61096837528688,3.0597463883642546,https://www.vizzit.fr/fr/property/appartement/lille/Apcj4yrmr2yq9og0,,2026-08-12,Lille / Non localisé,T2,,0,551731.0,0,550970.0,0,553068.0,0,552501.0,0,550960.0,0,550142.0,0,553583.0,0,,0,,0,551917.0,0,550651.0,0,550435.0,0,,0,552351.0,0,552815.0,0,552916.0,0,553134.0,0,553972.0,0,550476.0,0
2032,Vizzit,550.0,23.0,23.91,Studio,23 m² - Studio,59000,Lille,50.636061949011385,3.018891648743585,https://www.vizzit.fr/fr/property/appartement/lille/Apfvlp10dijziqkl,,2026-08-12,Lille / Non localisé,Studio/T1,,0,555150.0,0,554396.0,0,556484.0,0,555918.0,0,554386.0,0,553570.0,0,557000.0,0,,0,,0,555336.0,0,554077.0,0,553862.0,0,,0,555767.0,0,556245.0,0,556340.0,0,556550.0,0,557395.0,0,553904.0,0
2033,Vizzit,972.0,65.0,14.95,Appartement,3 pièce - 2 chambre - 65 m² - s - s,59000,Lille,50.61963517991052,3.0529043873665254,https://www.vizzit.fr/fr/property/appartement/lille/Aqq8vjqig5dnee9q,,2026-08-12,Lille / Non localisé,T3,,0,552784.0,0,552024.0,0,554121.0,0,553554.0,0,552014.0,0,551196.0,0,554636.0,0,,0,,0,552970.0,0,551705.0,0,551489.0,0,,0,553404.0,0,553869.0,0,553969.0,0,554187.0,0,555025.0,0,551530.0,0
2034,Vizzit,575.0,20.0,28.75,Appartement,1 pièce - 20 m²,59000,Lille,50.63674019957488,3.0656682320288344,https://www.vizzit.fr/fr/property/appartement/lille/Acl1g9f86at1izb3,,2026-08-12,Lille / Non localisé,Studio/T1,,0,554406.0,0,553642.0,0,555745.0,0,555178.0,0,553632.0,0,552813.0,0,556259.0,0,,0,,0,554593.0,0,553323.0,0,553106.0,0,,0,555029.0,0,555484.0,0,555588.0,0,555811.0,0,556645.0,0,553147.0,0
2035,Vizzit,560.0,20.0,28.0,Studio,20 m² - Studio,59000,Lille,50.6453398107203,3.041357848523447,https://www.vizzit.fr/fr/property/appartement/lille/Arnhnhpbsqvo2evo,,2026-08-12,Lille / Non localisé,Studio/T1,,0,555754.0,0,554995.0,0,557091.0,0,556525.0,0,554985.0,0,554167.0,0,557606.0,0,,0,,0,555941.0,0,554676.0,0,554460.0,0,,0,556375.0,0,556840.0,0,556940.0,0,557157.0,0,557996.0,0,554501.0,0
2036,Vizzit,430.0,56.0,7.68,Appartement,1 pièce - 56 m²,59000,Lille,50.629372759798045,3.0436377662940677,https://www.vizzit.fr/fr/property/appartement/lille/Agmltg0n2i0m3ez3,,2026-08-12,Lille / Non localisé,Studio/T1,,0,553994.0,0,553236.0,0,555331.0,0,554764.0,0,553226.0,0,552409.0,0,555846.0,0,,0,,0,554181.0,0,552917.0,0,552701.0,0,,0,554614.0,0,555082.0,0,555181.0,0,555397.0,0,556237.0,0,552742.0,0
2037,Vizzit,2263.0,109.0,20.76,Appartement,3 pièce - 2 chambre - 109 m² - s - s,59000,Lille,50.62006148448015,3.076604880770015,https://www.vizzit.fr/fr/property/appartement/lille/Ahssuorbnrrs1a58,,2026-08-12,Lille / Non localisé,T3,,0,552419.0,0,551655.0,0,553758.0,0,553191.0,0,551645.0,0,550825.0,0,554273.0,0,,0,,0,552606.0,0,551335.0,0,551118.0,0,,0,553043.0,0,553496.0,0,553601.0,0,553824.0,0,554657.0,0,551159.0,0
2038,Vizzit,700.0,24.0,29.17,Studio,24 m² - Studio,59000,Lille,50.635528745077565,3.07996738725312,https://www.vizzit.fr/fr/property/appartement/lille/Aaqz2el2s5r5xrep,,2026-08-12,Lille / Non localisé,Studio/T1,,0,554029.0,0,553263.0,0,555370.0,0,554802.0,0,553253.0,0,552433.0,0,555884.0,0,,0,,0,554216.0,0,552943.0,0,552725.0,0,,0,554654.0,0,555103.0,0,555210.0,0,555436.0,0,556267.0,0,552768.0,0
2039,Vizzit,1050.0,74.0,14.19,Appartement,3 pièce - 2 chambre - 74 m² - s - s,59000,Lille,50.61986860368901,3.0456208933585103,https://www.vizzit.fr/fr/property/appartement/lille/A5b59v87im8em9mr,,2026-08-12,Lille / Non localisé,T3,,0,552936.0,0,552178.0,0,554272.0,0,553706.0,0,552168.0,0,551351.0,0,554788.0,0,,0,,0,553122.0,0,551859.0,0,551643.0,0,,0,553555.0,0,554024.0,0,554123.0,0,554338.0,0,555179.0,0,551684.0,0
2040,Vizzit,479.0,15.0,31.93,Studio,15 m² - Studio,59000,Lille,50.63719913306783,3.0863205822698823,https://www.vizzit.fr/fr/property/appartement/lille/Ax8b7ze3m783qobh,,2026-08-12,Lille / Non localisé,Studio/T1,,0,554101.0,0,553333.0,0,555442.0,0,554874.0,0,553323.0,0,552502.0,0,555956.0,0,,0,,0,554288.0,0,553013.0,0,552795.0,0,,0,554727.0,0,555172.0,0,555280.0,0,555508.0,0,556337.0,0,552837.0,0
2041,Vizzit,655.0,37.0,17.7,Appartement,2 pièce - 1 chambre - 37 m² - s,59000,Lille,50.636159931467695,3.0587864096160953,https://www.vizzit.fr/fr/property/appartement/lille/Aewlswi5mqlhmxt6,,2026-08-12,Lille / Non localisé,T2,,0,554462.0,0,553700.0,0,555801.0,0,555234.0,0,553690.0,0,552871.0,0,556315.0,0,,0,,0,554649.0,0,553381.0,0,553164.0,0,,0,555084.0,0,555543.0,0,555646.0,0,555867.0,0,556702.0,0,553206.0,0
2042,Vizzit,970.0,50.0,19.4,Appartement,3 pièce - 2 chambre - 50 m² - s - s,59000,Lille,50.631078012132846,3.094587486096081,https://www.vizzit.fr/fr/property/appartement/lille/As1j1h0hpxqdmu6z,,2026-08-12,Lille / Non localisé,T3,,0,553300.0,0,552531.0,0,554641.0,0,554074.0,0,552521.0,0,551699.0,0,555155.0,0,,0,,0,553487.0,0,552211.0,0,551992.0,0,,0,553927.0,0,554369.0,0,554478.0,0,554707.0,0,555535.0,0,552035.0,0
2043,Vizzit,795.0,27.0,29.44,Appartement,1 pièce - 27 m²,59000,Lille,50.644990262350305,3.0460215618753983,https://www.vizzit.fr/fr/property/appartement/lille/Ain161yefkvirdsk,,2026-08-12,Lille / Non localisé,Studio/T1,,0,555636.0,0,554875.0,0,556973.0,0,556406.0,0,554865.0,0,554047.0,0,557488.0,0,,0,,0,555822.0,0,554556.0,0,554340.0,0,,0,556256.0,0,556720.0,0,556821.0,0,557039.0,0,557877.0,0,554381.0,0
2044,Vizzit,740.0,50.0,14.8,Appartement,2 pièce - 1 chambre - 50 m² - s,59000,Lille,50.64265836727204,3.052896707297141,https://www.vizzit.fr/fr/property/appartement/lille/Aa695evxku709qtf,,2026-08-12,Lille / Non localisé,T2,,0,555265.0,0,554503.0,0,556603.0,0,556036.0,0,554493.0,0,553675.0,0,557117.0,0,,0,,0,555451.0,0,554184.0,0,553967.0,0,,0,555886.0,0,556347.0,0,556449.0,0,556669.0,0,557505.0,0,554009.0,0
2045,Vizzit,600.0,10.0,60.0,Appartement,1 pièce - 10 m²,59000,Lille,50.61769503981073,3.089621220176202,https://www.vizzit.fr/fr/property/immobilier/lille/Aku3yquk7j3s3n5k,,2026-08-12,Lille / Non localisé,Studio/T1,,0,551941.0,0,551174.0,0,553281.0,0,552714.0,0,551164.0,0,550343.0,0,553795.0,0,,0,,0,552127.0,0,550854.0,0,550636.0,0,,0,552566.0,0,553013.0,0,553121.0,0,553347.0,0,554177.0,0,550678.0,0
2046,Vizzit,1180.0,71.0,16.62,Appartement,3 pièce - 2 chambre - 71 m² - s - s,59000,Lille,50.61860512002971,3.0800168742592544,https://www.vizzit.fr/fr/property/appartement/lille/Ayezjtt0avcb6y8p,,2026-08-12,Lille / Non localisé,T3,,0,552203.0,0,551438.0,0,553543.0,0,552976.0,0,551428.0,0,550608.0,0,554057.0,0,,0,,0,552390.0,0,551119.0,0,550901.0,0,,0,552827.0,0,553279.0,0,553385.0,0,553609.0,0,554441.0,0,550943.0,0
2047,Vizzit,530.0,18.0,29.44,Studio,18 m² - Studio,59000,Lille,50.612565342321446,3.063529213482382,https://www.vizzit.fr/fr/property/appartement/lille/Ad0lpzl29l8nra9h,,2026-08-12,Lille / Non localisé,Studio/T1,,0,551837.0,0,551076.0,0,553175.0,0,552608.0,0,551066.0,0,550247.0,0,553690.0,0,,0,,0,552023.0,0,550756.0,0,550540.0,0,,0,552458.0,0,552920.0,0,553021.0,0,553241.0,0,554078.0,0,550581.0,0
2048,Vizzit,530.0,23.0,23.04,Studio,23 m² - Studio,59000,Lille,50.6207505008365,3.0942361697419902,https://www.vizzit.fr/fr/property/appartement/lille/Azasfhucvtwtbgv0,,2026-08-12,Lille / Non localisé,Studio/T1,,0,552191.0,0,551423.0,0,553533.0,0,552965.0,0,551413.0,0,550592.0,0,554046.0,0,,0,,0,552378.0,0,551103.0,0,550885.0,0,,0,552817.0,0,553262.0,0,553370.0,0,553598.0,0,554427.0,0,550927.0,0
2049,Vizzit,837.0,56.0,14.95,Appartement,4 pièce - 2 chambre - 56 m² - s - s,59000,Lille,50.62277637254567,3.066589599108816,https://www.vizzit.fr/fr/property/appartement/lille/Anw6ehds0t8w2bmw,,2026-08-12,Lille / Non localisé,Grand (T4+),,0,552885.0,0,552122.0,0,554223.0,0,553656.0,0,552112.0,0,551293.0,0,554738.0,0,,0,,0,553071.0,0,551802.0,0,551585.0,0,,0,553507.0,0,553965.0,0,554068.0,0,554289.0,0,555124.0,0,551627.0,0
2050,Vizzit,610.0,31.0,19.68,Appartement,2 pièce - 1 chambre - 31 m² - s,59000,Lille,50.64055659148544,3.0823343061959902,https://www.vizzit.fr/fr/property/appartement/lille/A4eb76hpolr1iv60,,2026-08-12,Lille / Non localisé,T2,,0,554531.0,0,553764.0,0,555872.0,0,555305.0,0,553754.0,0,552933.0,0,556386.0,0,,0,,0,554718.0,0,553444.0,0,553226.0,0,,0,555157.0,0,555603.0,0,555711.0,0,555938.0,0,556768.0,0,553268.0,0
2051,Vizzit,670.0,32.0,20.94,Appartement,4 pièce - 1 chambre - 32 m² - s,59000,Lille,50.62883010574522,3.052889426317578,https://www.vizzit.fr/fr/property/appartement/lille/Aoxqmae9ksbdbdm6,,2026-08-12,Lille / Non localisé,Grand (T4+),,0,553775.0,0,553014.0,0,555112.0,0,554545.0,0,553004.0,0,552186.0,0,555627.0,0,,0,,0,553961.0,0,552695.0,0,552479.0,0,,0,554395.0,0,554859.0,0,554960.0,0,555178.0,0,556016.0,0,552520.0,0
2052,Vizzit,434.0,20.0,21.7,Studio,20 m² - Studio,59000,Lille,50.626287364483794,3.037522403875009,https://www.vizzit.fr/fr/property/appartement/lille/Acbg9jg45r9uzfgo,,2026-08-12,Lille / Non localisé,Studio/T1,,0,553769.0,0,553012.0,0,555105.0,0,554539.0,0,553002.0,0,552185.0,0,555621.0,0,,0,,0,553955.0,0,552693.0,0,552478.0,0,,0,554388.0,0,554859.0,0,554957.0,0,555171.0,0,556013.0,0,552519.0,0
2053,Vizzit,670.0,43.0,15.58,Appartement,2 pièce - 1 chambre - 43 m² - s,59000,Lille,50.607156865254076,3.0431621556405806,https://www.vizzit.fr/fr/property/appartement/lille/A33lx1eaxzebb6i2,,2026-08-12,Lille / Non localisé,T2,,0,551610.0,0,550853.0,0,552945.0,0,552379.0,0,550843.0,0,550027.0,0,553461.0,0,,0,,0,551796.0,0,550534.0,0,550319.0,0,,0,552228.0,0,552701.0,0,552798.0,0,553012.0,0,553854.0,0,550360.0,0
2054,Vizzit,427.0,19.0,22.47,Studio,19 m² - Studio,59000,Lille,50.64464115484707,3.085247115338302,https://www.vizzit.fr/fr/property/appartement/lille/Alau2yl1f1k2m8hf,,2026-08-12,Lille / Non localisé,Studio/T1,,0,554922.0,0,554154.0,0,556264.0,0,555696.0,0,554144.0,0,553323.0,0,556777.0,0,,0,,0,555109.0,0,553834.0,0,553616.0,0,,0,555549.0,0,555993.0,0,556101.0,0,556329.0,0,557158.0,0,553658.0,0
2055,Vizzit,670.0,23.0,29.13,Studio,23 m² - Studio,59000,Lille,50.62801959092539,3.0189743123477326,https://www.vizzit.fr/fr/property/appartement/lille/A16hw942hvtyh9tt,,2026-08-12,Lille / Non localisé,Studio/T1,,0,554283.0,0,553529.0,0,555617.0,0,555051.0,0,553519.0,0,552704.0,0,556133.0,0,,0,,0,554469.0,0,553211.0,0,552996.0,0,,0,554899.0,0,555379.0,0,555474.0,0,555683.0,0,556529.0,0,553037.0,0
2056,Vizzit,590.0,16.0,36.88,Studio,16 m² - Studio,59000,Lille,50.61154872173849,3.0604047356950907,https://www.vizzit.fr/fr/property/appartement/lille/Alm4zl23bvwgqeei,,2026-08-12,Lille / Non localisé,Studio/T1,,0,551782.0,0,551021.0,0,553119.0,0,552552.0,0,551011.0,0,550193.0,0,553634.0,0,,0,,0,551968.0,0,550702.0,0,550485.0,0,,0,552403.0,0,552866.0,0,552967.0,0,553185.0,0,554023.0,0,550527.0,0
2057,Vizzit,610.0,17.0,35.88,Studio,17 m² - Studio,59000,Lille,50.64451403034213,3.062460358243162,https://www.vizzit.fr/fr/property/appartement/lille/Autiir8damoj5qmu,,2026-08-12,Lille / Non localisé,Studio/T1,,0,555299.0,0,554536.0,0,556638.0,0,556071.0,0,554526.0,0,553706.0,0,557153.0,0,,0,,0,555486.0,0,554216.0,0,553999.0,0,,0,555922.0,0,556378.0,0,556482.0,0,556704.0,0,557538.0,0,554041.0,0
2058,Vizzit,1104.0,65.0,16.98,Appartement,3 pièce - 2 chambre - 65 m² - s - s,59000,Lille,50.65366550304709,3.088490478766369,https://www.vizzit.fr/fr/property/appartement/lille/Akw20ig3bu616gu8,,2026-08-12,Lille / Non localisé,T3,,0,555841.0,0,555072.0,0,557183.0,0,556615.0,0,555061.0,0,554240.0,0,557696.0,0,,0,,0,556028.0,0,554752.0,0,554533.0,0,,0,556468.0,0,556909.0,0,557019.0,0,557249.0,0,558076.0,0,554575.0,0
2059,Vizzit,800.0,42.0,19.05,Studio,42 m² - Studio,59000,Lille,50.62670762888578,3.079982559132482,https://www.vizzit.fr/fr/property/appartement/lille/Ak98m0i95h376c0k,,2026-08-12,Lille / Non localisé,Studio/T1,,0,553078.0,0,552312.0,0,554418.0,0,553850.0,0,552302.0,0,551482.0,0,554932.0,0,,0,,0,553265.0,0,551992.0,0,551775.0,0,,0,553702.0,0,554152.0,0,554259.0,0,554484.0,0,555315.0,0,551817.0,0
2060,Vizzit,810.0,45.0,18.0,Appartement,2 pièce - 45 m² - s,59000,Lille,50.63025446325967,3.0790326684431095,https://www.vizzit.fr/fr/property/appartement/lille/Ag2c0dbd8fawj7y7,,2026-08-12,Lille / Non localisé,T2,,0,553477.0,0,552711.0,0,554817.0,0,554249.0,0,552701.0,0,551881.0,0,555331.0,0,,0,,0,553663.0,0,552391.0,0,552173.0,0,,0,554101.0,0,554551.0,0,554657.0,0,554883.0,0,555714.0,0,552215.0,0
2061,Vizzit,760.0,35.0,21.71,Studio,35 m² - Studio,59000,Lille,50.62713045082783,3.0243930177469767,https://www.vizzit.fr/fr/property/appartement/lille/Actwu5kk2sac6k6r,,2026-08-12,Lille / Non localisé,Studio/T1,,0,554091.0,0,553336.0,0,555426.0,0,554860.0,0,553327.0,0,552511.0,0,555942.0,0,,0,,0,554277.0,0,553018.0,0,552803.0,0,,0,554708.0,0,555186.0,0,555281.0,0,555492.0,0,556336.0,0,552844.0,0
2062,Vizzit,2700.0,160.0,16.88,Appartement,4 pièce - 3 chambre - 160 m² - s - s,59000,Lille,50.63015493674576,3.020823387946118,https://www.vizzit.fr/fr/property/appartement/lille/Aj3isu0dks1xs834,,2026-08-12,Lille / Non localisé,Grand (T4+),,0,554480.0,0,553726.0,0,555814.0,0,555248.0,0,553716.0,0,552900.0,0,556330.0,0,,0,,0,554666.0,0,553407.0,0,553192.0,0,,0,555096.0,0,555576.0,0,555670.0,0,555880.0,0,556725.0,0,553234.0,0
2063,Vizzit,2140.0,124.0,17.26,Appartement,5 pièce - 3 chambre - 124 m² - s - s,59000,Lille,50.6184349186572,3.074263429798278,https://www.vizzit.fr/fr/property/appartement/lille/Aatv8d0q9xhznbo1,,2026-08-12,Lille / Non localisé,Grand (T4+),,0,552284.0,0,551520.0,0,553623.0,0,553056.0,0,551510.0,0,550691.0,0,554137.0,0,,0,,0,552471.0,0,551201.0,0,550983.0,0,,0,552907.0,0,553362.0,0,553466.0,0,553689.0,0,554523.0,0,551025.0,0
2064,Vizzit,830.0,42.0,19.76,Appartement,2 pièce - 1 chambre - 42 m² - s,59000,Lille,50.61841588803968,3.067163217560505,https://www.vizzit.fr/fr/property/appartement/lille/Ak24wtptn8d129fv,,2026-08-12,Lille / Non localisé,T2,,0,552405.0,0,551642.0,0,553743.0,0,553176.0,0,551632.0,0,550813.0,0,554258.0,0,,0,,0,552591.0,0,551323.0,0,551106.0,0,,0,553027.0,0,553485.0,0,553588.0,0,553809.0,0,554644.0,0,551148.0,0
2065,Vizzit,505.0,21.0,24.05,Studio,21 m² - Studio,59000,Lille,50.61890798242974,3.0945942229621006,https://www.vizzit.fr/fr/property/appartement/lille/A8uapt7vlymg71fl,,2026-08-12,Lille / Non localisé,Studio/T1,,0,551986.0,0,551219.0,0,553328.0,0,552760.0,0,551208.0,0,550387.0,0,553841.0,0,,0,,0,552174.0,0,550899.0,0,550680.0,0,,0,552613.0,0,553057.0,0,553166.0,0,553393.0,0,554222.0,0,550722.0,0
2066,Vizzit,660.0,37.0,17.84,Appartement,2 pièce - 1 chambre - 37 m² - s,59000,Lille,50.61641690201779,3.0335899797751655,https://www.vizzit.fr/fr/property/appartement/lille/Ampty62nllx1pyh5,,2026-08-12,Lille / Non localisé,T2,,0,552776.0,0,552020.0,0,554110.0,0,553544.0,0,552010.0,0,551194.0,0,554626.0,0,,0,,0,552962.0,0,551701.0,0,551486.0,0,,0,553393.0,0,553869.0,0,553965.0,0,554177.0,0,555020.0,0,551527.0,0
2067,Vizzit,250.0,20.0,12.5,Studio,20 m² - 25 m² de terrain - Studio,59000,Lille,50.62567963187341,3.0446298617317304,https://www.vizzit.fr/fr/property/immobilier/lille/Asaxosmclawbf93k,,2026-08-12,Lille / Non localisé,Studio/T1,,0,553579.0,0,552821.0,0,554916.0,0,554349.0,0,552811.0,0,551994.0,0,555431.0,0,,0,,0,553765.0,0,552502.0,0,552286.0,0,,0,554199.0,0,554667.0,0,554766.0,0,554982.0,0,555822.0,0,552327.0,0
2068,Vizzit,515.0,19.0,27.11,Studio,19 m² - Studio,59000,Lille,50.62978789648156,3.0711208007454824,https://www.vizzit.fr/fr/property/appartement/lille/Ayhnlrz3vxcurhl5,,2026-08-12,Lille / Non localisé,Studio/T1,,0,553562.0,0,552798.0,0,554901.0,0,554334.0,0,552788.0,0,551968.0,0,555416.0,0,,0,,0,553749.0,0,552479.0,0,552261.0,0,,0,554186.0,0,554640.0,0,554744.0,0,554967.0,0,555801.0,0,552303.0,0
2069,Vizzit,680.0,31.0,21.94,Studio,31 m² - Studio,59000,Lille,50.620565917527884,3.0348135474987963,https://www.vizzit.fr/fr/property/appartement/lille/Aspwzoztr0aj49ws,,2026-08-12,Lille / Non localisé,Studio/T1,,0,553201.0,0,552444.0,0,554536.0,0,553970.0,0,552435.0,0,551618.0,0,555052.0,0,,0,,0,553387.0,0,552126.0,0,551910.0,0,,0,553819.0,0,554293.0,0,554389.0,0,554602.0,0,555445.0,0,551952.0,0
2070,Vizzit,825.0,45.0,18.33,Appartement,3 pièce - 2 chambre - 45 m² - s - s,59000,Lille,50.60880848059754,3.044571884313492,https://www.vizzit.fr/fr/property/appartement/lille/A2ssktcup9ri3tre,,2026-08-12,Lille / Non localisé,T3,,0,551763.0,0,551006.0,0,553099.0,0,552532.0,0,550996.0,0,550179.0,0,553614.0,0,,0,,0,551949.0,0,550687.0,0,550471.0,0,,0,552382.0,0,552853.0,0,552951.0,0,553165.0,0,554006.0,0,550513.0,0
2071,Vizzit,945.0,54.0,17.5,Appartement,3 pièce - 2 chambre - 54 m² - s - s,59000,Lille,50.61678963663921,3.0782196423032064,https://www.vizzit.fr/fr/property/appartement/lille/Aqb3opqcl28uompu,,2026-08-12,Lille / Non localisé,T3,,0,552038.0,0,551274.0,0,553378.0,0,552811.0,0,551264.0,0,550444.0,0,553892.0,0,,0,,0,552225.0,0,550954.0,0,550737.0,0,,0,552662.0,0,553115.0,0,553220.0,0,553444.0,0,554277.0,0,550779.0,0
2072,Vizzit,640.0,34.0,18.82,Appartement,2 pièce - 1 chambre - 34 m² - s,59000,Lille,50.60484839850712,3.0381487464408217,https://www.vizzit.fr/fr/property/appartement/lille/Aqpjls0g76hltb2z,,2026-08-12,Lille / Non localisé,T2,,0,551450.0,0,550694.0,0,552785.0,0,552218.0,0,550684.0,0,549868.0,0,553300.0,0,,0,,0,551636.0,0,550375.0,0,550160.0,0,,0,552067.0,0,552543.0,0,552639.0,0,552851.0,0,553694.0,0,550202.0,0
2073,Vizzit,745.0,45.0,16.56,Appartement,2 pièce - 1 chambre - 45 m² - s,59000,Lille,50.619913774427275,3.070276523442593,https://www.vizzit.fr/fr/property/appartement/lille/Akoxyedg22du480y,,2026-08-12,Lille / Non localisé,T2,,0,552512.0,0,551749.0,0,553851.0,0,553284.0,0,551739.0,0,550920.0,0,554365.0,0,,0,,0,552699.0,0,551430.0,0,551212.0,0,,0,553135.0,0,553591.0,0,553695.0,0,553917.0,0,554751.0,0,551254.0,0
2074,Vizzit,835.0,30.0,27.83,Appartement,3 pièce - 2 chambre - 30 m² - s - s,59000,Lille,50.60816176779628,3.0554860740633556,https://www.vizzit.fr/fr/property/appartement/lille/A72kptmnsl7m4l1k,,2026-08-12,Lille / Non localisé,T3,,0,551502.0,0,550743.0,0,552839.0,0,552273.0,0,550733.0,0,549916.0,0,553354.0,0,,0,,0,551689.0,0,550424.0,0,550208.0,0,,0,552122.0,0,552589.0,0,552688.0,0,552905.0,0,553744.0,0,550249.0,0
2075,Vizzit,620.0,29.0,21.38,Studio,29 m² - Studio,59000,Lille,50.63887993121929,3.057848142489546,https://www.vizzit.fr/fr/property/appartement/lille/Axcfwoojc4sqa3m5,,2026-08-12,Lille / Non localisé,Studio/T1,,0,554772.0,0,554009.0,0,556110.0,0,555543.0,0,554000.0,0,553181.0,0,556625.0,0,,0,,0,554958.0,0,553690.0,0,553473.0,0,,0,555394.0,0,555853.0,0,555955.0,0,556176.0,0,557012.0,0,553515.0,0
2076,Vizzit,820.0,45.0,18.22,Appartement,2 pièce - 1 chambre - 45 m² - s,59000,Lille,50.610916322179854,3.0539878129823146,https://www.vizzit.fr/fr/property/appartement/lille/A9scgnfc6vwhefyb,,2026-08-12,Lille / Non localisé,T2,,0,551825.0,0,551066.0,0,553162.0,0,552595.0,0,551056.0,0,550239.0,0,553677.0,0,,0,,0,552012.0,0,550747.0,0,550531.0,0,,0,552445.0,0,552912.0,0,553011.0,0,553228.0,0,554067.0,0,550573.0,0
2077,Vizzit,820.0,42.0,19.52,Appartement,2 pièce - 1 chambre - 42 m² - s,59000,Lille,50.634220030529946,3.068781782812769,https://www.vizzit.fr/fr/property/appartement/lille/Ag32yi3g2rgpwm46,,2026-08-12,Lille / Non localisé,T2,,0,554080.0,0,553316.0,0,555420.0,0,554852.0,0,553306.0,0,552487.0,0,555934.0,0,,0,,0,554267.0,0,552997.0,0,552780.0,0,,0,554704.0,0,555158.0,0,555263.0,0,555486.0,0,556319.0,0,552821.0,0
2078,Vizzit,625.0,35.0,17.86,Appartement,1 pièce - 2 chambre - 35 m² -  - s,59000,Lille,50.64022426495759,3.0897144080115773,https://www.vizzit.fr/fr/property/appartement/lille/Adgsf2nozv8p3a34,,2026-08-12,Lille / Non localisé,Studio/T1,,0,554370.0,0,553601.0,0,555711.0,0,555143.0,0,553591.0,0,552769.0,0,556225.0,0,,0,,0,554557.0,0,553281.0,0,553063.0,0,,0,554996.0,0,555439.0,0,555548.0,0,555777.0,0,556605.0,0,553105.0,0
2079,Vizzit,896.0,38.0,23.58,Appartement,1 pièce - 38 m²,59000,Lille,50.61843265747283,3.0705426974461263,https://www.vizzit.fr/fr/property/appartement/lille/A1ewwawpkj9jp084,,2026-08-12,Lille / Non localisé,Studio/T1,,0,552348.0,0,551585.0,0,553687.0,0,553120.0,0,551575.0,0,550756.0,0,554201.0,0,,0,,0,552535.0,0,551265.0,0,551048.0,0,,0,552971.0,0,553427.0,0,553531.0,0,553753.0,0,554587.0,0,551090.0,0
2080,Vizzit,1000.0,82.0,12.2,Appartement,4 pièce - 3 chambre - 82 m² - s - s,59000,Lille,50.640986453923894,3.0880809405720115,https://www.vizzit.fr/fr/property/appartement/lille/A34xqfktn1zxly97,,2026-08-12,Lille / Non localisé,Grand (T4+),,0,554480.0,0,553711.0,0,555821.0,0,555253.0,0,553701.0,0,552880.0,0,556335.0,0,,0,,0,554667.0,0,553391.0,0,553173.0,0,,0,555106.0,0,555549.0,0,555659.0,0,555887.0,0,556715.0,0,553215.0,0
2081,Vizzit,756.0,51.0,14.82,Appartement,2 pièce - 1 chambre - 51 m² - s,59000,Lille,50.63088187119538,3.0752998871458392,https://www.vizzit.fr/fr/property/appartement/lille/Al0hzge49sx9u6vb,,2026-08-12,Lille / Non localisé,T2,,0,553608.0,0,552843.0,0,554948.0,0,554381.0,0,552833.0,0,552013.0,0,555462.0,0,,0,,0,553795.0,0,552524.0,0,552306.0,0,,0,554232.0,0,554684.0,0,554790.0,0,555014.0,0,555846.0,0,552348.0,0
2082,Vizzit,740.0,49.0,15.1,Appartement,2 pièce - 1 chambre - 49 m² - s,59000,Lille,50.60825871019066,3.057408635657364,https://www.vizzit.fr/fr/property/appartement/lille/Alj42eyoewndkuwg,,2026-08-12,Lille / Non localisé,T2,,0,551479.0,0,550720.0,0,552816.0,0,552250.0,0,550710.0,0,549892.0,0,553331.0,0,,0,,0,551666.0,0,550401.0,0,550184.0,0,,0,552100.0,0,552565.0,0,552665.0,0,552882.0,0,553721.0,0,550226.0,0
2083,Vizzit,430.0,18.0,23.89,Studio,18 m² - Studio,59000,Lille,50.65263288685168,3.0876806087461484,https://www.vizzit.fr/fr/property/appartement/lille/Awot5tkm3bw5w6yy,,2026-08-12,Lille / Non localisé,Studio/T1,,0,555743.0,0,554974.0,0,557085.0,0,556517.0,0,554964.0,0,554142.0,0,557599.0,0,,0,,0,555931.0,0,554654.0,0,554435.0,0,,0,556370.0,0,556812.0,0,556921.0,0,557151.0,0,557978.0,0,554478.0,0
2084,Vizzit,815.0,36.0,22.64,Studio,36 m² - Studio,59000,Lille,50.626494500496456,3.057633658949147,https://www.vizzit.fr/fr/property/appartement/lille/Asthudmjlz5gsqby,,2026-08-12,Lille / Non localisé,Studio/T1,,0,553440.0,0,552679.0,0,554778.0,0,554211.0,0,552669.0,0,551851.0,0,555293.0,0,,0,,0,553627.0,0,552360.0,0,552143.0,0,,0,554062.0,0,554523.0,0,554625.0,0,554844.0,0,555681.0,0,552185.0,0
2085,Vizzit,720.0,24.0,30.0,Studio,24 m² - Studio,59000,Lille,50.61388501811302,3.0573825804012387,https://www.vizzit.fr/fr/property/appartement/lille/A8lhz0yif8oi8h68,,2026-08-12,Lille / Non localisé,Studio/T1,,0,552086.0,0,551326.0,0,553423.0,0,552856.0,0,551316.0,0,550498.0,0,553938.0,0,,0,,0,552272.0,0,551007.0,0,550790.0,0,,0,552707.0,0,553171.0,0,553271.0,0,553489.0,0,554327.0,0,550832.0,0
2086,Vizzit,530.0,30.0,17.67,Studio,30 m² - Studio,59000,Lille,50.64023829545936,3.0509891072808832,https://www.vizzit.fr/fr/property/appartement/lille/Akwc5klu5ozrogz7,,2026-08-12,Lille / Non localisé,Studio/T1,,0,555037.0,0,554276.0,0,556375.0,0,555808.0,0,554266.0,0,553448.0,0,556890.0,0,,0,,0,555223.0,0,553957.0,0,553740.0,0,,0,555658.0,0,556120.0,0,556222.0,0,556441.0,0,557278.0,0,553782.0,0
2087,Vizzit,821.0,47.0,17.47,Appartement,2 pièce - 1 chambre - 47 m² - s,59000,Lille,50.62636490237284,3.0937456192278803,https://www.vizzit.fr/fr/property/appartement/lille/Aqqg090wd51bpr0i,,2026-08-12,Lille / Non localisé,T2,,0,552806.0,0,552037.0,0,554147.0,0,553579.0,0,552027.0,0,551206.0,0,554660.0,0,,0,,0,552993.0,0,551717.0,0,551499.0,0,,0,553432.0,0,553875.0,0,553984.0,0,554213.0,0,555041.0,0,551541.0,0
2088,Vizzit,608.0,33.0,18.42,Studio,33 m² - Studio,59000,Lille,50.6276068312699,3.0194390323288727,https://www.vizzit.fr/fr/property/appartement/lille/Ae1hydoic0chuqy8,,2026-08-12,Lille / Non localisé,Studio/T1,,0,554230.0,0,553476.0,0,555564.0,0,554998.0,0,553467.0,0,552651.0,0,556080.0,0,,0,,0,554416.0,0,553158.0,0,552943.0,0,,0,554846.0,0,555327.0,0,555421.0,0,555630.0,0,556476.0,0,552984.0,0
2089,Vizzit,440.0,16.0,27.5,Studio,16 m² - Studio,59000,Lille,50.626813131626264,3.0474456395636382,https://www.vizzit.fr/fr/property/appartement/lille/Aewfy0djim0g726l,,2026-08-12,Lille / Non localisé,Studio/T1,,0,553652.0,0,552893.0,0,554989.0,0,554422.0,0,552883.0,0,552065.0,0,555504.0,0,,0,,0,553838.0,0,552574.0,0,552358.0,0,,0,554272.0,0,554739.0,0,554838.0,0,555055.0,0,555894.0,0,552399.0,0
2090,Vizzit,913.0,37.0,24.68,Appartement,2 pièce - 1 chambre - 37 m² - s,59000,Lille,50.608010830192086,3.069507188180923,https://www.vizzit.fr/fr/property/appartement/lille/A13rfz6rucot9fob,,2026-08-12,Lille / Non localisé,T2,,0,551242.0,0,550480.0,0,552581.0,0,552014.0,0,550470.0,0,549651.0,0,553095.0,0,,0,,0,551429.0,0,550161.0,0,549944.0,0,,0,551864.0,0,552324.0,0,552426.0,0,552647.0,0,553482.0,0,549986.0,0
2091,Vizzit,400.0,17.0,23.53,Studio,17 m² - Studio,59000,Lille,50.61918898309775,3.086277277837163,https://www.vizzit.fr/fr/property/appartement/lille/Awb4r22nji0xqxvx,,2026-08-12,Lille / Non localisé,Studio/T1,,0,552159.0,0,551393.0,0,553499.0,0,552932.0,0,551383.0,0,550562.0,0,554013.0,0,,0,,0,552346.0,0,551073.0,0,550855.0,0,,0,552784.0,0,553232.0,0,553339.0,0,553565.0,0,554396.0,0,550897.0,0
2092,Vizzit,866.0,56.0,15.46,Appartement,3 pièce - 2 chambre - 56 m² - s - s,59000,Lille,50.62340998385986,3.0632554133489505,https://www.vizzit.fr/fr/property/appartement/lille/Al0sq9awxqrha7f4,,2026-08-12,Lille / Non localisé,T3,,0,553011.0,0,552248.0,0,554349.0,0,553782.0,0,552239.0,0,551420.0,0,554863.0,0,,0,,0,553197.0,0,551929.0,0,551712.0,0,,0,553632.0,0,554092.0,0,554194.0,0,554415.0,0,555251.0,0,551754.0,0
2093,Vizzit,500.0,24.0,20.83,Studio,24 m² - Studio,59000,Lille,50.6358036709244,3.0528521341741364,https://www.vizzit.fr/fr/property/appartement/lille/Aekzo3mo5qjy22t2,,2026-08-12,Lille / Non localisé,Studio/T1,,0,554527.0,0,553766.0,0,555864.0,0,555298.0,0,553756.0,0,552938.0,0,556379.0,0,,0,,0,554713.0,0,553447.0,0,553230.0,0,,0,555148.0,0,555610.0,0,555712.0,0,555930.0,0,556768.0,0,553272.0,0
2094,Vizzit,565.0,34.0,16.62,Appartement,2 pièce - 1 chambre - 34 m² - s,59000,Lille,50.62002502138865,3.050268795205358,https://www.vizzit.fr/fr/property/appartement/lille/A6n5xa9uybzqtxok,,2026-08-12,Lille / Non localisé,T2,,0,552872.0,0,552112.0,0,554208.0,0,553642.0,0,552102.0,0,551285.0,0,554724.0,0,,0,,0,553058.0,0,551793.0,0,551577.0,0,,0,553492.0,0,553958.0,0,554058.0,0,554274.0,0,555114.0,0,551619.0,0
2095,Vizzit,870.0,48.0,18.12,Appartement,2 pièce - 1 chambre - 48 m² - s,59000,Lille,50.63411944161005,3.0877734494665416,https://www.vizzit.fr/fr/property/appartement/lille/Abbnupueudc7afss,,2026-08-12,Lille / Non localisé,T2,,0,553744.0,0,552976.0,0,555085.0,0,554517.0,0,552966.0,0,552145.0,0,555599.0,0,,0,,0,553931.0,0,552656.0,0,552438.0,0,,0,554370.0,0,554815.0,0,554923.0,0,555151.0,0,555980.0,0,552480.0,0
2096,Vizzit,1320.0,64.0,20.62,Appartement,4 pièce - 3 chambre - 64 m² - s - s,59000,Lille,50.62535512083585,3.0851921787610195,https://www.vizzit.fr/fr/property/appartement/lille/Alnywgigum1ru5dm,,2026-08-12,Lille / Non localisé,Grand (T4+),,0,552843.0,0,552076.0,0,554183.0,0,553616.0,0,552066.0,0,551245.0,0,554697.0,0,,0,,0,553030.0,0,551756.0,0,551538.0,0,,0,553468.0,0,553916.0,0,554023.0,0,554249.0,0,555080.0,0,551580.0,0
2097,Vizzit,820.0,46.0,17.83,Appartement,2 pièce - 1 chambre - 46 m² - s,59000,Lille,50.631503753892346,3.08545489439547,https://www.vizzit.fr/fr/property/appartement/lille/Af6v1190uqqo0wfe,,2026-08-12,Lille / Non localisé,T2,,0,553501.0,0,552734.0,0,554842.0,0,554275.0,0,552724.0,0,551903.0,0,555356.0,0,,0,,0,553688.0,0,552414.0,0,552196.0,0,,0,554127.0,0,554573.0,0,554681.0,0,554908.0,0,555738.0,0,552238.0,0
2098,Vizzit,670.0,37.0,18.11,Appartement,2 pièce - 1 chambre - 37 m² - s,59000,Lille,50.63815432231009,3.0373926566294807,https://www.vizzit.fr/fr/property/appartement/lille/Arauw4zo9u7zzpcm,,2026-08-12,Lille / Non localisé,T2,,0,555050.0,0,554291.0,0,556386.0,0,555819.0,0,554282.0,0,553465.0,0,556901.0,0,,0,,0,555236.0,0,553973.0,0,553757.0,0,,0,555669.0,0,556138.0,0,556237.0,0,556452.0,0,557292.0,0,553798.0,0
2099,Vizzit,310.0,14.0,22.14,Studio,14 m² - Studio,59000,Lille,50.62824301886206,3.0668692189586495,https://www.vizzit.fr/fr/property/appartement/lille/Aiq5qiah8u2fej9d,,2026-08-12,Lille / Non localisé,Studio/T1,,0,553469.0,0,552706.0,0,554808.0,0,554241.0,0,552696.0,0,551877.0,0,555322.0,0,,0,,0,553656.0,0,552386.0,0,552169.0,0,,0,554092.0,0,554548.0,0,554652.0,0,554874.0,0,555708.0,0,552211.0,0
2100,Vizzit,585.0,25.0,23.4,Studio,25 m² - Studio,59000,Lille,50.62690700302045,3.0684366253791584,https://www.vizzit.fr/fr/property/appartement/lille/Anzka72forkrk70u,,2026-08-12,Lille / Non localisé,Studio/T1,,0,553298.0,0,552534.0,0,554637.0,0,554070.0,0,552525.0,0,551705.0,0,555151.0,0,,0,,0,553485.0,0,552215.0,0,551998.0,0,,0,553921.0,0,554377.0,0,554481.0,0,554703.0,0,555537.0,0,552040.0,0
2101,Vizzit,850.0,30.0,28.33,Appartement,1 pièce - 30 m²,59000,Lille,50.64713233830633,3.06520364754584,https://www.vizzit.fr/fr/property/appartement/lille/A0977916g9py71u4,,2026-08-12,Lille / Non localisé,Studio/T1,,0,555534.0,0,554770.0,0,556874.0,0,556306.0,0,554760.0,0,553940.0,0,557388.0,0,,0,,0,555721.0,0,554451.0,0,554233.0,0,,0,556158.0,0,556611.0,0,556716.0,0,556940.0,0,557773.0,0,554275.0,0
2102,Vizzit,938.0,51.0,18.39,Appartement,3 pièce - 1 chambre - 51 m² - s,59000,Lille,50.644278059098,3.0877866179824363,https://www.vizzit.fr/fr/property/appartement/lille/Aji1nxxt6xueuo6t,,2026-08-12,Lille / Non localisé,T3,,0,554840.0,0,554071.0,0,556181.0,0,555614.0,0,554061.0,0,553240.0,0,556695.0,0,,0,,0,555027.0,0,553751.0,0,553533.0,0,,0,555466.0,0,555909.0,0,556019.0,0,556247.0,0,557076.0,0,553575.0,0
2103,Vizzit,460.0,17.0,27.06,Studio,17 m² - Studio,59000,Lille,50.628674702701375,3.0498410403650253,https://www.vizzit.fr/fr/property/appartement/lille/Awfr730sas8eid4k,,2026-08-12,Lille / Non localisé,Studio/T1,,0,553811.0,0,553051.0,0,555148.0,0,554581.0,0,553041.0,0,552223.0,0,555663.0,0,,0,,0,553997.0,0,552732.0,0,552516.0,0,,0,554431.0,0,554896.0,0,554997.0,0,555214.0,0,556053.0,0,552557.0,0
2104,Vizzit,1320.0,81.0,16.3,Appartement,3 pièce - 2 chambre - 81 m² - s - s,59000,Lille,50.650806569739856,3.088045329041135,https://www.vizzit.fr/fr/property/appartement/lille/Ae3shuo70thk1y3b,,2026-08-12,Lille / Non localisé,T3,,0,555540.0,0,554771.0,0,556882.0,0,556314.0,0,554761.0,0,553939.0,0,557395.0,0,,0,,0,555727.0,0,554451.0,0,554232.0,0,,0,556167.0,0,556608.0,0,556718.0,0,556948.0,0,557775.0,0,554275.0,0
2105,Vizzit,1250.0,63.0,19.84,Appartement,2 pièce - 1 chambre - 63 m² - s,59000,Lille,50.636663000423745,3.0955639236110075,https://www.vizzit.fr/fr/property/appartement/lille/Axs0mukxf1hes4vf,,2026-08-12,Lille / Non localisé,T2,,0,553886.0,0,553116.0,0,555228.0,0,554660.0,0,553106.0,0,552284.0,0,555741.0,0,,0,,0,554073.0,0,552796.0,0,552578.0,0,,0,554513.0,0,554954.0,0,555064.0,0,555294.0,0,556121.0,0,552620.0,0
2106,Vizzit,1200.0,85.0,14.12,Appartement,3 pièce - 2 chambre - 85 m² - s - s,59000,Lille,50.63075632784296,3.0298116728506934,https://www.vizzit.fr/fr/property/appartement/lille/Aiip3d1wn9k59u3l,,2026-08-12,Lille / Non localisé,T3,,0,554386.0,0,553630.0,0,555721.0,0,555155.0,0,553620.0,0,552804.0,0,556237.0,0,,0,,0,554572.0,0,553311.0,0,553096.0,0,,0,555004.0,0,555478.0,0,555575.0,0,555787.0,0,556630.0,0,553137.0,0
2107,Vizzit,850.0,45.0,18.89,Appartement,3 pièce - 2 chambre - 45 m² - s - s,59000,Lille,50.63338509728694,3.0508064879721246,https://www.vizzit.fr/fr/property/appartement/lille/A2pgbzywogb70yt6,,2026-08-12,Lille / Non localisé,T3,,0,554302.0,0,553541.0,0,555639.0,0,555072.0,0,553531.0,0,552713.0,0,556154.0,0,,0,,0,554488.0,0,553222.0,0,553006.0,0,,0,554923.0,0,555386.0,0,555487.0,0,555705.0,0,556543.0,0,553047.0,0
2108,Vizzit,995.0,75.0,13.27,Appartement,2 pièce - 1 chambre - 75 m² - s,59000,Lille,50.63295396729041,3.044407320944495,https://www.vizzit.fr/fr/property/appartement/lille/Ajr42nxon8ar6ydm,,2026-08-12,Lille / Non localisé,T2,,0,554367.0,0,553608.0,0,555704.0,0,555137.0,0,553598.0,0,552780.0,0,556219.0,0,,0,,0,554553.0,0,553289.0,0,553073.0,0,,0,554987.0,0,555454.0,0,555553.0,0,555770.0,0,556609.0,0,553114.0,0
2109,Vizzit,730.0,36.0,20.28,Studio,36 m² - Studio,59000,Lille,50.61798826349272,3.0964314119283673,https://www.vizzit.fr/fr/property/appartement/lille/A1j64hnqi2wnbg5w,,2026-08-12,Lille / Non localisé,Studio/T1,,0,551856.0,0,551088.0,0,553197.0,0,552629.0,0,551078.0,0,550256.0,0,553711.0,0,,0,,0,552043.0,0,550768.0,0,550549.0,0,,0,552482.0,0,552926.0,0,553035.0,0,553263.0,0,554092.0,0,550592.0,0
2110,Vizzit,565.0,18.0,31.39,Studio,18 m² - Studio,59000,Lille,50.61740448021265,3.0279228567834084,https://www.vizzit.fr/fr/property/appartement/lille/Awfvqzrj5q9s2j8c,,2026-08-12,Lille / Non localisé,Studio/T1,,0,552982.0,0,552227.0,0,554316.0,0,553750.0,0,552218.0,0,551402.0,0,554832.0,0,,0,,0,553168.0,0,551909.0,0,551694.0,0,,0,553599.0,0,554077.0,0,554172.0,0,554382.0,0,555227.0,0,551735.0,0
